  
  
1.2299506665076794 0.710249460957897 -3.349999984275931
1.2299459284602055 3.540544394865376 -3.3499999297773675
2.459005328008174 2.8389194172544823 -3.349999939926258
2.4590436267027567 1.4204752223197512 -3.3499999279677106
3.6809567823450458 0.7097304788195229 -3.349999914320072
3.680994690111479 3.54108184485659 -3.3499999305975283
4.91005407414931 2.8394568130711058 -3.3499999174650306
4.910049287537769 1.4199571559201156 -3.3499999194631425
6.140000012116358 0.7102807341656141 -3.3500000779642614
6.140000015126411 3.540510221749651 -3.3499999137287184
1.2299509095325096 4.960054273562536 -3.3499999184104947
1.2299509155372597 7.8000002702069775 -3.349999927183486
2.459044317656723 7.08947362344137 -3.349999971841405
2.45904403278989 5.670528960686642 -3.3499999098215416
3.6809554868474907 4.959536581205622 -3.3499999187626415
3.680955665069942 7.800520193305533 -3.350000063956813
4.910049115473817 7.089993813570489 -3.3499999590717753
4.910049239098604 5.670008660967993 -3.3499999185780185
6.139999999203847 4.960085195493859 -3.349999892776224
6.139999991455081 7.799969076148801 -3.3499998904444994
7.369945954062981 2.839456805831763 -3.349999911766014
7.36995073971106 1.4199571620750673 -3.3499998858968025
7.369950882304456 7.089993812178185 -3.3499998948673837
7.369950724350929 5.670008679231924 -3.350000071497176
1.2299499506889886 9.219935104246968 -3.349999927734336
1.2299499459843617 12.050064859099292 -3.349999941390487
2.4590402363031396 11.34080366476974 -3.3499999251097656
2.4590402392334005 9.929196311893147 -3.3499999259160163
3.68096025367004 9.21941302451632 -3.3499999779311853
3.6809602515365003 12.050586946193238 -3.3499999221567913
4.91004964412661 11.341317060623844 -3.349999970452294
4.910049641248025 9.928682913921557 -3.350000055783706
6.139999994322938 9.219966826821969 -3.3499998910881335
6.140000005746253 12.050033132958513 -3.3499999136397287
7.369950369921415 11.341317055202216 -3.349999890756955
7.369950363749586 9.928682941384768 -3.349999891495845
9.975860539502687e-10 9.92865186943959 -3.3499999333475152
3.0207488093424753e-08 7.090025071434212 -3.350000155844527
8.599043230876681 0.7097304928763477 -3.3499998652693908
8.599005331240894 3.5410817930826446 -3.3499999907627966
9.820994663735325 2.8389194153040145 -3.3499999213951206
9.820956374550098 1.4204752279086126 -3.3499998785705443
11.050049327691948 0.7102494520584777 -3.3499999158393745
11.050054051933332 3.540544427010464 -3.350000014034804
12.279999961443352 2.8394909838107067 -3.3500002742502577
12.27999996933476 1.419926130736715 -3.350000166953244
13.509950701887275 0.7102494392808388 -3.3500000396562593
13.509945971930641 3.5405444781560536 -3.3500005135870325
8.599044566821384 4.959536548398959 -3.350000606889677
8.599044366052476 7.800520203763542 -3.349999925376188
9.820955700370376 7.089473642428093 -3.3499999222887378
9.820956004572993 5.670528952494882 -3.350000008671797
11.050049112010422 4.960054257889754 -3.3499998964287183
11.05004911949302 7.800000283031621 -3.349999859594778
12.279999984500991 7.090025041157944 -3.3499999734237838
12.280000011674462 5.669977366236543 -3.349999871621611
13.509950857317126 4.9600542333550335 -3.350000126067554
13.509950892673315 7.800000330793165 -3.3500003981697777
14.73900538053961 2.8389194128845925 -3.3499999803447467
14.739043642733742 1.4204752358567487 -3.349999872064333
15.960956757977852 0.7097304958236473 -3.349999954854087
15.960994669294172 3.541081852800445 -3.349999869251874
14.739044356605953 7.089473678446811 -3.3500007133221765
14.73904409121277 5.670528872464787 -3.3500009639322292
15.960955518481452 4.959536525151877 -3.350000065850364
15.960955699219577 7.8005202188013705 -3.3500002375084215
8.599039773584575 9.219413026348482 -3.3499998901136987
8.59903978053137 12.050586953921576 -3.349999875607208
9.8209597971341 11.340803685716704 -3.3499998886255944
9.8209597895666 9.929196318412021 -3.349999961938214
11.050050076025519 9.219935113357154 -3.3499998841137204
11.050050066360134 12.050064850369118 -3.3499998467815493
12.27999999786318 11.341348113594014 -3.349999858632403
12.279999999372697 9.928651888641268 -3.349999965840219
13.509949961495197 9.21993512091567 -3.349999969989396
13.509949933987086 12.050064850805537 -3.34999985330805
14.739040215516823 11.340803666857385 -3.34999987325006
14.739040215592325 9.929196311415042 -3.3499998586202673
15.96096024348157 9.219413028308539 -3.349999912540028
15.960960245145207 12.050586966001822 -3.3499998811744858
17.190054067930124 2.839456922899838 -3.3500002566419163
17.19004929865607 1.419957041649108 -3.3500005679177702
18.42000001043379 0.7102807109376855 -3.3499999712831183
18.420000001983514 3.5405102188953257 -3.3499999248906978
19.64994591816356 2.8394568022809934 -3.349999930201084
19.649950705106747 1.4199571671587503 -3.3499998745724713
20.87904321007641 0.7097305085528739 -3.3499998947827536
20.87900529218428 3.541081820573611 -3.350000454782923
17.190049083785787 7.089993802285044 -3.3500000897878044
17.190049237414566 5.670008652578178 -3.349999918811676
18.419999978858208 4.960085215862873 -3.349999973685903
18.420000004955956 7.7999691085380505 -3.3500000708343847
19.649950881824175 7.089993825674479 -3.349999966574466
19.649950719048093 5.67000864691784 -3.3500001589456985
20.879044546695685 4.959536579311873 -3.3500001595599835
20.87904436822118 7.80052020176504 -3.349999888981743
22.100994698893032 2.8389193923136564 -3.3500001010981317
22.10095635244057 1.420475246722531 -3.3499999310791493
23.330049306678077 0.7102493826630008 -3.350000192468893
23.33005404900374 3.5405444077574306 -3.3499999077539933
22.10095568606157 7.089473634735641 -3.3499998811380403
22.100955977978206 5.670528949961128 -3.3499998857362057
23.33004907099723 4.960054269740478 -3.349999867318594
23.330049095012313 7.800000263148013 -3.349999976956769
17.19004962422476 11.341317054139394 -3.3499999292044533
17.190049622810793 9.928682938950518 -3.3499998873432713
18.419999996904163 9.219966831193087 -3.349999882873731
18.420000024076053 12.050033169908192 -3.350000059231457
19.649950373932505 11.341317065254088 -3.349999867698561
19.649950370013162 9.928682951603067 -3.3499998605141768
20.87903975447042 9.219413018815002 -3.349999943698072
20.87903975946701 12.050586959607225 -3.349999865408094
22.100959770932327 11.340803689324728 -3.3499999176777573
22.100959782347946 9.929196323056845 -3.350000106794393
23.33005003302181 9.219935101364808 -3.350000208994879
23.330050051166495 12.050064855385594 -3.349999885407575
24.559999982203024 5.669977373840861 -3.349999883478466
24.55999999497204 7.090025078015831 -3.3499998932447097
17.06056033505786 1.9911368163371914 -0.9075388400705542
6.215752798851921 0.092617898994303 -0.6885847288504954
4.795302445705621 10.37426807193026 -0.6242030641495055
8.16423278239534 6.97478193967925 5.9668406042586595
5.9872709333049015 7.050159597457563 0.13288648326024388
6.456835739619329 9.243255152373598 1.6812607923519407
4.268480103988635 10.120307508257548 1.0372888667861202
2.8789333696579655 6.838967920206214 0.0569442348395488
3.0366879779582585 8.133338914669686 -0.11473337856837795
6.5550791391046666 10.89857208187485 1.183062020009309
7.154658792930884 9.73218113835518 0.11564828028446494
4.381015006199081 8.394756136223764 0.10681541184789589
2.2680166106499744 8.875053455099458 -0.2741192927430769
6.336020075604897 9.8957040722468 0.8164984073932324
4.952981437801107 9.766103301962769 0.26651178835901623
4.505082456786264 12.430759135079187 4.179752285802454
3.57862137308625 11.650467702148244 4.622771810396863
3.102592435074167 10.955353334972191 4.065714841079934
4.923522791863294 7.2355467055475575 0.15460080708036394
2.394544617515021 9.84148133007361 2.8373754001373053
2.349062225771724 8.79370891413531 3.7044150278485954
3.398458704622477 8.853667083661353 4.6168572097688365
4.333926693344481 6.628836100786453 3.897969027198603
4.084623068851807 6.234826298683081 0.09279406208439922
5.953381592985571 6.385607314168439 5.185288134528136
5.59339822796758 7.217923064749284 5.790071127533541
5.412075045826632 6.6870972334608165 3.748631252339867
5.6756144179811905 7.6751385061585475 3.3712435962014475
1.9466314642989864 6.296577158363081 0.0019404270199663287
5.5203923110192585 5.469717182242784 5.58748901517574
4.308909053268959 5.261401172601412 0.24192260104514363
7.694578849315385 4.186331575980565 1.7090308329782211
6.1206583848579 2.6912891714463583 2.305537932830175
5.584243436233995 5.8897157890435485 3.0256921971714057
6.6749665870981785 3.3705416155932864 1.2501298591407106
7.128825392262595 2.5334646269232364 0.2669651258397021
5.591683424469556 4.154015465225867 0.7961818188128311
1.8556945803676534 5.307847617239897 5.097313847479218
2.42319054675159 7.643967089871134 2.9745091272572277
3.8454853829021336 1.9714629634504566 2.2276133428480094
1.6157605443516074 3.948238386043532 2.6388705095731524
1.1383779756978094 8.731124980085617 4.425052108794979
6.883810781297333 2.2338594684344395 5.062161282063673
3.0024618265474006 4.281853535487129 2.831109339384623
1.3430405180454512 3.6814828444033303 1.2802202921891315
0.7441080476415881 4.968154969217123 3.0691434658829198
7.380112621296803 6.27836926314733 5.234016178605594
1.4796670580794373 2.7519896474366785 3.289555864301279
3.40631027765613 11.911142629698094 5.969021428367666
2.921393286597117 12.710151440512773 1.8591719636949455
3.3047738758232494 2.7418562637883444 5.985230814841027
1.561577383658972 2.7172951715235043 5.733723505977019
7.709439607470829 11.291883813099618 4.118988547944744
2.7308233549844334 0.3689284166075957 0.5924196572419382
4.887663927650269 12.479756175209133 3.170975448096449
7.633422228587246 4.5308676634171565 4.080164321018294
4.298458846550965 0.08653517667476608 3.4173946897182326
1.8820071223442714 12.097057521780785 0.44752957879024446
8.131444020014037 5.313679055631467 4.632957790192581
6.6011192697904075 2.386756384356211 6.1037024682651815
5.53647402108588 2.5802444988059317 6.234823954002612
0.1411683103275223 11.010834483932173 2.3071906485530516
2.1346179828369376 5.384037825004045 6.137889067180215
7.107057082414145 0.41465518348444874 1.6607665216960066
8.398809012952647 10.881285220989797 5.296193404092611
15.29933314425327 12.678497221629257 0.6833043062734323
13.090952003253987 7.642622357730299 -0.7682071066101004
9.528389758765046 0.18935518984843586 0.4963607268597847
11.509758518101211 10.339266042263244 -0.3988602211571113
8.948743571553655 9.575587649136681 5.122135910304044
9.351314731617691 1.0944656858356532 4.995929344876087
8.922105878838279 7.6840288192241735 0.01604333902772148
12.326118011810449 10.795217386845161 1.0627391580059897
10.29793296536815 4.856659831761829 4.796872287136145
11.986226062697941 11.876038873835139 -0.1443727337384504
9.423169063354946 5.462329776533528 4.9822153035574965
9.7881505325391 6.530123488614042 1.8475442905287354
9.417254975167506 1.2080993340317105 0.837255767535543
12.809753140762641 1.0540501230970016 -0.3705292873155841
11.246049387381598 2.2680534286197136 4.933016560260388
9.64523659076651 2.492301877888303 3.2164198858351165
10.28478551867327 1.6640532684925644 4.150105412797945
15.137172128001474 1.8067726860613622 0.7285139894109205
9.539941495439745 11.971771997547247 0.3078408069359495
10.07349258485057 7.079940055868721 0.5952591790663508
10.152793364102067 4.0808496833437955 1.2406910598070542
12.639969614289678 2.320628374018488 1.4020097669457754
9.691233330499372 10.712805652328752 1.5304231992702155
10.191146306758691 11.573351286809821 1.0858467399537852
10.38712703319751 5.939238246515019 -0.14528766520083392
11.49981532030517 11.072054918898466 0.407998871326376
10.299476121866453 12.671496574177036 2.0889862220705426
10.558690285901175 8.96705991178759 5.045334875630961
12.538489625173339 2.315111243499135 0.03998173713623543
11.231035520867303 2.6683712651727003 -0.36329528771041897
11.791188617949203 4.2858869925004095 2.794434266919339
13.060634011905679 4.71518380055949 3.203144727263867
13.657906721875959 5.514030370729439 2.2889671538632816
12.640747034462821 5.45409241752023 4.353135224698415
16.242466587239928 8.23519339138822 3.927615943111733
11.181194326898162 7.923659441860288 0.550015530271386
15.415622633228745 7.7205704253675425 3.438134300329864
11.457849607149702 9.144048209086735 4.6207319343873845
12.24872925478499 8.381850526474997 3.878341761920885
12.17444078091965 10.235148593153903 5.003275778848555
15.177464430984159 8.967369321515596 -0.2247339089896605
14.260404367581836 10.774139720776374 4.4209891929291
13.370012408887884 10.164129000009657 4.3824005847433884
14.747380282544748 12.403925760458295 1.9267238288362343
15.617669898671053 11.509677316567338 -0.0006457321610975342
15.068450736184346 9.490147503398916 2.430000060817884
14.449908963182555 8.662062358569628 2.7760940771088736
13.355834121584236 9.018824811099442 3.7206008272832234
15.753333765806394 7.01796225753241 2.676299046591597
15.132612847037395 7.890311599285243 -0.2905746137583187
14.07309129794307 8.13786824297911 1.8978407100433736
11.93977056833195 7.455308624013862 3.4174029013749463
14.923161566823518 7.0784375096601595 4.168372218386316
14.011613483047373 7.147868979478058 -0.49617487578396124
14.381959345178187 5.866160696907587 -0.4624912835809769
13.69090879056279 5.152454784605685 -0.6446258540052474
13.87452244088459 3.6472792878928537 3.631298236922361
13.412341565273993 3.1561250537304457 -0.5520187362170037
13.148758699945587 1.4289240351405743 3.4199737319169743
10.978041557720456 0.6589938227038901 3.4467610599883693
14.824914642600959 0.2279764651654243 4.383652425378324
9.431029687286566 11.802976013089431 5.557789828783108
11.722655960609272 10.92908933152779 5.696627585614859
15.47576451498597 0.2789298415922668 5.62513598351039
9.401661543625686 6.471748398883264 5.920659690050024
15.684802684990618 5.785378322605653 -0.19608641623490186
11.455056841722156 0.16229802909385546 -0.28972734837226954
16.097846541666296 2.9770199676082223 1.3477074523240207
16.164459860600324 6.996297112819098 -0.12779506173401733
16.02967977810326 1.5159693038247126 5.583166798223047
16.235082447129606 4.872987295747784 -0.01963586361066416
16.171537419254914 1.9313616434396168 1.0489294013739825
16.304940018542737 1.3275193491647397 1.9465252069948558
13.540614683823327 3.229804474251103 6.1766802479705865
18.174595318508448 7.077134915023598 -0.7563860399387845
20.77345749352907 3.289199177674148 6.045421451209037
22.52539937315084 9.398106154618684 2.9292420449699774
18.431591113779547 11.034629182730168 3.127543645857286
16.46033621494012 4.841047944141167 2.998987860305026
23.969045413931298 9.443770002751405 -0.22729377263519202
18.94470945824863 0.24876191383542265 2.995983045438514
17.98494343843229 6.730190194749249 0.9600797212430523
20.299075324515883 4.762999718804129 1.42114437970975
22.834432530852773 6.370917612880944 -0.35298011447918665
21.86497535678651 8.845476052473103 -0.007517740500602166
21.180209263557398 4.44009207227437 5.44304036210863
20.118828923794055 5.689581505828714 4.006889474103965
18.17270634222796 3.6034508179425573 3.6147262937789435
24.36537229422014 12.40576686444869 4.6621311981817515
19.08884443525658 1.95903648136638 5.5493496045119475
18.283601661998663 1.923583381066482 0.35824140552151773
23.681200089122044 1.7461178980599381 4.898942424436285
24.057906427285328 0.3467605069258424 1.2255807677636765
24.51211078665987 6.9041036546543255 -0.29214016909989593
17.81312003734878 5.7287458945991006 3.2796496003389675
23.541016917171312 6.9946453153700805 0.19456190085195724
23.624947478655756 1.6717834971279057 1.1209531699263087
19.673796490139022 2.8571044187225767 5.416289191149431
21.056123668068228 8.184741585007178 0.2674166328137173
16.889170129939508 5.008734465721092 4.734251983194068
17.502996046091624 9.466714512253379 -0.3798190884771324
23.103825147482844 8.390663644225294 -0.02743294562229992
21.87870778416291 2.9540004035984193 1.5606618630070979
21.733465772076954 8.622826538139444 3.7883774824688468
23.02188372299937 12.519884482878771 4.159577430814883
22.972601100090117 12.112943785727882 3.149592038647462
17.72760923848047 8.856344963368366 0.4948796754908602
23.571866684465896 6.5150658181366365 1.6633733337939616
18.52040561111498 3.4983258113287015 2.587032783139712
21.19688111174925 9.435202275510465 4.724961444727272
23.918507061680554 7.333935986721469 2.2937637652536758
20.795968322447145 3.7376239881446387 -0.430051788787561
23.072719408420603 3.472057067338032 3.5478649486608083
17.305752534458748 1.5475140080005567 0.05743763098850718
20.72275583523165 0.8078361246778674 1.8142417398556299
18.02635383200172 7.338522494853931 5.542594789654373
17.4180649402232 10.461892727515558 4.408086064808648
21.12976797067187 10.801004058457089 0.048089945047748994
17.463112632734642 11.193853195400855 3.6016714198414714
17.646304223980096 2.68767470142789 3.8837149827964144
19.140980751935984 12.260332970505337 5.820403346833976
24.24725064603529 5.673369015180628 1.8166802043069663
22.38455313826006 11.907178567197372 4.7971518868255805
19.220623940818058 11.194997071730942 5.66192184854825
21.892113767221495 10.159326622088631 -0.1167704640924383
17.37488169845448 12.621000550807906 4.125199612516001
23.216472987333436 10.534201582507883 -0.28231519015055273
20.188445564619773 4.782527020924723 4.5889596459069
19.28108766365136 3.734885038421432 4.541255663975921
23.57419689606988 11.552528375218646 -0.2443132366517209
18.73133224760546 9.107355895939044 0.8378572735067902
20.37089462076826 5.996287115476508 -0.4425506955921277
24.07879042283192 2.9483125486183113 4.329084566545108
19.98561792446102 4.773130702848128 0.042850618536821594
16.698432849387526 10.956055233317244 2.8622006913911555
17.274838138949637 4.89030902588636 3.7216634180883723
22.057468697612144 4.999471879104476 5.732712792879658
22.570583708983907 6.263089414078794 2.0127159951910367
22.559289822083127 7.691039771305648 4.4174324307002975
20.69544381901613 7.924114728962374 3.0583460559991704
17.025368408828115 9.121888432781077 1.2850976726644392
18.6402184840404 4.535672589040532 -0.22023236444811745
24.449901093204296 3.8719996565957775 5.39591442773209
17.621812541943775 7.352130380964953 0.14189492721286445
19.94036045386805 12.072540503028975 0.14714214243324975
16.390555412123017 12.700616248848302 4.586570507630533
17.30108166492514 0.06601010260527573 -0.06632058866753887
7.703799474604768 10.053127893826094 9.02500918548515
7.33748529344152 9.602368096871386 9.935519770962664
8.075432070943352 9.483655726531937 11.030773156548944
6.116223623025173 9.086313436977631 10.159811298512443
7.254029807077802 9.007105932922732 12.055206986636907
6.0540428554074595 8.70951076601168 11.517917873965885
4.368559971902889 8.111048095349519 9.442370792329324
4.9803687416728835 8.980112722012386 9.20046852953026
5.361851530153712 8.847661589892484 8.188032072129513
4.05000323373061 10.236683216423842 8.965080781687352
3.3361105842857905 10.36362567057378 9.778925299187298
3.4983535869022426 10.083295802810337 8.037581472457232
5.127118330058398 8.383172714053503 11.965929481226421
4.669087553822428 11.111727182386087 8.76726100903115
7.639447680746244 8.83839052177368 13.04988692153173
5.115611787405852 5.443166280073994 10.183126750277642
5.381017160482431 4.249355002348267 8.293270943403952
5.880527839772471 5.32290854470199 9.017236570275436
7.201514794817751 5.130487854620443 9.300872677257802
5.8083860623783075 6.481204901946432 8.309760265986286
2.192121265115596 6.502531434373506 6.939856968658676
2.4498159048670205 6.016485344989955 8.21916332652806
7.841674159567609 2.43049945623435 12.056231880629284
2.650814003619477 6.4945442362315475 9.085857886841731
2.554722844137 4.764829698070329 8.149792786579418
2.5113186762613506 7.616397060134703 10.698063310991097
2.460054882794431 11.585021364132249 12.082750087741749
2.796313547975989 4.1767604796439795 9.022838333122486
6.48694060259272 1.655258497987552 9.36258457997039
7.144706897661248 2.5046617671053046 9.473298569841438
6.269274713052012 1.0177156802916687 8.15475100674551
1.205145898937932 8.020232400049816 10.685249059542413
5.6913698880863 1.1345854660246004 10.284618548524296
3.178737659834527 12.66978723548449 12.165898641303638
0.8416320030609541 8.718835521066467 11.824769902007553
3.021025649575438 6.464712449638571 13.148934918366779
5.5748273321449755 1.4510199468012248 11.310623934556967
1.48289645964519 11.546417694945049 11.624414868640173
3.060297488075422 1.9748821504689937 8.345702357131573
7.253904769834304 5.150671477726897 12.60676911088349
1.5194363676820732 3.089090572262765 11.047136596876266
7.062436945361851 1.1842397585591693 6.916644481359771
1.474638435351323 5.742360192848492 12.71363389029752
0.36478935865296097 6.873678261514444 10.486597243776078
7.897799695201672 7.790931019773692 6.622061245814503
1.3229665693813195 2.0127498778828543 8.108925166101631
2.2745986224223156 1.8659316579811074 7.598101472419491
2.2771414804957097 4.260113123925232 6.943081210627289
4.247025081529412 12.440632067194601 13.01438052976905
2.1804807124290417 7.573573504378461 6.8015335003422805
3.080105355385916 10.65666052131183 12.872144965018906
2.6530153529240232 9.757874374759606 13.044996325058268
5.388498914480084 0.05170494394885919 8.44467121404817
0.36482557907318686 12.705620253257257 8.44707604683959
8.038039146676489 1.721695118606986 13.234202809767758
1.0402176217970578 8.782336383301292 9.581874211894094
7.250160817008027 3.203288897541966 6.420119480082472
4.98111246136908 0.12671725077444795 9.689691763899084
0.15311052003764034 2.984266842446902 10.803159964443713
2.31950934123833 0.8737791034165274 7.1489730544075405
2.3426475269917213 2.9092117799785426 6.469384736881413
8.142597786314223 1.280291715684468 7.026765231860724
1.744981190095575 12.358078449566047 8.572526142187689
8.06863593581036 5.846996922904332 10.45334062732958
2.66670603439904 11.356761134149824 6.527632850504573
6.865140505859798 0.27774843676911315 6.344414109078793
7.604138087524967 10.889532225469392 6.3895220135037825
8.259889567276204 5.516270404409354 12.462782958058675
8.557921990529522 0.5026262984553338 12.912232109546721
12.442482529828109 12.558331069376937 8.004877432610941
8.650185374500902 5.8448890662179345 11.279110454498095
9.033015117939236 9.798685595359698 11.093150155284823
14.922858579896191 0.7032005052911661 9.476495124942005
14.071292950933971 4.064857131076814 6.60965557900785
9.94839520704522 6.237628107013555 11.357809187159187
9.37196218138792 3.3729395222408156 8.363263224241987
10.648406905069917 6.516584660192161 10.584138156228937
10.484539112650962 2.701234443700108 10.433134210220253
9.94614726666417 8.29083300039076 8.841562070672799
9.66800426421499 1.3361402233128417 9.676575029089156
12.99428393944363 1.7622513410679206 9.519870026832685
11.141835340080894 3.4558183166971816 8.078064977339325
10.302622178019172 2.8066231492185976 8.327798641883584
10.21549466434851 2.1307966741824123 7.477053455565588
10.93319868466141 10.027247754720612 7.678862920791389
13.242622115340845 6.728592136389534 11.191087864877469
11.118939044904092 8.74851135810902 8.298477375103065
11.385500494386493 7.896142886786491 7.278958403817813
12.127716447214606 8.621839335037823 9.284270216243346
13.137420260927701 9.09010968133098 11.303693085613267
14.706443752809887 8.349192929009341 7.103456926195938
13.972319139972148 7.253545478969387 8.791173203328304
14.829075136950985 7.230712944662454 8.11771359967786
15.731016473747783 7.323455433922404 8.722693480779167
14.722464942485002 5.012211547473765 10.567541221786104
13.496527753166447 5.3283537885095 11.116681303535016
14.874462685828082 5.857350896424913 7.556567165392982
12.466391008790449 4.688998913438178 10.366634170241062
15.874042885538024 5.038555973143398 7.530045715150301
14.386666003724677 11.744708566859984 7.092299156335027
15.440103870822842 3.9041134970127227 6.923726821052015
15.248588138073027 9.635921503701674 10.17055372841548
13.132792974436894 2.769718365726648 9.15624186262934
10.53410418168993 1.9940682410864272 9.605149146259068
10.3638214322338 10.783130894155818 11.248930481387202
14.510048386897868 9.2410982913126 7.698464224529964
12.471113811656188 11.21664498818034 11.803562182412122
11.769490252876894 1.1895807441621358 9.709786272121226
13.736155245353459 5.281097884859147 7.04868530466684
14.948548349352226 1.7932851880854808 12.501307816267403
10.328499778228975 6.099869478899679 12.631564830655071
15.363124099964086 2.6295992531319303 11.95807146649958
16.03187690323183 3.117217865437259 6.698560342275669
10.17415133162521 6.848769320584558 6.450956542819258
12.747157437836396 5.711815086120008 7.101278358834419
15.477016479331319 0.5170162614792614 12.659443573445241
13.858672830493626 0.772242621326068 9.64720504553944
11.249302158259482 10.789617037152508 12.285019075055958
13.456014919637113 4.798189921804673 12.366690827313445
15.74334017619283 11.829693309698074 8.192685991479635
11.462243987178772 9.517120858846626 12.682107960025068
11.279892444126066 6.301698792830309 13.101157125775165
9.150506990997263 5.813876042155929 13.3326799597231
10.240486685011565 12.491964000127682 7.582068979628139
15.340542480170381 8.629111919308674 12.16768382232814
15.947545975675167 4.496829069645696 12.786211023923114
13.795202014636393 1.737977456097231 13.242266306526346
13.020107666997179 2.489917205851213 13.256941626628675
16.066334781668058 9.46323156372812 11.312754964352541
14.578883517427036 0.38925259446880606 6.653269885165597
13.83269873197551 8.177741353815017 6.474748729963044
16.26066974622018 10.64904841742225 11.95543579714354
15.559382104458896 8.700049537720036 6.52251303138959
16.262400174629356 0.10335376264399702 12.177618098298225
10.923611470061742 11.685694406066913 13.305084657556032
16.895167212057668 5.243261808074484 7.816053811184885
16.608298912059016 11.91874031529848 8.70651185321434
17.499657360862432 9.900038233805102 8.617446852590785
17.245939091802615 8.857733695131524 11.08185956366133
21.005847483393374 0.6599220622281752 10.668984114335135
16.796733169705682 6.355340113425416 11.095582141253276
17.01621513342288 2.7069970070562714 10.09246831623684
17.6533648615283 10.944812312773328 8.843767705151715
17.55781475719919 0.9161258698710677 8.90441794345131
18.131031207258918 4.459741953816767 12.93719351936645
17.77226450201765 5.923337112310844 10.927915726118758
17.88531232331211 7.619956540799416 7.691396681593307
18.29414501769899 6.9722776476714134 9.217574473939413
17.97690300909705 2.168440716122074 9.298633002356471
18.113628004468907 2.8720941252651953 8.136511674734185
18.764933687565467 7.707586313249064 6.660746778300557
18.718441703693717 11.58960206202874 9.30409564087925
18.55077747601303 6.285541829822847 9.912292904585629
18.469958734186616 5.082999209841753 11.647220998889093
23.506097804040152 1.6345516624754968 8.074056354735088
22.657833935118237 3.93865181680714 8.85384750593288
20.274426101607897 5.399698439633135 8.980037950305197
23.153991810591428 5.225026891986364 8.999907292029231
19.634807488026762 5.431200991707594 9.849690535230794
22.532308530913003 5.857669888848355 10.07896353792465
19.66822248900019 11.14659647892188 9.564983573409378
21.246176188121076 7.249455678739831 12.560684337122122
23.20860849145727 10.735950891157438 9.551312523661409
21.618122906319698 11.499806790048012 8.08624634297815
21.71320824039151 9.257573902951965 8.677385111228965
22.403471728756255 10.441690140705171 8.487219086621907
23.23086781008215 10.165067273706281 7.433616763182085
21.814232866538543 8.120878443429328 6.678054084469547
21.442007036057586 6.188064344297667 12.59939756715724
22.272596120211126 8.097507792871637 12.281417177711614
23.248569684756216 7.992884012398481 12.0434477124466
22.878001034839073 5.964682697148642 7.825419409418482
24.50806971351851 5.150547695721075 9.213354878718382
19.646319003088106 4.7736018874398 10.995887615043333
21.212523187049584 2.741747316981915 6.77179448008852
20.325595693167077 3.9772150258207795 11.26187848888923
19.205488502789617 2.0815486586013794 10.005908940616003
21.31504148247194 2.442739601771999 12.6558875987077
19.914187759989574 6.866636067577324 6.79964067262417
21.681065599247603 1.1364833415975961 7.753380654187399
20.14590125643186 8.025493661521086 12.761208571941735
24.481445188362102 3.3557689337569543 11.96302920279787
19.19298090689728 9.038819642467589 6.6765830223236255
21.770508190071013 9.288797167337789 12.159242725363704
20.477183628049445 9.362834217538948 12.489091580334774
18.83892777887216 10.329448885510809 11.823172046620064
22.45998868611717 10.0914905784796 11.94314105157057
23.594422192059827 0.47600273193027604 11.338930743190792
18.19516402256864 3.390091144672319 12.737608626257394
19.638464833487113 10.550773837469423 12.53017683100085
20.19560382124957 11.405371528678408 12.146303238863775
24.479653902060154 1.4543018427979229 8.273552035943018
23.99386323994612 12.318158441954091 6.777532394434724
20.691874610520056 12.61965422462751 7.1335073205412165
19.170387240622194 7.663350371436885 13.050387828492433
6.480503976873626 12.724741516954484 14.319818215938358
4.114310429026705 11.177152426169593 13.431791359429745
6.1723358044897605 12.304941201971134 15.277367208515818
2.257097068161005 5.757657470995653 13.472333094092837
4.9191157818228355 4.851214372583162 13.517888657577082
4.119804821027992 4.1352924092276275 13.6401904580672
2.8487119330769217 4.41953301930218 13.535965923873896
1.690416231213786 7.4207341211168245 14.659788397678717
6.904613646354061 11.974141808194592 13.652861646399435
6.217043544350345 7.021937276480005 14.013727155506881
4.269636866842721 2.8565030429996163 13.883282916159006
5.166266777000924 2.4112022982614922 14.01693190030715
2.147021917880345 3.275044866944522 13.7318688210765
1.0672050680851457 3.291807850724019 13.742572729288467
1.738589447967316 6.34026078666086 14.79527535214027
0.7137103167758093 6.058595966554874 15.036910812263303
3.048379505471314 2.274261051922494 13.95972994983187
2.970606519985798 1.2151744761199144 14.15642003035616
6.797141711090909 1.4814566742962412 13.81803717875989
4.3274872852025785 8.161831252387056 14.406018347756541
2.434944275799216 6.022183795968953 15.571172885555677
4.780249226076216 10.667840567353103 14.112619494300555
6.1511377514419125 8.857536023248574 15.46809007063026
5.198388294909452 6.905300636979205 16.09600436988188
5.5094310880649076 7.742025145692399 14.993609942123548
11.680870923396906 0.2617415250158922 14.112805974950827
8.56177644870657 6.682257278036531 15.184857056424729
8.89991306037391 2.425441703302096 14.110080107324354
8.473057357565061 4.923401254636623 15.15098087675644
12.289992875130544 0.34381123694991017 16.82907191312605
9.046060618993492 5.783177310782337 14.803774316042425
12.64434779840011 0.9544801028219172 15.998640624758245
13.6682969053358 1.2189435468841454 16.262624171958095
12.084091128863719 1.8886678043002718 15.959835944886345
13.682521149711592 0.49178305969890934 13.785014244284447
10.998470754724531 6.631565183878567 15.338728880968581
10.230185590759188 5.686243910360066 16.587315628602116
10.372722836194889 5.755446746880106 15.508893586389755
11.041165990327482 4.977527522902625 15.139941786320156
12.583987875771324 0.07962943412514091 14.695313449022343
21.437074128044596 4.120470440071876 14.164266984044293
18.854465563699595 4.6971253070657655 13.71718831181309
19.751185122881854 11.060453009614212 14.65326409462085
22.621959419724956 2.108671931921157 14.49334723689158
16.69749994135707 5.879316350356855 13.6648435007776
16.575190414867322 4.36126949330755 14.462473751107519
18.436594697807962 11.715376833429977 13.770934139190036
20.38969828645256 2.1610310453447745 14.753779440659262
18.372408013848244 10.017525409151258 14.239468978299012
16.730036010055844 4.805713865879017 13.479319622099197
21.463932605835343 2.7335702087663774 14.025830716811917
21.744012251092176 0.3284361863946343 14.556151293548787
19.030072627186243 10.80718109571761 13.876121825672476
1.2299508875852272 13.469999505816023 -3.349999940899825
1.229950352914101 16.308682956119103 -3.3499999339148423
2.459039762957747 15.599413046917933 -3.3499999453534923
2.459044341134959 14.180520433311216 -3.3499999395593894
3.6809556706601745 13.469479552501124 -3.3499999329948205
3.680959776211277 16.309196332296505 -3.3499999417829676
4.910049964733248 15.599935212017126 -3.3500003294170666
4.910049024876248 14.180000410376838 -3.3500003075776554
6.140000026286497 13.47003064339055 -3.3500001131037696
6.140000026430179 16.308651946508874 -3.3500000924474804
7.369949982921245 15.599935140842398 -3.349999977572243
7.36995093018143 14.180000478039904 -3.3499999814548653
1.2299503547606525 17.72131707012869 -3.3499999212754794
1.2299509794581858 20.560006124884165 -3.3500002209212463
2.459044365068109 19.84947980234383 -3.349999903885262
2.459039756861809 18.43058699139153 -3.349999923170314
3.680959780087332 17.720803688870898 -3.3499999371953715
3.680955694528927 20.56052637382407 -3.3499998922620833
4.9100490984074145 19.84999974232259 -3.3499999138853145
4.910050063780973 18.430064899908174 -3.349999927471594
6.140000003598176 17.72134813388925 -3.349999922157169
6.140000009048286 20.5599749638273 -3.350000034681977
1.229950838311387 21.979991429761924 -3.350000163767782
1.229945863004795 24.810544303639276 -3.3500001536513926
2.459005334337959 24.108918176551043 -3.3500000140060218
2.4590445219081514 22.69046344572002 -3.349999893777158
3.6809559727942767 21.979471047834256 -3.3499999508372724
3.68099469587306 24.811081787642124 -3.3499999250219084
4.910054067987785 24.109455669206042 -3.349999924939109
4.910049110727544 22.689945735124994 -3.3500000527972498
6.140000018021258 21.98002264615008 -3.349999903799179
6.14000001544107 24.810510169801464 -3.3499998585257282
7.369950895505282 19.8499997377816 -3.3499999524361845
7.36994994603582 18.43006489859902 -3.349999911196516
7.369945931957026 24.109455651197496 -3.3499998974524514
7.369950911249106 22.68994574968211 -3.3499998631396344
0.3539105396681283 21.230198238123055 -0.977399555671068
1.673865313023271e-08 24.109489821601485 -3.3500000154415623
8.599044343914699 13.469479555864691 -3.3499998863024762
8.599040226888512 16.309196319514275 -3.349999937943189
9.820960214903367 15.599413033046517 -3.3500001296347004
9.820955599863275 14.180520430446096 -3.3500002007458427
11.050049162671812 13.469999425883053 -3.350000191113094
11.050049675244692 16.30868296630358 -3.350000105837303
12.280000019221994 15.599966863901264 -3.3499999529919613
12.28000001794453 14.179969278742243 -3.349999941837626
13.509950886796291 13.469999501933627 -3.3499998802012776
13.509950370363955 16.308682945007615 -3.34999986298134
14.739039778907786 15.59941305080561 -3.3499998495219483
14.739044347010077 14.180520442398171 -3.349999872028416
15.960955685236968 13.469479568820091 -3.349999852057133
15.960959790720677 16.309196319878787 -3.349999862629608
8.599040232549392 17.72080368012508 -3.349999909813879
8.599044320950266 20.560526372635746 -3.3500000029777066
9.820955641199117 19.84947980082358 -3.349999894859362
9.820960249514425 18.430586974522893 -3.349999892587996
11.05004964804225 17.72131705548102 -3.3499998986230417
11.050049115341668 20.560006202746774 -3.349999886738857
12.280000007067907 19.850030935722128 -3.3499999445985598
12.280000005906532 18.430033144492707 -3.349999917872497
13.5099503553335 17.72131704194771 -3.349999901267675
13.509950897786906 20.56000620086027 -3.34999987260535
8.599044031636506 21.979471091746582 -3.3499999637959608
8.59900529668602 24.811081827102857 -3.35000027144833
9.820994684403477 24.108918205622526 -3.350000234856446
9.820955465926884 22.690463438178178 -3.349999943365327
11.050049229197288 21.979991357380225 -3.3499999176848916
11.050054061810355 24.810544356712683 -3.3500001624406153
12.280000019029295 24.109489825231687 -3.3499999198904074
12.280000009960704 22.689914818651182 -3.349999902213799
13.509950771960419 21.9799913525973 -3.3499998972982716
13.509945947878586 24.810544333131823 -3.3499998688911203
14.739044369915963 19.849479839104067 -3.3500000473813207
14.73903975789762 18.430586947081686 -3.3500003546335844
15.960959810718759 17.720803661568304 -3.3500000006786146
15.960955701818222 20.560526369179815 -3.3499998646822835
14.73900532812503 24.10891821669907 -3.349999863833416
14.739044526995503 22.690463443796638 -3.349999931878039
15.960955983958877 21.979471049676114 -3.349999850560781
15.960994647610617 24.811081763822997 -3.3499999976781347
10.585793856100038 14.032467029228512 -0.861490607300881
17.190050042749004 15.599935133514933 -3.3499999599940624
17.19004911061711 14.180000494205123 -3.349999897523851
18.420000000479053 13.470030707464868 -3.3499999224709076
18.42000000621593 16.30865189241066 -3.3499999839447714
19.649949947227242 15.599935152932305 -3.34999994874968
19.649950878117338 14.180000475578296 -3.350000083494339
20.879044332097834 13.469479550098214 -3.3499999112382084
20.87904018344576 16.309196287376817 -3.349999936538545
22.10096023817511 15.599413035320111 -3.3499998984026336
22.100955657472586 14.18052043765916 -3.3499998875850445
23.330049102828255 13.469999509434805 -3.34999986492417
23.330049647463735 16.308682934157865 -3.3499998822298704
17.190049103722536 19.849999725842537 -3.3499999101952618
17.19005005934446 18.430064895974176 -3.3499999496448263
18.420000004531985 17.721348122829394 -3.3499998778886155
18.419999995179165 20.55997493834647 -3.3499998626531244
19.649950890147377 19.849999719524604 -3.3499998696117594
19.64994993058618 18.430064886714682 -3.349999832424011
20.879040114165825 17.720803702072963 -3.3500001460839646
20.87904429695873 20.560526354908582 -3.3499998697981193
17.19005406733196 24.109455622582544 -3.3499999727479324
17.19004909053323 22.689945741822477 -3.3499998867092815
18.4200000015824 21.980022633719585 -3.349999893991243
18.419999974201108 24.810510194299997 -3.3499999791580946
19.649945908669068 24.1094557077276 -3.3500006077000046
19.649950832639067 22.689945659944872 -3.350000120645472
20.879044003787495 21.97947097234034 -3.3500000394366625
20.87900534399027 24.81108186518347 -3.3500000486978996
22.100955624646403 19.849479804338404 -3.3499999360783264
22.1009602395479 18.43058705174028 -3.3500003735026382
23.330049690384055 17.721317034891225 -3.3500000285966705
23.330049100467054 20.56000618092084 -3.349999897160889
22.10099470592862 24.10891825243718 -3.3499999912967926
22.100955522657003 22.690463418163443 -3.350000037396632
23.330049225158945 21.979991350210497 -3.3499999077387055
23.33005406395104 24.810544315544526 -3.349999952113216
24.55999999505548 19.850030911658912 -3.3499999001322465
24.55999998650258 22.68991482464961 -3.350000021931825
24.559999980068696 15.599966879807635 -3.349999989246042
21.883305736970474 17.309310367645075 -0.9301177399334704
24.559999994929267 14.179969288552492 -3.3499999195388264
20.904727416761276 23.262898876249317 -0.9477344674384391
4.27663630344799 22.426074488518427 -0.5474641046658002
5.985158221485499 20.52769572943791 -0.5952896244923167
5.748124333544478 14.299140103095814 1.4750205514941395
4.391602172911688 25.08376285219488 0.28660543038864006
2.665310664539712 23.40999454500171 2.786434912615847
6.773665340446695 23.18764986547459 1.3010855658984233
7.676085900649729 22.861515589014665 1.7967402503948038
6.186321711072519 24.358977447422895 1.2507966053912933
6.558393994812094 25.17711679657517 1.7115679381021864
6.132297653629997 22.330600235882056 0.46599255460369027
7.340248882943711 21.075134508344078 4.608187093519772
6.188334765105832 20.996133794849122 3.8360620463824056
5.038508357659913 22.973875908885283 -0.012801054769719933
5.0384028710946405 24.238879218506607 0.47159327448821675
5.110780072196718 23.24135689642146 4.37261900600054
3.3871486504852597 22.596835102446644 2.8627346054655045
6.458937724778494 20.86917862711 0.3250485814882109
3.0649442801881737 24.15459776530119 2.0979880971894582
2.4197026422186414 24.200661723151217 4.137941250259123
6.018886032836056 20.312820342152033 1.1526474987101731
4.646039689358346 19.299916263228912 4.0576041793343105
3.0956874546210957 19.309669930081238 2.0700294137758446
3.0257704651734514 19.46011945651163 0.6459498905163219
4.817823096606759 24.181770513625924 4.815561935797531
4.099409091732436 18.71816252725591 0.08881601995014976
6.116505925500476 17.79812508572824 2.9268057503478087
3.505801752095352 17.414775168199366 4.666168103654319
7.364623300990073 17.5070331955394 2.5949201868827068
7.5442238285942524 17.55940592133127 1.2603922023055303
1.8373296938948804 18.864909531050955 0.27601064447200785
3.5210313966190623 21.164303658131796 5.0114065574067626
2.8931237363778193 16.351923454412287 4.027958958322511
4.886967610624265 16.60939963676588 0.8966282033027029
7.602579720644127 16.180274754719086 2.978360144925052
2.8970448626162115 15.25498174926163 4.8313806062652445
1.9189096046124958 23.517546706765017 4.823988047488986
3.454589601080512 16.079650003977964 2.7487071268983465
3.024405583701772 20.749407295517045 0.30568142878799165
1.8043319677603602 23.08100715612633 2.204556074868086
5.727155504881325 14.933013247881183 -0.6429121739684207
5.657449663621012 15.017105881737612 4.433611126906501
1.566136388462244 16.701841103903554 3.8798041709998623
6.0202835883075965 14.20797007056491 5.067449262626546
5.972641071628668 13.843574002133725 0.18818236819447387
0.8555591534529797 18.72764026967612 2.605664155994565
6.878497442015364 13.755062038039501 4.571018708070645
4.964880010802981 13.203843522284842 5.1586442062742135
7.2011883187776515 22.15796663269953 5.469566573151256
7.210698796765113 13.36512319223594 0.1444785697722062
3.5804847100868322 24.745182969233102 4.7403793128043965
7.968572278466638 20.640154184300787 0.07421247459723612
1.7106265628526898 24.98438010550438 3.8713017722551415
5.594155758309496 24.907925277946692 5.618594617584405
7.524767159399604 19.88366217195854 5.282627263477152
6.61826874993333 24.845636598877025 5.955807756774799
0.5207309246784398 14.55968215495373 4.422911885929073
5.06078013391298 12.845291741169824 -0.07533254378526033
0.3328560185507495 13.517830925124137 4.20925553904297
0.4571402106007818 21.322971214134284 0.7889445529210626
1.4264308009115125 14.55637996379109 2.1312219825806658
0.979530791451441 13.616437549660402 1.8073568256955397
2.009108037132891 25.36686578858366 -0.5249988492549629
0.2404461453751656 23.88710618648645 0.10224958993550581
2.649544460539745 13.672222624099783 0.5525561711140092
0.39957906628374956 13.01845306561553 2.9649886517461423
2.1333588678429285 12.90700700593608 1.1322953295044358
0.19113452181084498 13.851278180160442 1.0922476030102257
8.314875192211334 21.44243748003833 -0.5773362998067599
15.007919189872712 20.339238910163523 5.975006139903698
8.208319482092898 19.679667660343583 -0.38195297327659583
8.660581272678614 25.19582690964553 3.80161254381263
8.262334789031238 13.162419342420344 2.280493497230023
10.846020081718594 24.46017132834196 5.351843236460692
8.223432400884514 18.38062639641719 3.188827804914991
13.024571436153211 13.2752667311948 5.8917179937344075
8.50404490530312 21.284042484008367 3.7776513102040177
12.48333162797732 19.230274166505627 -0.5080891507207785
10.316673390544057 18.719540305637945 0.20469872056107064
8.52934903415472 20.70211952358711 1.0068376549480484
9.174105319786204 14.843986431989501 4.065199023006211
8.82640230680636 24.60031985800564 -0.4342639838178941
9.397131238641286 16.397506283899457 -0.36442259236092234
10.070630125460871 23.242162446491037 3.5387233086167558
9.827187354205309 18.723339285990015 4.887024988918062
9.724074124738765 23.89597387332032 1.4854644556103858
11.013725116883128 13.963338887325369 3.790562749119321
10.401550906240054 16.059742271743847 -0.15596011746857874
13.42817601648038 22.722791984796565 -0.40726337572887017
10.046435612224096 24.5074455606461 0.23893800901732432
12.286920945849035 14.982342986741743 0.11262147174194936
13.130186775610802 19.02379425045013 1.1212736591424766
15.36532066163283 15.121071966269463 3.3546464881854154
9.705181285445246 16.49609898668625 5.398386029662465
10.799269519783193 18.182656017467245 1.811387682799207
14.393830866609736 15.479566734677539 3.6949244323400987
14.436900452731072 21.543858153606433 0.32842867686896815
16.025533352132108 16.16320673362383 1.0811644581315505
10.94595352634213 23.648324808749777 -0.37795726290144493
15.043466592124135 17.76092719955385 -0.23363534430920097
11.882833041785059 20.354123318449176 0.6145658280605915
15.129232176628392 23.00415204738679 -0.4376130199613293
12.252456526283602 19.33059045602933 0.552445303946264
11.95527554300641 19.584040916981145 4.119287290283059
11.954264433502688 21.772406093925603 3.495901843042697
12.736276342999272 20.751250132544428 3.9700916428253596
13.035760670176376 23.084457833151497 1.9168526192417668
13.857512705017758 24.379278725645353 1.05039105926368
13.989912202618978 23.38938978945062 1.4870720280299854
15.358649438411218 24.699229890074783 3.2043741063015716
15.082350254922595 23.586832735746032 2.5529409682534574
14.329928171348307 22.62053935511902 0.19646458545852008
16.089320315284592 22.695304191260508 2.782035680963851
16.115046637882376 21.774639317070363 2.218019417159799
13.730853026201077 20.520241782428826 3.077693491627876
13.171198909813189 21.2537934176699 5.183042380420791
11.133726056576032 18.28256998617235 0.7787909442932139
16.199807991238604 17.639765156905884 4.898908970403922
15.019114579633076 17.214217142089478 5.4285849448997165
16.10790024155315 17.4470812329304 0.5507173110514574
11.358678155764055 16.8598969784853 0.38355160866881954
13.296235106987112 16.50000864626592 1.133537277859823
12.378435745530988 16.15961712619269 0.6772720640036556
14.41267737503207 15.926317483073978 5.197217538137057
14.172486278800495 16.309628284772497 3.024026230932569
13.373451608308068 15.982751131102349 5.521138901306408
16.35529353864134 18.946981234035146 5.156446275565003
13.638662929707117 14.703018095530359 3.5732954960730234
11.004912626048782 14.929063128960825 -0.42922345536948625
13.009338971922384 14.309089815564796 -0.09937466819641472
11.548520293651414 14.485375827994025 4.570223926528367
9.701018665602499 14.148534211590881 3.5564667405315853
11.788946818718737 25.036576532917085 3.482129997363348
13.112899049581939 24.929168815743495 5.350140323830407
9.28961456664807 13.310461949753561 2.5791231090446907
11.831438887172526 25.25211724268864 4.830988230772956
14.306929472480022 13.413875927713741 0.05850459879006897
14.890260855479376 15.11680452225016 5.74921643825374
11.399556839596379 13.142267111984879 2.7828079874434875
14.509014597684143 18.278282902307527 5.999305430089569
15.219920217925203 19.37060335327434 5.782910533232571
16.363986410649552 18.340246265146998 1.6100396008162554
12.394762331916176 12.846793495503395 2.485047395568164
21.96950836403757 17.626711811504606 6.111323110589196
21.531603017066512 13.891706694600202 3.752837260701536
16.457418573920194 24.48149869683651 3.953381909125139
16.78469711114293 19.996939044192743 -0.42207844695629104
24.370889003469976 20.03157298646116 5.651564898394006
16.4641667697954 13.361999434944623 0.9403735941492353
19.353743518069784 24.041912623057538 -0.8011158265682428
20.64938713625418 17.89383956323328 5.854380493790704
16.825827003779192 17.07430927559745 4.224550132511835
19.51187852261386 21.08548670986952 5.946103380937643
21.88673416089987 25.232337737387176 2.7320103416856725
17.17061170974333 19.60016406384592 4.882569531861369
22.667877707753334 17.467006079815228 5.3031310919104655
20.235791523787718 23.744060290041002 -0.23421609683798805
18.094358033617166 15.166261707183244 4.9829646319918375
19.51444884074261 23.860106256572852 1.7425065534667017
17.494295532789472 22.585277489949647 -0.3758961164554031
17.17006959792362 17.443067663363923 -0.27501248823224245
16.945181731948928 25.18157522124216 4.49382613537292
23.82867354756904 22.629358037924916 3.247703054203125
19.975494494267373 13.649979345516495 1.7980161700814878
21.550074058665377 22.045114074760534 5.923997793736895
20.480061570553325 13.274850734955104 0.5768990704712929
23.78531213756865 14.566156958385035 0.31129895237684946
18.621474779982606 18.825413252471275 1.0262307226784828
21.835734922177906 13.202104608703499 0.6491766021982459
20.145753720787813 20.454912417495922 2.1392204344103605
18.076907483197754 15.050927734354046 0.5017902991213996
22.536792804385936 13.936866804466764 4.171948291675046
23.625119928401087 24.2417860610989 1.815716776402705
16.863500905950517 24.944573133056185 -0.35855949148753785
22.25760961726931 16.194511901937123 1.1053654456080364
21.180445450076142 20.223619996296957 4.681138590094255
18.29910026274229 13.02441262877009 5.153771499065848
22.426525940059435 14.270510594592421 5.203754009837151
22.252364958007043 17.937532853478167 -0.11941939913522992
19.9427227229247 23.10938532063424 1.0783532885836467
21.457619914700604 18.624292540439246 0.1718561551694875
24.169903531061596 21.72265411149968 3.725039506105748
19.38488230176826 20.692287436290417 1.410435291743588
20.608418001128786 21.39199503418632 5.139621365831218
19.8952731979126 24.957380305715734 4.228435673350193
22.61396121733125 24.435128612978612 2.6873066463627335
20.884581951431365 22.776849798002242 1.5147262026563013
23.90164953973477 24.840566710235635 0.9605015354881263
19.61842218285558 16.956942290678402 1.233888871343295
24.212486244672952 16.607003737815393 0.4643633441526007
16.98513640300197 23.254129506989894 3.575278001986658
22.90723656473943 17.04673710107861 0.9058734913999211
19.103561358204697 21.87474774289677 0.9260205120993958
23.145804072619658 14.597189023304994 3.5545506541767313
23.060738195578633 17.576037155627656 1.8462876033720776
20.199735620988992 17.877670084995458 4.950139340774661
22.19274371012721 23.182249647704353 4.384093733210593
18.341338411511693 15.971491941150923 2.8811358606651503
18.58154923922146 14.32376685496127 5.451202982975123
17.59820200489201 20.492783267703746 0.08659462501812043
17.98806433877567 21.753034846621546 0.10365007420113259
18.567082978863144 19.816113182141823 0.8374049260883731
20.800917711606452 24.66828618282945 -0.11363877271303946
17.896598516696745 22.910035983273602 4.041364326978487
20.633706022353287 16.292772738922114 3.2431664546015604
24.512540780663198 15.34259195347804 0.12505395428140442
19.45486758793836 16.738415039588165 2.629739338817557
20.219284783579322 22.104461592180918 4.0425156024263345
20.09317292284621 14.266081821517771 -0.30555182331318154
19.226632994889037 18.000424779403577 3.1466908816050774
22.80346995494407 23.454022953516432 3.6269591849395235
17.389301918561156 13.277786917483581 3.255415888802048
22.93282747210845 18.672831084841423 -0.5488460843083298
24.424448593632963 23.198944472327888 2.22247896305905
16.738753795950725 22.1267946580049 6.171231091981436
7.3243765553173805 24.009855330775395 9.509231739837524
7.546349852663104 23.08598117792057 8.540772049989398
6.647235782013758 22.58686358279143 8.210809151781607
6.036801605840387 24.315153917533824 10.120486931758242
1.144262967394651 18.737848916667346 8.512918754757017
5.519680902850773 19.984654612108155 7.561657913784751
4.31104600592082 20.623979158918164 9.694752590547516
5.234046330838121 20.06518302724129 9.647664550908386
5.895587527884433 19.77553356169106 8.475475508030609
5.8263952340377285 19.535541668239347 11.668973487933913
5.990900960703195 19.565486691584834 10.601995905432277
7.156387196950433 19.05530122742207 10.020788241684969
7.027709838980002 19.211971592808855 8.688874379985386
4.852986464507788 16.591397224187425 9.069846957956809
4.193712818261435 15.86520699862028 9.545353020847152
2.9709779108152037 15.64383042578146 8.678139290370726
3.175142157738981 15.261876504865434 7.6778752438367235
7.503962456815001 14.986079771580204 10.091230676421265
7.182186226378929 16.764249749329704 11.550248269425726
3.0745601899634485 20.567262848816043 12.645131587887676
2.389282150026768 14.890936549014725 9.210004736155529
3.94545634303776 16.11170895750321 10.577683155459942
4.7082256522999755 14.90847480793162 9.635019397025754
2.7863090541574906 18.174256982661657 9.898746844260778
2.0563079637202426 16.764922298289605 8.46787736553724
2.129267658879082 18.002473675804104 9.05899265373671
2.553696949893624 21.399606899943795 11.710237826656265
7.611887714180552 13.590525019466345 10.11184624404541
1.560463584618688 23.753199372126158 8.985314255407884
1.1353921359021548 16.80235081534278 7.533086234613685
3.1244334910348424 19.286785385426008 12.13109927394989
5.698639727059898 15.275427137409697 6.93475936689345
5.4377523989277075 24.825457900771024 9.36627880888651
0.6522113757570688 22.516342164197475 6.69875649821721
0.6504294560300182 14.583573972791163 12.578670377646974
1.0695334464527149 15.895722950985158 12.56817094461874
4.1871511702551745 21.77989569364483 7.106274983388705
6.348423373638135 13.033583166827569 9.68660742775735
5.750815676480312 13.92752054797958 12.737691117540841
0.5920989866227651 23.328654173426802 8.76524294933022
2.185635248647036 20.771207129932304 6.829526410417221
0.7928252592458579 16.497814233967134 11.336328915903643
6.702864477211727 13.945518719205625 7.062836847423807
6.485541706367613 14.765803866994126 6.378729334174462
7.412291356228446 15.339588898405225 6.38114268602934
4.063183640996284 19.59014408922869 6.564682872460185
3.4609325799548323 20.818422760383196 6.363557579771072
4.482497971682881 23.461804191212213 11.328158465280431
5.230621986791255 23.143729602622383 10.602046205195112
3.005958310387632 13.636186822393151 11.715766288689677
0.132130351037567 22.763862133747004 7.612348087739681
4.36414851162731 21.01546243598013 12.953843881689336
4.717214263156751 22.6164070208169 9.79802916296656
0.974444065793052 18.823504950123972 12.966514479710959
7.884337363291086 13.14697267313174 11.366994584333758
0.904900948154451 15.94687201283523 6.915486177211667
0.6498789331726053 23.42921862908082 11.490310527348798
7.492417546042022 18.012680593508318 12.683811216694806
4.543308650758014 13.049964496047881 7.345676247950577
5.952164890422979 22.501964366927734 11.107628266337121
2.416866457622301 16.002700357839934 12.867302923469785
0.5294467426344206 17.981138534447627 7.547200846899606
0.8985883947653875 19.74802157793507 8.805485326673567
0.03238415103796572 13.865981023871873 7.73144863165269
6.1674523160907375 24.997790302353376 10.960152316445525
7.654284555081804 18.890767680067754 7.8699530335361505
7.954587152426237 17.467968981905532 11.860532093178916
4.303544218235254 12.798130010359094 6.323183016158911
8.514886515835276 24.540384252962138 9.750496127220122
8.572016498980267 13.16374877123975 9.250045714550893
12.16618500419476 13.494329897894511 12.494116973850605
8.843817538034713 23.044401727646072 8.236055999934045
8.308075008584295 18.47495976297734 10.766438606396587
8.929004191112783 17.972614651801234 10.02468639676835
8.901295323316097 19.273612434595425 11.211796405199154
9.41862491152639 24.063542656351384 8.957404977370672
9.287790791579859 22.49416883379975 7.4196421876738246
9.359160834916695 16.841646570221258 7.553652951944166
14.487690896725725 15.678872748883432 11.751860775791702
14.122411518116493 14.897410119236318 11.085537180004003
10.13084793377157 20.364017251297597 9.105158828522748
10.400044251168021 24.298633831830863 8.916806710761875
10.349209643699997 19.987857918241044 6.830194643732602
9.907237353297225 13.639628081045464 11.458730171225357
10.982250792982205 20.425231402331242 8.034608488931521
10.682526690935292 14.222204704487641 11.176540658992936
9.797767818060581 15.433339739108229 9.641911867713533
11.955606325008237 15.633509464472557 10.058799274574719
15.078596636839288 17.30426858324072 8.865534766409906
11.472076940432785 21.722016435275062 7.866738220520305
14.868759132246824 21.674137385376294 7.373110385439578
13.959783389494385 24.685599135378997 9.631971738617484
12.832332356280613 21.845211447513996 9.814514687414892
12.035474384600537 25.266944786715992 10.799989986556538
13.712396991941207 21.419319220818835 10.273319709552128
12.986257389247704 23.10623249500892 6.803739202551949
15.658046387499477 21.24030262258244 11.278670924642793
14.62422776033322 22.09201835692229 11.018589602729032
15.252624029062861 23.6729650252287 6.608630883723128
14.249009796399719 20.20896221895211 9.9686611778853
14.682831821221255 23.10861102660114 11.378457506375607
15.384691318394195 20.10844009223286 10.636387543995886
13.735454031673365 19.51196144937608 9.448516578992038
12.117565505239359 19.686617265930373 8.216025185752384
16.01637298332684 19.237452997184064 10.542793983364408
12.376677888524075 16.39067228740911 9.413971236990244
10.716395946738675 15.206429260226235 10.162521122359768
12.690249455222459 14.876220747813838 10.973429707513837
11.443105418648045 16.785066809819526 6.658251524251465
11.8401195379949 14.173342733812838 11.72015128958093
14.12429512166418 13.965211742348473 7.772992778525447
12.673180804173303 25.23809715501681 9.553289767473913
14.48218137823298 15.120856630655117 10.081178028830045
8.661598980018907 25.320455384694366 10.48286521610278
11.962223602982043 24.444562299221094 8.702043559342663
15.890526547138883 22.580400636092346 7.15791692204501
8.838316177695116 16.957740788345276 12.243664185999243
14.810613577011859 13.627523813575053 11.627453235905172
15.874038171428973 13.708634159852727 11.40239936700795
14.66180990854536 13.426135504148908 12.688302055273246
10.200453626151505 16.191721408448775 6.645062562482062
10.164108733591911 14.760870293753102 6.8218339310534475
14.43776935156599 12.823671510458164 10.99270237236074
16.086043173435012 25.145478582819514 8.650079466966876
13.501620536576226 12.86613211058285 7.174057146340692
13.568205396845547 18.204378738815677 6.5244875150541235
18.357294152890336 12.964298371833964 9.44941070534309
17.666135632868258 19.49553258630569 12.554702771913199
24.492002062049192 15.209490012762988 7.369929810029442
24.353705259237675 19.892546667466014 8.809904244244185
22.035345962347527 24.91430866657183 11.5827723211445
22.698230754392565 25.15002597469957 10.750233370898362
17.124701295949386 13.074683133284916 9.059792723123273
19.044326087173417 14.959874371590603 9.302367836852813
18.195756728590418 19.97456489907103 11.061658813471047
20.29955074150304 13.761179179052439 9.60259123074898
16.677680948874418 22.925202968112426 8.271852067642824
19.956197134997076 13.025800694494455 6.573218379864213
19.609182559301015 14.329618149884253 6.303938214378503
22.469586113910264 13.088022014853443 12.204254542254175
19.617340345775364 24.55355871343984 6.377071796448767
19.84729710731217 15.11064237400878 11.776669847095606
16.44129210037462 17.076193444264437 8.795692617789761
16.90191263994378 21.55715091289022 11.85220497423876
17.382332362305885 22.23076689710291 11.142600579840096
16.85511021191566 16.517339628513962 10.014487050166995
16.477064861423646 13.928446642011439 8.925424125774082
17.18910193433924 18.26047878909625 8.495452979849007
16.69131349496644 22.123701288286256 12.759270943417208
16.741934869220138 16.14003210149113 7.749960019326966
19.292587317420768 13.392180105673596 11.903327869977657
23.243752598378293 14.20504686359266 12.665744485016456
19.660000243903312 18.779979185347663 9.508971593994193
20.325744340431743 23.347183704515228 9.79956807264947
20.834898482480455 16.29121746747513 9.875801262396244
22.021918959709755 17.338784751451726 10.766661899007087
23.809602330378457 13.523582282881337 8.736266193768262
20.71942680908243 22.054859116014928 9.738755151823382
21.998133734398618 21.931748155126336 9.082403815928393
23.242258178372374 21.23694409870336 7.241502281919008
22.157569754775533 24.94658785455418 9.825896519406811
22.16719184025013 17.87654272629046 7.418596488831103
21.331618433105323 19.297740205167933 9.709494260213944
18.871640909900574 22.71429613679913 7.472057844001357
19.765284432846762 21.31009565528948 9.018931019338078
22.205650169338625 14.902656176014416 7.769379035525614
19.00158639212242 18.16327909417149 7.1215284195625275
20.735097599470404 21.53355047241934 11.039810806876192
23.53074268771342 14.860445400945853 8.343756920518329
20.69822225672988 18.46665417461195 9.399324477836423
20.072374024127257 18.16536040405621 6.980782139688268
23.68172807447262 15.610363092149473 9.475443262021567
23.089022072058974 17.84935968733476 7.980637507060896
21.028516177945626 17.26574072376584 10.324038488696184
20.381443781988963 17.28874465352541 11.200889749549518
20.949886323851363 18.21116318895606 7.955229654172825
23.034551817502674 22.39622234552724 11.675124402566233
24.43164025649666 14.261036048210029 11.964744052105237
18.134675599756466 14.706315717476215 11.612578230350442
19.148047467288738 14.356336708321734 11.415875023657016
18.768708956040374 20.868820204689484 12.486540057435423
20.05246010789198 15.193190621182406 6.777380504362145
17.898443920538906 20.413139519963007 12.014211907121044
22.659234922035054 15.413855797848608 12.454842741766694
23.877889481974755 22.95309586904421 11.294239298514308
19.271747104237328 14.037880520578355 9.837444485573197
24.384042560698905 24.68040194612192 6.8311380295192725
23.886702473630155 24.261960526670826 10.92360266171246
18.164190658262743 24.916055587546996 10.098567538417148
23.756881391069307 23.376950699401913 6.79296489126995
0.3381562366925777 16.64803836523097 13.498652359354729
5.3076853560957575 13.37308620717802 13.564938409089441
2.292817101988518 20.516802684737215 13.790295102400243
4.8741539094484265 14.095840077965667 14.256152795091284
7.3125803710187425 13.384608762756443 14.56542784978147
23.59472532106497 13.970580080273812 13.981151961368996
1.2299508509353279 26.230054221582183 -3.3500003332909314
1.229950921860213 29.07000029375492 -3.350000107272617
2.4590443458080165 28.35947366551555 -3.3499999466764887
2.4590440855389315 26.94052896165758 -3.350000122482496
3.6809555006483423 26.22953657104652 -3.34999990665552
3.6809556466849584 29.070520206324915 -3.3499998594232903
4.910049129092698 28.359993813199306 -3.3499998464581093
4.91004923185463 26.940008664354785 -3.349999883939685
6.139999956636712 26.230085129694015 -3.3500003184033975
6.139999994030229 29.06996907593609 -3.34999987754917
1.229949960386136 30.489935130238987 -3.3499999955800295
1.2299499117619856 33.32006490743873 -3.3499999898611765
2.459040211386843 32.61080365875879 -3.3500006300867744
2.459040209805946 31.199196277518897 -3.350000036653835
3.680960248497242 30.4894130063165 -3.349999986431035
3.680960276195427 33.32058702311738 -3.350000056522162
4.910049646310797 32.611317076067536 -3.3500001233129995
4.910049650523106 31.198682903034605 -3.3500000320204135
6.140000003458234 30.489966819795534 -3.349999837775882
6.140000005782348 33.32003316209964 -3.349999888833206
7.369950886377433 28.359993819272358 -3.3500001654238254
7.369950860640263 26.940008653103583 -3.3500003346907437
7.369950364187763 32.61131705090715 -3.349999896890503
7.369950363664577 31.198682930863995 -3.3499998586003175
1.2299509131332524 34.739999741445175 -3.349999906838841
1.2299508941400548 37.57994574973303 -3.3500000370485616
2.4590440548763546 36.86947104441803 -3.350000065164207
2.459044331497196 35.45052638702525 -3.3499999175996766
3.6809556280974784 34.73947981221939 -3.349999859195427
3.6809554410866325 37.58046343302359 -3.350000024041254
4.910049095469196 36.86999141355267 -3.3500003269993526
4.910048976754835 35.45000612662772 -3.3500002287054964
6.1400000110637 34.74003086486228 -3.350000026541786
6.1400000016133545 37.579914883301655 -3.350000129121616
7.369950792368563 36.86999135593783 -3.349999972435458
7.369950920668655 35.45000617649226 -3.34999993812366
2.1692943347204444e-09 32.61134811056506 -3.349999891071204
7.503687014901553e-09 35.44997495464835 -3.3499998985206894
1.1060351286302027e-08 36.87002265918346 -3.3499999230173225
5.7859006271588465 36.093003593441296 -0.9980404684091382
2.1819285977253725e-09 31.198651872961808 -3.3499999004411354
8.599044519646649 26.22953656871634 -3.349999865107076
8.599044358547713 29.070520214567253 -3.349999940431302
9.820955665718946 28.359473630562142 -3.3499998769093677
9.820955951048202 26.94052893123724 -3.3499998541387424
11.050049071558385 26.23005425322068 -3.3499999291579674
11.05004907997708 29.070000275609512 -3.3499999288771063
12.279999990026978 28.360025049040072 -3.3499999536046046
12.279999994752034 26.93997734290684 -3.349999898580387
13.509950917560017 26.230054237192075 -3.349999877773561
13.50995091078034 29.0700002817938 -3.349999942423072
8.599039756326118 30.48941301990552 -3.349999862373698
8.599039704665906 33.32058699514025 -3.3500001736783913
9.820959818454403 32.610803569238946 -3.350000428940475
9.82095977188501 31.199196331480948 -3.3499999638861966
11.050050069758043 30.489935139597005 -3.350000054683817
11.050050091961282 33.32006483014417 -3.3500004297997044
12.279999975114416 32.61134803056434 -3.350000356912047
12.279999995590524 31.198651903695758 -3.3499998871014602
13.509949934984421 30.48993514584265 -3.3499998916750515
13.509950017148292 33.32006481132913 -3.3500003362004582
14.73904432422501 28.359473629809134 -3.3499999095481736
14.739044008414027 26.940528937464446 -3.3499999995198957
15.96095549726062 26.2295365280122 -3.350000320730838
15.960955658694482 29.070520203617097 -3.349999893835421
14.739040215634107 32.610803688541246 -3.3499998587077284
14.739040214462413 31.199196352958385 -3.3499998878926496
15.960960253775673 30.48941303089883 -3.3499999261992555
15.960960217541986 33.320586989120095 -3.3499999084024212
8.599044360509762 34.73947979272288 -3.3499999580928863
8.599044514818912 37.580463426578085 -3.349999892229979
9.820955993881373 36.869471033352625 -3.3499999037483708
9.820955720958029 35.45052635223274 -3.3499999838943593
11.050049100833442 34.73999978483958 -3.350000205042405
11.050049110682046 37.57994570786051 -3.3499998776605446
12.280000013206923 36.87002262108126 -3.349999888843832
12.279999960875926 35.44997498841883 -3.350000175785178
13.509950884625797 34.73999979148282 -3.3500008334510656
13.509950896717966 37.57994570991792 -3.34999993336352
14.739044022597499 36.86947101738695 -3.3499999370306788
14.73904435011615 35.45052645010079 -3.350000135189993
15.96095564837769 34.739479811653865 -3.349999889201132
15.96095548289292 37.58046342391895 -3.3499999103758835
9.823847314069692 33.528178774255544 -0.9211416805334272
14.54917704739495 34.34034852952283 -0.9337134542814629
17.19004913111599 28.359993806372223 -3.3499998868996994
17.190049251610304 26.940008659041897 -3.350000048663059
18.420000011360433 26.23008517147511 -3.3499999930858393
18.419999972465078 29.069969043853032 -3.3500000744203673
19.649950860489508 28.35999380372999 -3.3500001077406494
19.649950692308646 26.940008617293962 -3.350000161619926
20.879044504490523 26.22953648450356 -3.350000085279988
20.879044378577518 29.07052020976784 -3.3500001411524316
17.19004964559554 32.611317049526484 -3.350000021669536
17.190049651495055 31.198682943332106 -3.3499998874973
18.419999938472316 30.489966844686684 -3.3500001360699083
18.420000013014672 33.32003316131316 -3.349999867384237
19.6499503658514 32.611317074826054 -3.3499999204296502
19.649950392942664 31.19868298259281 -3.350000456505496
20.87903978873212 30.489413022659598 -3.350000140378059
20.879039751269705 33.320586966689945 -3.3499998607117853
22.100955549249004 28.35947375163007 -3.3500004046534726
22.1009558192325 26.94052895627413 -3.3500008115374613
23.3300492250485 26.2300541951111 -3.350000899948038
23.330049100839915 29.070000377724682 -3.3500001172980354
22.10095976122702 32.61080366543273 -3.3499998705894782
22.10095977174839 31.199196323331115 -3.3499999233501243
23.33005003558634 30.48993511290601 -3.34999987045438
23.330050028885644 33.32006486397891 -3.350000009476255
17.190049205859403 36.86999133911822 -3.350000005491375
17.1900491027033 35.45000618984577 -3.349999851123786
18.419999993118672 34.740030928194116 -3.3499998746244684
18.420000009686426 37.579914813268296 -3.3499999028274994
19.649950756009744 36.869991361637645 -3.349999940196342
19.64995087941445 35.45000617884444 -3.3499999626005517
20.87904434874391 34.739479789255704 -3.349999862302846
20.879044510580655 37.580463436185305 -3.3499998627044802
22.100955978284976 36.869471056959966 -3.3499998696787046
22.100955680278894 35.45052636733058 -3.3499998784252725
23.3300490912625 34.73999974977139 -3.3499999407501746
23.33004909856778 37.57994574277934 -3.3499999289779305
24.559999948711024 31.198651872123282 -3.350000070879852
23.041014783904647 27.88436503212565 -1.002169426660252
24.559999996661112 32.61134811754383 -3.34999995543221
20.568216956136585 27.33256278220336 -0.9117244963834603
5.692001455198094 29.50398606242615 5.690690764397425
6.856567824273602 26.69477283858882 -0.6587736919956122
0.7745821688940242 36.84517944985168 3.5779943219865307
6.29719366454909 37.36785684825471 4.8310462399712755
4.6758980247822555 37.66098939953919 0.024215724593141807
3.6704441242106967 25.946073185912574 5.341263940915596
7.699647085970867 27.113506020177446 4.621604165468474
1.64204833248421 28.028464215402153 3.855634562922937
4.5953395803382975 27.6970940994124 0.456079247033393
2.5035431361643576 32.70389572554824 -0.5456345997701562
2.2901249738597524 29.626181667927746 2.51604605137001
7.621481909577242 28.616848041597454 -0.025931615336854952
7.037416956669954 29.677772383140656 0.6085366524121638
6.550414695966916 30.143506138527293 5.547370212997249
7.6845219903123345 29.60510549337855 5.165480750753452
3.098577228079021 30.546052662423474 -0.18042955529551818
3.4615395905429605 31.899918371789127 0.03616610445019597
7.910740978815826 34.795486942272674 0.03847922530817005
6.482829553825615 34.238185227433476 4.030455666660383
4.932862240021588 35.30969679727442 5.150531722545908
5.188634878491397 34.675018840765716 3.988168726273731
3.98322499763765 34.915719165701155 0.6839383205340976
5.054902164747 35.57534979406701 2.9896666611445877
3.4163945113792398 36.916842159727885 0.17574650989138463
3.241674840608075 35.63645373894812 0.37241779218023185
4.285614895804232 33.55877864606951 3.8654973346434285
4.747995331490661 32.201708983951924 -0.347408125987696
7.495888921751885 32.83018042830821 2.055049281619797
3.379391042864924 32.09607939867999 1.3703141065466218
5.995265829495925 32.06535847396944 1.8525911532872674
7.0440304820189334 31.838312403961726 2.044014207674958
7.123661572935807 31.36067784512674 3.020551005618586
7.7412409931815915 30.975444250836507 0.9745978598216787
2.434751591452839 30.125793974843454 4.680440501383122
2.8567905319121 37.195865038867396 4.09466761852952
5.111054945578611 29.92433385254765 1.4536597123788997
2.5522833078286125 29.0643194701317 3.745783185191134
5.818701912650137 29.31776243745569 0.9080344852271671
3.8533519505452314 28.564286712268448 3.7534558130443587
7.815905063983111 28.643675595526773 4.885318227189536
5.5118631882085936 28.12124952683401 0.4427882831276819
6.707222753204628 27.641444508084724 -0.16086928347237128
2.4059454459575194 32.269287017390475 3.4832016341983096
2.1813028741996674 37.43859473245289 -0.15934641540912842
1.9649166279728858 35.28234110561424 0.07703479964934035
1.8285928112913794 26.568715412509224 0.09474763196968938
3.010470099140217 27.163610714711016 0.38558573108519845
3.7985087955810646 37.600974290770395 4.434451677039426
1.725205752607436 34.30210671984432 0.034853699702429575
2.3438951693282086 36.1678298043686 4.822797680168337
1.077838816939276 27.491041115911607 -0.6168574064702526
1.1342330991622618 26.28841010089929 1.2938102825329978
1.2058721575897324 29.528923024373242 0.4735156549675146
7.0323935822132775 38.14317414119817 4.615490733280458
5.955985966005969 36.772142710572155 -0.16261181360028187
6.000044416980428 36.1922518655259 0.7592805124286883
1.8508950824135615 37.62999756755933 3.3066028240298473
1.2589758189741724 36.421292476520605 -0.22991686360546715
1.0896813232720788 32.80322625926807 5.291756300093542
2.8428673551986625 35.75004262697775 5.5951840033081535
0.6722655029452559 33.54010944410947 2.503753820880906
1.0976483814779425 35.90522807503874 4.4470392279198165
0.47345932799628787 26.26164354559648 6.1319840656616424
2.880741115127163 26.67967062640973 5.273411506660085
6.877532437725167 37.33862130656589 -0.2966047274170047
4.847814522651125 26.0400816707025 5.963363040373584
0.4067997075417842 31.59998689451221 1.449810417047046
7.183194864541655 26.466450036257147 2.5997310223574477
0.2092248172724925 36.43892765307816 -0.4831200132206659
0.4336137529674067 35.15838007848421 4.8565219286975445
7.737993051072507 31.529836648350283 0.03612115756690071
8.107560473379193 31.69499016717911 5.657763091790956
6.773583783466175 31.4153427475478 5.869734513402665
4.964827858170492 38.23368839361219 0.9054849308412727
5.96440713623107 33.253587146537406 6.195861334046457
8.205243606895683 26.489198553835568 3.4777921741163667
8.24697616087221 36.86484405521836 3.290458133761339
15.579520094597926 28.36470975495482 6.054517469707284
8.294269457749564 37.38979772850559 4.244547744334685
8.496463805389684 36.62963714873179 4.999116057241527
10.623698142578982 25.762933539565566 0.5312775916135593
9.10773157991881 35.88004935925339 -0.6002434063368023
11.508251229483937 26.584894692711934 4.989005863688851
8.653787482216483 30.59788766337209 5.233261833888968
8.93075506787742 35.149151975241885 0.18878658573730722
9.16655600793012 38.042786574860756 4.273213769221772
8.779500349474974 30.778455266978874 1.241642518186229
9.084423490592247 35.51726588945676 1.2031721939746154
8.623498932543297 28.61584136318335 -0.4288718991909346
9.148169336427559 27.304396509335632 2.9081001884380573
9.687707143807852 30.47029526226926 4.948428000374711
10.041954367322218 33.25733296327801 3.579241628075871
9.857599087683123 33.37796681823574 0.8335350333358982
9.99160903625589 34.07528555508613 0.006559874553896394
13.611456065002411 27.878649581611846 2.2763002590920154
11.266249080693651 36.63120149626348 0.624573693276711
12.300218518625252 33.53883347052627 3.831317291963675
13.939022174716186 28.74891714042283 3.3076728309833703
12.4947425050717 29.188776355315344 -0.1386280936881934
14.707692477540078 29.76465466196303 2.6483247554349054
11.648066959213 30.079739175248292 0.5022710653760531
11.363016756103617 34.60449114283387 -0.01573105976223954
14.717313742512685 31.776760042881776 5.004987494466745
10.940345727717329 33.79054375377134 5.620619303303117
11.023533226271288 33.99464266467107 4.265843657735919
12.443029065062975 32.7979568332655 -0.734832715510485
11.82647800598877 35.78801831694925 0.24829497012787805
11.440719140474325 37.77445570693453 3.2981767504277415
12.458176869938052 33.83537800896163 -0.43495299231321005
10.832790412053093 35.41476004670255 4.016994178786924
13.589166650520596 34.60480183928329 -0.5155693584213306
13.644517816101828 36.68460719501831 -0.2872177641280349
13.117610505708361 35.83169389633024 -0.16471228790248094
14.683157875892604 38.017439057786845 -0.4014160090399621
13.768098987902405 31.998433635107155 2.922332621596593
12.400367443566504 31.164890844641373 1.0130285007278328
10.678464501082612 30.59660873174181 -0.30419605278152684
15.40863685038032 32.61278684962594 1.3249336521072386
11.021096648802652 29.38819375205716 1.5081675659828997
14.679541889904343 28.918426833343197 0.4205009311639074
12.887062730593788 29.325556601852742 3.930356639039129
14.689757207806505 28.062769771952343 4.281423118368607
13.70724897797478 36.817576174081395 4.835060232046077
13.239771265546166 35.99163666119288 4.298973941741354
14.746549351789398 36.87862073136474 4.512216157871068
11.32180560867719 27.159110622487564 2.1756916388307888
13.252650743412064 38.18578508807854 4.393779928903081
8.571181939370005 32.65755738977849 5.815622137593016
13.635610130806986 29.81476112103048 6.105584518538328
15.596243210391153 31.970489234951632 6.108326968287274
14.820368695572467 37.85326317939754 1.8154194257306855
16.031672096660188 27.153384452362772 -0.2955585607719424
15.841800447183653 30.937380906278815 -0.056627258703126904
14.771886319009896 25.60573882672762 3.223098142097677
19.672310844478446 31.11733224781326 5.768358790346926
19.521205152388156 25.54776615435209 5.398877413802616
16.43219990395701 31.957955535401187 0.69305173375109
17.552164308903794 37.06729489436127 -0.6310463130252297
22.051594186466932 27.568367048442898 3.234243787433584
20.34331247266309 26.60459616366627 5.707698102517883
22.509901074715245 27.600928860018154 -0.09349887887439179
17.32556856693665 34.38127172145886 2.2872081937309208
20.99862600231021 27.827951139637552 -0.041415109572208175
20.441617697369313 30.559056612786467 2.701979501851941
21.043611394514272 32.53344012347424 -0.2970011067894407
23.73467288817576 35.004323479847805 1.5773081006063283
17.35286256475511 31.350826403227657 1.5834697277134935
16.59371654712125 36.1112301310258 0.4347052569042742
17.67673498629525 37.33792982297441 1.0653909534977024
18.26728711960161 37.931057083463834 3.4850213086171458
18.61711066069118 28.686096734429682 3.1719838078154727
17.03097651283384 37.169811160865294 5.243082445334302
18.207411314616834 25.975441860105434 5.30354400874634
19.43088170137883 31.103966204305394 -0.3236022943915329
23.995448260460726 36.81174732798585 3.874597887514782
17.90566010538417 38.114985613034186 4.773746445550763
23.85810427223836 33.73729700619545 -0.2963416282553566
21.113607231720547 36.15427323508088 2.147269097668544
20.63534250927184 31.94610093605904 5.633012708216557
22.316912103566374 35.9735009569301 5.298509162387296
19.56570214062922 28.1521846653276 3.228659258634674
19.205036551584183 35.26354061319803 1.7385871569858202
18.92243139475718 35.73264815109159 0.3529231389127807
17.852942857151977 27.91764079545084 3.0552660371326814
20.065192518880064 35.360339872489554 3.760399484109512
20.73551790852448 31.500792335469992 -0.22546824832632262
19.720337802479 36.36951886560218 -0.02896828297984988
16.96945055336799 26.204674970824783 1.5411749522121376
19.4902407407812 30.518037167628975 4.629144055698026
21.816651128676718 32.53656021465418 3.8541774335666066
22.980223282660017 28.061202233525012 0.7754346298034476
22.52097108812862 30.392141636482698 0.14095011869195817
16.590495238857834 32.82293385882618 5.701963798203361
22.518160058744293 28.969995783378764 4.8861207715997965
21.454441556908993 30.41075648346798 -0.02807131975207322
17.022864290957724 26.27463155276108 0.11817318164181301
18.827051172088233 34.879275323318794 -0.318461572215184
18.828311396307935 34.73357777837163 3.8670162273149264
20.42516062645627 30.913805434558693 3.7219218719375604
18.310634054747027 34.68280944175506 2.6114318635057607
18.663799008392505 31.755906350264322 -0.40520001747225254
20.59835548608858 35.70541389539497 4.545740918932983
18.987557402275282 38.060851382554326 5.611630301323704
17.00747635879579 32.75054914881875 -0.27783323652417535
22.750055594434382 26.54085375187819 -0.011849800988634751
20.625865962151888 29.264901784775144 -0.11502072716402134
24.24059486039237 37.82136253256646 -0.026600161317182902
19.4441189692051 29.75378353431189 -0.29243591742594166
17.58817238654872 36.54361133903934 0.3242332022639094
21.90955789581101 34.71787019770797 0.17685208859693824
24.203059253983337 27.92756969081411 3.8105023931215065
18.076140846591922 28.927845709616985 5.122689008301386
23.184051506093862 37.61926522369668 -0.1228956353260846
18.551281197662558 29.189739057016848 -0.518476934407015
18.729760631177275 29.196494374847163 2.2154775436829945
20.255494260393363 35.592147111795015 2.4849913949505673
23.04997729221753 34.10187749514724 0.7960773921906295
18.364132187873505 29.606199042436536 4.31957149303698
22.651595761350585 32.993868089086725 1.5502887885131167
21.05938416385189 31.9107127661645 4.302799451792909
23.135218646094245 29.587957644246746 2.7256017716412617
18.272601976942827 26.766972292088454 -0.2588378949666581
22.97385920912009 28.556353904608997 3.6499312656612446
17.53019848806128 30.28521394825526 4.141826331933769
20.584322848576466 27.355948686287093 0.8494645575860071
18.35996941473445 34.40306077906082 4.7823381933630955
24.556220090474525 34.32705569357378 4.51379916105111
3.5536935336819098 27.81566896386746 11.660900437857046
3.1338655689463297 35.74751671223205 8.593801181117332
3.4392547915803684 28.86377643146185 11.384360186315028
2.4648343887389585 36.91472093591082 8.538139624544703
2.8653123223252073 28.948485735682734 9.927634251578437
2.847021355597706 30.3231991646083 9.361158286060157
2.769316792599029 30.662076711428433 7.978980280370697
2.8255637095886676 31.428627910241172 10.026958222876912
2.7881017156547934 32.45055865209126 9.217354275707287
2.725363259329924 29.85851767678703 7.258729653840762
2.775166358126768 31.97783027880776 7.931031850650349
2.5674468360047396 34.99087417550053 7.552241148232037
6.733675204902478 27.354341122082158 9.962850409084322
2.8903047478258834 31.421385145115043 11.104991682682854
3.5417626923445784 28.403878419388874 9.268909902241104
6.715571655355686 28.230305684411494 8.853961052244264
6.059920252085595 27.620992605149322 7.767249975395005
6.101434642045784 29.393303857742477 9.166087743604725
2.8869956301843667 35.112353957866844 9.836558740692684
2.780404342978778 29.308877290332823 12.129948083250632
4.455414236154334 35.98347915019786 8.15696983448557
4.412047824817377 29.348572198336637 11.46649896499722
5.635375074460703 33.493968073452194 8.438055378210795
6.10114055487015 32.56158379351242 8.118959668702717
2.977765596934325 33.41572180736372 9.446674349500935
1.8843911358386647 28.477938367567308 9.860710402254565
1.4598915245522697 26.313755340311705 8.246322304990489
5.625341500214979 31.821899970250655 8.762840947551082
0.5746468846958609 30.55597230220777 11.922086020764677
0.5600843116727118 35.49827240883149 10.67387532012006
0.3578626578202862 26.70371065146694 7.479608721109013
7.977176947246997 28.558701290986484 8.535890398146455
4.821023396209319 31.937779114662646 6.448677535410531
2.6916146503149982 32.646623443534615 7.087151044484269
5.842284226079306 32.2663542752638 6.641458970151437
7.166034233048908 32.75460250808452 8.248748844239195
0.27425466670942744 28.061404176765095 7.473857011649203
5.181449452635538 26.84908185094902 6.467651094909769
0.05227940773609939 31.439365740670823 6.891847930638005
0.3146452612634385 25.72128863849327 11.03234831949556
0.017688377751401155 35.21535563464636 7.996548476825333
0.3252986111624604 35.19917588821234 12.891007393954222
14.015160851909744 35.71040006631592 6.653043075968102
12.749095943938563 26.51952435352686 9.026394029998862
10.696439401751398 32.220662391931185 8.932954096044464
15.335264554764736 26.551594327888193 7.1562244745765415
9.644033335799293 29.77300507404308 10.380695589851362
11.222820658333815 30.15112204986157 10.596620320369901
9.981424442310894 31.3846386389807 11.05766720831745
10.29275125484424 30.646717386217396 10.318310839131374
9.30832017648026 31.244886040855178 8.46011298814522
10.099067935666945 28.53296980021898 8.015675759678135
10.297699654527225 31.20635679459016 8.915902134467116
12.491021341006077 31.97044249282696 7.47143160863124
14.792816408617457 32.49096508776133 7.15955382804776
12.247217597102129 30.920005774476184 7.411913247315186
11.120200628984634 30.406727250685037 8.007907322269595
10.878562483955958 29.188408047994184 7.656247112096285
15.881438756429686 27.750760816434514 6.797492450843869
11.887749513662728 28.839509536870224 6.851696726253921
14.420447811177588 26.228382087734815 6.681836264904966
16.13368048178553 26.05288253512286 8.066342579029076
14.229670962585725 37.36686231987093 6.943006779386938
12.604138621206245 36.771088584136 6.778382283610601
13.609287730775481 36.68060670583092 6.366571286097651
12.74758454080025 29.897846316910023 6.714606194542114
16.17599018120416 30.737321376067875 6.559066832204099
11.847381785480087 27.99632107711723 6.297166593464301
20.841146578581636 32.69955800420834 6.273361934435232
23.53756659553567 38.150285014023126 8.813650106540333
18.647325860691932 37.31696503020426 7.115716949788368
22.958577966004842 26.6825700447152 10.720846885793879
19.422239169287415 36.27152631553762 8.733122520811275
20.60841733381226 30.1396437791641 9.073506115560347
19.000291822167544 26.823589331445795 8.834181177767766
24.351219546609045 31.23250800022393 9.483942951402387
18.790790678969675 26.05686028566088 11.230324687403618
23.48483140494028 27.097691135056046 9.861293630456082
23.548325330368314 26.954491137145364 11.596265052029104
20.13578998828051 33.33580851021916 9.74236847871113
22.058141464055975 35.14023294558133 9.980834821659503
19.038305052782754 31.1090478897684 6.642640224159528
23.078680154174716 34.33256647965987 6.738240778480496
18.097314458927848 26.965665839696044 9.427937143990196
21.81632281910479 34.127813412184096 11.309015078708622
21.176145085725018 29.71539006137441 10.249465459959076
20.88874687159949 34.619113573478636 6.458788125938927
17.514008634571432 28.92125653065991 7.656130321820067
17.72228296459184 35.49101583001017 7.614701645698808
23.09188892430148 32.66407665670342 8.485075036330931
22.086063793575676 35.264150493681235 6.514936196143696
18.151267726802825 27.95360467044313 9.885283743263562
21.985912899650724 27.17452055254593 10.723561056563856
17.591491113148393 33.69794989299657 8.705971295310295
19.238995919960786 30.212078065836497 9.203835898935393
22.375563385003304 27.639737366950765 6.6520268514023595
16.990200150162803 25.797848481142882 10.94592183493913
22.051110731607206 36.17527468287522 7.5596747165059615
17.984177728187543 25.908235487000542 10.51242064305436
18.046695519454083 34.66870468349582 8.576263602878079
21.288190104453637 34.86180689212738 10.70038595738924
18.61205255369931 36.51240727438325 7.725259902651111
23.816911562257374 30.294634539265648 9.447771842165558
19.202507340228777 34.09421716350893 11.029377801762166
23.52627921520389 25.527929474339217 7.552964535544468
24.022744979070136 32.43143068939876 8.980839959688202
16.93656033215948 35.429561314094144 6.87628219334248
21.087845880622798 35.75851999465943 11.286788382122634
20.914397357281484 29.198029022663356 8.027135173416264
19.20776982169854 35.07931108897181 9.217404913590187
21.015602303618806 31.374449201655555 8.67451429413116
19.914263371800676 34.28686496421487 10.22663863056157
20.160765451391796 36.93842335321078 9.152916841636205
16.919222939186234 28.02284587276251 7.5820474868844725
17.110525079119718 27.02959929318423 8.396369202476047
1.2299459445579608 38.999455632508635 -3.350000124183402
1.2299507725931493 41.83000863701714 -3.3499998936973974
2.459044530504895 41.11953656221142 -3.350000157591504
2.4590053526837985 39.70108175655975 -3.3500001288013657
3.680994639757114 38.99891822086884 -3.349999999476807
3.6809559756724135 41.830528935190934 -3.3499998716415034
4.910049067329935 41.12005424103275 -3.3499998535723776
4.910054032791046 39.70054435069421 -3.3499998986900623
6.139999978934346 38.999489823397944 -3.3499998809306177
6.139999977948006 41.82997735106944 -3.349999896761652
7.369950897437852 41.12005425452276 -3.3499999019018722
7.36994592191833 39.700544331856484 -3.3499998879232438
1.2299508953484801 43.249993791868945 -3.349999877246189
1.2299503608084 46.0886829482422 -3.3499998820842403
2.4590397674337607 45.379413022253225 -3.349999888818598
2.4590443672250863 43.96052019496195 -3.349999879188623
3.6809556834735244 43.24947361712495 -3.3499998851918287
3.680959793441551 46.08919629636734 -3.349999952117595
4.910050028855237 45.37993512364077 -3.349999946563227
4.9100490857742685 43.960000268553024 -3.3499998912331783
6.139999986246708 43.25002505403055 -3.349999918424272
6.139999981400415 46.08865193543022 -3.3500001231237144
1.2299503577893065 47.50131701698959 -3.349999876657044
1.2299508127310195 50.33974805544789 -3.3500001392447065
2.4590434793220957 49.6294679808703 -3.3499998848600465
2.4590397455578175 48.21058579731445 -3.3499999592161975
3.6809597672402403 47.50080361474588 -3.3500004146557893
3.680956489977487 50.34026689903884 -3.349999880667932
4.9100492804773435 49.62998830182225 -3.3499999205661837
4.910050127995254 48.21006376358207 -3.350000417911103
6.140000013594177 47.501348082262545 -3.3499999119598476
6.1400000036991464 50.33971684138931 -3.350000114198959
7.369949981031327 45.37993512761946 -3.3500000361844062
7.369950907941752 43.96000026770232 -3.3499999262561406
7.369950723797731 49.62998830035687 -3.349999927095213
7.369949932254104 48.210063731252376 -3.349999890379045
2.7346014579320227e-08 41.12008517777678 -3.3499999237444547
8.614107128562874e-10 43.9599690755744 -3.349999892520862
1.5532283360393078e-08 39.70051017560203 -3.3500001184830075
2.9997553046715684e-09 48.2100320143461 -3.3499999157986826
8.599005314001259 38.99891820324907 -3.3499999043134143
8.599044027239929 41.830528949958854 -3.3499999101570612
9.820955493336614 41.119536570189396 -3.3499999110868783
9.820994676450391 39.701081784251436 -3.3499999191173933
11.050054072760895 38.99945564257156 -3.3499999070348077
11.050049264897915 41.83000866017538 -3.349999888854099
12.280000027432086 41.12008521373125 -3.3499998676857077
12.280000027941618 39.70051017918728 -3.3499998813030727
13.509945948708385 38.99945565442284 -3.3499999431989735
13.5099507801544 41.830008634810305 -3.3499999990746443
14.73904452441761 41.11953657052833 -3.349999854797532
14.73900532713508 39.70108181083755 -3.349999906809077
15.960994668936422 38.99891821206935 -3.3499999774260845
15.960955953866748 41.83052896726451 -3.3499998317391757
8.599044309786526 43.24947363844456 -3.3499999115276005
8.599040227510224 46.08919632218712 -3.3499998923345964
9.820960246267871 45.37941304781324 -3.3499999761233212
9.820955542965706 43.960520251784004 -3.350000465464791
11.050049259221618 43.24999373700278 -3.3500004731684307
11.05004964498566 46.088682932730265 -3.349999911133761
12.280000003980499 45.37996682423724 -3.3500000850144342
12.279999981759179 43.95996907401123 -3.3500001325772564
13.509950882329568 43.2499937841019 -3.350000829191251
13.509950383942547 46.08868293302228 -3.3499999265466274
8.59904021091389 47.500803628797996 -3.3499999135082534
8.599043502966039 50.340266946644235 -3.3499999546047645
9.82095651592149 49.62946803582058 -3.35000023291271
9.820960222268187 48.21058574180123 -3.3500000503519045
11.050049640831622 47.501316972022686 -3.349999953585976
11.050049233376365 50.33974812693635 -3.35000004174153
12.280000013267445 49.63001962167923 -3.3499999593721332
12.28000001092604 48.21003199552896 -3.35000001625557
13.509950375820265 47.50131697073722 -3.3499999403706227
13.509950788994752 50.339748092830064 -3.349999890119247
14.739039769104446 45.37941301827143 -3.3499999595818775
14.739044425538296 43.9605202125641 -3.3500001391398437
15.960955677242781 43.249473641544135 -3.3499998425944555
15.96095977440366 46.08919632729362 -3.3499999685505144
14.739043475465039 49.629467994548456 -3.3499999125301763
14.7390397907495 48.210585764060234 -3.349999904250791
15.960959797574322 47.50080361011839 -3.3499998816643926
15.960956480926578 50.34026692592227 -3.350000131202433
11.083895834878323 48.847794099755625 -0.8808960609815264
10.504485825906999 43.602342682888604 -0.9155193857876698
17.190049068938055 41.120054269985715 -3.3499998558155464
17.190054049403614 39.700544345057494 -3.349999892813613
18.419999992195585 38.99948981395415 -3.34999986556922
18.41999998699455 41.82997737857805 -3.3499998641654627
19.64995090176902 41.12005426352972 -3.3499998868032166
19.649945936604304 39.70054433796052 -3.34999987888283
20.87900532113264 38.99891820685549 -3.3499998727043243
20.87904402276785 41.83052895919942 -3.3499998859463274
22.10095548949614 41.11953655861814 -3.349999881321928
22.10099468862634 39.70108178117231 -3.3499998752549476
23.33005407483189 38.999455657393725 -3.349999882640602
23.330049237059317 41.83000865197597 -3.3499998733314627
17.190050040502147 45.379935157070406 -3.350000335191484
17.19004907782008 43.960000224441806 -3.350000076692734
18.419999967305518 43.250025054339446 -3.349999947144162
18.41999999649451 46.08865190079034 -3.3500001840422544
19.649949966079078 45.379935129365236 -3.3499999772966103
19.649950926871295 43.96000027983771 -3.350000156765096
20.879044315402567 43.24947365288002 -3.3499998954950314
20.879040212701614 46.089196298145886 -3.349999860317021
17.190049269671892 49.629988291815806 -3.350000178811572
17.190050053442587 48.21006369584865 -3.349999971681129
18.419999982209948 47.50134806938679 -3.349999901475249
18.42000000110909 50.339716890347425 -3.3500002523373515
19.649950711113664 49.62998828943031 -3.3499999430098204
19.64994992460815 48.210063715426735 -3.349999879982757
20.87904020728418 47.500803604034466 -3.3499998733567726
20.879043493706487 50.34026692053348 -3.349999903208505
22.100960221570627 45.37941303575159 -3.350000011549239
22.100955638389056 43.96052020597309 -3.3499999741926647
23.330049111695264 43.24999381828644 -3.349999862351163
23.330049632877316 46.08868295753466 -3.34999996751323
22.100956531009196 49.62946798931481 -3.349999911514879
22.10096023935711 48.210585746717825 -3.3499998879607276
23.330049651113292 47.50131698805055 -3.3499998550407395
23.330049227209205 50.33974807798655 -3.3499999081028378
24.559999997626196 43.95996907718204 -3.349999883457082
24.559999997071486 48.21003200462679 -3.349999886298437
24.559999956807445 41.12008514478948 -3.350000070617317
4.647359080817188 38.34561908884981 -0.8234680120261118
6.274855935915497 42.73934258831246 -0.3531890209949984
2.868071249879017 41.179357112932976 0.45471513652534434
1.9101756435429809 38.57434119061102 2.785929282659688
6.230232348530756 49.35550849830077 -0.43954509142635767
3.7684946606035554 43.451522675397214 -0.3092928838019593
1.7212862835997906 42.48122834720774 0.23150894618804263
0.28589667047207734 47.73011775460114 0.2273299150329533
3.3583887362209097 44.093092314334136 1.2790379107987837
1.7356535840983411 50.485419814718526 0.685944638790632
6.1594248709985 50.33181332158115 0.03994963560942866
7.214523911601821 50.502376645196776 1.1563698426607916
7.0744719442396065 49.71786743775877 1.9000302158608695
7.815647760875994 48.65721785802412 4.540255932463245
7.941645718199353 47.466017923251854 4.025808168859616
6.299790535196216 45.29531652019483 -0.4373419471302853
4.866856924122314 49.698924965216236 5.125588365966757
4.657034410105113 48.947453704970364 3.0346540312562853
4.120894716490731 49.84808943896507 3.9412262995242675
3.5974653845277977 47.51471938585178 1.7833171995307917
6.039883595414473 46.32030852112647 0.4672362380020356
6.923709253984081 46.369223967243975 4.244788313785667
7.127869924938848 47.02990632952212 0.9341113578653271
2.764477886052077 49.58425932799675 4.017933240645376
5.066413953797801 47.22385295598206 -0.06977017898845084
7.0263447245494675 45.57860617607582 5.522402525900219
5.43790978026802 45.692844595515886 1.5650810188001818
2.608430652412797 46.506258027778664 3.848384419894273
5.929663254079886 46.81247965036585 4.185653299254719
4.958070971329844 42.7482200578782 1.340202717404615
3.669903462110424 43.19508760117608 0.7455155484709275
4.436554069108344 42.65326085698997 3.4139215366746187
5.1722487947118365 42.471690295939375 2.644385701183982
6.402632419913807 41.96624267738645 2.76955537228992
6.880189714885529 41.8142883515698 1.5099204225937068
7.006541293113849 41.66333638287695 3.612135843094854
6.059554695788984 42.460593065013796 0.6677635143061444
7.755292362159307 41.3645396937364 1.2818381972576764
3.0634687030597707 40.80471203645357 5.33143986402862
2.288795286679304 49.17035467666191 0.860405300989393
2.5576572249717757 42.148172066740315 0.8460471164062877
2.5265346593984113 41.98404049228813 4.83897654428366
2.1389782548368195 41.96177094934407 1.8350175626320986
7.027909599662644 48.805591428537504 5.264033434978398
2.656749812060203 44.7858427315973 5.389065720316153
7.022090570909599 45.66074243745901 3.422307287425048
3.8047902023554143 40.16280933294407 4.321591637544799
0.22593111116649603 42.218786145221415 2.8112078307459476
1.3562015146683337 46.44428168061099 3.192148043199994
1.6705866186834706 46.186281512064674 1.8436081745939192
6.424258939241484 44.67728062704384 5.407489681098003
1.0442600657890888 50.77893431929596 1.853596935433377
0.6498987224548071 45.361467890701206 3.728572230946281
0.6303083539631408 47.60006052939609 3.2515153973935353
5.148608348489799 50.3453539190462 0.44758502454319227
0.6206819825473289 49.696496538711024 3.808332946844357
2.0877213512552535 38.481026791538355 -0.42576319564104237
0.8064944232452748 50.57113782087443 -0.37994372900268303
7.293636283066515 39.10229733141769 5.724937754385897
7.792989461530894 39.11944189497206 1.2880459244324138
0.27974793162645434 40.12549440467537 1.3405802653633336
6.708359002465237 38.66923339035862 3.7175134185640624
0.6109679370290014 41.80382341907751 5.321530475374436
2.0316058517286057 39.95055024391326 5.781814698322957
8.136165476805752 40.16399931994089 5.655177827024353
0.5003684500299436 49.85149007747568 6.219729702116331
8.047448260728583 45.223360961194096 5.661141153193228
9.813918314576828 38.63842871141152 0.289303998359528
8.557515124039481 50.335224219187324 0.6073696494602376
12.132379730780636 45.679252939114356 -0.5664261952539817
14.641779059961946 38.69822049910943 0.778295640039709
8.474601928755394 48.3338329112187 -0.3164997501849909
8.929787420990454 40.27840753393545 4.931662125402095
13.347338292430472 39.27310252278242 0.8103065480281124
8.948265808889087 50.373070426674055 4.536248857371181
8.80921834151654 49.44215112601675 4.169977021716412
9.047177730497507 40.766767744956866 0.3390242703513291
9.096636756181235 47.487448224101044 3.2573088485070167
9.43981663648802 46.60773271259749 2.733163650459538
16.027301736417833 48.12088858858595 -0.454037832105858
9.768616900657031 45.15616299564363 -0.3188593343089652
11.433018758694336 44.278835600270206 3.9114860043180952
9.1047541509324 39.575085084328904 1.0312728817247785
9.04553976718907 49.23673584344171 -0.1577663889190839
9.585875590851686 48.79722370553925 3.248776043551702
15.919968407478915 42.587545865940086 -0.26884869837794145
13.188558564235757 40.368947214205896 4.1345785122657706
11.130777119760292 42.27367427657844 5.03925483025113
14.1004671373109 48.37626279941599 4.164931370994886
10.135063815580876 43.683686827789664 0.7107808119910441
15.54444658283371 39.782582998311575 0.8425559076709188
10.337196847380234 49.44170429363642 -0.3748216556484818
10.471391277403516 49.15423540672808 2.743994294446399
10.449494466391158 44.33168199332234 -0.10734853695910318
9.420802351645868 43.20849498905546 3.8266206465902872
13.472016134669765 41.41083806837971 4.157277715568646
10.806338153023056 43.01559729051902 3.8881986208435237
14.097443293059959 40.932154905740276 0.18043109371357002
14.87350299266092 42.82758987882119 -0.151848666346851
14.6664209956885 44.975961996341475 -0.22074502324989975
11.886725048491074 44.88798800300072 0.14184887707709648
14.3055084991696 45.42868874112023 5.460081441085798
15.458739453199273 47.63558217633571 2.1838621865281937
11.950945012700966 47.81619917118499 1.282393220788397
13.26141505149398 48.15845610001131 1.042912661266634
13.643216094487345 49.256360066665906 1.80542792496998
14.178125152231113 47.1062242776255 1.2979041307542671
15.167198502758252 50.705626728824605 -0.12522908304903102
16.172557380900383 50.31148471254485 -0.14271042183274685
13.333312837849745 48.47306792626222 -0.2811262357821742
16.30772762024827 47.70487188137945 2.7265573395283615
13.623444837409156 44.83566250526073 4.868888541180824
11.888116114163518 45.32311287591834 1.1412308911515479
14.251551204739126 43.98238821196118 -0.13651799889898952
12.895659318379275 43.83189181311598 0.028924754630170746
11.25499989887548 42.345429126316816 2.7484296000625563
12.73718085316265 42.51872810625649 0.2249404096935792
13.86681480556535 41.898256073637974 -0.002760156610264186
15.420080530932278 43.459677593904324 2.591266338449744
11.798094468318762 42.00904168653574 0.38221887406792554
15.730812557234326 41.60988053064909 3.7597930371853394
12.072516393678342 39.81196357792325 3.539795174860878
11.40085659858914 40.34732989338677 3.0084233388400206
13.389116709398738 47.73921368875257 4.690525320458745
14.27595008111093 46.82141517840203 5.477455020518508
11.965224449094107 49.27003425471137 4.9158343991873785
13.825442537970567 39.36449529729535 4.7564266214572
9.681114084864658 39.87021169339904 2.2481605546079853
12.869413448581037 47.135544289193085 3.9464878365339375
14.742170580746942 39.32029207680529 5.325685587922556
12.529598770465025 48.62081255236536 5.585231745014383
16.345713772116877 42.74875278654746 3.293396366461354
10.619924969527272 50.722727890829795 0.0017003722347797012
12.112395851147836 38.478576629755224 3.766646730679928
11.832281281283224 47.97587123379325 6.119926999338841
15.331372208158578 47.18484085094307 6.149030180831586
22.316393091535655 43.45459385201298 2.0699920411646233
22.037101358162058 38.6243922719912 5.237883688777522
21.771197774570297 44.21470711496592 -0.5572099677220277
24.54988335549711 40.84513264582877 5.7121580043094236
20.22956497592976 50.88501780266399 2.6769967144770304
24.239956248968078 42.45828668123497 0.2651091444272491
21.84503098777149 39.67394041319367 5.4607237035281155
16.56037698109952 49.041864309990366 -0.2695534040891856
16.590572949344672 49.84844045156292 3.131275293557867
21.001008337851868 50.739079628556524 3.844833019816023
23.98618149828051 45.65596665895382 6.011588567480436
16.478658726622065 50.379330975453826 5.731956159908789
23.601325035161086 50.85382096976079 2.4199547241194317
17.90005688551753 49.036553671042206 -0.15443988604529002
19.95229727584447 42.80585305065773 1.533138139975997
24.430680349387586 44.77445298871637 -0.3509500620482775
22.51696327638159 47.07649450773521 0.5880860452115166
20.773209855755212 39.8238578095572 5.331015433441694
23.4181622330417 42.1216852589636 3.6503120891344167
20.235977658826464 43.8731485965016 5.839283170062376
20.624362713980563 46.30444875618442 0.01025053452637037
22.93478476329261 44.19177563683945 4.119641113048704
19.28290928909558 44.09303122694567 -0.40861394808281104
21.608266923289325 46.180130290228604 0.2015027921030288
16.939096906698566 48.83439955191484 3.2603183291802273
16.6538452908691 45.63352407230877 2.983237609962929
23.69796859123262 46.591199926664814 0.577944565822156
17.328037585740535 39.37846766070078 4.884395431178243
22.49987001046685 43.07684381420425 3.416823052070548
20.417807995766292 38.580679064131374 0.8992798493975984
21.279807304143098 42.699855798207366 3.831139110313322
24.3460810728846 48.52292659769386 4.398405576926424
18.889045148875038 46.3989233213414 -0.2336306212219419
17.27177701294342 39.8742741268349 2.489361259581547
18.56808884559019 39.768763457229525 0.18266135244865422
20.522888172753735 46.821208035993415 4.070104288050736
17.140754046124975 44.78900777944747 -0.41652595399778836
19.049244305219894 46.200295334497035 5.362575984877953
20.16334373165769 49.66891286960315 1.9655276033588587
23.5047682746397 50.67276628870518 0.23248886087657405
22.203409576392573 47.980581377156724 1.0887965502226327
20.5620768337523 40.765355592374746 0.2074210598465953
17.985277652857754 47.050321272585236 3.85474088227045
19.777127224274537 39.84180475089234 0.8496888016118953
23.181229795498158 40.33327192508356 -0.05207866223586377
18.45603519749292 45.09939351322873 0.02055494420790116
17.988150291966818 48.42838868529148 3.915071920424432
18.325434437294827 50.28206094678429 -0.20001120504624548
23.974116269998724 40.293355690033515 1.5202860907953963
24.149798926065042 40.27656002631824 0.4446683563314857
23.585141362620764 45.388804926233576 -0.07885537463809156
19.105968484956932 45.236217420964365 3.889507985033307
20.667962495023826 47.64874164921059 4.764540433473835
18.471334124272953 42.08621215049722 5.439180850383799
19.39052794634058 50.45927978360778 -0.17615117761044186
16.800971780911105 43.452048057309085 4.3199242611572615
19.479037659416868 40.22832884496312 2.1383490298287535
18.449970361051097 48.20041622817673 -0.2907092740960038
20.530345030439843 47.3104151754176 3.096081305663149
18.772074734614165 49.06561187438188 4.296921466207766
17.388505509797135 42.28352515456477 2.5428110432531015
21.310345920988297 46.06758909735641 4.078398270957284
19.131096600909647 46.25469966339284 4.277016049601455
23.133388840401494 50.590343059515504 4.6473956526949785
16.906184754615595 46.66577654358804 3.1760578130023944
22.377210345531324 40.198780424224886 4.66735865883761
22.28001489981181 45.12031487898352 -0.26160937431122244
18.434672383865312 44.94275483319359 1.4334840223785772
5.973957332992796 48.23319661781443 9.595105134234746
5.819908214281862 47.48705601419945 8.815590497602496
5.790344189720552 48.02629399165806 7.868780922156163
4.5723376240007365 46.71939052261727 9.148094372080234
4.05258721795939 45.776610418015906 8.20489611806605
6.774537530979201 46.961162715718125 8.800788256964276
4.685287973106397 46.23403309073966 10.117511920058718
3.7841141852462634 47.466693395102084 9.239430168738267
2.633694894521449 50.246440750458845 10.779139267633656
3.0687256662337186 49.69423676880753 12.005104832532274
4.133192193002164 44.49689666257909 8.258769995869773
4.500252100716401 43.928626960465785 9.100634931593188
3.5479617286990734 43.98437575921925 7.157095567817086
7.049536110546729 44.106689685249926 10.03342993195062
7.445666425484421 42.96737187813474 9.39030050653043
6.691937243949464 41.86983436382769 9.777140879389329
6.8050609335425305 40.685580988129004 8.4223495347108
2.375215542562679 49.48309707889848 7.472379579032314
7.1126152732590375 40.23919904498663 7.570144460180227
3.722850379009518 48.47429133521638 11.824380082644325
3.9045157262531327 50.59048235517874 12.635118906019873
3.4951952865731397 46.11364656318199 6.998208296101417
1.9470481853613566 49.52824647942617 12.832703237801852
7.803503096785647 49.2007709160401 12.264944842161787
1.5727627618300786 38.8675868951566 7.684974729522227
7.13973660400769 47.09167510389503 12.070873705392334
7.878513042635337 50.16132968436701 12.56793058557003
7.282072968633656 43.23678648685879 8.074747262257052
5.071563842882516 50.42630532532002 7.662056932201987
6.627357917326218 46.141975846977665 12.026835050056853
6.727988306650432 48.311484837486105 12.391997582036828
1.0067933768724668 42.910932432940946 9.656781442186453
0.7323779710064326 42.500376774327364 7.418533727234262
1.019579094384276 49.298108664341015 7.390700225572439
4.241821011641552 50.66342661747258 10.150267534719323
0.7942252265732648 47.96903942922158 7.401752747266923
0.20210810194406414 45.42379347571815 8.19595366674416
5.789247462340198 48.645548914020736 12.808611096044407
3.3743522413976956 43.01316847424288 6.940956363547715
0.4713143526478796 42.02970740204692 8.7090479233506
1.061994910958246 40.795047605496094 8.782928044736288
0.4771331490820233 49.870308887770676 8.504982071917972
3.226659217925102 47.1265817621028 6.736960018235509
1.8777449689007213 45.63427215274597 9.616982973543209
1.500318260225972 46.179765518332815 10.481902662249272
7.951818315436001 49.46794982387443 7.676539256830277
0.41955896813160415 50.707506269027796 10.787095590944594
2.328849705718936 46.18970834577956 11.190095280585062
0.2322432807554003 45.45267484873427 11.04758711294726
6.708464032128316 39.1423382692364 6.930072088845806
1.2292919554418742 47.18811197297233 10.169041399580436
3.865391060203001 41.203392787207164 6.42873270824075
3.1389045026482463 44.967472535983596 6.338242979061719
8.051162110414358 40.84456669046571 6.79292592773087
6.645876996815886 46.19176464239095 6.3393364299000785
0.47211083835096235 44.478747083685064 11.474234819044478
6.089462367279857 38.3751752103759 7.371317802938413
8.664017150884487 44.54698860968488 12.457376624285954
8.47091814056634 47.158468661585864 11.69830806305161
8.75907096589307 42.75678586868532 9.739335013341766
8.805294090888989 48.396799660658125 11.803407889757231
9.052282878516298 45.77131215667553 10.24085488883813
9.417472695954666 46.15394478616407 11.193917672027467
9.108955951212371 47.65408053875545 7.343826530544602
9.204587902327665 48.940344691936474 7.826439674182738
9.780815304942678 48.79236756376642 11.561986277205742
9.72363857420621 48.889190619143484 9.140832787070451
11.12771704602757 50.34873015311251 10.536729342415985
10.096343310462084 49.627727088314856 7.077477246531486
15.668779558758375 48.19347000685593 6.336709444414445
10.502491239439955 46.66453924366346 7.479300860796974
10.367367139776105 46.655754492376836 11.009560505158225
10.682335786856061 44.171291572796896 6.827085785006794
11.20208569548376 46.00281275687632 7.783908237300596
12.463420463344129 41.145446601657575 9.576350661124021
11.875346691233732 42.26111480493705 7.54792923692833
11.311599738307475 44.7261821216885 7.507176483486511
11.856819375727031 42.713465363919994 10.058352443931485
13.824327626730403 45.109857517416415 9.520501292842702
12.194060483796697 46.334237574779685 8.656571964614587
12.328781173826265 47.31106709377889 9.09708805573991
11.995376579225233 48.923540210808 12.34362519556275
13.507933344543586 49.70216703349146 10.004659321853753
15.06292366503152 49.211278280784065 10.899619982997649
14.692743265531002 48.025901571555174 9.067462278832487
15.665878530836547 48.30067987411413 10.015032131884016
12.979183528892248 45.235688782177675 8.859972756952327
12.930320425954902 46.88567682670705 11.876618724296634
15.181304338677316 46.42412069092556 12.622482566800604
15.457534537542816 44.4223142907912 10.927617399180212
12.424320230999113 44.23102844237441 8.027938573293387
12.682099532595425 42.7706300602617 8.074848640789911
13.613872533981112 42.54403785124666 7.556625672343971
13.529785934458344 42.50706976633439 10.13671886358013
12.670954017841972 42.21461193248172 9.53258629965412
12.54397584357638 47.77048305195753 12.869076832967757
13.157386296503196 50.646631314703264 9.932520643949175
15.851926719791797 46.16160770508235 6.826271567249854
10.248556470760269 44.197490386624615 11.698230957074406
9.620621446637113 44.9672331169679 12.146888660750477
16.355161023261104 41.342236556792216 6.444639859428886
15.845641382958158 39.757299756410916 7.297773657778838
15.745734396324515 41.36667753479627 8.070058259845752
13.077022162806513 49.28817059627233 6.250859922642558
16.245284830895166 43.66403321146912 8.94315574970674
16.29279245713753 40.749575710675714 7.357308081430769
10.127455240407755 45.24305271038134 13.071628114661117
8.73631188422892 41.61401181245064 7.116845658371602
16.01080388309261 47.152561169035515 10.714375418325822
15.667068830120613 44.01815774788333 6.35249455620319
15.353245423878514 45.046805643336896 6.253507804960074
11.900300452816762 50.965042268173995 10.101213261690962
24.341063280181817 50.48767422794588 13.20977504659891
16.431639214858695 43.71051516776477 10.270858113650528
19.099575696371193 38.794665142674425 10.167734484160906
16.797917401945565 48.79107539181925 9.377974169371319
22.30687587058897 44.19469253951307 7.198566877126148
16.662772883778036 46.216714949262055 7.42593121238984
16.596860073299375 42.50469233626415 10.843978127232404
24.145602563783154 38.70556472154671 8.114824872436563
22.690261789905374 39.12947304750492 11.861787423669215
21.031398422994524 38.69629316520116 11.431108884690332
17.650798185203147 40.41818191153862 8.914803711470451
17.59799605766373 44.40038598035714 10.521344600606282
17.755920081887023 40.619719124080355 7.8487679995746085
22.211283942400517 39.915891410618386 6.90787461004769
17.741171382231453 50.37848294239531 12.013211722007991
18.221646259790386 39.7479496509224 7.389184369450696
18.05189049771551 46.26120680053239 8.221335520078817
18.605619392688176 41.769545789532586 7.657400434969382
20.188817672700075 39.53708045939787 10.710612130262126
20.910780629347 40.155068156713284 9.703760328825533
18.390535979484547 49.929422203432324 8.221216779409474
23.44496525011187 39.79400328982726 11.767329791740483
19.66340681286096 40.55590985462562 11.549436416371812
18.288755601633817 42.2319189300974 12.418754038705233
18.328491989487677 46.66105946988499 10.847600490826748
19.645988078112232 47.67843425237276 9.02078242045883
18.918546872503192 47.90778180876132 6.97733219358176
19.22139099483125 46.9426373900908 7.9455024960264256
19.264132653449945 42.29541428786197 9.636810929715189
19.305815901368845 42.39421344723623 8.562147618235564
19.23173321084225 50.0889761237526 10.321133400066406
23.326062927998738 41.137252915490336 11.46897864098293
22.346163840489872 41.56364894147391 11.31282420594985
20.031829673236526 43.315964815390444 7.952509493706961
19.007214699219286 48.52721485736827 12.0549323696798
21.536660266693335 43.64425489639065 10.144373241976783
20.526906767237044 43.97786221588227 8.532932186481215
18.95418178625905 49.88202765656595 11.68870660455797
19.87399928870521 50.72889608282978 12.256987130937834
22.05527180403163 44.688230371519886 12.078418194219164
23.996002437543666 46.30974129169293 8.074680574177236
23.144915772806776 47.36221597068732 7.936197304947963
23.344103262134063 47.293698482842764 11.111710514943686
22.830649028796277 47.775398051887414 9.119552186400686
22.096386532160537 48.44960809805793 9.28203110751716
22.851008370302484 49.48377423612781 11.789482587559885
23.93062075562887 50.30584939413798 11.876275212221165
23.429593596076703 47.029893127529576 10.067920240280145
21.63751503655977 50.254334557684224 8.872546925495197
24.194383175899738 46.13226685598535 9.426555892847627
20.467328783331958 45.5574847947677 10.736346570201226
20.152865370646868 46.06251761020674 7.471166106511522
22.730967457114694 47.76739841206384 7.024674413770011
21.052787230348677 44.35139729496167 11.203941543238535
24.23558647716306 45.3031613325508 7.0123010928998175
20.173348196179845 43.55215158170864 11.851224096795956
23.652807043784886 43.5997811298836 8.116693630998132
18.860929326900727 42.34807240192569 6.4118291871281095
21.48791439849952 39.33233841205009 7.47735015902395
22.541390197674268 50.32239988375505 6.808625415600264
17.562524859740268 46.18233024522187 13.21361617575013
19.79764526852385 43.25096697406216 6.605543402907839
23.37647705950049 43.99355514410705 7.138591506693369
23.613999811123954 39.581146790156616 7.187621277472676
24.373477484582747 50.41012233765406 8.768236556162826
22.04843130372704 40.96805150048033 7.1414086834398285
20.320663721358894 50.539753352701375 6.988580542843579
21.542950051998194 50.81911600302466 7.591341518263581
20.949727962797514 46.78913252225979 13.245722455955015
23.625093463586012 43.19623263066224 6.438186842694683
15.119498879528054 49.96066470842377 13.998125230183549
13.65931132288356 48.03315382159442 13.668023962265982
12.603619937108059 50.06986047139681 14.957686093235424
11.574583193473343 47.115761337758194 13.619521033980401
16.064414153342106 45.22679827533506 14.608546623959924
14.841366352972738 50.927880531758596 13.6062887223876
17.779104668172295 43.973714754961165 13.91667215306521
19.83610382061427 48.861848921143164 14.960952024526215
22.954853515453195 45.40691431907231 14.195092694057328
19.950789190222146 50.21265340522594 14.940648840353365
19.191504964813557 50.97987158321889 14.976197855500349
23.114653992312856 46.59913016766863 15.485164967186837
21.281768228405163 46.913354098403886 14.276459214274146
18.075076597367275 45.753267437638705 15.461365514846694
21.907464846054047 49.3545436859453 14.64529932024546
22.75872548943375 46.444169471384754 14.466635594219598
23.3945086539983 47.03255329678599 13.805058507429717
21.27090156748019 50.497094921749884 14.707891932583586
20.714927210339667 46.21774153197211 14.895260005421333
21.032793120560054 48.34613349143322 14.592464529560798
17.425626593643617 45.27226989390162 14.286621334017758
22.962665124512153 49.2080027749632 14.467878538619264
19.005112972517313 48.20216943068115 15.162637870052242
25.789950674950287 0.710249443211086 -3.3499998969196065
25.78994594673557 3.5405443951900257 -3.3499999149667072
27.01900532692624 2.838919424431665 -3.3499999428540175
27.01904362788458 1.42047524184227 -3.34999990602355
25.789950905909052 4.960054269566804 -3.3499998958919095
25.789950889484047 7.800000283851038 -3.349999863210562
27.01904430765279 7.089473648274914 -3.3499998791936814
27.01904403449073 5.670528955152073 -3.3499998824693034
28.240956778178216 0.7097305025713241 -3.3499999007566483
28.24099469845327 3.541081851052235 -3.3499999177256212
29.470054013794982 2.8394568621958216 -3.3500000918514274
29.470049220539767 1.4199571318588706 -3.35000013173943
30.700000008250782 0.7102806764280659 -3.34999998440884
30.699999956474134 3.540510199260694 -3.3500001958506043
31.929945946398387 2.839456778173817 -3.3500000317925127
31.929950727008045 1.4199571724745872 -3.3499999259965882
28.240955496572923 4.959536559819136 -3.349999877223503
28.240955637898512 7.800520205484338 -3.349999970651696
29.470049116915014 7.089993802332491 -3.3499998766007053
29.470049231327426 5.670008651954505 -3.349999908340968
30.699999939796086 4.960085233826893 -3.3500001799667234
30.700000003292374 7.79996905997667 -3.3499998876308137
31.929950881430727 7.089993811081095 -3.34999988656267
31.929950782043687 5.670008691881604 -3.350000084176834
25.789949929128944 9.219935103734208 -3.350000020103389
25.789949943815458 12.050064857277155 -3.3499998623715843
27.01904021001807 11.340803673624144 -3.3499999079681353
27.01904022444872 9.929196323654804 -3.3499999510779888
28.24096023099803 9.219413027241625 -3.3499998803504183
28.24096024262487 12.050586941475645 -3.3499999486533483
29.47004962879928 11.341317055881927 -3.3499998711533143
29.470049624469866 9.92868294629982 -3.3499998871156156
30.69999999094121 9.21996682304458 -3.349999978725413
30.699999990566518 12.05003315477518 -3.3499998878549397
31.929950377004666 11.341317112407452 -3.3500001121495293
31.929950383221836 9.928682883854844 -3.3500002973693688
24.560000085357448 1.419926104510353 -3.350000363314
24.560000029755965 9.928651900114106 -3.350000098835164
24.56000000412313 11.341348111271927 -3.3499998840576084
24.560000000879224 2.839491017024876 -3.3500000941451025
30.28538721771248 1.9949446473946832 -0.8583149061286499
33.159043225057985 0.709730500030021 -3.3499999218583207
33.15900532058101 3.5410818299503677 -3.3500000311731504
34.38099464268511 2.8389193588962196 -3.3500001044730485
34.380956371534715 1.420475236615465 -3.3499998978176784
33.15904453058314 4.95953658233891 -3.349999964376953
33.15904435665865 7.8005202082867555 -3.34999986878169
34.380955677763545 7.089473651190431 -3.3499999439977692
34.38095593730523 5.670528955400506 -3.350000063214865
35.610049338039154 0.7102494559745652 -3.3499999001012934
35.61005416227687 3.5405443238628442 -3.3500003744291904
36.84000001455226 2.8394909740551375 -3.3499998894697436
36.840000008350614 1.4199261579421656 -3.349999878918426
38.069950671372276 0.7102494629512309 -3.3499998805565956
38.06994591308137 3.540544413089292 -3.35000014370698
39.29900534175271 2.838919416476212 -3.350000137045117
39.29904361989386 1.4204752353005503 -3.3499999188259446
40.520956758853735 0.7097305381787816 -3.3500000164151666
40.52099467267887 3.541081836569103 -3.349999915704408
35.61004910362428 4.960054316498628 -3.3500003862959926
35.61004910550097 7.800000289237561 -3.3499998847604875
36.83999996557294 7.090025036927718 -3.3500000390638296
36.84000001523425 5.669977427906944 -3.3500001825390324
38.0699509477559 4.9600542629864615 -3.34999999993712
38.06995094927559 7.800000297822154 -3.350000218392876
39.299044308045275 7.089473644766466 -3.3499998944154887
39.29904400748211 5.6705289380490305 -3.3499998759417835
40.52095546196197 4.959536549783123 -3.3499998970391722
40.52095562331935 7.800520227994299 -3.349999876995149
33.15903978062595 9.219413018546511 -3.3499998915662257
33.15903977703568 12.050586952785633 -3.3499998756759277
34.38095978010726 11.340803671182695 -3.34999991663834
34.380959783434605 9.92919632399117 -3.349999917230014
35.6100500675408 9.219935119477611 -3.349999919334272
35.6100500477134 12.050064867284037 -3.349999994611068
36.84000002904657 11.341348107435653 -3.3500000618679184
36.84000001015538 9.928651868995445 -3.3500000175414035
38.06994993233943 9.219935118646884 -3.350000030492184
38.0699499486048 12.050064860789563 -3.349999865696429
39.299040207258955 11.34080370813959 -3.3500001113605107
39.2990402280043 9.929196300347893 -3.3500001362792187
40.52096019089494 9.219412986045276 -3.35000005537339
40.52096024055476 12.050586977858007 -3.3499998648361426
41.75005404721446 2.8394568053320404 -3.349999892452992
41.750049272896526 1.4199571699019162 -3.3499999252493753
41.75004910732381 7.0899938217188065 -3.3499999032769976
41.75004923066177 5.670008646046887 -3.349999908844068
42.9800000081985 0.7102807471801413 -3.3500000049571144
42.979999971700636 3.540510206562539 -3.3500000466543023
44.209945971596454 2.839456775420036 -3.3500000256467724
44.20995073224231 1.419957164618032 -3.3499998833562206
45.43904322214209 0.709730501751973 -3.3499998805973252
45.43900532389685 3.5410818299339675 -3.3499999701817385
46.66099466064332 2.8389194067991497 -3.349999964028524
46.660956368496244 1.420475241677615 -3.3499998968179714
47.890049321673985 0.710249451890547 -3.34999988362102
47.890054049428336 3.540544386590194 -3.349999981727365
42.97999998715833 4.960085184575223 -3.3499999542359515
42.97999999027136 7.7999690726049 -3.3499999176926485
44.20995087527381 7.089993851367242 -3.3500000378392034
44.20995073331268 5.670008591519548 -3.350000522791403
45.43904454824426 4.959536527851816 -3.3499999844039707
45.43904435740359 7.800520198375823 -3.349999925831235
46.66095567891427 7.089473613827141 -3.3499999317093074
46.660955968024986 5.670528934845772 -3.3499999029510477
47.890049079681255 4.960054258800397 -3.3499999311589477
47.89004908901673 7.800000277708937 -3.350000029763259
41.75004963695097 11.341317099885053 -3.3499999383749834
41.75004966503522 9.928682945950422 -3.3500003011481096
42.979999962921575 9.219966802551602 -3.350000230850484
42.97999997831519 12.050033161269655 -3.3499998893501406
44.2099503526184 11.341317074171902 -3.349999931309504
44.209950397804086 9.928682969325484 -3.350000103715436
45.43903975420368 9.219413024261147 -3.3499999349641687
45.43903974672907 12.050586961532758 -3.3499999196543904
46.660959763113716 11.340803684835786 -3.349999926093883
46.660959771297165 9.929196328957495 -3.3499999401583116
47.89005006209481 9.219935115358675 -3.349999957333197
47.890050044505905 12.050064867838815 -3.3499999394334634
49.11999998142516 1.419926138176293 -3.3499999080715446
49.119999993751215 11.34134811691673 -3.349999941859859
49.119999980729055 2.8394909718066397 -3.34999991915884
49.1199999995747 5.66997733477744 -3.349999987004515
44.44067429068909 5.925199744099924 -0.8480796345388575
27.8383681551419 2.6406873041998455 -0.5455329426621935
31.842723429743476 7.776481689728667 6.066943240705656
28.05818274381762 12.393446453604938 1.5966003939167106
29.025449227170927 6.515639962952997 4.501233373817916
26.668461185733452 0.8277054551935925 3.2372200241660964
30.504544956105033 2.0156364570913077 0.8892934364413918
28.099119516476968 2.5722633101974064 1.2385575322325204
30.999517895918427 7.228766372724131 3.8339080204954734
31.160748157490197 9.94506400228875 1.57601553153902
31.861817949685737 10.430255983952106 -0.4864828479195882
31.383156198161124 9.434112275448753 0.38397082505133295
32.32236279598985 8.440533308626701 0.510270903578719
30.222047517574097 8.866458696617533 -0.11048046007629209
29.273112696424967 10.430519570720966 4.7300196127132255
28.49553278485034 7.607410561047697 2.042328281720749
28.14702591075513 10.162137903154123 3.9721946012334186
28.495451592260512 9.892834154846913 1.6257479833994815
29.99316834411855 9.299025020222428 4.885590606204719
30.098849447417034 6.94659584812896 0.42525505433403277
29.952498611582115 11.448648927279846 4.008935215382088
27.15416816843568 7.337875592066152 1.6907457356842592
31.671204742440967 6.508288453650017 3.3910216373370536
30.295450655138357 5.99398023966603 0.15327809241975743
27.15069746148197 7.145863622972755 0.31472660105006267
28.979685618888436 5.426603435465961 4.5034993153415845
28.44243026145642 4.9647937413927945 0.4205772870544955
31.361696064376474 5.210523894752777 3.6834934478465375
31.567704256696484 5.641957939323713 -0.22152243434180652
29.504727538479855 4.938347422710362 0.22763924610927133
30.356022430490796 4.765829570462618 4.667826706372348
31.582775556115326 4.310779244657946 -0.34250760289589843
32.34186097887205 4.575675483568887 3.0992091186462742
30.286180718395887 3.893291181853716 0.022853212755962193
30.206532287152974 3.7092789895175913 4.445445125903623
27.60570663845344 10.982893578364132 -0.056901694421009896
28.440496392133497 2.2261354608844983 0.26297701747096336
29.9257849869017 2.4405362599234466 0.06917328873252693
26.642203275598206 6.231710818536936 2.390243031078673
26.379361694711008 8.46035102914115 1.961951718061471
30.573538592061546 1.5807477851609462 3.308874951039434
28.374785550783514 1.1423239792334121 0.3585529437729895
30.753328031949298 4.840309651610662 5.680101855150831
26.095741005291526 8.99637787713997 5.757377829852493
25.25500052051683 7.176240144637297 4.758598290813502
28.503548973778035 5.1512667544784305 3.562444796572124
25.774593850379535 8.850248006150977 3.706620763699079
25.727813294113716 8.412786217206056 4.61576253639736
26.588186355465925 9.954087562484919 5.839168635558777
28.3730585082041 5.174469347070132 5.373287766884874
25.248024027314383 2.7553304777187706 3.602821654695021
32.387554665458225 3.6208844185237177 -0.5493305081943112
28.87328685457538 10.973398995613493 5.966864393272138
28.900455957999565 1.0294119383733225 4.777578028027413
29.732247861327412 0.5732437334457227 3.7810877989359803
32.438335748367344 3.503137210985605 3.1813935032777243
25.031534589088686 9.250971874090697 -0.20870251862814881
32.566184738665385 0.30980476337713786 3.8020501231799297
25.945884169686927 12.74907224004945 6.126233475288019
27.33906545028069 12.228360937933797 0.4517221667244953
26.03210462775478 12.431095157780419 0.6252229592272662
25.50117111388535 0.31085831532477687 1.1898952844091848
32.2038232085672 0.07742288616192006 -0.12206069485034776
24.970499396856372 6.519793358536954 3.949563849160999
24.659171443920105 12.455309035105046 5.937916584299901
28.866480985569545 0.2314485182213981 2.7620655997321464
32.35946065419644 6.36401309302904 -0.3562746596517308
25.632575575753453 12.701764293063754 2.913332618483021
32.17352665449506 10.964414510129629 3.3898047824526523
25.527514370343013 12.683107446042861 3.988048425241577
25.379381949575446 6.943545154890806 6.059312161467644
32.6833434327958 11.916348867069315 3.372259619398501
38.483975878729574 3.170915024783881 -0.7210461857373429
32.76250138702186 2.6910917928727778 5.395319745497539
33.16151402227359 1.306357079985815 1.5785480332110469
37.05245925400893 11.862299633399978 6.092340631471119
33.5824958895185 10.097656218942813 0.03626239117850094
32.795788966704244 6.6272180126284574 2.697275515743791
33.13734132512219 0.08425857586602599 0.9074542452974754
33.35812479916948 7.518723123683409 2.461909739620457
33.248773298262435 5.373712779172478 2.5464525954892627
40.02300092259971 2.3355036881110305 -0.5310909339202075
35.00356992335699 0.22038835327558123 3.4981823499373856
37.52126075452393 7.716332485307187 -0.7770121121265972
38.64122945145813 10.008898281069834 -0.6870939506619655
34.03767883425932 12.118394784483954 3.5312937220288534
34.752317650781926 11.409021691822861 3.609914185950731
37.455155453014896 5.207770002635671 4.9150219162286035
34.08368533267924 5.067105519034642 2.067898645657329
36.83481547551117 2.6483956470686425 5.141556446788364
40.023654757556905 0.7743810144849537 1.902396448482312
37.90334830336843 0.47387032956608577 2.4004617359682214
35.894673256343026 0.8119998708373476 2.2468211901810875
36.79807580232871 1.0177075375352012 1.8447662239642415
38.99986864676001 7.482946781808865 -0.06264070478028572
34.414951036767356 7.639235857639521 4.9415954084553455
35.070913263760346 9.458527857561933 3.636742765646095
36.457735565504464 2.2299268564816552 0.19221934935387042
34.53430423046515 10.432245255857424 0.08328428599375992
34.9975376841005 6.190126959163386 -0.30646348102486787
35.6531272174521 4.806208613702302 1.3481910816209297
34.91275626207186 9.497681146106798 5.926367081244642
39.232790368565574 2.859034112837077 0.007038395326111058
37.407753567288886 4.342858933117232 3.4792385999667728
36.86630219801938 4.842918897676904 -0.48885990421134506
37.61487603770337 7.443414668777283 0.9656303404326816
35.364417332490945 8.565028932955567 0.5015930443195438
40.11421474359367 5.642904868577122 3.680007795043788
36.62382990449211 8.38455280384091 5.0573219132364
35.27111377775832 8.741232461792602 4.863304909414472
35.04146333920187 11.652415646684803 -0.0888433169521119
35.488309792019066 9.592873933921117 0.19404579185396953
39.47562850763937 6.795049975978126 3.855520261465667
38.41889305848573 6.984063611187686 3.7372661439619694
36.662899900560845 10.192133836953445 -0.0708108973431465
40.42856334112028 7.73553813011929 4.155452366547302
36.373893270116476 11.546857044976909 -0.1089899967211938
38.45804622125844 9.843181182595261 1.0569172108481961
37.044930245218524 11.839431582543417 3.57530712591007
38.02963746245005 9.559901368486768 0.09550237693118357
38.05548477392446 7.991033808112311 0.1325173709452987
40.32049697498142 9.706763821264179 3.3301824746835065
40.24602471692138 9.20755762401163 4.296281359948827
39.240235073197915 9.375379649691402 4.681408561720179
34.86308280898576 3.96539881095187 -0.594309300908058
35.62731484680283 4.975043604538875 0.010576332458348547
39.733487737574 4.687846233873136 3.3493872402218203
36.74793948917948 4.671696163920019 4.282115588248134
39.10964024471376 4.63205313095518 1.1302119315624926
39.87729089206238 4.012359343292434 0.6667552525079368
36.012152520515485 5.3785934735371175 3.8986918925273795
36.138696888235145 3.465304222728132 4.951347898481236
35.36211875245385 3.092629446248515 4.2834108428916835
38.49353874650207 1.901488371396291 0.8268032191000718
37.192223141673495 1.7283448841726183 0.8048722083182225
38.988923406659936 1.0634653302376056 1.7921182098020139
33.96696854745156 5.2644943123865415 5.581613695571766
34.51533719515265 12.58347703987396 0.061874839779206825
37.12887532318575 12.308268954949135 0.020060392287446493
38.102670117322816 12.706483312418554 3.3563797260538597
39.27975429920807 12.14134854014241 3.8988332285413585
40.43783402773884 4.567190853149785 -0.08560994394192001
40.68799281685564 2.6376078845897806 3.966382238924684
40.581753600322884 3.53671782145861 1.3491022577455192
35.42829912056526 3.747624618398109 6.207288256791241
48.67320975416985 11.557210850170776 4.316713349301974
48.96284067480504 12.652462898128055 5.0607641426768915
41.98135923559138 8.331843218544744 0.67972761403015
45.27440877503259 8.659721776159408 3.505682887780627
44.788851177500206 7.356209657647647 3.2113771549412142
41.10283697891528 10.091592504242485 -0.502012211507098
48.31815198504965 1.471614091973427 6.020995253163441
47.42743823953492 4.588129692282502 2.7917474051564026
43.79819370637758 3.630136094897796 -0.7212121306958819
48.913523683247966 12.748999853726222 6.064929692080798
44.86574759819225 4.4541267301060925 6.055995757643804
41.03551533336973 10.982443728512106 5.3296038631494635
44.24068355995905 5.484633681460203 0.12865228997253952
47.290526742106834 1.8825758487078852 0.192357612702867
41.444653638527576 5.828128856905212 3.9490547508594642
45.6406522397182 1.002221671617309 5.724857444403147
47.84995305001331 3.1394948193068215 0.11502912433310586
43.80539773456392 3.5886282171690156 1.0397019450982503
42.16363502229508 5.1189078545191276 3.962144438177285
46.1021818696718 2.895722019579117 5.239783424398587
48.729765171893355 6.818057736757642 -0.3757746989063515
48.84906249831189 3.2725043338352737 0.17974990459010187
42.48234747876648 1.304220316475022 3.399484604653158
44.933194942431435 5.924819086779586 0.8461234003574758
45.77342970479957 4.712344983658759 4.194135093845745
47.04172050292818 2.9355067561388895 4.171272570897651
49.10500529585407 11.760817547494295 3.0684649206378447
45.02920166645176 12.647397810877298 0.06626845287757033
48.89200530918395 7.36829566187712 3.2527875094827277
47.88184573969911 0.985548400723484 0.3022830455167158
41.22439678681494 9.545916454799784 6.206792817824823
41.56646512576506 7.09107008421129 4.237270208969663
42.33074961395676 10.354591886564242 1.5096977404453638
45.03255275339792 11.881052559769104 3.6299612901572544
46.944939100264286 8.444507981932123 -0.1781514400339823
44.18233177036238 12.545095134296025 3.5792489718445575
43.34207574184999 9.67736945462145 -0.44674365824191486
48.45343178558466 10.579225835288232 4.718761798241877
45.241208297638856 1.260801805053861 0.2897675655200005
42.77284747594626 0.9598566311386779 -0.002597845518779174
45.43237970904396 10.113895770828494 0.23566399100893975
44.33440997331983 3.968177839697996 0.16552339601965005
47.18526080747067 12.07890354441884 0.16383797568566894
42.50810456464082 2.574793300666197 5.235120821413829
47.35665197100125 6.763044304782675 1.360848036743112
43.210100363764255 5.830405525661969 0.20890257180286254
47.98677398608906 7.673225458984817 0.44960781241018655
41.277508462858435 9.929152580917611 5.187769156830424
48.39501492026805 6.2535171685750015 5.3361968237930055
45.67327683670572 3.375761118792495 0.11947816138475398
46.6098151259104 8.604434338493745 3.6716042852456265
46.8526871137429 4.000435035837041 -0.023833892169238258
46.96250253351403 5.074511736831082 -0.05028789456075988
45.429745949724314 5.623905496911669 3.9276038438625296
46.845657923563735 4.098573417378454 3.5587326187023907
45.518736802695585 4.0407320147391195 5.301602022168308
42.076336262345 2.5105458374110996 3.945385401478224
48.822725932775064 8.450624388923156 1.1931785312644372
42.154557420196504 9.614437066241415 0.29157803707327123
42.31768800608717 9.970605971600516 4.864646680935499
45.997613914219045 2.0258882467025017 0.19546337626082932
42.8307907276252 11.447969995503612 2.4747801838262564
42.51599495168064 7.559424150546027 4.450431130071238
47.797200351834434 2.1655654414647723 4.117975573115592
43.03936731906319 12.274955815075796 3.015788741772604
42.5525609195818 3.560614664770735 3.17935238476141
45.101489111795225 9.56457885759199 2.4537107858105065
44.60297009392747 9.044284626663343 4.655742448695268
46.0867462427732 1.8554504369884846 6.235837693877709
30.12521079765032 8.972225028115414 10.195895381468222
30.984236000798056 8.679551270648593 9.071352877118247
30.66671592530262 8.48796036851489 7.694927872917017
32.195790264589235 8.36416765502697 9.154479631351865
29.676460544380728 8.666359444313565 7.302540245177148
30.59078182390621 8.724513873781001 11.149825569804156
29.280611311386757 8.298316240193502 10.052373069901572
29.689134946784552 10.417624281941965 10.370980660043443
29.275169003335872 10.81168127789923 9.442836661720914
30.599768350133125 10.946829207031733 10.651674357844712
28.963186787205203 10.444996076394338 11.18359991567033
29.985331473642983 6.112507453825369 9.272219942673024
30.67198578262224 6.09773651063437 11.41966754596923
30.698111140651957 5.341733682579275 10.224096320644042
32.04428364630021 5.2145113251159465 9.794742429184158
30.164600025142633 4.090197002906647 10.368233599908441
28.005610167162907 3.4681188294798826 7.573979469599363
32.18515738666757 2.86755816464532 9.712299475705905
28.549313085256713 3.9621327854325847 12.474408863581907
27.883328474493585 2.387303973769242 8.74947764544192
27.619140981894816 3.4205760687513607 12.56326932046351
27.43202605447495 4.38711350769961 7.6946030475639855
32.2409107310199 2.178614465257576 6.582949136266427
28.13822943109596 2.903847002258776 9.674847194428555
29.034591653374388 3.813303480910849 7.473258779071637
26.924127996598386 9.679840431209815 9.600598003478305
26.593743396345427 9.624053464712635 8.563373905041693
27.319619116236108 2.165452452497455 12.940171678711
26.5767390489127 1.7791987390604385 8.786233347479486
27.115269494878483 7.5288319549137865 8.302827598901306
26.28685706284692 5.47058860638748 12.037949785103757
26.45019965571048 4.0525146044996605 12.215834492826849
25.74025833738314 9.471272363899477 12.465003643659209
28.000911403477712 1.4016259370760005 13.284859760499957
26.285499414928815 8.208851547498881 8.110071357625696
26.425009001891407 5.936621060992113 13.013566407231783
27.336153317409675 10.173997628858535 7.985023729533026
25.683189914855845 10.2214202426236 8.60969118296845
27.027949882352065 8.939031195165448 12.434454840425675
31.21912157931092 0.6946067453351906 10.131028793573684
27.29013006892557 6.101618800720715 11.076719717562007
26.839813266209422 7.027858434581439 10.719795470707876
27.448175268398625 5.521127321516034 10.167791030791362
28.62914286163009 1.60945238315685 8.585746759374036
32.33707752608935 10.435938338966315 12.944563968225118
28.263675792225843 6.318043805858726 11.516570762684946
25.76504097079262 10.64492778327728 11.70133636937852
31.714089668402792 8.084132239835728 7.094174711451673
25.46187005133576 2.3498999544592354 8.360153399318932
24.890002196290098 8.510955682073817 11.850084102604344
31.427278613461834 3.0771372101135084 7.179108831211831
25.868389316592282 8.090740003218418 6.684841041827381
26.26847813414143 0.43780691969535745 9.019375337642563
31.553464493591797 1.0571154627548047 6.306171064785393
25.41759611751213 3.3951931099539507 8.092194376573596
25.493382150986196 3.1132733258867584 12.252130333742583
25.276665050864835 5.700242123961708 11.699023006557068
31.867855486479463 11.401710435998776 7.894458900174291
25.938983122439762 2.0122176812296093 12.723472570511825
29.01176422583547 0.3076501924266626 10.56353292072544
32.47917755167017 11.85595617501834 7.114685765707217
25.44732146669314 7.896796646782232 8.73311185903355
30.285902793132145 1.709471155662924 11.962216524198562
30.29227324919948 0.5503512217692567 11.175579509114456
25.063289259477987 6.102832247725512 6.659051454201967
26.580581069765245 12.682451173594432 8.773355140827704
25.44129063244663 1.1462854760738364 12.873684426574476
24.697993342230273 12.27672755662919 10.444559146867189
27.719223963443852 2.922588062991748 6.6748247969028185
24.98876244103444 0.2481575961031973 8.715644316731694
32.53853701080033 11.129383970288917 6.304334430804665
32.55999991573161 12.625143044413228 12.538819155323418
32.72066953841102 8.162060195950506 7.9667301110798405
29.123068380702247 9.983307294100934 13.316493316621578
33.499761761958815 12.098204224505363 7.411036491199817
35.49878670548109 0.13164120350870998 7.842928306462945
33.23369531989836 1.9111273377528712 7.49062355706028
32.76269895106289 8.358947499275017 10.073711534356134
33.7006423609945 7.703002537361061 12.179752345111542
34.09497583350799 5.993306483935875 12.334780411557281
33.712424565936224 5.652902969422231 8.2453391886891
33.08738602541463 11.397964870405724 12.317121856867658
34.015040418919405 6.931942811561011 12.883116234701719
33.12870605158395 11.156850027077857 10.890219838972598
34.088483779603735 2.3434283451107865 11.001154411178115
33.72709537176645 8.095261076469104 7.914338130775644
35.991934272877145 2.0994855348983177 12.344275538251818
34.28626645748591 3.5315204413602603 12.806515404911597
35.409358249297746 4.036878318677655 9.354067899798139
34.29593810484834 4.8913970878376345 7.749334408036919
35.0454360779123 2.991213404108918 11.803916999221972
35.18670111282993 4.080501122048073 8.369882525609844
38.41165122913754 1.9785997682051149 11.893532793388777
39.409820447319824 2.3119576140749345 7.584541424004972
35.78754714817196 3.3802787524830196 7.452540626926867
34.89831236378826 6.847193889419247 9.833241658290344
40.27743456023108 2.6052330217179387 9.555413378662085
36.594541563698506 8.213448146860976 10.495563432976777
36.99530860379837 6.587376267918754 8.977244419826015
36.02864873610288 7.517757861581734 9.424132583332295
35.718807689810134 8.41947385424581 8.415702243395932
36.375863947610846 10.955196512571577 10.531344414673958
36.153284173564835 9.97013674576462 10.51666449231846
37.043286830715964 11.52890147500204 11.521750874546841
39.5642898953139 8.08123851199401 10.289255035425116
40.201050186889695 8.94423641370762 11.22833213342399
40.25023990252801 10.944760120498321 8.710512368596083
38.8034653782644 11.785461215969995 7.404953791711017
39.406536488478295 10.731312072525352 8.070977787854153
38.617524137812445 9.671325206112595 7.883183853245522
39.92740992672376 6.97919162914964 7.097682074256832
37.47852143562274 10.94700648189517 12.320730884122117
39.0355544294774 6.091675977363506 9.572104459344477
38.8064825986212 4.921995101845461 11.644498843562733
39.94195333745327 4.8906620612131295 12.439823022570904
38.65774005250407 3.9478296209017065 8.918095242715724
39.09735924588095 2.6584232985668037 8.880358516557932
35.561180469508066 3.9737422365847994 10.987406782520667
38.16458910040502 1.7949139293603649 9.438121512353964
36.6258277251677 2.711074728579938 7.57844395994808
39.688481695682725 8.609490263199547 12.462547258153064
40.24840813183399 3.5906529689729147 12.737878936758186
38.78153020101367 8.663679694229707 8.235536707098857
36.45193186889409 5.837056167927432 12.66065461206393
36.43727078608765 6.78811493943497 13.172193726730555
37.710672556967644 11.305745546386015 6.743034719399873
37.59318538356251 10.029666608008734 7.013889293999211
33.103007951059304 0.6113112179134326 13.025933577280155
40.063931297181256 10.289965026103545 11.027909204042082
34.39204314050726 11.328181051912672 12.891552306313919
35.84050783435578 11.945263642980226 9.777758650275707
38.61693759987186 0.09261973636921539 12.975963998371494
34.39745188853811 4.701782662115244 6.396745397630443
35.07782018360318 11.876105544174017 9.016230775026555
36.81867986931276 9.452028740228238 6.719651801179598
48.85156441640859 11.746552957415355 7.705112972657907
48.882139297817126 12.715402640555219 9.725682318335323
49.043473509328116 3.448089606287865 9.528508354796559
41.40791209948466 5.20792783952572 7.154106989288767
47.95433792399922 2.2404252490070764 7.381967248677499
40.95665168907804 5.473142700140451 11.684492553249672
41.39742243084323 6.532666322429161 8.867361390511984
41.25419607666886 6.533551826210229 7.499382290688001
45.53423090504048 12.058248083707245 6.54018567983886
44.214705939635884 11.999552704920243 11.75197308329274
44.63049921019709 3.88451073223347 13.005845966292572
42.242924546936266 0.49504167129338533 7.547242416329855
41.528623547667316 8.693258156957338 11.179830741803908
42.12871345572318 0.7568232963405245 10.359062566198732
47.6396654401512 0.5730246470519972 7.377419815646228
41.75994743188024 2.8682699602587554 7.520482876399306
44.43280903763085 0.29109061429768146 9.294446806186091
45.45282730915749 2.1025655778815113 7.087413229789657
47.51549209737205 1.4615460291855709 6.758379643406988
43.31879443396814 2.106248745988803 11.566039954184877
42.25912035847135 7.290310051654896 6.952457148188078
42.76482191575726 6.875308161692145 10.78171739294027
45.20529241054349 1.6852155908704656 10.589785860234407
44.70003112296581 2.2690169431723084 11.66248507935247
45.81180257913951 4.243766043709323 9.350717759721
44.276373702341004 0.9681121111730407 10.027433762882428
44.506123832053404 4.6929844512538486 9.002238951470236
47.78211752978408 5.4536037587377875 7.4081860752604
48.54678765321985 7.560716702180059 7.188295717069875
46.7843400642366 7.745030863605389 9.461567615637751
45.69989814792744 11.674416660276298 8.794541139276564
44.51933858161167 8.267955593969335 7.0301554595193485
47.13150091121417 11.797781728716503 11.646727554869576
45.365460587262 11.113794392126355 7.570498898914099
46.111380346905136 9.46358406869822 10.793717113908011
45.740568832094056 8.227913061960262 10.278665347913146
48.040273840756434 9.465093735666164 8.663022764451915
45.563526388086714 7.285254286691102 11.271559781543882
44.5474398770115 8.368906556200159 9.5666986502621
46.28716659240649 10.040277611628705 7.38090596374073
47.81065357261406 6.592363139178737 6.555102141086956
44.62850960120563 5.9220818623986045 8.319565528877526
47.78047188325616 5.488634029876812 9.789361592850808
43.82042547188012 4.860504722846895 10.171917321493442
44.36756284447223 11.47257741434992 10.810149421006845
43.81128618214874 3.778993918540571 8.303347602897087
44.07864690449576 10.637640207595297 7.543962862288753
48.85447040880784 1.6780912246810664 10.980078190518103
46.210530189982826 1.775724740531299 10.205461647306409
43.07244498264963 1.1806557735200043 10.669121974147732
48.55173948199744 3.722640694994017 11.73042929158905
46.63821760617913 12.690650506589355 12.001490752736164
42.65660398704387 2.6868708329149946 12.191165385007087
43.31528428507254 12.607077661341021 11.651702869688064
45.369638236449205 3.2121724098201674 12.57026052063945
44.72216666267782 10.244344108179915 12.953346454317504
46.03020729346729 3.8069119170390517 11.939361606518933
43.95560350701957 11.019248287480146 12.951238968330092
42.999093101011155 10.499219928055442 12.89871898410063
46.482630099211676 7.044068863632362 6.322393018274626
31.96889637311145 6.681397451447451 13.616055678612966
30.11944797833269 10.945155315820465 14.404918447359025
25.31658157581154 9.79264085782515 13.745297801571162
28.452808217942255 11.836031352467375 13.821389082113424
29.103980322292273 10.595998819450713 14.217795009204911
27.25489299774056 12.28998172780059 14.30267060606333
27.62848380124436 9.3583778170724 15.17353482548656
26.64421947142485 11.611256676515218 14.879567606430886
28.582295689596016 9.792545813285127 15.473269762965597
28.316680812078467 10.488649577373785 16.268875372884057
29.185048048171783 8.948643309684936 15.808856054340813
32.377258606581954 0.3272528969794169 15.71429268669225
35.320779992225994 7.421179830495248 13.39126742932153
37.50585441019882 9.403712092301891 14.51347526797382
34.328988833017405 0.640173120930278 14.290342946033157
38.42507708213948 7.281681748281171 13.53441105578904
32.99780531979894 7.6982624279525815 14.66822717578919
32.96466961314907 6.807348752509985 14.041110880415847
33.164817036504004 5.894455459239188 14.602062611433443
33.58941524509446 0.011149805721221687 13.794903163628964
37.44216229360259 7.436218309409623 13.707895838431604
36.88098011251866 8.573188432333984 14.219940666343637
39.65593729023139 5.664773021095452 13.58852976161359
35.552317594093275 8.599304971229355 13.99337241094741
34.75857984759353 9.304793582180476 14.19000966485013
43.876534458569594 11.536186276536117 13.907598315588846
46.10845959758648 2.515459553069055 13.71230772559532
45.60973094738908 1.5838461852933756 13.979639479216273
47.15697619517858 2.3251789179161726 13.48316535810934
46.010191215870364 3.051827385110665 14.656104777057244
25.78995089579915 13.469999505455402 -3.349999887006563
25.789950373683137 16.308682975173912 -3.3499999762424904
27.019039777332647 15.599413061183434 -3.3499999496075317
27.019044314745454 14.18052046053344 -3.3500000032625876
28.240955696624177 13.469479579762233 -3.3500001299869986
28.240959772988855 16.30919632442014 -3.349999877243528
29.470050057015 15.599935141471251 -3.349999865280772
29.470049112800517 14.180000509742785 -3.3499998715759736
30.699999981603195 13.470030711600172 -3.3499998956602903
30.699999979134763 16.30865188162486 -3.349999882437822
31.92994993221937 15.59993518542306 -3.3500001120084475
31.929950859031297 14.180000453942188 -3.350000226715802
25.78995036929972 17.721317031552914 -3.3499998520388443
25.789950892532556 20.560006189185486 -3.3499999039070616
27.019044369209674 19.849479778591054 -3.349999899690015
27.019039766173947 18.43058695213501 -3.349999865695504
25.789950778734532 21.979991338535573 -3.3499999984027373
25.789945933358197 24.810544354288126 -3.3499999283662873
27.019005322816994 24.108918206976107 -3.349999991773809
27.019044529148857 22.690463448132363 -3.3499999468790986
28.24095977407905 17.720803655165785 -3.3499998735708014
28.24095568953974 20.560526355075197 -3.3499998922701426
29.470049098321795 19.849999712499184 -3.3499998905083683
29.470050062410955 18.430064866486145 -3.349999907668344
30.69999995493174 17.72134811110779 -3.349999927276137
30.699999993215094 20.559974927605197 -3.349999889705119
31.929950901900188 19.8499997198883 -3.3499998831153723
31.929949885028122 18.430065019473403 -3.350000347820391
28.240955969763696 21.979471051757855 -3.349999892426172
28.240994674927297 24.811081789338388 -3.3499999290852656
29.470054052465123 24.10945565972194 -3.349999898153065
29.470049085692814 22.689945743335713 -3.3499999014785518
30.699999996536757 21.98002263438467 -3.349999907894471
30.699999997553007 24.810510184407566 -3.3499999177987574
31.92994594406202 24.10945566342168 -3.350000023965438
31.929950917437147 22.68994573714692 -3.3499999461313
24.560000000615887 24.109489843279057 -3.3499998997166083
32.260726438217404 17.52729905003928 -0.9887113764479516
24.56000000137335 18.43003313524602 -3.3499998724523214
33.15904435144008 13.469479542354794 -3.3499999403707736
33.15904026226169 16.309196286297233 -3.3499999817959147
34.3809602489613 15.599413056937319 -3.349999848436649
34.380955676906005 14.180520445852203 -3.3499998684700083
35.61004911486161 13.469999508366755 -3.3499998710313514
35.61004964056808 16.308682944775498 -3.3499999154453466
36.840000012936315 15.599966882634275 -3.3499999795897386
36.840000006292605 14.17996928945863 -3.3499999546244874
38.069950906535354 13.46999951108512 -3.349999855831174
38.0699503844184 16.308682957755572 -3.349999982937175
39.29903973123529 15.599413069705104 -3.3500000849425438
39.299044329491835 14.180520435572985 -3.3499999460222476
40.520955666147536 13.469479569282875 -3.3499998899016328
40.52095975198254 16.309196372249517 -3.350000257290665
33.159040399142185 17.7208037100148 -3.3500004133593295
33.15904433137469 20.560526351502542 -3.3499998874998296
34.38095561375447 19.849479779616505 -3.3499999832987215
34.380960259072666 18.430586972653785 -3.349999885725391
33.159044038956516 21.979471053841866 -3.3499999016087436
33.15900530683432 24.811081788436802 -3.3500001977965113
34.380994698837405 24.108918197511265 -3.3499999711898254
34.3809554963418 22.690463433956573 -3.3499998960259134
35.61004963515786 17.721317022314878 -3.35000012601969
35.61004910928564 20.560006322596287 -3.3500005470361094
36.840000097915365 19.850030929360074 -3.350000540422884
36.84000006408778 18.430033130926468 -3.3500001999650344
38.06995038483883 17.721317062973334 -3.3499999416072903
38.069950867035104 20.560006098847037 -3.3500002541662974
39.29904435171056 19.849479749248708 -3.3499998897038163
39.299039750256426 18.430586975740482 -3.349999868889837
40.520959772568254 17.720803686859245 -3.3499998831989073
40.52095567091607 20.560526344449052 -3.3499998842048804
35.61004925798887 21.979991340958502 -3.349999905068536
35.610054064753015 24.810544353371373 -3.3499998906046438
36.83999999863225 24.109489812748613 -3.3499998937695707
36.83999999217469 22.68991479853227 -3.3499999080567666
38.06995072333663 21.979991376642257 -3.350000508497526
38.06994590259566 24.81054437712787 -3.3500002044417085
39.2990053835913 24.108918176893784 -3.350000197744174
39.29904455360003 22.690463455111853 -3.349999984049483
40.52095596665016 21.979471057018042 -3.349999884921311
40.52099469015884 24.811081800192504 -3.3499999817609982
35.70872150844597 19.931956813169155 -0.9214972432110158
46.66099475685977 24.10891826161971 -3.350001049255922
45.43900521238311 24.811081811484577 -3.350000409657632
46.660960224043045 18.430586988759625 -3.349999909539416
47.89004910086659 20.560006168818983 -3.350000092020461
42.97999999316956 21.980022646809157 -3.3499998865837144
46.66095563090835 19.849479784767546 -3.349999933166931
41.75005005768182 15.599935138739275 -3.350000286673327
41.75004910062886 14.180000487527991 -3.3500000103236314
42.97999997376207 17.721348129951192 -3.3499999111604484
42.97999998586941 13.47003072379825 -3.3499998662362387
42.979999915632106 16.308651932993904 -3.3500003592500383
44.20994999097257 15.599935074252322 -3.3500007150717015
44.20995086524836 14.180000476703317 -3.3499998951675525
45.43904429156619 13.4694795625207 -3.349999965673941
45.43904023005153 16.309196339461238 -3.3499999324167726
46.66096021790541 15.59941307014461 -3.3499999613281375
46.66095565279076 14.180520442290852 -3.350000252166223
47.89004911178129 13.469999501819906 -3.349999972462334
47.890049607441206 16.30868293848078 -3.3500001151713175
44.20994592118465 24.109455667055915 -3.349999890011497
41.75004908242277 19.849999706013488 -3.349999842115495
41.75005004326694 18.430064858807736 -3.3499998131416966
41.75005405660699 24.10945566002311 -3.349999983196633
41.750049080548486 22.689945746578374 -3.3499998725869675
47.8900492422733 21.979991358323367 -3.350000184846731
45.439044012071854 21.97947102420419 -3.3499999786492007
47.89005411195527 24.810544342825768 -3.3500005266559816
46.66095550386699 22.690463319894334 -3.350000551560648
45.43904430975742 20.560526371128052 -3.3499998981768844
44.20995090190994 22.6899457495796 -3.349999915617362
47.8900496221086 17.721317086319157 -3.3500000593643287
42.979999987497976 20.559974932002774 -3.3499998924492735
44.209950893354296 19.849999725562697 -3.349999946495017
44.209949916922426 18.430064861200535 -3.349999944636628
42.98000000921176 24.810510185472218 -3.3499999278187587
45.43904020173262 17.720803674775116 -3.3499998824933677
49.119999985372644 14.179969296056326 -3.3499999301212102
49.11999998665002 22.68991486364353 -3.350000026368185
49.11999999579591 15.599966855507072 -3.3499999722678586
49.119999994713694 18.430033182813073 -3.3499999333056527
49.11999997827592 19.85003086723733 -3.3500000533542904
44.01019985018505 15.803733540496989 -0.8900696100071559
26.496752691830405 12.908461534438784 4.890711677491883
32.39189357142282 13.77016320456247 6.172468431496228
25.65846116501484 22.803111569613897 1.540696616590741
26.574579487644097 22.44026955363484 -0.371790196161208
30.302244743176168 13.142647152013145 -0.051679804304235466
25.19493119580747 19.270595200159796 4.84927438536837
31.23805783418129 18.870992790885353 0.9059600554626479
27.209846569457248 20.091322992224896 0.15688010326604496
27.530410719985337 15.75588564671805 5.06877822800382
30.408980685515317 16.136025281675433 1.0256504667433064
32.32401381346347 24.804431269179496 0.3114039211716413
31.62371402477209 23.73178266642239 -0.1799060632005811
30.42194182633218 22.58808718687239 1.3651079668673005
31.83962078324918 21.834127676462096 4.797026198033102
31.272789759819048 20.974642412908533 3.8637836461920805
29.93068950616398 21.2493590770162 3.805807698590007
31.855622974370025 21.224403013219828 2.550993061596479
29.560892431931 24.33755577056517 2.7427590225959406
28.324918611899225 19.39153494762452 1.9611803351829726
28.41534290462216 19.69286686311814 0.6081052674249254
24.815074816426446 22.440531213194006 -0.5069175055451447
31.478119449639426 19.617872520900082 4.065427300494631
28.74487153492022 19.268519886322103 4.295682310441054
28.92778298453943 18.55809373129202 -0.11910420465016669
29.34399339044456 20.776223392421823 0.4775143671195181
32.44996251203553 17.300898200859947 0.060589516689941725
32.243327121759954 18.461400314813588 1.0047915440625432
29.957698326953278 16.992675083626153 1.5040805554172754
28.623304273737677 17.09578287871328 3.7066580223024648
31.53839927175025 16.145828918127158 0.3552316134150646
28.509108864463546 15.769757858990157 4.103435329676702
28.050577618717153 14.965013801162888 3.0592193920050823
31.726335382944004 14.851002807333476 -0.1616499369368063
29.89202877295566 14.958417510695465 1.0165731399837552
29.703845512147065 15.309159841151786 4.545024812418854
29.05251615630194 14.74810160762223 1.537232133582176
30.603292048254602 14.146183526916944 0.21039893269759857
27.389836353313562 16.623295489503928 -0.13960597437119304
26.495120337369404 19.684259603350164 4.780690066179428
26.2831715845276 14.410361414573948 -0.45150569679329844
27.778269850412638 13.265120456500219 -0.3865070518950531
26.49959058567523 23.414751778979795 1.867036244147533
25.75593919426094 15.246442088632367 -0.24391207184041752
25.01135472745699 17.965313878549907 5.231857149060395
31.92059710313663 15.735482312921588 3.1541413024381426
26.338760010167768 16.503178462919212 0.07767361790866123
31.19085260215266 13.44632010034826 3.060278128293834
32.51281454632623 24.61833916917713 1.690907304869973
28.095219572083867 21.529908649942577 6.05349241700916
29.842982730502932 23.31917090926009 5.573152366474806
25.856462543780832 21.77510056800528 1.8441580401895485
25.393761683138656 17.28481088531516 0.5533952971294942
25.663238610947513 22.9288799416737 -0.027090768883050176
25.393334970499172 18.284544475693806 0.9619691169888867
32.21833429045115 13.13107269369819 3.1665817162832965
25.754750576356408 23.99185545919943 -0.2502691941545654
32.5737427975824 14.55958116897816 -0.7644551312981451
24.68169116921667 19.490380262972103 3.5785100263656675
27.980197957434928 25.287896756911582 4.030312850837823
29.277612166837358 25.4355544299452 3.5474840860262935
24.619927319687008 25.167258772677176 5.572985690420687
32.308260231072516 18.16823364657902 2.0526164321447737
27.566459942061822 13.042018872733188 4.825222469566313
30.889368750052682 12.851243358940483 6.196936024045906
27.360171343030682 23.134757663501837 6.170292905277931
39.923602276771994 12.8726558134124 0.16235816594779795
32.86267832884348 19.680923117342584 5.658857017548397
32.83497085726851 16.181862561233963 5.357229248911539
32.981184449872345 15.528346741731706 3.296792398858676
32.973110667010786 19.2574668226255 0.8571633208719587
33.327967809033844 17.44915844873254 4.176877306142025
38.52866322504923 18.904758761772428 6.112846507489148
33.49784049404385 17.01651190657769 0.15638184748496764
33.424856227423916 16.403165404317395 4.467757325896956
33.50574697051703 24.975862010664457 -0.39317006854870495
39.58101118964671 24.68943885750541 1.5543555127157926
33.669810137836734 23.214895803928044 3.199966832176717
35.89458544904545 22.47224922552409 -0.29429071612571245
34.486637487576765 16.27579112565283 4.678698902883731
33.18106131610268 14.091932430861856 3.4746335581290397
34.2978738840431 23.368853297568677 4.064971468530859
34.49579549230818 24.527931830739256 4.683222595651584
38.12194563022081 22.274446302299726 -0.7396433072641262
40.623747135456185 21.362467751695103 -0.332399877920595
33.50284336670358 15.81767403165324 2.3845086195151524
37.79249668552268 13.922252979457637 4.030809145114037
35.165338972292496 21.54712501379557 4.048712265626625
35.13837347849909 22.45484249754393 4.4907776815043645
37.10048929427963 20.190368820467963 3.793538522080274
34.37565078431757 21.530245701363125 -0.1124364805337541
39.815040387219085 15.013662658835177 -0.17876578039570545
34.917541098590085 14.880418688822763 0.5455929545829685
35.495614743963586 24.26069755283231 5.576369474902384
36.85629426142259 25.096938583678988 1.907987101587444
36.104120358270464 15.574611802430779 0.462359714516839
37.26142895196758 16.170344262180745 3.9968567184763018
39.16846298310942 17.3178752868382 3.8164687244811435
36.026007776416094 16.798255989854983 -0.1777513042479839
40.373954594386205 17.005901956975478 3.1867885709438815
37.91847115218464 18.46109093333912 1.1337612624366278
35.79421905430616 19.357552083996527 5.430712094896979
35.38784837913566 21.68353382434629 0.2618077985435252
35.97180953178265 19.412547735286175 4.066320441057779
40.35748882314629 19.080622724697115 0.6370516701297613
35.423546363122156 21.890782005435756 1.3313281795833676
36.0242484851235 23.05845007407118 5.309545023441165
39.54026553258946 19.62604093836649 0.40303229975459987
36.00286966314493 20.290856076246712 0.06479286778256488
38.96629885954327 22.324603842533136 2.607902032944817
38.42200421943097 21.31416004323769 -0.34694094692290234
38.61805661906315 24.436246221972073 -0.481156238324163
40.75685839652123 23.907411887632414 -0.22613656100524238
39.94583381929289 22.3981437170797 3.080345838836316
39.68056547268649 20.866696534902452 -0.1562770467368968
40.17279490236587 21.19804498984917 4.051983937558338
37.52614800879862 20.34801739320318 0.12497936749745753
40.05156920900938 23.397568995420304 3.5023282331209673
39.372138211621525 21.25637820967692 4.789307543249172
36.167869098206594 18.138105157159956 3.4414581987297774
38.27692723935526 19.382217665034503 0.6985202053334638
35.62030497395602 19.586485877399564 0.8034449394476029
34.852808077199036 19.954938331234597 3.502339807172725
36.53841335889627 15.775065535840204 1.7255831286628398
37.08305720486162 14.805731549892474 -0.25458816463449385
38.8214494766168 15.18139207106751 -0.10988946606937167
35.18699620309343 13.884957761094588 3.881151408899406
36.387677197973844 15.519489143147045 6.126829004591993
34.25767555230426 13.39111071977474 3.6385030461971137
40.26396700822863 15.66414087795141 2.8224334224020318
40.47788316786671 13.77965141057501 -0.028774459459414148
40.62738376273676 17.739021039297626 1.9885071313226388
40.58849405876067 22.278112320390225 2.208175969764717
39.77594687111503 24.80710458051884 0.1918002173542288
40.59128655589237 16.997707097506154 -0.3072553332833372
40.78638705501899 15.936763940080718 -0.2549541664240085
38.7211487598468 25.39277523364199 3.6617301531917734
38.26902747970978 25.199999059883393 5.405757276862296
36.82993074414725 22.550286923759707 5.818510945838512
38.37176103966222 12.937984243353899 2.0160264314039478
39.992271617622 20.31927630580516 3.4328902900897607
35.18037989909013 25.201764711820235 1.515811842304885
46.95266239578385 21.046482306944007 -0.7207890283254526
44.853838782462006 24.813568911416134 3.3922343214861206
44.09853458255521 13.714107187372159 4.219269326691748
43.06675607419997 21.921798545066924 6.0024202457291125
44.22674227923983 20.204783618716913 5.609179046468602
42.558495608488826 13.333260381850506 0.1873913145707684
41.13694627402185 22.92522584130987 5.9863699059862885
46.2895882197138 13.10926088959675 0.37052509580026816
46.979848442027325 20.003062429885517 5.923005538339914
42.42485561099084 23.443729070919588 2.171147518200663
42.38774415608696 14.947435525612965 4.6649133831518235
47.164117991848215 16.30986080776378 1.7667003881998622
48.90794813784098 18.86923377014884 2.6866456354897963
47.07458288129245 19.92532796739908 3.0782559478382043
44.061118265722925 25.13122324450978 5.5977974069305265
44.06836427020852 20.055816226973146 1.825617571846192
45.88882908011196 18.456395566126634 1.9326308165083694
41.0927629418318 13.26165441940363 3.1377624540158413
43.324476646763564 16.680584967499307 1.8678222784319087
43.06917699026723 17.200786303088456 -0.37498443307254825
44.54572510372725 16.556930564126862 4.6742149991331985
42.57210318868873 19.555845343444798 3.8525830639315073
48.75362903649402 19.91634594570378 -0.07097244333542418
43.371295846487186 20.71337672052907 5.437003387650784
44.789712723586405 23.760975215120848 1.981373753130039
42.31202012127357 24.491354910579766 3.609938337334455
46.970254265543346 22.997179766740878 2.986548406338475
46.11589937006712 13.808033292164367 4.740647453369252
44.01386404355369 15.063814169547165 1.5280075443808772
42.445390933705035 20.404585099496078 4.5083153499890285
48.242923023251535 16.12692039263109 -0.563522131633375
47.72613334786712 25.171187391751815 -0.33668557006581334
41.438974152912444 17.23052693035223 4.031510184175547
46.637952634493935 14.201028194573887 -0.402867137773385
45.34659407317114 15.854318778670102 3.2510410998103567
44.252219834909546 24.536942099320868 2.526421264779266
46.39214310840697 24.91973380952604 -0.5538569924064463
47.14184415505435 17.621294934353863 -0.4011972273558462
42.82348206018342 14.133883507954124 4.1039627669397625
48.303609577438216 24.005636008289315 -0.0860245455830233
42.15023831893911 13.244883265264129 3.356542149787548
42.91895182240936 24.785397989572896 0.0912734722695352
43.40885036854399 23.103492523908063 3.609211519285812
45.27943634987434 23.035243098014263 -0.519897114233695
42.98274322214074 23.89440737801542 2.9919705667741914
45.20796122499226 14.394404452329018 4.881775722774604
48.96304092950348 20.985750911956888 -0.04607912398336578
41.7817010139289 14.071461904868137 0.05304597822347268
43.22824788078441 16.135611936979167 -0.2070558124258326
48.695184915128955 22.43144004584613 4.304902899959492
43.86613626848183 16.072810451923726 1.1430361082201301
47.44316986012004 23.011163904474916 -0.2519702209195751
48.366505359347634 24.68496881846543 3.8700495709888028
46.21657086806047 16.258479994224885 4.7273708949311954
41.44370474411247 21.177737191976522 4.781181780777226
47.155830200891955 21.40176866442725 0.9924207169279764
48.830923881445045 17.741708713619676 -0.4020900624228241
46.39596935826246 20.61648738461918 3.555940306804718
46.81343979915874 18.834224025142234 2.3434113829892347
47.55700353250761 21.59935600831601 -0.0016211332858018235
45.29029242032677 15.834694759545458 4.3394091543104
48.383476487871555 19.894222962979672 3.3630911832386703
46.195614678140714 23.603229654432962 -0.453500257090379
47.75442649814534 23.417934827551207 4.053964841761744
44.00606251797891 21.263576614500252 -0.09544184454824634
44.88946121880632 16.43552843115237 1.0463835673327593
48.029546988903796 17.078452652310677 -0.07653442438589009
47.95141166395266 18.1406008518855 2.160032752983041
43.79307355764142 20.009964021043274 0.44173769644752614
46.943058472733604 23.568706010983103 5.155442735508617
44.62506311363851 19.07403433849739 -0.1419223324373542
41.826185158100955 22.169339815251863 5.6399798421177785
41.96528693619533 15.40144037361418 -0.1891475670784426
48.042277439245005 16.85163292352588 1.4153900413069065
45.05776065631174 14.523248420806803 5.953661454248454
48.84988951638318 20.470247752009936 4.049206573894133
42.515671141129914 19.57245490606678 0.30035847169205376
46.29317294006965 13.534428016796147 1.6502430586901284
48.91827216407865 16.2375253955791 1.6242085907368364
31.49949891203652 23.906304443879815 8.321467754385095
29.34520885730768 22.573175065650194 10.706856348364937
30.12140396290925 23.062535156131013 11.759966097374893
30.15403504806541 21.89260179980867 9.765659246490577
28.587109294494834 21.57207949357132 11.165096206597916
29.684600680969737 24.407281672356007 7.304817656034155
28.52891484844673 23.529694077672914 10.1513303869567
28.813635777984583 19.56514862941915 10.000292796574277
30.28649869681092 18.46800685613421 8.5157571607438
27.858411656779936 22.241101623693385 7.656474475440715
29.72791029824355 18.38257429153575 7.2543767277903415
29.027198999434866 18.39222261038361 11.859391003387907
32.46566720860371 19.00878572083531 11.3398964042902
28.409481356076626 17.913037800544043 7.447765843174694
28.446432417214123 16.884709090415377 10.216034057208528
28.464756635908675 17.134197601570463 11.575002901296664
29.74584458743163 16.12289637092717 9.395018265385309
30.41963091766567 15.450242411480726 9.057900137611206
26.89320454234747 23.42878987029123 10.43095445805253
27.137499198699352 17.07570557019344 12.02212621885165
30.495735056157105 14.890925760319119 7.895082958375337
29.876886807045 15.183197614203959 7.059616616715239
30.44166753299626 17.54596957057453 6.449642671449159
29.472791705700484 23.14352270789924 6.583204996287554
29.237802123806407 16.224350952370752 12.163226603498066
31.211828829476108 15.154331263920954 10.982474410744791
31.240245437988055 14.809290912111747 9.959469204484575
26.536920693961775 19.78493486972359 9.168260907593652
27.62768591243064 14.587415979722152 8.228738613572098
31.896572353179575 13.921925940333143 9.240500730684026
31.38587443283739 13.942871649653615 7.965654110574759
25.953174807743913 23.504368405695914 10.792523238876448
26.427026056005552 16.736441964818805 6.825701261673166
26.66521096749699 14.353702723899007 10.290584968507162
27.348753773535776 13.722732954931221 9.298544680142301
28.62782687222977 13.237957681394713 9.723122645656908
25.574964564228132 17.970648978992163 8.479852528087125
32.54513137218653 21.661558746677397 7.203610635897848
31.76896923253434 13.116797777419125 6.783352124850428
25.152262281133098 22.540195857162477 11.204145088573078
25.502442279939135 21.543954850121 11.430591162551128
25.136325678311334 24.50750715092091 10.540828330695165
30.117755304887613 22.39885501659269 7.049672557517654
25.565189467871203 24.531272798446974 7.4472143379142075
25.173219968330702 16.287109617364123 11.086150994642853
25.387950095752796 19.086367679965186 9.229370482900464
30.701338484814134 24.60708659312423 8.125906224669299
28.094443236291777 22.463630981946306 6.615864184087991
28.393318686818418 14.837399770304936 12.79380230270963
29.668330928928544 19.633722906141664 6.706649936290269
28.211894165454883 13.929185452885063 13.196706629701495
27.92231769781998 25.473662999799227 6.862571346684266
28.845360765967087 25.41252396914035 7.419934346562156
25.09743444189527 18.685729416942767 10.558551478889246
32.492342676976115 23.593410836874817 12.18971679001084
32.69279998716398 17.18998978682092 9.819930052797453
32.51034361383983 25.286118422449615 6.447402492604065
32.675302717964854 13.227475000671769 9.519278260974911
25.412522306612075 25.3376311975183 9.907575229783784
26.365668959237322 12.888231163620214 7.034261847350801
28.983524695529248 12.8558192267568 13.13477578834085
29.979414165405558 12.880059314135789 12.717622840425806
32.82844382215248 20.667776305438252 7.51750634347761
37.10465029539577 12.81805762951882 11.32626026240816
39.54810298944384 14.385698796560678 13.133575702133552
37.78698306586548 13.840228233464025 12.112029025475477
32.96707988564181 19.61214907665773 6.661089748166708
33.003568835555576 20.156963763864635 8.731196625032629
40.33837195420068 13.105555117662359 9.225625173666987
32.92246842069412 20.658755821088224 9.684101370590295
33.46205119849459 18.586878146307367 11.208317746173108
34.19179475775476 19.38898125000363 11.318793756737278
33.587978132033356 17.882315581208637 12.030408981668412
40.17217723103827 13.031125119871334 6.667752720733655
37.09330401279109 14.109411300477321 12.908552627374094
40.56457216681168 17.7843315878874 6.314667021132655
35.594282271334144 23.469044593585426 12.288437262155508
33.25430813842476 18.805632814286383 8.640444333835807
33.266604930621774 18.530496966940888 7.338073745712419
33.29662053808582 17.50324484996213 7.006031350986154
33.516421171432505 17.903928128440366 9.813590529340448
33.325981244933054 23.151660132318447 9.990857287250826
36.27437892902969 13.094088001469583 10.280633796217577
34.6018918442831 15.472408722002813 7.550826909417301
33.88085158396953 23.52312729518176 7.856484660350761
38.269275894122515 17.236305778751202 6.614420071238861
34.44060903847783 17.34516924841139 9.666059851584398
34.400821161691525 23.359338265417918 9.060946871546275
35.249385895043055 22.28007758600487 9.058659854537586
35.93788268316451 21.38086684389036 11.679655560660786
35.10089850352365 24.437812375671598 9.484773981309399
36.77906234398207 15.485858916310045 8.34492946857232
35.92324105760077 15.021634235161304 7.318308939126527
36.9349852738865 19.268883979513095 11.103442659239477
37.15859923738612 19.821323305399716 8.066611275073035
35.98578131070529 20.725972702406963 9.46166591593652
37.04107756693602 20.48232355090566 7.2206400388884395
37.24291054642929 23.79994351048666 10.757564308623618
38.87285889657668 22.514525135838202 6.883391853687611
38.76457529715646 24.454651690506356 7.98697942047068
38.53734207890224 22.51245807944836 9.168331345206251
39.1757708000455 23.135435904467315 8.095603848500652
40.5549268741504 23.219874684301555 8.314024924845016
36.58317224905085 19.970634895808153 9.15721745573825
37.105377565282694 19.118656844965233 10.04760257888783
37.83734222861831 18.725143467231867 8.040461621095222
38.63151319487523 18.209433961696124 6.945940323494303
37.91996907943972 18.328106779413396 9.369085965133584
40.09515467090036 18.05941878190781 7.259163844964114
38.67019947995475 17.590640400874527 9.613417065863443
40.36718411037304 20.725679776152383 11.649780178875261
40.13131979652825 17.23768772843679 7.974391193105269
35.99990986862837 14.117204843757236 10.070161322864582
40.130057086494915 21.154515341526896 10.676142241438388
40.15888850354885 24.768430270618545 10.808385329810765
35.37006995631231 22.1915752310618 12.655116198031575
34.01774012336342 22.03309722155835 12.870823253789386
39.310670339530574 13.160646701138814 7.32283289623151
40.4888764287472 18.94878019351685 7.751220200588555
38.61566457966278 13.839745871223775 6.828979363872417
39.6655182632274 13.771086829075863 8.684852160357968
40.17190438677257 14.710722403986678 8.464039840692072
35.94971157323337 13.64583348770273 7.239217360124747
38.8181549222152 14.022764534747504 9.322608932857554
40.02282976100308 22.77032327473638 12.685829041745002
40.686946416189635 17.401965704346892 10.65961680559064
39.81632075633367 21.701602155802387 12.743180600613002
38.75273604846436 21.489908076355896 12.853058652700847
39.13767788509002 13.440169627139255 12.779138368390177
37.910175312061824 14.711585597379237 11.468864959737301
39.95165180960612 19.71845772491775 11.680384872892724
39.86871459130942 12.948028116412656 12.1376696880591
40.854466136995 15.171654294928414 11.289036636116725
40.5007333213097 25.323642617203195 12.954274825870154
35.76466112452343 24.974089838882882 6.341278287355596
40.949201946885815 16.874270268666237 12.785711192880841
45.146580821086296 19.08263021690952 6.524921295841017
48.78555884789628 23.656156465433718 11.080782520384709
48.781176192638654 23.13507468563721 9.729203736127566
44.16950655532822 14.682026657906679 12.43820050406843
41.363035522546404 16.48212335903111 11.496332175265543
42.73097920287164 16.604709872108195 11.397179654051094
47.076512559004634 17.90211204905947 6.7466676817124345
42.269952682258634 22.70323328133902 10.917949901103283
42.62993039620897 21.76214971742077 11.306765758956562
41.83778168079212 20.720128487314 11.692508325491053
42.35453982183295 18.757050366541325 12.562215342342487
47.2826313123193 13.755029033655726 12.473961377209633
47.43855623876125 21.635082411206117 7.33845769089193
42.57453525118651 19.766814916011814 12.248563360511328
45.14508095714326 14.219613274956487 12.409417700034002
43.295778909243914 16.769187466531296 9.056140262499424
48.044440185704694 23.13385855142068 11.685801543418796
43.88742228788713 21.403575368593316 11.39944462848352
46.35459601197027 14.715008900950298 12.81187029917927
43.10588400894344 14.716168999480175 8.365760761442472
44.7514376827045 22.01121130536028 11.174375825787205
46.083592968416276 15.075071628619936 8.924482949920009
43.335802711132885 25.042917121510495 9.34513526215859
48.14824212105505 15.002978172661702 9.745097259493287
43.832392561236674 16.056339313018388 8.430046580323816
47.176423322811786 15.457910181125909 9.62260198996211
45.75051035568455 17.080127652906956 9.709138681662967
45.18239148340526 16.094192097827833 9.046823391925766
43.839622998968366 20.138375666903176 11.999764189592717
46.963649901069715 16.721018996057026 10.03086273208975
47.64546154189594 17.30754645831515 10.490447786752176
45.244859983487984 18.002098583182626 9.9554866162545
46.42923124512637 18.643378850969494 12.18677379733508
48.25356135564777 18.993695550887345 11.122325165194608
45.19400576098528 24.079727499613107 10.293721930518155
46.75823115804693 19.7284598735005 8.15542379589014
47.28910387259928 19.643688937920388 11.92336831342239
44.657758722949815 19.58805377619953 12.21862431367907
46.557440656821726 20.64561232765001 11.277051596829763
44.849815191682325 24.054311794768708 8.095498392676447
44.65858642972511 24.77371209261849 9.256382407267399
46.848755239241264 22.34217841566718 9.631087932991484
48.020339197837544 22.247794416222295 7.891822477957243
47.7669851955462 22.576990189862855 9.113287606514838
48.850189554368775 18.243242082729946 6.98810364861318
45.90250163367792 14.108704234681767 8.47756015074311
43.73453238033277 22.45589206735845 6.662131481447647
48.28575992463127 13.867400520870271 12.508683647944652
42.85884713421231 14.38167795296477 9.373326403159588
43.62546195629256 13.843502542422002 7.970043676293321
43.926518112766196 16.491525505611506 7.435132836001735
42.20103363133944 14.748411677665171 7.758878397255168
45.35370224517008 12.922135575939611 12.054659448944111
46.582129261325576 15.686059661793974 13.226224061691644
48.538312697221976 25.169879691251637 11.31631329584356
46.50466059385694 19.176787971892654 6.895576351299542
47.87645284300851 19.98775715547127 13.09788888700272
46.31274770476495 25.351476341594537 6.65477711093404
47.67384625941697 25.48966927201486 10.734477922194683
48.35077253585859 25.370400869067563 12.371168710308245
26.213044239833778 14.237647575099851 13.963447236279258
27.067880342717306 13.580432107303029 13.902430302976116
40.151902575835486 21.39341967662647 13.733386842761252
36.00049697379456 21.951261228625437 13.862045141595162
38.94437258167154 12.794165801472298 13.635533205662286
25.78995090741045 26.23005424773302 -3.349999918136881
25.789950890607212 29.070000269792136 -3.349999893256619
27.01904430957703 28.35947362855157 -3.3499998971017195
27.019044020780445 26.940528933554127 -3.34999989481231
25.789949953237798 30.489935093840597 -3.3500000130396836
25.789949945355126 33.32006488787642 -3.34999988941701
27.01904022239789 32.61080368236491 -3.3499998806520024
27.019040225837458 31.199196328962945 -3.349999899588587
28.240955476230045 26.22953655549023 -3.349999899234156
28.24095563588707 29.070520204274352 -3.349999931912484
29.470049118147955 28.359993790922807 -3.3499999573834014
29.470049235303843 26.940008651128696 -3.349999887694456
30.70000000972028 26.23008519833098 -3.349999892671626
30.699999971414215 29.069969108907625 -3.350000368326256
31.92995096099231 28.359993783428948 -3.350000159272649
31.929950783755185 26.94000866201147 -3.3499998693572275
28.24096024061323 30.48941303330217 -3.349999903281754
28.240960240436834 33.32058698288155 -3.3499998840630063
29.47004963749035 32.61131705863803 -3.3499998798767616
29.470049647511434 31.1986829473085 -3.349999887736356
30.700000010859963 30.489966847528574 -3.3499999528424427
30.70000000158541 33.32003316410148 -3.349999880823452
31.92995035763963 32.61131702075031 -3.3499999218283305
31.929950375160516 31.198682946784267 -3.350000014997386
25.789950904685025 34.739999745756485 -3.3499998697212083
25.789950883866254 37.57994573821991 -3.350000116908273
27.019044009379506 36.86947105702769 -3.35000008026073
27.019044267042204 35.45052636886292 -3.34999997675916
28.24095562852233 34.73947972846679 -3.3500001074440666
28.24095547267352 37.58046346881525 -3.3500000036595976
29.47004925583544 36.86999137818525 -3.350000004986897
29.47004917974997 35.45000617464336 -3.350000117981531
30.69999999454852 34.74003092901132 -3.3499998907396664
30.6999999858099 37.57991479860642 -3.3499999143240355
31.929950756837115 36.869991346916855 -3.3499998961905875
31.929950862750772 35.45000621501227 -3.3499999408149495
24.560000034452568 26.93997736268655 -3.3499999840863626
24.56000001802264 28.360025066611854 -3.349999954438184
24.56000000762514 35.44997496713697 -3.3499998764791394
24.560000009889528 36.87002263990955 -3.349999945661135
33.15904451895832 26.229536599588748 -3.3499999437364614
33.159044356544186 29.070520209584853 -3.3499999414424844
34.380955670238365 28.35947363757804 -3.35000012845724
34.380955976544364 26.940528941813632 -3.349999945817693
33.159039785134176 30.489413018801713 -3.349999978787168
33.15903978849638 33.320586821130924 -3.350000543753542
34.380959768308465 32.61080358915087 -3.350000060831672
34.38095977406891 31.199196314541958 -3.349999840988654
35.61004908149516 26.23005427380029 -3.3499999037681127
35.61004910419734 29.07000027777986 -3.3500000187364165
36.83999998713256 28.3600250511082 -3.3499999120308512
36.83999999716802 26.93997736851017 -3.3499998966002433
38.0699509114046 26.230054267794007 -3.3499998853085824
38.06995088967246 29.07000027317729 -3.3499998856226796
39.299044311135525 28.359473623304023 -3.349999881081268
39.299044027867154 26.940528930193235 -3.3499998817271672
40.520955481529036 26.22953654251766 -3.3499999851421247
40.52095564285803 29.070520200167547 -3.349999888338014
35.61005004633406 30.489935127291247 -3.34999993592743
35.61005015128638 33.3200647951715 -3.350000526254102
36.84000001077804 32.611348108392505 -3.3499998756816463
36.83999998587026 31.19865188356024 -3.349999864393628
38.069949927136115 30.489935123551376 -3.3499998913488183
38.069949920124806 33.32006490903967 -3.350000000054534
39.29904020536832 32.610803701303915 -3.3500001872282823
39.29904020445671 31.199196316904548 -3.3500000184086165
40.52096024159656 30.489413017539615 -3.3499999408035497
40.52096022820191 33.32058709124452 -3.350000190267303
33.159044396867664 34.73947993066323 -3.350000554759114
33.15904451759556 37.580463436869685 -3.3499999059070795
34.38095597871463 36.8694710375215 -3.3499999397243654
34.38095570352357 35.450526394296034 -3.34999995709199
35.610049151941446 34.739999808283535 -3.3500002546615457
35.61004909514197 37.57994573778706 -3.34999994486485
36.83999999879715 36.870022622997716 -3.350000021324806
36.840000008853046 35.44997494017672 -3.349999901293325
38.069950906558674 34.73999972460157 -3.349999880759319
38.06995093142165 37.579945737592396 -3.3499999195832553
39.29904401703273 36.869471058506484 -3.3499998945301277
39.29904431034219 35.450526358299406 -3.3499999508251177
40.52095564820355 34.7394797731086 -3.3499999609460565
40.5209554673456 37.58046347995642 -3.3500000633140656
41.75004911004171 28.35999379877057 -3.349999907084219
41.750049222824735 26.94000863111581 -3.3500000473161498
41.75004971824065 32.61131710148031 -3.3500002224794856
41.75004967129184 31.198682930204892 -3.349999980665129
42.98000000932077 26.230085161353724 -3.3499999238912173
42.98000000344066 29.069969074021845 -3.349999907329541
44.20995089884669 28.35999379193407 -3.349999954857333
44.20995077259022 26.94000863413221 -3.349999869213107
45.43904448800035 26.229536619089288 -3.3500001542103397
45.43904436747477 29.070520204844204 -3.3499998766074057
46.66095567560145 28.35947362560084 -3.350000011279702
46.66095598502937 26.94052894040851 -3.3499999438659733
47.89004909503733 26.23005431661406 -3.3500000506308405
47.89004911493092 29.070000263358057 -3.3500004426654586
42.9800000083488 30.489966847546647 -3.349999872022754
42.979999944215514 33.320033197413814 -3.3500002415756103
44.20995039584982 32.611317041053944 -3.350000278661478
44.20995036706571 31.19868293264919 -3.34999995644109
45.439039761792 30.489413021694418 -3.3499998681643097
45.43903976618535 33.32058699271084 -3.3500001521378273
46.660959784033125 32.610803680183366 -3.349999968057852
46.66095977560938 31.199196312307496 -3.349999882585679
47.89005005850556 30.489935125208056 -3.349999927620754
47.89005004603887 33.320064885783914 -3.349999889789258
41.75004928822421 36.86999136210288 -3.350000077443609
41.750049140078595 35.45000616142529 -3.3499999691856552
42.979999975832115 34.74003094891135 -3.3499999791995414
42.980000001886005 37.579914800519425 -3.3499998509071336
44.20995075892267 36.86999133620294 -3.349999926078633
44.209950883815694 35.450006198591645 -3.349999917465408
45.439044340763374 34.73947981006481 -3.350000049712687
45.43904452079838 37.58046343715989 -3.34999992006297
46.660955977202256 36.869471059162606 -3.349999912587779
46.660955664492356 35.4505263994149 -3.350000179476326
47.89004911290121 34.73999972602726 -3.3499999555895044
47.89004909094138 37.57994572703085 -3.3499998996387346
49.119999902903906 26.93997732605354 -3.350000098803041
49.119999954547374 28.360025069359946 -3.350000106947384
25.242056681722445 31.349295201518355 -0.7128441143327457
25.10452515917284 38.00524438855485 4.632734115467376
26.529105281052097 30.153615339230036 5.197598089522877
25.979209093631248 35.91232168935215 2.645981756003976
30.95538583028765 28.15220896566317 4.249732626910985
30.46351786632274 29.070654383905456 4.5700823119426435
31.564536807736538 30.62484380549489 -0.16727983483852182
30.070014477068465 31.080361042287272 1.257092898667711
30.205153788834522 35.68526248533122 3.8342269308193733
30.523544615491385 35.611475938501094 0.10899864415920613
30.859628192757462 33.81522714128742 2.835740489653652
30.098629696184776 37.73411682485499 2.4626866993259
32.26547433209861 34.68333322566811 4.323186453141035
30.88606602474152 34.491738961122095 4.016097493922884
29.233409393624274 35.33476329728868 0.37513919185545364
29.02659168945692 33.96030107318507 0.41157411169904456
28.38912378263203 35.8661819796531 -0.5752244944234619
30.23784953730889 33.756071494701224 4.978436792455515
28.864978859224557 35.888737689552045 1.5343999183377766
31.13642963189764 32.92220365292512 0.5454434521580198
28.316856987233542 33.01830860020843 2.6549186552481796
27.813020222670783 32.1305741889243 3.0077304034984467
28.374102971251197 31.83974120409621 5.123660616592508
27.80030339123468 31.56981978003669 4.249420107889982
31.464128849670708 30.18054052558568 4.597018113571712
29.646168809798134 29.270094252674014 3.877071302416717
30.54469682869626 30.019342002052955 0.5457766495666239
30.985650876757656 28.9992765778191 1.3782793056143672
29.561925100249105 29.440362496342182 -0.2715247943782051
27.623079022421347 31.22855315658253 0.3178351522873446
26.687899663710507 31.57041152425779 0.7613127999350655
26.377157586369613 35.477918665381125 4.659454215124521
27.332178700188205 37.132881687256415 -0.2728433564444932
26.926948685078983 31.382555697599646 2.2556722021293707
26.13947334693802 36.45155322354798 3.579600908494529
29.650658208065337 27.261914482494337 0.563774772815937
26.78487494826719 28.028872892149202 1.33209036702008
29.39771666349957 26.627449380779286 2.769817395644778
26.430265557446024 37.583388821451145 -0.2120485786475168
26.56690411244566 32.624697589257785 0.5124333704203021
26.82076222917335 30.60665797433647 4.343321438984398
26.410153383429073 30.514405591269004 3.138223733048373
25.605159158467465 29.775564385425973 0.11848608272378658
25.471421812076695 30.85162804793199 0.22939738409744725
27.009605256413224 37.09467153573035 3.4478082790160345
25.918778383868265 26.493860929612538 3.9847433874328653
25.562724906749377 29.876175126260577 2.935919875924765
31.49091210996141 25.924354785867568 0.14489277821483904
25.52512468336652 34.43778056710539 4.977872315069493
24.921075857472918 37.376164733944435 3.7616972953111985
24.76005524433331 38.05237106284546 2.922103725157792
26.053895885482294 25.941869872949418 1.760641791322285
25.25015360908054 36.94063031723554 -0.14277840338242864
26.435333083194966 26.787821254897032 0.7792070874341317
25.23212141765451 35.863465248168716 -0.21887212251334498
29.18222147772841 27.90542266812223 5.893726637697715
26.35142976302966 27.754149978808265 5.98707786696807
27.436079920471926 35.36901781662481 5.422472684369853
30.10902593905067 37.10080971228569 6.09346115264295
28.319320281260914 35.98920276312765 5.381765224136984
32.35550850807533 26.870769431021028 6.04352817852276
31.553215316417678 31.183663233324488 5.519987266355244
29.861961917851957 28.754747863672172 5.962280605022504
26.129792192102546 33.66675385390527 5.892364176780156
32.55145114761279 36.51330931512593 0.012257232030302712
32.52230564120206 30.24300730945791 3.827063031889862
25.372195488869593 26.96278094264532 -0.0837687097346329
27.58703982209871 26.176673942378475 0.270690248439569
30.197937041460733 25.52868346642134 4.61608767045754
27.324874041455434 34.33062002615929 6.201663610454496
32.569106680150846 37.03846456132724 2.308549793508452
32.72465206632572 31.742654939168947 5.401875531545186
24.602196467215855 31.004812948476918 0.8689923232038932
31.787989494389286 38.17108629581468 3.969795321409321
32.40410655077233 35.95720951914677 6.22902605884899
38.39749054452879 25.893144744197684 4.574405184440358
32.759876932614816 29.570744079903164 3.0158774601729843
37.35104577344672 26.148519836016106 4.407561234328186
36.43414556716814 25.947485186546004 -0.45066592257886895
37.71876694265581 37.80010022013461 5.27413745811231
33.00175273403124 34.04176517289469 -0.6264246639769244
38.92443192212293 38.07324229448116 3.5297603475097317
38.82265113491462 27.589261825262337 5.907938154709591
37.640020537352335 26.8540682141788 0.45849080443084334
33.69425111085906 25.728142012859983 4.680462057072959
33.37075041936647 31.126507998075798 4.34709156378887
33.87120686478093 27.28914351086119 -0.32959162334482484
33.48903107326709 32.431399034831415 0.7662742879703677
33.53095048777088 29.84383819740467 -0.2709856498249319
33.94808260456902 34.56678390031914 1.3731172521037327
36.08104330654024 25.806841458899736 1.6196750055359166
34.273103343876265 26.584237576247027 4.333863616829205
40.23138282145419 26.76512074142018 5.245473292756709
36.005840562899515 26.440339964286302 2.5034873109020106
33.94841074876797 33.64532334664797 0.31838276912366736
33.83685146075589 37.166809358826484 4.276026617956271
34.28865651552267 31.392265906151554 4.020103592984306
40.10922840871766 26.139314480755274 -0.1061574680729016
34.6000177008003 28.055081699528934 -0.10919775637224016
36.57908483552406 26.610426311421683 0.40232978306428135
35.525846489623596 31.117092486361607 -0.2923332903454834
39.22434876676958 27.112127627590816 5.014024305086593
34.40894647879125 29.354825923545928 -0.17053647896946966
34.684246245060265 37.19952025646371 -0.10987486401662805
34.61220894585299 35.03007619118616 3.6779586443446255
35.58455932204563 28.859164868343143 4.687194144187837
38.87901914438366 29.214866830114584 3.8289650812862916
36.47948643756946 29.136666382175306 0.1160339708306346
39.29846136869118 29.785785590109807 2.768504120673957
39.302457494683495 30.773304825227413 -0.041634934225152076
36.306654414614016 31.209646154199554 2.5492507302059875
39.87613139647404 32.34977960620779 1.4526973495083062
35.23280976040877 33.66069662865333 -0.2800303295846074
35.50403427447568 33.03686715655487 3.660793531517812
35.9083165521569 36.734441953771324 1.7241053504985937
35.83961656404401 37.47438955249611 0.5478245313777885
40.18190908768178 33.45427272981727 3.4899409381550783
37.37229901407298 33.09340687732552 2.340500276509271
36.94942240985058 37.114286590057404 -0.25659720884008363
37.359699709937075 34.514002654324145 0.587617247130322
39.31434226551716 35.51242617884813 1.5469117269419053
40.49310470297521 36.108790094223494 2.06171512343912
40.14980774149255 37.16324280139239 2.88511189531096
38.66502950375687 32.84395377912287 -0.33812105197472686
36.65440742018158 32.34535921653842 3.224483772980604
37.502714731397276 31.971727069798217 4.257282285086454
39.678979527552826 32.05001674345206 0.10806500561894361
38.99998907526858 30.68260712581873 2.4125189760627928
35.55537990933302 30.043412591637445 -0.17946495634403092
40.11385609378697 28.957878840881413 2.042563685816068
40.74608677816503 29.261843662344866 1.2214122080008682
38.303047082407936 29.732515274829595 4.581757397608582
37.53526991613208 29.294380708847072 0.27988584781936776
40.32740158410169 34.837805345476205 5.538747021679164
35.91149337968708 27.900872719606873 0.18018659186834207
40.02424898708603 27.80535257989691 2.659511555853149
39.291912374849204 27.978890232342092 3.8676232758946325
36.66011347959982 35.23796248288827 5.632512368403529
38.29996182920024 37.09113812905516 5.845088644536434
39.67657602486553 32.80952616770763 6.018748086441194
33.12609385676447 26.100159006530358 6.064924301922615
35.42532577764438 29.008482201643435 6.040357760558014
38.09395742971739 38.25363267364411 4.075536335177508
33.28912875792286 32.536559083578545 5.8682254798212465
32.99380496591261 37.85575568092096 3.3684881665316935
40.79022822427343 32.343348142970115 -0.5934644093820896
40.4130363188795 38.20359403543459 -0.36549716906309593
40.576733205464485 26.886043876179535 2.5328912734542564
32.79589633911145 25.662804520058017 4.066630063630482
48.843250627698524 26.963769839381275 3.5091173786598997
48.94633616111119 32.85350845904479 1.6958113044255185
44.666637942289405 36.7307340479898 -0.4893760771098188
42.742628615629876 30.37333770980264 1.5416449759779194
42.73833995045424 27.406458268732237 -0.7631879554501309
46.11185209021441 29.44097770262981 1.3024222929634444
44.41403843570062 30.806847194234 -0.03552622088989099
43.97305039011989 25.733926525923845 1.708227810683619
46.53748032226607 28.268841055100705 5.304910705034949
44.37293903598042 35.29697968877171 5.850699475431594
41.302858869645256 36.553940801135916 0.956673289358726
44.51302734218391 31.864273767771525 -0.23161354323330774
46.633969026672695 30.981159554649153 3.4444969855819787
45.607379506909446 32.67380399078393 -0.11971225109367989
41.24767810018948 35.14473790092456 2.738667677190574
42.679153938711366 29.931198722315827 3.7634813085975214
43.614895696314186 34.86497517041895 5.197367713371694
43.85546839961162 28.804977155191935 1.0480598435260902
45.68584026796211 25.698555301995196 -0.8007848775313531
47.405228654917195 36.335141909412414 3.8170873750554635
42.460163396735666 32.426580935257356 -0.405405524471556
48.048752381011006 26.10901171449204 -0.1456292973885276
48.81152684855069 33.5734256720398 0.5183625072616815
47.98967283821736 29.623707965311674 0.06614980155516981
48.520983114175316 37.1698441346676 3.1290356772204575
43.262388560356584 25.714749506277297 0.5211071208215656
46.8217788529997 35.07722028688312 -0.7202041087570832
46.55641783591256 27.826903011991355 -0.2168060165567598
48.17971965286583 33.32713836855826 6.110958633520205
48.43737772088683 31.56433138303935 4.790755978512107
45.15808014131603 34.00336510943907 -0.08562394162096476
46.53034333546416 26.974669502709027 4.967512407800637
43.18625953023088 26.958929088789098 0.11173243131118893
46.64709080534895 32.413910732755916 0.013913758162374945
46.56278282095336 34.87359481438012 1.0101284911877895
43.83192154464761 33.96341653451487 -0.2110796692912975
44.17270356054057 27.020149942428507 2.02452519939245
48.313475510745 38.213705176892326 3.3643965061732164
49.00926636859302 32.2745852517938 5.799977075088064
47.71971059703434 32.73949309959292 2.3758379601694743
42.122679456260435 32.0072119963746 3.1226554824297548
45.52884855916312 36.524014143451005 0.14462686745373765
46.06747298678377 35.1013997825099 0.06626776781418542
45.375809383804494 36.8075419274564 1.1859198169042362
47.70779504805507 28.754246688641437 4.791821637244218
44.313376356812284 31.2173213635615 2.9933860493912787
43.12832275501416 34.77785697133309 -0.30072072100616687
42.78174506014626 26.738507046592762 4.713610078736911
46.45005939610671 36.5859415177237 3.3557293323628046
47.25987690024889 36.45932023111478 4.890191569493359
43.7307216820848 27.80280009889193 1.0614540346735357
47.13927832618928 28.718306405219927 0.6966960963816315
46.31102615964941 37.12377590724818 -0.32075902407600165
47.83638925486137 28.02123911899819 1.6869287645514108
43.12121499100706 26.151069451092372 5.880756035447821
48.50598621908289 37.06349505635288 2.0443398824991963
41.83610195482803 36.60862794387446 5.051207720599793
43.24197673932648 29.180011199028183 5.79749359255615
43.42176962151584 32.71467747944756 -0.2939880668686168
44.734641217651955 27.27112641785202 2.9120142857543243
45.0740125541972 35.748436010185195 5.148714352934027
45.12166723963196 31.940415916258758 5.8844982677746
42.96712555167926 30.898337063768043 2.833764833543495
42.25456885819901 37.500089330180415 5.494583461532527
45.51755895945279 29.043250993943083 4.759837563379257
47.5399400699907 35.26625382720639 3.6514639975282215
42.79711198318918 38.201425929611474 0.14138548467302225
44.92663688384072 34.42634332626924 6.202140818770641
30.518504010495054 36.67688387278388 6.9984554023062255
31.807255250742497 36.14313013571656 7.022311663233328
29.99819610360526 36.58723591274621 8.22340726555576
30.890395495254708 37.136223774253914 11.21155028508234
30.93086894888419 35.93553418051631 9.005914756503206
32.04758366449914 35.801272357770024 8.27219991937155
30.822694375332556 35.774946679797445 10.508167724587981
31.548750124069695 35.082080251933164 10.93346663657406
29.826813648159177 35.40791492411294 10.756379869464597
29.078873924088526 36.96016701054475 8.650220019075839
31.21849862699465 32.955887896193296 8.490846367203236
29.938419362198378 32.47092174570028 8.725057595680074
29.148526427283084 33.00829909200998 7.671060419418342
32.43245052898948 30.891014473417997 11.883516402801956
29.97005809587177 31.063212517397222 8.820395644632598
28.047428055603106 33.97968664286585 6.813922915928946
29.408379854304034 32.935190998701934 9.91254634694355
31.480669984671525 30.4131627434638 11.65141401121183
27.211253102526427 29.86924868926381 9.939201891490871
26.994243477993223 35.40309856174398 9.395885576772647
25.771502280269022 29.48190950515712 10.877113992935241
28.834024849357007 27.12705353126357 8.795198253103848
26.46235141108511 30.283065745976515 10.614480871250837
26.99846035243657 33.02256740338768 9.961654927253022
26.449685522285588 35.985583585290414 10.57793799734932
26.442882516162985 35.01441161231888 11.561644461169596
31.114855090915956 28.03972443254348 11.768180044539845
32.199679032006486 27.12300297158787 11.612163099977172
26.580371270554675 28.11823305151689 8.3082126466402
27.243833858014636 37.08642462142447 10.949680391285959
26.24439811829924 29.869106520139578 6.806423473768806
25.982310602481732 28.531797052159 7.111029790841293
26.004283185190634 32.616750162199146 9.846224744767998
31.016483318369747 37.066570171607296 12.291990119891057
27.663765217151788 29.92522642270756 12.39065951286101
27.198844365812366 30.795861621291813 11.928119835557705
27.971906882113533 31.53495096185755 11.71783123927385
25.679943069230863 31.336972940439573 9.949419990938672
30.639887072066802 28.54735861689367 6.697074559014446
30.84723055062978 31.34202526470481 6.321802068868286
29.323528219158888 26.28436300705522 8.329731679204697
31.27500217250167 26.142852989834076 9.377641190043768
30.034474454738813 37.81026291616588 11.177339063101945
30.559488285148213 25.774472697453767 8.767365975722722
31.27653324897931 32.6985030974013 11.994546893903719
32.018371840591925 29.9726727598545 9.381437781794432
26.375558728705524 31.10436925829003 12.57242085045999
25.126167466890706 36.37574247011037 10.356306140729663
31.93025528079518 25.947703672517985 12.279729043448068
32.06826556188905 32.18560778455048 12.540622294226855
25.021126331448134 33.33412111567878 9.32628961198493
32.472535773168715 26.88579464632523 10.283714207422967
24.985577103337338 34.33228094945129 9.176245622822194
31.74991358247361 37.724138800073725 10.889549384167728
29.363154422461776 29.601335812298906 6.434064377645292
25.807425633130364 32.789420754025635 6.433443130023288
24.59868888973238 28.428575436740275 7.350924121521194
26.158001346017898 38.26875033285021 8.613669663619202
32.91038597681187 32.84854969213113 12.739220468254866
32.97733443752473 30.235712422623713 12.563060918374912
32.993925296076796 35.425375128327886 8.63211489455262
33.27431992503374 27.632521812838768 12.206528212773314
33.19158749052814 31.14299456470607 10.683794357423096
32.890625236040066 30.590237168133424 9.536963393105188
35.2768358063108 37.3102619809809 7.002779586338987
37.27133895518392 37.263508631621825 12.971730062651572
33.84435077758287 30.838010473914338 8.648865403683466
33.83674454996597 30.471126945863663 7.70788792133053
37.413702922742395 33.57551584138442 12.534711036688513
34.314497636709085 31.908490225067577 10.453336982090141
34.33318196308959 37.10562001752532 9.873078318071851
34.89498566276939 32.50264241783628 11.143566526196857
34.110232979609016 29.038106997062897 6.473296847027498
34.63163910305882 31.836408206538206 9.171316110224373
35.37292104471163 26.677794274713033 9.429144026818722
34.72205005287502 36.63402336111068 12.042112497895364
37.816452311572014 31.657949749140574 6.661672794892265
37.285683599823514 28.195419685708206 11.649936887905392
34.97650694043619 34.95799876786634 10.44168864852579
35.42307866167252 32.3677984569506 8.663725894728683
38.00559437581859 31.672401676702968 8.961233831117081
36.28685458632905 34.93724096611218 7.841161316308596
38.433473151750825 31.504615968118603 11.215072262366332
36.447905082744214 36.72784607243098 10.504637714501817
35.120903813838694 36.353945303427295 10.708275493109731
37.917880357126755 35.55491462214815 9.230689720607678
39.64142095013431 38.076724933077145 9.268963667634846
39.21651788619583 34.4830320546595 7.481020146939357
38.10830703670168 33.48095674744138 10.316755521916606
38.647112427220584 32.200728495760124 10.060174232745446
39.9940708091814 32.2680327414871 9.831686096478562
36.20687418399987 33.20146398141327 6.425817406889628
40.4199559013818 27.904639665761465 8.397603408196307
39.07535716567259 29.60810457509276 7.572837554897895
40.380856518518165 29.168480249217005 7.799829061360377
38.57251592022679 29.23857352840194 10.422210264608152
37.702482819248395 28.605049949996065 10.512156242435402
37.09670187726627 28.32990089575215 8.547586487339139
37.000165647533464 28.041445423528796 9.51069302189143
35.677894466254116 26.888211970201983 12.129706269804636
36.15328557324163 27.467386214212993 11.351914208524288
36.03144586916236 27.26015126498316 10.056523809430741
35.93624575927102 34.51975029276904 6.580950231798703
40.16274385474384 33.994996186585595 6.606701639248525
36.801455710643346 37.86983266393614 7.6846945245367495
39.131120598882575 37.848510799127155 8.005696686905898
33.81563969502631 26.459195669115747 6.828939492815067
37.71229044913832 28.722520157813744 12.97943740311116
38.4454108028122 29.515953517316596 12.834185720598185
40.24774422018972 26.933205587533976 11.27721046081825
39.84903063635219 25.658070445096623 11.788322946002653
39.400318546388576 37.24619314855497 12.879605236533344
36.10688602560165 30.196098105223403 6.42346611666833
38.200634360053854 36.71323277878442 12.97428668081961
36.07184481944953 27.968875561698194 6.694319085532451
40.310794985609036 36.23229048503217 12.822497951749943
39.854992819056505 36.84155568792843 9.893472487792558
38.33379451580446 35.380098019797835 13.042487729042278
39.598747515941234 38.236497330809 12.874750268680835
34.58602750670832 34.74071926647714 6.292866134574314
36.03756038337704 29.91410766924465 13.284218271405129
39.990783323462715 34.02123610906373 12.978900925795427
39.71897523861732 35.065626381830555 12.936837601158308
37.2488079865681 34.36911013747359 13.263489297554806
36.30917253748274 34.86151707111022 13.013048416959098
35.98569011988406 38.138218575749235 7.013430415421102
38.48390112347019 25.549870448355367 11.927371840014635
40.9984338960393 29.616262592495907 11.591067599615716
40.99242482509609 30.179778487070514 8.594978349586873
41.35194088041861 36.51102048283027 12.75376066809241
48.9698838507585 34.856713906700485 10.17345750101602
41.05299946874945 29.072623129781682 6.573534898150589
41.1666101051181 28.602545149632657 13.021692250848652
43.41919046455059 37.96169361861877 10.687910468442515
45.47909121214748 38.17145309180704 10.264805026677621
46.902014378742464 33.653014002775464 12.563849619684065
41.856563766319866 31.572145482787526 12.988388719988817
41.180932818868406 25.62895054696329 8.6583581485254
46.58756087471998 28.404821862028243 6.6896292869784055
41.35834166884207 33.79632731233377 7.312699276483893
42.20177644285975 32.31464410646592 8.764362891197933
45.36181131322716 27.654150463425793 10.464823112760302
42.642514086168674 27.495551823115637 10.706229182815296
41.592265788143095 29.453913130287624 12.490570982943618
43.03513220803116 33.6230064464714 12.73548118658924
43.2560790854381 35.80857526663356 7.655593455004731
43.38345828223289 32.52331138143176 10.700693119667315
44.813882009896695 34.16398936941826 11.294607107143213
44.65950746144191 28.158433401142663 11.112023250675602
43.3407301716739 28.067907507410595 11.298937600674856
42.63091738912861 34.640963432324654 10.859574654757612
42.97307713401463 29.113765906232302 12.151861111924674
46.09555623346426 29.4804657566042 11.907419122180071
44.155025924303445 30.722496678162823 13.063600965030055
44.092464617155144 29.804675892679786 12.497835034060516
48.51903662122213 30.085680892487243 11.346716758531464
48.021753718576505 29.78785462257635 7.775457585997133
47.50757516323665 30.525386456399918 12.14343909773813
43.7231912020416 30.755725073719955 7.411541533176015
45.94388404158586 31.178258412146562 7.879677277153252
45.812579734269164 36.03722622876488 9.854201197895334
44.79771790366214 31.620786813136416 7.251630800958681
43.47216178358997 33.70796379958237 11.440422761013778
46.57267601398038 32.61111060138947 10.062085724091892
45.20748906802523 36.89681104259095 10.101949525418611
47.49724027724928 33.405971359620736 7.773732825317074
47.80711550479885 33.73796572444291 8.675873105485314
48.05665690739745 34.01059791640699 10.784223278925378
48.79385922014119 34.70045227085001 8.881453012031505
48.40302208807789 35.004154713540174 13.143448260141643
47.944200728210006 33.80779309096285 12.284580847233936
47.32244273489288 33.35231478520789 9.827850325122332
44.39414755384694 32.7429460675755 7.939532030116513
48.37853925459058 30.40955655351805 9.99202928651615
45.145503328270074 29.14265861010875 11.965606828303573
43.90291789961299 27.09814454232888 6.540838262693905
47.096041903312795 36.951972438956915 7.520196308012547
43.2936136002826 35.97640748490445 10.452840591473244
48.29416689773284 26.16249980647076 8.064904142911303
43.90540279687779 36.77562293412504 10.36876535805468
47.843330127808734 35.913071032106075 12.922731165845187
44.80896677817141 36.61363624326282 7.448205358897756
48.52737033057361 28.67563472731553 11.414250701515885
43.906660743922075 36.29302846304446 6.927480409723065
47.79577016914571 38.120251829926104 7.619776067262275
42.030064964066256 25.72816698206258 6.634268844564541
43.228801426261626 37.4881357141338 6.380324190271438
45.35429008573611 25.976512757996897 9.026905908986429
48.8049497359835 38.22311912487231 6.6197049222914215
48.50977337502465 32.935042338271394 12.610975861584613
42.37930390589633 38.14830431900533 10.911991685556398
31.599010129584105 31.830058348036232 13.457946630266001
36.878624530890455 29.61306598579657 14.864923998160059
38.23620131424154 33.45177536166167 14.983712402892968
36.627645830607285 32.98313217408817 14.709054670812357
38.23095481644921 27.86342115660213 13.404920869811649
36.567506432766024 29.194206852445856 13.90791691568197
37.28553315088673 33.84834480396009 14.627253820838432
40.36800877909865 30.74878834306185 13.629491791334992
37.0638565665191 34.481492522949786 15.486371657923332
35.999003666034234 28.28955157611897 14.123563467724496
41.4390629382709 30.673148622356038 13.441817549848112
48.38201642225993 34.94746892218429 14.23177058525851
41.989269168022254 30.413637627142116 14.346266082461403
25.78994592722023 38.99945566333987 -3.350000052729153
25.78995081432664 41.83000867357211 -3.3500002292838085
27.01904451315397 41.11953653759178 -3.349999884975139
27.019005319440637 39.701081780301955 -3.3499999038186
28.240994653930745 38.99891820144391 -3.349999893369786
28.240955961364968 41.830528909788804 -3.3499999685403417
29.470049085571503 41.12005425025145 -3.3499999179241167
29.470054043861854 39.70054433877008 -3.349999951939143
30.699999993824544 38.99948982412259 -3.349999971814567
30.70000000026679 41.82997735432841 -3.349999903481873
31.929950910248827 41.120054256703376 -3.349999912134053
31.929945936985597 39.70054434438266 -3.349999939958872
25.789950882349448 43.24999382103085 -3.34999987987897
25.789950363195924 46.088682896361455 -3.3500000370934435
27.01903973178727 45.37941304081543 -3.3499999333377195
27.01904432735249 43.960520222622335 -3.349999941630882
25.789950362137667 47.50131705593365 -3.350000413956742
25.789950782812017 50.33974807478051 -3.349999884096847
27.019043465863067 49.629467974557194 -3.3499999108390845
27.019039783309985 48.21058576692644 -3.349999920800766
28.24095566138255 43.24947364719427 -3.3500003023389135
28.240959773438096 46.08919636421663 -3.3500000121640525
29.47005007605218 45.37993514149734 -3.349999925417748
29.4700491206509 43.96000030238083 -3.3499999809585224
30.700000001767236 43.25002506211451 -3.349999900083854
30.700000000763428 46.088651887817655 -3.3499998886169315
31.929949942720324 45.379935132404675 -3.349999914914785
31.929950915011442 43.96000029087725 -3.3499998859601243
28.240959767511434 47.50080363083653 -3.3499999007650096
28.240956490737368 50.34026690441147 -3.3499998888785787
29.470049283316822 49.62998828501538 -3.349999889740507
29.470050034792536 48.21006373754183 -3.350000048863385
30.700000007316525 47.50134805421812 -3.3500000759727366
30.700000000610384 50.33971686458001 -3.3499999044527407
31.929950712929976 49.62998829375074 -3.349999921066773
31.9299498795026 48.21006375145611 -3.3500001936632264
24.560000010953647 49.63001957750864 -3.34999988211559
24.560000005254974 39.70051016804785 -3.3499999043045814
24.560000014815234 45.37996685017079 -3.3499999400266853
33.15900532225358 38.99891821175905 -3.349999903527264
33.159044036419054 41.830528949791386 -3.349999889304277
34.3809554908727 41.11953656937287 -3.349999891615354
34.380994679328865 39.70108179275273 -3.349999893289252
35.610054067952625 38.99945565265317 -3.3499998884997817
35.61004924900934 41.83000863940926 -3.3500000128171803
36.84000001090521 41.12008520153138 -3.3499998599899006
36.839999982548036 39.70051019593262 -3.349999955068644
38.06994596109446 38.999455615131275 -3.3500002918997254
38.06995076336139 41.83000864590983 -3.349999857480271
39.29904450677467 41.119536557909605 -3.3499998705245337
39.299005338743555 39.70108180592843 -3.3500000603044136
40.52099468773158 38.99891821218007 -3.3499999910965794
40.52095595479939 41.83052893262227 -3.349999871967322
33.15904431798139 43.249473640477824 -3.349999882338659
33.15904021301827 46.08919627811351 -3.350000066814909
34.38096023151639 45.37941303502512 -3.3499999770244315
34.380955566881504 43.960520203327995 -3.3500003246242938
33.15904023234214 47.50080357611681 -3.350000624928228
33.15904351322672 50.34026690550122 -3.349999915343881
34.38095653139993 49.62946799130536 -3.3499999158498306
34.38096028801654 48.210585777111305 -3.3500000321885604
35.61004913279536 43.24999375200437 -3.35000036025301
35.610049638420975 46.088682930634754 -3.34999989572331
36.840000000153296 45.37996685982842 -3.349999962014256
36.84000003345208 43.959969058992094 -3.3500004574869333
38.069950904670506 43.249993801698395 -3.3499999313719195
38.06995033084255 46.08868294232658 -3.349999990750189
39.299039755914706 45.37941298548321 -3.350000146413482
39.29904434150851 43.9605201994062 -3.349999874438203
40.52095566512267 43.24947363904359 -3.349999882151695
40.52095979550681 46.08919632753673 -3.349999991503517
35.610049638607705 47.50131700282923 -3.3499998760907355
35.610049214134435 50.339748079890434 -3.3499999378550482
36.84000000373576 49.63001958060278 -3.3499998877191617
36.84000000138623 48.21003200784894 -3.3499998682127394
38.06995035550689 47.50131700108392 -3.3499999045016047
38.06995078192204 50.33974809008828 -3.349999900913282
39.2990434830364 49.629468020529124 -3.3500000783223918
39.29903978597923 48.21058572807593 -3.350000083124299
40.52095978600525 47.50080363277345 -3.3499999046810194
40.52095644580706 50.34026688755693 -3.3500002092341417
45.43904022449336 47.5008036393609 -3.3499998930019546
46.660956521484195 49.62946799208081 -3.3499999063008623
45.43904352288234 50.34026691836633 -3.349999873963263
41.75004907063359 41.12005424072086 -3.3499998875394077
41.750054040483896 39.70054433361997 -3.3499998886840276
42.97999998805756 38.999489801039935 -3.3499999262403812
42.97999998772279 41.829977347648956 -3.34999991642969
44.20995090685291 41.120054243913856 -3.3499999220620635
44.20994594781206 39.700544324676706 -3.3499999194232997
45.439005329387506 38.99891819284045 -3.349999884588264
45.43904403468929 41.83052893887285 -3.349999922395337
46.66095548964298 41.11953654686828 -3.3499999233233044
46.66099468306765 39.701081770638396 -3.349999893199148
47.89005404329995 38.99945565264387 -3.350000026562264
47.89004924524961 41.830008651153925 -3.3499999532360745
44.20995090639841 43.960000284551924 -3.349999921709199
44.2099499594985 48.21006371754698 -3.3499998978685808
41.75005004210015 45.379935125846906 -3.3499999028431837
41.750049076854914 43.960000284747174 -3.3499998966184186
41.75004922406689 49.629988247757325 -3.3500001640713295
41.75005004179741 48.21006371768894 -3.3499998864769456
47.89004920804696 50.33974808349579 -3.3499999008936907
47.89004962791093 47.50131700143666 -3.349999966131385
42.97999998987295 46.088651887823616 -3.349999895845084
44.209949950479846 45.37993513244933 -3.3499999033628547
46.66096022564379 48.21058576629488 -3.349999944356994
47.89004963165216 46.08868294786391 -3.3499998999060066
42.979999996526786 47.50134808094781 -3.3499998858502034
46.66096024273966 45.37941308590739 -3.3500000001469212
46.66095562275211 43.96052017850554 -3.350000534431569
45.439040235036764 46.08919633182251 -3.34999988938802
45.439044308943956 43.24947363129957 -3.3499999495743324
47.89004914429764 43.24999379183804 -3.349999965366506
42.979999988455525 43.250025058867415 -3.349999920118157
42.97999997423573 50.3397169876859 -3.3500009047727075
44.209950829577686 49.62998826856787 -3.350000194436542
49.119999989891795 45.37996684658894 -3.349999895729765
46.78927112219925 44.16116033809741 -0.8454029596132773
49.11999998053878 49.63001956511742 -3.349999965438962
25.524026944398308 48.78531666255552 -0.2248526267887252
25.363097261478444 41.53342522649884 -0.7953099663146435
25.728588389551227 41.65706073115053 0.8273351287294739
26.846271691109276 39.69501929897451 0.027282714748071424
26.228139091984993 47.226015022837345 -0.6435412905956639
29.778105318682414 47.62828770814127 -0.6395211366195575
25.594362437713762 48.82793855632717 4.974315611698477
25.971592081607223 50.085579204933715 4.552681141354471
25.976639798180813 44.99018894131881 4.698010581372005
31.34814147062785 39.674314000571606 0.3675147263065426
29.380682412872982 49.40336007371127 1.2977536420951263
27.20159538149 39.6780615478681 4.30862803546873
30.776767100791286 48.72458283115661 1.9716293196290358
28.172422696166027 45.34357222912091 -0.3518063206449096
29.8720144638669 47.5310076668249 4.661155912248647
30.54252387347066 48.12346064462597 -0.040715628752661104
30.448321748552814 50.474897994908865 4.123633886860727
30.7482155263678 49.091593859173045 -0.4973435111317681
31.738787145996092 47.35929852552848 -0.03588118573930599
31.733225203931873 46.092137716245375 0.24802472144252796
30.882153581527312 45.578915373442946 0.6707301985748348
29.924766540686452 48.46006426278748 1.345350649453897
29.238252013083855 47.77203218669147 1.8387163008303942
28.061786354654632 45.84262680356586 3.551263145297767
28.383402967774757 43.162413155533685 -0.43299513816931534
28.701073128831077 45.678823139496046 4.406178802092761
29.572506667539322 46.52651832553385 4.921340929538378
28.50314028230775 44.687007256784355 5.347497719348782
27.952632046850162 44.24260820664334 0.32256714213683146
28.606341571171356 44.28652102255475 1.5299771383735017
32.01249936715114 43.141465251962174 2.4746718482115915
31.500350678429594 43.22958454210998 1.1654335256350412
31.22794923449473 42.2986967203063 3.1964613352806492
27.455286777007203 43.587000937125815 5.401255903047257
29.54783430339901 42.07380126293814 1.2124728372847315
31.0152786387481 40.99594255771784 5.1739159549138725
26.63162707853122 44.156049188988206 0.6325131215179913
28.30991189705809 41.16413670462739 2.9604406731218025
29.399004067774424 39.56802135237686 4.004729517898546
30.228030926852504 40.37949497548651 -0.08245446749357122
28.21329748710962 39.82935255539119 3.3901434400700636
27.844849819601205 42.65328210887541 4.995657843261926
26.587241320346184 47.97476267393664 4.543075102886719
26.769948531626795 48.06120211737761 0.8157913038231079
24.62338089116968 47.96028952409138 1.7633763350151166
25.903687555567412 47.8509263154715 0.18851464343823565
26.237670841437886 43.93467069168788 4.621564396146541
26.3680212253674 43.59201717152559 3.5950667862090393
25.525283401417326 46.44785980660147 1.721886629678544
31.243526886060813 39.6430642446166 1.7201435973056622
25.382642446745905 43.32720027343062 4.918222676681966
24.946170546090816 47.14483523155218 1.1161197121454758
26.148382946028853 38.87683976080964 -0.07238444670197297
32.07654688277035 44.36330600513017 3.069885211717013
30.081898058669676 45.86367573694788 6.044600132278651
28.052489622397434 38.92898956919709 2.372163413229449
31.411648585504054 38.411348177013664 -0.13345234494381186
24.86207363927078 41.568107862362524 0.17209503936225
24.846374501663277 39.05485166756331 0.05705278146710846
32.49076562982949 40.36910155506782 0.011200517074105854
28.06104185915469 49.82775601009005 5.969004640463926
32.649437325114064 47.40663324380197 3.5246149737041477
29.438414860139506 44.752220874243136 6.240135178274928
34.35850423857392 50.79930934945179 0.3351845458101832
32.83325369432451 50.15122950912048 1.8843527650587422
37.92003177926594 48.921143059842954 5.973868843433498
33.608284445569325 46.41634011737713 2.3440307679029546
37.89962343631618 39.27460738507568 -0.8055129873502853
34.6518378311153 46.911801395647444 5.211168833925718
38.186192117373665 45.83032362398815 -0.36193856269115754
38.972207892398885 48.932423031525865 -0.7409200829712803
33.00027896447103 47.787667006504016 -0.35598796714733427
32.970337849548415 45.58817401231822 0.09627927895986765
33.34402691415834 48.770786049136646 -0.6418450908004314
36.8940484853495 47.44245401523306 -0.045731385360552324
33.20284714826971 44.6104945695717 0.1971868280871647
33.291022752448946 42.596749358993335 2.3254902242848408
40.34051514985781 43.97064416972107 -0.12818502662797493
35.90337726076757 38.82636675634834 0.8164847925093488
33.582264220259866 39.022851163658046 2.8938375461763313
33.63047030993129 47.01637958948294 3.253734246989332
33.49767344712818 45.61818200831796 4.899645737939934
34.786678639471674 46.54847496161615 -0.5457609107503048
33.72909215088496 46.63731987501723 -0.34571741414627266
36.17139064934659 39.21695781858982 4.624314544795772
34.240016620252995 50.08774061176388 5.228353839352683
35.32219879596191 39.87060608668494 4.758542477531064
34.315302027883305 47.85265962494389 3.113230792479904
34.24409178843087 46.26309398463338 4.435912837505934
38.74930559276408 39.65386457849233 -0.2572391376377636
34.17284719430876 40.76867139327064 1.3270989312208425
38.72808261893403 40.871779743356775 0.3656690258096329
34.753459945128704 43.479901095661056 4.251044427656337
34.87508439650556 42.858025815260106 -0.2964816231864431
39.904178331418436 41.07229997043597 0.9330128765184675
39.592330521462614 41.729976624788165 4.570718393300845
38.089166056757065 41.634670221271634 0.1927998691926469
40.1556077129611 41.84647484007404 5.811436326987922
40.09799886782047 42.016286483555014 1.420581397878845
36.07191808246842 42.26505149079328 1.5603163821680943
37.294706537239385 42.97575436283965 4.034777014256555
36.04101101310826 44.49401639324664 0.8825419250858579
35.36075428768627 50.42114856655276 4.574575093253395
35.4019901408862 45.50501232650012 4.131414648961399
36.83188028879437 49.118739746034116 0.47125204929481024
36.90183578531696 47.120132639807615 4.030668141309796
37.3293567596285 47.84771137084207 1.6504187030339146
36.719164595846706 46.055984917296456 4.055585228223891
35.96757449005725 49.2599623224215 4.085847243940684
37.36084853256899 48.176076496617945 0.61153246645818
39.35882609503198 49.00704685742967 0.9759231929015
39.247667287265585 45.95778382006488 -0.20888836757747442
38.86009690865429 48.41249041549811 0.2105005405164473
40.733690288940615 46.35087382963379 3.7315375479268953
39.66876084995737 47.16471860105624 0.17622034015763788
40.34231925634183 48.51571476785817 4.427498122501518
40.234835574331065 45.04477950542786 -0.08990829851027171
37.617572283573224 45.070193719687786 4.018241621677393
38.69109034346021 45.09253260361939 3.9022245995150415
35.55138204021472 44.20371316568744 4.174778986616503
36.866572479552325 43.89035053196455 4.052527396561054
37.12495919191571 42.996205271760786 -0.2791856894695066
36.01216357325786 43.157089621141594 0.4397697490413821
39.967355890238856 42.86447916634512 3.8434304382764806
38.240837686367705 41.65798167645964 4.620783631669333
37.092322532216095 39.613698953936535 2.675023631048795
39.94190887853766 39.12722810017722 -0.0632736596980521
40.075668322441004 40.51691448898381 3.953261890411819
37.05496270820001 39.152552417424815 3.6509068799182574
36.55828582664475 38.31813975240844 5.610781372277697
40.57992962465698 39.959931471967685 0.853128189593727
33.384643157940026 41.414990906718685 5.625070886320193
37.84771950021508 50.79603088482365 3.1982477578675983
36.233761138896206 51.04382214088421 5.454939841202106
45.365262982753414 38.964340314899765 3.575711895563537
40.94539729661518 47.09453812514434 0.4577982281534687
42.31930228032552 40.624771002634404 6.1617485428246646
44.63405759561546 43.285595933473616 2.163076220337301
40.98486490935093 39.0529658035741 4.796380430233073
41.218723576621926 47.47334148031843 4.353189567352844
48.89277441407808 45.12042070296649 -0.22131302157853416
45.27201048891542 40.32264044939013 5.698784889260527
43.81679712823168 39.760816493623075 3.6298762253690464
42.98840572711229 39.25062904235015 0.36650663472145295
45.82945844898712 45.634034473671925 2.551334331348661
45.112807595329514 40.44842659409887 2.677013069893804
42.462715445302486 43.101682806388595 1.4453529209340243
47.09202716626534 39.6054467906323 1.1921382587404217
42.51714742849938 39.563070635537336 6.168793249556286
41.904527076459885 39.710205872098186 1.4015761934787418
42.2124364848855 50.18402070913237 1.4000835261693967
45.36456869350321 50.94786787518142 3.7095793678395452
46.286380347738415 48.454594011793006 0.050712175110336766
42.24462118311843 50.733259281513284 0.09370134395810803
46.97230059813964 47.35712453907128 6.079102993726937
48.04940735864884 45.33931533051027 0.43360464648810604
43.22474367048943 50.22186513688244 5.938753705619683
43.08091907291774 39.88594824008724 -0.5143513549662748
40.963323247472246 50.69295879715238 -0.4431360634236503
41.0505167865615 44.470146158278354 5.085251855886518
45.42756022942531 46.38728994113519 0.20523029656644542
47.07785611149208 44.16013824941434 0.2057001083683574
41.342593735696575 45.8177313838709 0.2822139689474934
41.54981874773621 47.96251213768277 0.6761919623392254
46.67786619571165 41.49346802308416 4.51655450922957
45.362341344407064 40.82837469800934 4.737445611697531
48.39322651565599 45.24218582512658 1.4633882385926178
41.74414434767109 38.75103319403305 5.390039788748799
47.27237840116399 49.73291322730334 3.883566849730374
44.89107719931456 39.94488253002763 3.6179588744418165
43.12341688601247 49.93845664306207 -0.6324784477306888
48.5724220173485 38.805950994101366 -0.34229860421960856
43.374250175579704 43.88810691976406 2.1763356501174114
48.0302052801834 41.113302806282206 -0.16188117456196527
41.462551610814906 46.91780386235317 5.6295043790553665
46.20042108756757 44.27334814336474 0.8424035715238098
46.24664619642697 47.0900918659451 0.16563694897249404
43.97018522086125 39.15786312723775 0.8308378857847154
42.403574065094396 47.861298254700664 3.8344964898588008
48.571861035021534 42.00714645323938 3.5339969826713946
47.89004794532554 47.03018740672875 5.61300008850715
46.88025249650534 46.76809386326083 3.2924325995767214
42.22128515980162 45.4163660711671 0.5770143540291117
47.86730259494094 49.750997140561225 -0.2069552269389252
48.81143092617833 41.80692099843565 4.903748126916726
45.4825265992059 48.863205346467396 2.7843313426450624
47.23933545732598 41.88248914657007 3.3048481217783254
46.852565578606146 45.000654684323074 3.785620280675155
41.76172710844181 38.97521436262667 2.193722424001069
42.247891145277464 40.635739662000766 1.8637323582156917
45.223705421520464 46.21695585654222 4.533581097270176
46.18822225081227 50.021610926037944 3.0802775638918476
48.332995439145996 47.752602710146355 0.10576768948290072
45.46649538893049 49.15706145771321 0.023728066348500665
46.72375401731379 41.989414914363174 2.361904507895274
46.278698475998 45.886025531519415 3.511950750779346
43.49497321173751 45.09757653635886 1.5086310697122018
45.66286078651074 47.18350721299815 5.582530832449511
44.8943138979402 45.24780193614695 4.908203447062389
43.005912931620145 43.958303494758646 3.516621031418521
47.549659260011786 48.8027918980354 -0.0651471523017011
46.65223973657483 50.415463381410966 1.8237073085478983
47.5466629855984 43.20387386553542 0.4378176306419257
47.574563256919525 46.66748177144362 0.20759144969482168
47.62338917005476 41.45738828299654 5.407128470456527
48.313251909489196 39.930931441494145 0.5167951519091396
43.17773208918159 50.2499696386816 3.4462867773918116
44.60860440418831 41.61499343087624 4.702637650077362
44.40824781017078 46.64291424922036 3.9490399673978582
31.246712704942343 49.75849644850595 8.575631058830256
30.269881086633387 49.496840069570304 8.196505843381797
29.37466091143064 48.62813423415846 8.679323228210912
30.48578118829879 48.07946574321348 10.404517548928974
29.500121048853 47.93036513502107 9.963673927598425
29.414861509636577 46.879850416979416 9.685735735888818
30.57227715744996 50.45585069128364 11.92671243387094
31.542403055268935 46.10920214586674 8.665114731093125
28.274346791453056 48.708219815142854 7.835685430675613
28.404929343823838 48.222910241491235 11.0574763145059
27.393353953976156 48.090657054055 7.929854727964983
28.41844151608262 49.23380485884946 11.46491894110334
28.484622310032535 47.54446373024996 11.906863954284324
31.52852445238363 44.818162550634 10.57527617190585
28.58090440106477 43.966994122771524 9.69231657994807
31.710645402364538 43.75477966982972 10.624761610535838
30.866634577003524 42.827305854433796 10.03408865535924
29.986559131941906 43.01381883366789 9.574980694452046
29.77731939649608 50.156776833484265 7.155080184811108
27.280491199205642 44.3386840252719 9.51209701206175
27.170252900217456 45.29784744136222 8.505181107148912
31.420756983508866 41.65946313745936 10.209657065806406
27.410171010507906 47.96489596622274 10.69417961431154
26.78509889948726 44.845584023288936 10.714867342909535
27.263053313295206 40.75480619271709 10.45017464746037
26.468730052007565 43.23389046404985 9.172864297864697
27.366153490360727 39.449683243662165 11.628570856437797
31.904360657187176 42.8392055993089 6.479782650880076
30.684094172790555 46.24454567267879 6.76041989467453
29.178995208994035 39.78228196621593 7.570074253713631
26.972209461555167 40.4512164556733 11.455830217839617
29.03970305327165 39.50065474284374 8.896495036601774
30.451871656300924 39.53609446224333 7.13973988321826
27.15757407579166 42.43923920982606 12.437490384301688
27.59671142273889 41.44201231990484 12.40926059113731
28.621896511410764 41.641884895894954 12.097577278523215
32.58090323705494 41.78048090228172 10.748587049073283
31.035279973831422 40.69970797626601 9.898727000372183
25.477675647354975 38.77734804257429 7.94667242694913
24.7420411935142 39.44243008769441 11.774054537595736
28.554211594160797 49.633020043381315 6.909888010490183
30.230678488050728 50.93535859820738 6.698598016704125
28.31578408065839 38.96447375328918 6.828966997151957
25.476406143868854 40.47132649797579 11.539061995823733
25.064047554596716 38.412077419521005 11.806998167938833
25.052019823830047 42.50606665312037 11.080564107608833
25.309246457996068 45.117527712604115 7.04220770076847
29.489600300289982 44.109101793019605 7.106263285476652
24.794026024071208 45.30373114041228 9.773480989750182
32.357987480434375 47.708344700161064 7.253948129936196
24.605966195240732 41.5506061270009 11.314083578925032
25.007520028126034 49.79407861756769 11.181614856517685
25.749269797929788 39.59332792712918 6.857817804708125
28.77800201400324 41.03493797636965 7.326377799427648
26.666204951853764 39.71762073705194 6.45299534865213
26.994925620454563 50.81854276310171 9.459185063654402
25.578069719407537 48.80275157373292 6.380537861116725
32.696595645136306 46.825710068829686 8.290204553924855
27.226020118653608 43.42295108313359 6.454168266635584
24.609980070651265 40.08773565311326 6.479711377251679
32.983396877589676 49.49866342838818 11.35293807265308
33.312100637763855 47.48447529222945 9.342254279773016
32.74913484560914 43.06755118705772 11.20556441836413
33.619152339989725 43.33996133495097 11.784582786665016
33.06561049919196 39.781215889969495 11.307568512058165
33.78767315964265 40.44340868403395 9.84376545063486
33.91160670323321 49.36211881544171 11.887897966795098
33.540404358958185 40.665234361926494 10.881913566069459
34.57200509070472 40.71879228425141 12.800911142002839
35.30345286870721 41.77322489801541 11.57515871673942
35.36273572644329 39.221318055960495 8.752664254355127
34.10234922195162 43.298821574133896 6.572231223132919
33.15850785012702 42.359722776777716 6.628739940924592
35.76009199702799 50.663812094616674 9.486135067257399
34.50721671871312 47.61336084143058 11.055635708948934
34.65714737105216 48.284238597905556 11.795597759068547
33.676257415601654 45.92914790893324 7.823987500541486
33.339843137645 41.744420757841254 7.888448216680027
37.25640078502544 42.351686627086835 12.860777531232404
35.375999468887024 39.40905363274282 7.679035162700364
35.40697599772435 50.324365873546526 8.512386971387109
35.86929524864135 46.10836631339672 10.165458345694269
37.31943356849376 42.24829166350726 10.23331179263074
38.32465510424781 41.497630226726876 7.812420514535734
38.83784760919315 41.7699990059442 8.722831795813853
35.43348837272604 44.68762332635976 8.201517101523573
37.07504941264299 45.939796301535566 7.013692408531011
35.6998331934271 48.3201023857671 12.666784854055114
35.68833978910906 48.124876039460844 8.518389870697593
35.998433700049965 49.025682582818696 7.988777428916057
40.66568581839756 46.69097957500336 10.92122071725311
37.48270063132813 49.046743005733795 8.032913621534028
38.27293209173711 49.041692087497424 6.987441387172901
38.23508031463188 49.13970758513894 9.193658104766165
40.641699631363885 46.379120502944495 9.622616953672766
39.49176666591749 49.27486123746522 8.79920864217268
39.52400307223699 49.23175757519196 7.404681827588199
39.81378339327891 46.01685498069646 9.171597670077386
39.8170539849587 46.74877051303028 11.586716185887758
37.03781392569818 45.16436147129175 11.757523910394356
34.840034177272535 45.44556719450602 11.897692010668205
35.85715582013032 45.162034792989694 11.089004740469267
38.066782321578586 44.98811520209541 7.365518352994921
37.45292903189196 43.717203974175895 7.273896228316734
35.637827398700864 43.993021077000165 10.412919161520808
39.40314929173085 42.29452182357259 10.8480474103293
38.35300124665355 42.11780488911518 9.948511763808018
35.60748585460032 48.96626707172127 6.973036527046225
39.13016570691985 49.073796338034875 12.17088119348804
38.58719443383634 45.19839309582254 8.59155476988772
36.51873923015649 47.61631331750139 12.645016729612056
34.348641556212854 39.555254006940295 7.345476817187194
39.04382275923209 43.89697612729988 12.135656637290982
39.33983838290979 42.85031660731015 12.206215833411026
38.28057265350937 42.09275352090014 13.129339685110487
38.37587388111894 41.00888420729247 13.1944932523142
34.8381650318625 40.80266031265569 11.7472389729786
35.516991160066624 39.988363686019376 11.493830030376577
35.971515619047516 40.312898344589435 7.550484581034857
40.37600926661977 49.19312149303749 6.863671016248953
34.32444680406708 50.20989927853023 8.568314992382678
37.76332660318948 49.03608406890257 10.159634606914345
40.307792446828934 49.457184372989694 9.48277297649067
40.279593646148044 42.80620116754734 12.756682793109771
34.260544664229094 49.94569811875601 13.038082247882727
39.65770843829831 50.34619559781466 12.461599039376312
40.228991637222386 41.66702176945001 8.923653032268364
40.497127959725574 42.14379597352448 10.138641620006801
38.74930313014934 38.832135419069395 10.008419036515795
40.282742763581204 39.78215147204699 12.61459360334183
39.07669080008935 45.01781265672646 6.398932357395616
40.13015126832188 50.90244437756756 11.256675261159518
40.846953642392535 38.72051790483735 9.105958230227065
40.85666566788152 41.242899266850536 8.255637003905015
48.47454652133765 38.29664853024167 8.813402571317487
46.983965918928085 44.58740601794648 7.070781279178195
44.80305283663813 47.754307488833845 6.426303994995033
42.45341849173994 44.27597654621891 6.829772108657214
46.41630423244565 38.68820865155984 10.119906972625554
41.884600363220535 46.68497222759493 9.0666876004011
42.17778811050462 46.53819614141651 8.03766003732912
41.46877009272019 42.11517358954966 10.60927133088419
44.2668377541255 39.05923980373684 7.409866197765879
43.47854003853097 38.81273308175664 6.714006191995922
41.83928601340719 47.13810169214157 11.251726207269257
48.34886467048141 45.28890040712374 8.644285110497796
42.61742700689406 47.11695505169762 10.086395923499783
42.32618648219409 49.331496802450104 7.796639135317687
44.335344177276404 38.872906313380106 10.595864190670245
46.94145829140033 39.189069836828544 7.381051420529042
45.51104210277721 40.905279712688646 9.094050701375467
44.242824331566815 40.27072144384548 10.746839432083092
44.99074437178047 42.13811622220267 10.268806692636867
46.83899577353166 48.15203068292559 7.149114100972243
43.63104831982258 47.48810181589429 10.051440045074648
44.67203164061934 43.71111019197756 6.4785900842152735
48.23528849366844 41.89920692083861 8.937842950712112
46.522843615016896 45.316843041744406 11.22922116385721
43.2111275362346 42.21017898881169 7.483811859500028
47.26405832239041 44.90781022305478 8.063398723585655
43.95457129058581 44.09015882445044 8.524724024584586
46.367239792600834 44.96767472629638 9.056615432128659
48.21647335420916 45.28163139134662 10.033570907311434
45.15030818561641 49.00184795321247 8.074508123682179
45.79753065658906 49.26790757602236 9.751879634633745
45.47928195716351 48.36921891821437 7.359206256133661
47.65903511872848 49.60638676109824 11.023628837344196
45.580461502853154 49.73812837003449 12.008059362574897
46.3436431509817 49.10651093973093 11.013261911149462
46.40943261327209 47.77643272707216 11.345474761859982
47.5490771580735 48.5144783804764 7.87768537011414
46.94471371329981 45.1594768620539 10.247558540680604
43.54865908236214 43.574499874118274 7.316191427785012
45.397617714809996 44.69080553517759 8.999374910510502
43.30052663240779 40.629412115045085 10.332694471118373
46.2092118379946 40.91442771167569 10.709262002945694
45.29518805612877 41.09887076282018 10.144778799396938
44.23155287994279 40.46652438953545 11.819049374615378
47.44308695572507 41.128116451813504 6.419783975958131
48.92760623368514 46.06836207216396 11.840501119736297
42.99500261265907 50.383555599550974 7.2560646522731105
44.11782214199018 46.21546333889525 12.678823672535845
42.29934677267603 47.523614349727374 12.52710357299736
42.883699446795966 48.44371526745388 12.520302569618472
42.10500446956231 41.065780971649005 13.177790955068382
44.15908874134611 50.49479215288209 7.924978370319545
43.24246285995285 46.566145999779756 13.22551169978671
43.73269309815736 47.620731636454714 6.372568327466657
41.44749504266308 47.67478738125275 13.19012344057249
27.64502662324282 41.05901853713806 13.42861401559329
31.67964793125573 50.46098709565439 14.380126551226603
32.60551597732829 50.66826194818894 14.916694810578866
32.82882787154581 49.734799666007255 15.433299074774723
35.37250061691108 49.315818917678996 13.548151667162195
35.96159237709999 49.620428715835786 14.400550499394914
38.464878337622224 42.520260498882635 14.114920325458973
40.7430061124543 50.190830379164055 13.335481441353208
40.824901537148925 40.13789359870611 14.762299018971698
43.542355098844446 46.99222882680871 14.182913428234992
42.16560371522569 38.805696191791725 13.537797819916502
41.36628052542492 39.92856438364702 13.50263914644305
42.629461602641484 45.70019455039891 13.47542677738461
  
  
