  
  
1.2299506809053093 0.7102494565667617 -3.3500002611828936
1.2299459518442883 3.5405444197005083 -3.3500001235888965
2.4590053269848493 2.8389194034059226 -3.3499999520945503
2.4590436296492655 1.4204752502109554 -3.3499999423189832
3.680956774687574 0.7097304967333505 -3.3499998865941514
3.6809946844946397 3.541081822891918 -3.3500000814013866
4.910054082957751 2.8394568066794044 -3.3499999031422956
4.91004928676194 1.4199571685492312 -3.3499998891293545
6.139999991980153 0.7102806987136498 -3.3499999743776465
6.139999982173237 3.5405102265262216 -3.3499999922987076
1.2299509043947905 4.96005424550314 -3.349999910549466
1.229950898390747 7.8000002666179356 -3.349999928827072
2.459044311618498 7.089473630791158 -3.3499999453440745
2.459043996737767 5.670528932862018 -3.3500001033830307
3.6809554897096826 4.95953654054403 -3.3500001233213608
3.6809556436815662 7.800520202241357 -3.3499999264359137
4.910049117668423 7.089993798806351 -3.349999922960154
4.910049235950729 5.670008657761747 -3.3500000959991882
6.140000034545325 4.9600851628504845 -3.349999976507271
6.140000011019864 7.79996906541226 -3.3499999090553976
7.369945953024507 2.8394568342496807 -3.350000561340801
7.369950724734174 1.4199571564733504 -3.35000032825161
7.369950899049821 7.089993799017254 -3.349999899488462
7.369950734247033 5.670008653677993 -3.3500000526207985
1.22994994612109 9.219935125207003 -3.3499999254863733
1.2299499541974281 12.05006486849355 -3.349999926137821
2.459040230405123 11.340803694115028 -3.349999952624394
2.459040227312203 9.929196340677962 -3.3499999301874004
3.6809602373395833 9.219413032318133 -3.3499999562998384
3.680960235651187 12.050586946478271 -3.3499999678318195
4.910049619021323 11.34131707226713 -3.349999938849754
4.910049634321515 9.928682951765238 -3.34999994672473
6.140000004531548 9.219966837092631 -3.3499999102937075
6.139999986589188 12.050033147574373 -3.349999910047895
7.369950378205143 11.341317052477253 -3.349999908900406
7.369950382877351 9.92868293989474 -3.349999903198672
7.294049902789659e-09 11.34134813165423 -3.3499999103112597
1.821907476111763e-08 5.669977349094531 -3.3500000760051805
8.599043248831492 0.7097304965165835 -3.350000176677248
8.599005339464297 3.54108181750622 -3.3500001687599754
9.820994638317128 2.838919390974209 -3.350000097683372
9.820956373164286 1.4204752528470486 -3.3499999661141535
11.050049314849336 0.7102494622086686 -3.34999988391396
11.050054074246347 3.5405444000931676 -3.350000122497633
12.279999994871545 2.8394909776235973 -3.3499998905993777
12.279999996646973 1.4199261427757706 -3.3499998865414184
13.509950680357736 0.7102494505096867 -3.349999888990991
13.509945940955989 3.540544393152397 -3.349999906089778
8.599044554147238 4.95953653284266 -3.35000060609158
8.599044375584581 7.800520204402718 -3.3499998997973313
9.820955690158875 7.089473637534756 -3.349999873295867
9.820955996697519 5.670528946786738 -3.349999938769691
11.050049082667298 4.960054262807403 -3.3499998919158247
11.050049103837223 7.800000289340432 -3.349999888309628
12.280000008549543 7.090025070822223 -3.3499998657300054
12.280000001508839 5.669977364408954 -3.349999875520898
13.509950911484312 4.960054271409218 -3.3499998982649872
13.509950893768442 7.800000283412986 -3.349999916791482
14.739005338074266 2.838919409003073 -3.3499998800824105
14.739043643331224 1.4204752282921898 -3.3499998660609576
15.960956772127743 0.7097305026551026 -3.3499999320588882
15.960994686119783 3.5410818294443898 -3.3499998761345418
14.73904432751062 7.089473631928027 -3.349999990765835
14.739044035742682 5.670528949170663 -3.349999920094074
15.960955482404259 4.9595365736090224 -3.34999986878018
15.96095566201414 7.800520176632154 -3.3500000547454025
8.599039785782866 9.219413024046546 -3.349999892192137
8.599039777995186 12.050586940307145 -3.349999921234769
9.820959775106665 11.340803669101506 -3.349999998367198
9.820959774240416 9.929196307268375 -3.3499999830904494
11.050050064257102 9.21993510280534 -3.349999930462241
11.050050074079682 12.050064886969267 -3.3500000118842674
12.280000053346924 11.34134813888662 -3.3500000053565024
12.28000002786254 9.928651873362156 -3.3500000563630374
13.509949942287648 9.219935135539773 -3.350000000216716
13.509949943860699 12.050064856953055 -3.349999837685307
14.739040157534687 11.340803708086499 -3.350000186310073
14.739040193005588 9.929196341248092 -3.3500001231466268
15.96096028566517 9.219413063572778 -3.350000190514455
15.960960270283522 12.050586994563032 -3.3499999921425836
14.917436736359054 8.57107128539846 -0.880958242866523
17.190054061368958 2.839456802413927 -3.3499998890856055
17.190049266722475 1.4199571762544434 -3.349999976859097
18.420000022105473 0.710280727192949 -3.3500000926817233
18.420000003764954 3.5405102120882677 -3.3499998774342856
19.64994592223958 2.839456793138245 -3.349999945897586
19.649950722876554 1.4199571695158557 -3.349999902775446
20.879043218578424 0.7097305088348137 -3.349999870376431
20.879005305922465 3.541081833636568 -3.3500002367521486
17.19004909248072 7.089993786217886 -3.350000083840748
17.190049235321656 5.67000865877245 -3.349999872331586
18.420000005968628 4.9600852014980825 -3.3499998751971938
18.420000015831327 7.7999690811808 -3.350000112575681
19.64995087881025 7.08999379645823 -3.3499999064002894
19.649950761179777 5.6700086500537346 -3.3499998843675725
20.879044512840288 4.959536571702794 -3.349999939171627
20.879044341405688 7.800520201270045 -3.3499998885092372
22.100994694742738 2.8389193873193044 -3.350000060496039
22.100956321518478 1.4204752453244651 -3.3499999967289904
23.330049306198188 0.7102493078451202 -3.350000567986773
23.330054057536884 3.5405443855884533 -3.3499998914027973
22.100955676280595 7.089473625332064 -3.34999989615501
22.10095596322232 5.670528928270207 -3.34999988556938
23.33004908198788 4.9600542437005295 -3.3499998802949102
23.330049099807823 7.800000273960277 -3.3499999194431362
17.1900496229588 11.341317055850016 -3.3499999099640956
17.19004962908409 9.928682969660143 -3.3499999461239014
18.419999996027084 9.219966851205147 -3.3499999569828054
18.420000005355064 12.050033168797738 -3.3500000422067124
19.64995035402572 11.341317068940436 -3.349999856699802
19.64995034429782 9.928682953312418 -3.3499998658867525
20.87903974532882 9.219413029785803 -3.34999988585143
20.879039755404914 12.050586980993318 -3.349999858999687
22.10095977591382 11.340803697252886 -3.3499998712367365
22.100959778951616 9.929196337795366 -3.349999896575122
23.330050032038773 9.219935125692578 -3.35000006150758
23.330050038905043 12.05006487366716 -3.3499999286385416
24.559999995883267 5.669977352017264 -3.349999895119651
4.865727431994695 10.92534940023861 -0.35812038537702984
1.9547262799732563 10.926946932669631 -0.365046817946868
6.162820275533958 8.329040607580472 0.6359183319739026
5.687794105494052 1.430480671188705 -0.29913709311940706
4.3005468108468685 10.272465319041164 1.1835688133859645
3.8055720148149303 9.568879003831 -0.3440292158332703
1.7654243296543894 11.15264752971551 4.511965687641953
2.4561316841185623 7.24957674802779 4.672703340666404
3.8591524695661463 4.716311439431359 1.56454858259785
4.001761454773612 10.513410328538711 0.16338607808749295
3.3856371961486036 7.3244985870350465 2.688924693049489
3.4348731684789833 7.530618834738339 3.7479290662707365
3.6382109198621686 3.418832687742749 -0.2699409109420836
3.940030087069209 4.672416537608366 0.16437172011288692
5.160307392931669 5.1338838305852414 -0.33723023359272686
2.936567395472824 5.514766263465335 -0.3375793074269662
5.054256265799829 2.020459066475317 4.36791960227108
5.9332808182352155 2.3412228240526782 3.32642090386718
1.1526425640964402 6.680423454996496 4.242449550857289
2.323416693655974 11.371060160548552 1.2991118293023407
2.6990141369308063 11.399040473544249 0.27625129944934823
1.0976683309497153 12.481335264695325 4.5169332153642685
1.6529899194199207 10.567227088090812 3.599419025602466
5.75326794466974 2.093481405972257 5.476313310356299
5.5902553314637355 2.2426325753073995 2.3071007979939107
0.3982862446095247 6.869155279915395 5.006273379859783
4.4475375554811025 8.074598721320427 4.488955624620338
5.402531923730044 8.497909468102243 4.214740803240794
6.384652551060976 12.152739242743428 3.0146809420900023
6.170739895532694 12.323685235428801 1.6251596909258947
6.753092781557178 1.5993439446673592 -0.35412732540535674
3.5722269579156416 1.876028062544934 4.343375411806147
3.1411397672917483 1.5002251136449953 5.271295655204147
3.116807246826023 2.843557078683485 4.132234487464257
2.842306974362097 11.214592186432423 4.668766928142167
1.355111234721073 10.420791564262682 5.207760204766297
7.166510641408444 2.5039724719837686 3.881413921202687
6.994107507569593 3.7702363561859547 -0.3052767553180957
7.366409183178138 2.7568239424837166 -0.3333256778750182
0.8095759621459276 7.138732492311172 3.314894628937406
6.998479052602592 2.3556131615187326 5.233754928484114
1.9766094844098328 4.900840738873245 3.303014238326387
4.045637842992897 8.097583405461197 5.799085171560541
5.788149492893716 10.927791540622595 3.3134570984276124
1.7693513756801267 2.9925218375373186 1.537199316875132
1.4536552382874774 4.675217965249159 5.03355387559798
1.2463768865958937 5.148041185626641 4.073567476109182
3.1594368769633725 0.8699538996323573 3.2600077508524294
7.6971915160351445 0.6475693926386246 -0.24291279829234513
2.878524604194946 7.589288158092794 5.854855014456039
3.6231520020805674 0.8947207389704974 2.273876478464275
0.4697039231196585 1.0957701201666257 -0.2219323679320795
2.0932239274042956 0.9457112052348842 3.0465814712258297
0.021044860455945388 12.350187540038172 4.408387476995448
0.6702486375297761 1.1505679221482934 5.9443300670172015
0.5223482811681952 9.080741436315622 2.091303462116451
2.5422085346680396 0.7947624055833665 -0.2824240134791056
7.082192571025921 8.356465111683637 1.2208136036900508
1.5923048356097158 0.2970935266300972 -0.15432776287934602
6.995841016211111 9.284263116539215 1.7863525246806633
6.859575209323577 6.633023840562836 4.937802262433555
0.4060019939517585 3.9640051926626825 1.6589312452270133
7.734312295037018 12.137405444817258 3.2453658575666267
0.4381573121842737 2.5611045585105576 -0.08960704748838144
7.8906531534982705 10.287865721659518 4.869239293215201
7.783401356982 2.327194933622143 5.8687268809298745
0.692927766293139 2.9528180518394063 1.3703586067338547
1.1844527269764533 3.0843094247196547 -0.6874363058485722
7.015817862334523 7.515905640875804 1.911577075578621
8.156269564422487 2.66960762467677 3.4822369297602584
8.018726517833151 10.554893616206755 5.907840909268706
0.4743038362447718 5.9080481362936395 0.548027394300864
0.2930261076321905 4.7218697292038385 3.7611571978579628
7.995865746845777 6.083141236982659 5.466515906585149
0.1783380482167766 2.3024371795735292 2.077679003081363
8.328016154899718 7.341275202919943 -0.211829650545321
8.580996955776731 9.084430136324482 -0.2096441944562999
9.263901825075534 4.511723135914154 -0.4123079804703689
13.708329958134437 1.1354730393674397 -0.03450782249111328
10.579325024508531 3.3789494788756222 -0.710768752229014
8.849306561573938 1.2727366577272325 -0.10066135576167423
9.713365172240104 4.2860355333872855 2.121732996411505
11.913751822212772 4.4786600535941545 5.656222903491668
8.681911600149785 2.5949527091878495 -0.06379434675684026
9.472859839996564 0.7894334689101731 4.735621174405446
13.77200061174259 2.123133140951285 5.279316977641098
10.959587758213758 3.0974365650003244 1.6544735442917757
8.995725552607269 7.609376787392245 3.213897165669619
10.132934745874039 11.039170858791211 1.4395446598588502
8.65857802984721 5.331502984071229 4.516375481606021
13.928381817656742 10.648482405491663 -0.11695866667108423
11.014735420385536 8.065315418439939 -0.36643191722141366
11.060357937983818 4.777072754660464 1.2157299802135413
8.406767287854795 8.218978064758494 0.42968102403135977
9.74424472466268 3.603887407431205 -0.0473353934658316
11.319195755645058 10.777443848543017 -0.49412980980658494
10.363507298106189 3.944949616187225 1.316080705790339
9.827354861139934 7.703192029680386 2.531261542911233
9.617998407547564 7.954067147006361 1.2163538027698662
11.123033422113572 7.432430961131718 2.744671483026795
11.724141435709413 7.1215929063868595 3.5863655246362325
10.817282712323456 7.95861241261568 0.6899898245835023
11.744124335213344 7.72814243239454 1.5693890684270206
12.713925616532832 7.588662437471238 1.324173233395407
14.251777212877785 5.066352738950485 0.9131337616446156
10.777756829064796 11.707186632306144 0.35235850018141557
11.449698388666569 11.664422060032484 4.733872996683026
13.013786183342745 2.392903318317857 4.544174180651805
13.867882784144026 6.2804186665117285 0.3320075663256472
13.521085982224315 11.416711266949907 2.794190104227857
15.5994797609719 5.198438195707745 1.2280889696893893
13.98624910323567 8.002986240527635 3.2617476642089205
13.49564354811361 5.46333505650834 4.503449060169706
13.557892023679342 2.924291582627193 3.7633570784714863
11.783898150924566 10.158962469288115 4.387772601197243
11.74956040096747 12.590956012204606 0.9189889281648256
11.86316832259209 9.921462092735 3.326919260126604
13.480326303200819 4.876096935388814 2.025181709415267
15.25058538527934 8.269625948445293 3.9145063342914743
13.97290677928169 4.071467824536244 0.020372817160032586
15.179045138652135 9.603340649983762 4.15962431248583
12.834225013515871 5.500075230594196 5.356429529868654
11.758889119131476 3.065122563205216 5.160018733847089
10.934832927219471 3.043069974131406 4.446895268571699
12.732081171744719 1.4483165210738815 4.078880650845457
13.543767528942874 0.3331397553508379 1.4526572142775174
15.114090935124636 8.651316225632216 0.8676071861457912
13.777229833601217 0.14061510890638618 0.4055041152450578
9.790063752412594 0.7424668996523962 -0.08688124191906565
12.780041922682667 9.988976135515774 4.796309297635082
15.554366596151507 2.2570463753658503 0.7625269977055826
10.51754862029562 11.88235322099272 4.21262179158521
15.009173501931171 10.522973513762283 -0.05186755129443221
13.491557526456681 12.36881180397779 3.3031425948172854
12.447820209268608 12.631505748957803 4.1647934801936
8.877154931555149 7.0606381994156004 5.917621585632976
15.460726053239052 9.068810491313632 -0.07771954761041977
11.083435691217016 9.469396135716885 4.8588889501655
15.262278265922125 11.008072468152449 0.8908503189642436
15.225728600869328 7.573447566792975 5.116443197905554
11.280773030396922 11.82286525423682 5.798983309451873
10.827970640319718 0.03420540392442161 3.213556403566579
15.44695104234948 11.171755323288405 -0.8105064566937792
11.444247364767504 2.519747019026733 6.049774926929265
9.818045260314433 12.505207084641496 -0.24895523446884504
15.483489485357962 0.38069142962403496 3.284523102579524
16.30717164731746 0.3560691298269407 0.09279105811720534
16.352230595861364 1.651119189478983 0.35920915365016737
16.367079277965182 7.940812955794811 3.081372632335925
12.55749278498506 6.532779312280011 6.165688253689129
19.330368290032684 11.187296154641736 6.200361080579583
17.048112363078033 12.692981234637315 1.8024705641503191
18.79879734933089 7.805064631899053 -0.03066317025489873
23.59234157771365 0.7902941052792669 2.642647036176803
24.322873422156317 10.313824436226653 1.5032437757088912
24.15520799032172 9.326627437157832 -0.3891911152280825
24.482424933888463 0.22530517287811652 -0.05896498163463826
24.449685974780333 11.516050481771897 -0.30560385103394094
19.188104749226834 12.229749482833705 2.0614890649434137
22.134036549926613 5.308248807059881 2.098211699602468
17.73689540593354 10.783505738773526 0.32751762837371245
17.224875593079275 3.451877241812451 3.7481621202242152
19.463755568662883 10.179173670782914 5.398825345228309
22.791461103338445 8.484813641969195 3.49296509840364
22.068922500387902 3.3567563215175173 3.6443156868259488
18.408900622695175 4.526030252366974 0.1701693297591933
17.935783897584074 9.741315216549689 0.125819132443723
18.369337367758853 9.300809442599629 3.81465063343997
24.068180813704387 4.4177437049317545 0.7838259524409086
22.748269469380432 5.380106488983365 4.457288017051518
23.33538250976375 12.1174034723664 3.8876574689606147
16.582751699561324 2.6505085151740486 3.4136698642304584
22.17574073382063 12.082555194660157 3.349235642782168
18.469769048766793 10.118148034102958 4.513414616678755
23.62769822707932 7.476603812804414 5.325099685917156
17.58834996153049 2.088578260475788 0.1511217978238455
22.951019739169418 1.1178766708970054 1.3114025102653426
18.407116397283616 1.0709621515032006 -0.23199558247054886
17.709202750858253 11.173139429229728 4.724814879702505
21.07538296980228 7.3658968503038835 2.471095502629238
23.909035884229567 1.138698102349005 0.0992701414090269
23.870310393465665 11.237526582685705 4.213339550452009
20.076010129889678 4.4328604717247915 1.7177131920382094
21.851859798624506 3.789157908355212 5.821415513664926
20.403830647905046 3.5226099374653144 -0.32176539984173136
19.410731426418497 4.884476855970137 5.565843673831684
23.0452518345647 0.06622417888104812 3.699147251077192
16.99845599664272 6.7213192429121 -0.2544246473948908
17.85373640464243 3.0603764883007107 0.07847029956958851
19.132155576766518 9.149013703103549 0.16692921204440103
22.463800445518732 10.800699621458126 0.28730658919301266
21.667366389400843 11.269536845769055 3.031971257324763
23.79472549321981 3.436804699136583 5.009046436042071
19.760437192234512 4.570048730969088 0.3695864249145764
17.51252949663249 7.6680822049618795 -0.17847512287865852
22.568581146426702 2.1275635163468154 1.4609792380021547
20.38921168934011 5.759279348607739 0.008922235165617076
16.795925596302688 11.410990272323664 4.199694117033178
19.472169686422095 1.2288857553313135 -0.31638531308063045
17.19484551544551 4.672334933585253 3.2575338029485668
20.925714851308665 7.93822726515556 4.590933064332477
16.53801876425031 5.018518887693054 2.5728183227701997
21.427108519596093 8.360119060048023 3.3897741135375483
18.087812041231462 1.4165265214690854 4.9145919520204275
23.329728081013567 1.275704265254166 -0.813819000170598
20.21852299951231 9.50933081695404 5.440498795925592
18.345371127155566 11.956268122817429 5.709298808945199
18.611297600392547 4.690518431601573 4.86606821883707
18.529125189853463 2.270994441656579 5.427648750612494
22.624544342962782 4.026162106849048 4.691176557483421
23.794327102414904 10.50563968824404 0.26771394795193637
19.44954862641454 7.032659222247132 -0.034221046647471276
18.178013793075337 3.4398747897278823 4.687272578095052
18.260796794266486 6.4954726820756825 3.7652817880340406
22.114881622237274 0.48575335751411614 1.0124156097117876
19.61296679346949 2.175487456097754 5.36233570174118
18.085050585396704 5.440789301467015 3.9174535223722753
20.107327593750107 9.513138371573916 0.4547707710518589
16.937978580357086 8.83736653083726 -0.13069042247651708
20.789614026883353 9.579331569136103 3.0460694726990853
1.6631172476041953 7.323406750066341 10.344573734761358
1.2590272893948133 8.309856998221576 10.117137559238433
5.49238544248681 7.984317926671769 8.966574558029249
2.447874193120447 10.899465431183176 10.06841835622032
3.176708530575445 11.232725187913433 11.10352207276447
3.220890951249588 10.908884290907736 8.913858653094142
2.881075431605754 10.530926061987547 7.9609300147536475
4.370536120652003 11.437035907041166 9.299710792287888
1.5335690122925338 10.481040281211339 10.163636159647131
4.348100709478112 11.628545516459761 10.697713338907336
5.282939740661478 11.578508638794794 8.739438447498106
2.288664150832793 7.018079403849215 9.505785153683208
5.316159060606699 6.926639397256984 9.819133033401673
6.175654053919476 7.4707352165009215 7.91029295997551
3.2256823572603652 3.9243758226404553 7.745641261934559
2.675947141544395 7.470720824892174 11.521645707767865
2.14176312793851 7.68406852423374 12.447512976236077
5.476594792167677 12.035203224304114 11.556382649533957
3.3112281874048133 6.598917137003952 11.678094813378712
6.1560185311923625 5.055016538248436 8.326342306061433
6.249473359722815 9.074297148216509 9.471049093256664
2.798009577403048 11.191705089081129 12.114118161373131
4.28352804231476 8.364729625008193 8.406725058722326
6.186262668649714 11.2079923192013 11.57029752294468
3.78348904785426 4.243850256345444 8.976356200695477
3.3749602104760648 8.283871862066091 11.326028427833045
2.0547221534698785 4.457455990635294 10.765932041850894
4.17516914567483 4.13650929955189 6.815577577149691
0.7242522989164073 6.217382653254932 10.486206107017056
2.11046300732899 4.74511509286215 7.539493770953317
6.647958938332156 2.7320610239747913 8.755938948562198
1.066906268329736 4.891701778172728 10.720650996588594
4.19360631923154 2.815795678920985 11.004993857325363
5.115638849643861 1.6642895547777803 11.96753364492248
2.799853902414631 2.622811736220345 7.655071073567852
5.257094519160333 12.3377448201632 13.03448046371528
3.0300117081091016 1.7004611279805952 12.35726721115302
0.9911973591564283 10.110895977442276 13.263680759659671
4.263092441402284 0.8242922547473935 10.26260263131639
4.196996071064832 1.7985043487464967 11.396410335422662
2.040014066264704 1.7904098801825146 11.910149898673685
6.378158844567765 0.5419061316507734 10.098282423894794
0.16635546432080386 2.837806353216579 7.39148780689484
0.4200659635874933 10.259457508967547 7.744883196628526
2.322259369282999 7.36330188708067 6.752573897926518
8.026838640049107 11.69770851930656 6.603748392468085
2.9999321438560935 0.6983307275809619 12.784970239435665
4.574734668951186 8.50545751910313 6.556577914876919
8.032695992198684 2.675647526678228 8.8050215747269
2.1965135985982536 0.49004152992616773 9.843263589822108
5.4153911310201766 0.18524810748304063 9.76321021745182
3.2311188125896475 0.2592898624970046 9.636513210959412
7.559556367579762 5.237009244699356 6.495676031446785
5.354568001536168 1.7369351545458964 6.4145633441364955
0.12359002142814866 10.382705790195663 11.22516320839168
3.0981412759135103 2.3633286508769995 13.219859240506992
7.911068895363423 12.749265599049597 6.386435083503864
8.414383679365823 9.5676549663476 6.824421069540568
11.767081413762837 12.619162192612352 12.079094154835321
10.97623797359031 12.21653629096242 9.154191271094069
8.459533742729365 1.8931125829412985 9.871991905583297
8.362267098042036 2.036982395730446 7.627336181876132
8.44495890322944 4.002476424539134 8.873274732800688
8.493986846764122 8.577561090403938 6.641452622685638
8.63822631088575 11.899026295878382 9.927160037983517
8.472417083600101 11.424122855529363 7.876417372502286
8.49816504121287 10.111418475672101 8.050783866295653
8.742333774572947 9.439731595462074 8.86048650590385
8.826855722210992 12.362730601961125 8.95891561525888
11.14695713015873 9.801812474434051 9.849888980929705
11.030524106437369 6.7418955253442086 7.657877519335394
11.66977805115499 9.0099951354945 8.89237092713503
10.742247161970962 8.014693915773153 8.57791496139692
12.877965409783009 8.358457833680578 9.220320526029614
11.902710198424005 9.698039922574775 7.748662930545505
13.389931938775606 11.183555244778837 9.998386732218954
13.720166752440567 11.570196310174392 10.96252036122467
14.720003631045765 11.842681999998051 7.595610023187932
14.657621222590564 9.42304986545579 7.269198411424503
14.747461458370804 11.916289310321162 10.848567640155808
15.471642857237363 11.23168762137937 7.8816595694601475
15.509241857759267 9.94169472954024 7.684107797539506
11.479719262465418 6.1955922220105215 6.936852961803332
10.389601703854037 4.356528888637827 7.086493866295111
13.838737917915719 10.27072546113602 11.827304085378447
14.342444529633799 9.499742630679796 11.244238802192827
11.163806766081791 4.962773317975402 6.639868504819607
11.175797044840879 11.724598922691731 11.95048874607142
15.409366763013553 7.675700778288977 8.86710943864072
13.01614430716958 12.708463172904764 11.53512043607396
12.924841549182265 9.803071800238436 12.193628369357945
14.559652477263452 10.484867621696742 12.616306831458349
12.818094305571313 0.2373113064250459 7.072499432466582
12.991344161840201 7.502805069457123 6.358620918608412
16.470153133976254 9.417105828729735 8.37478611633625
16.566602474252544 11.565219755359625 8.639892383914797
16.865785020170673 6.846709362662581 6.97829215957508
21.620338586911032 0.21772997377726522 8.45250393805469
23.81967573168896 3.6933255224390433 11.328987724868876
17.55119656385209 6.151757866614138 8.452007665772049
22.624274765162657 11.194105827585728 6.80193501431546
22.508156957939345 0.6821544305863205 8.88167577310255
23.62165772512779 7.831391502010642 9.52965648639054
18.293774870245212 1.3586005865789672 7.4255800563704515
22.839045523332434 7.766798334242299 12.725854043506848
19.489321804973237 11.69501302846011 13.066312855794445
16.84615623476407 12.583008154778218 8.868707743944197
16.79169072095304 8.065994205460727 9.886641046607236
16.442783588117 8.022112676461392 8.854924891477726
22.29044253831134 0.9177260927200731 9.923408187636559
17.147389772970907 10.432831025932101 8.97155024388428
17.323623793820417 7.085716230483649 7.938166825738304
18.315291993902978 7.5374227014419315 7.91256516462878
23.251811225737054 7.35882681223843 7.412725091135078
23.67059931495464 11.775968942752542 7.509607450995245
22.047081717206172 4.950947940831799 8.48927809365822
22.798440047446594 11.696243215130945 11.079377946715747
21.8533224178424 2.755875596242433 8.526897265059478
22.63639863870472 2.0346768699421385 8.292880108676194
20.689173787401543 9.058267671344883 10.862177876810154
21.48886512908923 5.88442532160694 8.560791871181225
21.850869715580366 6.8640658992135855 7.475491258300543
21.541239822465137 6.272075498770558 9.578182765405398
21.99997593568341 9.429641757477405 10.383235528743917
21.19120430975839 7.725908518473291 7.576331984984276
18.066886097885153 10.274927983652109 9.515602757599787
20.779280087878224 7.973420062275147 11.729519668468832
19.98989592252751 10.090809974133677 11.495917572062332
19.911878831410036 8.69208413330671 9.733197979281936
20.458034149893287 5.655551101860083 8.290414202124953
17.315515966103895 12.131853781950324 12.342505560203932
23.55589448001197 11.412188326687279 8.84264661208011
22.722294565331403 1.908985614949519 7.21356384443081
23.552381170750007 2.5645812086635535 8.554179539984242
21.656801071388628 6.407675427839311 6.50484966679489
19.99661169000295 11.42963687356056 7.015094600164597
21.95659135812559 11.221862517783903 13.303330839515121
24.368931657082797 5.062765608350886 9.658705312623185
18.745117729598345 3.0591656878640223 7.460652425911924
18.170982094661813 2.3123155688526573 6.912306574798627
23.95337212670094 7.868398936514619 8.50252650163856
23.39534462835735 5.860261120473994 11.494197865837066
23.935896995086363 7.675547519868507 6.340892440766657
17.134319618022428 2.6322872446166143 7.017420971536473
24.344290489456185 4.953037958246711 11.042059503962943
6.2228923189214225 12.584099643167798 13.475665131755546
4.708397533343839 11.600951438742388 13.62113805623675
22.4707037843148 9.393744668235966 14.555938891854428
21.915151795689393 10.705125478484897 14.596024923464917
22.55824817276648 11.428190580148915 15.505431850257033
20.511413723232888 10.572466243069394 14.81749670693728
24.25882891211267 12.118907003652156 15.236105051909037
1.2299508760728963 13.469999498752067 -3.35000009113679
1.22995035942144 16.308682943951514 -3.3499999530630777
2.4590397643461763 15.599413067957691 -3.35000011496682
2.4590443320684163 14.180520427761783 -3.350000257802881
3.6809556581124734 13.469479540345093 -3.3500002640339313
3.6809597739669813 16.309196326722027 -3.349999942936326
4.91005005379558 15.599935127606061 -3.3499999681040924
4.9100491293542765 14.180000503378546 -3.3500000263244925
6.13999998462244 13.470030714576998 -3.349999909967285
6.140000001874237 16.308651868214127 -3.350000002002668
7.369949936633724 15.599935138872066 -3.349999945076312
7.369950887135766 14.180000492441197 -3.349999926993106
1.2299503714124616 17.721317056586148 -3.3499999046602955
1.2299509810523144 20.560006172759707 -3.350000198322939
2.459044353528763 19.84947978172344 -3.3499999610650932
2.4590397611344836 18.430586987092195 -3.3499998864661307
3.6809597728824626 17.72080367752892 -3.349999895513868
3.680955696032514 20.560526352637982 -3.3500001153062087
4.910049094016046 19.84999972861424 -3.349999929349876
4.910050046991614 18.430064889359244 -3.3499999089199783
6.139999997295047 17.721348124039622 -3.3499999530367672
6.139999984963903 20.5599749531645 -3.349999899729952
1.229950801356783 21.979991358977376 -3.3499999994800724
1.2299459463018303 24.81054434392783 -3.349999910385094
2.459005330107138 24.108918198102863 -3.3499999022155738
2.4590445196788266 22.690463437860366 -3.3499999190730776
3.6809559756797867 21.979471067963388 -3.350000048049661
3.6809946588644498 24.811081795750933 -3.3499999712844017
4.910054066647161 24.109455735602182 -3.3500004537866888
4.910049087698413 22.68994565380076 -3.350000219785686
6.140000005559919 21.980022641362034 -3.3499999057610905
6.140000036605518 24.810510180280094 -3.3499999193482957
7.369950894936495 19.849999733983076 -3.3499999198522445
7.369949932172092 18.430064879543185 -3.349999923720107
7.369945969907367 24.109455664958528 -3.349999871234679
7.369950927833569 22.689945763695672 -3.3499998804269326
1.4898503441685614e-08 15.599966852779847 -3.3499999395181126
3.786904324498886e-09 18.43003317137811 -3.349999936562024
6.305151242469053e-09 14.179969294640626 -3.3499999230933275
8.569529505704407e-10 24.10948982518052 -3.3499999140779213
0.1938493183314195 20.76198790062937 -0.9107755515181737
3.1470618018641035e-09 22.68991480848727 -3.3499999622399113
8.599044343073992 13.469479557421376 -3.349999921854905
8.599040222480332 16.309196317567267 -3.349999919849961
9.820960241124673 15.599413035543773 -3.3499999319750318
9.820955684089112 14.180520426874688 -3.349999912331605
11.050049129293935 13.469999487922825 -3.349999896713939
11.050049631123075 16.30868294223887 -3.3500001199089224
12.280000060885818 15.599966851822938 -3.350000017026357
12.280000025772958 14.17996926929175 -3.349999922800293
13.509950891006154 13.469999483009492 -3.3499999317174236
13.509950393555282 16.30868293759017 -3.3499998594995217
14.73903976825861 15.599413080902057 -3.3500000224063498
14.7390443141594 14.180520419080825 -3.350000259157
15.960955629731352 13.469479445265751 -3.3500006126845916
15.96095979946551 16.309196335151945 -3.349999967854147
8.599040219263602 17.72080367054327 -3.3499999296801484
8.599044320135222 20.560526390969912 -3.3499999137783565
9.820955650546972 19.849479811497808 -3.3499999213170204
9.820960249267127 18.430586974744003 -3.3499999277998094
11.050049647135321 17.721317064632657 -3.3499999622627485
11.05004912101848 20.560006217760705 -3.3499999153337834
12.280000009724748 19.850030931457844 -3.349999912357368
12.28000001910348 18.430033157346024 -3.3499999010022528
13.509950375023209 17.72131702676393 -3.3499998857562305
13.509950889765085 20.56000620147328 -3.3499998912297624
8.59904404211683 21.97947109060017 -3.3499998835056255
8.599005338859625 24.81108180141639 -3.3499999694834273
9.82099467213848 24.108918229961375 -3.350000135623241
9.820955476762977 22.690463456791747 -3.3500000198230184
11.050049235030771 21.97999137409688 -3.3499999210803058
11.050054069335992 24.81054434943651 -3.350000186862659
12.280000003510958 24.10948984059292 -3.3499998851285073
12.27999999363775 22.68991483769527 -3.349999863495179
13.509950761269339 21.97999136771264 -3.349999862870777
13.509945921931001 24.810544350708444 -3.3499998753768723
14.739044366331957 19.84947982900858 -3.350000070332002
14.739039770451225 18.43058691232556 -3.350000269767487
15.960959811231794 17.720803638241946 -3.349999877797436
15.960955706973998 20.560526361072323 -3.3499998808796585
14.739005316686704 24.108918219183572 -3.3499999355078467
14.739044518323146 22.690463454552148 -3.349999866919866
15.960955983135474 21.979471057726577 -3.349999865073028
15.960994675780917 24.811081782001022 -3.349999892301435
16.265602731022682 13.87526975253993 -0.9444702910431169
17.190050038553508 15.599935121254505 -3.350000005840049
17.19004920108526 14.180000526062292 -3.350000174485963
18.419999996690535 13.47003071669982 -3.3499999045574524
18.420000022932246 16.308651800296328 -3.350000366823921
19.64994996596759 15.59993513658099 -3.349999901057327
19.64995089949542 14.180000490940534 -3.349999885824686
20.87904431812633 13.469479580731301 -3.349999836338303
20.87904021268546 16.30919631878395 -3.349999819680219
22.100960212143367 15.599413056313445 -3.349999947826884
22.10095561723908 14.180520451387629 -3.350000062611848
23.33004911333951 13.469999489240767 -3.3500000705710953
23.330049615452268 16.308682946337786 -3.3499999117351176
17.19004911664937 19.849999719813038 -3.3499998904273998
17.19005004515512 18.430064875980502 -3.349999951987611
18.420000023146603 17.72134819079146 -3.3500003329637917
18.42000001064889 20.559974938825352 -3.3499998537400333
19.64995090841636 19.849999728904653 -3.349999922104435
19.649949961975302 18.43006487998243 -3.349999912041288
20.879040192807526 17.720803658534813 -3.349999879719147
20.879044307817857 20.560526355871964 -3.3499999054377447
17.19005405747252 24.10945565016048 -3.3499998521259657
17.190049096681076 22.68994574329858 -3.349999889276721
18.419999996016635 21.980022601539176 -3.3500000235083904
18.419999972708457 24.8105101725931 -3.3499999208971163
19.649945886161085 24.109455703951802 -3.3500006707414878
19.649950893380403 22.68994564843776 -3.3500004504022973
20.879044032506116 21.97947102640062 -3.3500000940806673
20.87900535270579 24.811081807176674 -3.3500001393143695
22.100955621989886 19.849479810330852 -3.3499998890266625
22.10096023314828 18.430586982784188 -3.3500000929816465
23.33004962760608 17.721317040028683 -3.3499999027279594
23.330049091183525 20.56000620136 -3.349999858300017
22.100994597109082 24.10891823736882 -3.350000288068836
22.10095545202268 22.69046340100936 -3.3500001033697435
23.33004920773548 21.97999133258849 -3.3499999015285864
23.330054091708817 24.810544353255672 -3.3500002327854252
24.559999983964758 18.430033152180453 -3.3499998829040423
24.55999996621549 19.850030926093623 -3.349999949965171
24.55999999018864 15.599966861471723 -3.3499998952963095
24.559999900185744 22.689914825544168 -3.350000223363987
23.103853682651835 23.620546830535705 -0.9125874085354346
1.2246428730714913 23.1351068303497 -0.4580322973364104
6.858712077419222 19.068355229772518 6.017964513447172
3.9240294836771246 13.58260953781763 -0.16874865786820958
1.7030006294921394 15.827771879447436 -0.5370368394428426
3.370732479647194 22.042925148631237 -0.4614305025894816
2.2649111082904567 20.128056648573423 5.282459625285236
1.3006820748955936 24.257567989719547 3.1184256347144124
4.052928297201697 18.254584309750253 1.2448565349690377
1.993215096602394 20.474108644412222 0.17794061130786853
1.613291864747044 21.26737611605363 5.183962463231672
1.3781040165210785 18.60210255102973 1.1037849875524064
1.6951178050463245 22.847383091070093 3.827640730398821
2.069619090243974 21.97748240351869 4.178527579931075
2.1961350636261785 19.1970758554982 0.7253249857898503
3.6808962355125225 17.02413140616005 3.3827957152382204
2.644433317025665 16.07884550800611 3.3337477391266814
3.1546648172639067 21.028075409415564 -0.16177274434891364
3.1334812499106013 21.288438954460975 3.663139563322464
3.324796621466329 20.187557994635927 4.416906878749605
1.9789784706461633 16.185383683954818 2.137132837914284
3.524527249487857 19.060227863980302 0.7568700635381553
3.722276696307108 21.68070269607418 2.8471438039637134
3.230775278137124 14.829878370946902 3.440657026118392
4.052740246523698 20.10517102668685 0.06463498022184488
4.078853436399031 19.42743078430023 4.275468044055754
5.186497360434228 23.303226447540634 5.355507348602736
5.047747621591201 20.27601108995249 0.03507155107145277
5.569669592829262 15.289456974666084 3.8062586446326385
5.4472070149764225 16.73475968596349 -0.24018492626108778
3.9690851723544807 23.62053483910415 1.4584074770678024
5.439072034964413 24.01319740889856 3.2082880872337363
0.626126084904569 20.98563516538664 0.0645288617729678
4.548679607707595 24.43578089185969 0.46146105665664683
4.876203322877042 23.585011702920983 -0.5438534562769226
3.2460672743470296 25.20523086674265 3.8172859716028142
6.246113658961375 16.18789737724368 1.8151257575438517
4.234860977745114 15.604118527399542 -0.16264030777574878
1.71023675414205 16.300687017943947 4.318460601214154
5.755465133091808 19.790914836980313 2.5551824027024015
6.553600865641265 16.376859700742855 0.4818463104461501
6.127447381282753 22.056254948671143 2.4838133339638144
6.627379791720437 20.79718387109941 2.207121424226617
6.848837003823354 20.70338322215988 0.8373692452721382
2.2135943718452444 14.888234259193108 -0.3855010668474379
3.5777637005645264 14.83895933459717 -0.2160685586436739
6.8071347339082235 18.09423714935381 5.531617165291086
7.512844298602269 17.39894153468722 0.41262717641658897
1.732015421413403 13.68516198375596 -0.1340895230779815
0.7560103767943573 21.596209894722765 5.752589578665045
1.9346303727247487 18.137580392529955 5.9035124761155835
0.7348719544029979 13.272909774597727 -0.08768885249034186
7.035979898429473 15.18484840202834 0.04182900662509037
0.5768766693087481 22.507479215314685 0.15399917417214914
0.8005233159662851 22.83154746405661 1.1703957246046948
6.129519726908497 19.696291443910326 5.506032265072697
3.5331820744634115 25.326510493401578 0.10273567594925148
8.091444928021776 15.638105670925473 3.987709592871939
7.2163518345520385 25.21150298996482 4.281026457895395
5.273056340296821 15.28612873910597 6.107260473320768
8.174419610429519 22.24995141188863 5.781258980348671
5.717824166219014 13.196577124380683 3.7177087046414528
1.4492465016945681 13.067339890469592 3.667762226332165
4.941455992986069 13.220362651212318 -0.16422192989803852
5.64099149724858 25.178790349708866 1.006949927673162
2.8238346802836065 12.84809006122549 -0.0594480045972956
7.911820129416732 20.52992412169977 2.7523260828123606
3.4731032776365716 13.485460652170492 5.687856393837654
1.3601295885330467 13.199802892018312 5.770280208539834
1.8867986043530423 25.43521918367166 3.653652450322217
7.978620945124046 23.0077586144259 0.10624902903740518
8.233673219345533 19.70407513794605 6.167928208055898
8.353748440202398 22.214701936434583 4.716834889447902
11.469431342033426 16.78949398685113 -0.5987504505847197
11.404299898899454 14.989566186101246 -0.670757541877699
8.62303416329548 24.247288940402317 2.913662360663327
12.00918808314554 19.031955329655883 5.885044240082987
8.477516242615879 25.332652244635515 3.749771928127863
11.815769486653114 16.91006116010148 5.794728064468053
8.709161822458405 19.755935436322773 5.1884788230270615
8.394086655491177 13.352628526531923 1.2568638907833618
13.58124295969731 13.60953104273419 -0.1973297298722132
12.68442211956611 13.82784691318302 4.673724618698935
9.50586930342905 17.124576494723392 2.9980881037348297
14.227634738158503 13.454922553330018 3.21778423990816
14.294492105388786 14.419580975385761 -0.15866756780768876
11.751468914482272 24.283397208470188 3.268897794197848
10.304321711242588 25.20863601089341 -0.02672380469016633
8.91205561929769 23.550793933055093 0.09167673588898584
11.003649451023863 24.061634337044524 -0.07372010905716264
12.073544818816504 23.93681598413774 0.00466535351017261
9.018810183226886 18.750262069915372 1.3607423561058185
10.44368704923525 15.937673639222053 0.4360982724638873
9.40458374080331 15.869065466676565 3.579854713991727
10.248768216040977 15.649284772099127 4.67590564003625
10.178951035119637 23.046618293613225 -0.09604116161584964
10.472264584608322 22.080558232780326 -0.06784327984728833
12.956685508091683 20.47752596635477 1.797669465471945
13.272826781808135 19.242109928829045 0.031602517653380735
11.429985104244018 15.865275133750712 -0.022240688393544428
12.270668830062029 19.746095284967737 0.8427671452810459
12.50805265847091 15.822777849146481 1.0527482994650494
12.42169579384533 16.781675066041334 1.5637851082011445
11.455880049638836 20.621892155612446 0.08383965827171824
11.364976679859062 18.86768960797897 1.4049868161604506
13.112744199071495 22.970962284340494 5.396940286758899
11.915859215435075 22.606451389109132 4.6560416610012005
13.814252115406527 15.628796858856681 0.41220395118041986
14.11766198843588 15.249811989267538 4.198556759565507
13.755454266129268 17.019742991914466 3.909885216910569
14.370167230687741 22.47724298323494 5.186321566178299
11.810574469377043 23.196340494058916 3.2149141558295726
10.990034549265834 22.775772161934327 2.6335910808057994
12.701989870771541 22.95973538493651 2.633969576304361
8.98914411456157 24.863030606809723 0.053225331220899674
12.331008313236605 15.03680164887548 1.7869122544636362
13.693044074307272 14.343628319853686 4.062062128623051
14.673350525487631 21.78875823631621 4.411422448219623
14.742390534539792 24.504069675814158 -0.17078805573687017
14.8529845113092 17.45933665502263 0.829003975874194
14.850983928115312 16.45882028458425 0.4223554911631011
9.624298187441639 14.849498663704843 2.624170081873957
10.997237132102823 22.873228620491396 5.17859632526089
15.18528229804893 24.13513897345641 2.0734605555885555
15.475782391966288 18.03482537271336 5.1605004156290875
15.008286649134286 17.65819661419802 3.8725877740196357
11.982787269887137 21.51873209769687 4.633965000760317
15.529366050104015 23.821728969720603 0.7390228524118425
15.262891911422361 20.38638034308281 1.3063525842824986
15.581725380695957 14.579373708553453 -0.4939712468865154
15.068333732366327 13.765671411395138 2.61523934672757
15.409643032107118 22.46573962816136 0.5435873756495913
15.87288156268103 15.850720701601823 -0.11407538360781899
14.93963984206507 18.748259305653104 3.0094846106466324
12.246031106324185 18.974522990818546 4.822638051758194
12.177479956147645 14.255449700582469 5.526112734007956
11.018563742120213 19.46416147383986 6.026328577039632
15.945993405290526 16.751104358284444 3.415659428139363
15.152125503834906 22.9543104096094 6.171793400264121
15.965811615140291 13.310081554196339 5.2581530225141275
9.3766067567281 25.326940329689084 4.8230931064839275
23.36237038913422 21.606519819316464 3.1717241159202327
20.051691333309734 23.606867284666347 -0.40131949152942825
18.05097511598915 13.354917945981759 6.138156855497744
22.340218527478093 17.483524057870685 2.4035081067654653
23.763560091823113 19.730317939995288 4.0236917955158455
21.045505453155638 12.971008199339423 0.02510691738010995
21.915766920523748 25.327996780345973 4.399524519942405
23.394497453265124 13.135057043987462 -0.5695335695067394
21.33577330882995 23.656020231325844 4.596720023599845
20.99666100976185 18.099252823657455 1.62624060605149
21.557247097127036 16.993479016076172 4.87110518931075
23.372797442297657 15.130404734145719 -0.024440948507544746
20.689175015198284 25.290303690776273 2.0911584698892636
16.43309390819385 14.813952574176076 5.979542806943565
23.65317915437989 23.563471385553612 5.890542302720848
22.511330746312954 21.386893379253245 4.683027628537984
18.94451161322132 13.89830249044244 5.830869098590304
22.660740570930603 14.192987222672924 3.7463671221331873
19.144910909535074 25.344639781719163 3.4795018158083133
20.026366794852045 23.709192894266113 2.4953454318142954
16.90027005638245 24.174482782265795 0.551246923305535
22.420320302229275 25.44438113917676 -0.13067814467554673
22.876463471713507 13.92637705844435 -0.21519837698851352
17.110986099773296 14.326288353546136 4.404194056890197
22.001117333755516 17.91134019687321 -0.6414590921784591
22.78758029823305 20.886898464141996 3.7547004932874395
20.004559408041043 21.4219416009543 -0.07626984949426818
21.23842675579482 15.240202407795353 0.2233138972513693
21.280933851080974 21.82726037207005 -0.006949441090244868
24.425224971540576 15.368031513971367 -0.07270904560861324
19.754631203962767 20.446880280717373 0.006744092457213746
22.326719062493556 23.998170766615775 3.2752344952548706
22.520928190442888 23.933290036347262 -0.04627940443077683
17.528282037974357 23.941557957457988 3.1946389957196217
17.014260064043558 18.79469044106166 0.19072936894310222
17.35728775044035 20.986641848127903 2.585949501882344
22.079218477686883 18.049445975939577 1.5092422867569144
19.237926900021783 19.043918085366663 -0.19385583930649264
17.9473625401974 24.86887379015572 3.5563804490799953
24.25610358311408 21.351795990146062 0.9119484667499866
21.52733667073466 13.937561936832191 0.02864955470090358
22.793533813107548 15.261407612873565 3.8314777830161963
20.56349728115638 16.590365204356072 5.753777922231821
17.488968385156166 21.839898839142837 4.683676313216305
16.81628704086787 13.97813289816069 5.394163876453439
24.120667697823187 19.2303204121615 3.123371502330375
22.16644006106692 21.215725398406825 0.08417535274215293
19.2542841974393 22.55086196457194 -0.3934573942223174
23.057700722802842 23.617313720140153 0.8482228126398683
23.221868238595945 18.99609078530108 4.619997440110767
20.27479591196504 15.72325143073791 0.2902410087491891
18.508620286678344 14.398871470890304 1.9702082787763109
20.33627342335181 24.667163339037106 2.9128984347001587
21.91481579991298 20.551250929426754 3.194590804981866
21.317409000129686 23.141278509819273 -0.09919693344879188
18.511963247682395 17.844588110254374 1.4865932930120407
22.41292601718926 19.082429608388697 1.607650077047813
18.462489522116762 19.834939868422985 4.161203071698698
18.05716290811131 17.702632117844587 3.7658754987880427
18.300452030239924 13.140361126925052 1.5268443922557673
18.1994800995331 22.430355713143708 -0.5916153070138264
19.350201373231997 21.78252080947655 3.3612062048736324
22.52800191302744 17.392717304784927 0.1594921773978275
19.463596426212757 16.2299327182628 5.044854434847801
16.80313000677058 16.232565541224464 -0.20858649773947135
23.592083939747425 17.600928352529177 0.04778899759886546
22.39872715959116 15.958399598001117 0.10984707571583319
18.22785922843991 17.035322065130803 -0.5502997944895693
20.65911796442977 13.646019123757128 2.9266480388869986
21.537729745266894 24.4492894677574 3.876971792406195
18.131465266646952 21.109805669981508 3.6900331934066455
19.69908980964951 24.58107559552331 -0.7062626542556094
18.234842003268685 18.170273351978594 0.1935068512938054
21.620870014202627 13.36940000832382 3.3327451451654255
23.679095203632027 13.346078525538974 4.026892353076724
18.403755485561017 13.174531711819704 0.1855208865246194
2.1511144443830914 21.6337542716639 9.293206356023227
2.345648677627594 18.70149928845922 11.083243153304572
2.7671737486080645 15.007020814500448 11.173965135595934
4.146213122635342 22.372787441220215 9.866949974232327
4.8326671667569565 22.902936471821707 7.571823179373414
5.396301598149071 20.482740300783075 9.392198508254685
5.6442319643955825 19.80287305319132 10.59181606322661
5.291157763179183 16.328562871464328 10.67837662349775
5.226152801292584 15.592323171922095 8.481555588774057
5.613680629187943 24.18438796862461 10.212615599393715
0.7903652034815588 22.739776410343726 7.867374903429195
0.8082896058160772 21.979334892288946 9.018902406217128
2.8124837457451792 25.199633269225043 9.278936200351268
1.2723676235583388 18.659121561450824 10.970673587180165
1.3555970049587152 25.048711168971913 7.210437260274494
2.6487435588461814 25.296469275485954 10.651522206261108
3.006901205254381 24.16686003931102 11.388021342488177
3.1234652320855445 19.09616834840707 7.383373813979369
5.78330543158144 14.908677210519134 7.355132583435226
3.102257511114716 16.246410022678763 11.73658284414882
5.032399236346153 20.461021429370902 11.659568988349452
2.845775304355439 18.411645661446407 8.184883012351907
3.878528398663018 14.543383711946209 10.513867523267912
5.167677721484834 18.541823959616522 10.474563862993366
2.334704237062949 14.082276541711638 12.116044273407057
1.0008013395317048 14.265761704596509 7.567006533827357
1.687699876460493 15.264278677340206 10.307688688943466
6.710523602129192 24.780343087797668 10.7181897996029
5.580631240220091 25.00593773624306 6.962013798510504
6.752386903195775 24.61543007959009 12.04101150494791
6.989509508067846 19.8310069437047 10.819397093984003
7.214789654515919 15.13871143079265 7.3345363529610434
6.898405673499747 15.488739307901431 12.67726236377935
3.0186858400573993 14.848695692006496 8.044088208691893
0.6062857810597194 14.872015817700904 8.271927397795448
2.3738256274588463 14.279052576038197 7.3913539391525145
3.242572083774848 20.081852952724688 7.833195354954329
4.80545588448421 23.888405884940923 6.574139596111458
5.61606204115926 13.54709858248742 7.494157375126904
0.9816566341488477 19.328712755289473 6.784215565616268
0.36937035225088566 17.09311182063519 7.806101103035088
3.4989516838492363 24.315945347698435 6.546264687912568
0.5284942916999501 19.3936103063957 11.70234936888189
7.917216623058839 23.256753220285074 6.61663227359843
4.0583221396119065 18.789081981712066 6.914502268672313
8.045884835562154 15.490218718274914 11.899681805152104
6.430347776553781 18.88302776317797 7.002981140765393
0.002796732916140227 20.811931392208933 8.796653151503726
0.5384547285459951 21.426294194006317 12.416850836686663
0.6856751608107302 17.39123276687873 9.40328124128498
7.658989114493542 15.910999970646703 10.62018242233514
0.29424646793909154 12.962096472655881 11.13815511439764
0.46870653215529506 17.937237921900515 10.224806033892213
8.150137931326547 13.211282533451048 8.858353935537599
7.938673390539013 22.76060343167944 7.8737897462426565
0.9404130400202018 20.449618677087802 12.68635863003046
4.646837602307807 13.239146761981736 13.090703543473564
2.562237074777326 13.606657599641933 6.255336843192788
0.4635193404777955 13.618261913850931 6.568708072857191
8.159632301687788 21.106216926571687 6.622541346505871
8.133293273671956 21.4494426717192 7.830322976869086
7.822792329732266 24.17425169828808 10.149724280901955
2.02304596167424 20.5459465773993 12.768376266913938
1.960437712115658 19.133330367591434 6.346136434923459
7.91389013874745 24.31429183184728 6.397540923799716
7.840641283679187 23.314677234540348 8.712534002259805
5.985434126059433 12.903767943811078 11.13831822808661
0.3389114649662026 22.7030333098912 10.107097208458432
8.338164126403074 20.726259458610507 8.605844719936165
8.624815598368695 14.18307058338495 11.909359895085043
10.213847257142444 12.9502692052583 8.892473090750459
10.492524851957253 13.32727550850312 7.908448169592112
10.358995306399656 13.76943754351156 9.596742412387217
10.26963805869121 18.09396902719264 10.768744876556068
8.848406076891575 16.42513232658324 9.39714818455359
8.951169945790001 16.417365083851653 12.401448959514061
8.375305337324148 22.720694283236714 11.98800934300527
13.916411994990272 14.358754278374533 8.16116155253221
14.335104752580778 14.300781896514978 11.182916751281061
9.70024884164913 16.840592777946622 9.048068655757312
10.440419559987863 17.827878962531017 9.736064017704521
10.284144519767215 16.655206761527552 7.869196604099228
11.266529062437112 17.480247563516027 7.688990588618144
11.366093749803074 18.190171525661164 8.835421660648084
10.490755436315968 21.06587145363793 9.58813785124154
12.661082770816828 21.560661216991857 9.122817956780459
11.258596378135437 23.211837352948944 9.263955424999757
11.374955212855404 21.882192618614265 8.885412688914547
12.18930354895611 18.880689303155417 8.944558389207884
11.229719187549486 21.67382783712942 7.522507193711499
9.988031993770965 15.88313767727503 7.174483209176491
14.046880866268102 22.35549206747866 11.354825695668486
13.52457771993943 22.2740437390006 10.494206387773799
14.199127229351603 15.010739206037305 6.944754189708283
15.071475598764774 13.996430743313107 8.808980989402604
15.362445274900566 21.007177547050574 8.94381045901543
15.323733476681754 18.7698152625456 8.977089499051024
14.779253570081618 18.98033264936836 8.056587428861624
15.244502629960142 23.018813584202437 11.387045358065608
14.757623492310803 24.38305175696641 7.68744906307644
16.00100074056203 20.149813133659435 9.156585410414815
13.429706920815386 13.898764182529344 11.613075470679188
13.122631792648981 15.15873861868965 8.947033547237044
15.013477521782157 19.201647167833563 12.322337615874435
14.405101181299436 23.800086499961772 6.941808714550338
12.723949097042098 19.73837937460568 6.307160055608567
13.8339250655676 18.513065135039813 12.544793494495329
8.662959563363003 21.824021475992225 12.516812636285128
9.954472580817733 20.916571611192527 11.133369557765922
9.5487627625664 20.940643280638973 12.057988451198476
9.803069767025757 19.95251313701538 13.027588472590967
10.529269362276548 19.15703517061218 12.948538154640898
12.83083370731411 19.151317907481772 11.797919071826735
13.71593757439545 22.063933272920558 12.623634904348322
13.291140250779645 13.258732735683632 7.7711676684132165
12.151476605225978 17.664819941094084 6.505881995883021
13.20687001583827 17.4842964950086 6.709980097033257
11.95233975707197 24.73889803921195 11.311540202704686
15.784481916500026 16.623332719211888 10.684975767044465
12.599534437594242 14.614095137444222 12.316845619778858
14.596065553915224 18.6965617213358 9.785318002061157
12.59501341313894 15.618781085545523 12.420217308471846
15.615401503306817 23.10807543367412 12.625922619167223
16.24108958030707 17.585427254485122 8.840516937638146
12.773646157329836 21.636415704780532 12.933014306068308
14.081608237401214 17.258504734874315 12.118481577912014
15.355507986894542 25.44043460685871 8.883082174297106
11.53326506500826 13.79386009882523 12.683321864855959
10.692084444534656 14.191774137837049 13.231482043355177
10.106337243872705 24.818581007503106 12.8188593480428
12.395058802578122 24.5547976779529 6.61729346513413
8.836432711047097 19.048734579120264 6.796664835929084
13.197510444327706 23.87290014925867 6.377528740897731
15.761298554884233 23.40174641298037 10.51947148768109
12.707130344301447 25.503301938244977 11.422795982592554
16.182769087276274 22.69659293065713 6.366101158600549
16.347823978093594 16.68082659838326 9.765334437252385
16.28714336077378 20.323686165964272 10.19388506314484
10.455764952690034 25.388610736894805 9.56552935681499
24.339292024768874 14.19606415636136 10.302346815357952
16.858034562715268 20.23478352940635 8.488473848205947
17.93886576942256 13.479917664450218 7.215146440111031
23.030589175663604 13.834254836113846 12.104466226943217
20.25665775526929 13.261967724512116 11.365157670028609
16.917418369274635 14.16721958258805 11.464428426813223
20.04542244490533 14.87012037927257 9.774270151910683
23.417855921529306 24.407094685724186 7.915029583063742
23.480354795966537 13.116162143844111 7.440281677683585
20.28507061744527 17.65762334699615 6.465247197299182
17.237718719371184 15.775978357931667 9.40180768227561
17.448650097909432 14.94437233380334 9.934761126938131
17.312405137845257 18.107603997933296 7.057475962860775
17.17533202798762 17.41888457034591 7.878010247705561
23.64161616336933 14.820009171344225 11.311655370620521
23.904354675944294 23.09204495890538 10.655595135042525
23.806108844885696 21.04588936012651 11.330319068554463
23.582257792428663 24.012712405680613 10.39344050495351
20.238754802247115 22.03920119278781 11.124909873413491
22.411299347052406 22.486112738454807 12.034657654959224
22.646983875927457 15.654774795097003 10.78058992891934
22.205678349612207 18.072859909396843 9.192901685371156
17.838663667606973 16.288053334634196 8.239128721541872
21.22516721338252 24.175623954781546 8.974829505278224
19.62875274590228 21.994657999001898 6.929054487424957
21.582251899818427 21.872367364352346 7.8514147627097
18.832648446816542 23.85058329900365 11.406410177058172
19.30177317842265 19.63413084869127 10.046767220019639
21.281443659331206 20.663134699566974 7.446092281515248
19.312040797878527 18.941315998277194 10.875200777401382
18.650975895836496 15.738545355638403 7.786812654087192
18.979454852472568 22.467917929668182 11.41443096515729
20.532565761800356 22.63521615119301 7.7625195731085945
20.170004639851292 17.884233841689394 10.913079619294964
18.192583465688877 21.97719385325603 10.431654990301745
20.87785165500841 17.72179057159262 10.211178780765378
22.478126702093746 22.184091634721923 8.36778315626161
20.375801652749324 23.996844638545287 8.31549946597364
19.466607159526422 24.101199090307787 8.907593649452345
22.388453463130578 14.964210960775043 8.414176274105678
18.523257752661888 18.859304454981697 12.00082697114397
23.614982073677997 19.216768647981905 7.928754851141758
23.421570238851196 17.96732279235555 8.54052348573466
17.690342996767917 19.483049646503705 12.289954876115162
19.83778549561428 17.131031894247116 11.937415716889868
23.27025881503522 22.2263597474752 11.433727529204337
23.40693340441781 19.82013933079829 12.040669704456144
22.943568838099225 19.135959731726214 11.329831076058865
23.407471248574584 16.96215996346786 7.639198993962628
21.853417687811252 19.839915221246635 7.569605038964387
20.18254552085662 13.5223111742094 10.001352535853675
24.139273100085056 24.507422753443326 6.754090626845455
20.11504078026044 20.757150880169984 6.7047549311061445
19.607591244859798 24.868856894755414 6.431467663918005
20.343754400432744 25.013842948102067 7.222127421762522
18.609558347196035 22.02750526062422 12.624556260612165
18.907938865227607 17.72373674808554 12.66501873486037
17.11827872113595 13.476871564116808 12.669301930071192
22.557508363484775 20.03355268513625 13.329672904687103
21.540208314445817 20.342739089899066 13.089663785345373
20.45855297346343 16.26596467098726 12.118264929259798
21.043797782933648 15.565096669610167 6.567107480961571
24.265901491501477 19.312869802797202 12.479932099964177
24.491238820340854 17.78448618036479 9.39970767900415
21.260212798702494 24.891053684564444 6.644956042327354
18.722408700238404 22.514631600539133 6.655983206311394
21.423838548695915 13.198668108573523 9.48799748891519
18.268783331450088 13.978557492880132 13.304625449780989
24.51483586542779 15.649155953083474 11.959514772682942
16.51802583011545 23.593403821426556 12.966694802149055
19.16989840651879 12.787775247374165 9.442142868464224
19.68559708661931 19.874603253368793 6.254102292795442
0.7889880419030543 19.187943372560607 14.301803433858218
5.912097094502067 20.57972918155495 14.263460886766143
6.8913701894793125 22.973730278348715 14.09151082268893
7.3814303864242286 22.174383090092956 14.647375083385551
5.418325609777568 21.74472812341568 15.429823228370278
6.29443331805269 21.205082836119384 15.070214764344769
6.597914136605447 20.622122896476725 15.939787706392343
7.910217932729116 22.62737657868952 15.485993369894866
0.9056630412782742 20.811014856591655 14.850518865765256
0.4174200001893122 20.192129125275947 14.097724614706065
16.06304262623204 13.549408901771148 13.54151987183859
13.747968803979298 25.2662981374806 13.41289688566906
14.70544636587898 22.522139017228326 13.43696905208667
16.341921521117772 16.682906021953418 13.540559294694539
8.975667921310652 19.785317373122147 15.016414989783136
8.36505911708732 21.46507976555002 13.772228631554405
9.020788101643129 20.305394024045565 14.070960365548075
15.561770157216484 24.629908606308096 15.18703513588166
11.564965969564268 23.513407867520357 14.047225486569241
13.553947380267433 18.548226632709927 13.874021975380948
9.705120999602467 24.35187879697222 14.958539249289862
15.31726846408141 23.62920523063945 16.68361848292165
13.705525855784444 22.741736338428364 15.226127431068207
15.641500748059672 23.643099389869384 15.643051148016385
10.697134216078862 24.580906975683586 14.055025164884462
14.731483584914557 22.52541288563672 14.928276961189532
15.01810762235538 21.577830427755618 15.384384566286398
24.516044205892236 14.592405888070958 14.706813362294332
22.590162006621664 19.063011902423327 13.824732829057833
16.70979309971555 23.42774587138299 15.621272407720006
18.954802747774664 16.38118972184057 14.16257192609538
16.602267863003373 18.31904631473281 14.003254839140407
22.97174037586812 20.767354630054594 14.021082006182406
18.98220004243276 18.076542867387346 14.639667601796509
16.701418111279406 17.01248068393487 15.18933605086621
16.970502313225428 17.307633273007255 14.175147389204456
18.49695729684123 17.354019982039645 13.983466292624106
1.2299509072485866 26.2300542714262 -3.349999918748071
1.2299508863099482 29.07000026377113 -3.350000100941272
2.459044309718375 28.359473638978212 -3.34999993905042
2.459044018987198 26.940528958339733 -3.3499999022465077
3.6809554854580613 26.22953656024273 -3.3499999161007388
3.6809556350518737 29.070520212342082 -3.3499999002949385
4.910049113771143 28.359993816165805 -3.3499998856355706
4.9100492266613065 26.940008653062716 -3.349999922406454
6.1399999747884095 26.230085126929964 -3.350000270749207
6.13999999752197 29.069969075871317 -3.3499999036730643
1.2299499375922838 30.489935150379853 -3.349999995587919
1.2299500387766011 33.320064815032524 -3.3500001172851066
2.4590402136170946 32.610803660810475 -3.3499998647956017
2.4590402031639957 31.19919632459385 -3.349999871586996
3.680960218642757 30.489413022471613 -3.3499999947905956
3.6809601617381578 33.32058694346935 -3.35000019414296
4.910049654034891 32.611317002926604 -3.350000110752661
4.910049636366352 31.19868294291489 -3.3499999623828236
6.139999995024964 30.48996683342511 -3.3499998823308452
6.140000040038811 33.32003312187067 -3.3500000447842684
7.36995090892554 28.359993815704104 -3.3500000453652037
7.369950858981866 26.940008637326258 -3.3500002057285236
7.369950356900489 32.61131706282954 -3.34999992272359
7.369950364604247 31.198682940107958 -3.349999899720062
1.2299510314180648 34.739999785135296 -3.3500001639077315
1.2299509537790312 37.579945792128505 -3.350000115226297
2.45904404526127 36.86947108127756 -3.349999877788792
2.4590443154288066 35.45052638878825 -3.3499998752077254
3.680955578273924 34.73947983760644 -3.3500001641724744
3.680955479216366 37.58046346959653 -3.3499998546165513
4.910049217672056 36.86999137899302 -3.3499998562892785
4.910049101548528 35.45000629054966 -3.3500001035454208
6.140000090475954 34.740030982313804 -3.3500002817922434
6.1399999789043225 37.579914827199275 -3.3499998542727463
7.369950756625419 36.8699913775082 -3.349999958273301
7.369950890280043 35.45000618191874 -3.3499999789467463
2.8410502765309354e-09 28.360025056638882 -3.3499999501828426
5.4968753121681235 34.3707021330403 -0.8516978976350953
3.997858848629705e-08 35.44997519598139 -3.3500004155759813
4.540773383893249e-09 31.198651871025405 -3.349999926177966
1.126422817609994e-08 32.61134794350548 -3.3500002249439307
8.599044543602945 26.22953653955463 -3.349999844977215
8.59904437028786 29.070520195917208 -3.349999875233828
9.820955660993562 28.35947362372742 -3.349999940745343
9.820955894271231 26.940528901958587 -3.350000147326615
11.050049116188342 26.23005418755855 -3.3500001903142227
11.050049102030394 29.07000020786909 -3.3500002574723062
12.280000011534579 28.360025033243154 -3.349999897270602
12.280000000789856 26.939977348433775 -3.3499999594839034
13.509950920612575 26.230054243613978 -3.3499999440445194
13.509950905821388 29.070000271255683 -3.3499998764635874
8.599039772048878 30.489413014369443 -3.3499998911768025
8.59903975714132 33.32058701430183 -3.350000037293166
9.820959815179505 32.61080367338797 -3.350000104526311
9.820959790394898 31.19919631817759 -3.3499999360894996
11.050050059866885 30.489935179920078 -3.350000178506458
11.050050092873427 33.32006485661395 -3.3500001137808857
12.28000002459736 32.61134812114805 -3.3499998703651066
12.280000017033126 31.198651903033497 -3.349999949762429
13.509949956475998 30.48993513050573 -3.3499999161218397
13.509949954250713 33.32006488211726 -3.3499998372891837
14.73904431310055 28.359473634457313 -3.349999887173275
14.73904400033015 26.940528942072664 -3.3499999450140097
15.960955491280462 26.22953654310916 -3.3500001824270917
15.96095563664769 29.07052021798466 -3.349999902304771
14.739040210409629 32.610803694221936 -3.349999964737518
14.739040212310234 31.199196332324856 -3.3499999302395866
15.960960244873924 30.489413020612055 -3.3500000026815204
15.960960238434891 33.32058699105357 -3.3499999303798758
8.599044366564918 34.7394797961992 -3.3499998955455945
8.599044510573373 37.58046343923721 -3.3499999160905283
9.820955971619176 36.869471027632365 -3.3500000055548096
9.820955688611317 35.45052637036099 -3.3499999090630226
11.050049118329762 34.73999975464534 -3.3500000042145253
11.050049141142244 37.57994571167564 -3.35000004900475
12.28000001513366 36.87002264506994 -3.3499998562599864
12.280000004725945 35.449974955586875 -3.3499999120071458
13.509950920788347 34.73999970822972 -3.3499999802629663
13.509950912973485 37.57994574101212 -3.3499998453369875
14.739044021242556 36.86947105642668 -3.349999844581526
14.73904432025349 35.450526361182575 -3.349999921749344
15.96095563355991 34.73947977043801 -3.349999912806507
15.960955462244714 37.58046343752367 -3.349999848678026
10.646995781970755 27.131848398658978 -0.8529811844238511
17.190049113478462 28.35999381524605 -3.349999939295402
17.190049233450804 26.940008646028193 -3.349999916553804
18.41999999701347 26.23008518125241 -3.3499998717234725
18.419999989088556 29.06996908327372 -3.349999871896394
19.64995088475621 28.35999380665718 -3.3499998930980412
19.649950774742198 26.940008638941876 -3.3499998809519638
20.879044459819102 26.229536561718017 -3.350000079104597
20.879044358580007 29.070520198483806 -3.3499998880514346
17.19004962426921 32.61131706950351 -3.3499999477130937
17.19004963175556 31.198682947054202 -3.3500000081383865
18.41999998902962 30.489966844284023 -3.349999873644145
18.41999998690112 33.320033162745986 -3.349999856105599
19.649950347180006 32.61131705927361 -3.3499998683763375
19.649950347793983 31.198682952694362 -3.3499998775515483
20.879039748669893 30.48941302540918 -3.3499998885716153
20.87903974106027 33.32058696830065 -3.349999957988911
22.1009556835703 28.35947364194012 -3.349999886071744
22.100955877252954 26.940529049585546 -3.3500005648027265
23.330049240725888 26.23005423340062 -3.350000946277892
23.33004909945496 29.07000025789554 -3.349999889807056
22.10095976304442 32.61080366234306 -3.349999989628368
22.10095976949494 31.19919632400328 -3.349999903558972
23.330050056151514 30.489935110138976 -3.3499999214189957
23.330050068823745 33.320064885426156 -3.3499999594910945
17.190049220602248 36.86999134383308 -3.349999852659943
17.19004910579148 35.45000617767811 -3.3499998533873763
18.41999998207215 34.7400309174202 -3.3499998558922495
18.41999999866064 37.57991481279442 -3.3499998570552716
19.649950772548653 36.86999136658942 -3.349999944785542
19.649950873412582 35.450006192907935 -3.350000027817636
20.87904437690582 34.73947981163717 -3.350000005020455
20.87904452326599 37.580463442945955 -3.349999857579491
22.100955974332592 36.869471057968276 -3.349999877361791
22.10095567822538 35.45052638085246 -3.3499998667319963
23.330049091944737 34.73999974431707 -3.3499998973093126
23.33004910286214 37.57994573302311 -3.3499999180361706
24.559999969981266 28.360025044340173 -3.3499999805620027
24.55999999787223 35.449974963043545 -3.3499998773189854
24.55999999903622 36.87002266342756 -3.3499998488300733
4.3149597317257715 33.08972172778018 -0.6654794930336516
3.7683592685499714 34.80861856881652 -0.4604630356299122
0.36526397566249785 32.4483987036687 1.2205617108811073
0.9833154236573146 32.064544339374564 -0.3835771292143464
0.6922070790566178 37.06753640836957 -0.42460478633513654
5.783414435235719 33.573332789381446 1.3473144600635578
3.812302289418796 30.636637570510626 -0.1788936543766162
1.1746897245174115 34.386199708538484 -0.3046854831202095
2.0125662467579746 29.309810344431124 -0.27383212530010304
4.0720360665701945 33.21502761158252 1.5603746959068343
2.8938692542500535 31.192229536236646 5.267393427401803
2.9112440894716416 29.88965662023407 0.5648198758761969
4.13854897210716 31.48654451493105 3.4158132531838215
3.8005984541205753 32.02827869571461 4.299223421105516
3.523503809602176 30.389303196170758 5.650759596856999
4.739889948583979 32.27505693607948 4.794129461210321
3.5506537911996756 28.827499502253858 1.1908091231552198
2.2011161196738693 30.70908568987413 1.3559039815369867
3.5021549427357948 36.001739635011496 1.9126260594360889
3.2892294776890796 32.89502716145072 3.880476639389918
4.548169520549575 35.1622082935744 2.0352960348593916
4.776842352114331 33.96617065625164 1.2038186315194743
2.69132263434031 35.76468675624005 1.2397539316698103
5.336941340942734 27.69413144241843 4.463570919659975
4.742032174170634 36.67227635669476 3.5391982853190376
4.580208587237534 34.092818316829316 -0.33150303018362415
5.987327242808779 28.789590842303735 4.865647469000997
5.461106462129443 27.6727574885116 3.114130920132866
5.271770263559835 35.62734069989539 3.049469605235476
6.330125726117384 28.658301767669066 2.738222604124718
6.662460611443322 29.318562892872393 3.843139629861546
2.5531960397500915 28.613352279712007 4.1331355130085345
1.7703449602790269 30.514925016452704 4.604479593734384
3.590770590161387 36.973114184075094 2.840569107532235
5.094047864312004 37.14986320765136 4.3565695312556185
2.906452262652589 37.78844562349711 3.0231699578046465
5.238331660212611 37.64293562141033 0.48913826767071455
2.5550028918771894 31.78463362379414 6.1172916486195845
6.170749468443325 35.16650078016341 3.43138969831824
5.072581251920681 26.937992902238964 2.4245156913353503
6.784512006258148 32.717085225193536 3.5789450472617457
1.9531704147664983 35.71070855895497 4.858801354288527
4.852746460013278 27.033755352791214 5.167743297367364
7.424854616260198 30.080871215521615 3.779567602687984
6.762779217132835 28.92130142167018 1.3215270037745541
8.108609425494265 29.66176239252565 1.0880506833621473
2.044155518314782 27.057132677742075 0.36314904950002114
1.7483938008065856 29.332470524292834 4.0936094908563145
1.7486562561417172 26.542972634275294 2.78844091654624
0.45430933826365105 36.775795687444564 4.353208968432679
7.948576659677691 30.730781318807114 1.2283647921387886
6.013264299131022 29.519369943836338 0.8032206937545927
6.957877373598109 36.375646469129705 5.832721303997613
7.544662835120103 36.127876432003546 -0.24426141611117447
6.027678698889165 29.091064024683426 5.828759965179112
0.15533832039085604 32.526850850597114 0.15384877853039436
8.185688516251727 37.01632910630773 5.900283320869892
1.2068366013619933 25.697279499963518 4.891090322523474
6.781578707685467 27.9352738724041 0.8573112654346859
0.6482489120120196 37.650458470370346 1.6712713045251981
0.5850374794924322 31.066061322291333 4.2137967874869595
0.32828779148102627 32.11122696329354 4.303843334123291
8.133010100996005 32.75612191134819 3.9331988409826337
7.961438622008991 34.11736162201377 0.8143767703733318
0.5717981650501743 29.057109000051845 3.623706123052016
0.17860096662413338 33.95197606318727 -0.21891245574292673
0.25909578871029804 28.173769884741716 3.2468384656735982
1.9940586564845268 35.34253755077707 6.186415353983569
2.812859890786662 38.27448134512932 -0.21090125942787252
8.441941126085958 29.545634592916596 0.05678722936470315
13.2459048811686 27.07036673897324 6.231264871740838
15.544042330238618 30.284406386505694 -0.5309712981269366
15.5141114725495 31.66799347272498 5.9633948302627635
9.953868421673624 37.502606466754344 -0.6185254970343002
8.44638257487594 37.64667865877452 4.716521580373407
8.391036553010656 32.13543688660547 5.152168636877567
8.948462031652756 29.313051668017888 1.6890069467997992
10.763741638017184 32.63830787953711 6.027284408744532
12.956001375686093 26.22690848445285 -0.5929597438706891
8.465068094599939 34.11040975836197 4.150012659095386
8.656874474212048 26.48428768955285 3.013562521327703
14.595194761446313 37.14532126371668 0.426262233297775
12.160836539788844 37.07450948538548 1.5276251241316896
12.449189754796874 36.82027466239451 5.563242730762844
12.740161926679587 27.64830275091767 0.24324273670712881
11.674991590730427 30.80273627192411 5.052772968679953
12.376861062621282 36.83233885970755 -0.20364030259867882
10.353935887691527 27.097165240888874 0.8835400970047547
11.407487646982172 37.65757348123391 3.739804366598708
8.472019530907717 36.069727903695615 1.7706492977021249
8.864156536389403 32.19069350909033 2.9332048467776053
9.383900179275331 27.03259292611152 5.72366192393297
8.405410540081387 35.42432567523444 0.5988100743660119
9.537758148089473 28.024993138733493 5.831223736009145
9.767697113701665 36.01737091077199 3.6666661518172017
10.308937175057695 28.700544422942954 5.010696109240919
10.12213491994907 33.10811583550954 1.2972665645425774
11.500996794045696 30.410696069077254 1.563688482740847
10.73951892233553 28.308755385147432 4.101025449751975
11.383730503174318 31.819513261271076 -0.10532852663667436
13.062430581473446 30.45031704238195 -0.08476815360634826
11.72561448724776 30.55791223970371 0.21474883700677183
11.30686136555278 34.214591841264216 2.931782449667856
12.629091557334615 34.13538196152376 2.5315900059864593
12.917578191743088 27.716135195899124 4.049848220872361
9.689155383661086 35.32776149973386 0.07897951348851517
11.023947819385462 29.639436448192743 -0.4789339949167637
13.021648557745166 32.835559974269636 2.5238209523264334
13.404954277778058 34.82266069928624 3.4932648956607046
12.758807437952672 34.63274099794264 1.2641830824762113
13.78293140676756 29.024248325631007 1.903932818235724
12.22172627725314 37.99723258188068 4.807815131757257
13.818936382233145 27.386881688162923 4.999373967022102
14.250010679566552 32.55596334028074 -0.18148967057762588
15.425941599064576 26.857083218629164 1.8102987391166259
14.713062634418806 35.57530929666513 5.232912388977606
14.738257035333879 29.434931971980124 2.195637953643473
15.31841408224928 32.43591611449618 -0.07900634164383136
10.63812483296436 29.851952730320807 5.578116766586455
11.409009433178943 30.995710172350474 4.0134873650344005
12.398871067997632 26.613256004288658 0.2605280499414775
12.490047138007315 37.553712150648266 0.6056244797968502
14.660022323178113 26.353300606404755 4.527496974957263
10.860402977481938 26.58499750631317 0.06544762111461933
14.08712372025125 31.234379341222017 2.8346979944829376
14.883154256031007 30.61385015991384 2.797564165746771
15.903283930683122 28.794137743916878 2.1825766150083648
15.936291678973554 31.266059882557364 -0.3098449494014943
16.182462514950522 27.56974567848254 1.4818351607666436
15.813748954072228 35.318915609646716 -0.5445250730280593
12.724812438669755 26.068658760950537 1.1466860863876494
15.939378578802932 33.53668538766171 4.849491000202169
16.1300735962174 27.67403012019732 0.017230586545150528
15.105567071697717 27.858295277665736 -0.3060846357377822
14.649741993096377 28.488520509947342 5.250725160339162
12.653692146823268 30.322999946975727 5.062686621057999
11.718013414816165 32.18687833425726 5.755849809507936
12.2787422680139 32.92236699821648 5.179013976378957
15.826597735874467 32.98204173918166 6.106744322416697
15.238698299919786 34.99409293317943 1.0883864853866565
16.080556348434104 34.86243821102237 0.40864972699314883
16.149119690781816 25.77688957403322 4.170627544937751
16.301107934160637 33.37170978464715 0.1324913632110214
9.330143752343947 36.140069051895104 6.059742864509334
16.19452965351532 30.76873436850539 3.1322971303716782
8.228866551596163 25.62558361261165 0.13623702065726606
13.95778929278476 38.017044893736916 0.5742898703748811
16.441857074647448 26.661711439587513 -0.2398724112347983
16.41569469103985 38.06745614064561 3.1643945067458787
21.422827477375307 36.9990173026056 -0.22186560504893538
19.90886145974295 33.228584159075574 5.418508595406323
21.075525808124066 33.849825531071424 0.4593526211520782
16.828553546951454 29.661976258799424 2.745836914786035
17.151187303904603 27.211652796704385 1.8303201265695679
24.07647828467135 25.82349648714393 6.242294439236176
17.413449305127337 32.715641693963576 0.15488244661603368
18.150555972474024 35.64188672765372 0.5182856731342078
17.93061758434091 30.66732926699662 0.03316793373419724
22.196656927290707 30.516478821860346 3.466652087411597
19.502305150950733 32.23320252786453 5.520132293467671
24.488621169839867 37.356710283172355 0.8076561832058005
23.688892372780188 29.142193092063913 2.10091425139138
16.77459253710179 36.333376171282765 4.592892128315485
22.279433185679757 25.98234631289878 0.8067888113799582
19.161732105812483 26.510895754371894 4.246604249694165
20.154817350649793 28.81984586358537 2.0836929864132436
23.443186915586644 28.174063398384906 2.5373242931559914
17.54953492767071 27.395704429942768 5.404015366490564
18.517320406309043 30.03374377546903 5.7900683717354715
22.844265404056433 32.41620769524726 4.798741794586958
21.45789702971737 31.035586985270022 4.077275153110186
17.849285347993618 29.346601920920804 2.9040949866985297
17.941105620673984 26.672455409413573 4.70402733326145
24.53502219515881 34.12156450285077 2.823375578552377
22.20542513820319 32.919562649370164 3.236336569058922
23.263624166895614 27.473907574824636 1.7214572435023312
20.285729509772143 27.72236647249843 0.11305011523565889
23.450401765868445 36.65564133686998 0.5145025826393135
21.931861559252223 32.5143433545503 4.210533824055704
21.50942856152874 34.7462693322571 1.423268417783562
19.945101269275366 36.40072026518051 5.815262766309321
22.89958314305116 31.287091785168077 0.07597437337856228
24.231041816105687 26.836686155328852 3.952816650393538
23.43365987957762 35.64704586802102 0.5650484967421854
19.365643265058146 34.37399450746112 5.812410172249574
17.292680363629003 31.443018748332143 -0.07379902817728157
22.520751900019807 28.231224164517872 3.115205153603516
21.204023187653377 34.83013202490543 4.808491496639777
20.262285780404383 28.959103131482298 0.6883515669287632
17.156765465974452 25.71071914874544 4.189901012177774
20.146126736577582 34.4862329322078 -0.31638571156306416
17.197604531337046 35.739168815885314 1.0384008010090884
16.97604482939448 36.79254254179372 0.8668925151340745
22.075912717537687 35.20368918414885 4.292096593062077
22.38374289378639 37.430050460272675 0.01740825371450261
17.24613799602951 35.46379209936851 2.0919244918252455
24.20823223677906 32.19045826039268 1.6611306552434035
20.04490427593188 27.07340549630204 4.511159930334592
20.180758494211883 35.39875649352685 5.48825470429532
18.52800857121793 37.398678352700294 3.6893918480162413
16.626901752886834 31.609595636824146 3.654223078299179
17.23591548899274 37.51058309198639 4.16608650773718
16.822771717647893 28.383087287870218 -0.43609848326703116
21.036543306191064 33.467078912770454 4.854238059679386
20.593012262338757 32.67181688268501 1.0123683613856393
21.44196141483679 30.442552287545386 4.9916907607666525
21.370057321946557 29.758257214770317 0.36102333543404086
18.388057849640887 33.10910272929414 0.40333082880348203
19.092265378588 29.614077289800537 0.29988916285008993
22.214800966056217 33.48374771846137 -0.29412055169417917
20.512219936126627 30.95213339817064 3.541709719697516
23.363752545053025 25.900154294600064 -0.4311884340560346
21.601892746442992 25.8015654623975 -0.7557346982522539
20.722450392300285 38.26682176434185 2.470612900918451
18.424545738042465 34.546805299063344 6.135785921020755
1.778149741653439 33.65537304507205 9.412045815475212
1.6225460770422866 32.50273934236234 8.807832487724415
2.750083144822828 31.752957530789605 9.087665105171347
2.8087104312151867 30.721466857098893 8.7730386101913
2.943696150312824 33.729587384565946 10.035953113833981
3.3736110246937794 34.46251876863987 10.581924529757533
3.6120875164877932 32.57781078300746 9.740233457720164
4.640238133503832 32.32429096469257 9.952445640312861
1.0495700098618825 34.44874317162942 9.333716914658693
3.2775695418415944 36.6508774655683 12.027539382997317
2.0980369350335826 28.0109841117335 7.628395104901591
6.475672630002451 28.35864110983141 7.876609055266931
5.07237531652912 34.53789834349914 7.558411542061495
4.783000291010578 36.42400187295921 8.462842485951771
5.416138506719772 35.55206326294652 8.390323108264564
5.299483140800712 29.070121957546444 9.583569403177796
5.649957812117281 30.285382450289234 7.738616431015154
6.231617768093811 29.4494646070653 8.665658102091502
2.2771222912531015 28.74788604438266 11.764264619344223
2.7533704980917526 27.902363066120376 11.484302945698172
4.189513591237715 35.90135190717914 11.320079505602896
2.91245064876673 37.77057016010548 11.30948349308877
0.9335231482452332 28.896641070996214 11.46369357002607
0.3886007602278748 31.967868344303884 8.264405772663348
2.7007899257300223 28.141096863417527 8.859691859198618
2.587845833485617 29.56451945891271 12.697755355780835
3.5751737508723274 29.695673614984948 13.11534626909242
6.259410863455129 34.00683851096303 11.782504708278234
6.059669793686032 33.650776066472915 7.524644056932914
0.931368065923912 27.229734593509633 7.8591003963161965
2.997746218623134 27.316028348945345 6.781147474625108
6.5740448999673955 35.188474937391966 8.992004071551118
7.076446649728243 34.076480844917526 8.308311235153576
5.293224313692019 32.18865674929642 12.753912804438109
7.142965012469275 35.68907545975653 9.76150327401766
6.179982119747541 27.336679930741518 13.099716263474313
2.8626528706490277 36.16143696470612 6.868068073269912
0.5340702894059114 31.57941386342203 7.256416818058913
4.254149036580759 34.44456887814269 6.973693348685945
3.5061673434837535 26.315589148182152 11.031267705636914
7.152685390645009 27.786909259964524 12.967270433446123
1.8149086555786356 29.263427066492916 7.099221323839623
4.827808194778634 26.586953616563385 8.996341383095245
7.395677259930343 29.93795227564142 9.290106686842975
0.6336396861482317 36.45907440656743 12.306796149193508
0.7108667051612227 35.42628068708797 6.738196875592593
6.33704465402647 33.151517028969124 12.853786289720707
6.102255724043333 32.767449931149294 6.904707465672365
6.257771907212361 36.080586009924275 12.816590824800477
0.31440824995028255 29.999618143629633 9.072750061807376
7.577048603760746 32.508930412159266 12.93851107015327
6.980996697471226 29.882327107799757 12.414437495143519
7.606046768918967 29.034969138883817 12.654639245082207
0.4712633961125927 28.28458908285631 10.703359245293473
2.17786728438212 35.762751534892296 12.216325946555461
8.031359642571267 36.79713067410487 11.553241282008175
6.752818476508426 26.124367612083727 10.429328903624345
1.345944688223976 25.697669037067993 10.85712397411087
2.5317690988024286 34.12080937167099 6.283234736060655
0.45973606658223015 29.831740143798793 12.264464520331622
1.5156560350908899 30.29068920964623 13.01931211736592
3.961738643570129 36.944908591604666 13.208251097460842
1.110655679379599 33.097198671857434 12.541032130555328
1.8694847073454075 32.71836365791359 13.225694484290646
2.7319196503999166 32.38360883606369 12.649287355400428
7.726677529930353 32.34129992205342 10.429582358402108
8.072831281077157 37.97929189360034 6.947184860480853
0.8323444160230039 38.087465539460915 6.583870882077739
8.252855774390827 38.086930915552266 12.031494774858045
8.307524600716079 27.01268581647336 12.931867235070616
14.837741595222903 33.70602852887002 6.756046073001038
8.446540172378633 32.586893253388425 7.874055199101212
8.32970697575443 33.425395905294785 8.56061423300196
8.547933939919195 32.89453960531307 9.973990697029532
8.698711205809646 33.72813129600106 10.659914241833748
15.071769331396192 27.21427264719348 12.673706490505557
9.431901548823767 32.282401512178026 10.15284320978468
10.209213669482608 26.987191221143203 9.846844591316632
9.10425139333719 34.1564023510364 8.328643283109503
9.301507167226728 37.40735105915752 9.02965638492719
10.212105729405527 36.86050727034487 9.225033275042982
10.011469012319644 30.776444057790247 7.47066576981552
10.727147705417092 36.381667107752996 10.326159801135924
11.853835846842738 35.66345853201803 10.064236826807916
11.97199079800264 35.70851788371881 8.743334700230164
13.15832496058857 30.930820330334235 9.329422550206965
11.046378105425951 36.481665195715166 8.190793634804853
12.759132406168773 35.00304934301454 11.01275868876977
13.254684951152411 32.34444995801206 9.304266798444367
13.809741834027383 30.442299574824595 8.152514344259094
13.748825411699006 30.492602541806715 10.475518697303434
12.029227810098124 33.79562725159252 11.766320607183758
12.7275745832047 35.21891811746039 8.146857364188737
13.651260575762421 34.67209204679871 10.481087175556112
13.063550572038617 35.7601751636863 11.73538589038203
11.813625065309184 30.412589165395566 9.339327182753644
10.917390851454805 36.529548266225014 7.190209055737444
10.46671210979847 36.456138304314095 11.371639280313396
14.442073231198318 28.051488852387692 10.439638528895436
13.979007881818706 27.219996472852717 10.950119581351263
11.781422235573787 33.04798871103879 11.01284266464902
15.620399807461942 29.492184917068133 7.070365742221539
11.143708477668543 34.10315363760745 12.32254271564451
12.31374335347669 26.634165146820138 9.1758546510484
12.730114396617429 33.367160104725855 12.482751969549003
12.246702524738174 32.046804203108984 6.698700308160689
14.273206991208355 26.851107584314217 12.173197423779085
12.443766142327334 27.646029044457663 8.792024574947469
13.023321261909812 26.464050536704654 10.455530107374535
10.763848594973151 26.351067523616738 9.157042633554504
10.253684662973976 26.512439466757645 8.20741541267953
16.268680502933915 28.355510218045268 13.165909932902139
15.799751429331508 33.081278325401854 8.972639230237277
9.793121228330767 30.128628826093298 11.10522902542478
8.970407050411474 28.96387298975303 12.537624362253768
15.055534072478574 36.91033251470336 7.065401912333728
15.370976929025053 31.138138641118232 10.721805048837624
14.70626424637884 37.18881689721038 9.321512030979255
15.722254491203756 37.194363538475315 8.296228937393188
13.5214696393036 25.73584414806542 12.46705087690205
9.337037346489117 38.1690301118182 12.863223389447723
9.328857622208764 27.704909838564337 12.532226526562589
15.905035070742903 27.511985930360435 8.2343773488093
12.696963375138008 25.941685336377553 8.426378749275719
16.245290922699713 31.566197382569474 10.452656847419844
11.828020970776874 29.14547933654535 12.13113974983472
9.88586167286502 30.090624421063218 12.190611389051353
9.990840788868795 29.93271079865493 6.796804757578032
8.843793708927242 28.451734181114723 7.868376310159949
9.478946869048082 31.01853014747338 12.592496080741821
9.402323212999622 28.7450819804296 6.99179667219736
10.318034543935033 27.33858123156192 12.300424090882036
11.34466001588759 29.97255735411248 12.651143730708284
12.003811156320564 30.815732187337797 12.444562089011214
8.461900736816672 26.075907759742986 13.276417494144132
17.03062828624065 25.66565599541403 7.477064265150467
16.408941199223104 26.28023757670401 8.556923059894073
16.67170870449753 36.21040270531524 8.627496945377453
18.82623444079183 26.06983331509789 11.269691670142084
23.21909029286646 25.59266753769152 10.703348464181332
20.387917020362302 33.63954030438134 11.072313843695836
17.278677216728045 26.285211168362878 13.128054841912661
17.47350382400185 27.67245575862777 13.281757588375916
16.579283015733925 32.5658626184059 9.514005238326607
24.412948258988084 34.87446549076224 6.393264945271678
19.95092591497302 32.69658559590571 12.470223318128063
18.351835678548117 28.049697157615217 12.290583304954929
23.989289593789245 28.427455768914193 9.111321706461998
17.041041896298555 33.14152944517718 6.779691770573284
22.339784294066412 26.27835121513339 11.500556355657585
23.597418274306385 30.534987039542948 11.572150186516692
20.265513946922855 26.048590405878336 7.555708191711012
22.84958758975948 27.54974208343675 11.704936343610164
22.932775934731655 27.828643487282676 8.521845200365025
20.406477742147754 31.711147751619635 9.687809319031958
19.74358916071304 30.56546505596601 7.578621714163509
17.408946249229114 31.174295684283425 10.980495763263997
20.277760813476146 36.213122900549266 9.605674815095641
17.933263937981376 32.67619795610522 9.524898304394942
20.978226150663545 34.354453373314705 8.520971288572943
17.81399055456571 36.94563351731412 9.701459580650289
18.868298267004164 29.650667136372704 7.07050713034281
22.92125482083234 35.402066522539904 8.004013018266107
18.462619114485978 31.746028219477044 10.429617408615886
18.669321689258904 33.271962390945575 9.005587487124812
21.230477904409128 28.691652451252736 7.487745837014044
22.1342116205196 28.821682669591137 7.91955310035852
22.36125474621053 34.26947430700813 8.517368133310802
22.257001342139038 30.922926719451432 8.0620977751307
17.79169005932179 29.62723197097388 7.8616221419523855
19.871962247288415 37.09327407498491 10.082184451739655
19.893390667526013 31.559348346865324 10.637440086612703
22.812180210685874 33.98702009922882 9.80295602806947
18.56516108132622 37.504076564533264 10.08091208445742
22.692592890201443 33.238630682532694 7.6381336003354905
22.640036044537872 26.79320936000472 8.429219476521117
20.127034349538178 30.55311269093223 10.985291254238941
22.703209709859077 29.961040306996328 8.267213893657821
23.80537712554618 29.779371973268766 9.000348052575056
17.462925618159126 30.4724930827188 11.799616838657531
21.971826176280995 37.58999796263947 13.295325810989144
22.210464445273125 36.73910889264116 11.077374269355715
20.493465153395512 32.65398942301643 11.525799292167697
21.96826597657791 37.8017586739726 11.092048885486196
21.55043775225492 32.511089992930835 11.750496150726025
19.517324744394735 28.440927195738233 7.035204662874093
20.55549122460738 37.95898815357768 10.753729234522263
22.297093861486083 38.277519813476786 12.514547585333935
17.277753304786454 26.354156532714953 9.611982773021923
21.006801812229376 26.265311915207644 11.066466624509477
22.364936451129875 25.73497828676766 12.747763935580771
23.969145834205804 31.73172141861412 9.496618360911711
0.5241511721092561 31.46505262418 14.358804765138562
2.228159662439719 31.18026130959938 14.702086217753134
1.5185553777958138 31.431273579741674 13.913698876698565
2.0964605636508775 33.43327450378006 14.016570228776198
6.183193682814189 33.91526087054937 13.93336155974524
11.344420003563563 29.78678752350779 13.725196575084393
11.395434266144367 25.79474565613715 14.385506708275024
24.217956126248666 27.184027113901468 13.942797905942362
18.12173491587318 27.911683984002593 14.555778978327751
1.2299459410397007 38.999455623279964 -3.3500001394253287
1.2299507666489173 41.830008689951825 -3.350000001549583
2.4590446040643044 41.119536659724844 -3.350000720811863
2.4590053797694225 39.70108169352226 -3.350000614404353
3.680994712709606 38.99891820806735 -3.3500000518576742
3.6809559942050787 41.830528939368186 -3.349999992628546
4.910049065528306 41.12005422723172 -3.349999846237682
4.910054031585125 39.70054434797265 -3.3499998290272193
6.13999996565919 38.99948983742091 -3.3499998774657858
6.139999954354292 41.82997733312571 -3.349999903948376
7.369950887914603 41.120054208836386 -3.3500000114369213
7.369945899480705 39.70054433798245 -3.349999922590058
1.2299509038842693 43.24999378084419 -3.3499998616363555
1.2299503799496052 46.08868294177957 -3.349999892065456
2.4590397686019108 45.37941302471344 -3.349999907768507
2.459044353254159 43.960520179480575 -3.3499999673887193
3.6809556854181733 43.24947359396231 -3.3499999067252206
3.680959787010133 46.08919629670924 -3.3499999546979256
4.910050050216916 45.379935118745955 -3.34999988848808
4.910049085306897 43.96000026188637 -3.3499998792121777
6.1399999808213 43.25002504533167 -3.3499999018134483
6.139999991843628 46.08865188563975 -3.3499998893890206
1.2299503745040221 47.50131702772806 -3.3499998848282067
1.2299507886314769 50.33974806502247 -3.3500000646896066
2.4590434716150775 49.62946799447256 -3.3499998770248753
2.4590397500941674 48.21058581043578 -3.3499999497847
3.6809597595584846 47.50080361384647 -3.3500004022678818
3.6809564715136815 50.340266914837585 -3.349999872058426
4.910049266825658 49.629988355680766 -3.350000120814789
4.910050108039058 48.2100637227913 -3.3500005762378846
6.140000011720857 47.50134806579255 -3.3499999137551226
6.140000005698551 50.33971689882789 -3.349999911975343
7.369949935054158 45.37993512000839 -3.349999918799955
7.369950898889613 43.960000274345695 -3.3499999619135643
7.369950654830756 49.62998835665322 -3.350000243984038
7.369949880781313 48.210063701294665 -3.3500001040317793
1.3611087811034596e-08 41.12008518496847 -3.349999902328703
8.247823327992977e-09 48.210032036870814 -3.3499998878134174
7.321431453434852e-09 43.9599690614839 -3.349999885416616
1.2744557031137188e-09 45.37996682888937 -3.349999895912652
1.6066417605974123e-09 39.7005101578855 -3.3500000350068513
1.612635839496609 40.57375216817498 -0.9619650024768334
9.60245797841804e-09 49.63001958662302 -3.350000017287702
8.599005282037048 38.99891813341541 -3.3500002785372884
8.59904406521994 41.8305289208995 -3.3500000283149034
9.820955492445647 41.119536567603966 -3.349999921351805
9.820994725533929 39.7010818167386 -3.3500003544117796
11.050054119750504 38.999455678152685 -3.350000112055802
11.050049245920295 41.830008650568885 -3.349999865017388
12.280000011558856 41.12008518813337 -3.3499998491271654
12.280000013748166 39.700510170848354 -3.349999849107216
13.509945942176698 38.99945565114346 -3.3499998946796836
13.509950776045372 41.83000862661211 -3.3499999554421755
14.739044508862444 41.11953656433495 -3.3499999681710566
14.739005314959597 39.701081787143714 -3.3499999124876156
15.96099465068619 38.99891819798663 -3.349999982843901
15.960955944079167 41.8305290080046 -3.3500000122534956
8.599044335430941 43.24947364619036 -3.349999951866234
8.599040194496775 46.089196225215176 -3.3500002061189846
9.820960264057481 45.37941300890032 -3.3499999030098584
9.820955656375814 43.960520206211726 -3.3499998720463084
11.050049129802346 43.24999381181064 -3.349999861275621
11.050049653825036 46.0886829301948 -3.3499998600087744
12.27999997320868 45.37996685008022 -3.3500000115043758
12.279999945614277 43.95996908738739 -3.3500001760072093
13.509950919479543 43.24999379499134 -3.350000790134752
13.509950376807964 46.088682967051916 -3.350000033539037
8.599040128016803 47.50080368263819 -3.350000748645364
8.599043528705272 50.340266966370024 -3.3500000433789068
9.820956513100416 49.6294680613851 -3.350000157386497
9.82096028240237 48.210585772175435 -3.350000381856254
11.050049660815318 47.50131698464239 -3.3499999218128163
11.050049213712086 50.33974810505412 -3.3499999267441796
12.280000006125775 49.63001958988197 -3.349999895785424
12.280000007186098 48.21003200151274 -3.3499998814211285
13.50995037160613 47.50131699109582 -3.349999855097927
13.509950793380751 50.33974808949271 -3.349999898051487
14.739039777154824 45.379413018355464 -3.350000004350284
14.73904440260909 43.96052021243379 -3.3499999512962644
15.960955671071448 43.24947364075093 -3.349999820126169
15.960959768113025 46.089196311471625 -3.3499999888273644
14.739043471351252 49.62946798908904 -3.3500000041624145
14.739039757375684 48.210585762594405 -3.349999896048581
15.960959752374023 47.50080359491166 -3.35000016303027
15.960956496221595 50.34026692308757 -3.3499999498175406
8.7374482623698 39.68155620995787 -0.8660892524242048
17.19004914282624 41.12005429525523 -3.35000014136463
17.190054083354575 39.70054431577565 -3.350000023016407
18.41999999774709 38.999489826476335 -3.349999873106355
18.419999994227187 41.82997736425356 -3.349999865727514
19.649950906424788 41.12005425727347 -3.349999893019715
19.649945943797544 39.70054433940277 -3.349999889566453
20.879005324960335 38.998918206923264 -3.349999861897135
20.879044021227823 41.830528944602186 -3.34999988599757
22.10095547162753 41.1195365303924 -3.3499999321845686
22.10099466829467 39.70108179183606 -3.3499999533023592
23.330054085006154 38.999455658535354 -3.35000001946385
23.330049276121663 41.83000859584251 -3.3500001268416058
17.190050037445324 45.379935116588385 -3.3500000751853976
17.19004908032798 43.960000266495506 -3.349999894236527
18.419999986822777 43.25002506490496 -3.34999985873719
18.420000000407878 46.08865189190145 -3.350000041300487
19.649949939250146 45.37993510996422 -3.349999871741327
19.649950898119325 43.96000027883587 -3.349999860571006
20.879044308211693 43.24947364147262 -3.349999899803503
20.879040218889806 46.08919630754457 -3.3499998794890375
17.19004927061252 49.62998828710865 -3.3499999453682894
17.19005008730061 48.2100637438564 -3.3500000106036056
18.419999990952075 47.50134807012234 -3.3499998720311908
18.420000024715637 50.339716859279065 -3.35000004392083
19.649950704566002 49.62998830604372 -3.3499998866233307
19.649949930293857 48.21006372930092 -3.3499998827498056
20.879040216422222 47.500803624992884 -3.349999898904507
20.879043507730266 50.34026692883634 -3.34999989988232
22.10096024990954 45.3794130353897 -3.349999960081976
22.100955630995305 43.96052021444342 -3.3500000246455928
23.33004915601977 43.249993864675396 -3.3500001131287203
23.330049656307487 46.08868293830845 -3.3499998595126392
22.100956539385653 49.629467999903554 -3.3499998895959715
22.10096024779153 48.21058576868469 -3.3499998862705036
23.330049650545774 47.501317001511055 -3.3499999019990536
23.33004923385861 50.33974807241514 -3.3499998714734893
24.55999999623513 39.70051014883854 -3.349999961027402
24.55999999854364 41.120085185867495 -3.3499999211172984
5.538463959059923 38.69078532681018 0.48351698358978124
5.42396073751465 43.52669053940351 5.955220757391828
0.7042038638454129 41.44796224493402 2.1362973923527306
2.5732114636948187 40.44093352390554 -0.4865139766826543
1.80707394141737 45.654959623269896 4.046099004636268
3.0919173068703505 44.149572568632635 -0.2505316436293914
2.884233548262669 45.119124431284234 4.682548671661038
3.259450311422276 42.491563936928124 -0.25923249952567895
2.7699354984373157 43.75920729902182 4.4151339382242325
3.089886212959431 47.456399782642634 2.6812538632536222
2.604910172796692 45.56583434773454 1.4231459819360492
3.3839948044946957 41.50195842977147 -0.10026832292527765
3.6246816301467586 44.92365985687125 0.7651946839103152
4.035878798924699 45.62025833344225 4.1332985160861035
4.348020609837328 44.16473630045278 1.6088280708276181
4.466707138126379 45.83671408798272 0.184233396703678
4.482287850365935 40.993274212545415 0.36231795522575716
4.895148392899332 41.37388710322574 3.444518386968096
5.178687685704009 49.012224971313636 -0.4067744853919708
5.783076398149535 43.643554642342 3.589436152843234
5.3720436606518325 41.54415246329515 0.6292781599626629
0.9522454618840565 48.49835460984795 2.9432150935077317
4.24170007124434 48.61086929710599 4.293257928196076
5.059299662225681 49.195860171371145 0.9780693384409889
3.7259061654667054 49.21313286129248 1.3341047431830066
5.686380025016143 48.11668989571404 1.6253928772720938
5.725850842554648 50.30744680357905 1.4843834348037888
4.8421456658467354 49.069810132671485 5.403921176873502
4.237053573817308 40.44815595819591 4.236843635960353
6.172338857594193 49.28735366257759 5.117632019098931
6.7125989515797295 46.32279269910389 0.35816424552118087
4.434660249916868 39.653142158529675 0.35012005182269323
3.2705635809413414 39.96826647438433 3.4906007475955714
6.665357789633948 40.04914496378538 1.8213083765810256
7.594102029812527 44.8839594204443 4.203455192780519
7.174618217722205 42.7868691882098 1.697211078947768
7.377019634135278 48.98442724102648 3.069894741019503
7.53799773049151 46.46530460925467 2.5850399438400915
4.958203834557249 39.32221033476272 4.617214204098678
1.6055424508787823 41.92400195468271 1.7501951438015195
1.8927900244404592 49.147762917156975 -0.17173978045849747
1.304798786973298 50.05355919403999 -0.15761853986100638
3.179843203003401 39.287774307250096 -0.14046958008060773
6.588988296776414 38.98674221516217 1.5898605416859835
7.627910640989737 42.1339048091837 -0.4184822937461996
3.7947381793238923 41.07376612625426 5.411708427399695
7.90814958218 43.0687109761966 0.5366009355972889
0.3497813445048567 42.08008180687168 5.540074523784205
6.919466538022118 41.83803622358484 5.005522318094072
6.18950998929554 38.501478289751475 2.4803862319176515
7.521625470366193 44.28184590302334 -0.04302320859663422
4.215971261650484 50.24557184161474 5.834177530331335
7.252284664179949 40.184303995882935 5.563352364622217
2.8580607837475727 45.27732153618663 6.068289246904762
7.962273446018843 49.2011997133642 -0.5089038957920677
7.346028576071956 40.605540879657866 3.8710087463763267
7.631888078722834 50.69976130934566 -0.08734377081047295
0.8109401902281892 40.36414279797486 2.1814943284536135
0.6097624208865479 41.85822925836623 3.1417136207046337
0.49606174693755717 44.244206658925386 2.1992948050265593
6.130836671248916 38.862904330636 -0.4151317904433982
3.369679494082669 50.87862777697642 3.5123948599313817
7.5397901190631575 38.52288080355547 1.3273562832182006
0.12695338446067425 38.35598208259667 5.811392818556428
7.5648762856047 40.96942613310026 4.874897785256287
8.272630472676003 47.07069881918272 4.670160144131197
8.251527751846735 46.05173301354893 3.6879643427892264
14.188607862840088 38.64054476048623 -0.2894639741174865
13.415830594737484 38.57893412632676 4.369951621380385
15.003854730762011 49.81881417078171 -0.5786259872412036
14.451137721533309 45.46486595773203 -0.41701757402517026
12.10108179231011 49.67718721433468 5.872046079538582
14.581474191192067 48.26453058027998 5.786698170694846
9.518893417262479 43.97406199257231 5.828001397290606
12.400915978724441 48.413958039426994 0.19784875061899965
9.292876889848063 41.98721637388136 4.2611721317158455
14.062235582678438 47.932291283654315 0.530425802764134
8.946020447581374 47.09189544299566 -0.5985118162955261
12.83267563916218 43.19054490100159 -0.6425855355979293
9.069943747874355 48.41440476844859 -0.10136625850846848
8.931154968915244 48.27919381361266 1.2541963844166448
9.037220396919047 41.2894803213465 5.058608122244108
9.713670232236797 39.59331721287682 -0.41265287881390833
9.598102930974628 49.58910726863177 4.339617441398984
10.481570263891928 40.533999025792674 0.28346493040166454
9.576462522255293 45.716424071392844 3.3375499619984508
9.283129189159906 42.94252206756004 0.8036553800739132
10.698193778575064 46.303952756781065 1.1840734165872036
10.710238479420774 43.93458344755681 0.4521574927439487
11.97695151691087 45.29028657598507 4.595148598118732
12.273596805972186 46.180222578894316 4.969468625881756
10.195695853052342 41.43252977780229 0.645429443721729
11.538222472870093 44.51069488164787 0.4007948402928785
11.5037899776758 45.77827869725804 0.6930728594266544
13.590662237988312 46.41359214676961 5.194711214447398
12.695672910620813 46.310626654522515 0.42407473753025116
12.659036459274523 44.17250829567326 -0.2278599314550933
14.354954466087303 45.651555998929 5.155235912671891
13.016476515312775 42.813768398539764 3.659614187869402
14.114714214899331 43.484127974084366 3.239357621044209
13.019156651306131 47.71220341732981 0.7576870501934829
12.339165880198637 43.66037417563769 4.549257618473225
13.43945675132052 45.27603098358571 -0.08953785397975644
12.821445973221493 48.21759925843618 2.1968182288373397
12.09568634227438 42.37890184727594 2.65797817604561
13.409755586856765 41.65130403580127 4.314454169250005
13.042631652972908 49.278215644683726 2.316274397814122
11.796971957604844 47.99087422057401 2.492027897607172
10.259630686928263 48.94827292912727 -0.41652189887850577
14.245182102278939 41.190629040961326 -0.15457143237608495
13.547788375539918 47.70405909058509 2.82674140723305
12.371150190013 40.360030828943415 1.300691980194848
11.580714496778661 39.92580759998793 0.7065021096191337
15.250097190767473 40.14480516425533 3.680928350120717
15.269982527749798 49.87604813734649 1.1616307331017217
15.551776891797628 40.778602625244424 1.5700479508410092
15.55041345464292 41.365965366920626 0.3276751578053916
13.706835594940351 47.69026346046933 5.519070442230284
15.69972600648445 49.26107907880196 3.5634646220921615
12.424488689487408 48.2500119692559 5.561223852432237
11.567922511482317 47.27421413091389 5.206703925918078
10.48986630415502 47.33557471249685 5.185974891499287
12.360505412419824 50.25754228493919 4.986615462630365
10.35088999356499 38.43617120756695 -0.24807881241875385
9.659390788427466 40.40270675316936 4.937626126994962
16.140612136192843 41.098507655306925 5.517878808965627
16.195649359552085 43.37169159426701 5.557614510455625
16.038539364276815 46.39969739985047 1.3564116559138961
13.065340163172891 41.04498559925889 6.073604286112926
15.868107013193065 42.71658261219665 0.47611091818506424
16.219420577414468 43.985826278970904 2.3318281858380265
15.122972021201685 50.48922330102454 0.2725277412994487
11.469161275087918 38.81900685516819 5.709736302356722
16.12411721000168 50.493145502832974 5.290827766026734
16.1971475410468 50.45347940567076 3.959445362911347
11.495196164571558 38.635363737001015 0.40653093176957866
14.261787780285111 38.621114866428286 1.4291491498300612
12.96220046210205 50.59520432271432 -0.008851725113381281
9.654199481961044 50.86111663904821 3.7834975875789745
11.048642830791497 49.856805166508 6.09161297963269
16.32832065698272 47.74111695658662 -0.4176486493154119
8.669667745568667 50.977821549006215 2.896770866177165
17.298286527685885 48.38760974592626 6.07285551038394
21.516135431042095 38.42568668897459 6.229249478263606
21.99527951746018 50.86143792168941 3.691581440585119
16.39263871300295 40.697817678311395 -0.5205047681778985
23.99555805265146 51.03137645837852 4.6530949661078
21.81298673850516 48.76682704104839 5.961347996011062
24.149560821865766 44.438521483195785 3.8694555726879076
20.040836464559526 39.040309679092196 0.204853586580247
19.327575090958977 39.86149480942689 0.27565750361806973
24.31168968712652 45.52275558768607 0.32909467993096575
24.4251411627322 46.51707120641887 3.929467366563917
23.95853474122358 50.74426680069101 5.693574335856074
18.12781829179465 42.1708394528387 5.645880756126093
19.660349050736897 48.136324660321186 5.508645887654757
22.387947278096174 45.34594900074426 4.724397754688599
22.47688364643946 39.597358437705175 -0.4517836753564697
18.295875353136395 41.03249658998932 1.6048584334427463
18.414564179615024 39.467160277564346 -0.17044938147985245
19.66009072347893 40.753285187153146 -0.25560822698222463
24.287894111910457 41.64123299132633 6.081124237610514
16.85399092515542 42.21062946203596 5.111493625848014
16.84960273469892 42.18003404220219 3.746748876044169
22.76720205412817 39.28081502440146 3.8695258352885187
18.885516540482 48.59132933962119 3.3764579680427618
19.5981898852984 46.23073472762282 3.013960531447016
21.577586681871924 41.089991429937285 3.7597889448311994
23.8420288767033 42.24696916733361 4.927210524234415
17.70649555927448 45.91481150381244 0.024935356725317437
22.10823630196041 44.43328460719346 5.250615841234554
20.034245760047256 40.28994712943877 2.5733133791158123
20.86147652177425 39.2533323156663 2.887588520629886
20.90551669105172 48.977969788594244 2.0950614636312457
23.901434610650238 45.29345818640341 4.498436190136065
20.864527749152384 43.0681127239117 0.6926973855159524
19.771365140123834 42.21427632400424 3.3937698303849184
16.938989698613966 46.9982211989546 0.5369048099347462
20.654725139038387 47.642387299176754 0.2089762500213832
20.36963418980754 41.31890520300159 3.3114005408323663
22.886207186593744 38.663522517193854 -0.09568718140732013
18.66107169158378 44.256669803906995 2.419464050368406
22.856345868247715 43.637508336217074 1.5701882160692304
20.46685677594661 49.90725242591185 0.09149334564785172
21.867361929769025 45.36590992944894 3.7669571787628433
17.9331639957051 50.01111092527319 -0.42576565187182225
18.839970824346313 45.18704693902305 3.485519193013269
17.766007415475542 47.87901256070366 1.2080459352456252
17.64630355703117 51.03305035094047 -0.2263893770334502
22.10257853126611 41.736702164896215 4.33097086274164
24.212981819553725 38.57548666766046 0.3351422553446126
21.10142981862277 48.874642337205685 0.7128066063336347
17.25025381523561 38.39078805658168 5.278785821530549
22.76050194781656 42.504185042172395 -0.49244190269098764
21.86787002716185 39.78877624065929 3.553967111676063
23.773983514699452 48.03096912891178 -0.17944741046941215
22.174879423193705 43.39232462534098 0.3525043291561003
17.51331672634561 50.5081542168594 3.513967738524909
17.309576511710784 45.83718688528275 5.738555153953106
22.9608060697032 47.254019669976586 2.5112138217719937
18.88253966575507 40.11561710981426 1.6619285942181083
22.04357224590533 44.68774911545815 -0.20658068187652034
19.986048996262234 45.24935635238102 0.6076420509610514
19.385161641056822 44.51994247758116 4.564280895514175
22.48278947345591 49.0258725948065 0.441936260100142
23.838097745123623 47.48302220234892 3.097999265004444
17.610571533532227 45.67904189996821 3.850348545822573
22.093147747923947 46.16831389404505 5.37624836585528
18.252323552320128 39.34374796207158 2.1036815447305424
24.367591356556773 45.13779367885982 5.471352656118408
1.8106689482999343 46.5254272680783 11.552807513885615
2.4100797925176174 47.710198707728296 8.249257197715542
2.7063274538547897 46.97625415713587 11.431766374072883
4.268847599999778 46.34618147186806 7.938581753144577
4.319670979190629 43.69726900542041 7.841076149677183
4.296072128530617 46.199983638440706 10.619137029153471
5.591424763659071 43.61731895829866 7.335902431344388
6.286968329455462 44.75333414317633 7.75000368839179
5.446193760003891 47.68179051544894 9.52420195639434
5.1265179381146115 47.258435810160684 10.810769996960158
4.342514409823119 48.2042380426967 11.462262832992245
1.0116942450150896 41.553068975818015 10.53774864052351
1.126922780358958 47.98164213921911 7.851864276764351
1.5905318119959302 45.16938710664929 11.48275677615317
6.250035998104288 47.05829934869145 11.5790334918162
5.039812102640571 42.4246374906939 11.090253810707067
1.537019669948922 42.02562493087032 8.47260429891761
3.1080106619688674 49.74525748562446 8.208225439761618
4.946769747569457 42.79693027491538 12.11047006374844
6.243048939764033 42.49902916999411 7.725686934408022
4.601932234679488 40.89087979765262 10.990288756593035
7.005677254492122 40.28732846010756 9.775060435928157
4.890340027784407 40.197615759188054 9.765115891092538
3.530607446837785 40.92499543684562 11.18827694442192
4.461843574843418 43.14209048722756 10.507747519917467
6.1100909972935815 39.92379656093572 9.293220406258513
5.070383408457239 40.31665519216951 11.789613221807576
2.3653039863213916 44.43753722029679 11.308046096084873
3.9391672427939532 39.851471312067 8.862481185807148
6.118174903028768 42.548356859385535 10.99061853309231
0.5495301279786327 41.46999756196242 9.24919690776357
5.939723661421268 39.314224125199495 8.145407968858896
0.38403096126657243 46.835354386425365 8.218639170833503
0.6102089663105452 47.08431354944945 11.512305173433191
3.6897749606350123 50.33985314699796 8.781031078914722
0.43981265911628636 40.10732649356292 8.862385218461066
5.055071004166734 50.401810504945644 8.763490840227849
0.5256105933258688 38.75005672971699 10.999766757372402
5.596204279606582 49.90986335021723 7.9687816008460235
4.599860727874116 39.289401356573315 7.879462975177609
0.5758762656111968 50.734439754107235 11.778599136527692
1.08433625052923 48.15047096104649 6.493729151801977
6.644916993427853 38.95196156674249 7.5196538612269315
0.21714285017489288 44.98274210225207 11.54136850368048
0.6324229649629106 49.12111900500954 8.460211419314744
4.174691548790182 38.91692404042147 6.959195721549384
7.135391140685692 38.44221232781198 12.790098105484214
2.5236588994049955 42.65821841152708 6.489850551177955
2.8978593202079748 40.04887655452386 9.07010820850363
0.5336253775665446 48.15871955369042 11.433649646079294
4.810346752001745 48.193056101874504 6.449077583895203
7.767016655644314 47.92952226015615 6.269216335326993
8.233840967784126 46.72900689613346 8.454888436959804
8.38838999184513 39.000712626476805 10.9334622339249
8.419326801867548 48.124005284258224 11.039812550796702
8.193222517749033 48.37255823390609 7.07056999574322
8.422635888053675 47.76266034894797 8.205254670144154
9.796457036422384 47.246630576022575 10.37926798602111
13.982194780018238 49.96305596534242 6.834134049266193
11.27641226720338 49.21194868651344 10.525053261103494
9.330558068578707 48.22942548755265 10.451047606605645
8.414241082443148 49.716697494687516 7.230007706331493
10.362571550440945 49.17108859897296 11.117780515104108
10.725321005828402 48.835509188106165 12.089325311606103
9.36978813476307 40.14857815685716 7.527856456074542
8.910625111782014 48.62894072976352 9.122730838386929
12.081418497561309 40.05936932295956 11.10418923829544
8.902149557318486 49.833269587749115 8.493623001512647
9.235432037078954 50.66234389301542 9.100218900794852
13.819928257455999 43.30460027310166 6.925963347591438
11.029709613569853 45.894572330001104 8.216332804548896
12.281793077201645 45.920383589150774 8.753932911509075
12.624020529127076 47.19793761733007 9.206816340573372
13.499932989366659 40.92369232793736 9.178908727450732
12.307047663677013 44.96958847087394 9.751121171761204
13.264957338630465 45.51581804512987 7.812794624689666
13.718691218931244 42.277453141358954 8.903004209702422
10.24703222200478 44.257138534607876 8.308419841847996
9.91371680433015 43.39505809567789 7.901212094948225
10.28479692269741 41.86765442879065 9.445572255822773
9.994360854235255 42.080421329040554 8.42734971815359
13.387083778458127 41.22250740741167 7.0143843101444405
13.704836894297793 42.445338668749386 7.570031258146919
13.16428843378285 40.37314316480966 8.01470723316885
13.83442417715718 43.05026296269393 9.648504620423214
13.477078253905196 40.28895688180667 10.524141390366118
12.894580016026124 39.33851672638031 7.86237371001797
14.073029423087059 40.88465114830919 11.215582309870076
9.559820080141888 41.210685391017094 7.480781166636209
12.933672678154563 50.2032465218199 7.010230325467276
12.624169422097886 49.83900354751941 7.989839834490326
13.906198212837547 39.28750330292399 10.491787248475525
11.404704729323322 40.90233145665229 10.96428456648064
11.552036450279083 39.23580095214053 10.62503395384413
12.047446300554197 40.01563971219836 12.192781729076248
15.190275474911948 47.02557962476096 10.299359861527101
15.922222497531799 46.28067513496246 9.987156630339232
15.441213928319215 45.30339654435613 10.02786674182241
16.234508589710956 46.563048554413506 8.59070316925197
16.305838183811108 38.45095890648242 8.254951834789125
9.551383225917649 43.246953661893386 6.625909843023724
10.016725265744274 50.18478233760412 11.320055950178311
8.249929588307802 50.453277280526805 6.457445765798816
9.291050450908713 41.940227768233434 6.37328065288138
19.801085192608834 43.34052716766554 6.471933246749394
16.81390544514647 46.57230201924423 11.958937275483937
16.548764535120867 42.92285543547056 10.389809904948136
23.38291387794988 38.32004136171818 12.599910397908813
20.551300611444805 40.45772660434982 6.4180934308435535
20.064750115688266 49.93712442542262 6.840019281576291
17.114612150413954 46.56161467963272 10.911291696958026
21.14219503497584 43.02711021249309 8.045281133632235
16.454874794288823 44.60860914160139 7.749691822383548
21.996491957832948 39.299562311516816 12.745128650935921
16.446217884446888 45.68054479922513 7.61824219777318
21.417674544475357 42.83015182923787 11.184697146752603
16.963045476268974 47.637677344304684 6.774008011928564
21.55445166563159 45.09074268366004 8.458213473699946
23.681888760885002 50.88840429641007 8.749902760880977
16.912813164326778 46.26694484415902 6.561954779256649
20.21871960437431 45.71246640364085 6.746032704476958
21.134770872360157 41.95112849844543 8.138061696452574
16.574277322181388 48.69556657653151 8.675805431771286
22.0942167357068 45.92403517121582 8.883274997844381
22.85463262521132 49.06612463165615 8.059853467645263
17.698913948178532 42.43680499846603 9.824513375686372
20.46915315511933 47.87347862758642 7.584097921605356
20.497413541143725 48.6855469933259 6.438433724944913
18.49742287795306 41.75464490426676 10.687623208138808
24.197913123448718 42.52041316493372 7.164726773215597
18.49612422026535 38.76645164664162 10.549282971448045
17.472824896018977 47.56259787781325 10.670841565222467
22.44568738599423 43.488239679149316 10.121315280829485
16.528697410816168 47.81343308498034 8.054385304372424
20.56177304876456 43.47256673059004 11.391665077358317
19.73909093235564 39.06069517106498 10.958655777035807
20.953402558134716 41.89459021136366 10.872806169291781
17.941070714400247 45.87886330396999 10.714018279844868
23.28410968113124 42.79649817640614 10.039818353640378
20.06683050862872 40.01115550663589 11.353132545205192
20.774364037530543 39.28789603232744 7.104019024450543
20.40738850590391 43.69835900648745 7.1961242901791325
18.380627464040636 43.51624005147561 9.167078206754722
21.511207981582768 39.55953531995367 8.28644654198831
17.35437732017836 41.50402159465896 8.79117930311294
21.75291900091585 43.78970578135338 8.887417755149459
23.695970393563574 49.65408712268254 8.395786301141985
22.835077201797827 44.44389099346697 10.472322599343457
17.63444803634533 39.41667881105707 10.582731270456561
23.794630480247434 38.45030882116864 7.133247968500828
21.88673810513067 42.47589004084686 12.10261760157049
17.619070757289972 39.94035034142994 7.036445188255755
20.666111088701356 44.999589763464165 7.422824958871159
22.61302579278529 38.30048888681724 10.36841019484938
19.6434233662955 38.66398825241054 7.448496990025354
23.549608728849595 40.44889353871298 6.308665911123107
25.789950671829402 0.7102494326375678 -3.3499998713220833
25.789945941128806 3.5405443847182356 -3.3499998948808973
27.01900532976379 2.8389194108632654 -3.349999876775005
27.019043623776785 1.4204752368497928 -3.3499998990211086
25.78995091186253 4.960054255336437 -3.3499998911047424
25.78995091382956 7.8000002862462265 -3.3499998864891944
27.019044320295755 7.089473647014565 -3.349999874874018
27.01904403813988 5.670528949837291 -3.349999879253436
28.240956777503712 0.7097305033902135 -3.3499999007876013
28.240994652191482 3.541081843927492 -3.3499999971771866
29.470054019293404 2.839456772709282 -3.350000380372642
29.470049257394262 1.4199571440596763 -3.3499999545617323
30.699999994548758 0.7102807021309344 -3.3499999337498476
30.699999984348565 3.5405102584883004 -3.350000421335375
31.929945983341906 2.839456771503917 -3.3500004070718283
31.929950722149204 1.4199571504316135 -3.349999946615224
28.240955486429428 4.959536560985629 -3.349999899514715
28.24095563101202 7.800520204372293 -3.34999998339109
29.47004911270407 7.089993818201068 -3.349999959362658
29.47004923620176 5.670008636005421 -3.3499999915846557
30.6999999855198 4.960085216798786 -3.350000065340545
30.699999981380564 7.799969070166582 -3.3499998904922688
31.92995087373773 7.089993796695728 -3.3499999054530516
31.929950758462375 5.670008644387524 -3.3499999321352325
25.78994995190476 9.219935118122958 -3.350000027073914
25.789949961712612 12.050064856826992 -3.34999989283411
27.019040226376113 11.340803671114035 -3.349999876544424
27.019040216816002 9.929196337064438 -3.3499999655286694
28.24096016993521 9.219412970046147 -3.350000304091232
28.240960229904374 12.050586938537181 -3.349999876484971
29.470049616516505 11.341317065989312 -3.349999866303089
29.47004968743904 9.928682973509593 -3.3500001501635914
30.699999988973072 9.219966839865956 -3.3499998909993134
30.69999997982487 12.050033143703065 -3.349999876580416
31.929950360827572 11.341317054509002 -3.34999989279423
31.929950360478728 9.928682948911703 -3.3499999025421467
24.5600001298016 1.4199261059627417 -3.350000462449665
24.56000001087735 7.090025064295252 -3.3499998947166576
24.56000003567657 9.928651909780703 -3.350000105113984
24.56000001296189 11.341348113145377 -3.35000008210117
28.68135514274006 9.663451371663133 -0.8424828319309918
24.560000003395743 2.839491008504967 -3.350000072277833
33.15904321265899 0.709730498332866 -3.349999924601362
33.15900533689942 3.5410818409991425 -3.349999968680687
34.38099467150618 2.838919430900492 -3.349999934272331
34.38095638179061 1.4204752285073445 -3.350000001163652
33.15904451279462 4.959536552718076 -3.349999906707536
33.15904435578877 7.800520208996827 -3.34999991322124
34.38095563835213 7.089473650734523 -3.350000043306318
34.38095594143918 5.670528910693493 -3.349999991939747
35.61004933552581 0.7102494500020471 -3.3499999108781155
35.61005405975397 3.540544389526907 -3.3499999015005963
36.84000000275504 2.839490979438415 -3.3499998990220528
36.83999999600621 1.4199261450596448 -3.3499999049704865
38.06995061499029 0.7102494678230468 -3.3500001047670835
38.069945940589406 3.540544397905417 -3.349999916744429
39.29900530413972 2.8389194194703165 -3.3500000070710922
39.29904364259651 1.4204752836450083 -3.350000070922242
40.520956788501366 0.7097305071534108 -3.3499999456935603
40.52099468764282 3.5410818537393833 -3.350000042955379
35.61004908635448 4.960054214981312 -3.350000022934929
35.61004909764235 7.800000346298328 -3.3500001070307874
36.84000007539061 7.090025086641422 -3.3500001221419184
36.8400000552468 5.669977317140159 -3.3500000980762676
38.069950913218406 4.960054253883915 -3.3499998940488274
38.0699509132104 7.800000283356642 -3.3499998957217247
39.29904429490604 7.0894736270133265 -3.349999918055101
39.299044019575966 5.670528937462968 -3.3499998921839835
40.52095547961381 4.959536561263583 -3.349999898778826
40.520955542514606 7.800520134148053 -3.350000632045176
33.15903975750338 9.21941303148463 -3.3499999118809365
33.159039769312386 12.050586956352895 -3.349999890202632
34.3809597900296 11.340803688931578 -3.34999989012423
34.38095978120754 9.929196332971578 -3.3499999158441685
35.61005006407751 9.219935132276872 -3.3499999076613607
35.61005007060641 12.050064877553186 -3.34999991651617
36.840000013667805 11.341348133568799 -3.349999909554194
36.840000014328204 9.928651900961011 -3.3499998884237203
38.06994995618925 9.219935131572194 -3.349999882133784
38.06994994115706 12.050064864390249 -3.3499999417331594
39.299040208744955 11.340803704899354 -3.35000011101495
39.29904021790959 9.929196317387596 -3.3499999703735526
40.520960195013465 9.21941313112636 -3.350000208120003
40.52096024565429 12.050586959836968 -3.3499998707671566
41.750054043896796 2.839456816081736 -3.3500000031628963
41.75004926568795 1.4199571634170463 -3.3499999218462984
41.75004916591742 7.089993756755294 -3.350000062772822
41.750049231133445 5.670008650664812 -3.349999904991361
42.979999999209 0.7102807032255781 -3.3499999190995955
42.9800000049346 3.540510232732438 -3.3499999582701676
44.20994594845313 2.83945682322681 -3.349999913876538
44.2099507300196 1.4199571595734206 -3.349999915506856
45.43904324034092 0.7097304896816172 -3.349999898775806
45.43900532398192 3.5410818358789076 -3.3499999211670684
46.66099468618804 2.838919417760926 -3.349999888289301
46.66095638851376 1.4204752309330426 -3.3499998841593004
47.89004930533935 0.7102494693073462 -3.3500000862211676
47.890054059407404 3.5405443926809688 -3.349999909007062
42.97999996395756 4.960085168556005 -3.3500001656361555
42.98000001163066 7.799969072295472 -3.3499999250858714
44.20995088328238 7.089993826397459 -3.3500000330481106
44.20995078191566 5.6700086653099 -3.350000322672045
45.4390445301217 4.959536542743836 -3.3500001664941204
45.43904435924799 7.80052019992203 -3.349999912778876
46.66095567646248 7.089473625991043 -3.349999892995028
46.66095599380555 5.670528953115572 -3.3499999636516895
47.8900490655359 4.960054245508193 -3.349999984168482
47.89004907896073 7.800000264433914 -3.34999992205274
41.750049632732 11.341317057235587 -3.3499998486030966
41.75004963518009 9.92868298313431 -3.349999962650511
42.98000000580758 9.219966843934884 -3.3499999918847676
42.979999932793554 12.050033147834853 -3.3500001149283554
44.20995035289112 11.3413169819436 -3.350000230087511
44.20995036032613 9.928682948347028 -3.349999887021605
45.43903974656919 9.21941302423802 -3.3499998879903026
45.439039814956296 12.050586949793756 -3.3500001916423527
46.66095976880914 11.34080368423322 -3.349999909388426
46.66095976282534 9.929196328817973 -3.34999990597093
47.89005004621049 9.219935113359085 -3.3499999165739425
47.89005004509585 12.05006487129507 -3.3499999000089256
49.119999980432056 1.4199261653042314 -3.3500002433873055
49.11999997869912 2.839490979100877 -3.350000119797265
49.11999999937818 9.928651887521385 -3.3499999239803957
49.11999999937146 7.0900250517263155 -3.350000018295015
26.88439392606039 11.317615326150293 -0.3254452702047428
29.027936009757934 6.450059812583524 -0.5924190865171264
28.003876150977398 11.837292974591866 5.779212156039362
30.909075723463307 6.973552209897694 0.9687984536481697
29.923136322998356 6.1286356289629484 2.2595318113950693
28.35159412044904 5.6010137693054185 0.7947635434678169
27.3797525946 9.021751712620606 0.19945953729821886
30.458005044084295 1.3773507478476135 -0.47104203934704825
29.314687187958796 7.483931285084835 1.4159356626293418
28.9659417561073 5.756216424118876 4.5162915255071265
28.97059643593414 9.453102951374213 0.8272490518789133
27.431058740614684 8.381879381770215 5.181984409393826
28.476747007649568 3.0893619799857235 -0.2647787707094351
27.167931793050517 8.881929595695576 3.878185186738116
27.117622729349495 7.77090707299031 3.027891994503155
25.811342765534253 9.337525671780252 3.8919148188886776
28.18942877808654 9.7478411233443 0.12653049180941567
29.93310283397177 6.597394510731916 1.275526842177508
29.534676841866855 3.3063521448970397 -0.27476547125483086
29.266979759963377 5.77470853033716 0.2290787717238818
30.538496327573498 2.454338697386712 -0.4752976031709977
30.03314082866489 4.547735994533073 -0.023959277828488057
28.096458983084556 9.845613016337799 3.5507404905426823
25.51010124203647 1.66741331861988 2.3012432015591386
27.649337027631944 11.231110596279178 0.4462275770659785
30.018716258673383 11.294420028324584 1.9680426664504491
25.091787422497877 5.129130248838685 1.300563367799119
27.144765291467554 11.175156465399635 1.410787838795755
31.281050562637205 8.724936748977024 5.082963615474556
30.848886197013464 2.4509527674801053 3.05990022609702
31.502553492643017 1.6157326758247095 3.311348958678054
30.83802257964042 0.5583574747239639 4.130427396344053
31.37574278247971 4.407113462787081 -0.08361814529099121
29.24181839979275 5.061175337341024 5.2955283092623695
31.963175125829807 9.575084631276994 5.090356754015259
26.158294942380124 4.343283995538552 1.720289309852684
31.33803864657075 5.35259709615725 5.318784217720884
26.249836255336234 11.877481089953388 4.085772537256598
30.53313225379567 4.864142737985683 5.684349586468491
32.24474390419297 6.3113175562914225 3.8947746803585637
27.044829884460952 0.6846270149792826 -0.04481489363346469
30.4081632577112 1.0887719614471085 4.980122303810167
25.150016582673633 0.5519983778109816 4.149147336050253
26.050627474107124 0.6359432443961679 4.598539460594708
26.576727699340218 5.01269953256043 5.450078192088963
25.413710606917913 6.1061354426197125 0.3415262145773357
27.6795698600204 0.7503071429205795 5.411468433502002
28.434772110738507 4.225603668706068 5.9372546682989835
24.860100783953765 1.103722778864685 2.954046678786079
24.64860070799731 5.916323691424709 2.3407352468583644
31.789988739091733 1.1752782800886992 2.356633867999627
31.690160158098607 3.1630771856987923 -0.3317667774008515
32.14275718742834 5.164063493486591 -0.012095046800557618
31.818033169344318 9.997754414665515 4.096181685591494
31.50565648674647 10.305707834283892 0.1759273558560681
32.603936738934074 2.7416922976873273 -0.41864103380988116
26.959296038913426 4.0801847591142435 5.864997055575333
26.7550058218118 3.2869299125514555 5.145891878271549
24.909009485934998 8.129423132414606 1.7568203070513266
25.71478604514089 8.63298773445058 5.984883098102394
32.32562390198302 2.0189279683187515 3.9013393462176005
29.759050835959396 12.195471997725218 1.4322449278642269
24.56366851739015 2.00794288517076 0.16227508669103496
29.71235933189623 11.669600755997548 5.209060576221947
31.586430537279252 10.24866597484899 5.860065587655362
28.965494832159827 0.6497207434139723 1.0962427868675206
28.635673630820786 12.305243903730808 0.5845856906805114
30.02088074827295 0.08918921091598553 3.582467208153566
32.54589803979127 9.0525347589949 1.830012429872785
32.63474647357389 10.174504530308969 0.9749422386205109
29.010899068530478 11.501112250556828 6.026168355279443
28.950148304801566 10.417367017648402 6.125695311013973
32.809284083609526 11.286424200500354 1.736849133323266
38.70204074416716 12.716032748310518 2.508717441156559
35.8084983258799 12.65197492973745 0.18037916196064208
40.65444532172222 10.384474679211205 0.03511907351486654
33.24923031300724 4.422688517420837 3.0847194206675743
34.79166229774543 12.443141550367418 0.47842800278674713
33.55051376770523 11.616479023540228 4.178336342620936
37.23951596078842 1.1363235402424092 3.657130717531599
33.37819306032265 9.088794569038786 5.473381999390159
33.66447396475068 8.257390275153043 4.829246808323063
35.71195400770972 6.517103598099749 -0.6002739348793662
33.36985799962166 6.230530190238648 1.831968885727514
33.3500171971492 5.79315432570212 3.177225067256834
36.62063427541358 10.83035774672804 0.42312115430179653
34.74961295940949 1.1567383017756456 0.667792179021548
36.07755821928217 1.199996293377818 0.18916805081488297
33.71369663903543 10.026010691585313 0.09175395978629819
34.40518208611468 10.163418376687074 5.503619354335583
34.56602329020654 5.969641757355995 3.7913908072830784
34.58119409263382 1.792172979083493 1.9306279408851612
34.50076115769215 7.983566308649201 0.8200972611125279
35.249077019208706 2.962638842413782 3.8172826984729324
36.19585728556064 5.967216606050961 1.5183347528019053
36.52183599115288 8.316214642545928 3.4082026475499614
36.59052879869431 5.768151454851171 0.22172787983779085
36.69484183302372 6.420510938317098 4.577583760335155
36.50632025135034 4.420001266106203 -0.07218147491560467
37.15149696412712 9.120963140267627 2.4446722724283196
37.41084364836739 10.398992274323334 2.953592181807908
37.170406434162224 4.349709586657902 3.929057531006155
37.884463357239504 6.242753408930113 0.13857944240167952
38.390866146801116 8.529124507257142 2.146192921349056
38.19090004390426 3.455238415861554 2.08411367442121
37.91694942409237 2.5682877386370024 -0.05191158634588966
36.378766865114414 9.296602586011021 1.2876878996456331
38.38821679494609 4.170645115251019 3.2583550424341254
36.81332941890709 11.781664780313028 0.1438658776789392
34.295654241331064 11.393123186666859 4.927521129353219
38.90105178620348 5.392408473664071 2.8343613451147496
39.38748543427298 3.4678467555233725 4.004354966128282
39.72982583252337 6.715681442824042 1.20865072612936
35.315087119274615 0.6365552023518548 4.671431587423079
33.88725775655557 1.7742387263380144 -0.23214583187052384
39.58025683791282 1.2417161562962498 3.5855555039403386
40.06515712257944 3.0384655481779923 -0.30902417209871746
39.216681874728664 6.948165969244473 5.321353645955044
39.94412981985589 9.708270072998733 3.7714301128700822
34.616460854996745 3.6080979765289904 5.76497184239985
38.933949025259714 0.46529564796876033 -0.4514164919810193
39.308665873492 12.448538723438404 4.489408103024038
38.596645880172126 11.628662931932348 4.583913214292653
36.49966984297132 0.07821446092360586 4.211684630703259
40.04600792598371 0.3247867034840173 5.653272306707522
35.37215211373723 12.09380624134091 5.347931511121203
38.89728011598388 11.915753577157579 -0.2736053860558063
37.971080090416926 12.461345119762266 -0.16928194106945238
40.58905590481734 11.7207225762711 4.218239310869107
40.72274740695588 10.455848267607955 3.807228101614011
36.06638817324034 11.319360329222407 6.197971890669712
43.37691407532916 5.289334499151043 -0.7701579162058303
49.073132146306314 2.1229188275769304 4.705179137048493
42.905287640369465 5.042521409052362 2.913328221941608
42.69669220448302 11.41362372090094 3.7856057319022183
48.855416408523936 1.6288761174250117 5.652080218527965
48.56229513531728 9.877978278831703 1.7512565049851592
40.959698348946596 8.1922596879718 -0.6178590599556344
43.107089158631105 7.692393646027487 4.348220537352756
46.343430169706934 5.019875649810441 5.375987467804485
43.54846314300243 7.843246945702717 -0.15658567311093274
44.592338644936255 12.27498492145992 -0.3051637078283931
44.92732862242222 6.6484533784715465 3.5179832435263227
48.57384068733609 2.8494349041995 -0.4585059415839343
47.17847472452782 6.844290744130056 5.884813484321407
42.463983502244055 9.276931646457244 3.5898207510073856
48.14121145400298 9.46354953299301 6.008140046511459
42.43516269909192 2.7886932945330094 -0.17927902574662702
46.00195621199746 2.9311501499511983 5.513462927335066
46.6057850443463 3.801335313492913 5.724575509392837
47.62061641658406 9.915574608218426 2.7123543538115955
45.88751645272554 4.378672013276989 -0.2801268540630997
45.76814445963597 10.426226437314812 -0.31585301701051893
48.16424405365422 0.825996530955499 5.395633059233804
47.23692314800396 5.776059781494843 6.032686376540188
42.04215642037068 10.181433400020254 3.7448642635915164
45.48732944081472 7.464821811366354 0.47395943418555686
42.220673750337404 1.8134465688229373 5.465513606004393
46.41032182940917 2.4913905086133212 0.7291084236007073
48.58171931622914 0.2510977132415361 -0.20790720861940892
45.19303176218945 0.7341800065739258 5.410618592963262
41.42360058842457 8.686946900340464 1.5119999018768615
48.822408891769406 7.062994720139889 -0.48228452132499267
48.63776582776532 5.2569165028151845 -0.61978840919652
42.77289068672972 9.354354860292291 -0.1904063940182299
43.55783041361116 2.5663352428864514 3.42413945239729
45.90496024531139 3.5953922125559927 2.6767353882998703
47.50674177521639 6.2272298980353815 1.0749320239425042
47.55939178054621 0.5814438501932676 -0.09782614962063452
44.44125339898801 7.85486058322998 4.089558418991843
42.96918962954223 3.169383474163465 3.9808573864392804
45.463033309987594 5.364953073251271 -0.1640935301894797
41.79095720605727 5.952193740041961 5.3175975821636445
41.25428415294762 3.3124496359807307 0.37636242027139777
45.79395313251552 8.400826021552072 0.9169921984330964
46.24653044747384 10.175675171810093 4.8006676240231325
48.05492062650144 9.500115139606937 0.49471703766437614
41.44467979180617 9.197922523120926 0.20511312316800256
44.5497100730029 1.9708294837679452 1.9152920690096997
42.110330366415674 4.972099999876835 4.995391056910064
46.58355967702618 12.253844280839314 0.5944141338789943
46.478512410551126 12.418702388817577 4.056318766638267
41.953992507638006 3.849031619752823 5.741657836155819
46.21167076528162 6.384869166591007 0.3980606436527201
45.62232479288456 11.466707863437795 -0.06578297353073914
44.24242301892076 5.819792566896021 -0.4015002065350448
48.65289418640479 6.12267603942244 0.042277718577031775
46.580815306195994 1.4667623991694447 2.767018833977506
47.68426588494532 7.145798916053257 1.6342317200822976
41.13349592670822 2.7099933432812215 1.6252081070189661
44.702412249083416 9.035889132517536 3.381001463060228
42.66909322303987 4.527895009340137 3.832986781371778
43.772289761506315 11.458425144468627 3.6991029702732856
41.40992192104953 4.685275112512305 0.5498830943113342
47.43557054892705 11.986085304707197 1.0660947512851537
41.775688833906464 12.364333959078301 3.9765103825620605
43.07454568791827 0.7033300049115025 0.6883310589347702
45.12902557522192 7.9860357540985705 5.299402406653209
45.85008698737848 2.4038387948125424 1.9900224856588733
45.5923609309139 5.40533979339315 4.821539641093211
47.40111438981714 5.4146160843624855 1.7936820819224586
42.38258864131568 2.8132091358211873 5.090469105066249
43.62636414989669 12.068781933234723 -0.7419400836961576
48.90465903514952 11.202401193169484 1.6719092112580591
44.28985689999705 7.173839181419246 -0.007158292087345863
26.253474142548995 8.697105404233366 10.826397261067559
27.044051595821365 4.995276962344621 10.722099013504845
27.830567194141473 5.203124375845587 10.123523482527304
27.979474570182596 6.362871591745466 9.374070364039884
28.97659765111984 4.58256481480475 10.149624860809045
29.17433437818097 3.6313354988871898 10.621284669659008
29.259520707412676 6.4441409179041775 9.015816767854108
29.887744459063548 5.278411535753408 9.522815303850793
25.708764367309456 9.195289482177474 11.940738404093718
28.637409077429044 11.4843172164145 9.61509984408241
25.629122231968395 9.1729388016196 8.536551463314082
24.981113399153045 8.502860370505866 7.991134697215426
25.58878032689203 5.145936168403811 11.568941159194832
29.787261953859076 7.256972856371425 8.53916866224824
27.14220268323159 7.033735630641463 9.25030757223799
31.245136500518257 1.6989844707538773 10.138841783223903
30.444889187721643 0.9652826986224767 9.34683729053933
27.519836448086846 11.42009890384459 10.198636572123593
30.995583788902394 0.9773597688165147 8.084905933021025
26.251776956936297 3.762913936953199 7.208241064497377
26.548661944238052 4.519570446736607 7.934484984064683
26.58847191664122 2.8058426998487476 7.606676945439922
31.360969686827147 4.947159560122454 9.475611669316745
31.542551974442954 3.8798168465383087 9.349487107643592
31.686971621658426 5.4504605005675835 8.56538592681227
31.497215486805658 9.245053427705377 10.374894895719134
27.367801628173673 10.910031241579969 11.05701667058934
29.174529623618888 1.464452418181721 9.389822768062318
25.164106510044927 3.8329637353008787 7.2211261240319145
26.73687917336786 9.955775841408922 12.52618206867117
30.46920815019891 11.815928749479593 7.649649773188596
25.26792188074592 8.253901283139234 12.835062391976704
29.036303234997625 2.4812610500003482 7.202644444093017
29.58627282553687 11.101436787160019 9.960729941689486
28.482781373193042 12.124667932956037 8.464690121206136
31.934579825163357 6.6261337548444175 10.843193295132727
26.57940098803191 12.076234203372557 9.478805997028651
25.017607477839686 0.1875663802678511 9.035389860415224
25.36255373658173 1.15497095049268 9.369366620215558
25.55206386241608 12.24923887832724 9.763494972517362
29.485060361229355 12.132517955101005 7.304216125454164
24.877638364207055 11.32121033566625 6.976212060719936
32.08254314032986 5.552117774404932 10.73051441010334
31.783889686556943 5.080406293886628 11.666673794888823
31.49395057868253 3.2528765782004667 6.509847640465302
25.030764728922513 8.306753182642927 6.652555065584415
27.178880837660746 12.548145631839663 8.372546694783331
32.5809607910996 9.46135809775207 9.524503843067652
32.38734931594764 10.376972238134211 8.504430735528224
29.286661946248568 3.3514457782723692 6.614002741220665
30.53493961533462 3.734107337263748 6.386904854320904
24.686621909008938 10.136542303418475 11.67439373228379
33.196071460232616 5.114093278624475 6.726839674359998
34.44854890782664 4.566442713590619 6.747948708554992
37.23751405431864 1.8661862999541852 9.469986962871749
34.3623882890508 2.834613482912074 10.752971719073152
32.94012686849022 8.282436382980299 8.932784576765835
35.59338923707131 1.7966848813806602 12.079987350119065
36.40395415500099 1.3047933904600986 9.074492468081012
37.21202876435299 0.41952642119617395 7.400046349592431
33.77734286839739 1.1967548577118303 11.031780190401824
33.16679580745936 5.485737523787848 10.64057100490356
36.40851992954545 0.6329314701719473 7.9735721445210315
35.208330738456766 1.2283338873413538 9.608498779447112
33.71683411267187 9.900152252758433 10.309832808131596
35.042390884875196 7.108290398919706 8.2847886589777
35.228418916515714 8.893116957248536 10.084628022996245
35.85808421105608 7.216504115359662 8.984312918153538
35.97493640251648 8.238960064522233 9.897838294203403
36.95997858527032 6.413036581970373 9.211587224049243
37.21444384668875 8.171013165645508 10.441864243343463
37.165753603636475 5.529316748997737 8.625843339219427
37.7650788705485 7.036538125629284 10.158959591869891
37.58449775798392 8.848387020571325 11.197261333216389
39.790287849689356 12.043997964405502 7.584992456402013
38.991867749614464 6.554615346186133 10.790194152302668
34.76704652038848 3.9794046105816197 7.981367660481126
39.78791781314434 6.658226718933402 10.052855030584135
39.23633477779855 7.196108936945655 11.63684747328481
39.37088218076173 6.966575323469131 7.614600490241651
34.49493179386479 0.3318257144837843 8.853139803697303
38.229241559283864 4.911712440160846 12.023360035006021
38.97236912666358 5.0531236887397455 11.238589828248484
38.85205279065522 4.404288141479612 10.371043626610415
39.935328246535576 4.829069271487991 11.697511773205779
38.26336013129187 11.188909705535606 8.922075779757437
39.779419555054716 3.7967093121038005 6.94088364737266
39.29929375797525 3.9290139097950814 7.91045814808133
38.73399827954489 12.364796662880318 8.457562647566787
39.85620275030734 10.790561935899358 12.14628402474853
36.2130854025342 0.9028139960258312 12.151201836487138
40.65786379327629 2.565832845714149 12.552867901934071
34.67235641498524 1.7953456818363862 10.862252088559918
40.36104488859794 1.6125925952487934 11.670623325604772
39.02528770000572 1.78373910668068 11.226765698190428
35.694311436118916 9.414746683672568 7.035374349585524
35.09259270620576 1.980454868820625 13.030530051179518
39.43764962878505 4.653587069401037 6.360320277287937
36.2209068572489 2.684171033439248 11.998195136129358
39.31060631822046 2.9494550703609463 6.440409473400171
34.52336820211508 12.103898440821723 9.22198371612566
38.96975555663651 7.645948200825873 6.509196544078928
37.58136809891596 7.803541124542253 6.549775076144874
40.508710102950076 0.34468242838171337 12.221801670621128
36.8177567105181 11.671840139750024 6.77356141829878
33.58817354847125 12.49944150810168 11.689353582689737
39.53993452985602 8.950642826459413 6.504038551958336
35.386429863177234 5.580618418199118 6.49123816880261
40.87019878271752 10.076575075402824 8.146809135998868
40.86876688720127 9.650119526487734 10.537535900610264
33.28496043241337 8.706116444022053 6.489730920880205
40.115770000786206 12.686378903984398 11.61787420645185
35.22962825657672 0.019401990318962 7.782148520544757
35.459334362989246 10.19661627083086 6.328362522413479
44.05719075653946 0.018217839262996808 12.975042070937008
45.970005416868496 0.05033602616733233 12.150809892090194
49.00583549561053 4.223844763730946 10.676975093724373
40.95533291939825 9.959160810393698 11.866566663099032
45.6879502119992 12.650681307005222 9.371172832392675
49.1034146985507 8.000844928186066 7.495535467318818
48.500883539206086 0.13809779080862003 11.262366944345722
48.96987338505011 9.93681065880678 12.498977680037905
41.11938458837941 0.5103292688916508 7.641076224433981
41.29054603402474 3.864248257922922 7.048637579820566
45.86359030291738 0.25473631651678263 7.5968928653005365
41.10488416735605 8.856550405383274 12.687425739073964
41.57971466535391 4.768781060890271 7.58370945481863
48.1120583419597 5.016716432108268 6.689056237319214
41.6679849774751 3.0097779798892508 7.610349595272216
42.12891092648393 10.708374815866891 12.05331824091785
48.614244018698095 0.5381243451101003 9.891126303734069
46.01279470836008 2.592481590833087 12.738736184866275
41.20571817543124 1.7015058308894424 10.555708807764386
44.77256436932729 0.460184223718059 6.729458014461359
45.31279620637235 0.6101362245403897 12.675023390141723
48.79184664249272 3.1658746266905773 10.71314082063753
44.070367840457756 1.5258763375742301 7.235611305985249
43.30980405167301 4.174092694543305 12.83830603952274
48.01028636839637 10.791296482950989 13.056257603189081
48.47994622669233 8.661117541994413 12.433577169307387
48.38994502120331 2.4877978085777857 6.879587096981542
48.57430513316117 9.303947691170135 7.36769112268647
48.544948073669865 6.320909421074987 10.313989609472769
48.052077308850095 7.265936411547247 10.139626779581603
48.02790700714278 5.103343940561798 10.43947136114285
47.04050746449587 4.90344676515668 10.367476483311389
44.607616445235735 11.553065135612906 8.429920917523607
45.906252499610126 9.119238445681145 8.975599239409231
45.54622237793874 9.162684944028163 11.063620635847517
45.44260041997286 8.76183291820659 9.798635106169417
44.995092447300784 4.914245682022838 11.061923580601633
44.58629405711021 8.651851730180667 11.752769571233562
43.770275589479354 4.820776713620084 9.136219997859817
44.70897388986687 4.114162138330154 9.935476115404095
44.21670585284031 2.854101292884978 10.249602912057385
43.05669583395852 7.161950501572871 11.267557084943148
43.84832679012982 7.795805556156674 10.896143300907168
44.07168173898764 7.421003801544584 8.754908856112927
44.348055569120696 7.915562149778537 9.674381284290263
45.8887256776395 3.9804934153310896 9.14998047683907
43.3198686630968 9.85302043881697 7.721660605120668
46.335038090755404 9.838136033806233 11.36016000343769
43.85291119041952 11.04758204763513 7.363703974278851
42.88012039846302 1.1126463607121335 9.08586363207495
47.40665309008186 9.482380799126712 8.082633304442053
48.10576772014685 1.2267677186976589 11.983860375146369
44.424937189325014 8.827072399648404 13.177966643202666
42.83614684785834 11.89586533269913 7.101299903201623
45.22783383309197 1.8690942423463952 12.902892111772177
48.03818694120179 11.79523725152472 9.099871154888962
47.809089283769076 1.8991947285112876 7.58969485439148
47.75651383864178 12.588506484184283 9.776468662855335
47.677235196454866 3.7212500987975914 6.491273437581443
49.011096224638955 5.2290755371365245 7.248551095196652
44.72827288796978 10.961679354893448 6.277914778949202
26.36658008496303 11.981257532712265 14.915030326998723
26.491877804477507 10.939210905555868 15.169665965304567
25.122822134076653 12.577291236861763 14.984113768074593
42.276166535518165 1.0179167734623462 13.805808466742581
46.023853752152384 7.3940743823277915 13.548899265149855
44.39639188053026 4.35284146274215 14.521694459420026
43.93772671459833 5.306350541255123 14.783508711820682
44.47519800930567 9.901618273320738 13.35382174207934
44.77211459244978 3.9484570716962306 15.461591107003231
43.44767760202435 8.479885016044111 13.513413539374127
43.98410897677741 2.163081709486552 13.39459819011876
43.4583108728006 3.520639372960761 13.697983002755013
45.26149053961338 4.513887784777266 13.8784461464015
46.309864609856916 8.9492890188179 14.380932287881244
45.55326651111753 8.23146285111311 14.064096509925491
43.312542231556925 0.9902254516551114 13.503221938036056
42.508080938356194 3.4441678670051994 14.226485775536892
45.10997332165655 7.746084389138315 14.93357848050804
25.789950891928793 13.469999501830541 -3.3499998666067876
25.789950361424797 16.308682936036146 -3.3499998674707165
27.019039761587646 15.599413045318931 -3.349999905753239
27.019044299762108 14.180520441867557 -3.350000007551902
28.240955676452327 13.469479521944697 -3.3500002439965515
28.24095978116739 16.309196320350633 -3.349999907153637
29.470050043348426 15.599935125343192 -3.34999992475273
29.47004911750774 14.180000507329485 -3.3499999539991423
30.699999980439454 13.470030712711052 -3.3499998852163646
30.69999999814882 16.30865186956565 -3.3499999923074086
31.929949943306866 15.599935140435301 -3.3499998933041053
31.929950886150714 14.180000498610688 -3.3499998951137435
25.789950361885975 17.721317045691393 -3.3499998833617317
25.7899508883548 20.560006198076177 -3.3500001484325246
27.019044383315507 19.849479793928296 -3.349999943612272
27.019039767903557 18.430586968754007 -3.3499998947696175
25.78995081284938 21.9799912634108 -3.350000575719969
25.789945944166735 24.810544355049476 -3.3499999047935636
27.019005347720512 24.108918216130057 -3.3499999639807165
27.01904458463787 22.6904634646908 -3.349999983338866
28.240959786503268 17.720803666159643 -3.3499998742458037
28.240955688545238 20.560526374221606 -3.3499998836995912
29.47004909762613 19.84999972609517 -3.3499998777892257
29.470050054251058 18.430064878137852 -3.349999876601423
30.699999996254196 17.721348129316244 -3.349999925552299
30.699999993404344 20.559974942163368 -3.34999989292444
31.929950902772898 19.849999724344215 -3.3499998859382876
31.929949943375302 18.43006488118175 -3.3499998849759693
28.24095597010024 21.979471071735812 -3.349999913886428
28.24099468228618 24.811081764718924 -3.349999971526949
29.47005403647057 24.10945564954746 -3.3499998947922096
29.47004907023767 22.689945779053296 -3.3499999539869494
30.700000004164473 21.980022643913422 -3.3500000204989453
30.699999995071906 24.810510163662563 -3.349999965672601
31.929945918229976 24.109455663469554 -3.349999915654128
31.929950901477444 22.689945744276926 -3.3499999053672322
24.560000015469228 24.109489858411393 -3.3499999533624347
24.560000000031934 14.179969291653554 -3.3499999088140022
33.15904435051601 13.46947956995558 -3.349999893395945
33.15904023782247 16.309196324821105 -3.3499998795291064
34.38096020698422 15.59941305295733 -3.350000015656893
34.38095568650216 14.180520437488584 -3.349999897871374
35.610049116500385 13.469999515489882 -3.349999943451788
35.610049650259285 16.308683083379233 -3.3500003762819173
36.840000083671875 15.599966869180928 -3.350000071876048
36.8399999975214 14.17996931256255 -3.3500000397220155
38.06995090375547 13.469999505162821 -3.3500000571165547
38.069950364938016 16.308682946771928 -3.349999994157493
39.29903974842509 15.599413054616033 -3.3499999071554862
39.29904432935498 14.18052044986505 -3.349999877296337
40.52095565893694 13.469479563025198 -3.349999860854603
40.52095976607075 16.309196325079423 -3.3499998658375105
33.15904024285654 17.720803681303153 -3.3499998763980576
33.15904428829215 20.56052635772179 -3.3500000181530467
34.380955679558404 19.849479715039116 -3.3500002493783185
34.380960264257105 18.43058696929876 -3.3499998982801427
33.15904403462482 21.97947105655087 -3.349999905572787
33.159005320164475 24.811081800751356 -3.3499999218930867
34.38099468794299 24.108918202478595 -3.3499998980093224
34.38095550163684 22.6904634279483 -3.3499998891576652
35.610049642342105 17.721317025828753 -3.3500000842012567
35.61004914778157 20.5600061918491 -3.35000008594963
36.84000003148755 19.850030953392555 -3.350000524263068
36.84000006063861 18.43003311280728 -3.3500003026390823
38.06995036967837 17.72131706636642 -3.349999997588522
38.06995089164606 20.56000614277295 -3.3500001311123864
39.29904433425188 19.849479776663326 -3.349999852590865
39.299039734689124 18.430586981673926 -3.349999896751592
40.52095976383298 17.720803679772985 -3.349999885734941
40.520955658872104 20.560526360309066 -3.3499998588437894
35.610049209045144 21.979991314639797 -3.350000057313559
35.610054064496005 24.810544333883005 -3.3499998888334517
36.8399999821367 24.109489865565287 -3.350000100898768
36.83999996786433 22.689914768760435 -3.3500005110093634
38.06995078227962 21.97999131681512 -3.35000031001764
38.06994596478791 24.810544336266393 -3.349999939218793
39.2990053327907 24.108918209804 -3.3499998693386743
39.29904453617877 22.69046344429287 -3.3500000165267485
40.52095594900197 21.979471056658056 -3.349999884558085
40.5209946771079 24.811081792027995 -3.349999854518143
35.6724698944206 15.599523524945255 -0.9204151827928608
46.66099466938551 24.10891821895168 -3.349999917559494
45.439005324387765 24.811081778602645 -3.350000191222109
46.660960241719806 18.430586977095537 -3.3499999347200173
47.89004907612383 20.560006180268584 -3.3499999804342275
42.98000004224403 21.98002265206928 -3.3500001179443495
46.66095563716842 19.849479786193072 -3.349999914432522
41.750050052740896 15.599935141802344 -3.3499998576749546
41.75004910203536 14.180000505891362 -3.3499999901495494
42.9799999985234 17.721348119088585 -3.3499998657641483
42.98000000908655 13.47003071342771 -3.349999957852925
42.979999994574634 16.308651882972125 -3.349999875859513
44.20994993522485 15.599935147028777 -3.3500000381028707
44.209950878981935 14.18000048467811 -3.349999956187577
45.43904433997243 13.469479592922847 -3.3499999818297743
45.43904019799549 16.309196319076793 -3.3499999293302096
46.66096022153305 15.599413020339476 -3.3499999692634344
46.66095564986381 14.18052043591799 -3.349999877106863
47.890049100802415 13.469999511667778 -3.3499998957439017
47.89004963844953 16.308682936503406 -3.3500000350386916
44.209945922153025 24.109455647156704 -3.350000153745667
41.75004909218873 19.849999713597658 -3.349999864646782
41.75005005174774 18.430064876305288 -3.3499998472726267
41.75005404963283 24.109455662303688 -3.349999930538057
41.750049056994186 22.689945790730448 -3.3500000263105068
47.89004923060246 21.979991347999153 -3.3499999202401956
45.4390440111517 21.979471051287273 -3.3499998938139806
47.890054050029434 24.810544357468192 -3.3499999048722673
46.660955474313326 22.690463440417624 -3.3499999068840247
45.439044319748916 20.560526370996687 -3.3499999705579118
44.20995090229736 22.689945745402028 -3.3499999011392765
47.89004961829693 17.721317069322467 -3.3499999874910813
42.979999999869435 20.559974920415087 -3.3499999340581885
44.20995087207098 19.84999971628182 -3.350000139933109
44.20994990935775 18.430064859061627 -3.3499999957512716
42.979999986486305 24.81051020403454 -3.349999974990837
45.439040207031525 17.72080365034785 -3.3500000077370915
49.11999998482765 19.85003082514221 -3.350000229386972
26.17859987966324 12.951219089690754 3.9122441917419195
30.337996680960448 22.121505741561077 -0.5869919256585265
27.113351036408922 13.344319553801187 4.312009498034475
28.536753881644984 21.914126255637225 -0.36524812992406064
31.20290586243234 23.581476104135994 5.976614590298875
27.491709762868247 15.795042981948944 6.122702823284108
27.96484570232743 13.83602501338565 -0.7517639083388372
24.718782980678057 16.329462630446343 2.2628602559737976
25.00851344200722 13.763876046150932 4.522693475827541
29.66497152725136 21.30669876538758 0.7719100573118909
30.18520180111656 15.357904026582471 4.503559900158041
28.938734751273326 23.073428635096946 1.9607612966021626
25.76847698792869 20.156375482864128 -0.33791113013675655
25.484964871857507 21.383074512259064 0.2806381484127507
26.05068463412199 16.57771381110248 2.0356275558727397
26.46828862453286 17.63938368369212 2.8160957907597006
26.166391133078786 17.016608528805705 0.775281247767452
27.28992166430455 19.25592334833432 1.1797429889992084
28.35825165652831 16.43338437895398 3.973448035039758
29.112580803648587 18.508860155549595 4.721712347416828
29.467327638042757 23.333019261002132 1.0435359875017347
29.222925806353008 18.539341274236165 0.4121280682453021
29.665197793054293 20.761439256250185 4.8026601451567
29.93459718368031 16.97965512899083 1.8900391817327633
29.6331926231722 19.60528169448586 3.983371992570637
30.225349853176194 17.627736845260955 0.667863846185256
30.23231468643383 16.653578703733192 -0.2517180352399895
29.49339770183111 22.148837469056875 0.10148867770339631
28.74250533056773 19.69251814955416 2.9343258022636123
26.8607847126821 15.469493573942453 2.2578987182530508
25.73580962298978 21.238162640593853 4.756006468951127
30.51608555844694 23.48919098237885 1.2961566880328312
28.977248498591965 24.609320667905354 0.4539501197800888
26.966705233945298 24.360538208525263 0.7839859109793512
30.04225841035502 15.037995175339924 0.06965077171680711
25.578075755018553 22.517107666758182 -0.5913298959010693
31.57680736072647 15.217098557283594 4.485005698079573
30.966047153338337 19.350119220617866 3.5898380052621848
29.698926004866415 14.136993693083797 0.3703486072340001
28.144971819688273 24.156885897158908 5.023173130333042
31.332156936625662 23.414138108775777 4.660727540401378
31.26895079601581 22.529941858024184 4.043798067978508
31.460659325751422 18.12099360275246 0.807793303676686
32.13111311095795 16.22669269315536 5.228832148216272
31.614112029471073 24.664945013466845 4.177906217743005
26.465983901914917 21.513908503737493 1.3001346957005178
26.789365521975732 21.068832766855618 5.533288050826625
31.951777096113606 13.999385805197392 5.04814575399739
25.210665998984386 14.808834820796653 4.287543516463304
24.95859845827958 20.068900052775504 4.839286606676703
25.06393731412603 13.64918887494755 5.605225252516978
28.66466348828932 13.44691657679073 -0.027022788338303405
27.50656019340073 21.810686062712726 5.852169675734425
27.756632469643662 24.962089737798667 0.3590733083076725
25.39972004067853 22.109946594585157 4.214308647079932
31.439730580352716 13.648665874803982 1.5614561820591777
30.445299579977693 13.374596897766018 1.2414668364737325
32.2918030391404 17.652173239249215 2.935374492984563
32.01978498923807 15.326602398587582 3.1928982044969265
25.52671439647077 19.270062241791205 5.697884906100198
32.58341604760231 25.099398864460685 1.7450177195252259
31.67123314816866 24.913523140908506 3.2006416208456323
30.80772282862189 25.333789020115166 -0.34423719167300915
29.75236509255367 25.49112382461649 -0.17730664267413432
25.142825867810462 18.308915209957423 6.006471977652158
26.62733269112494 19.85149561035577 6.146775705469063
28.104990281739465 25.426635416451884 4.449922640450572
26.349956522052707 13.121456072545385 2.849344257205011
31.672840156027426 25.523606473570133 5.144318171380132
39.80190433733927 23.030116923000424 6.1323806719521246
32.85541901017159 23.83319105293367 -0.11168949271851969
36.47320841368302 19.2074577493119 -0.6948210464134752
34.31913435257853 20.59935481596185 -0.8306148981448003
33.55782644883905 14.497909571465517 -0.244749521779406
39.33275530525776 12.980251781851283 5.440618344293347
34.49040849842072 24.103501108576914 4.206050429760629
34.624540818235005 24.63599732028724 1.1843736401349125
35.02308949382948 23.51909618654162 4.956264961975197
39.56949002755599 22.894029462780576 -0.4014660108395707
38.73651099290997 13.321455306017645 3.4144631718191265
33.64497424271115 16.217920910676085 0.2605701509824865
34.16015683540178 18.972291746918156 -0.12009228954888651
38.21933310463781 14.66270134379648 -0.32925063180565317
36.0833915728388 21.52306433735863 5.178348786745548
37.62957754619032 13.779813192154544 -0.13152128913315853
33.90189530473957 14.96336995356359 1.4501407846889458
35.09860116784972 21.76100204417676 3.7374578506956126
36.24821826516521 13.856947804202555 0.03008562875473353
34.122811048768924 20.434206382495333 0.907571427921654
33.32854789514794 23.002896741690112 2.0268662302064944
37.38020798662888 24.161178887191635 -0.3881962738007094
33.36292831187578 24.082382288311052 1.1751557217130837
38.779016349184445 20.235418876643124 -0.06136793720588396
37.55260088514289 23.84565498577737 3.432689279800649
34.56756876263961 19.972688166745254 0.025930053761108462
34.80125073328933 17.633141698837996 2.169512559766633
34.11509867312827 17.927688076554713 4.287295268537329
35.248314897259945 17.725539235423557 3.488211790192447
35.33742225415262 22.629163174033234 -0.06421819207681811
36.060285578022494 19.838499651141245 0.09218648273034424
36.14880429411919 18.751787978416775 3.5911387806162165
36.381686983036104 22.377859165658585 -0.17716716891448714
35.90452251016712 16.59239782732309 3.919995849918698
35.764638237319616 22.260114293024216 4.4412913435428205
36.28404283917351 19.367013382063064 1.0491260770438349
36.04617249579822 15.856825542925833 0.7815646119879671
36.82892524364277 21.112132083368927 -0.2133282776785328
37.03049220242181 22.59168614546224 3.714923805226694
37.405539402574014 23.151714375189965 -0.3672268109627008
37.92786820985596 21.7083143906178 3.3140574248560686
37.799218831585726 20.638845337326917 3.3920656391791715
38.15530495600869 17.534228581849593 4.063496386502457
37.91705241034727 17.32249001770298 -0.05450306407398964
38.23058375962392 21.156361097755816 -0.1936068122619905
38.59352545028698 22.433762037059353 -0.35622177677392064
38.78662363808909 17.316593827827827 1.029453087698461
38.968549605978765 22.305150867908285 2.7824183790609736
38.418997394048446 16.24129992736014 1.8684292853749174
38.77091162349316 23.67512096835855 2.9174026413170715
37.13912680773626 24.831215273934117 3.5879635716878857
38.6725639463808 18.491338055123954 1.785038307532062
35.587606122341775 15.16458135791824 0.07543794498998224
39.48505502799579 24.424442462112932 2.60931743113232
34.057599335482855 15.219008784149494 0.4020448715625258
39.78527803539945 21.846871655774446 2.404218912781225
39.64469751097264 16.30037954669666 5.398603768455381
39.38962935132804 14.1421914490548 3.1179356125617277
40.07388778825877 17.060093000848088 0.6436008074543043
37.717005065083875 13.629353973700761 3.6466399872431667
35.707914280907694 13.11395857579817 5.234120344802352
40.471962083532574 17.66316940735383 3.834511148118318
34.23671444415189 23.09529657086984 5.5808513588680695
38.287164593283585 19.55831938048649 5.847151884897026
40.86898025429966 20.075633404345965 4.955860451673991
35.559916921007826 24.2327401294546 5.581267870899033
40.80097631536027 16.813731502615678 4.859877913429127
45.441232526972854 25.23396184172484 -0.6914653292700723
45.99998036857465 20.98845501797577 1.1947604351567676
43.542859960662376 16.792083559382235 3.546128481363029
42.24852751647978 13.753595257303838 1.1751443103391956
41.480972037062536 24.225035729312857 4.727644908146989
45.86058844751632 13.672771434587233 4.288905338288428
46.10463935393807 13.460964447470246 0.6776223419289018
46.78337411230859 14.6730505127639 4.030373276749771
42.5708056775614 17.907586441166487 2.0506505430996382
46.25739808899254 20.144226095138432 0.5551405143130306
44.02356940783195 24.22317884389677 -0.6607229767256606
41.56319569560964 15.805231214222168 4.211191624647334
41.555645375648304 17.379757414985406 5.840290281330698
42.28577425999906 21.894386335113136 -0.42616570011641985
41.08982605167676 21.0115434791756 1.3901561870417312
46.566772869775626 14.236431371616113 1.2704829183669586
45.34847800795457 18.599070760325286 -0.694013561331811
46.93589830658828 19.39148591317576 0.9565376664457315
41.559837739368625 23.254594337485592 1.17663688626923
46.62749792378792 16.681675291524236 -0.3107862124935923
48.08951812430098 24.734470017196003 3.710412952854373
44.158330330630925 15.280561310998761 1.1325609797484049
44.35609823892688 20.053232887939146 -0.6375504378822416
42.48075821336629 14.367222070246784 0.3047242750225465
44.82745551981457 13.800814849421238 3.384154746928073
47.968245914463886 20.567838379780145 3.140531686115815
45.37897315580172 22.982683134344565 4.038438774051187
44.1992780732621 15.320081142199596 -0.6279374295168694
47.63657993949593 25.328713632543813 1.1639763243836831
48.70893822303576 22.926568544499123 -0.03689807710637982
42.25607062117038 18.93470367129205 0.23661122517355193
48.27336832353089 15.153030931011575 -0.12827949614623302
43.58366276503577 21.164388628933693 5.727376480228015
41.62499051518511 17.664970619098447 2.308858291817736
44.885744947301546 13.500355067186801 0.1613373857220668
42.145569800598665 13.865852936798435 -0.6032282126999644
47.10080240716677 24.325970374749478 3.8586333050695076
48.587666592660064 18.602160280282305 3.9783209229675833
48.11376066753113 16.26373345212273 6.1894166414537075
43.96847911823221 14.693796253671087 0.23380445821716833
41.51476277372206 20.91016778678011 5.229022130025875
47.65649984187087 16.421041607089244 1.5722602947623943
47.902923213399134 20.24476100883621 5.397158989155821
46.763137530465904 23.109025963643685 3.6864939223162585
47.73323074341422 19.66116243234188 4.144776850175821
41.415643423679484 21.67439762172306 4.458160200359549
41.856992887699185 15.257380077055172 0.38618310748860574
42.03213066716115 21.974167777407576 0.957211375671424
46.801271993007745 20.636187199966468 -0.25125606793152677
44.829750029260246 22.05541075766755 3.968296798712233
43.40212456483275 20.209927381318703 4.228958961075979
46.4566997601901 19.1619149328398 4.0303283589052565
43.22039242300066 21.8342735907764 1.582699218105733
48.734944614156596 17.394341697624547 -0.21681527669660028
47.84646239693633 16.433526233450618 0.22272985773992282
45.249869220583065 24.044524289030786 0.553725163710187
45.02151923674652 19.41785168699207 -0.05308005762329926
48.34200767738968 16.433468239377714 3.868911859167359
43.00102852583144 20.391511846936965 5.226079339642413
43.53740673549477 25.04219142133305 1.756155197146192
46.06972787842233 25.0775442854316 4.191441497720895
44.70293366171803 24.78973629098602 -0.02387380319867405
45.791487653948074 17.790845979553037 2.158473360972213
43.68200411658294 17.420157943614313 2.678625471727394
44.252205151830836 18.726464141229947 0.9552702958689407
42.94389649706174 18.600607200415034 0.9992875081344599
47.377830694112326 22.3752573288218 3.3642581311505815
43.99180748156486 24.544731789224603 4.57060514581401
45.43865494202697 13.698706400886142 5.589510173259704
44.736515954799074 17.955691512949322 1.9964219366848013
44.99592397531216 24.235977002346246 4.31996486864738
41.970342116575324 13.423804349120331 4.054180146083116
43.150384939526695 19.417313245621887 5.691621761879871
49.115694634911236 20.52126591907722 0.8228278729660776
26.209974082720343 16.42355498705951 10.399539562807341
28.75439747190694 22.00286856398468 8.881324805385356
27.91965015431874 17.568093228974558 7.489448926208214
27.46320477904358 21.5627434954896 8.54063990181403
29.703229402306615 21.000223994802752 8.61389061971908
29.28493474576338 15.163751463028369 11.40500790043794
29.009262738251202 23.172624292944345 8.191637899855667
30.18546037213694 14.898731588054515 10.31719425790093
30.291895615880545 16.208183271392947 8.676280067262294
31.012389819811585 16.91575608715039 8.658146880424077
28.759694427539316 22.38089537090594 10.263356015993798
28.056690934733922 23.1686820026146 11.660211759722479
27.402921255883896 23.791497195853076 12.112745119914514
27.67543937616979 16.188731040711193 7.4738044694368355
30.96959550631541 18.770366569731213 11.978433926830526
31.11036782910282 17.946391719217402 7.817267465188787
29.582832228356946 14.334955621334029 12.399927311351966
27.97476534251115 15.117233649125545 11.113840958134237
27.61906317579987 24.846807535547594 7.313520640291871
30.840091693081806 19.953474073908 11.428375625578356
30.25530498851227 18.060717458759278 12.057725764100068
25.49589269457434 22.7569927084629 9.19405921157357
29.888881546671893 20.388601959931638 11.159557880360552
29.61570741689737 16.50560502342006 11.72474824299167
26.560229464431558 15.776839097008365 8.210721619499628
31.446401996326 22.570766328851633 10.840479831125654
27.016320855840483 18.682801271777468 11.63632850529845
27.37779818525927 19.48964683475274 12.737828058481353
32.02159427170272 20.529994431280056 11.365486625060646
27.716726267586214 20.794025361179646 12.365354756097162
25.515645076092742 20.309344893188033 10.352935279256176
27.51468741085375 25.140090288550567 12.192923577328171
28.790767893291484 15.572995513220775 7.984751463774238
25.44881148868769 24.23295256394354 7.127709993166409
29.560019895752365 13.174927843952156 6.994599116207264
24.88158846879497 22.379938604898932 9.998335607569045
24.91204609285644 21.185923927446858 10.536449486025925
26.829377909366304 13.176269186923038 7.5665017192268005
27.277900129951256 19.48521505914765 6.826996673496518
32.03962387650079 16.989512384736326 9.543158836368772
31.5611417037014 25.482551907331413 7.612869610692891
32.32214396338274 18.476445384671013 7.912362128685997
30.59202691261203 25.467765951809678 8.111565808349601
30.376208860106367 18.294526170362285 7.105780984526828
32.315150859541994 22.030354990157846 11.216419983646908
32.265377433194246 18.536015841719312 12.373263884273712
32.12359438207215 16.351782022787656 10.4107122581454
30.98433226983342 22.831155162495378 6.7220299571357875
26.87462831071612 15.898149313724037 13.298342624670717
32.63861955616528 13.232003084757416 10.365214058581081
32.21165393854333 23.615039924839987 8.655915884629824
26.368863615102466 23.470006297942398 12.908501792890497
31.37490754651439 24.92371112716761 6.283025866203352
26.119026784383923 22.432874440403726 13.076843909034396
32.28241977327396 19.82448076725664 6.279706435367967
32.74191049022897 22.783800503326283 12.565831466227358
32.548430079744826 23.85546083141821 12.51882644562884
32.55417751228857 24.6384982112543 8.503237341784626
32.57473412237519 17.646557316932917 12.902000086476292
32.498788093891264 25.09925695569179 9.489509815260327
32.98076479176232 19.420114199796757 7.012442345749228
32.74703825653195 21.08041072764634 8.406124801474677
37.99050029973208 24.647879525526946 6.815428090616342
37.654272022751435 25.165836152154558 7.7014706847699
33.09629473527 22.08663293687684 10.458299255358533
33.51482457431172 20.66696375437095 7.752163204361401
33.21434555475446 14.017702253826128 7.519838533451172
32.927013011052175 17.82612709760013 8.953229039920615
33.665837562116096 14.191161839796337 11.358982762862016
32.868332375672004 19.717314098725723 12.07403996702258
33.60433625395752 13.218689576511386 10.870500126276717
35.64709212786105 12.806903959982678 10.3819927515701
34.118031885721116 14.535739957329339 7.805124272598726
33.928141134649664 17.99093458418201 9.323338446037559
35.79336307661864 21.410067709134 10.909771210857892
35.485646999962576 22.777532105342416 9.038716668743836
35.966964822586114 14.924921279454859 8.83104720087254
37.51073887939597 22.05359302252287 9.69432181850432
36.051059858664296 17.33379538172872 11.25710327827688
36.57567961850052 18.21816047900549 12.183651256819138
36.29330622805124 22.465243024988045 10.111190484214355
36.84954336038572 14.889151763209854 9.452477539944137
36.683639510075686 16.141654212088596 11.560803016572535
37.3933045808234 19.863429634205165 10.387575379191183
34.674039283887446 17.155726342400303 11.469475141607742
36.45522128453294 23.617633968893518 10.86681175493402
38.19408377856956 19.53621249433295 8.11792572575073
36.31883413965266 17.75000257946553 9.996685040176805
35.855169138094 15.837273873726007 7.923852141041471
37.50846331959528 19.227121144884507 6.969384903610635
34.8872999848732 14.192021355244778 8.923105989590706
39.543304690694534 23.207965180440347 8.816567394957472
39.682029845055844 17.207009529752984 10.385148531737784
38.323015031899196 14.253276321968116 12.45173875800681
40.610385660330664 17.206748552374606 9.813960811135662
39.37571445008646 14.480227803343281 12.369781695886134
34.73018892481866 12.990194717468242 9.821820443247224
36.43372271452895 16.64032044832285 7.722626004024593
33.855678938600434 20.009939974456874 12.39948867498997
40.57536481000832 17.954766911673985 9.021911523384569
39.9470276903574 15.551943302103316 12.85186111011104
34.67216314791157 15.602447518966768 7.2481458630506275
34.2450478583281 20.272555998208738 8.45878649675549
40.28180713418002 13.620689312278492 11.963700364041506
38.96731827148368 17.461825301441632 12.738092413516576
33.83210060816878 21.46284886948631 7.0783659040553335
37.27459882103051 17.88507917395786 6.937903289987815
40.107745739391845 22.51497213257584 8.210294405213997
40.22392340066826 15.76089398707183 8.315809679830029
40.57588312520404 20.34265910653691 12.425568139542124
39.3836514674753 20.045868344885772 11.761985823328718
40.2146954548618 22.397203392502213 6.904017864032199
36.30117956760594 19.88687176944576 7.088158773195843
33.6103659687797 24.664223279216188 8.23508782093027
33.82113178878097 22.72581996140936 12.707322263072077
39.16767585347808 13.11476654109548 9.542376422936009
40.781793241879775 15.090025636418103 9.84594368711696
34.313785480491426 16.26186911329167 6.471532311526646
33.77137981768128 18.902667034721965 6.469049014688512
40.852058179426706 21.500319005798193 8.790392949753967
37.67557130608448 12.902495969161196 7.757517328410767
35.473459853181474 25.28772606757817 7.6793429342592665
41.401145610974304 17.418338885417224 10.533702592202186
40.9521739755736 15.882863609160026 9.117604236850186
41.15708849285464 24.853327623819514 10.205156892798277
46.44985495940158 13.01214894053294 9.926998619640862
45.02890239351948 21.61579697936069 12.461598593833683
41.500502480629606 20.824765346629963 11.46055724387358
40.960798515431044 21.339245650510154 9.781519033323912
41.52703533376186 14.255474555902307 12.10268376190405
41.09059439287548 21.34381586603193 6.630146421955002
41.116038383894114 19.172429589998377 12.975620760902405
48.986898705104004 15.359068166123038 12.244262816277775
46.897349618589054 22.98270159122812 12.573528997236314
47.335028274026186 15.664926155645677 12.773760836633503
48.29356495456665 19.135207483910897 11.496294584135509
47.62293721791544 14.098605481311525 11.372640573579332
41.474192691927094 20.89940032739923 7.813456447264542
42.20171259642019 20.109471146323138 7.9280281602763285
45.834268225180885 17.049127657186034 11.622312427165443
48.094040547231636 24.395477845898732 11.035451273555703
48.10200207636957 24.966909802948653 7.203529435879338
48.14517830919 16.793083267174538 7.496396008200252
42.449803495476125 24.53335030481981 8.563260538050052
47.33398154366009 17.916424676895222 7.600314380107688
47.749242002440326 15.731566663081553 8.294479889098586
44.01985331230836 15.165544753826007 7.321719477472529
47.093300738730065 20.638867663449503 7.392815981401123
47.01285990692649 22.918127725087913 7.007941738285446
45.960283707197654 24.972695364003098 7.373614123648444
44.72445303394814 24.441250533327377 9.311699180968834
47.080764542418855 24.157531212760947 7.6482128458402565
47.171503164243504 23.979960242181708 9.020055476116305
45.05665333556505 23.69210671227873 11.553453643376205
45.49132194376186 22.92409520452448 12.627245346228307
44.70708094520048 20.744069544612923 9.018444257444933
42.736410408741044 14.989815918863982 7.521689690942475
42.28492431062245 15.843141208287475 8.439877255505467
43.35287706444379 16.655380507180922 8.709097313504401
43.22644364690367 17.497508558608985 9.37335248730356
43.75027567241839 20.024161772555683 9.760432471446801
43.50961383363564 19.93108746327357 12.07821744870736
44.37697158430939 22.061923414462942 9.115882983875057
44.43102227374822 16.327627620653953 7.919077061636848
44.797514329443814 20.370428201704424 7.691281171445676
46.00632388979352 20.586283590245895 9.477655128514902
45.42311256299822 16.728454947104147 7.7724676748996435
47.47446285005169 17.72223863266447 10.03742818096732
48.284820349087695 18.210364283765564 10.55844072637397
45.53818387574369 14.227164342021974 11.517889695060948
48.05823173974296 14.879627169854059 12.553801180219747
46.38647537424384 13.838347391435251 10.974177535450997
43.59406594243172 17.65939140283568 11.886325673008715
47.487761604566046 19.597416111412155 12.047152229786201
44.864812999981126 17.393511830707077 12.52443289875899
44.55858252312835 14.63057749184929 6.655625740820393
41.03550313463182 23.66268164129257 13.053769372876081
48.44973909573421 13.211787251777354 10.721285777896487
42.15136304693614 14.267544172747863 6.9717414123111086
41.31209852425293 15.445767042846866 12.624487878611099
42.48981759639031 13.88001061637558 11.788873078727281
41.986746219491536 25.516582473714713 9.43433932781744
48.52283938103811 13.56768786502644 6.371730182664388
42.01275726152622 16.227823047039607 12.877204597848978
45.218775222123284 18.580235836830305 13.13852691516043
28.413754859456922 18.872068535060745 13.443370986744632
32.17403366708847 22.446989347652277 13.433111213036392
25.779643828733064 24.633128866301906 13.372301820119763
28.276351674518057 12.804479752308717 14.237896599007787
28.17610529536192 15.41321870553438 14.381667667052401
26.347268475248764 19.462444119403838 13.642494832269836
24.898367931065703 24.779350625875363 13.979238381203187
27.230630018713047 12.931330062756137 14.476172106122307
26.417772323396022 16.14353216772073 16.33802394051297
25.293674050818012 13.843375554358055 14.732217760674045
25.605383950090193 16.978026673799334 14.898358783580102
26.505672975853656 16.53559943813889 15.32478323322421
26.543351325460762 14.119572683274116 14.475369828418387
27.09540797768367 15.529578141353204 14.300096901002366
27.14260100616845 17.41883536883997 15.372918199936345
40.24727229422079 21.25774078365463 13.420743945823705
39.27219815638267 16.74231193607906 13.497992915766394
40.106770395689416 17.174359678614426 14.0501920881222
37.36452201573673 25.47201675772632 13.652163822109308
38.1594057304058 16.406961588937914 14.499355091290461
37.404309756785324 15.747113968147893 14.072118402842776
38.64589921799798 25.24970574329062 14.821196980513317
38.479758792983354 24.126273598528662 13.516795663158712
38.411169106165254 25.18689293142362 13.75862635920998
38.58899805426422 15.846736160687097 15.32983561774574
37.730361485442444 17.33202658135568 14.884421054102736
48.440328390454056 14.004663208126503 13.722990172143753
48.456718965052026 20.24718443709793 14.228698602444902
48.86840342603885 14.553710283372826 14.561679073422415
47.589044932528815 13.407066075052684 14.04901799431983
49.104234269133386 13.198944232106392 13.409707686308032
44.699794975886384 16.334202216120886 13.403332722272905
41.411995010514694 24.62005815172708 13.382530813178072
43.423497063773844 24.095221093736686 13.669967872799054
44.89836827159369 23.450316044832167 13.838705168343552
42.7081874678678 24.80820105581604 13.660388955652472
25.78995091975739 26.230054248543976 -3.349999894798211
25.789950816239326 29.07000023342954 -3.3500003570316506
27.01904433776169 28.35947346666647 -3.350000324302326
27.019044021855546 26.940528940284324 -3.3499999681925163
25.78994991893184 30.489935171810885 -3.3500001362146703
25.789949962676193 33.32006488072998 -3.3499998861567892
27.019040241670996 32.610803681065384 -3.3499998815674004
27.01904023323181 31.199196385205386 -3.3500000030378763
28.240955419071554 26.229536515271736 -3.3500003815204513
28.240955772482856 29.070520151254613 -3.3500002227150305
29.47004913672736 28.3599939391867 -3.3500002817466257
29.470049314590366 26.94000853890292 -3.3500012154125147
30.7000000388272 26.230085192650325 -3.350000005363184
30.699999938664448 29.069969134750053 -3.3500003283531132
31.9299509478381 28.359993808355316 -3.350000433541264
31.929950765137296 26.940008627242406 -3.3499999868001495
28.240960314021027 30.489413067598928 -3.3500001216065254
28.240960248909598 33.32058699273996 -3.349999948380622
29.47004964614914 32.61131706101044 -3.350000007921036
29.47004966915611 31.198682939800957 -3.3499999920608605
30.70000000434876 30.48996684321677 -3.3499998589659032
30.6999999950235 33.32003316074776 -3.349999925406367
31.929950361318618 32.61131704661494 -3.349999871224619
31.929950347152822 31.198682939157138 -3.3499999440178883
25.78995091678695 34.739999733003025 -3.34999988210402
25.789950900721585 37.5799457487141 -3.3499998572055825
27.019044021504097 36.86947106613786 -3.3499999186598552
27.019044310056128 35.450526363603004 -3.3499999489570467
28.240955660618443 34.73947975474549 -3.3499999801883207
28.24095548672253 37.58046344223623 -3.349999944084494
29.470049236149457 36.86999134395422 -3.349999900104559
29.47004910408711 35.45000619437193 -3.349999996243236
30.69999999847915 34.74003089484259 -3.3500001018185066
30.699999993219553 37.579914799300404 -3.349999871324254
31.92995075120442 36.86999134681581 -3.34999989732209
31.92995088977965 35.45000619163436 -3.349999895579039
24.560000006390627 32.61134811847498 -3.3499999004864325
24.560000028041923 26.939977357399787 -3.3499999522028667
29.36073218744797 27.414978980520655 -1.0038266756466074
24.560000000902626 31.19865189215813 -3.3499999543653693
33.15904450007559 26.229536564615305 -3.3499999015695234
33.15904436861389 29.070520226351842 -3.35000001666247
34.38095568746539 28.359473675512508 -3.3499999829161498
34.38095597697267 26.940528938982602 -3.3499999853319196
33.15903977704597 30.489413027315223 -3.3500000011961903
33.15903975526183 33.320586962828145 -3.349999879768879
34.38095977103433 32.6108036238317 -3.3499999898897137
34.380959778048386 31.199196319152644 -3.3499998497636274
35.610049092024255 26.23005425606416 -3.349999899822679
35.610049084420986 29.070000295739508 -3.3499998674958373
36.839999995497 28.360025065312456 -3.3499998905313944
36.84000000385641 26.939977364085827 -3.3499999179690745
38.06995093582316 26.230054258719743 -3.3499999565635807
38.06995090443367 29.07000028186913 -3.3499998933136177
39.29904433365384 28.359473624077914 -3.3499998810483147
39.2990440507395 26.940528937538566 -3.349999862346161
40.52095548299302 26.229536557525567 -3.3499999139185133
40.52095560532401 29.070520186374583 -3.3499999861741623
35.61005004315651 30.489935131647318 -3.3499998868513825
35.61005015099913 33.32006480649475 -3.3500003748646465
36.84000000383427 32.61134813914075 -3.349999929069317
36.83999997705548 31.198651893020678 -3.3499999899039254
38.06994993772964 30.489935127100615 -3.349999903767207
38.06994989334198 33.32006483131041 -3.350000033960583
39.299040223455584 32.61080369110134 -3.3499998617243074
39.2990402207262 31.199196344724946 -3.349999878182952
40.52096023481581 30.489413031273834 -3.3499999106559706
40.5209602196994 33.32058698762106 -3.349999904340687
33.15904435732625 34.73947979462326 -3.349999884698185
33.15904448604518 37.58046343918225 -3.3499999885775136
34.380955982997634 36.86947101385967 -3.350000025088259
34.38095568803125 35.450526371769605 -3.3499999270197933
35.61004914103047 34.73999977904874 -3.3500002719767394
35.610049098168645 37.579945719797166 -3.349999923765763
36.840000005197865 36.87002260479144 -3.3499998717157533
36.840000013416905 35.44997494845921 -3.3499999539404826
38.069950774809556 34.73999978429552 -3.350000468157439
38.06995092703649 37.57994571139578 -3.349999881853225
39.29904403309502 36.869471035491394 -3.349999875975266
39.29904435336799 35.45052643461807 -3.350000148584912
40.52095564996135 34.73947978761397 -3.350000006153807
40.52095548256927 37.580463465095576 -3.3500000409391104
38.8134807238448 34.33889891338211 -0.9516768961949262
41.75004908687843 28.359993728674272 -3.350000351874576
41.750049239609204 26.94000863309716 -3.3500000347501304
41.750049588456804 32.61131707423308 -3.3500000417413034
41.75004962718196 31.19868294119138 -3.34999994142931
42.97999999619115 26.230085179312407 -3.349999893301727
42.98000004278772 29.06996909954537 -3.3500001440361205
44.20995092243408 28.359993823620393 -3.3500001498098584
44.20995077221479 26.940008617167834 -3.3499999598553964
45.43904450354952 26.229536603182478 -3.3499999543509307
45.43904437176768 29.070520211066764 -3.349999851905557
46.66095566588876 28.3594736363966 -3.3499999010853356
46.66095596490197 26.94052896167947 -3.3499998658288286
47.89004907016002 26.230054276747858 -3.349999927921885
47.89004911259967 29.070000270660998 -3.350000446414888
42.98000000779985 30.48996682593025 -3.3499999044094633
42.97999998413201 33.32003322722122 -3.350000048813162
44.20995039588296 32.61131706120325 -3.3499999843641093
44.20995038284414 31.19868292118341 -3.349999907784984
45.43903977087764 30.489413008259547 -3.3499998762125283
45.4390397658376 33.32058696941068 -3.3499998918808513
46.66095977030917 32.610803659436726 -3.349999978172619
46.66095978110317 31.199196307269407 -3.349999985776643
47.89005006782865 30.489935135581618 -3.350000132737457
47.89004982438587 33.32006467960875 -3.35000052430376
41.75004928726028 36.869991362842995 -3.3500001265346615
41.75004913595015 35.450006173133026 -3.3499999995482446
42.97999997843447 34.740030946020916 -3.3499998391805264
42.979999939895244 37.57991472525527 -3.3500002534585493
44.20995077306673 36.869991316912596 -3.349999963215573
44.20995086166029 35.450006208100596 -3.349999849053992
45.43904435102309 34.739479799529214 -3.349999880578489
45.43904452254003 37.580463433553376 -3.3499999448999738
46.660955967062776 36.869471070988716 -3.3499998651514673
46.660955659028055 35.450526385755275 -3.3499998769466623
47.890048759396684 34.739999925573535 -3.350000768910947
47.89004908592817 37.57994575216972 -3.349999876274113
49.11999996757116 36.87002266063837 -3.350000103928955
49.11999999562032 26.939977397053113 -3.349999973813377
48.863570122380736 34.13563854817492 -1.2013157635360672
41.72912268573739 29.36260881598001 -0.8862753150212299
29.367204528900704 28.628961862755308 6.1337448102790475
30.464852146651126 30.237815941386334 -0.08459399711385096
28.043566932115144 35.59208912245462 -0.7014296929495389
30.580497162770406 35.16430831606514 -0.6959861983720794
27.40893226425859 34.51309612335345 5.322170310536992
30.34758358737706 34.86069137019076 5.438219610957936
28.14490381824437 35.60307275164609 0.9945076704243094
29.01192632691121 36.82806708853307 0.0964734331512429
30.451135505643023 35.01241991859163 1.0540962739865523
27.57725272001257 33.28152258577993 0.0354933656609735
25.53836099387294 27.89015114156547 -0.3227127755649506
26.324499753415555 33.00387338067395 2.1912793333992853
29.922970610745075 34.84998611360276 0.11454473035774293
29.492445971426882 31.478269881751427 2.7525691472618896
29.716885879969414 33.36489311874921 0.01837774411624471
28.52933247097923 32.77225068643245 0.011280139465646988
28.848763658333066 30.773713465946965 3.2792315977504582
28.627612382977176 28.621763704474684 3.491093486720521
28.706387195011185 31.485388986642782 -0.15644737747297466
29.407677916340635 29.36147808314148 3.3110368231574503
30.480938782326625 29.222848263946357 4.383077142671898
28.673375379515356 31.168839935426593 4.279838426025755
29.941046681171372 29.069786565493487 2.406308234236371
27.871383107611145 30.781630035712627 2.796774773781042
30.511740377812973 36.044327872724814 4.780126354674196
30.708178805740786 32.38644430182148 0.07890989735500842
29.636167976351672 35.96648904078897 3.6899966733473066
28.754090435749166 35.769044005431205 0.10600037840541976
25.925683066524833 30.61377580534862 5.227059729114153
25.947199453023472 29.21208107783287 0.02430544397863943
30.049814021763392 31.234513124673324 -0.0574263746061876
27.962312923941507 30.835144007723823 -0.36533717256557074
28.053624857715675 34.39926100099638 4.463209877892691
31.49964615868381 27.857789557427473 -0.3877539087367077
31.761580563209332 32.502642275243744 0.2868588534164951
27.097715126685824 29.544549247338992 -0.7054737701990843
26.22199244452996 36.77436903253788 3.550117753994979
26.908688886530406 26.79371011312332 -0.3180572602854903
28.979069487389495 26.512420547670896 -0.5498202235019911
27.679274319596555 26.15458385551878 -0.18458172999407219
31.80781789105872 29.535665596116345 4.159008070914836
31.805368434569246 36.106177219778445 4.227150160394361
32.04388295404989 36.89439386993639 0.01589859940975602
26.084029535438614 34.54700789283753 5.180437851432349
25.086745875950363 33.977630400367595 0.5511453927178256
26.285276394840757 29.286642780066888 1.3529560016675124
28.561049411627636 26.287318271175366 5.4752509016805195
25.641454835720438 34.53633053028597 4.2726308074623995
25.390832130246036 30.025990819329564 4.1635846789693085
25.353318281864283 37.05283861996209 1.3789362517519577
25.035303840630657 33.33257538604079 1.7988564927862638
26.242514224758924 31.64015699506635 5.339129664979359
30.31736619914409 28.89975915308473 5.6975549113289405
25.24469744163619 28.66565909734474 4.384287769931396
24.753055149678648 37.440971389308565 5.248957728972378
25.537415732742147 28.451476336145472 5.624171247651798
25.177239668226623 30.548591025584262 3.2428961950049695
25.392542000281075 27.374698415231418 2.742835942106616
28.990397595141513 25.577171720174046 3.388836337981017
32.400795520739806 29.63481920684303 5.388801338079229
24.945812230193336 30.13655052703932 -0.26029562810376716
25.935409475147992 37.73967345756084 4.507650280322741
31.987220956964144 26.55185764504776 5.043005584039621
30.15131253461824 37.174991526302634 5.546079741583974
32.661079700046535 28.392946208876374 0.11657016690407529
32.74110850809635 28.233756197496053 1.4749529919727766
24.60260933608124 27.70912926366075 3.4153405102032663
32.24063243369477 29.800345393519546 3.205584672588663
30.72027838956205 37.77038126712921 2.1201844928714175
26.966662809545863 37.93456911448547 5.461986824209795
26.064195238834337 29.56847773825801 6.141888952116607
25.524615233828925 27.47924192402392 6.0942737844496175
26.777086512060773 25.66816790006895 4.0964659217150645
29.234876209697283 38.12502531102033 3.970969648385135
39.60958176433701 29.560730172098236 5.899396538617895
32.79685336986034 32.61667781648712 4.8219137096309606
32.83446647868896 29.7646914722419 -0.13957766638143188
36.26891209633152 34.78547479780742 -0.5914397999436549
39.112966933854494 34.62555447209523 6.16816398211839
33.40655799279534 31.89117926463859 2.7937140650229777
34.11825349776691 37.51683041985657 -0.3191107661846282
38.3627898172627 31.813984953344477 -0.2576441568399346
36.59166985044951 29.90501301450183 5.982417280633695
36.72592427442771 29.70929112626676 -0.31233384810832043
33.56172044238383 36.90377734343166 1.7512869370376727
33.76499189949319 27.71767221277506 -0.334506445506354
33.883504083300444 32.498655121546214 3.939106875573919
38.35259045954402 27.836044809567714 -0.02908608929269363
34.44591346615224 26.629383225373722 4.133109895410984
38.40371743954883 35.75887863811537 -0.07573984754446927
38.892433409540665 34.36481139554642 0.8202316213074801
35.164694440215364 27.33159104832614 5.075573105798843
33.3284824223293 36.632240260045435 0.3941890894207578
33.66740306007787 35.33908990049804 0.18823958328183177
38.465403716704095 36.41921626655091 4.6600983120857
34.3486291974206 33.81968686350844 3.7103849689766824
34.91816022344166 31.74066519753488 4.477867374281903
34.38899683532888 33.11302752367681 0.6477616117000573
34.19309178631507 36.05543037501773 3.8768226207237744
34.35547192875237 30.740192517680562 0.28620361506884406
35.23525476255558 32.48611833832269 0.40852868352734273
35.232639486169035 31.21840624107344 0.13791770565193429
36.516366837935315 34.725365369991756 1.1514733337072547
36.505739797584155 32.8919317573287 0.22737177606369507
36.869762659034215 34.33348041610823 0.19772411247645394
36.48989311378617 30.739634600576405 -0.09079013650467482
37.40510820058819 30.290084644698936 3.905851841443676
37.29997637472035 31.795383276464403 -0.0666426805190723
38.077760035542774 34.09174081990634 3.403199195438301
37.93655917481591 33.01776918510468 3.5246374290185756
37.07984999885731 32.702316395520256 2.9291217488017693
37.805245836700934 32.89737751515605 4.599980468726478
38.307437777541665 34.673543262221166 -0.04611977685644031
38.37804351147465 29.908210067645637 3.6338799896068608
39.21234307176797 32.300876797350845 3.0578426337079967
38.4392489933874 27.722887830226146 3.87744981635167
38.87530004643354 28.646847976186205 3.5273682147349437
36.40156493678747 36.40172101508902 3.0103175108373947
37.26102880440707 37.46238410593765 2.6658532646630126
39.3113172875376 30.78501743693793 3.130466743513481
35.44236280275002 28.583053796384522 4.519575214505385
39.39060290324881 32.48327027808428 1.9980992445119272
34.442260091636186 26.87840018555697 1.827076945188213
37.78011225090649 26.814932114773665 0.687265078726238
40.095899555004294 32.62859531632483 3.60559121972726
40.16835452418972 28.76078318960521 3.142899740273555
40.04676626662481 27.74053999043996 0.07363187983388642
40.36899850560474 30.02168185208687 2.913700598866428
38.75643037056887 26.47283441706953 1.5384220037440388
36.39806435876594 26.71270675195394 5.3556681471177745
34.344251717424584 27.58385485774421 6.168585677663566
36.98561379428864 37.72583763568076 1.2987419037771764
38.62525069889417 37.09948278940852 2.882856390679981
36.611140445697124 27.340402320994453 1.278333167579786
37.5481095993568 25.7854569019363 -0.19698000100616953
38.39574529774929 36.56193705203791 5.657534265933888
39.7542071886877 25.680212537124348 5.242713314622355
40.83938393388355 28.006874287592783 3.180858912953466
39.575095599775906 37.68835847216406 0.4928602121950587
40.60910012981907 38.01915896215323 0.3953631985051054
33.40583963910665 29.9778298863028 5.585346482787866
34.75620118345668 36.29011556527109 6.064985103424107
40.80108395175197 31.640778051387713 -0.06203957702473839
41.44079715116287 36.19196631005391 1.219693631742832
46.77122625119539 32.31739567312817 0.03689254969404754
44.00685751728068 25.70645718053984 1.03057476390354
41.17721451641788 34.95617482477534 3.3477416159609374
41.044567305171064 25.58043077963022 4.8415908677200505
43.541098812666604 38.251623178291595 -0.35940137040053055
46.99237049846815 27.13990349864912 6.213462577714978
44.874400303658476 38.107339095975924 -0.22261292165091984
41.25855106340834 36.161942676763324 -0.5320135725747377
46.50931873631947 30.203051991433128 0.0967779775840738
46.01120934329021 36.58999469690598 0.8739274495931315
45.143424076553586 36.913215664429586 0.4707191449324044
48.32230602835709 27.38528417099346 1.8315198841599234
44.72951542820743 26.32449836820407 1.5633886474415037
45.93000358679117 29.294248273868426 0.1665616465798203
41.2500617674986 25.69267406938599 1.182544890312699
41.67972234784603 26.489002798391322 0.5929243843524867
44.86684364108808 38.259288432071756 4.1356473946051615
43.20744577107955 27.80531546907932 -0.24336449261529558
45.51249100183879 29.564058208750712 3.457095537533413
45.56315394034053 33.5319831075243 4.27415753680367
46.13837728567119 34.07402592087841 3.121526930984687
42.979727940522245 26.588724075562716 0.42346990943608165
43.723181185077166 35.45303460407161 1.2094939864929632
42.01722909550538 32.6529590528072 1.5936150965921414
41.35019840829437 30.36796193999456 2.6243273940296996
41.043863441451265 27.57961910345739 0.074932658157143
45.02920905153303 26.688118905161325 4.659429235839804
45.18207444170506 33.788661307731005 2.146078789554733
43.96203306755588 36.37315638352162 0.6969262454197445
41.33686012864876 33.8410253918876 -0.25020579673609933
47.71955368309909 37.726040683091135 3.043780312234542
41.902933897406875 26.18693409952229 5.784509858964643
48.916865496219614 30.172183993978365 3.6895097090468862
44.02310949025514 29.74028195948581 1.7599632698974632
42.03945714681534 28.43689200702619 -0.4246034489919537
45.85170914253372 31.416007784784533 0.06124908108194105
48.07093307073469 26.95990235493192 4.786766373707486
41.17746698143575 26.2207778377619 3.6068166238606922
47.3653845460208 33.50015529854637 2.823936915536059
47.09324233062842 27.289328321538136 5.13847555646085
47.814771398678424 30.463014263163497 -0.12854418016592817
48.8976594547238 26.574767465290783 -0.20256199051668866
45.99248555423486 26.9414314195881 3.2066648594000324
41.78765907191025 32.59447465043754 0.19680616712205556
44.85276710423081 31.502082229591853 0.18292896462125952
46.56314925788243 33.376897806339485 0.013245254849517663
44.89504749550374 35.855180795439914 5.841793303185323
42.99317060678674 37.12566206792539 0.14688438325718867
44.177390324696596 29.720490223053414 3.122851151161432
41.762300072072826 37.10755409406767 3.405549844915444
43.32897864486664 28.770386060038124 3.5745678113795742
41.438644454474165 36.02637596075859 5.406910886484699
49.05307334516814 37.71109739990874 0.48890563428281686
47.95459674046862 31.82878468731905 -0.0009335064720550346
41.88935084161908 32.49566330985876 5.509988061343533
48.08161220056093 38.14324602685163 3.971817666581553
41.5507356795377 36.78608714532321 0.31248144400342626
42.94034796283912 29.835489741285365 5.967967340188622
46.13456583759544 31.094306540645135 5.512214022213745
43.000823338450594 32.298162075158146 -0.461610880699016
47.81129834639393 37.03089226949884 0.6077244830215778
43.24452599454196 33.15115205954158 3.5422790561924566
47.88864438235208 30.28666435808147 3.3795813508748385
47.08759644489715 28.369186359926733 4.990236759631367
47.911493985453795 26.634955177597053 0.7785110864802391
46.307250476352685 35.44160624142315 3.2001090994300005
48.64778188618852 29.783838561883645 -0.23443985740297046
43.702042983801384 30.898277745659318 3.655447552165345
46.74729293195508 27.16998391915458 0.2444220279567788
46.01675629290439 26.543754321263627 4.221240562466001
41.9060726716001 35.9167371980947 4.074263294182963
44.22624897600174 27.98845438722049 -0.5514231985502027
43.26138017506319 35.538371109695305 4.125521526466102
49.04570080817238 37.5688226690615 4.687545966533975
48.786232898503506 34.506782963753245 0.5670699014814629
26.379577654841885 34.51080796562685 7.27155779694761
26.1636106956811 34.52408438660283 8.710847460781148
27.87291880456859 31.15781848256169 7.486815072197546
29.16009825356525 31.35469131955659 8.033682662349538
29.014722970253278 32.133061497778996 9.199063917086754
29.6168684556978 30.061311436101427 8.414299315835414
30.00417539910125 31.955699812325257 7.092245342646592
28.562530005031608 34.218963111681525 7.139864183983291
27.767061285833094 30.10607360209369 11.663752766441139
29.943518969669668 33.07838627281765 11.168493307923814
29.65051096049251 29.21658004300667 10.567395233822678
29.456790170866974 35.09348193659877 10.092482812341235
30.334306062862034 35.769008706012116 9.224706930942265
26.612095378277825 29.60071013099449 6.989748911100115
25.913791886511518 35.926653955626655 9.258246056605321
29.602590457063723 36.652938710519244 8.5048743405313
25.395460476113414 35.84356596902038 10.213509860742407
26.883926353844824 36.4139176448689 9.355781754819699
30.916481064656594 34.83639763401312 8.274964842964986
26.954639567913663 28.179829553789933 8.272522065650229
27.627826487255106 34.40030359415689 6.630114281330004
27.656210447248334 27.265020152669607 9.00405963420058
31.654700266632638 29.30574076206813 7.351672138532032
27.9683475728703 27.84325727646542 10.139811577676518
31.46908351557474 26.96047430539826 11.315924332141766
31.299353429639257 36.415112970052704 9.991583365403887
31.81720477083494 31.495379699199415 10.400286154186006
31.75540464117477 33.43912450594167 6.665113282772017
28.335006080570526 30.923966260147957 12.595528912206099
31.44425784288826 27.501265658902454 10.005862747734561
31.882875928074906 26.521476845837952 7.5406057790180885
30.681814795013885 27.823865633707488 12.1098566457416
28.048227088321408 32.271948976626945 12.394507918041274
26.9975353020114 34.10492703258219 9.273854444566084
29.657299408544574 30.77181489904193 12.409347465890443
28.707162379466133 26.916698639508677 8.168172888700848
25.2685882598185 36.59656784051854 8.689890827076187
26.878355989341095 26.11466557745079 9.218782929985803
25.26801470932391 33.96076239512258 8.972908833962954
25.553310005181665 31.0037799050937 9.245384971304347
25.830305143668138 27.349998150111908 11.929921805203925
30.351370822029544 36.646400251431096 12.800716695997622
32.71398264086559 31.84424705740836 8.311193954904416
31.418488954636512 29.270082345075515 6.3703298469106056
25.45690346358169 34.60705870395292 6.322193564634736
31.758958298860186 33.31437752902471 13.013584752797438
27.103465942293564 27.698946263881464 13.096065011878384
26.20019421613936 27.112644821515246 12.927391339455815
32.50753955399189 35.37533942726129 12.647661502693126
31.07917371683782 25.6639727295569 11.466520277486515
28.26189046545717 37.586010181100974 11.724081554229278
30.26983435553592 37.61521920138762 12.527144682028288
24.783298206879543 27.978942014057836 9.689928424397106
25.188237718950155 31.419799545764462 11.679209780134036
26.515909207645077 25.67752058660119 12.88134910028062
25.126077195186056 29.70115671873459 11.585159725385298
29.21430755093701 38.0930500528193 11.771116262225306
28.211522968772268 25.702386656337918 11.589066806245661
24.628639353471677 30.60185257483294 11.225434040180266
24.563405649271978 30.834379649296014 9.669051018974235
35.11878860239673 31.807249973446257 6.285380506940362
39.31043307994374 25.924357158063565 11.92082867948631
36.43099191551137 25.55191264468786 8.103297887137462
39.52032941836663 25.73286575284986 8.59912884900548
32.75170919432854 27.112902503037247 11.75013607358601
32.856198006769404 37.88108160934304 6.78411920525666
32.88463477466601 28.735065242849032 12.795230611058162
33.124573729988974 29.626161416043796 13.205689997368172
32.956013534524914 31.918692628716396 9.655210827734619
33.22085021000291 33.263533858875 9.952939057022022
36.62724438233985 30.535893262443867 6.858273755995253
36.52438807966578 26.26695455248048 9.298202565655497
38.25306100674537 37.72129224080684 6.449496022516875
34.106339226603815 28.439452980080848 10.288342726585178
35.664285705221964 37.60997704207933 11.56807212048371
33.99663492385479 31.038204094708405 9.904226773536156
33.547620716522225 35.743010806070416 10.457470597843788
34.7397885411978 35.42981660974948 7.188150961608305
35.33394305401205 28.684345265294823 8.973003677388894
34.673712858583684 27.979951789983396 9.478993717781881
36.05721979930208 32.13306895864596 8.154369246768361
37.085068083530764 31.48838467260655 8.668715317864118
37.53512078111445 31.667525952657734 9.633992983183198
37.490469980410175 30.456860475447844 7.8360632654994085
38.475527381644895 28.99862442655368 8.699705227529165
38.738404169737954 35.98688959621959 7.706953027409656
38.75728585600068 29.69271252091119 7.907901034918687
38.796358791388876 29.513632951730038 11.75519295880867
39.254075401382664 35.13691396663511 8.79682008193524
38.43895181757419 37.293035705567334 7.7307626075243245
34.23132085406696 36.07292460299258 8.2981291907061
35.820962835601286 36.272960013317324 11.853216830779784
39.208762935469196 34.104429909904056 8.450376070249582
38.3786930843555 35.21862886465739 10.085053334406918
37.324636247526755 35.26484142365274 9.811322473670621
39.46364163034795 30.408646452009013 8.328139213103327
39.27679580614446 28.962258739908496 6.747444562624612
38.391948167949906 37.835868826589234 8.663244703673113
38.934636468534826 30.89014021666823 11.492915020169168
35.48398770150814 32.967419397895895 8.530752437868884
33.9938440889182 27.537641269113966 8.750818011555078
38.55621730615982 36.118184202383375 10.6744473834857
35.49614115571118 26.897164077112503 10.086969708411697
35.916047822293486 27.298228341303826 11.00942612887582
38.46341607838823 34.29663727505314 10.660252015727927
40.302471614575914 35.38937806159973 8.955651001728562
34.80677744253118 26.096559329046297 10.35512956493371
40.13986718584325 28.355425290543398 7.021234551980859
34.76887408485776 30.15315458551412 12.029517916185338
36.29097442988021 32.19870551979081 11.677267699818092
37.78497190634549 26.37665391806936 9.523374044125688
37.518950040130505 29.116447613410134 11.301809726208235
33.959031541041654 34.2776757373101 6.943558694543935
39.84169899623386 28.826102520613368 11.103943583828828
36.41331690007294 32.39775696248857 12.741932362114898
35.848108873587265 31.564610771488187 6.940604254730981
34.62407659747425 33.52912544169559 13.013599294518523
38.12327850580562 26.963091857243597 10.364824689295606
34.11631796339792 30.360271077968736 12.864786296344866
37.059553257899864 33.266679799090305 12.866237124461804
36.612087809375126 38.04949783792145 10.64734370570752
38.51162538377286 25.73329849352352 8.650275533297279
34.34564805007934 37.83052193857079 11.179838133257437
35.99164894033939 34.991169631612266 7.528362587777442
38.98722315324483 26.98363795905022 13.290519415399931
37.00194002442644 31.57752777653968 13.152842206230357
38.51893689867856 28.245145005852265 6.432011893406923
40.81729402221798 32.957924034137754 10.496237393946366
38.90853661056388 29.28957836533342 13.092689575620115
39.385151838747625 26.009896964816033 13.004895120518052
38.677268820788306 35.566603298657284 6.469816531017023
40.844301994241775 37.998277574101905 10.053448603382687
39.798621234646056 32.159322762397736 6.38478236226701
40.967401361181984 38.278835030109306 11.465654266259538
48.949302647303824 37.06364778655427 12.219429358294667
48.58007808020765 30.22000211759954 12.392279034229563
41.339792089745764 37.154152843029706 12.079879520604777
48.78522655569488 32.78120801030859 8.206887532214154
48.75556129174722 31.125895830627627 10.150423665302888
46.02325473949445 26.319015177631808 10.436842866077304
42.318311782455766 28.26954270114445 10.997600010262323
47.01965581644104 30.698251105235023 6.926834224450626
47.23239766365602 36.07669680978014 6.8735185093638105
47.79263526329819 30.736022933452748 8.769068225517607
48.5115837423781 37.30898810945324 8.475292292893359
47.02276240119274 37.277088671505105 9.474355861278738
41.29772731143391 30.705691272647297 10.218525702054421
41.63856667750353 33.24373406383406 11.15344653314544
41.270665432140284 26.542400109030037 8.794817129838883
41.23999588322762 33.66221006832888 7.306144040381648
41.59021520295703 31.491030107825004 7.61489424968521
44.62626733078757 26.76194771914465 8.262587168862275
45.63287406740648 27.604019013004738 12.286489451299724
47.32726318358091 32.27140170402027 11.698831222158303
46.90110753332735 37.76706834612928 12.445630776949251
47.03372823168987 38.1482883432087 7.935661898943586
46.39518164972637 32.90486667291188 9.676554164987976
47.76407575087798 36.82211909946634 12.745454428208213
47.06079175650219 28.25286326594903 10.70801840018215
44.53253947271588 27.747092365128744 7.830030681114399
47.42220828042884 37.27532935103648 8.46018630229555
47.412377693343224 35.18767978207573 8.383435426591367
48.11239133560861 34.153792978583446 10.787870162327177
45.1726161778528 31.716839066135147 8.349105390011173
45.000910584207524 31.29317902240385 7.359595733621336
44.668101286124276 28.743991680938926 11.743480947987488
46.8760917077433 36.00492087061208 7.90113433276404
43.052875589742584 32.834049071018356 10.690013199603369
45.235632098057515 31.168517894101925 11.737205045939032
42.26311977111978 30.471515058165128 10.642293208286574
42.73790792247187 29.26464076949281 11.008504763294344
45.905201898172756 29.16846128770377 8.903147100687649
45.361955233936854 35.84789765175965 7.924398950426195
45.11362110943131 28.88720202526836 8.224403347723797
44.55535817530712 35.856236846391184 9.06173562565701
44.32379132551832 30.730457818016905 11.358985830067867
43.29256863686241 36.004034695364574 8.693349488582411
44.02865375453627 29.460329412326217 11.430324263698331
43.209882808149736 31.413927584994216 10.94582324060985
43.32355720989293 35.92390049351073 7.310147408564878
44.55576451033136 29.90484251894045 7.424147814441643
45.002084112394854 36.03093609162018 10.029369911323817
46.95020123719081 33.37886848448579 10.932071945542024
42.42737523789372 36.24470236162128 9.29328236548324
46.02088597985718 34.0868638536187 11.600359047630205
46.587754748554 27.1633469197632 11.361548388470892
43.088151411318435 33.02279617148513 9.61705926369723
43.51482814033638 28.02716651956747 6.9055788036648575
43.872794553278425 33.383806782912394 11.152181298657197
44.57104826179393 35.83893288714095 6.8719197526965745
41.14082395598369 32.42692211994705 6.701961055337912
43.62854341631789 29.341969379660668 6.638209587767811
44.29836922140888 31.9420627612365 6.836637296272242
45.497722579252155 37.79833478256679 12.818650434319654
41.52635325793705 34.32754883304411 11.18266458370933
41.37984904910251 32.85497898930895 12.138349919719811
42.57656020964006 35.89820615698471 6.630857129934476
42.92425172590271 27.35434015909656 6.43800614903172
47.64524222451059 26.54788509378532 11.981591024762006
47.46925825173783 35.9310477924813 13.27975262964095
44.933123935376486 37.69306836872463 11.89223403024705
43.09348206404754 25.97109920787047 10.149677761569961
48.82237394241851 30.9014728008338 9.08587194095077
46.66144005523812 32.438761113183226 6.454242581750234
46.2953663078382 31.415765334821366 6.541246311509694
31.700300949270744 34.61519507080635 13.485055200052212
30.392714162711105 35.06709295239879 13.333613121292323
25.08463393452162 28.666499091589532 14.076230470455686
25.22773252694002 27.587501611516505 14.018030547778686
32.64621025785704 30.16987622445679 14.397069267589519
27.944222707325697 30.5422750007651 13.86419054244562
31.750714334280183 29.792817524493604 14.868570898111436
25.704148418087133 27.283241468364935 14.94999281314484
32.143314491572674 34.675544425625894 14.799035968634588
40.75044478448277 25.772630378966745 13.390415239969194
32.88346005409828 32.17162445804129 15.205820221721156
35.39595843047055 32.93542327499971 14.481355867270597
33.18929659274561 31.364871863203923 14.556193973526474
35.092591336623 32.6581294477978 13.471813129153103
34.14573832428346 31.49488478606776 13.61171329744301
45.265147507271315 36.94069393014892 13.449888111103068
41.6810412396835 26.711780535028105 13.65743647109225
43.838604278999036 26.595479891627907 14.056859332320355
41.40134277314111 27.75459834383092 13.68388992889945
42.87624836022444 26.165403195131308 13.82168892450803
25.789945918689288 38.99945564787566 -3.3499999322484753
25.789950759967294 41.830008644648835 -3.349999871741044
27.01904450841122 41.119536542876084 -3.349999881083854
27.01900532446986 39.70108178856073 -3.3499999469719577
28.240994673575894 38.99891820547959 -3.349999902860227
28.240955971194307 41.830528934558245 -3.349999893849577
29.470049088889688 41.12005424602895 -3.3499999148835116
29.47005404688741 39.70054433719274 -3.3499999501459063
30.700000004592592 38.999489813067875 -3.3499999581689286
30.700000003010246 41.82997734786146 -3.349999893626828
31.9299508837662 41.12005427469244 -3.349999996726046
31.929945909056016 39.700544310838815 -3.350000027682084
25.789950878917608 43.249993821149424 -3.349999882658853
25.789950372651884 46.08868290561028 -3.3500000687573426
27.01903973048911 45.379413069993916 -3.349999989910909
27.019044332693216 43.96052021146853 -3.349999962206127
25.789950387459005 47.50131703429358 -3.3500005000355184
25.78995078510736 50.339748085915936 -3.3499998812184426
27.0190434661176 49.629467983687896 -3.349999957325119
27.019039789967056 48.21058578909818 -3.3500000611125325
28.240955676557856 43.24947364170891 -3.349999903084202
28.240959757905546 46.08919634400469 -3.3499998777400974
29.470050035223263 45.379935136573216 -3.3499998830009217
29.47004909009745 43.96000028471984 -3.3499998963244213
30.699999999138964 43.25002505131472 -3.349999902825782
30.69999998798043 46.08865189160676 -3.349999887169066
31.929949938300986 45.379935124344165 -3.349999901279037
31.92995090435134 43.96000027155463 -3.3499999004975303
28.240959769986787 47.50080363798163 -3.349999932900168
28.24095646059308 50.34026691904903 -3.350000063303761
29.47004928900668 49.629988278501195 -3.349999939583359
29.470050035671626 48.210063726544185 -3.349999873624233
30.699999978443596 47.501348080085705 -3.3499998836274933
30.699999983874985 50.339716875140695 -3.349999880871203
31.929950637208524 49.62998834080675 -3.350000161230635
31.929949883618306 48.21006369617385 -3.350000125502416
24.560000005126128 43.95996909740795 -3.3499998548859367
24.560000012698016 45.37996684642562 -3.3499998486620775
24.560000016004846 49.63001958916655 -3.3499998621960767
24.56000000177873 48.21003204050681 -3.350000055253579
33.15900531382242 38.998918200016846 -3.349999927676035
33.159044033635055 41.83052894840722 -3.3499999021482885
34.380955487107244 41.119536567324474 -3.3499998888445304
34.38099466860817 39.701081793212154 -3.349999899793085
35.610054050443125 38.99945565640634 -3.349999909978062
35.61004923263779 41.830008647903604 -3.3499999945136603
36.84000000070408 41.120085202939634 -3.349999904983302
36.83999999853203 39.70051019257625 -3.349999898646785
38.06994595252392 38.99945564900072 -3.349999906406084
38.069950783700705 41.83000864610718 -3.3499999481931484
39.29904451726027 41.119536577253236 -3.349999874610691
39.29900533830974 39.70108178708513 -3.3499998946126253
40.520994691730245 38.998918198601004 -3.34999991600033
40.520955966601164 41.8305289401536 -3.3499999242053144
33.15904431334786 43.249473621142656 -3.3499998861863456
33.159040223779755 46.0891963183273 -3.3499999047423215
34.38096023587662 45.379413045944055 -3.3499999711797654
34.38095557644973 43.96052017258067 -3.350000304390268
33.159040234705785 47.500803610922354 -3.3500000525606666
33.15904352845408 50.3402669669864 -3.350000025441463
34.38095654367164 49.62946799774966 -3.349999928300871
34.380960246788746 48.21058577058325 -3.3499999075732765
35.610049117560614 43.24999373311047 -3.3500002629014283
35.610049645272234 46.088682937419804 -3.349999893377411
36.84000001889985 45.37996685958111 -3.349999972239038
36.84000003738001 43.959969071819934 -3.3500005011959355
38.06995094842361 43.24999383105452 -3.350000082913762
38.06995035424322 46.08868293027761 -3.349999919981266
39.29903972321145 45.3794129789677 -3.350000253277531
39.29904433327802 43.96052021057123 -3.3499999803730383
40.52095565580584 43.24947364394283 -3.3500002218451375
40.52095981780699 46.08919632596335 -3.350000244847929
35.610049634988385 47.50131700568664 -3.3499998943556966
35.61004921613235 50.33974808955684 -3.3499999374587364
36.840000001828514 49.630019590070916 -3.349999894578124
36.84000000293755 48.210032019073644 -3.349999919217519
38.06995037268322 47.50131699862714 -3.3499999032877747
38.06995076667757 50.339748065158545 -3.3499999587242337
39.29904346916926 49.62946797967766 -3.349999918233798
39.2990397629465 48.210585770198854 -3.3499999175168393
40.52095980395548 47.500803639879905 -3.3500000331825106
40.52095648771023 50.3402669111017 -3.349999922959946
32.77331944808128 49.21732776678322 -0.8473705340018278
45.43904020848007 47.50080362709598 -3.3499999201393713
46.660956557912236 49.62946804354177 -3.3500001396874857
45.43904352722469 50.340266929660515 -3.349999986759873
41.75004909346678 41.1200542542169 -3.3499998773261574
41.750054046868684 39.700544343178315 -3.3499999089350965
42.9799999503729 38.999489870700444 -3.3500004785461024
42.97999996130472 41.8299773698039 -3.3499999320087213
44.20995078523091 41.12005420096239 -3.350000746906918
44.20994595794687 39.70054432622817 -3.350000056839393
45.43900532751404 38.998918212666155 -3.349999989397353
45.43904412640652 41.83052900977936 -3.350000332666699
46.660955497862695 41.11953654529676 -3.349999907275146
46.66099467259212 39.701081774184516 -3.349999880465341
47.890054066628316 38.99945564973826 -3.3499998656815944
47.89004924477459 41.83000864032985 -3.349999881111353
44.20995089170049 43.960000271283036 -3.349999886499009
44.2099499371001 48.210063723567785 -3.3499999323709853
41.750050065230155 45.3799351127365 -3.3500000928794638
41.75004911576514 43.96000029719673 -3.35000004581289
41.75004928273932 49.62998828679671 -3.3499998972659406
41.75005005832383 48.21006371047659 -3.349999884784476
47.89004920312515 50.33974807642828 -3.3500000265942176
47.890049636511215 47.50131701980156 -3.3499998993244864
42.97999999467263 46.088651884101736 -3.3499999150411073
44.20994993155827 45.37993512139927 -3.349999886945393
46.66096024283441 48.210585741032325 -3.3500000670346375
47.89004963246305 46.08868293900395 -3.349999906344159
42.97999999495561 47.50134806953964 -3.34999987464204
46.6609602381013 45.37941302010279 -3.349999991657188
46.66095563806344 43.96052020273905 -3.3499999324046934
45.43904021310314 46.08919632810212 -3.349999900589049
45.43904431518247 43.24947364638179 -3.3499999103470257
47.890049120301 43.24999380185472 -3.3499999157656535
42.97999999162829 43.25002506008896 -3.349999887110463
42.98000000023113 50.33971686572333 -3.3499999242314926
44.209950715173086 49.62998827737173 -3.3500000110988912
32.64029611253679 40.364278731819795 -0.7410458186755864
26.802096092983795 38.60084544479353 -0.6366518647994024
27.15548795915154 40.23225627677428 -0.09745497572109407
30.160432381153058 40.50991729163228 -0.4799891211724172
26.087436722486732 49.27310617844154 -0.6517533146383259
27.57000702713366 44.78104695266309 -0.6752964149514407
30.575419421926593 38.80506788286256 -0.32549823669008937
27.725543905066292 45.089764749821555 1.0518673831065506
30.716255250520835 39.789684802902265 0.12036585742096984
27.024021199121595 38.92709547322828 1.0436884484758158
25.566283607287243 47.0334297161943 4.349981322166392
27.96617061586514 47.451628717198915 -0.26198063166049557
26.822270367069738 42.88153018613121 0.8555367937713809
27.00808635038867 44.93965974122327 0.24513127744678953
26.319656298266814 46.170597381673836 0.14543680465286535
25.907970155346664 48.24653720341807 -0.36829627945363597
26.893300415040958 47.39948941489793 -0.1495927972344413
26.14416095103214 43.70222758662759 0.62160646933349
27.479987472665727 44.90656861220414 3.465633548161583
27.903948004369102 44.00874674256938 4.362455552800747
28.038975844027696 40.44465741214845 3.8636786323211636
28.29704256725128 42.901449334048934 3.686903925283663
28.711667553572493 40.013525362208554 3.13703496489118
29.041301349756548 41.573415292002636 1.618229445872763
29.197677635996985 40.56995340221518 1.9856674581064682
29.074120594255568 44.44159033145041 5.029061598275667
28.977657334966374 46.81101231680813 4.168610026804222
29.687758383474304 47.94967821976272 2.3994604254435234
30.82265399714065 42.90695198349051 0.31363708927691025
30.150774321236327 45.19113876908226 0.23471214565760734
29.74020277380304 47.11338101230152 3.466116165128905
25.786891999279455 48.16844964070518 3.7240081454865326
25.47249932436962 43.82561082890302 1.4711635510203802
26.513853230449755 48.84244960090718 3.917273305345926
28.89228969747222 48.54296833406672 1.9732721926031949
27.447388272108032 50.26439993624553 1.64855495059266
26.213712820127057 46.54576731560352 5.063718526886484
31.027574303932017 44.22457351447116 0.8050846996529171
26.58001318020972 39.336559622110485 0.13633185377245338
30.927677381997604 47.85303769654809 1.7558000253382366
30.662070190888443 44.080213527253186 2.1452949052053025
30.863491146749787 43.06565617872128 4.29108855053267
31.017208286576317 46.57076432323822 3.5007094830359953
30.0272840339659 39.64334801445252 1.3966083336773327
30.490244181834417 48.05282975429155 -0.21162240754404427
31.17336708835448 48.54844264651737 0.47816810837121415
29.24332343750063 38.787445707819174 3.208586632939834
31.697789240050806 47.01870758228794 2.4486941982618093
31.40992894614286 45.952129570195 4.195807696151695
30.055021596537816 38.61833992290726 2.1894630423645465
32.213493142062404 40.162985094579774 0.24151211654162008
28.48507484852861 50.01802762207551 -0.3322994662066481
27.995666691012282 49.8177774456444 4.301986346109202
30.885833725906316 49.59828960052886 0.5351412498487607
32.49551905374694 41.083410373279 0.752764198619551
25.06705373842868 39.67804084981278 0.282853191153456
24.974842207980966 46.36232443816044 0.18160610619418982
25.52714833076113 43.35008480839309 -0.2050681281762179
32.37942699473153 44.58207635078749 0.6937193850250167
26.881981111881558 43.69307439614344 5.221677118824108
25.810093710388117 38.902080929631005 3.799636305857513
24.679859744581854 47.58445619838604 -0.16874885885217572
32.113632790534886 40.919843978987856 3.4010960554269043
31.793909002013464 49.96437834996855 5.821456372380212
27.761817488383823 50.431974137005305 5.5520294194074316
32.14881916541903 44.828705594615315 5.157693286851969
32.55676367009434 48.45996285476511 -0.0939768885023784
32.723458241786965 46.74461614808479 2.2505099795216443
31.732692712819397 50.48607307865238 4.638738594278809
32.71842434692564 47.46991068649671 -0.5203130584109161
25.633752206026593 41.270990975101945 5.887487380937127
27.974852489671193 50.957205865075196 0.5650699718834751
32.72885463300919 39.30680397835669 0.6767780469174911
24.80608433061033 40.246493757159485 1.1755212484624233
24.775494831106272 40.26886682512213 -0.5854889479844272
26.550943232018327 49.954255256895635 5.984276063110251
24.68691168774628 49.37923156888218 2.3799340787590695
24.69987217448166 48.46926389491813 2.961475872696578
34.25027284581631 44.408382567813064 6.024327844218322
32.86191533921296 49.12629809604941 5.851352660812688
40.68909267633069 38.74000055956202 -0.418325061218775
36.72371834421974 40.8655106821883 4.6954228754062015
39.02646364627369 51.038414487725994 1.6892676813814023
34.45810300274075 50.86831914094835 0.8042980992546223
39.64646085548541 43.18547975858124 -0.556236929408932
39.47614866736098 47.83155717659197 -0.25719780057059327
32.86096002583173 50.056214320457165 3.920050555229726
36.894412974554555 38.563894242591864 3.4493953462965665
33.30725528066373 48.57407436730508 0.6882257100940115
40.38213877749402 40.97709317741821 5.4615940922173305
33.368818295478526 46.51681181622318 5.975552087343412
33.722190636007454 42.4291076773316 2.7824364647456745
33.485709083293585 41.14541284461971 3.270525404437099
37.32762077739663 42.8552493099505 -0.4500199033961516
33.540183240606126 49.17887971690322 4.661109451122463
36.72699433802192 49.76912182190653 0.7911730526074245
34.062297013327274 41.12468583831543 4.550927339472035
33.453079130883 45.31399010014914 5.308652764969969
34.37000127150243 48.530454045433004 4.4216388179145625
34.50544001017949 44.16635817800862 1.6136444230208646
36.915680937123575 47.41810695935072 -0.08704286687066132
36.56768558441304 42.86579421808678 1.6223282373731152
34.9695757651411 46.26827039466335 0.34485115921058296
36.10498730775783 46.855229763645596 0.885469007003612
35.68441030762626 47.86927203944161 1.7200016328242307
36.85256729547469 45.92175998997682 1.6409167524427826
36.80243510995746 42.02411688851754 0.5272345109954946
37.657919334492945 45.92576045401098 4.852900929852243
37.70874830294916 41.02623884731051 0.9045038557187202
37.91444284252187 45.317694056457235 3.998002721884022
35.606298815799995 41.4859403364241 0.15158524104414983
38.49230042343368 42.29069773584198 4.499738162653648
38.03591267625122 47.2683306000504 5.086560234716324
38.634336256061324 45.35644659017283 -0.31174257925139726
39.01544621860183 49.41683414293887 0.3340745563795433
39.14361423980829 47.965792274060206 4.464174926455468
39.41621169651014 41.14508095001522 4.585688349147034
39.4951879476451 50.68847589368045 0.4502680070372822
39.07661023154384 49.05180933677258 4.528807758080893
33.951517354105725 45.55726665611242 4.07663250064899
39.643343545028706 45.73629689434758 -0.24835458988651027
39.49626631369238 40.141221022381025 3.7783136215889535
39.43561106586061 47.53584196081101 3.0435848058367974
34.04268722083333 40.18138223027187 2.50232403450429
38.85947563441295 40.055694895903954 2.9102220869743824
38.3906966471018 42.607323593156224 3.461699271621276
35.27382550455194 39.30019304030636 0.7510161801105852
40.04017205046589 47.00129315696458 -0.14477324376876322
39.962651141023024 47.643625455751724 5.107204549584451
38.77951172688765 47.86984063731736 2.239794695433691
40.44822297611589 47.79900443835285 2.73786822160179
38.793924283328955 43.159332359010385 5.085055972878837
39.433385358751515 46.462199248293814 2.855472147708448
37.058166042255635 41.87784411970733 4.922195335408395
36.330571931808855 42.63044440499306 4.618386808039437
36.866324960988194 45.62073904017924 5.891642065607979
37.178286799418544 50.61931048613668 5.313242318475026
40.65843153078656 44.89165574427947 -0.15624624048455438
39.83558814767572 43.247171644610596 1.828344969280582
40.45865776513297 41.77973158068248 1.1251657504491885
40.51677798236626 45.3349691441077 5.5724032233394425
40.60524236496394 43.46901147434 -0.12213120073745198
40.68343212898032 42.834808275079176 1.2813376248105046
36.310665468617145 50.17247698814226 3.2771467875162417
40.84554432821535 38.50568714970059 1.341663607336424
40.875077606213864 50.64031766523751 0.4243278286698071
33.12958731240297 50.259835443935046 2.8940009370600714
37.9359781881848 38.685083367043134 6.079407990922565
40.38260773704542 39.221420136038525 4.174555052063399
36.91864505386986 41.86404218588425 6.003140940176431
34.860326213587534 39.36618856926534 6.206154311931318
40.5385273853435 38.32701366486802 3.7320325921006683
37.42994536066741 47.73137542994095 6.165723706715084
45.621872863461135 38.82627776180839 -0.5239631615565299
48.949216275299314 46.385364769239125 5.579972271601386
41.541345181122466 50.871047087410076 3.3487553221761948
40.970964821670215 39.76494478179178 5.267935780020789
45.20239376095324 45.0443665323973 3.11643694691326
49.02711893830671 50.0752900313972 -0.06646029776360418
45.48873055207227 38.84342967327272 2.6069008840820507
43.169613264445076 41.75786942265996 5.238538348859628
44.423829704100704 47.86537546258005 -0.015247916431826436
42.95357394671589 39.072950363006036 -0.7423324184141111
43.55473559071519 44.28844041336418 5.856470845612817
41.61523660387881 43.046181194278574 1.8058964010174294
43.40761467336077 45.95028740441738 3.79680795035104
44.66269906272836 41.28355645623223 -0.625882572645442
45.87775818126627 40.412309743771374 5.12377174165189
42.52044201141379 46.04014188204437 4.406111520605032
46.77842336067644 46.439860138597034 5.9831824147165005
45.93402542594507 50.10487870220077 3.6437642300330184
47.20033946337388 43.52211559863496 0.20812006195316535
41.67792519028728 39.1984903257523 5.855929305865378
42.592532573850306 49.002563415179104 2.496169956738222
47.135486679498655 44.88159384209418 0.153269356198229
44.164870709381766 44.88308529177849 3.995732942321343
44.1952828096601 41.70614576125653 0.5907498939847478
48.69561802827874 41.250636225435116 0.37756970120178757
43.979451316770145 43.09747763826509 0.6525139234661104
46.63108970062855 40.69547465604554 3.556958913390323
45.13087622316341 41.46558142145926 1.531944093690879
46.34625116097281 39.92213586180909 4.270341080295509
46.56977287150072 45.47591959660351 -0.5489733261892626
44.330706484929394 39.77946620931567 3.5037277232268247
46.10084707014193 47.57789599831546 6.149030064796667
44.99825797883061 43.4190968488752 5.343559483040586
47.979494651815315 49.41676440398644 3.0385402255478056
45.33296484567169 49.14991141189793 1.645310676541235
48.561268943536845 47.88642297605222 1.419473584482509
48.73041031635369 48.2591892245958 2.7785272952664455
42.6320294877528 50.037468504767034 3.4789405302907994
48.3559951440368 49.35773595146078 0.16765291231041424
48.54197067626279 43.08686121298852 5.621231035542204
48.4497850981156 46.26250293010078 1.013046782485294
43.56824253762926 42.23109527325794 3.5423155911097917
48.25037497434533 47.21938249918647 3.5285755833324153
44.44320742932266 50.17459530419797 -0.2346463161184531
45.90053000481812 48.30025301828666 5.012425389891324
48.24039857912822 43.15131333912216 1.0201527907250785
45.21484992420074 39.15191179356859 3.6158251543576867
46.375446598257184 49.05838668556762 -0.4241145374164712
47.70900444103455 41.375960109053096 1.8313512318865555
45.152946980683765 49.037023911662914 0.22922038398271227
47.51661785831895 39.09049046539566 4.672139404584287
42.78445444951226 45.162316735555045 0.037928608846135026
48.88238438846371 39.06082560377817 0.14875868016213656
41.38983745671319 42.97721231786441 -0.6971478369762796
44.01970694627329 43.77124991423596 5.017176125826117
48.27953775819751 39.28172934372156 5.814609778431395
41.432252229300225 46.93082140733012 -0.03666366808928512
41.93213366617144 47.88603229884689 0.027294926187243496
42.180987869914034 42.93691648926102 4.350502088806993
43.79936119044176 50.79842560363835 3.3750824390970635
46.633287912393655 42.77848290827448 -0.33212336499156114
41.80730480368672 45.61216921740929 -0.05804698295915567
43.00121487001349 41.04984559813182 0.9896151244950124
46.00000509763992 44.31808194260181 3.168656198257611
43.949552168029044 46.796225913340656 2.942786589573536
48.798737220712525 44.271089476675925 1.49384605924184
45.923943073007536 46.815006134501985 1.9869236307966387
45.187245241224375 46.28671445625395 2.5739365840942776
43.55039164149406 47.70417962789311 2.7520225304746946
48.20964359194769 43.440916377831 4.3151234996969565
48.188860072956686 45.29148610723051 0.9174201076937216
42.49607215509979 49.4552834349555 4.771960353147678
43.19414497118903 42.56757083511671 4.509236067194071
48.610793541004746 41.746973381514614 1.3442931543279402
26.687740202072575 42.991850757802375 7.359255860336772
26.65070846239369 40.998559983759435 9.003863181750946
29.07589446886092 47.437582489482786 7.751510947242498
29.3213374672253 45.262767710066896 7.219345394488489
29.615098431112948 46.17354902626975 7.719926946424769
29.825298777884868 41.461655585858026 7.170481943578714
30.741780123313028 46.301941468849016 8.565972737515684
29.8643288728075 48.307266590126524 8.424297016691506
25.978762134699057 46.16324646734131 8.612205244828262
28.168470225453326 47.788670582236435 7.282769660824
29.801829072920015 49.28264860991122 8.678901986192507
30.779061178324103 47.566555055284795 9.015084619569967
29.102957206916507 39.93800697883088 10.557698016389285
26.445446372070535 39.6637837618374 9.295693789416466
29.59179571799774 39.25060568252344 11.232172899478172
26.084018772519247 39.40870207207312 10.58266439025595
28.855415089478484 42.311845534818055 7.483820122519839
31.491117727251222 44.392388170931206 8.059341102636655
31.65936317414973 45.174882707072754 8.799270674701267
30.854501285746064 39.538055040494044 11.741399154507516
31.465360908178855 47.90090422786756 9.77902395719809
30.330259267086358 41.02198880420852 8.412417053556272
30.433182480773155 44.12398615985757 10.304923906378963
31.41488511411547 44.59686422438787 10.277605856127737
25.869123635015622 46.45883109490835 7.249208713374655
27.53884307477403 38.842213507879315 8.974812771141972
26.591143383917977 44.90070056301149 8.776240646167723
31.222304254868973 38.55485920729514 12.543268946220605
24.859249385703087 49.10771095899746 8.559019305786066
31.046035009388422 41.64140232467878 11.388491583554432
31.676531883405175 40.75276969927973 11.35839591482813
25.09872016389977 48.13511561808819 8.429358019255318
31.1957458638772 50.18206823430876 6.693930999190872
32.24591145094227 38.97166263835042 7.923490283194661
29.398789165207905 40.40805448639519 6.38322154945583
32.67319197938733 45.55090520638583 8.661945388040154
26.608079700406115 47.210658572055 9.294597238600861
25.693889091205737 50.069946884210914 8.992223907545796
30.739285159564933 42.130558931533756 6.363668871368694
32.238627568512975 43.93386044545002 10.542132523902009
26.75759633894893 49.9815760867939 9.156897807266143
30.405490917888553 50.687749704375776 9.734544207766497
28.75605904237245 50.01411177930586 6.455291175848621
25.382379623038414 39.20348641204521 8.466487911164672
32.013722868216405 40.61810443950337 10.330647157497621
24.677298542633643 46.069251060426645 9.057756269465514
31.338888501528956 45.298238550267214 11.10850811869718
32.27721096781697 39.44673882679573 6.276890098073186
32.19291542718729 38.382870061529175 12.984555345141068
28.72147281758535 38.331335107589425 7.010374873384784
39.829610613761474 38.863247999992716 11.92090937445326
36.01305372006093 38.41951952324098 12.593773806770626
32.87618440253576 38.94170060842457 7.034694309278295
32.76639561312505 41.036583181846986 12.419008366259842
33.701584913355795 48.231490814055554 8.376747844644743
34.092749743805754 47.578916450470004 10.572386770102035
34.608989796856584 43.70565379448528 8.499360839304904
34.126332573398045 41.75938093299992 7.6977118098961315
34.662392700189656 42.6292171058028 8.568874759907363
34.58548959188631 47.71692588846477 9.279313660487311
34.601607128050915 40.51001941846118 7.970846336916159
34.99298203968647 46.51386935818746 8.734612195837077
35.4573860576227 40.63498058788405 8.912504538285468
35.50962367446116 41.868737583339986 9.361795518291519
36.04965951257763 42.270598700692894 10.114768914830593
36.100118274114585 46.83357333976871 7.469560889164974
37.46120363208066 46.08477960253717 10.118131798921416
35.72061742602629 48.47054505035963 9.176254877807999
38.06452125441698 46.97680981849792 10.19992385471523
37.901567311947794 47.808953678520574 11.211834054611192
38.83967531181841 48.80060903195092 11.046870514851626
39.010771388015925 47.40184159120442 9.398491795622096
39.525254599022624 48.55393543452926 9.938401042149597
36.79274167359347 43.730389106636814 11.47305263663836
38.98711312651615 42.404570832512334 8.61251018313836
36.105133787848764 39.824397620331695 9.21213452789533
37.669527418843785 39.80533592163905 12.119120551256996
34.373267232770914 39.316482999276054 7.180014109976348
38.99624540581836 41.010347192033194 8.795105650453582
39.78271243462332 45.551142616309285 7.646711819787533
39.402423596642535 46.892878624620465 8.618962933994235
39.49010132098325 43.02800307645714 11.057567352081946
36.68412341554718 42.96512047086591 12.612084405644943
36.26563659264272 41.7268840027723 12.268232845052616
38.44239269532274 40.739461968510064 10.109529936080182
37.12421818803394 47.528824121866826 12.41894685129761
38.22602417318121 40.45530328896571 7.755159933918323
33.38756320298397 41.967883374793196 6.9380101914324435
38.88385833120689 49.569205753171815 11.804304961469542
36.674572319333016 46.756028025234016 6.6424639939252605
34.84211638629551 38.51179964048856 7.746375446837707
38.012468898652976 42.86631837600444 13.123194569853592
33.12992616054581 42.063741885146364 12.389166459700384
33.54475621059489 40.292077193470355 12.251779141247685
40.39265607605266 49.05638351511689 9.53645502095917
36.15426917851753 47.16551402482931 12.079381404552851
40.30049342170067 40.49601672655229 8.704672052736914
40.29632498679598 43.74642815678825 11.073962614059528
40.92301533515241 45.27493955891623 6.891655544034101
37.623145126430714 48.713709272738626 6.570808971568827
40.78694519174712 49.55602106698569 6.853365928524352
36.500556665410244 49.522954199214766 12.860739725845995
35.05852964845072 50.420012677396194 6.934792430223629
40.535319262588615 41.67693662923748 6.269774073367364
40.25280437251355 50.79723696921863 6.95230560917789
40.77133398656085 44.01300718145825 8.951870484090701
33.50271936217154 51.040329588246955 9.111319722848885
37.60595463636125 46.72376421564009 12.9738419242665
39.088653898224635 50.77005532384365 7.669620076785555
33.119374408177876 48.47667127994502 6.58059872873872
40.82446713071112 44.109706065900575 13.214143273679802
40.91152300840888 44.229930584590804 12.144392209528624
36.55439976051975 44.67353052743528 6.306248749895809
47.38273575777508 42.66150456235816 6.312679684018097
40.961361017538714 44.182324123527756 9.92927597854523
43.7974708884668 50.02784613482286 12.83106362279303
43.18344310070202 45.119700295580955 13.3170853913139
42.106760437015595 47.01968557577598 13.256352736465487
44.87150281951392 47.259535141411284 6.621889126559221
48.82345936834673 38.31066751131159 11.545114791162439
42.05238946047779 39.129200594805916 11.548276289327195
47.561090557170715 38.700057679145736 11.734573301414528
48.44491416179142 42.14926826149317 9.118636202036235
48.74997670133502 44.085744752427495 11.410863070642598
41.44948020753196 44.022855590897976 7.1355623206737615
47.532588381950156 50.15147127750557 11.38039283288278
48.76294378394874 46.19823518960798 11.551969526327262
47.031919015262666 39.52439863121422 11.27977722188104
43.265179602043695 40.36122788920699 7.4706558780476975
46.81370555723332 48.27775392238122 7.053050428985697
46.89765387080464 45.59412303486159 12.054163182219348
47.286309771249925 46.44554545770743 11.495480401534913
45.65444096387031 46.45013759998342 10.033342860376681
47.36506157856189 50.06244022704776 8.769395009612321
41.935000176926934 45.0101922618819 11.685115230884968
45.59061294145572 41.942111337782386 10.668836027561373
46.24323251561774 42.30568621844646 8.511937646582531
45.24304213802349 49.367126038696696 9.552549365159752
44.06356591409899 48.921991134937066 10.096329123019746
44.45132025107508 43.538404086114156 11.873721846318787
44.3707734711565 48.39539303091607 11.323785367764609
42.51795737048813 45.595638608449285 9.713063322067235
41.96798899972647 44.91823603178825 10.349506988283927
44.8939164367567 43.765073647536795 9.653365848930179
44.52050186449796 42.866679366439875 10.669717796816728
43.31923818892547 48.0655603702325 9.298532402649954
43.307996355626166 50.01434876390098 10.32440285581762
46.74443418551729 46.45100659614001 10.029598316997177
46.963035614175894 47.35362324783253 12.004389575251128
47.06760361384089 45.57768674924206 9.46305267390363
42.92329943619966 48.22841614429003 6.913924624637193
42.35080591080744 40.16878536638084 9.611053600464226
43.313578625490116 42.20738159075013 10.323716473458974
44.40061837517568 39.630795769762614 7.709544587916092
46.97325482971283 47.40641580826423 9.557439074617186
45.49311828664927 40.465283581117774 7.746578419864951
44.636087953681745 38.65194898281366 6.799926074369656
43.9759461623983 50.42775704925981 6.735011789478483
43.64214533528015 46.09288091460909 11.922415205811497
44.30733487827725 39.06653198882919 8.965942814078684
48.13425680359934 40.05425404692815 6.555216980099154
44.97081344143763 39.96322600389214 12.657597468955203
42.81706491089764 45.844342756555534 12.58992631248068
41.94966729836491 47.87446953572138 12.598503112611132
41.822180463808586 46.32509228192604 7.069324425643963
49.0890316120879 44.09720419047387 6.358615820106569
32.26432312329475 40.9425981065805 13.381915433774212
36.95469112721861 48.68024105153242 13.38198481342366
37.8800894282121 49.121007102755556 13.75274521133592
36.35693538535299 48.415511593898 14.254169648957674
35.75074691031622 43.53481100606743 13.46158128045484
42.584805701262994 47.449159541888214 14.136764479775088
45.758969361212046 39.43532909118809 14.19013884599692
45.066092778790896 39.16471779677961 13.39340076551261
44.067198405637846 39.06704841738463 13.818572170487547
41.11501641619372 46.69165058657292 13.567699557588488
  
  
