  
  
1.2299506679538088 0.7102494650946986 -3.349999912335342
1.2299459549002196 3.5405444067971734 -3.349999925938325
2.4590053246619066 2.8389194337018275 -3.3499998974732312
2.4590436231873274 1.4204752366878657 -3.349999907834037
3.680956776090181 0.7097304862060395 -3.349999908720841
3.680994679972426 3.5410818455561186 -3.3499999138042136
4.910054060943472 2.8394568198478045 -3.349999910794712
4.9100492842294345 1.4199571656321532 -3.3499999070423003
6.140000011263224 0.7102807054282946 -3.349999893408364
6.140000015060585 3.5405102186421904 -3.34999991264725
1.2299509104380089 4.96005426351374 -3.3499999547601145
1.229950906704768 7.800000272336481 -3.349999915973152
2.4590443067032597 7.089473639461813 -3.350000027425759
2.459044014697736 5.670528949850464 -3.3500000499137874
3.6809554826188204 4.959536560087375 -3.3499999868131725
3.6809556275771436 7.800520192884358 -3.3499999917589927
4.910049101948781 7.089993801711545 -3.34999993400404
4.9100492301928815 5.67000864774685 -3.3499999178899365
6.139999995712358 4.9600851851847265 -3.3499998913686357
6.140000005716931 7.799969051137279 -3.3499999449626916
7.369945954972465 2.839456815618387 -3.3499999008940873
7.3699507212959565 1.4199571722492768 -3.3499999345274665
7.369950888162626 7.089993806909517 -3.349999902701951
7.369950728228884 5.670008667465441 -3.3500000723549137
1.2299499379974184 9.219935103053881 -3.3499999664474833
1.2299499340811872 12.050064869095982 -3.3499999022987312
2.459040210656085 11.340803677159244 -3.349999893215153
2.459040206863564 9.929196361634727 -3.350000112818888
3.6809602235586354 9.219413021362119 -3.350000136181037
3.680960222225563 12.050586949005886 -3.349999913430456
4.910049622317653 11.341317047166442 -3.3499999175215764
4.910049618937442 9.928683006185508 -3.350000131264943
6.14000004849184 9.219966845619265 -3.3500000575925704
6.140000002324372 12.050033138749587 -3.3499999323375973
7.369950382701267 11.341317052579157 -3.3499999177753157
7.369950375796313 9.928682939065412 -3.349999909536189
8.953198282487362e-09 9.928651893503957 -3.35000005158106
3.796143569293586e-09 7.090025054230479 -3.3499998859126947
1.1746767062717675e-09 5.669977361789779 -3.3499998906096637
5.802747872141119e-09 11.3413481282817 -3.349999921693043
4.232262509240655e-09 1.419926144256398 -3.3499999754716283
5.004147694636264 8.856433652545297 -0.8768609591928767
8.599043229323204 0.7097305030622478 -3.349999907296172
8.59900532823902 3.5410817917354382 -3.3499999883796594
9.820994665901129 2.8389194234431927 -3.349999873084839
9.820956365118041 1.4204752508296028 -3.3499998808383813
11.050049326052592 0.7102494600325365 -3.349999891145755
11.050054040856352 3.5405443959805876 -3.3499998632681462
12.279999990988557 2.8394909832518778 -3.3499998847372723
12.27999999708624 1.4199261409460073 -3.3499998901949315
13.509950671913643 0.7102494457493658 -3.3499998907254924
13.509945944171914 3.540544397986459 -3.3499998853496704
8.599044569280965 4.959536537296311 -3.3500005916672473
8.599044369669011 7.800520202546103 -3.3499998959085753
9.820955695176846 7.089473633708228 -3.3499998888395854
9.82095600278679 5.670528945023288 -3.34999994886147
11.050049080405579 4.960054250790309 -3.3499999115041024
11.05004910907336 7.800000288428741 -3.3499998677326284
12.280000002384188 7.090025065972505 -3.3499998736512984
12.280000001464751 5.669977368847661 -3.349999931672296
13.509950912708485 4.960054265517565 -3.349999895596214
13.509950899361925 7.800000287876136 -3.349999896320175
14.73900534033701 2.838919422658611 -3.34999988143534
14.739043630415786 1.4204752400426086 -3.3499999292783444
15.960956794479046 0.7097304860036108 -3.3499999393563074
15.960994687495777 3.5410818411988343 -3.349999899014314
14.73904432526311 7.089473648695368 -3.3499999518363186
14.739044041122533 5.6705289351287105 -3.3499999253309665
15.960955491169932 4.959536566084487 -3.3499998745981205
15.960955635356749 7.800520197034186 -3.349999893450377
8.599039779805365 9.219413025100637 -3.349999892755954
8.59903979209167 12.05058695394086 -3.3499998860433386
9.820959803996953 11.34080368309489 -3.3499998874120474
9.820959795141524 9.929196323081316 -3.349999958557616
11.050050068893086 9.21993512699558 -3.3499998837272416
11.050050068914546 12.050064834327527 -3.3499998730308977
12.279999926112568 11.341348148482355 -3.3500000868769
12.279999948877768 9.928651880210612 -3.350000166389824
13.509949967254622 9.219935110134601 -3.350000043213063
13.509949947356622 12.050064892582817 -3.349999985945148
14.739040230780061 11.340803681120617 -3.3499998861006777
14.739040214163959 9.929196322486524 -3.3499998729098412
15.960960223897814 9.219413027251782 -3.3499998929970287
15.960960233660595 12.050586961483546 -3.349999928562405
17.190054062032615 2.8394568077109166 -3.3499999025422413
17.19004928770316 1.4199571622344827 -3.349999871145651
18.419999999401153 0.7102806938310916 -3.3499998737351353
18.42000001065149 3.5405101939027004 -3.350000034149679
19.64994594102302 2.8394568453599103 -3.3500001551545013
19.6499506983901 1.419957156036812 -3.3500000757760153
20.879043243799675 0.7097305536816432 -3.3500003403721323
20.879005313664337 3.5410818521249063 -3.350000072989073
17.190049111862663 7.0899937877314265 -3.3499998759066973
17.190049223979674 5.670008658976693 -3.349999898986513
18.420000021871136 4.960085222015403 -3.350000094165467
18.419999999724944 7.799969057868539 -3.3499998853852855
19.649950891423863 7.0899937879977974 -3.3499998651628102
19.64995078782272 5.670008639094345 -3.349999857599176
20.879044512249376 4.959536558115118 -3.3499998946790424
20.879044364397632 7.800520189399984 -3.349999899515489
22.100994681158227 2.8389194157520996 -3.3500001444740493
22.100956366291875 1.4204752647450412 -3.349999955413846
23.330049299097904 0.710249403665462 -3.3500001699208273
23.33005404245673 3.5405444072641465 -3.349999998287494
22.100955679484354 7.089473624567861 -3.350000088391748
22.100955922775572 5.670528947829482 -3.3500002566678866
23.33004912952709 4.960054208140181 -3.3500002833173212
23.330049102126335 7.800000281345153 -3.3500000017592524
17.19004962820342 11.341317069817105 -3.349999940391667
17.19004963188381 9.928682958291384 -3.349999889167159
18.42000000005561 9.219966840245071 -3.3499998926462404
18.42000001729025 12.050033190881415 -3.3500000508252215
19.649950365111927 11.341317081323657 -3.3499998726141267
19.649950364579006 9.928682959675415 -3.349999886678914
20.879039765863812 9.21941302082304 -3.349999887172992
20.87903975645951 12.050586979001702 -3.3499998663802453
22.100959777942464 11.340803696613937 -3.349999864323927
22.100959788145772 9.929196326339582 -3.349999879699046
23.33005007257896 9.219935107316246 -3.349999864441322
23.330050042812587 12.050064873682421 -3.3499999423629214
24.559999943596033 2.8394909487496407 -3.350000490770789
2.603232088284913 9.225792839537394 -0.7587130496200978
8.08712729555446 1.6868890580233549 -0.5919180241098587
3.1912079059008773 4.15490663469995 -0.41005127282860543
3.163412927264647 11.794242396366732 0.5349394356662884
1.518770288680817 1.3618687341885267 3.7509133515784763
7.796920094249834 9.503109266162955 4.561674220186262
4.881790164320427 10.115370924229229 0.2502755795857947
4.628288274170181 6.551742794431228 -0.10051812907435953
5.028272566377508 8.450695700392796 0.8368895451059521
0.8851419235961876 4.750753116043263 0.08358597894351338
2.4522986377985587 9.203821583879728 0.9960888028550585
5.5121399523809576 5.670155450766281 2.8148386586231933
5.851728442854499 6.605759591936218 2.370513835269583
6.760734463469682 9.401033680713958 4.884164395915271
6.609341384538095 4.29353228818045 4.112679033794656
6.63941825108613 5.336484549722741 3.7973284951669326
5.526766731116776 3.123156045095796 0.10049879790603677
5.505053004582436 4.912433085676761 2.0313167424676903
5.390884350511415 2.1771751848628305 1.0898289836998165
5.650633205455533 0.9345213060441544 0.603766498637005
3.477842064803528 6.761250247346509 3.931373191422188
3.5778451778056874 6.3009502076111525 -0.09201050394021193
4.078029216952993 5.751749711485118 3.2525939064627396
4.1695872372940475 2.17247454717436 1.7115561636265986
4.555726312947867 9.087814811787554 0.08930725782413607
2.2914040658512733 6.35925676141729 4.422736364529937
3.2591083086853194 4.689391064617829 3.308745983949053
3.348227494977115 3.6544444110570575 3.0132071626559256
2.8715718835994783 5.172697603018331 -0.24172314667569972
3.39539149711145 10.044834252626892 3.1346514760791666
2.1968988800451967 5.019398875139944 4.020292663920521
3.0203123594846613 8.804364277696118 0.1559136584791032
2.6608833896108504 7.330630750887077 0.0032062696328860607
2.291395111341585 10.518736932521891 3.802775329584388
6.33661581493675 2.3827286335784836 2.0395360372555094
2.1911372842608268 10.05947969856128 5.091776043009308
1.5683254668175743 5.489772729070868 -0.0013272579907208648
1.463114127816221 6.790459649978937 0.12867638722366292
1.516634419758561 4.314266736669902 4.265504676982835
1.6183616140641246 2.3833004693175344 0.8662202035707489
0.861668835332312 1.6129220920947798 4.9535355879763765
0.504657379233378 7.252580221499162 0.3136229698679127
1.1400007220494544 10.031533436571866 3.1628107167849837
6.405535118270021 11.718766062360494 3.888176583324401
2.3389519153968124 11.881225184992372 3.833084680311387
1.5318476774791216 6.777356146903513 5.066682788336442
6.267829882292263 8.78357193880674 4.133240916984979
6.149585253162009 10.836698154977793 4.997078039101847
3.9890181197190886 7.668122404836133 4.218917850299016
5.0849404325224485 10.678219563777716 5.168880083774541
6.618518925999803 5.904668877759639 4.72729074578833
6.560529838462308 11.32543023081227 5.880461028742817
6.6860918250477726 9.03008799585223 5.906381484153553
7.935219676317766 7.013203814646538 0.6086030185044378
7.318821276128056 11.619457806576566 2.900418661207701
7.611583615379757 5.504497360510553 3.3338997520157587
2.627766931464046 0.42839677092456985 2.0465938195133937
1.1740240591208644 2.930997100522245 5.233309675983028
1.133717999672971 12.352828288259257 -0.2622334742425425
0.2927985386430435 2.3068063174331686 0.538974276241948
0.031317552500747345 9.566634724063137 -0.24639292929487744
4.4134687831555866 2.9130280557132076 5.624786189831218
7.021393864468846 12.513861488880023 2.025452946980594
1.3240165358428446 0.6983324811136756 5.912994718181009
8.141511944644359 9.401464781971761 0.6019808583393804
0.07115509281737786 3.4848395533397305 -0.2149893913107359
8.005017127139972 10.808330636282827 2.706490922972604
5.239069602695075 4.412375073934661 5.890395639439952
10.832477085734265 9.679744959122804 6.216026028313772
13.141827229780244 10.964705627212043 -0.8287792798603089
8.404750766042184 0.4241872385113101 3.2478063183327786
10.854565626091128 6.03059494420453 -0.4075046784345182
8.767806287142202 2.559159497220681 4.470425235108859
11.60738809348806 3.558677911802573 5.042326911146263
13.481083046351232 10.20172536950326 0.7310310477568083
15.512068293212247 8.330261786358097 0.07903911179244716
8.763855155552084 4.907603631185585 5.921470968603412
9.746592789533086 5.91123102156688 5.669795508283091
12.681893753200233 3.503236412663791 4.948711595170661
8.706617152968496 8.135980214022503 1.022664785337799
12.236933859291062 4.972253146246262 -0.4115046645483045
12.642933470607185 9.318296121905194 -0.4756958576282633
9.97599119817591 10.796657211249387 4.466864356800013
15.36491484684296 1.7684164837764738 4.459929285703657
15.56404783511689 11.019155656686637 4.776335303719936
13.25183330457589 2.306164646770364 4.627162865645934
8.707171315579973 8.212624216688653 2.4124723126076777
10.577323677699303 10.78544256636349 0.023899212327599395
10.04590400334603 8.16238896617888 0.5644803502842977
8.480382379365455 4.3320639848384035 0.08030531757605042
11.3454482468384 10.162581088867377 1.4815073251024469
8.846335517272305 2.1785629542793483 -0.0017827381183888047
14.859914406896662 3.700456056323629 4.9134853994846885
10.125551321487785 0.5117923149458407 0.3349678036031112
9.065045593481132 3.4533476355278157 0.3092736632876181
11.68045930166832 4.425684175913209 2.1339046281895824
12.732172825396844 10.318715744671392 -0.05226119212625724
12.178618781148836 6.33806678922234 0.6105211286544798
10.38983005585816 8.50919663600218 4.095948018803498
9.950800459043633 1.4949712411919502 0.4863657396820864
15.412010030226284 0.8789162995769055 -0.14389227590110187
10.26634641443684 5.466177191007702 1.991594362605078
10.192533458526393 3.5098763800533246 1.1207306026980657
10.750732699529074 2.365542489732165 1.0432210858686286
11.708019929723752 2.0984724373925827 1.4659204423901828
10.899869612896726 4.762420169047065 1.451710660839659
11.560177352291543 5.517790895608989 0.2461344418844147
12.566165222408856 9.173346521844882 3.350777672557763
14.747849768618796 9.013059005709719 2.922725757041489
13.636575965977425 8.241160017363315 3.3279551792113593
13.32727046117899 7.162144727473812 2.5185489674968666
15.207167846150233 5.346369147756595 0.9027498688601054
13.79834420996111 7.832965649547709 4.604973843035978
14.907910717179954 1.4419198073178547 1.0285086336479299
14.16882054133391 2.5999958990106724 0.6783944691032728
11.47828341565254 10.83660560366802 0.6352533608261268
14.159371967119313 0.4980985736269453 1.7140226301615868
16.1745714520256 4.333164010832597 4.859012829667809
14.544326380597731 2.4355014365390737 4.679091861973524
12.887471496662217 1.3648844369635007 4.590665748658472
10.146358585042517 5.881561687976313 4.363675735458733
10.525285212672221 11.03340809811679 5.724214643368731
8.718666939459165 0.5534653123240612 5.2716841075863385
15.962265390783324 1.814002688970043 1.8307242463756157
9.23449145072724 7.1528978906453595 6.03472308454418
11.517897973387736 12.250933797122459 1.0177551025731835
8.87808374889783 1.909326603052354 5.325969559547926
13.698605180251937 4.4089036678535205 5.137473040304819
16.223667833771216 5.186872820250197 0.5745903091416604
15.18648199148057 10.995719747750824 5.787915647468429
12.254296864483129 11.978655586251854 2.9535922097957967
15.513493576303395 12.281030618769565 1.3461699336821764
13.700971105396833 5.469427699111873 5.34163763443043
14.186293930007393 9.141229188986259 5.787400294116541
11.618806915503116 11.878591037127126 5.667859379148421
16.17468498215894 5.022142239656605 4.014377412693577
11.969487365554567 12.681252699568258 2.18441027704157
18.08303462200224 11.81759529953307 5.9086548373700225
22.566296722056848 2.607372941522691 -0.6079470150895072
18.574248485000265 1.2939746632585585 6.158851500350061
24.385495636690873 8.154252013970117 -0.22286891054482338
24.411979674409352 3.621757816107496 0.02280797451145622
16.48347207807377 3.1151932513583516 -0.33820179988609644
16.432531001114903 7.333197256348467 2.2404391988991934
19.12714422686407 5.863760869534625 3.363944842052767
17.102030027186508 8.398765992785759 -0.5462069824013238
18.209439962704952 1.4200518789790006 2.709155344790645
22.901701216211382 2.51318477565931 1.1202456132194594
21.975788675733906 7.4641207629559005 -0.5856192730962873
24.040134276461735 7.77152879914648 4.109270583841073
18.616039972587004 0.7195130878696365 0.3266456581215127
23.36338352755751 2.557217320787096 0.13383262753368763
16.637536069766718 5.02671695641759 6.099284788931865
22.03347979774563 5.39504623151827 3.4243595588742535
17.68970342204694 5.303903439634559 6.034388592688897
18.325521968683034 10.199468029592726 4.659036848020532
21.839410975644572 12.54650074631259 2.131464866810343
21.51775343654666 10.068582650034594 1.0037850054855246
19.673845703539488 4.5894461232209025 3.3438385299413276
19.85386196126758 2.5057500509606374 -0.40183804441018767
19.72836911991596 9.790074720528674 2.385006102104714
17.33417515832715 12.444624250695748 3.3854962281352896
17.239589700157893 6.068575485064771 0.6846250254328157
18.37811658640025 8.090181919653073 4.108857956744791
16.76363735501494 4.1244033415572305 -0.0747584257329792
18.044344758501406 7.7543055116974315 1.6683225736323826
23.85461835405579 6.485383543537186 3.8278879018705023
21.952949406623574 7.431840218885812 3.8945380539199794
16.759267494736438 9.418772697805846 0.8785729733820158
20.782946011410854 4.547226701450392 2.4127126211280956
24.084858616164137 0.7855108375465939 4.983308541140321
21.54308519552331 12.402113061042513 -0.119643050655448
20.180739354219185 9.66330724159298 1.076884163294417
16.54774510404898 8.467741652754112 0.38980080727111566
17.070935949984968 7.374530754683801 1.3579253668511693
22.608146919708386 10.023048075880077 5.447386994056406
16.928917314861945 3.570206972757342 4.6667659113201045
21.91796243307945 4.721283447681229 -0.46661822538165754
23.476334516263307 11.640044414205683 3.528763070416141
24.059553777782167 7.201653020118372 -0.1427623470423578
20.75416745022462 0.3743395265307933 -0.4799649510685533
23.89096868291382 10.232305039152331 2.6424565461404628
23.977309072826106 5.00175617338896 -0.08258217643684063
22.36845429090133 0.49657196228089956 3.776191389927077
18.769021698559122 3.7354190936497593 2.7819930366026124
18.77608497054445 3.6786599276231926 -0.4992124720436908
23.471986448924916 3.25539393074779 5.587688135312962
23.900140205650725 1.6087335182848337 0.15308736455816874
22.50808148998618 6.242931104293141 3.6999398125854697
23.817807701364323 10.613400053731093 3.6610408875829306
20.122913292172072 8.396501218517596 0.6234585714362728
18.329731754627122 8.808764890707286 4.913654466214663
20.90309528622879 7.665435603317025 3.796356985164212
23.934933797071285 11.160910539658158 -0.07809556512104243
24.357566045239963 12.154782613849541 -0.07862748809298825
18.338217681228237 5.551570112404656 0.27916711853855913
20.081009893645124 4.220836332624273 4.664149305952058
19.5758569546997 10.575857649960966 0.24900001004578343
19.288477093817875 6.0268568903256625 0.4728408841973142
22.738530886908286 5.403967338124762 -0.3022706720416779
22.82515946426524 8.387641054959724 4.1605091764119715
18.44579449072472 10.726566347418103 3.8059237935318926
18.923377399430667 1.4987509309481017 4.858978998905038
19.86888925078358 1.2625269245745052 0.25541590899695876
22.75268206388931 6.754443102154771 -0.3423205242884675
22.699668232641404 9.810696445775818 4.382196572304743
22.649910732799835 1.1484811576224505 2.962436714160226
20.335567687536766 1.4053335307530015 1.5804189909214261
21.77077180723208 10.116075543237212 3.9005379403640514
18.11037675658188 4.3899696949182285 -0.2328086642631877
18.205142085108868 10.745680523005719 5.858770177669524
23.231511127849856 0.266320146218738 4.833845869655596
18.297678786759214 8.644333389839044 6.23947576673365
6.370472738220236 3.5157190918656247 8.419510747039146
6.72528674098188 2.9581614797345606 9.654389854236326
6.79741777629166 4.786340054969728 8.416152237220606
6.901887581811573 11.820623770765428 9.432351264687505
5.645045035384489 10.222063209032816 8.708013260872441
7.039184300514999 5.156168791201927 9.660962370026105
6.736676155355907 5.385151862972928 7.519416560403659
5.792220632164709 2.7576976750856765 7.302929968572357
4.347344113653158 10.573434591489423 12.18826809361307
4.848010969028576 8.520921645584105 11.852891937401834
4.037002114764634 8.117253900785563 7.95934679624501
4.4056749736077006 8.0330132435417 9.268916725711245
1.4759750121442932 9.904085058974353 7.223032120427112
2.70600332161208 8.017061640818017 7.613678078641889
4.280885455019318 9.456212415127204 7.74199024126013
2.4110760489583747 12.12141289536141 7.666021379843522
4.827761544630635 7.297256044523447 7.183298676705806
6.1851664530387644 12.628151833798244 9.457034274306789
1.9120570545151652 4.720737514495789 11.021242164247333
0.8566517616791669 4.968178767206666 10.907257540472562
4.07549702868819 9.119904164831565 12.335118184995395
0.541879794042912 4.615126755897458 9.494721481321308
0.8843825169008867 9.885880696756805 9.735294654008213
4.356017140216062 12.506922175867377 11.292777856262791
0.7487060852286707 6.0429210791854295 11.053465248818346
3.9775492763266427 11.247471508942219 11.149490591673564
3.3533858747234224 10.94117284494969 10.323051739450781
3.119946222487402 8.861072997120884 11.87901613085005
0.35788661364789764 10.32621697767414 11.773644453006147
7.06284368409541 3.978014996099996 10.435252665036366
5.134410923487797 12.618405942716308 12.4121601208009
6.562590401988311 1.9196415109681446 9.902192549397231
3.672259463041504 2.756284379593387 9.814567001695899
6.550283175470239 10.5969203839374 8.953219313315113
5.070406767203911 11.401636106869251 13.017629185705765
5.277542431403563 1.8553993474031292 7.6331784775297535
3.1054217054965054 1.513827042256993 9.775358096804434
1.0238156065407558 6.440904720976546 8.496334721565935
0.6607008648235894 5.427437503077419 8.410126354361964
2.9709940338682848 1.1361790980278097 8.413082103082413
1.9184426014638545 1.4356136771841252 10.495594496423069
4.009117050020794 0.6867936900077606 10.318090065719321
3.948603728153902 3.8650523853341845 7.0412946954305555
7.55227400459772 9.773861292700955 9.23607307667013
7.636612712872642 8.711518825548408 9.060814796537612
7.2256019324667555 4.02753138290523 11.501769369054337
7.0808818765799915 6.100404832768373 10.017023614693766
7.720580718119194 7.817711526960223 11.210458673452017
6.571306855617427 2.45910505764638 6.601526300519125
4.787308916157591 3.568311381153279 6.411518239759237
0.2434513942388499 4.650275754964745 12.984437290502694
0.1531921138982689 3.2058805578647127 12.159144480948289
0.03192747288290576 4.274741541311872 11.983272126789629
0.12504968490444698 4.750225956451269 7.368811087603937
0.05068764575794653 4.9858655823739655 6.317457553427914
8.188260955842637 11.817483493963234 9.819337193497915
8.415405628560885 6.092278622470957 12.384069534581041
13.587170743628668 12.641519641223677 10.829609535698824
14.276424010312326 12.217880622625785 10.09915767803284
9.475040817986098 11.624671788682454 6.435448376733054
9.266134102829254 0.7447001381497838 9.973189956598754
8.458659755456283 7.478238799491531 12.328968101682845
13.667208814388838 12.564925366375622 8.666592323572765
9.430618668727828 2.216672136110299 6.537409927480734
10.228340124996548 0.45911928678534436 12.008400687601073
14.16142686272994 11.6484336485251 7.593988221400192
10.882589048605347 9.890064315964159 11.495930074752058
11.918643431903647 10.72238178794063 10.494717021653251
10.501873080520966 10.320409302483144 8.594756592456655
8.595276584852 10.542490262737587 9.565179644417007
10.083612311423588 9.010974923432839 9.696134238713555
10.023046172869298 10.088912686235915 9.546194509127698
11.215000829107908 3.0779929767230225 11.810851651840622
11.498932662453331 3.4361152948294174 9.160411302925539
11.573277931434248 4.1698697366895034 9.949383545801584
11.456370243825992 3.9746022954958433 11.259278868711723
10.850077112067025 10.60981876894302 10.678008011278276
12.090894582821022 5.931981303721776 8.840796530808348
11.890855181246392 5.457958493299448 9.709926332961839
11.790509293596818 6.046891300394844 10.872799887722145
14.035312301061218 2.9674388245012535 8.76669118739729
11.749379249713032 5.155217865529811 11.851347195583827
12.560860348292648 2.021759540416543 7.387879473608043
13.583967466539773 1.7574417989985436 8.275694240846981
15.11797890137832 7.224872843207786 9.186508693751163
14.613156452318867 1.1301701060088805 7.585624527612703
11.936634431201913 7.108847728089437 11.004314106832432
13.214808296996623 9.736777510757234 7.935221757645329
10.428733259956033 11.441649439034697 11.24247864339192
16.33547164461422 7.07093060020158 8.545286659020528
13.087375086058229 0.9722213179668759 9.284522781685961
13.912181718041913 10.363108108825791 7.398770181507722
10.772191600723877 5.66759323467326 6.50952478865178
15.10722870363501 8.552186145822873 9.534531962441935
15.632795442884639 4.449822353009008 9.856507177244474
15.000774579377339 6.441695242596344 10.273549080261411
9.825785938386089 3.1365534302743114 6.942454657842937
12.581084228270313 12.561845027960183 8.758374107347274
9.462264984494329 0.9958851724747319 7.250341913425867
9.711175042109272 7.968153647614148 12.187352448899635
14.090883233853882 7.048510611304733 8.274981064161208
15.034330252018417 12.024134257314303 6.605094941784716
14.466124027502312 9.97859307610716 6.277927395383341
9.788449919114557 0.9253229171303355 8.20361226151039
16.02941412299627 1.9512746181948208 10.40201547977351
14.14759306142824 11.182529596144041 10.414674458169399
9.019047135850224 0.03726625411523065 6.441713661019354
15.342510971748165 12.418794119325057 10.204951618425229
8.812633344523661 12.546133829426683 10.314945717294329
11.753854302792078 5.4814292395206445 13.263761253298302
16.14007705856296 5.959754923145696 6.364001023351574
16.52634609307359 3.99902393398636 9.992330669131475
16.62235026062156 4.351609004675606 6.954912420956218
17.22706975302826 1.6698912339258507 6.343952533459766
23.575855229797742 3.549630654144862 10.962941034490619
23.87752737132296 5.274599789343256 10.995677712351617
19.779918443626347 3.6846182302997974 12.372629872565744
18.221875773762953 9.848851588659436 6.804005098376784
20.77097097964986 2.4963073595723175 11.531786089186168
19.08973309545787 11.976323906133128 8.143829273713811
16.77676935466121 2.7270986020989016 10.324831908497128
22.194815888101076 0.7672616871486262 9.097404366510213
20.260530115098515 7.254617729030062 8.280072330323096
17.685430001945093 4.580601993128807 9.786722889694904
18.674619236299637 1.6313829573433596 10.664424649677983
23.143412316776406 1.1686980333388914 10.02962413524644
16.987703446514317 10.536937033774874 8.44226903662317
17.982613661534835 10.15737842717225 8.209483881375947
18.109719028725326 9.211129576822874 8.735371073778264
19.790688702576393 10.658959833130286 9.119043988618058
20.932715459921127 0.8699883931650189 9.545059387495014
18.716859980917448 3.7757567614015572 10.11037057103015
22.461587439784434 1.5192993471322433 7.947355432281937
20.5488591510981 3.5605592132236628 11.610108037631345
20.7003480560627 3.647610280632645 9.452712975325975
20.120352068234766 4.072718944086072 10.271851106749462
19.46964804282789 1.970051123961332 6.967127645172091
18.13211420444669 2.5358782020273076 10.43209591117418
22.255316403617567 7.482660140723709 7.057324305325291
21.55747957560614 6.7327219810410375 8.074695984488264
21.434727444768193 5.4052482871858265 7.622467580984869
18.869601797347745 11.176360679734104 8.850724632321377
18.43760812447473 11.44692174430394 9.814196571214316
22.205454898319477 6.659195166865098 9.325565584374464
20.165124097352937 5.158217464343635 10.183599036352188
17.725654716950785 5.62047904045856 9.497867045486458
21.457412753475868 4.026817866074121 11.991202803125976
24.310132045207204 4.315150828719791 10.712109575750516
18.475146525221078 7.758651723512386 6.831483526560067
24.00752771522735 4.170456097523294 8.585912965114884
21.393268722223564 3.2817866520643664 6.6357240517470455
24.449873792543038 6.5097414541609435 7.495743311548061
7.849204821089855 8.007676761732156 13.469025112185598
5.440752004003 11.23648266473733 14.018613074751604
4.224260318543179 8.584951696405785 13.724656772775166
4.137765418701701 7.5033385699241855 13.828250580509136
3.5071392761562477 9.123814643524657 14.34390158285159
5.190553711527946 8.893036912099994 14.123981926665088
12.330003966376639 4.674743016422112 13.716981842723515
10.736252109380429 5.421760225023082 13.64979931464626
11.763415492292474 7.586085364104628 13.45403298327417
13.411505862091154 7.011974898782703 13.512535973128063
12.28454062055324 6.767760625253957 14.880092265728212
12.389064123762525 6.761274258382676 13.79513477147262
1.2299509079234094 13.469999487510488 -3.349999967503
1.2299503874129474 16.308682951628306 -3.350000152218607
2.4590397553522454 15.599413036827281 -3.349999982690268
2.4590443155588915 14.18052043529817 -3.3499999206823325
3.6809556445436162 13.469479566028589 -3.3499999355388566
3.6809597595638497 16.309196321532237 -3.3499999193815135
4.910050054587717 15.59993514040969 -3.349999929808
4.910049101005069 14.18000049509626 -3.349999930326255
6.140000007406079 13.470030714478792 -3.349999930913702
6.140000012741214 16.3086518912902 -3.3499999217219765
7.369949944223349 15.599935141201454 -3.3499999422321824
7.369950903220158 14.180000499417789 -3.3499999382460377
1.2299503611195912 17.721317041674546 -3.3499999820717177
1.2299508842007534 20.560006210010886 -3.3499999346342357
2.4590443705803966 19.849479801919816 -3.3499999669953704
2.459039765770881 18.43058696183752 -3.3499999557591984
3.680959769571554 17.720803679616136 -3.3499999144056836
3.680955693975687 20.56052636786676 -3.3499999181349374
4.910049109859082 19.849999733115727 -3.34999989096032
4.910050067332545 18.43006489409399 -3.3499999055504217
6.140000001489524 17.721348126627095 -3.349999930330747
6.139999988974045 20.55997495044707 -3.349999949087729
1.2299507609342577 21.97999136039572 -3.349999901359364
1.2299459033096878 24.810544345825697 -3.3499999602493116
2.459005297099325 24.108918143149033 -3.3500001264512957
2.459044511974272 22.69046344491275 -3.3499998949923473
3.6809559786244965 21.979471058932788 -3.349999904058599
3.680994727964852 24.81108176889018 -3.350000084352436
4.910054062818987 24.109455648568144 -3.3499999065913677
4.91004909722918 22.689945735963256 -3.349999918625505
6.140000007447545 21.980022636417132 -3.349999907706752
6.140000013705218 24.810510158403755 -3.3499998972393663
7.36995090955174 19.849999717435853 -3.350000023640564
7.369949940637058 18.430064905615925 -3.3500001090486786
7.369945959275027 24.10945565275941 -3.3499998834370004
7.369950920654268 22.689945742511796 -3.349999891915844
7.139159104251861e-08 14.179969185208833 -3.3500007067587587
2.00294115831498e-09 22.689914811603728 -3.349999958881811
2.630130066494082 25.055344883225594 -0.8525129508426588
6.364914999800878e-08 24.10948982354937 -3.3500001152005154
5.6417733259947205e-08 15.59996691624081 -3.350000694452311
8.599044353860778 13.469479556951983 -3.3499999259846414
8.59904019562725 16.30919634049674 -3.350000075681306
9.820960258097092 15.59941301861649 -3.350000045132999
9.820955670735689 14.180520425803053 -3.3499999195705152
11.050049122170796 13.469999491659078 -3.349999993195496
11.050049632020228 16.30868293928969 -3.3499999281392165
12.280000004327423 15.599966844476073 -3.349999919854283
12.279999999108306 14.17996926804715 -3.3499998987669164
13.509950903683903 13.469999492134598 -3.3499998770809114
13.509950398931304 16.30868294020441 -3.349999906213703
14.73903981338417 15.599413040429729 -3.349999861886037
14.739044375299649 14.180520440142182 -3.349999850492363
15.960955680532726 13.469479605069283 -3.3499999489862633
15.960959794670567 16.309196312112565 -3.3499999558939573
8.599040224699218 17.720803684130082 -3.3499999466084294
8.599044324517878 20.560526371194285 -3.349999918300762
9.820955632965129 19.849479806977772 -3.3499999107183487
9.820960229604387 18.430586986198335 -3.349999905633844
11.050049630465681 17.721317063898777 -3.349999918777514
11.05004910977325 20.560006207391694 -3.349999911436383
12.280000000657548 19.850030931141518 -3.34999992185666
12.28000000593703 18.430033177520492 -3.3499999103470444
13.509950375995961 17.721317050022524 -3.349999927760571
13.509950894797583 20.560006199980034 -3.349999916347608
8.599044032324027 21.979471066028893 -3.3499998876990045
8.599005334291741 24.81108180106763 -3.3499999146367365
9.82099468385908 24.10891821868657 -3.3500000006024777
9.820955485003127 22.69046344551404 -3.349999905842097
11.050049228122175 21.979991361821096 -3.3499998969968003
11.050054065074097 24.810544343348617 -3.350000048797063
12.280000007548443 24.109489832699385 -3.349999863634184
12.280000001121085 22.68991482890418 -3.3499998728048466
13.509950770421225 21.97999136847534 -3.349999880822112
13.509945921481176 24.810544361974664 -3.349999904943667
14.739044368014799 19.849479837093362 -3.350000076444506
14.739039780547454 18.430586926036295 -3.3500002919952268
15.960959813470053 17.72080364882765 -3.3499999355638077
15.960955701985494 20.560526364795308 -3.3499998897866536
14.739005304425417 24.10891818426279 -3.3500001213436326
14.739044516408045 22.690463448822484 -3.349999871607474
15.960955978613791 21.97947105614834 -3.3499998715000823
15.960994713528352 24.811081790998802 -3.3500000388575577
17.190050042024815 15.599935118052555 -3.3500001576506544
17.190049112085138 14.180000502239638 -3.3499999832456484
18.419999994705037 13.470030721118626 -3.3499999140185253
18.42000000994794 16.30865190876899 -3.3500001756551945
19.649949964362282 15.599935151000793 -3.349999984548242
19.649950896551513 14.180000481037949 -3.3499999272227807
20.87904431280358 13.469479576325677 -3.349999846434706
20.879040202200958 16.3091963177549 -3.3499998136890174
22.100960225329057 15.599413044129353 -3.349999857419139
22.10095566378939 14.180520437101459 -3.3499999149567983
23.33004910304442 13.46999951855897 -3.3499999039874453
23.330049612166555 16.308682903764748 -3.3499999433295047
17.190049057205904 19.849999735293768 -3.350000148118238
17.19005005601163 18.43006484060713 -3.3500000117880493
18.42000001152806 17.72134810887659 -3.349999903741482
18.420000008457553 20.55997495996145 -3.3500000596371873
19.649950911795017 19.84999969717346 -3.3499999271414915
19.649949931386104 18.430064867817336 -3.3499998257552965
20.879040198066786 17.72080366027602 -3.349999856602659
20.879044308975697 20.560526352048413 -3.349999883758553
17.190054058150807 24.109455654502426 -3.3499998955225685
17.19004909720604 22.68994574628151 -3.349999863225718
18.419999992307343 21.980022643187525 -3.3499999077792655
18.42000000285774 24.81051016473373 -3.349999972037523
19.649945944930963 24.109455660501762 -3.349999901873939
19.649950907114018 22.689945749738317 -3.3499998857992628
20.87904401966552 21.979471048744298 -3.3499998799025246
20.8790053190323 24.81108179925985 -3.349999865111266
22.100955640024953 19.849479804344647 -3.3499999372456326
22.100960233677867 18.43058695709646 -3.3500000508264485
23.330049585758513 17.721317073398712 -3.350000208040431
23.330049108710824 20.56000618361655 -3.3499998763523453
22.10099466720256 24.108918222447304 -3.349999876035492
22.100955469932455 22.69046344645552 -3.3499999275377657
23.330049223851816 21.97999133120322 -3.3499999448949724
23.3300540676525 24.810544304979835 -3.349999948439754
24.55999997018296 22.689914791114827 -3.3500003496529605
24.559999991303318 14.179969290593865 -3.349999895730369
24.559999971713726 19.850030890374484 -3.350000066000467
7.437791533592487 18.124800114155896 -0.692989254492441
7.521259029163785 12.80776782453352 1.198498363597783
3.3989147107487816 13.35552089161186 1.4786508401342735
7.427886669024286 20.994808786404505 -0.6410071237353931
5.335149997463453 23.9618801728326 0.6519436187951189
1.5065903994756056 13.08692242556527 0.45202976256388916
7.262212729255631 15.327877214955404 4.338373367863705
6.319298399772041 22.943770290149207 -0.37910302520940853
4.573946342144808 24.160473775229434 6.038772669479121
5.588121497991495 24.86871846379572 3.6775378346643848
4.558282851594172 22.61662573447933 -0.1357946148005773
2.768246133170339 15.750233875088522 0.28042420131000445
1.0860587595264364 23.260404757607883 3.3015212115248604
1.205048510977717 22.8193923258952 4.62814940888445
2.140351628256808 14.041440354121226 4.721430836898772
2.2435615401893583 19.6370916586278 0.6605384311473794
1.5227743592443754 20.321378168435135 1.6403854920061811
5.0790390580991644 22.12970247416285 2.209491700481677
2.900302466816406 15.520959874609847 3.0645454770242364
5.22308835957825 19.441658215766267 2.5450233252300425
5.901738003766562 20.647445489366103 5.3551585130466215
6.326439072675781 20.59292645448913 1.158422624597153
6.33957321845308 18.453005648119976 1.0378887848851381
6.951706345348563 20.309044154297858 4.623274538221068
6.119026036624087 17.50355861037424 1.3024814210042146
7.024988872013393 20.233079371180235 0.010024106788055764
6.8375977453949295 15.709257639814956 0.23580458058373832
6.786774253653478 22.425253809487504 1.8950348770084113
5.833804428919837 19.474808198556268 1.6548958280347548
5.866755697520288 22.03215436909165 1.4624395844485694
5.491726506345551 22.932289596868518 0.3301874335253052
5.917464438491318 22.00751137818934 5.720695507876842
4.732698452113209 20.249379950202783 4.768779136010988
3.8860841340648142 16.410419578796642 3.5474000061798194
4.6661345696709065 16.817155131112944 2.48917078213295
4.655445169151997 15.69132287836419 4.431453939166202
3.311371489618097 17.487287260936352 4.197651246632973
1.3971718520011664 19.093919155360016 -0.30538249325201106
1.7111925893746989 18.98899000088618 3.5584240625388963
2.793256785188757 18.49467829131152 1.2485735331032566
1.0958881078334757 21.426735537794276 4.5982525765519044
1.246594239781622 22.601255409925212 0.7797668843497274
3.149180462898558 20.507163205798506 0.10399444706778116
0.19747819268493344 23.299797988245366 5.42710164686776
1.0609369588813993 14.428024248144299 0.004570292456961278
1.7398507130830398 15.566922681679154 0.0061982613712152634
0.9104774555908343 16.56561804076151 -0.12111939462876475
2.472079901703284 23.190782735583763 5.128965198100497
0.4285630672495798 22.995925365026075 0.1954205596049574
2.4166154667120536 25.30932071556248 0.185758589877848
7.040992744987674 18.86773055075363 -0.01696774026633041
0.8898011446740666 25.456676763519567 0.5383596823151027
1.160845469171255 17.542576769368562 -0.06664462692607231
5.977466659955119 14.380162702481762 2.11602655675184
0.7596875211179803 15.777890559098937 5.62067609207822
2.793277673600521 24.443358035321342 0.7301244763030079
6.079047783476267 13.378017792703913 2.5056248820787754
7.997287916132514 15.006144411573983 5.061251277928715
0.08315859344096785 24.262722707959615 0.21615114165271399
4.864054581773358 13.070120875636212 4.367983691953565
3.509714362544243 13.316219530598742 -0.2977220479413345
0.2093050064290308 16.799008915710672 3.6314321193317944
8.165584374637044 15.267111403239902 0.38000017066189273
0.26469017375475984 17.94714482617317 5.488199068288893
3.026517282194082 12.874906754325407 0.5739795151237281
5.628807427772334 12.837956481601404 3.6415865700785277
0.9605536174301468 12.950756502607232 1.3855192775183145
9.765793005873308 14.263481086627714 6.150594224660312
12.442188388624933 21.095820939650466 -0.5717989615644559
10.596777771073544 13.107748432574256 -0.6334504162769472
8.254978674448793 25.11298794347793 0.5813322930325393
8.607754583834371 19.910335403435273 4.220217595827098
9.465980526310886 24.072233854005894 2.182819902039894
8.822107485834627 22.404020590004393 4.571018775308319
10.29370126685247 19.847448963907933 -0.3025013083992356
9.530987387744732 13.793313753128832 4.077568936523309
9.071001784568208 14.242703354835971 4.945245276354381
8.56515680334622 15.205410644859926 1.7271256057971751
14.459871280715138 13.402759890285104 0.546385916298141
13.096423773672592 16.644511464501264 5.611554879989545
11.679377795361097 18.879422661820175 0.19289633044725973
12.849429782307942 20.862205385388155 1.0725274145349206
8.3059613022117 13.920069887698814 -0.016465709947264262
15.01685120732287 24.809123675056036 1.8438882317024485
9.984846926356918 22.07131140811402 5.77021911208862
9.188056838358758 22.774727492059803 5.5284932993321325
12.057388948382265 14.02091083729704 2.1713440639472426
9.010320020620377 23.03904375642434 0.16057084890807372
11.450971645230698 21.860737821812506 0.5973135240565852
9.74131734035714 24.18134378252718 5.5559619320276905
9.146094273420012 19.501166176012255 3.4699703553104477
9.235698649917005 17.35070184584261 3.951495023986081
9.526267816572402 21.17695627091968 2.2309650631873135
9.133969631956745 15.943416874854838 -0.3326816779792574
9.686816179029059 20.13231472276734 2.4531097439137053
9.495169834906065 18.16344967994709 3.2892898727740527
10.522276024948896 19.404151090276983 1.7803174768592755
10.401623400775302 18.11705321247773 2.334618088307505
14.947396913703292 22.80687743452009 0.6719263275500331
10.955113564869464 17.27203483290659 1.9525283391240333
11.06850069427167 19.742667015646322 0.4569765324706676
11.096477242700516 15.371954822902723 0.7366176169532179
11.550118873391833 22.532797206889644 3.193316450788115
11.400273048454537 14.379363239622354 1.0347284305871018
12.49772001153144 21.274819896687728 4.847623772031017
13.063191859281979 23.4901199544636 4.413695059428402
11.989625622791765 20.932589731162576 0.40628207573951913
12.808108782102277 19.052828375236654 5.352317537363128
12.734543216541601 22.253764014525803 3.854425826735768
13.57944924774156 18.470537002578283 3.252104765124515
13.705614364810911 21.963244461387117 2.9350665334973938
13.62102928928499 17.098987211580248 1.4205818800053926
14.415057367158909 17.916927702153057 2.220156018194619
15.145816328318586 18.810191755473266 1.4567458985044157
15.35716633290409 17.172490468746368 2.9708673388766993
15.765824945763425 21.100857042945123 2.436845267489054
13.187159107776043 24.184504784037884 0.7877745040109085
13.833823106044347 14.743515390576231 4.754203351721956
11.741365201918827 15.31394489689855 4.397027426397905
14.557307660479873 24.103880352584184 0.7433486695596703
9.316030742571858 24.25429697775546 0.797908208266116
12.363229101842652 14.577195719576235 2.9569068751055805
10.515344203680407 24.865488528108592 0.3483463226256922
11.769460155954649 24.717081008980163 2.3836124441473183
10.622173431886342 24.33546888144895 4.932713987823266
11.071880350962775 13.295747684688537 0.3180398988311295
12.766878485656376 15.378337291346904 5.323620788541722
8.951695103968232 24.834323031261192 5.1841893878884715
15.443990346298383 24.98537583710576 4.297628543623383
15.433613370760314 14.065185627534252 1.771149623137438
16.235882397490627 24.274420361267882 4.481610310739917
15.41996923372611 15.870927317675713 -0.04911717103056157
15.452372779023257 13.30833175237065 0.9869810849618266
14.987898742318349 24.6984834805162 -0.43063289590268394
15.490186069131996 16.23766153183182 5.135331133051323
10.494732504647912 18.553469936405516 6.0983993931465275
16.01928876708887 19.49632883998255 5.778962459858086
15.630939475752129 20.206124783404874 4.630535580480912
16.356530564245116 23.500215137869763 5.554754470887774
20.40796831386291 25.24549320116969 5.872015840805633
24.371813451597532 23.152212239045014 3.86552918070707
21.641487732180295 14.143244345170954 -0.3673767298883823
21.63404949634871 19.42989341062128 5.851658326816969
17.039704503453315 14.017612031829154 5.034412779679221
20.549281104057133 22.14274360761763 4.459814024435898
21.2609717303955 17.540688967098934 4.265703645186299
24.429328668657003 18.405168756157146 4.560517835028239
18.926791933444576 17.66420395502604 5.9408408322379245
24.153513784146018 22.562006463547313 1.6627494655129516
22.189914087346697 23.497685826366702 3.8150842752374703
17.83961301080973 14.61500651822572 2.956649426560211
17.54632685589039 23.047612024180797 5.636478899535657
19.295639990523835 14.50309110762131 -0.1354769412321022
22.667141645663374 19.63161790441702 5.609939813884752
16.581467519450406 12.84936283308652 -0.681922239711179
17.318326890678314 25.074677130419836 -0.5795209910183974
19.334480332612472 21.2872990025057 -0.2563284362800189
23.633135627406244 24.516647409394267 0.5386967258505715
18.131594179362096 23.25924874114221 4.475056575989762
21.907271395356368 16.58938923605633 0.5529488237041691
24.261065724158144 14.239996458966619 0.3901296787824926
17.543541036546987 12.887977506572234 0.7930410271019661
19.339270804489047 17.319429104160434 -0.27857757096812263
18.282394223353705 25.348323710549597 -0.1769148221114769
19.345719293941904 17.241738802646047 3.174157884635548
23.985304931662043 15.22161749502392 0.7461860323135994
17.30771080859668 24.06642224583774 3.726351120364
18.518392571514312 15.251226173312528 -0.18627431433235087
17.583524813103224 21.1576593888608 1.1038716759019562
23.98116823066955 14.289477182915519 5.828118885028139
22.247355187724164 21.227871628255183 3.3515196044035642
16.626851626278825 18.312504163304244 5.380237338928245
17.556417710621016 24.354990519444765 2.715770481165065
21.2174111095282 24.50137494972623 0.753541844274711
18.532321175127873 16.60810679185325 -0.18238576433229792
19.122510392093265 13.417217321392924 4.317455571446448
19.050942290716733 22.92793959429345 4.219844312659272
16.81719971478685 17.924922694522504 -0.32958197766011943
20.848200509114182 18.409058475660135 5.412303912146649
21.98208332034601 14.363887829926282 2.0988441077793185
23.4905222893107 13.23361323228845 0.17505420238463243
20.821148194030634 22.787056117897883 2.3878846650353367
20.190723946679263 16.697830052847724 3.596331319069975
21.52357472051893 13.47742990614658 1.66059507662084
21.4827555748916 22.386125915982262 3.497220646729394
21.740179489713487 20.71128451091462 1.0616584667217865
17.21155933950897 17.001757152444373 -0.21847001475740035
21.88923748625924 18.782386740721247 -0.1606899089195457
20.329210752259804 25.048543928357525 0.47406691845790383
19.712848487149532 15.976806196379032 4.259550471051389
19.237472752873863 23.466893180360533 -0.12955587002706492
19.255639957850196 24.449910057467658 0.10163187172074428
20.616579317952528 16.117050653454676 2.7781366649796513
22.653061614203573 22.55656274735474 -0.08746949914720581
17.230140619929635 14.840451213925203 0.02713537364660845
19.390822905393556 19.673406092467946 1.2820286546137827
16.790184423914603 13.426990553943652 0.21856844324066205
21.60604260658832 13.84785827752495 4.610600657737926
17.852635318786575 13.638747250882584 3.938038370493194
20.443303497963143 13.577741039771626 1.7657224385335513
22.686531020085138 17.769315509055886 0.3828539197949943
16.49776432337597 15.922119680226395 -0.002888535692430194
22.03919286699999 13.31279665034493 0.21596472407255485
21.65856140686151 18.175500742270195 3.4738473074468876
21.823372987601857 14.054990659503385 5.648031947876001
23.826287538247026 23.159947129096743 0.42381620334790315
22.060678608847812 16.876483142720872 4.59342232313101
18.559360440228534 20.39611913637014 0.4053788314404505
23.73592288303426 14.630943127278767 3.679762407821795
23.828888804773126 17.49302776996624 -0.4510323060682797
23.09300874271916 18.308493550721042 1.5409688129721333
17.906924407887008 19.534420010638126 -0.4581865958763376
19.69053288678398 18.424020336520723 6.016859399679917
5.2821020573800626 20.00452789723799 9.634413573540941
5.298383773309194 21.401546737375394 11.268734399496307
6.086473703455203 23.562306069298067 8.74771600043261
6.827010384711838 16.151674507382474 7.014772800651615
5.950760483969542 23.880808181252434 10.073245859625734
7.057596538514006 22.598904908359287 8.551244152709044
6.662659260756636 16.168543773208224 8.562513474634487
4.470742041702981 20.48970078356412 10.634878590906318
4.805084119412667 23.14406411319874 8.252487254967242
4.125289652843115 19.454131167986315 11.527311182690589
3.3136897171200634 21.146688767533547 10.220551840442827
3.62534045422485 23.363998638450507 10.8620654862811
2.5345412994515364 20.796362146169688 7.410218809839258
3.1658025511512644 18.341026085447876 7.380186955836558
7.080330722389316 17.17511926895273 6.738205218683333
2.7114094305004643 17.047053330587154 8.149438899661849
2.2962102494382806 19.43920442056787 7.678923124348124
2.538399915384762 17.3447486445643 9.183627087613393
6.0001393718416525 17.002598277403017 8.793858413791597
4.17503078638437 18.680088863491182 7.613842261382513
7.608641402642646 16.472397219841078 9.010721986673488
1.4739136284897696 21.485949748027128 7.806457954208676
1.8241251068374078 16.593177399895435 7.708051124025923
1.1264330720669908 22.503745358988898 7.707719121083617
6.430594836769359 24.6457591217701 7.9561919163987564
3.3544670587598344 16.171230220568194 8.062774219333992
1.164582517405339 19.410438961510604 8.240550915263418
0.4648839017019389 18.28798650165741 12.990670672865233
0.7607472580320034 20.598506068584374 8.542433255719494
0.5965374855830605 23.378160905405842 12.35676944326351
2.618662635961454 18.268247673564176 12.86692967957896
7.253262988218906 23.4098223406276 12.008342266687697
7.241946983571365 20.40850010101589 8.60148118492602
3.598984313844837 15.772196404722564 12.430290539064302
2.746877023756472 16.54859196865608 11.755511636559728
0.5477360685253251 18.562495861100164 8.49918764291759
0.19724975947661144 14.333750141057768 7.499936456630708
3.38126752939782 21.22783499886594 6.897104915183284
1.3713742841052492 23.217447733775863 11.217559146687726
1.7556167429184002 18.618102724261494 13.257894166435765
4.705659548074073 15.500593818044068 11.602864021042453
2.968068884640546 14.539622969991722 12.644371224165107
0.40477880881758665 24.702221368558728 12.610574019306135
2.6666746332794644 14.181048708091236 6.812849447153944
7.9283366294819695 15.321210903045088 6.428699639187604
0.9972958524887181 12.89249523038694 9.393326953155558
5.897663712123666 15.890101105152592 6.508814187484773
3.282365056561715 13.701712358964018 8.943771339794296
3.177454658555721 13.230291027158842 7.652714144360965
6.175958294201841 17.523139904975938 11.352495542076346
6.209659424243135 15.234684671815923 8.895377302918355
6.829393829231414 17.89047143990073 12.12998479923727
6.012586563037113 19.93250313050312 6.532218717026933
4.4811354454153465 12.936216453073634 7.337006961407935
3.1228283772670316 18.13473364756606 6.310749415558795
0.21153810547874163 13.625044792088966 9.504484061069725
6.7522179861554745 18.778000254180842 13.076978049319651
0.5660238621634117 13.189791171801508 12.187183781480973
3.3374708142758447 25.15588856110762 12.344941383548907
5.481863105177063 13.605682003934586 12.678548860008096
4.011233070753869 13.264538050256524 10.72072704357512
3.2852672647523558 25.1234799786829 9.402333950446863
8.144018111753029 17.4572838422216 12.110776055395815
0.1384889163488535 17.518089045516767 12.307205808692807
0.0669347762921504 20.867379415140668 9.225391060882165
13.978396200180544 13.581490241545652 8.426054870473921
12.365953444132078 14.75780071759517 6.485060741952797
11.374443016212155 14.766069826036937 11.991728470238618
9.048389463788292 14.896349799036336 7.069695174907883
9.360100796981905 15.011542086738187 8.097297618270552
8.610548659029758 16.87817871588563 11.427338786070829
9.124689152519487 14.659405488039944 11.552744788940261
11.21047178411624 19.87937224351157 7.700674633300018
9.238558966302469 20.859502603593395 10.381353250672582
8.98002307832909 22.009413601232563 12.316348130614479
10.719009647364764 20.629502732921903 12.104369155186829
10.444167834268239 16.052707887723596 10.463728984253024
9.998005209961708 17.96111617893189 8.215669107116657
9.846449741203523 22.929809856803345 8.116723533292612
10.412149993984059 14.82093388967946 10.998364502475415
9.902548004528622 21.494136288649347 11.439301338152223
10.000172234075118 23.99800319652104 8.075101614167087
10.456669851609707 24.48966011436544 10.015769294019066
10.663000407591156 22.535497149044744 10.88222468285254
13.833213780553413 16.181972738318184 8.730134984363998
15.700396927818732 18.048133765563612 9.553271833786516
13.708546561276318 17.15201495022925 9.188257447786917
11.552401983167846 17.35251766997004 9.218950957497285
14.620607574541092 18.046363974710346 9.574527900003009
13.77841941734848 21.142332016380127 10.774747688053521
12.466558906178689 17.70217790562805 9.468259681157598
14.55512959991402 20.47282987728407 10.40516930901896
11.859069103960763 19.441949857693597 10.492357804043358
12.64552913444886 18.85471586598291 10.04176168842412
13.939592475455537 19.16603026861001 9.998164347792196
10.113850116509452 24.67390950854746 6.898228056767403
10.46315870858894 24.82473716937863 9.062993737075661
10.181110788734111 19.037162586341317 7.338445650818953
15.370409847695637 23.588338887573762 6.69066941231414
14.941209333687794 24.975931648105096 8.326043734802166
15.496078635471028 24.940385009821927 7.388516938147034
10.651569972744314 13.883378780856875 9.960698946438923
15.050338179224855 20.96644282142055 9.568978706020705
15.412340024340354 13.02816232432908 6.48085222508859
8.858855942664512 18.243219590850345 13.024879724119618
9.936325646114764 18.277017280565662 13.090581735452494
9.002973569651454 19.732414233849955 7.297550111250237
15.565960574831728 22.764284528844247 7.376813950761604
15.07733227280617 19.409534076110145 12.175786552351047
15.470781646883603 20.195034066014422 11.530583207439767
10.66868188420036 13.90522466406345 6.427260104525785
14.361570038302368 23.46241382356775 6.297623463554093
15.806818428721519 15.42508897630619 7.248687087448154
16.025485290783607 15.026428072772733 9.561393216023948
10.113702007123 25.337033008906772 11.748033437600043
14.830104180391174 19.142894876980552 6.429584308208764
15.643152500961772 20.996898124723863 12.248498467068277
8.43593512136294 22.748407032069537 6.316985630434138
16.526909964913845 25.112792266849542 7.6979721173189155
16.568826231671775 25.358816802367503 11.046034651240934
20.675822122685762 15.140818267736764 11.184390506565896
22.26831659398238 14.98057869798922 10.711057253547573
21.262204374556564 14.828893545789395 10.320122710970715
21.14112788349263 13.745657745194409 10.31374433835009
23.563932141543578 15.103168580205768 8.130197825686865
22.993827695213845 18.14933635059737 9.2616815842839
24.41481578734194 20.50036931757125 10.743662048176049
21.48156857950215 19.465048578283366 11.541381321883453
20.239621978923427 20.80999055286436 11.533138025601446
20.252668909220134 19.629236172422814 10.333833331708211
24.067230502464337 21.46208992499578 11.091049357937527
24.548951708442534 22.493716511101844 11.815363124028764
16.462333902076406 19.927136346263282 11.165679196817814
20.938456942154396 20.20584723223767 10.95457036108666
17.43079800136219 16.496628803602036 8.599993982260598
23.669894419317135 17.559958037652986 7.201703931429736
21.705787580505636 25.06345862901346 7.465958217989312
21.143269594990077 21.57344343974479 9.362462049287416
22.837120918230372 14.674001917808017 7.4564312329025455
16.776937004779654 22.97011477622344 9.804910425942516
18.500366319829446 24.09427319281646 8.931518387805573
16.69227801275101 15.308862479405626 8.359752426166338
17.66609821850552 14.26526709108942 8.091219841259253
18.586414009840876 21.829448602697394 8.889953814877803
18.13852183376804 22.923536910084152 9.615820314886456
18.754875871492153 23.015538593748218 10.882489009690055
18.935844006676547 19.75395143199645 7.407061534312442
19.71116838611598 19.409296983915823 6.859169740205231
21.13301953304882 16.431168721379844 8.968192117283449
20.798237321416224 15.394324188356382 8.936978560057678
23.487370488405826 24.36749419578327 12.289592255706877
22.52995155921453 23.028874073307836 11.022607859046479
22.720962777846808 21.79407830392933 10.638921737260912
23.508937513456765 23.505600177404464 11.763499521949237
21.062626848770453 21.00566078197236 7.341839325854038
20.90370428245331 20.138881992165096 6.717469125249842
21.817874129387285 20.924337840206828 9.920736751549313
21.641656996523384 23.608953256863234 10.82051651660035
21.543766875024524 14.719845283818648 7.766430347171399
19.82270073168487 14.463492333225616 6.600694910693424
20.898725844883252 14.373140113069079 6.580534750308572
19.720136677328764 15.39697182596135 8.776379704327162
24.101763934365383 21.907668226911344 7.900130907823608
22.238782004364573 20.201318478143843 9.222038272954682
16.915942258368222 20.256637949876676 6.5286113439082065
16.628321732573895 24.455532422432974 10.598108748602478
24.089285271167885 17.85162947500746 8.466188815708552
21.195014530883693 24.171186315793268 7.827981712859968
17.98820135346829 22.548974496686487 6.486483337469768
22.585831119676932 24.777282396310806 6.8900011596936315
23.083893665621645 14.2877356660583 6.2917947653918915
4.3387541200929425 23.00880402872927 13.654154286788875
5.890932855555373 19.367039797364857 13.35558232128712
1.2981296623389809 22.90010125348402 13.481146419574753
1.166025668290945 19.513499021737378 17.2371780543818
8.04033695852042 20.81487599376776 14.204152362964868
4.066620230928013 16.48781280095786 13.55755994301216
0.7615688653966873 21.278583301361568 17.71193245405906
1.0898393142997203 20.564122720166193 16.95702544624933
0.9568772490677442 25.30175900780845 17.09674880534343
6.500908708689162 23.212668612149912 14.367327169387927
1.765890898511839 19.589735299462724 14.112704965596313
2.660055827303508 20.100067459617108 14.438941331482537
7.952306207506408 18.896159049529384 13.721456435865084
0.8759770498839233 24.025624240623085 16.58403851331648
4.95651531669323 21.834650457135197 15.419872896932675
0.07710248789750129 21.664454381976263 15.345894452838122
2.114212568864975 20.90100363755535 16.79805789355017
0.5161386577917703 19.80161160579061 14.576751853107508
7.4035551196022125 19.802477704023556 15.497269440578263
5.150842153466116 23.015728976030243 14.740650189022553
4.831025518141983 24.04694382840058 15.577376747998295
2.6029216519585994 24.226536930167757 14.834500054069201
0.1677189804718122 20.639875156917764 15.706624355873734
1.025167832623321 25.221296965419135 18.442656931877256
9.90081277777944 19.179098988680597 16.089765606832646
9.626513426231355 19.968129254850705 15.389557705713093
9.75647249725373 20.895095063460342 15.948078098810718
10.46119836838886 20.006637638319713 14.689616171210965
8.21808486226614 19.90696573611191 14.780524332424525
1.2299508854312522 26.2300542668164 -3.3499998935683193
1.2299509239594082 29.070000257034476 -3.3500000461401425
2.4590443036332523 28.359473649776078 -3.349999867925443
2.459044007137339 26.94052896039496 -3.3499998989466704
3.6809554855135573 26.22953657722567 -3.3499999494757926
3.680955632554561 29.070520221422417 -3.3499998907582196
4.910049114185784 28.3599938247669 -3.349999882013728
4.910049220748628 26.94000866270911 -3.3499999305946213
6.139999972135423 26.230085134216694 -3.350000291146774
6.139999998316887 29.069969085182493 -3.3499998943811193
1.2299499627395596 30.489935120669056 -3.3500000339343297
1.2299499524018251 33.32006488008959 -3.349999895132749
2.4590402292411384 32.610803679469 -3.3499999626211996
2.4590402363456834 31.199196297700563 -3.3499999970837235
3.680960229783717 30.48941302307017 -3.349999887679942
3.680960240590805 33.32058697429313 -3.3499998804324624
4.910049631326675 32.61131705606507 -3.3499998820120105
4.910049629558168 31.198682937972563 -3.349999914130617
6.139999998899154 30.489966834691444 -3.3499998634677173
6.140000007470799 33.32003317225064 -3.34999986807179
7.3699509048079515 28.359993825530307 -3.3500000712470035
7.369950853848559 26.940008652640913 -3.35000022215144
7.369950363445181 32.611317067819314 -3.3499998967266786
7.369950368952014 31.198682943415008 -3.349999879013399
1.229950911845181 34.7399997265362 -3.3499999340073803
1.2299509089611664 37.579945746979625 -3.3499999026554272
2.4590440316390416 36.86947107671745 -3.3499998938959683
2.45904431437527 35.45052637551569 -3.349999935360292
3.6809556473057734 34.73947979447713 -3.349999892528732
3.680955484698534 37.580463458423445 -3.349999855436957
4.910049217566135 36.869991369890286 -3.3499999230390465
4.910049108602226 35.4500061996363 -3.349999928535208
6.140000006159159 34.740030925347874 -3.3499999501713296
6.139999968446543 37.57991481060622 -3.3500000449560763
7.369950746796033 36.86999134656709 -3.350000136029707
7.369950888189104 35.45000617740454 -3.3500000129577523
8.300684347568032e-09 28.360025030579095 -3.349999966887035
1.2743585508518235e-08 32.611348111632374 -3.3499998965517186
9.992499242057075e-09 31.19865186910779 -3.3499999086860752
1.6160882914719685e-08 35.449974968771826 -3.349999963279706
8.599044544079181 26.229536554095066 -3.349999851322716
8.599044380552062 29.070520206623144 -3.3499999066374766
9.82095567665302 28.359473634449124 -3.3499999190737006
9.820955978381566 26.94052893855318 -3.349999872726558
11.050049085906561 26.230054266052225 -3.349999926773547
11.05004907900878 29.07000027154061 -3.350000151703579
12.28000002030273 28.360025079723453 -3.350000169639343
12.280000005804533 26.939977320896407 -3.350000115688214
13.509950915330334 26.230054251094757 -3.349999866167689
13.509950906587648 29.07000028474349 -3.3499999410789183
8.599039770355866 30.489413020199475 -3.349999876303311
8.59903975334386 33.32058701522119 -3.350000061096867
9.820959804999994 32.61080367702647 -3.350000082925483
9.820959793226592 31.19919631443996 -3.349999898169637
11.05005005645893 30.489935143111442 -3.3499999594015195
11.050050017103747 33.32006484584925 -3.350000320859765
12.280000022292501 32.61134803987285 -3.3500001703306523
12.280000005387537 31.198651882573824 -3.3499998641161266
13.509949939493037 30.489935115788693 -3.349999862373566
13.509949965478372 33.320064902057354 -3.3500001234074253
14.73904429147946 28.359473682537196 -3.3500001594683515
14.739043987075807 26.940528897898073 -3.350000167023323
15.960955509200115 26.2295365560766 -3.3500001760378986
15.960955640706564 29.07052019516959 -3.349999933747394
14.739040250725724 32.61080368928996 -3.3500000453898715
14.739040212663953 31.199196325457617 -3.3499999002070813
15.960960241952385 30.489413035119703 -3.349999946659162
15.960960227527934 33.320586977424796 -3.349999882401018
8.59904436202619 34.739479795147 -3.3499999182785665
8.599044516260467 37.580463445834816 -3.3499999774368803
9.820955970371314 36.86947103766375 -3.349999896327441
9.820955675507147 35.45052635360677 -3.3499998835445055
11.050049095068353 34.73999976252927 -3.3500000457843337
11.050049095478737 37.579945729841974 -3.349999894683685
12.280000016146909 36.870022625912 -3.3499998688276476
12.28000000532845 35.44997494224328 -3.3499999329737005
13.509950924617018 34.73999971876349 -3.3500000482967183
13.509950925414163 37.57994573505327 -3.34999986967778
14.73904403757714 36.86947104686699 -3.349999853292498
14.739044328144002 35.45052635752338 -3.349999899989297
15.960955610383056 34.73947980644016 -3.3499999839158
15.960955467971443 37.58046344074915 -3.34999987043377
17.19004910462383 28.35999379477279 -3.349999862379266
17.190049222931524 26.940008647184786 -3.349999883296957
18.419999977085865 26.23008517731289 -3.350000097031207
18.419999996755944 29.06996906543206 -3.349999872565357
19.64995088192238 28.35999378206388 -3.3499999376651965
19.64995080098117 26.94000865802219 -3.350000012220542
20.879044493390595 26.22953654991392 -3.34999991206271
20.879044375306012 29.0705201855344 -3.349999988750114
17.190049612071444 32.61131707979959 -3.3499999088517685
17.190049616265995 31.198682939772148 -3.349999931564074
18.41999999629457 30.489966832841617 -3.349999880571468
18.419999987839365 33.32003317474766 -3.3499998616169915
19.649950350575043 32.611317061893395 -3.3499998839428557
19.64995035402119 31.198682943960304 -3.3499998935731137
20.879039754127888 30.489413018639308 -3.349999902439813
20.87903975455343 33.320586987298256 -3.3499998803997166
22.10095567613028 28.35947364299973 -3.349999894095106
22.10095585831849 26.940529023258176 -3.3500005054763413
23.330049222971418 26.230054220222154 -3.3500008262262537
23.33004909004173 29.07000025887406 -3.349999887137188
22.100959779388845 32.61080368872686 -3.3499998928355446
22.100959776649614 31.19919632039022 -3.3499998998937763
23.330050058534493 30.489935113164226 -3.3499999054349328
23.33005006207147 33.32006489635779 -3.349999883118222
17.190049230603933 36.869991349783426 -3.3500000621853565
17.190049110474828 35.45000619375173 -3.349999956396265
18.41999998989894 34.7400309307253 -3.3499998580558845
18.419999991603753 37.57991480681298 -3.349999860489584
19.64995075747076 36.86999136040159 -3.3499999473689868
19.649950874783816 35.450006179226314 -3.3499999521081767
20.87904435243291 34.73947980017564 -3.3499999050597973
20.87904452285796 37.58046343433477 -3.3499998689413815
22.100955970587183 36.86947105804316 -3.3499999190144933
22.10095568561541 35.45052637382073 -3.3499999943474768
23.330049107142482 34.739999734230516 -3.3499999175159143
23.33004910811244 37.57994575165946 -3.3499999227622435
24.55999999379904 31.19865189961483 -3.3499999598576427
24.55999999106885 28.36002503467983 -3.349999908448511
0.5595569598410179 26.311581331662914 -0.051705532584456204
3.2386592212937977 29.35356935319912 -0.3407312765037329
4.8942507966969675 29.566354039890925 0.22170307176559656
1.680252671803007 31.386696766633598 -0.5745491589636531
6.438155208707983 38.18705309014747 -0.6356201764045433
2.873145571604676 35.00577277731738 4.750700227770911
2.48706097472139 29.34439783505161 2.1224671399017603
3.509027087650027 28.012218294601855 1.6861964749921265
4.247735401138685 29.374689411167626 2.575589297892952
5.432427061840984 34.83798279877069 3.2382879240922566
1.9195314474833225 33.64731407262016 0.04522664601035675
1.1688791360358075 31.05087069956757 4.517750450065115
5.2844061595449165 35.5671736555667 5.348607523970238
3.581771913207996 31.161985499802913 0.6029054876298479
6.107289519212452 35.57906018129691 4.226305822808584
6.483341598458329 35.0430879736603 0.11610602795267377
6.929716122950617 30.98989956583682 0.35172674547005234
5.030266458496 31.71425712720937 1.9997478483048614
4.231978457513013 32.06812508607669 1.3642057685335007
3.506019743045114 29.092922273723545 1.8282171262330038
3.72748029512406 34.10311025639728 1.8959061538408173
3.516514475920768 33.20497029800644 1.3344455245821585
3.8484070372679358 29.735258847516793 0.47818308484200545
2.6811132270710862 33.02499138527337 0.27502583177104967
2.5195521880937393 31.751432885078945 -0.0010128603834791416
1.8502107076304188 36.02601896972303 0.5053672224882622
1.221116503253466 29.055271381840242 5.456472974705402
3.1027959879183515 35.77823249580418 -0.13737448588823975
6.08470310063991 34.05937029670778 0.3155725165670731
1.96011885952131 35.67194238469701 1.8272638555954157
0.7330785438766181 35.298733606413535 4.504326041661624
0.8728176384434047 35.19274326197618 -0.08614417479034131
0.5311404068238402 30.174482411488007 4.633218548705718
1.4931389387514546 37.34067106459991 0.26447331607099556
3.6107995045558625 32.41272663631304 4.585900212054176
0.3630002907421138 27.890492899469443 5.609694663385476
2.1822415367884744 28.793642575436206 5.01387943884102
6.847561292155383 26.684050723481175 4.204240397259196
0.5885109556417512 34.97370383293023 3.4845928125008143
6.28132578791556 36.960304899462315 3.867845575796532
7.31099993863353 34.973741400313706 4.648149047665434
5.828842730693077 36.1661248787484 -0.13847122571846837
4.826954958536623 36.29113787461761 -0.16478933438858867
0.581571190503139 26.61563144634284 5.230293653750836
4.5881440702569245 26.900433485899118 4.171476510670633
6.7299256512107615 37.208670116069634 -0.2834316405010695
5.6717399856267505 26.281441773721763 3.5529531725594463
7.731463002834342 29.494786053644404 1.9571671992317108
1.9913228157138516 35.365262561719405 5.087235102750193
3.704895765764809 32.29995973659024 5.942176940252723
7.302437082621934 32.17158199106087 5.257525120283906
0.29206037995331824 29.87097569840318 3.613991186447967
6.018217056814689 31.00249142982451 4.531172717784877
7.060598230333549 31.296208014801056 4.654752882044249
1.4109259780512762 26.3052142795432 4.612060834410907
5.593449365225921 28.863669202245184 5.804579433072582
7.997662159487051 30.111469277971572 0.7375219667388688
7.997839490821996 27.18100409062873 1.9386108929518908
5.771373379518082 26.660825392566377 2.2484861931188793
8.069647287353202 28.984482297140886 -0.0705389855844929
0.6804129437781509 29.19794474229765 -0.051495056915819015
2.945405433171914 26.18009146614445 0.5733659573574812
2.184487718312474 37.80454188228751 2.825805441161995
0.7382972786149219 25.699280082012997 1.5901629949934892
7.78746404915261 35.29291733651109 0.057969794325981594
7.400379772695969 31.54776346425215 3.6500796219817024
7.994894403250076 30.143767115239402 5.146192424748697
7.935618768357716 36.66685533135681 -0.1344768193136736
0.3597139967384674 28.03996415677322 1.9503960354092365
7.867334479762332 29.355979978039674 4.403750579681883
7.970927400692712 33.76640028399017 2.067586220607046
4.128165513058058 37.75741549974295 5.789880213598867
8.42976439675702 37.15020106985908 5.964232296936746
16.121146653172158 34.32890030093098 -0.608977546350824
10.211348364307174 27.74994534828509 -0.47056534010578965
15.804966425909422 28.82170441990659 4.159132202689336
14.915654835349773 27.66070743239163 -0.7842660819962255
15.38118929155062 30.12117720307402 -0.5589330978672935
10.679189504156732 30.256253047766016 -0.20156634753834335
8.697271232667678 33.47735773617832 -0.38870289703677896
12.512068615972108 26.44491915489276 -0.15531569350667684
9.784807839694734 34.84868383654854 -0.19040504389431945
9.413329488676844 34.64767856560599 2.3486626990921087
8.902895816924548 34.35740795563415 0.22066574486397816
9.55099095900183 33.00907580409243 1.76269224568937
8.97018135667908 33.925980425596165 1.6624619064649082
12.270545611220431 33.704124097519156 4.38167599148094
14.936071773787274 27.539835914382312 0.9728811539148685
9.190524756889722 30.805749753212194 0.8322484780161621
8.86452956398843 37.194848433496034 -0.291791846658207
12.03192920828932 27.198419513184213 2.9146720963453876
10.991957604693662 28.60045996914662 4.272987222926434
10.828697856128954 27.64795010815012 3.3125911797380416
10.180536935583355 26.546470186365074 3.89092678013349
11.36315654367352 29.513172532720294 -0.19059197032410657
11.20183624160372 28.16357063135688 -0.3512008139293199
10.096634187047552 28.050768340855015 2.20359853239953
12.583102799504147 29.567266679868705 0.19076445281823173
12.899897219606952 30.506504127089844 0.6195701350652394
12.209603537226648 31.53312609650466 4.55925882902681
12.336983887531307 27.509732368054394 -0.19911248476989662
13.814925362418371 34.847225161698724 0.10568666846061614
13.257076064995118 28.436975493363228 0.051791361900832555
13.558536006600825 30.937500729401904 4.344749548058061
13.266804442855888 33.5828384258972 0.14962409013629108
12.078944235898717 33.497071100688665 -0.5302625727536203
14.71821690175491 28.20639808509229 0.13841478074205216
13.853470859872218 36.60049238530811 1.601359429481658
13.996655977507729 29.714500501424993 4.560795437662554
13.0309191022669 33.212488630825966 1.438485367321397
14.88826866004124 35.892527319987614 4.407181512895129
14.176561079034377 32.67634187297855 -0.3676267698529756
15.69288809241211 29.43879100596614 0.23182156417220434
14.605475377178015 31.692814432026243 3.792321282746669
14.463377976789033 32.73261928891415 3.5373424829120017
11.316184696508838 37.06432850804004 1.3668573282988816
10.128883976385914 37.417565821766544 4.474207584926232
12.089205728097179 32.94937253355735 5.1468987848449395
15.23124070703639 29.652583253963414 4.183198000363403
10.0740016764378 36.63432692722705 3.7181488784039898
13.450006929926662 28.884182135754525 4.982869163877677
16.153882496173164 36.20593549712643 4.804882621357935
11.178905823682948 37.56239792530096 4.728329175048634
11.673442604533893 30.767181706623294 5.119580741858556
11.74674046382109 31.611684181096454 3.5755483010821685
14.332212364704157 37.03947992806659 3.943787668071841
9.05276273573722 30.404687268029356 5.176774547052792
15.631276963463595 29.96158724254023 1.186278563771097
15.677630017336874 30.902206172133763 3.7578852884377465
14.152032598493184 35.29221691498384 5.487597101122491
11.092924870266703 33.125641564936124 5.552427675194073
14.9202734722041 35.00860816192581 3.336922371258433
8.234848352198897 37.9823497834916 2.3933377543207692
12.829918612049582 33.23010851465036 5.895652237215118
16.270222043396426 32.57912158464042 1.216724710057927
9.458512853120848 36.8412929294615 5.778888360815526
9.62169368891055 35.769290350049374 5.889714732555822
18.90950956237426 35.977517563839655 4.926590910137944
16.847711610718672 34.82172957368019 0.020007883018753336
19.18530009981056 32.47476033979858 0.09394142984756715
23.405009623378614 33.52228928481074 0.4489540875925613
18.46147815557794 26.614641699862 3.005996503487119
18.20928286419416 36.16864336940589 0.9410060668800202
22.94531309165999 37.74108373251694 -0.19767443015220376
23.136905322000874 35.97981818541399 5.000834824225889
18.95208137066606 35.06061842307243 5.514454505692931
23.547454810014724 37.95646279214037 5.408222582547512
21.253804370278605 35.7225341918589 6.016581524602933
24.30527541786612 31.209561693811935 3.4439437629189418
22.864867994982795 37.149198274582716 5.629128079537988
18.282677702753485 35.07780192544723 1.6086933664807057
23.902219202316846 31.467472438325775 0.5630677470254053
17.421876673433044 28.50317660841503 2.509126216697722
17.07009168680728 36.87342864596035 -0.6900758763441817
21.449661748194977 32.90976979021934 1.0865115361263966
17.956947947574612 34.910306641646535 5.933042415932186
16.729790944778127 30.98639301153218 3.5292590459609388
21.42640894023165 26.65964861459129 6.128016506618782
17.93654664982291 27.807078326553256 3.5377182064760246
21.286111995588072 32.4459684505523 2.407176006044188
21.237173138706464 27.34291429035287 0.3817811758061018
20.514949645784746 37.87582128810503 2.221829558851971
23.766517445956186 28.438619061995734 5.997983017609517
20.78970228357857 28.806225838908475 0.3050894533438042
17.33316649090566 32.800531062263815 1.3127816974265882
18.93962262204615 34.93328620416667 2.4536422284322637
23.51044620949733 34.51775075849663 0.3146425815994758
18.233848899050898 32.01493392641105 0.3611497420559384
22.135205275395293 35.12877398829431 5.211398225486087
24.43442683475445 36.50824919755492 0.562795565240003
23.962043872391376 35.84924402587071 4.433211039039776
20.121105045357186 28.98673445588424 1.1468105307943877
19.7030925947318 38.13299606722198 4.307573003761995
21.654359060156256 35.09278906679465 -0.5215038079613998
17.300096835919966 36.039768113091 -0.04315412889973502
18.556072831159295 37.07884848970353 1.2081452773568235
18.515943981282195 27.463265789571242 -0.38889548520894435
21.702183327445603 27.139402471764615 1.3463787417213768
20.86438040371544 31.105381836530587 2.3717651915580165
22.472839709528206 31.25028011601884 5.406133777285768
17.752258810278313 31.857428939651143 -0.6039218437439475
22.63206562053492 35.43295641640248 -0.21364660722348328
22.95667630058363 28.766023459277218 3.9430890684001407
20.3221671687301 33.217908679898386 2.9110049123372885
19.264701575836227 34.277207361022334 4.824066415264117
17.664949757261162 32.42768355901595 2.2818041964305658
20.245035770024156 29.080197553531022 -0.5984468705601076
18.492105089714638 31.07059178593949 0.8403382871800369
16.720850814458792 29.17601537979478 -0.01786145972182296
24.400320369681776 26.99575330140208 4.380509895166784
23.996199014317746 28.27764491878032 4.7118418440732555
22.491313409745043 32.69487807874864 3.075892191872759
16.831742038685917 27.509361783724373 4.369133038883143
18.936865259251167 28.456908931685717 4.190501629280076
18.923059696306574 26.490024135858324 -0.1576867526249004
21.662671840422632 29.451027879355667 0.40635386716740163
19.187889357926622 31.898190921192775 5.592700272719489
22.041394467304443 34.17237757092585 4.718543860483283
23.18759914294098 36.706155608096175 -0.006307644536842627
20.253065417429845 26.34435824138303 0.20812773857750821
17.4370826739456 34.192103822283016 1.1013430017921932
21.99541017582306 27.205865834939306 -0.3891885489576252
20.790808866487716 29.91693522978121 4.475500443834184
18.027524961154317 26.41953042582171 6.174946004580822
6.795535468487372 30.829075194321483 10.376351840965517
6.7601040354378625 29.314188990288446 11.868785964456785
7.185974399885575 31.610459441926626 9.741217132136457
7.40137203923763 30.40610309560997 11.534790254254785
5.685913752790286 30.104185985984266 10.198236893221578
5.419579164215857 35.57376243391528 8.654392845239078
4.554656908260625 34.89208170384817 9.482813863406497
4.756808985924243 35.30732558146913 10.770356916430408
5.730930883300286 29.055181212774645 11.123594655167437
4.7152715906883 33.51443037656939 9.592937676144018
5.037615947854143 28.3275956472688 11.223762739478786
4.938567999972278 30.18486794193674 9.422759783534872
4.202629138212859 27.149396436680366 8.815395272777808
4.1604187168608275 27.250955764271982 12.484296541138907
3.2689029388859137 35.259771761941145 9.179926380903359
2.9953075253092085 26.44670263280158 12.6970983627384
2.5350186928583045 31.667830260193483 10.4981828059617
4.271272402465908 32.218314749115464 11.690236856642507
2.567434177788473 32.22416108787698 9.573063761470697
3.4104067920976195 31.59331528964659 11.503994872800472
2.0517194614794407 26.90564466716744 11.843230113305088
6.672867829377654 37.32759665771769 10.562908206365787
2.8780696817661315 30.703447368816875 12.4056037259729
5.577923907248499 27.775720963708807 8.185759610509892
3.2741696061283116 30.362925305056205 13.270039712022328
7.013312745968769 28.72142204986065 12.735338157472038
1.955691970954332 26.825303023462652 8.635114607275534
1.7135020149067124 30.26875803527152 11.978517224700377
1.4774700370767886 30.882916016425472 10.869731627279103
6.326541868237963 28.34057851041899 7.810783477450105
1.3589624281961448 36.88671191633805 11.74080312773362
0.014791978258301697 36.69282993162028 7.8578930300673235
1.989116407844151 34.85821777145889 11.442549488763557
1.6004535523263836 35.48534294714516 12.244893055806731
0.5790990149427346 31.580249525941845 8.213276855350655
7.588525173184274 28.522619887228508 8.390256649430311
1.0964240686412088 29.551671240081166 12.499479158402057
3.212018104641635 26.229993734379242 8.51852706366877
3.4412136440653778 25.69589064200678 7.279713731945056
0.23921084032421058 26.055316427664053 10.421987973268196
0.1904532182270662 30.785691252286078 10.182604109522021
2.5700482996572362 35.7774265412913 7.066563533942816
3.2789964547449677 37.49369749584517 11.068142406497316
2.2509737446759903 37.807775928668164 11.172660565543344
0.6257253252747761 35.091698040821235 12.53307454747587
0.5282544099236909 36.141395468794435 6.555509069932473
0.1454110500918984 37.49234553254175 11.781928088821752
7.899135138941091 28.23050437479918 9.382521723156747
6.421761776811365 34.29590456405175 6.874059006517934
2.62779318458954 32.94753905049707 6.5242683720914405
4.870327806107932 32.78573275674719 6.386019970250293
7.654263238441591 37.66992565604306 10.856291757274867
7.975111205960988 25.67714960887912 12.154688832217541
3.285906871632911 38.07773462726665 7.283204270509669
3.7406351695765023 35.691061471512064 12.820630254507227
2.776882300105572 35.424070653642765 13.254215666742088
0.8411764163795501 36.957578163415036 8.517511961871039
3.6672240242504177 30.950469707344116 6.352932872966141
8.003825897969602 32.649833027682 12.448698947034075
7.74560193654625 33.084089301419894 11.482861551442546
6.36968379615364 28.888568316579775 6.555072699090804
1.7695049136906078 35.78772100653297 6.341701953260275
7.5281489570022035 29.42449425152677 6.364255221235348
7.207909441976723 32.73083403714196 13.189006877260784
0.16506336108600664 29.734381645375155 9.895892642040458
1.405985613828018 29.403583783550097 6.47264317855552
8.290776253315373 29.288624514106882 7.503641944865582
8.439819619910429 31.179578959799773 12.265170787589685
9.28954902549751 31.184927348494213 11.58250591218293
8.639841739868459 34.33097529588133 9.287683138251815
10.712270703182199 26.073999059931502 8.516214234508546
10.556317271512473 25.95721741370053 7.16371358525408
8.711613800454689 30.575460868412243 13.130774192860095
11.101379416542096 26.905007568232197 9.085792383922492
9.17686584821649 26.3105093305183 12.139674621531988
9.255879171465164 29.77046319870053 7.5566309944140455
8.753488124013874 36.96354680532365 10.512670297146837
8.793443709387557 36.0958406192483 9.997316510132633
9.246624756568945 32.18202825299846 8.838483403735273
9.244159919809137 33.492229399099855 8.372074830864012
12.426269817184751 32.40729580825491 9.383911080076569
13.13363171252802 31.28530571828763 10.540822362945551
12.641391559449652 32.252715347345024 10.441231994983461
13.309648289854282 29.248568184462556 7.741360231562427
15.317879680683234 28.44576907218703 7.174481969402072
12.837589458999217 34.282306006289296 10.846823843943243
13.487691399230009 33.412273412673926 10.939077592443219
13.711393498762654 33.27414083980036 11.99689457257975
14.270977854429217 27.642259818249872 8.936441486220897
15.178762442612497 29.624195348106692 9.14339128528471
14.50576962732626 28.807875617381406 8.246851803857565
14.826539013026807 33.58082975607131 10.229402955749315
12.551981445741708 37.00290716991426 7.516903905314196
9.845908082447485 37.51986740891717 11.012917552574462
10.852732456461569 37.14779801798931 10.893464431155085
13.617887034717503 37.53647704413971 12.122314759610479
11.74932666387215 37.424950428316755 8.121655746306761
14.25348235661405 28.451029224127574 11.567853686714214
11.660205717164947 32.31574516893928 10.911765293087877
10.492018731488626 33.945839527538794 8.055899196996156
10.758360004218753 26.594898184526542 6.315809127978191
9.119011405658421 27.37952527767169 11.25364961824462
14.832879311074436 28.08281701668291 12.414505291608497
12.857005101806832 27.143123597766927 13.162604323537344
13.830592019647984 37.20894248443637 10.755092952419664
15.40130195646572 32.899233460231464 9.245599136981074
15.002134626810891 31.966474456584816 8.875428792396571
12.576284036241118 36.76500257733892 12.594927770599378
14.765482570593823 37.30808005703583 12.850300237744952
13.204930264049636 36.34671305521463 8.092375124829152
15.575157105921301 34.631754002438996 10.471316748019259
10.041966830008384 37.274412910864626 6.59134669133255
15.49294052166531 25.99589867591531 11.464519264259135
14.466135241458623 25.811647887183938 11.185015126000703
15.378934019419047 35.32006628046878 11.280095276555151
12.113339600979172 36.370944441408994 6.7446886232639685
8.607745216564533 33.483981241370685 7.171722019054902
15.925167900984846 32.18631423313466 12.836618340603426
16.319529026377932 36.8788246261513 13.014553189660084
15.80423044202121 27.180754935383902 11.87381347711786
15.475513870949806 28.89407714355831 12.756525509735617
15.198383397319406 25.74641965649643 6.717856298298034
15.994305933931718 37.72632562697149 8.107508651012282
14.21846806700571 37.55213661646982 6.372249124675882
8.805576601978602 33.22922189267423 12.906524625353741
13.51549939917386 38.04916798899372 7.040751082159509
16.40634270732871 33.60670665106955 8.71088697505461
20.34758216876529 34.088785713405876 6.879427007801716
16.465466692372406 34.74482845752174 9.516374702046113
22.220329477783032 25.533936939071836 8.303810708485306
17.31267620765067 31.996033485257943 12.799744277052604
18.637922940459433 25.88091167227643 11.157586416691156
20.445441804013583 37.2789759265904 12.71007376159382
18.313069393598763 37.58897818864578 12.790533998828757
17.085351367822284 33.39008794027087 7.899453938353908
21.829245641083457 26.012343693517376 10.725868660187919
23.854054910246255 30.131544240299466 12.196570584731536
20.212104291522074 37.9844149702313 9.907197034268414
23.74037718840567 34.495975367839996 9.853421718263085
23.41817407326121 30.583817450486023 7.301392147850159
23.57927041740121 33.44769900822266 9.60190376177524
17.00421346283424 27.987045374108177 7.734360478973396
17.213963588475977 35.42266906361677 9.496765795077556
20.200464685751825 30.786693056517954 12.529104066308841
24.152000702052746 34.53722289322261 10.86186840761107
18.946220611439664 37.97310158681058 9.242673073821868
17.936285960570874 27.62852553486209 7.885371683197116
18.648393359752735 28.726854109300987 9.563229252658935
18.871026297752117 28.038217172834813 8.761597326765143
17.720696644138158 30.732002700437512 6.97170155772703
18.55496740716322 26.84771915915758 7.014504742674262
20.03961515600203 30.386160654228117 7.004445646846711
23.379156274990674 31.66949315781347 6.413920133604881
19.136283299443786 32.271991494662174 7.795727912993415
18.95775864956554 31.28558075643068 6.835689519419219
20.06633553776151 27.440074123738615 8.48465844897142
21.07930983785449 27.43494606759372 8.85916715432871
19.076222600957095 31.087527580228656 10.300396841355436
19.787605949770942 26.678518198685417 7.325381947425347
20.146809990716573 30.996764304470254 10.409962660199017
22.092463262903767 35.24502342138527 8.571616456116715
20.716349515957397 30.816716424891027 11.580757379016323
22.38627295019248 36.244228960001685 9.949686685653257
21.543522390873925 34.760093302071404 10.209733675332911
21.190689106871933 30.850087019692857 9.49989922218471
21.03075052879535 30.90989334777461 8.504438095702763
22.352840558395403 35.20293861454348 9.629223440332416
22.04719460501371 30.65443595183826 11.510603571255277
22.261134501146838 30.677291473876366 10.192830828154348
23.242264873459085 30.602370395082424 9.74766790914318
22.958958273639222 32.81586736724672 7.105531773782752
18.283996026453398 36.857076417536824 9.677160025358369
23.789830875761535 37.62607926469879 12.327585002809839
17.616156244708286 26.126450914537884 11.406791753507783
22.16111601415152 26.8668998588377 11.75397899266806
22.824137469853586 26.11975657787968 12.766955354231431
21.094173528687467 27.52868742627407 12.261982345679051
23.02361029067462 27.84076806515379 11.256237357689152
17.901658833462733 33.06830920902267 12.158889291880406
21.24985080856957 37.68655832569979 6.94292789317435
23.02752766596641 30.71144465586732 12.607262954455624
23.352392668080363 31.74937218887642 12.679851980174423
24.458270540563166 37.22545510247961 9.248713086720473
17.170120312488347 27.20406029718449 12.030452524511961
20.814289666283102 25.91215168989158 6.632653348512042
19.471308518904433 36.988069634865106 13.07454306381006
21.722942801127772 36.968962728739974 6.288985597717777
17.73438125691534 27.99282768505754 12.50569519346914
19.639270783782766 35.61021706533214 7.414342708865097
17.67890692985527 30.754946854770214 12.181122070878764
20.034641500291674 35.07906986276992 6.54851094351348
19.1709392420413 38.11335570053333 7.863054569760352
17.293917839431398 36.68893731242514 13.200588801712941
2.850049714765662 34.5278042568448 13.870213292900445
2.581914394751193 26.46440948929062 13.963754623265446
4.209664554030287 31.797492693943205 14.465762298819119
5.9628427704379705 30.446867376362658 15.124859356607459
3.881986758204857 29.625732248435828 14.691628218733527
1.5760947831909058 27.933267194021532 15.376640212086484
2.146122750753581 25.919843956439724 16.54640729530547
0.8434610035673462 29.941220606343283 15.45130205656055
4.180543630943296 30.96383232149133 16.48077116176582
2.6250300189746723 36.21772552891576 13.985757069326828
4.598786728217895 30.716208198572286 15.192855622554859
0.868318055459658 28.60466687836879 15.1151549017323
5.276595417321441 28.655196180330545 20.198062273942718
5.351281307409757 27.06543734902611 19.500978577934653
4.292514398946786 27.375311586059173 16.518838873670404
5.172620688197071 28.112940555158307 19.258249477330615
4.148592541386424 28.14249735104691 18.885969004496637
1.6335094798746066 30.501770380021977 15.928803214976972
6.155904640524756 28.68819445827803 18.23521579565684
5.348169099775839 27.238327735280546 16.336551799989795
5.620095800143252 29.59681564797678 17.96059529292575
7.447572776135261 27.649029597698718 16.43717237509245
7.3058881925221915 26.8191152691089 15.432211534676162
7.117775233515749 28.982567483419732 18.65503657264912
6.321584138800203 27.83632975058732 17.06046831075782
5.932156393820757 26.764874477890103 15.202217694636717
5.463831268001547 26.282356677024726 14.357085664497239
8.011875641415157 26.60783096877903 14.74153022869597
9.316716071720029 26.791247465387418 13.413393225172465
13.802897918678111 27.5422983892183 13.528727615507282
14.238657957236516 26.665795176289933 14.008264169460432
8.357833847716329 28.15240082567217 16.727761756129745
13.427473067041074 28.351721035242786 14.154819590469733
21.933760753043355 31.004370799581224 14.53620044625615
17.850402977664622 31.998517176880572 14.086272657581135
17.36194671898581 34.729558035205706 14.120254748853778
21.525263002819546 35.68115127405116 14.825204600531073
17.816856403087705 35.67107026976703 13.850047622099313
19.93174633299524 34.32239696599157 15.289116532344675
20.251628488076182 34.974745564637 14.47657932505964
22.471849652263238 30.268531846618803 13.93862085163532
19.184393215723755 35.86675804336011 13.880215393884233
21.96930470081987 36.34430510901654 14.082807158704375
20.542018196380823 34.34327102186116 13.636928374147585
21.3984867376343 36.392324965241826 15.641451964819845
23.260197295414372 30.1061954835417 14.673641190692237
22.249604831443555 35.057755828899914 15.349425006693997
21.871933515421972 29.36476607297296 13.831812353631642
1.2299459437224904 38.99945563344318 -3.350000124787571
1.2299507755124266 41.830008644048014 -3.3499999415718076
2.459044489031873 41.119536548708226 -3.3500003765642505
2.459005357872678 39.70108177728035 -3.350000142262173
3.6809946795334816 38.998918220615785 -3.3499998784596228
3.6809560204240572 41.83052895599038 -3.350000209147228
4.910049065900553 41.12005423920675 -3.349999853061143
4.910054034029859 39.7005443404532 -3.3499998237209283
6.139999968990951 38.999489831952765 -3.349999905965475
6.139999974251647 41.829977349149495 -3.349999886683123
7.369950893713934 41.12005425096666 -3.3499998974551124
7.369945920893934 39.700544328434006 -3.3499998814078036
1.229950949804227 43.24999377535621 -3.3500001689312175
1.2299503835081766 46.08868292941089 -3.3499998624822416
2.4590397570659763 45.37941301096271 -3.3499998536456643
2.4590443679493355 43.96052019810451 -3.3499998783905074
3.680955664172167 43.249473629664195 -3.3499998554068346
3.6809597766056497 46.0891962925929 -3.349999924543816
4.910050045208164 45.37993512809746 -3.3499998787155896
4.91004906596267 43.96000026565064 -3.349999893326169
6.139999982257991 43.25002503433142 -3.349999943430574
6.1399999877352345 46.08865190073511 -3.349999892480151
1.2299503968445116 47.50131690307042 -3.3500000480506986
1.229950860440104 50.33974834175499 -3.35000056544117
2.4590435928880447 49.629468014250065 -3.3500001303877647
2.459039814052841 48.2105857497687 -3.3500000819687514
3.6809597637263796 47.500803611206884 -3.350000378880348
3.6809564920233746 50.34026689815954 -3.3499998841905554
4.910049281788877 49.629988297155705 -3.3499998910613704
4.91005012267829 48.21006375451085 -3.3500003779345255
6.140000004337738 47.50134806802145 -3.3499998779727735
6.1399999992675545 50.33971686339569 -3.3499998873474235
7.369949933128863 45.379935153017556 -3.3500000799090923
7.369950915904496 43.96000025351927 -3.350000027896151
7.369950709284256 49.6299882946856 -3.3499999118133306
7.369949924714485 48.21006372500246 -3.349999925603221
1.937837852767879e-08 45.379966837883906 -3.3499999616369314
2.0227176378284643e-08 41.12008520018569 -3.349999906073584
8.599005309958327 38.99891819952561 -3.349999892813708
8.599044029378904 41.830528948024984 -3.349999904929927
9.820955496058414 41.11953656550722 -3.349999916492521
9.820994678198653 39.70108178672502 -3.3499999104203884
11.050054071677138 38.99945565780855 -3.3499999098908084
11.050049267777664 41.83000865556155 -3.349999962857122
12.280000018250186 41.12008520474692 -3.3499998902393413
12.280000020551594 39.70051019252641 -3.3499998682536014
13.509945957096296 38.9994556639914 -3.3499999078660094
13.509950771606395 41.830008623579324 -3.350000079192247
14.739044525247502 41.11953655954697 -3.3499999196129435
14.739005322448422 39.701081806706654 -3.349999903106624
15.96099466306769 38.99891820157164 -3.3499999841376047
15.960955963522922 41.830528967125424 -3.349999837471731
8.599044320698205 43.24947364030498 -3.3499998997916123
8.599040216227017 46.089196327922274 -3.3499999235736846
9.820960240442947 45.37941301434045 -3.349999896458841
9.82095565126807 43.96052020757572 -3.349999926030127
11.050049150592173 43.2499938118701 -3.3499999806998004
11.050049649152607 46.08868292450476 -3.3499998947217535
12.280000001280063 45.37996683291093 -3.3499999708699524
12.279999948240517 43.95996906782719 -3.3500001759656683
13.509950907268738 43.249993777383224 -3.3500009054232684
13.50995040033059 46.088682943206464 -3.3499999218193843
8.599040203526883 47.500803630040714 -3.3499999117114876
8.599043507000417 50.340266923666846 -3.3499998965025144
9.820956516582571 49.62946799315813 -3.349999957326686
9.820960227031202 48.21058577582205 -3.349999904421146
11.050049642315273 47.50131701046893 -3.3499999179066773
11.05004922688387 50.33974809733513 -3.349999971074035
12.280000011756162 49.63001959035984 -3.3499999159446716
12.280000021451718 48.21003201628372 -3.349999900474466
13.509950387484377 47.50131699879727 -3.3499998743261683
13.509950797997924 50.339748080341586 -3.3499998911125184
14.739039772993323 45.379413008489976 -3.349999918197768
14.739044419016098 43.96052022160209 -3.350000027388483
15.960955681074346 43.24947364159925 -3.3499998176805224
15.96095978106168 46.08919626990741 -3.3500001604908958
14.73904347000513 49.62946799261898 -3.34999997427016
14.739039758365111 48.21058576865755 -3.350000009387737
15.960959775558527 47.50080364734466 -3.350000409506811
15.960956498455083 50.34026691831475 -3.349999944295371
17.19004907164549 41.12005427417984 -3.3499998516513276
17.190054054566414 39.70054435007488 -3.3499999139002625
18.41999998420379 38.99948982007548 -3.349999864984378
18.419999978456687 41.829977375207086 -3.3499998755529834
19.649950904038633 41.12005426393077 -3.3499999006163215
19.649945936695016 39.70054434641791 -3.349999879954899
20.879005326938177 38.99891820780323 -3.3499998883545103
20.879044032934512 41.830528958013026 -3.3499998937436573
22.100955459948857 41.119536562201645 -3.3499999605937205
22.100994685975067 39.701081782296896 -3.3499999165793213
23.33005406931431 38.99945564694097 -3.349999860687136
23.330049239253537 41.83000868894425 -3.3500001139801547
17.190050034579333 45.37993511897117 -3.3500000575140367
17.190049065518963 43.96000026724402 -3.349999897005256
18.419999964902576 43.25002503856373 -3.3499999806159253
18.41999994639582 46.08865178376837 -3.350000386986679
19.64994998262207 45.37993514933933 -3.3500000340032376
19.649950949940354 43.9600002509099 -3.350000108302107
20.87904432702767 43.2494736540241 -3.3499998782387994
20.879040220051383 46.08919630618424 -3.3499998394425132
17.190049310609076 49.62998830473853 -3.349999984096196
17.190050050787722 48.21006375622076 -3.3500002171548307
18.41999979824354 47.50134821613577 -3.350001607008506
18.419999991063104 50.339716868691454 -3.349999866072716
19.649950701286276 49.62998830162207 -3.349999988721011
19.649950001332982 48.210063794588926 -3.350000133723594
20.879040210939646 47.500803616559246 -3.3499998673845957
20.879043502751482 50.340266873325774 -3.350000048516674
22.100960238810163 45.379413017656404 -3.3499998688566377
22.10095564047048 43.96052021212429 -3.349999860473183
23.330049085155217 43.2499938182204 -3.3499999443659023
23.330049576400064 46.08868295824108 -3.3500000511186334
22.100956524184063 49.629467990534586 -3.349999899837136
22.10096022842353 48.210585754317705 -3.349999894505875
23.330049646811897 47.50131698749295 -3.349999899325619
23.330049214880336 50.339748087635684 -3.3499998946030374
24.559999990402076 39.7005101753126 -3.3499999098836177
18.74544149421652 47.23553062558751 -1.041117355332567
1.0147128034553734 40.31646057677824 -0.6699901903652505
1.959347215122252 39.70249662329746 0.7355503081057368
3.1798691475788465 41.68853833672584 -0.7899540663484061
7.821398654732775 50.11377660102801 -0.24289646706165513
0.6706744710838846 44.816881471444404 -0.11895282772534377
6.257345745459298 44.49720839788022 -0.692920361600885
0.9098324603634648 49.16149212684902 -0.8320509195753478
6.105799895643706 40.53288910748364 5.330425424652706
0.7026107960544741 43.48319189235154 -0.2304741345601924
1.057380592944584 49.33064815916396 1.4780369244074532
1.9133490289190271 40.761217457524104 4.046209057083211
3.46947352770103 39.55607336594369 3.159861428207681
5.581118769783861 47.99100150690766 0.7186637165401499
5.946167182265402 40.67782357885992 0.8960645490843533
5.951939352562486 40.95344380160966 2.2547991400252796
6.565729834865954 47.1648203745604 0.5837173451733035
4.9640591305917035 39.75179386708697 0.6723282700396049
5.97313050821664 49.20063488056 0.33026389836219305
3.676907800217635 49.29829721209355 2.9150392340080433
4.581289769334392 47.841071497594584 1.0984833607383704
4.175866053392879 43.37228636204099 3.630020109450504
4.471608104086512 49.43984127878887 4.017295521216021
3.7932444699740473 44.591106410931054 4.167412081318139
4.488013881634109 39.266130653468885 2.947944532013854
3.726512120035748 44.149536567492156 0.8469357477091166
4.835087565719119 45.575543502685086 4.099569103778856
3.758141491646025 41.587185984124645 3.831891053226917
3.1434838901019124 40.79448434614805 3.7139073848590485
2.266986138256112 47.730489298785365 0.38646716557239835
2.521356727092105 41.69529150199939 0.07861705174942002
2.6410633103669374 45.095994072149466 3.5386712605643176
1.5186340787260895 40.57882531903184 0.2602399372535624
1.7533682934565193 49.016515109232444 0.23678182667585368
3.5369312117602076 44.566015912086165 5.528797403644662
3.140144711845948 41.5681714446886 0.9668973686324223
1.97797865182325 43.06329995118643 0.1250825098665831
2.698164361700383 44.13620515303391 0.5172037940034435
5.678566308265321 48.73790448816338 3.8437937049322546
2.7496146087890283 49.94255356622368 0.11235145170139016
6.6241496270998965 42.43059711144078 4.329164287148007
1.905198807771356 45.17049742643174 0.35486350506184094
5.3521029398109565 49.99242909103383 0.4167895449481074
1.3867767907511273 39.68183112427394 3.608530219886046
0.7670215347995573 40.895786437621105 0.983229724913729
3.7831368279896997 48.90688814296367 5.126071248071043
0.9974964968940845 48.02765066386665 4.625515863466198
6.723762374667042 45.826279932438965 1.0308798785068907
5.834560735998969 45.58043371875147 1.611379736677594
7.285751885967904 49.2124049301301 0.015969618030412525
6.307400310583066 41.829229434841295 5.168465656133544
6.122022883376416 39.717163838863186 4.6228032791613725
1.3718872089884706 41.48858734128486 4.632853881274364
5.572867654327492 41.84132816099361 0.187732731789243
0.4068719913561384 46.4200151579318 6.012358491822324
7.074979173379596 44.76663875400714 -0.024352593232701558
7.405926386067258 43.84593035604843 0.4561367285391327
7.931625585320887 46.01670927569705 4.472913291321495
7.173209595159491 40.19410278244277 0.501824101111944
0.3348524108891041 47.87264833576747 5.4769717305923376
2.3426103149139847 38.81480445637513 3.1733205858849334
2.1606922162744286 46.122868344802136 0.5735247774486618
5.997141286702267 46.98657226850174 5.35343924269847
7.629947128225735 47.89603896965499 0.15520759502312687
4.668358196841008 50.7750784639307 4.17718820439446
7.560825035044262 45.91206294178538 1.723748825905882
7.929587641639802 45.17376670507589 -0.564714691661492
8.095261198456127 49.327069400778115 2.871542924888275
8.115030813401837 50.916944114467064 4.139920337183668
7.930837503663373 40.4616042791374 2.1390413687538192
0.025808786087246464 39.3047483850305 3.840172468065568
7.037510133486438 51.02469725501602 4.264171878418926
3.5168375599306954 39.37783284966269 6.182423845212273
1.4797624104201188 46.34361182881748 6.188905029836139
0.41763078902237705 48.65000586219172 6.236552546729328
15.494979434449945 46.140475274208214 6.145810678949988
12.38489897208698 44.15783964286629 6.212784582019144
13.880232410077983 47.47966025603263 -0.14683601766611099
8.305010997931696 48.702157619864906 4.536150106496654
8.588867395067176 47.436910565400964 -0.034721418663603565
10.359166118187959 43.18878101233269 -0.5343223202608083
9.444272399361074 44.65619794415312 5.335134504868125
10.715636183381495 43.347413014708316 2.1133162225585336
15.386761725946124 43.79437936827516 -0.3738252084885352
8.77196058288686 44.2877390134567 3.3427031661704323
12.699204322811402 49.96340752744203 0.16233822166801581
12.868695426880837 40.65857044290128 0.23777164250917915
10.73791844517679 41.47849733182638 -0.34974282324245376
15.282105937320045 41.48945709252799 -0.1656781488591852
14.770116403193772 50.06705646196234 -0.034917815093635785
9.069065648594561 45.314813454274315 4.209563103689856
8.581828597541415 38.74325748618872 3.0767294262665565
8.43942363172395 40.09204107407857 2.929524251417399
8.583735275875329 49.48681188670391 3.8327793234261387
8.894178562373538 40.782856316555495 4.048276000506235
12.631587419173975 48.405839533040954 4.880083576393011
10.416499699443548 41.63149183071867 2.1016843782093773
10.094100522822492 46.18762356989357 3.7587930814383763
9.569498342874581 39.85692297072892 4.700553483137886
9.234853054476607 42.64712993022913 1.3579008647606172
10.30918139940553 42.5383096043486 1.506483313106406
10.919159882583669 42.4703627173003 0.0643279430365229
11.395420911193428 47.99309256880773 0.16391099289941535
14.47160996296564 45.97844274457624 4.079841401228265
13.503662102996618 47.08585158558723 2.3221354874780795
12.366002908496014 42.70696238120569 0.009599059869543902
13.20495021959559 41.66712711785389 0.04765023977327476
14.063317721978231 45.915479720858805 2.7400546274722
13.159086868265375 44.88764935307299 2.689901915041226
14.269585304362678 42.86973946215221 4.315428514029836
14.057182845112107 42.49588823021731 2.653079225531533
14.677195452029647 42.25148594765534 3.515605683990397
12.825597911154343 44.870553206878085 -0.13048193529524355
15.083266314178413 45.55019148254082 1.8682124779903775
13.782040422446677 40.67281516368492 4.647548765450854
13.11822030328382 43.83096341372331 -0.12546221491540832
14.89754421695504 47.84203371456699 -0.15957038522770417
14.457791357567489 42.07213012471079 -0.13254793392440956
14.629909641574148 40.74954730994062 3.9668653108554306
14.383675730240327 43.425172549689094 -0.21921340323029392
14.445454262099505 40.07857835400213 3.127891608299258
12.082475459750109 46.061693822140825 4.801137392223868
13.543308227376967 49.4602074349186 2.601305954732881
15.270892342408985 49.191400864536284 -0.08542260060159346
11.459568783898561 49.33427933867576 0.47818990544227336
11.388451798995154 49.564037052591274 1.8441119711912757
8.683822975515646 41.81903273382731 4.268478088018418
9.482369472826276 38.64834031116904 3.981154205297024
15.610623195758656 42.72096243961355 3.205114990321658
9.662876389092448 49.53932387500224 3.688567850776514
16.057143540626775 47.14951039234754 -0.3016414950858137
16.110409265721636 46.07118371672572 -0.2738144735751846
11.536978188375613 39.138113787598634 2.140509110103872
12.688645766081802 49.69023741756521 5.488377510489652
10.474215758480016 50.00925248628779 -0.16945452121520876
15.829381009565536 48.940408902278406 3.033538402240815
10.545585179879938 38.76339258141809 0.1354062178478299
15.76807802793341 40.36926336588799 4.728270196526152
10.132171712264604 39.87287020137609 5.622260793085294
12.502867830020888 50.608265400220006 4.417935623207949
16.29306312250146 41.15385547352738 5.762798960005816
15.69850158428165 38.448645780267476 1.3115286105840263
16.00467178052002 40.048096806828156 -0.17967388291898367
13.94735133205348 49.85173869091782 5.9667335008185995
12.843640787919599 38.32168647594424 0.49668950457162686
11.56807737168275 38.32399918238984 1.0076412087932973
15.856191806274419 42.10264805282146 6.037273174702581
19.366669118158576 49.52911253368826 -0.5635893854588636
17.443910821862904 40.60580788793216 6.157041205436076
16.606202641670777 38.718055271281386 3.722369247919368
17.784399355146977 45.29031619894815 4.653975426342476
23.77038305369821 40.14080066892835 1.3160806414675141
18.679988990442002 46.80571050575573 0.6657991102394611
24.450682196709945 48.01635796391756 5.196703912739356
21.72207910491773 47.702439832320245 1.8066183808212244
23.391328646190207 44.49206965338993 3.704296550376557
16.601016048284187 49.208762930163175 -0.07911900705869113
23.68665675937085 44.578269898490795 5.088729492958514
19.541335795982953 40.61994077995689 0.8532393977421637
22.071873846674784 44.65682532969456 3.384971906590123
22.329941720512767 41.41889477379342 5.874048995187647
20.52903326868648 38.653993017101385 3.324439498991273
20.55690488583251 50.36039149790218 3.322241806769517
23.233636134029226 47.68971394204886 2.5847620742304303
20.367133153804062 47.21252526325762 4.475199842686627
21.404411331180444 50.65422804629986 3.923734041052617
18.4690882579439 44.280537143025455 4.129921956604928
21.864927642779495 38.88056172554605 3.74054991173143
18.048858752672785 45.3894881144884 5.935766601568986
24.210516746262787 45.3263402582965 2.9363527750927974
21.43778845202402 45.59752884867621 0.7744809887061932
22.881311727668553 44.18952951935331 0.2565247060061626
23.238214869614552 41.477854604409934 -0.3683540156894827
17.12599046706562 48.01857751008004 -0.15375168269387451
23.40391424601416 40.77360507797994 3.747190329680855
21.59427715256432 50.06373803566413 5.127106572557082
21.855117007095874 39.83450144515173 0.016517798716063625
22.775744895261052 50.356486785027094 5.619650885242371
16.94481812091786 40.354166490663026 1.7386043313666777
19.646991765747906 49.09537005954231 5.334589306373409
24.494938721581793 47.961802959337724 0.5761580181229198
22.077233719361143 47.493251114464115 4.803618087245516
23.07582257809989 48.29995938932482 -0.4109350797592004
17.12448771140513 50.1518754447503 -0.02511713028463758
19.13116972638899 43.61939557762157 5.120200544528362
23.393176885117143 46.2340870787266 0.2223014328529782
19.22443467326519 43.84453201857263 1.5838856215259078
19.323829665054806 49.42772150590381 1.1535244190971905
22.43891112812121 45.37508562643932 0.43584785347317245
17.55606234334322 42.9763766745899 0.42363738085904434
18.455340825939818 38.905837345309116 5.193405093033382
19.88045381288076 39.80370844743076 3.0037124957528416
22.728741748941516 48.110309929686245 1.7151180809142585
23.444190313039623 47.71173958408502 0.4295425660526364
21.16256901203652 46.900868136674355 6.058451220171666
17.100486772752607 45.92483945791843 4.109876342111745
16.622871545550407 39.46793196949487 4.499419494117039
17.650138351938356 39.494222824635585 5.35325346964132
18.028329858867803 48.212454085696436 3.444081542538534
18.83403630215071 44.57207735216659 -0.5273114640326793
22.576513256849076 49.17559750284501 1.888579525163211
23.804081095298564 43.17265773470802 3.451466811525262
20.680217351459763 48.99609735415818 5.667290101861432
19.796872934087823 42.789434451884965 4.93471801434572
18.553700726270012 47.6254277913752 -0.041459574009290456
16.57357461806544 39.40196740420838 0.8300663006799214
17.404138951267473 50.444871419066324 3.4985566743763608
16.998836775456997 49.12545768845992 3.789983030755285
22.404304754813104 43.32785303746007 0.4803058231151536
19.689823239432286 42.50234935812404 -0.2208726979069453
19.419925044065057 48.81435386736527 0.25761939152284863
24.109890708422103 44.28343203364791 -0.37926335737453964
18.653383890175135 44.04533042213862 3.1651354940272713
18.83978398057833 43.51003460225171 0.3382710439425163
21.072865607554185 47.587322712248245 5.216528768350627
17.735536805003942 38.81811404886934 0.385548954040561
22.692514820513814 40.76180040217181 0.6697466614404413
16.703562839225476 49.085312792034564 5.144100571703667
24.494592383520228 45.549231377305446 -0.3714273753540631
21.868733858538555 41.59304515383382 1.491221012225682
20.476809245028992 48.54915391773843 0.2852739288858641
18.841618641165784 44.28394686205172 6.243899249226757
5.995189266157564 45.29580731976812 7.284473619288569
6.66372162529156 45.06288616833177 8.494217462543702
6.713498946325413 49.7708318171136 8.827735181175179
7.14544183281659 42.714715642063574 10.768605095218396
6.810233088945024 48.709866617035416 6.844921199930106
5.940077856940061 44.17833123807715 9.324353574631678
6.927759331677431 46.285819629570405 9.15212675796261
5.993845241739593 49.48781286071864 7.628704028698401
4.832820839821576 48.672979558135026 7.88343337882824
5.51309524526508 41.746820846380324 8.234681785365202
4.592866729109703 48.196012304629214 10.306751692680443
5.153804912371708 48.57753543876704 11.1471018891287
5.279706760203527 49.82444142802382 11.528876779765591
2.8609665668267557 44.853774888649035 8.118687934118986
2.6261093688464356 43.96241118483067 9.112815612663432
4.8634223607615095 50.66785471809017 11.160826075487918
1.0531281476728904 40.97745651625469 7.64519874258852
2.323544022966645 41.42980478500295 7.296120011009755
0.7109407791422704 49.30831084559473 9.295382069076657
2.7940801482821502 42.895664728445475 9.097394360199653
3.2918405876230565 44.71633424311894 7.2156056305487795
3.244129763870055 50.5571943431611 6.831486523274082
5.636059901720845 50.57300249040306 6.878629079464053
2.243902176490035 44.591226398829164 10.165096081102778
0.7485826047022704 41.29705464433388 8.977883913512914
1.008260601698271 39.58217131365386 7.413983978422398
1.5994301807358793 49.5682394424251 8.168616777743445
2.547281616160095 46.106302848014906 8.685421009419183
2.3534975509914675 45.92423190989856 10.031893381999552
5.88585194416041 47.808921346932166 11.97777509666897
5.252784591689381 41.69956302630496 12.203038074433092
5.727111362645149 41.570444909772405 7.190896064790576
7.894548988018973 44.54631508214729 8.130430298486448
6.032334828047728 40.49748801762422 10.490665879206933
4.011900306590363 38.494047386116065 6.5848367317437075
1.52884608475509 38.9082846361652 10.889465140980535
4.885625946818125 40.705783354310235 11.30443022835393
2.7166012450029604 47.008045996504215 8.115692866032852
2.1033088791830017 44.0183522664801 11.541440832533477
1.1768971223158118 44.36706751283975 11.997794789507312
1.5278349329766774 49.24133695135149 10.390836874869699
3.8302380584781712 41.198571135153685 10.545255108239761
6.102710385402648 49.87348867728298 12.592091481284674
1.7828409225236546 39.91279714136108 10.58476652056182
6.049053224635413 46.74602106630054 12.077816765387443
7.448371465426758 44.65643734573322 12.065190855473242
2.284396947709639 46.63051196407266 10.846014743776495
2.095759273198533 42.92859108852324 11.562971712688555
6.4263039596262095 48.654152611857675 12.879591612204147
0.9042203705651933 50.95021127637701 12.006826691664221
4.301253251809249 43.83376599242845 12.231750124976639
3.369342023274976 44.38310246458122 12.365432219522534
4.608336010170609 39.55845353597882 11.993475094606708
0.16252115480887014 48.10199570975031 9.234903986253189
5.732730204339922 40.32279038012281 6.647578951953578
5.132015755102711 39.09201105108926 8.340558946633903
5.305169124390776 39.0285387669759 7.266273518832655
6.367512408800811 50.75310318040718 13.16003356828704
7.555034105901449 39.5162061598974 12.153974533509347
6.647144946501862 43.332973873084924 6.683556036876933
0.17978602078098824 38.72621638171169 11.311230685654728
8.079430502281632 38.719152816797575 11.647897081225484
6.091930114058773 38.293049347488434 7.098456775575956
0.06269280182496574 47.581441373683425 12.225599270534083
6.20679347823849 42.47591101406795 6.380845217650599
3.6384690421324275 45.43562594031876 12.276747492512323
8.339675011702028 47.957572179018406 9.929460228031328
9.064484411211964 50.031618796835076 6.674442021370702
8.625946670182529 39.61250238738822 8.245044221658691
12.849436655602224 47.32860713427329 12.722391015520008
11.004055769779661 39.6964351748071 12.24651724501824
8.465103349546277 41.50395396041103 9.511386947979336
15.467750995339857 38.59677393014961 8.470082296131428
12.948258827676542 41.92761524755344 6.473144228467866
8.6599591266179 46.45379237479748 11.642115549894928
10.468516214615484 40.65985798286714 9.09745433706409
9.209378052270816 41.60554682515075 7.3661026595540955
8.727625129760039 45.16356125482008 12.193398901498671
9.21341873273772 40.83595737252401 8.541891775843515
11.153365331058762 46.90782673293754 6.8748325525053975
9.96288044059368 44.09198910695492 7.447530282864589
13.72546413863781 39.8575768690121 8.786305273176389
10.601415813478093 45.955146061180656 8.898266749841062
12.204773740218357 47.486573118093155 8.843354529978706
11.023226116694754 47.109437292001786 8.264241354978202
10.17566730933092 48.15784250480198 8.420855348577238
13.97631069841485 43.55983596863511 7.6968346455541115
14.39737161824329 44.12238418782395 10.606152510127343
14.8609056700586 45.1494763618351 11.333841130197488
13.81760403145535 45.86542831508249 11.77756085698357
13.056541648435756 44.23167865444778 10.549238867533692
12.4025053134544 43.69371758563545 9.998844135616299
12.724833388157414 45.35412511624512 11.23494105798763
12.815088327824048 43.11639040226176 7.137094214641052
14.62173107108816 40.296571979790315 9.679347600103329
12.671684109743154 49.6191594344504 8.732178299446225
14.476518004940154 40.92538011452528 10.545323058805415
12.713429971807555 40.22188177485895 8.688997612960495
11.790141986549528 49.81946599391516 6.506829776983439
14.958592727170025 49.591100383614574 9.283208641328116
9.596991430277514 44.402398121323735 11.551190613874471
10.25264343704464 39.162013723451544 12.827785873684403
11.744504071715667 45.78025482651604 11.389109476513417
8.886981092804344 49.81895043211208 11.079652856619765
11.84088311274389 43.026113343902175 8.234026341409129
14.95905847605208 43.40126704894534 10.030915214939721
15.619956267613244 47.12976404050146 7.641898986464858
15.860241624771877 45.50079395573408 11.544325328680166
16.207527052642153 50.47769424899584 6.813707766517464
15.748839826410258 39.54252419646799 9.373998899001272
14.258919819911801 38.82680384267875 8.084735393952677
10.986142857622394 50.37562471757318 10.153223109495531
13.870788931440488 46.950644911575324 12.676739214180689
14.470795442142714 47.67725544815181 12.12889862115137
13.292857714963796 38.87381048923906 12.243958401249168
12.895676855773052 38.713357794844065 6.438445581102571
16.244523783583784 49.45620494812769 9.749962105832395
16.001560134188228 46.26241844150425 7.1032060303958
15.739868417967553 45.42263207689499 7.7469267054255155
9.46973336299281 38.544869735187774 11.768349690295526
9.848541714549908 50.84454868526526 10.792020828748697
18.057745175959486 38.45164387056315 12.1930246138701
24.55032225869874 41.167885946047896 9.323050762274598
17.568573913181087 47.40984895063786 6.4365567217920905
16.40828777896027 48.182411311634674 10.235936561179205
24.5456045389781 39.77030331757405 11.858839601826297
17.240496641001094 49.631567410759466 8.785724046771016
18.04430513760455 46.42684288136986 7.818574107998463
24.19698818729822 43.02528201130128 7.047782033768465
16.50467476162119 50.34195676594608 10.846497031204569
23.97160030677937 46.89535376580734 7.196069630089444
22.37668899215731 39.480457735054635 12.491123262817817
23.41717486163921 38.93657280223164 11.738075947754336
23.104275156984166 38.70771478172775 10.452161671835619
22.311943447002953 41.93341115906396 8.174397057976137
18.120183125106912 41.04778295290847 6.873779521506127
21.70490364431751 41.27377033816077 7.117716226445616
17.373947623146098 41.50510514880928 11.061579917754674
17.52611208880509 42.79326286432975 9.189089027868325
20.226830150016532 49.278528173728894 9.0346538090725
19.457345356305822 41.80254885160848 10.161066326991767
18.17031685027239 42.36591358429636 10.392922587569464
18.23673604900746 47.91666562725588 10.165545469450787
18.23137380465003 43.475073987426406 11.246097883212165
19.06090262667602 45.51183827136957 10.739682355739598
19.159117469756474 47.57236788481511 9.94021997334761
19.540879403429802 46.32836883167924 10.220740993190963
20.245009641628215 48.24313667963927 9.34130338111066
20.539822509473634 43.94806978912409 11.461852234188418
21.030238973511242 44.087145161573154 9.164225467646661
20.953121972380874 40.10212179935094 9.855292437566392
22.47007201007823 45.08013178232537 9.372675896777427
20.727105810370794 46.12820726843677 9.711120593270373
21.483192580811046 44.86305759621705 9.781390699852924
21.16081848421279 47.26923680105017 9.153933014071008
21.610804501428223 45.20857984809223 11.818555060538065
21.53024253569537 44.3175047315879 11.19598385463603
22.13195576318968 47.37428939987716 8.693220156819088
21.7205773861188 39.95750464136108 7.4710489583515285
22.321011771874947 43.583792295036204 11.352349054749391
19.17414304142308 44.16439387189246 7.264455276969958
20.68600473199038 49.046764189163554 6.756096502617821
20.379189107112165 41.71916977532898 7.062121029693049
16.634461709678277 39.673898693266494 9.841454374360234
18.333390283600192 39.130154874059286 9.707408267480394
23.205459383026344 49.966721388515396 6.53060005762298
17.515113800768077 46.40935918674567 6.865814510915573
22.455688354871707 50.49083675809738 8.842087198617634
18.660716854274085 50.979463410746554 6.429791190353208
3.2095289488194414 50.64799450389483 13.34055506332267
3.2707179771433417 44.349615438972045 13.450444623461513
7.991199252401656 49.76492251223691 15.131669893774024
0.17106728187347664 46.443004641162275 13.9923504349177
3.2212925734720157 48.51121551665492 14.128335226094856
1.0592319411150248 45.87410209349615 13.717371473280732
1.369782522346401 49.86336726738206 14.212828825583635
7.114616471615101 47.06805811508406 14.08693781990298
3.168162116777979 50.17750321011043 15.58591417193883
2.7205691052506022 49.77016930426619 14.322192128205876
6.990694679494114 48.148667174045926 14.157842345782253
6.247528749299827 48.348902792319144 14.929664927719001
0.3570176967951817 47.25212003647264 14.698646916959442
14.021431680033675 45.604534465660365 14.257219990841891
10.762431732945627 38.384627334459935 13.396895964689797
9.627711405697596 40.09128812885689 13.882136331313413
8.295585812652874 48.89735846781882 14.546194487973992
10.333739345582748 40.288029631788845 14.68893080899675
8.754915517239459 39.57128630379429 14.277010284635105
14.40461587395521 46.607885165828144 14.071324197368378
8.906701213784997 48.19162926588037 15.108852696944318
14.008292731055487 47.302580196929235 14.811882621932055
9.265709302781367 41.03893231569569 13.48335697797815
8.7997595729551 49.2942823034715 13.665081391804506
9.002946127593171 45.27103669082239 13.57689460020099
15.494010906706635 46.63658797583104 14.093564065499892
25.789950668422172 0.7102494624957096 -3.3499998888755966
25.789946004722246 3.5405444093285316 -3.3500002756857605
27.019005290254093 2.8389193668652237 -3.350000023664382
27.019043619053075 1.4204752551063102 -3.349999880756224
25.789950884216495 4.960054277604979 -3.3499999175114983
25.789950899117414 7.8000002653179505 -3.349999868058182
27.019044302417747 7.089473636284528 -3.3499998533917177
27.019043995677958 5.670528987750069 -3.349999944660975
28.240956770116313 0.7097305053945844 -3.349999903181402
28.24099473035231 3.541081774351118 -3.3500004746595735
29.47005404901191 2.839456790221064 -3.350000473811914
29.470049266278377 1.419957149565324 -3.34999997368545
30.700000006549235 0.7102807232508432 -3.349999989942277
30.700000032164898 3.5405102444204513 -3.350000033165977
31.929945936939962 2.839456826366711 -3.3499999083660703
31.92995071789815 1.4199571665960267 -3.349999935176461
28.24095555365026 4.959536657913582 -3.3500002325667344
28.24095563840919 7.800520199708442 -3.3499999567269145
29.470049087904503 7.089993823266196 -3.3499999882001887
29.470049200540377 5.670008649513633 -3.3499999905553546
30.699999947238748 4.960085141224579 -3.3500003247641486
30.699999970633204 7.799969108518154 -3.3500000974926714
31.929950815600083 7.0899938457672045 -3.3500006367548094
31.92995076074272 5.670008624732518 -3.350000667466866
25.789949924343045 9.219935097781876 -3.3500000232207725
25.789949946004338 12.05006485921909 -3.34999994304921
27.019040204654463 11.340803672461478 -3.3499998714187362
27.019040227581442 9.92919632360513 -3.349999945950244
28.24096023391572 9.219413014904802 -3.3499998724599847
28.240960216897253 12.050586958867605 -3.3499998787517327
29.470049627563707 11.341317042799874 -3.349999895466004
29.47004963284765 9.928682922327626 -3.349999875930705
30.69999999944307 9.219966822928402 -3.349999925249941
30.700000005306713 12.050033134292892 -3.3499999023406692
31.929950371455586 11.341317038716127 -3.3499998893258685
31.92995037057041 9.928682930136306 -3.349999920148714
24.56000000544318 9.928651877628061 -3.3499998650507
24.560000077575367 1.4199261241958068 -3.3500003418868483
24.560000018960423 7.090025049100291 -3.3500000506073047
24.560000010191473 11.341348101991063 -3.3499999620256937
25.00007728565339 3.454340743937577 -0.8795293925375736
24.56000001044114 5.669977346265618 -3.350000040400226
33.159043234871085 0.7097304882643234 -3.3499999212132714
33.15900531045953 3.5410818474942314 -3.349999919105333
34.38099467123209 2.8389194221487823 -3.349999914605651
34.380956381755034 1.4204752199067725 -3.349999906173653
33.15904454573467 4.959536536200685 -3.3500002325947054
33.15904440324275 7.80052027104041 -3.350000247010394
34.38095568074742 7.089473641461922 -3.349999968377253
34.380955956650936 5.670528946364534 -3.3499999941710823
35.61004934394038 0.7102494362577394 -3.3499999323882736
35.61005406356543 3.540544398910976 -3.3499999024566107
36.84000001122904 2.8394909714133227 -3.3499998927565953
36.8400000031957 1.4199261243984125 -3.3499998839729406
38.06995064724346 0.7102494618526846 -3.3499999464067063
38.06994595199693 3.5405443945881365 -3.3499999012072412
39.29900532759013 2.8389194229704144 -3.3499998851672363
39.29904360523185 1.4204752449824647 -3.3499999187805907
40.52095670243095 0.7097304275215391 -3.3500002450056954
40.52099466827905 3.541081835209453 -3.349999891905501
35.610049087930605 4.960054253529972 -3.3499999471234765
35.61004909285826 7.800000283328859 -3.3499999029629004
36.83999999941958 7.09002505352653 -3.3499999303575856
36.8400000134629 5.66997735725422 -3.3499999086809042
38.06995091043258 4.960054257765343 -3.3499998864133405
38.06995092118708 7.800000262349227 -3.3500000327170643
39.299044309528846 7.089473639910854 -3.349999891313015
39.299044000816195 5.670528951887703 -3.3500000134678354
40.52095549060511 4.959536545078912 -3.3499999829514437
40.52095563368716 7.800520213252456 -3.3499998884367055
33.15903975079617 9.219413024793077 -3.3499998813346488
33.15903975981335 12.05058693494505 -3.3499999783597714
34.3809597854844 11.340803674225462 -3.349999929676166
34.38095977187013 9.92919631458694 -3.349999889354444
35.61005005977475 9.219935117792676 -3.349999883398139
35.61005005950582 12.0500648645822 -3.3499998891401503
36.84000001050783 11.34134811384334 -3.349999874122709
36.8400000041479 9.928651885727701 -3.3499998947615586
38.069949941624174 9.219935131758104 -3.350000064306393
38.06994993260494 12.050064855484989 -3.349999931720556
39.29904020578595 11.340803699446452 -3.3500001244039987
39.299040223447435 9.92919631006356 -3.350000029311194
40.520960230592316 9.219413029949784 -3.3499998814399645
40.520960240965316 12.05058696677509 -3.3499998902661234
41.750054061653024 2.8394568629636723 -3.35000002864259
41.75004937219623 1.419957159119095 -3.3500006774940774
41.75004911485635 7.089993808588522 -3.3499999068690958
41.75004923592385 5.670008651919108 -3.349999902422317
42.98000002822687 0.7102806944073292 -3.3500001078207498
42.980000002821235 3.540510229373748 -3.349999930647921
44.2099459633245 2.8394568295775757 -3.349999964902758
44.20995073984015 1.4199571539012643 -3.3499999814082093
45.43904321745564 0.7097304995786975 -3.3499999005692125
45.43900531999921 3.5410818469457617 -3.3499999031529972
46.66099466890615 2.838919431503664 -3.349999894552418
46.660956370721046 1.4204752433299115 -3.3499999030650263
47.89004933348478 0.7102494511299771 -3.3499999282793924
47.89005404959609 3.54054440076563 -3.3499999266352587
42.98000001287616 4.960085201102147 -3.3499998922615926
42.97999992461252 7.799969062237656 -3.3500000731476884
44.20995082462559 7.089993544159495 -3.3500007410825794
44.20995077589455 5.670008631991115 -3.34999992195403
45.439044507367 4.959536565459063 -3.349999971608031
45.43904460627857 7.800520150650685 -3.35000060014207
46.660955699586815 7.089473638134921 -3.349999957669094
46.660955972192966 5.670528953542376 -3.3500000999300896
47.89004910375577 4.96005426824653 -3.349999945049115
47.89004909862699 7.800000260869687 -3.3499999031150987
41.75004963661433 11.341317062324096 -3.3499998690518495
41.75004963379281 9.928682952093158 -3.3499998773245343
42.97999999092978 9.219966853685055 -3.3499999133606417
42.97999999254255 12.050033150645975 -3.349999920317257
44.20995032645308 11.341317053705046 -3.3500001258637546
44.20995036305664 9.92868295641924 -3.3499999255506383
45.439039784736785 9.219413071721421 -3.3500000453546717
45.43903978005752 12.050586986551565 -3.35000004000248
46.66095977158172 11.34080368467644 -3.349999936787679
46.6609597475342 9.929196363350712 -3.350000181125763
47.8900500897743 9.219935097360608 -3.3500001340595666
47.890050061798206 12.050064867958534 -3.3499999570532237
44.46146692891395 8.012086463295336 -1.07082217462801
49.119999999674235 2.8394909732388984 -3.349999995824464
32.165716199044766 0.6035110789137593 -0.0022907632470836603
31.745876373157824 9.665654453588392 -0.4089638867377654
26.48001607427688 12.011661406338842 -0.3443028432432882
30.05151366995066 9.259488743218556 -0.1505889035847119
25.84017094193345 6.263477382182948 0.10311542385661343
28.482600072356096 6.395549526213212 3.185733206378565
29.385473343648677 6.578599977150006 -0.043544014095692196
31.262802141130607 7.587840083514956 -0.09066610648242657
32.40782535968082 5.766116388443814 -0.5327456675414954
31.07628623450522 5.42486874858796 -0.34084576880925255
31.069532399533937 9.034263092079106 0.1672338046811972
31.15218873546675 9.39654531048045 1.7127270139268447
30.631280025372103 4.524766281902563 -0.2318273157999695
30.454855165197188 6.582011944929293 -0.19457671985530278
30.738939279479226 10.399360337709092 1.6046210079408874
29.555450100123693 2.994306451701187 -0.5036632698336807
28.394831293522916 3.433772540576726 0.1747974471789937
28.508641570353728 2.1190279007430886 4.330440834070251
28.7683683655633 4.151585767258202 1.2629929600060508
28.209351612878567 1.328559376339674 3.777552931089241
28.55281669087747 4.166511859305061 5.0260362511736645
28.0203154827726 3.3520961097818427 4.15110564254559
28.303104176158534 5.644196959251176 5.1471912819933054
27.6272944172278 5.687804263614712 6.001287045343494
27.60047359738021 2.4217508110338604 0.6666032063885485
27.549183900063124 4.165964965977844 -0.6215391173232099
27.751655577202573 6.463906938612109 3.9914300534006832
27.304829240961727 3.6963607904770357 3.419011886703501
26.793791890863424 6.10462677013084 3.6152453661225548
25.935714546417476 9.46109992200208 0.058603835625221645
26.925395313643413 10.537992844321332 1.7673230158776287
26.80810131339927 9.268284395799181 1.1568156921683048
27.9219036770824 8.526109707597406 0.7864208406537754
26.15163444085339 8.37481422810607 1.9701862112815116
31.048810525307623 3.264201327201394 2.0601071899256516
32.515452034864516 7.0797342512256725 -0.36339704637302517
27.025755617494234 10.701713223655196 5.310409033009629
27.588549989353904 7.518418571285245 4.213920016853344
31.67985131532515 3.2666387878955425 2.9365668753152163
29.505174274427905 3.49608680969611 5.725794228306595
30.503177315750783 8.790249481867923 2.344620632693445
29.49855954606029 2.2064931002453236 5.299215499794373
32.10604160083915 1.1796368808946607 3.25876187014311
25.078452885276718 3.5176423072809286 0.8790050431856378
30.663827622718298 0.7152412040085669 1.695839430090963
32.2990738534618 2.135423019901712 3.5220324644996923
31.69418296305334 7.020079177423952 5.606464823218765
29.22646718671222 6.151538231995982 5.426665044527036
32.11823145778789 9.18733402001175 2.1721746111837623
25.425684438614873 2.1925186781296824 5.933984028551142
27.756187958650028 12.148399713741592 3.1940527550310938
25.598953562287384 12.607549639693616 -0.15709690501820472
24.772527478694204 6.115781498081548 0.034388710392072586
25.375125264224923 4.484459257998543 5.448468184363485
31.26614565696265 12.151446993364912 5.313558571913282
24.926030161896886 8.339169827667861 4.352934579699609
32.24620989465035 4.3445309329624076 3.5713353754361776
32.17681934880508 5.417564416352766 3.4704190949616596
24.87134504007811 2.8815380956717553 3.9587715802781753
24.595830916950042 5.714694235001544 3.6760922289878337
24.85730966136024 10.610663204763334 3.9889557925275723
30.498472843663762 8.906900252302048 5.381918422753681
29.918563052630887 1.3136885452301217 5.738416001813906
24.79870151653818 3.236216420867985 5.246910682122477
27.5150624830356 0.1587999727485668 2.909230947158725
31.324138551841173 8.15122126622004 6.243154544522149
27.92477095829219 0.11251539988732777 0.5554717499227368
29.159593629623608 12.729853931802275 4.8804792744460554
31.088257765490383 0.00048550253848844715 0.6104111804006984
39.857988540296105 5.528387772927251 6.174585303701729
39.81496684992097 5.316281849357873 -0.6220542806612783
38.46776776750005 9.621993950036341 -0.5518983191610294
35.099562651084696 0.1773868274248242 3.6880279702165675
35.10602345880195 12.402687170288782 0.42586103183713586
33.33383168615353 12.339259185972923 1.642842913568232
35.714946884028905 0.14669354728787035 0.13158356371631652
33.74967863984137 12.260967658333636 0.35520616878244926
33.19416586654454 5.039686257889641 -0.6754617236940241
38.30942441924049 5.455921361470272 0.23959963270131945
33.02517818613537 2.539451660790462 4.48783148606235
35.759598871154495 1.2257675102938552 0.13394627071144583
33.36438818082752 7.743121229323802 -0.4383979619003209
38.99606586138266 2.9966051887855363 -0.12670357441620372
37.82756547942382 5.84229202555269 5.1443435251607506
37.58125693069365 8.162794672646704 -0.6319432490807864
33.77028883223376 5.679885055300288 5.2472646952002435
35.13621787473887 4.821743818348571 4.539857703388964
33.59610426792187 1.9228248756174893 5.166222831014803
40.145078601912 1.2951997405987263 2.265017107773274
39.42092640081029 7.20154754659891 4.813754529688942
33.1492154610659 3.858763088401997 4.513029707960502
38.5971999553588 8.379475031967145 0.7467821711074674
34.22753556913238 4.69753343652475 5.12889781175204
34.14623209297763 9.636164512586314 1.9122732296009815
35.66251965725447 4.4126447792238395 1.1348333698457724
34.31712325988984 6.020929918704462 1.7798695897048533
35.35506209490484 6.166127850104875 -0.32497274432472967
34.10659248898483 8.221905232925506 4.294775232251453
34.96547337908882 9.184626750536223 2.452048520391008
35.89240580371746 9.721106009676372 -0.0041817441305425085
37.02379314985773 10.746879393027498 0.8735111535634621
35.4764651525423 5.777606283783947 1.0054050263159398
34.9252911315652 8.524816559915838 3.6588685876791507
36.26392962792796 9.183705032471286 2.0219026586111055
36.69779320311121 9.716681166794523 0.7302783014193381
36.605707301044724 6.3932621710153645 1.5812619929515948
39.44783980636593 1.6554556270666496 4.894868238847136
36.22054881984095 8.27939159331166 3.9881266770007007
36.51121841359728 7.620140488234059 4.695939623842957
37.01113387914581 8.730077577396717 3.004446720424445
37.92527492453908 8.91599663035725 0.0768856659710726
39.19773166147479 2.2604077674028096 4.035869505597166
38.056990019445045 3.8080252139566495 4.919320726887277
39.58167705592472 2.0819709090073504 2.744568801002125
38.407427079970006 3.381902581927607 4.073322281805686
38.04270474270761 8.425450477386534 2.907164227746354
38.96573897241519 11.554304094373723 3.3049357835023905
39.0778672917105 3.120257032785756 2.0310831631005666
38.329666016150355 3.8344084678222683 2.856027239440897
39.47724054272357 3.596286156580932 0.6459241904549673
39.333846476716914 5.094847143480958 0.3306208252995957
39.77696674935247 5.687054039157558 1.1312676992077286
37.798724371376274 4.73243609511647 2.576657680513723
33.53794441119596 10.99514629737454 -0.11548960540358588
39.234683636086565 12.08577372057695 0.7581759794001253
40.164570606658884 10.888467094149206 3.562154472350738
36.10558883046401 1.6318368424528336 5.088337019958104
40.11325558256844 9.582757050686638 3.1300610384643424
40.375183194279884 10.735886522674871 4.923933403793889
38.27264691681672 0.8195109180216716 0.775314375732401
34.381115270904054 12.50748425227629 5.313391397675246
35.42102258700535 12.753315509538373 5.528472237740677
38.934157716500486 6.420925532720341 5.720731277550151
40.54634129029044 3.3864168249505586 0.6130843457846824
36.08370607951846 0.3391640755696292 4.699027859804492
37.99633391184105 11.703669852768737 5.793777765085698
36.097643057732604 12.252218708227492 3.5854006311330333
37.1963960158694 11.13920978101987 6.249720952301603
35.9327610512986 11.575957075093527 6.221248893049185
42.300147057686644 6.782585518268571 -0.21313887036135792
42.42576750211406 4.627049636043567 3.4113386486349127
48.003031719763655 10.150037226102034 0.21890839097678416
46.726223368522525 4.934332236371465 -0.1181862245199583
41.97937948811541 3.495346315218769 4.115924833813898
41.19109607890915 1.4594705217783812 -0.5943157838097302
47.39671629909938 2.9399142875870576 3.4959235917616316
47.589775792099275 11.920971468385355 4.361240561940227
43.78925380741139 4.574383853389657 3.1740904323533883
41.785706011385685 4.901117212732597 2.2407210427681723
42.93585552544806 7.421656175752287 0.39969343853787476
42.691727514992216 12.385594322872526 4.038754059763155
46.6794035370595 5.588950369424633 3.049987853991869
47.83098404838744 11.492073683403657 -0.13947452185952391
42.08773216194532 0.4639969878256604 4.386544164041377
48.8038702616682 11.223930039050893 6.193293775543104
45.43842201206838 3.0660903533556447 5.948471385530994
48.02923276309939 5.883055666781948 3.0453302208114588
46.25847261455213 4.054325474790797 5.322516309203358
45.42332062128816 6.3672730523575645 5.056769841504185
42.233710546997926 1.3844212041081192 1.4659589596441958
44.94085779876796 11.415300660046796 -0.7259923307716354
44.268266988494084 11.469100383393158 0.13006093379411832
46.411024865718495 6.209506643032173 -0.029749678357398057
41.29955844975925 11.54341066790209 2.9592118187671943
45.11121477964965 6.373201595584203 0.018103372243623017
43.70997040503528 1.9330815839851831 3.0611276300540946
44.098827933384754 9.224185373213281 3.889089594038968
47.13499106741401 8.638793683934948 5.520665370066446
47.083551427623156 7.054045102647939 -0.059123369649206614
48.34366392212401 7.1563691439619435 3.5083893621064766
43.11535590715122 8.981188506717052 2.998643837856134
45.867215876075505 0.3790965809650494 2.0286920336820105
46.98767955178941 9.403108167329908 -0.4332681298614949
47.93260913751444 10.11144652121496 1.6362262878739153
43.34882402578056 2.1202611382781984 -0.31844447086378236
44.647919698326696 5.122915524466584 0.30794958077689283
44.68442154009314 10.856247039630976 0.9296396780268246
44.97668524151321 12.163080857606174 5.510306137729714
42.53221649638144 8.426242372571227 0.27327307856861327
43.29849104522473 11.019598362828818 -0.08343977665447588
48.16785665865115 12.31676277891851 5.5230248612863155
45.53113675543866 3.1469531046639423 0.14783620606728776
45.894904306323184 12.320397662500689 2.1969675289981505
45.61976215696959 4.217894267707287 0.03999111578810388
43.654554228414995 4.940389072083754 0.6904533550457181
41.51010080083976 7.896148415941709 4.803666628867872
42.83000160325911 7.272871799533455 1.4742901798731567
48.160465894440065 9.696152638988446 3.8377861553481063
43.5680303657064 8.986536864885283 5.147734856561435
48.978122217479076 1.1405817373075324 -0.10315733923947024
47.635652909105765 4.495944177023608 -0.08896602378070773
44.61472572460342 10.446594499048906 3.7448976109037058
44.374762300437865 7.61670897819794 -0.05876538137503995
48.57642776215295 5.583456116987036 1.7650975859264895
48.55864640897682 1.539857463203542 4.899855054994191
44.95795765509934 8.206972913152494 3.6823994851311936
48.65279583408036 4.967449188751154 3.923729580469372
44.83668473763922 8.333813839428155 0.6198274865561193
42.38678812150919 1.1920255278600618 0.070785330420996
45.197685015799266 2.203765591290876 4.891193583982618
45.75663798008577 1.7177303015280991 2.188246574484615
48.74487044974339 2.4203861492178675 1.7647639479162835
42.23917245693059 5.728872434964525 4.237507574294288
47.161127444638005 0.0012865053966777396 2.3916109657137286
30.548765739136314 4.083499156263854 9.58035869947104
29.282691370729314 3.974665530380329 9.048190581362952
30.71211939978754 3.109887583642758 10.586283912979118
30.5962398946817 10.665526020662663 10.147576507818245
30.693965885727966 5.418352035784632 10.051489720741614
31.426292794199924 3.881611088239635 8.509974891382244
29.21693696955149 10.622432020033147 9.945143566389461
27.38116955015915 1.425820593385085 7.964411517280347
26.89268866249542 5.690214261864072 9.447463596269605
28.137172375350104 7.439374622686128 9.322636354715522
27.310781604368326 4.867462658981439 10.008425352445903
27.77607784726282 2.161479321046115 7.279390588223475
26.39989675473401 0.48952284576071936 7.585900620942569
27.211866807467253 6.92712771779098 9.10397516825613
31.031464054041862 9.385260538919656 10.48479143526676
26.25586830963498 7.340152409265376 8.26899675917978
30.958902534440316 11.607896285185884 11.087733722012764
27.735798008703 1.1133407838871678 9.233674001999429
26.22641849017563 8.237287440223337 7.805983320540346
26.003464992975772 0.5536522824195464 6.659170199726839
31.917692912993367 7.422292518281671 9.496622572312933
32.051338005285565 1.190644151507149 8.534590662606668
25.633710389529863 5.49500105404103 8.928232992989857
25.121945600850562 4.206778809264651 11.431355191858476
25.795822797542808 11.671380284665851 7.057483694208827
32.14322634815554 1.1952204646941602 11.101421390915906
25.0951298891104 0.42686077201119665 11.605147971654276
28.50392672897574 1.5506895137373247 9.85424177233212
25.54066564826295 3.4667608580455527 9.092760350527783
24.847387738655883 4.288868058148771 9.270539688075578
30.655953687772318 7.843234442143886 7.436180612477927
31.174173546236222 10.951218910195664 8.909052740706944
25.341885713953175 6.468433294958439 8.103203901202884
27.553067490985953 10.285506350338995 7.465813693954095
26.40909996870897 1.4661448466801876 11.920366246323697
32.247193168027984 0.2783230578608339 10.52125758155769
26.134429910106604 0.41139948057502324 11.933349761444518
29.710535838630832 10.831226210052877 6.711833381003743
27.014746372724357 0.013633763947283186 9.664665274385484
25.6758930012317 9.381204639871127 6.596225467953433
26.505228599321633 10.524895575319311 6.594166920530765
29.964513992364893 3.986715145127794 6.571188136445521
26.099955234166075 0.12201912844130192 12.98366900268161
32.48277521961451 8.758097728523044 6.57671210803197
32.78473306015696 0.6274273423208389 9.111668230610313
34.167877124184756 10.654490601137828 7.040594586715054
38.16124449568303 9.431889346228733 7.213742456329547
33.347226412770326 10.784781575134632 12.67771654097172
34.361955851368805 11.079001315274057 12.409651414750519
39.479278551190134 0.45625786514067695 7.3519064004217505
38.5594656245979 7.127201006917051 6.832409182558213
34.445375353704755 11.036309392543377 11.323687056705346
34.46941651416345 12.543178436297426 12.642898079050717
33.31797023174377 2.9935218432772848 10.260066776096089
34.99877883627926 6.608169411172599 9.015764553737748
35.94544262286079 6.868327874575997 11.120762145947108
34.15793198955513 2.540298563947504 9.754643285874106
34.758038020592025 6.95135286521752 10.375103009222817
33.82875952021785 6.0801790985941 10.839461310061274
34.17865608667394 8.244217210485276 10.361294411099667
35.421497707501246 2.969150253893631 9.607383383397645
35.93614224227772 3.885041917876412 9.85775003985234
36.04734394910152 1.9079726809758133 8.931504225647553
38.71172586770731 3.959708384499288 11.167116338137838
39.18289463380979 5.458959978594105 8.844376357381215
38.592455494425636 4.955358884835212 10.739852181502007
39.65814313054945 5.5449787684607825 9.821535319025534
39.98570174311084 6.984340716593451 10.17930729923388
39.15661809691042 8.065388800747641 9.92891313684508
35.7837228936337 8.968121939786483 8.016497919523184
35.99934702151363 9.68870272371511 7.34242850968406
37.81588068096394 12.577498024139445 10.304272113850573
39.5428558993399 1.775971952952788 7.839125243411158
37.748848176814555 12.434220047888894 11.674959458788589
39.81131054872302 9.183426694365139 10.375468206253306
38.16741364725864 7.89394108746952 9.530817371515578
33.96352296964263 1.357995197413716 9.098515923560429
35.181244476149 0.9154576708905129 8.721163492956853
37.713777237998265 4.938591096530614 10.095070541762933
39.76929591564857 1.7586176041611028 9.224435110604615
36.98072428377985 1.934696231664778 8.546553576182413
38.30494592227007 5.64102057575263 11.536913215250808
40.61555058405223 2.4025977345190634 7.152729958151491
39.54975871079135 10.22605561455353 10.270990596899448
37.669721135567706 11.355642045478278 9.651215470496297
38.35188580625468 2.4214539363340797 7.641645597332143
35.582955857168145 9.340269579085138 12.517786208864015
35.43095588426822 10.251775345295089 13.095846107552578
37.288407173029874 10.007949314559951 6.944094684101387
40.579184906351486 4.962606994709261 9.796532003324083
35.1061981721343 3.3140852257070277 6.613908933697168
34.93967353117608 5.108819547010478 7.123849012266623
33.583103872889914 4.0581705054831385 7.0443235948163085
35.24201057031888 10.672051929049164 6.929558828381282
34.54915309026561 4.250287089164885 6.5774830140478215
36.34000534448052 10.806277461980228 13.328776314813686
48.10676311808726 12.491823256731903 11.838802559162238
41.74169451718434 0.6947848702301472 13.102488986385607
48.26936641699348 8.790672874125493 10.562116485949998
43.55492634874596 6.157155128071544 13.033754823111455
41.00032243242386 8.76876742877356 10.90372718907921
41.077758172427615 7.427856424633029 10.781006271822806
41.17326432775209 1.2721871628240138 11.618472225177959
44.64396098743299 6.176004060415716 13.07556719079386
44.04459703554767 0.4127187890578137 7.178318743405859
43.777425992519476 0.28988450898876833 9.319445157186895
41.74443085087511 9.229433003487555 11.407899669346566
48.71970648811931 8.071837041454494 7.007072707060933
42.80939561171661 8.681171305970945 12.881229560889956
41.292209199652234 11.170935144005151 8.031536393360959
48.642189381269915 3.6008225984894153 7.879420614532808
46.26067581733354 2.4454145641276894 12.415609844844003
48.17630350339705 1.0360555309276955 12.187889552835093
41.621915682449156 11.938298780217595 9.58235548943134
43.534093922309985 9.873132548221713 12.754402776472064
41.84765290800152 6.82329101126565 11.23725484116556
43.55876086654393 0.16428678195221885 11.920341043748287
48.01660547016478 11.021766885552353 10.064122739486567
47.05846178801695 6.614202221794062 6.620145756548253
41.96675791254963 7.127571826806678 7.428371700891727
46.46893000769081 12.431133765372966 8.978666103731253
45.491330065683634 12.096963094531795 8.663978455292273
41.77622714351998 12.024160556522684 8.506755317900597
46.16647515767164 5.579713964387651 9.809848593388969
45.845976666741066 10.181604098084552 7.812660705031748
47.40830670730971 7.9802572673059995 6.7351027936372745
42.8009461929096 5.1511803579190225 8.26220216457892
46.57315844842107 5.206030441894323 8.881748746369787
45.919043810969264 7.204520502595604 11.210004559713731
45.17586642887813 10.89719457663553 8.05552390953981
45.76821940124632 8.19963021644403 11.601678728886373
45.327444909824116 6.135502418130152 11.76457902894946
46.79639189109791 7.59394504538125 9.43008149240739
46.77250531481537 8.666612179488647 7.7545806327538225
43.44139211757927 7.131269674150754 9.133469867296961
43.124994988739886 6.510553428997954 7.943699115512639
43.28301092015625 11.85120614572072 8.41346877799542
43.85993827002457 10.699706450561813 8.05286051627168
45.460279306382326 5.088181832052409 10.853614206569807
44.16553548203342 6.493175560415851 7.051720513173679
46.40516357249652 6.900882247289898 10.051937070997463
43.3641056905461 9.799523468789117 7.720865557879213
46.16587948096664 2.30520971038453 6.873122398547044
48.034651297374836 2.930335905306467 7.430594288580146
45.2264074052842 4.053806619337482 11.057995842718972
41.925188931655036 4.210047575001524 6.438937726195131
44.548765087588805 4.1278980955101074 13.299245190975824
46.606904847197015 1.3211752969701998 10.556321319759558
46.80044105266847 1.260344748465605 11.888572264721901
43.29324763670499 10.338290952123844 11.464229453081662
44.44954227075016 0.966371169221887 9.826421988070727
44.86953762919046 9.698953778757687 12.967371853762668
49.04786571826937 3.518309451570867 9.125696602782261
48.83223520298626 2.633929158942467 9.706880720658882
48.075077585088714 4.421323054653188 11.899557258744206
41.47065517372709 0.34411046183964106 12.106665139728666
44.29271268593189 3.5551100955126844 6.492266662990498
46.09726241570779 0.11743726182057579 12.327818729984362
47.19962629493078 12.758737160086337 6.444648535140718
48.92926113380822 10.02197378379153 10.544748458624209
35.067565818175176 10.055122456100134 14.104496344776217
35.938550073149514 12.720274657390634 14.257314051349537
44.940852516752585 7.068139595889822 13.626974124907328
42.97523067005497 10.79146486412464 13.664818787055564
45.91057841394335 4.934070933951907 14.376704169184514
44.93537818190757 4.958070783603987 13.890382758158268
44.249926530219305 5.084646154205374 14.728377214408317
25.789950890108667 13.469999510072318 -3.349999929830667
25.78995037011319 16.30868294190962 -3.3499998498374994
27.019039745303207 15.599413051811858 -3.349999913238151
27.019044309837746 14.180520435221773 -3.3499999081822587
28.240955647864787 13.469479564292001 -3.349999900048183
28.2409597704812 16.309196342639734 -3.3499999114336463
29.47005004312078 15.599935149378577 -3.349999906311224
29.470049093419313 14.180000504843132 -3.349999900849847
30.699999992543805 13.470030712923645 -3.34999990773444
30.69999998130231 16.30865189011694 -3.3499998874757275
31.929949940683386 15.599935145526048 -3.3499999074987628
31.929950886396306 14.18000049798031 -3.3499999302557426
25.789950380383264 17.721317058306806 -3.3499998709056147
25.789950913102686 20.560006204410268 -3.3500001787208458
27.019044379931454 19.84947975920057 -3.350000002924105
27.01903976998882 18.430586977480715 -3.3499998566225706
25.789950804779117 21.979991330478022 -3.3499999980682373
25.78994590538557 24.810544352729057 -3.350000025400356
27.019005342788503 24.1089181559282 -3.3500001934252657
27.01904452541656 22.690463445252956 -3.3499998690791033
28.240959767850597 17.720803683815483 -3.349999837501778
28.240955662655715 20.560526371921238 -3.3499999146522508
29.470048568888725 19.849999735691497 -3.3500014848777306
29.470049946035395 18.43006480534934 -3.350000195800117
30.70000000939205 17.72134807610791 -3.3500000837489274
30.70000023273238 20.559975414890047 -3.3500016870417424
31.929950990278495 19.849999720565386 -3.3500000660658644
31.92994995296138 18.430064871160745 -3.349999938454914
28.24095597205241 21.979471056737466 -3.3499998729010274
28.24099466841855 24.811081794102336 -3.3500000574192903
29.470054052936767 24.109455650595226 -3.350000077744155
29.47004907261316 22.689945734426132 -3.3499998891791813
30.69999998345074 21.980022677527682 -3.3499998929595454
30.699999984763473 24.810510179688027 -3.349999903432801
31.929945930022985 24.10945565641147 -3.349999921126603
31.929950900051107 22.689945738226296 -3.3499999099394273
24.560000028146806 18.430033191713243 -3.349999981514676
30.316103576934296 19.882126614199333 -1.1573390282827678
24.56000000068667 15.599966844378091 -3.3499998585524917
24.56000000129252 24.109489871208414 -3.3499999693789984
33.159044337937395 13.469479567895348 -3.3500000954921436
33.15904023831638 16.30919632607621 -3.3499998973382272
34.380960269799985 15.599413056202957 -3.3499998687682897
34.38095569283373 14.180520452998666 -3.3499999131493685
35.61004912238127 13.469999520645663 -3.3499998753235163
35.61004966082621 16.308682945455214 -3.3499999077669407
36.84000000283734 15.59996685759723 -3.3499999427742
36.84000001405564 14.179969324039943 -3.3499998425144306
38.0699508767571 13.469999545520947 -3.3499999460744334
38.06995037684499 16.30868294469679 -3.3500002302244214
39.29903976228439 15.599413051128359 -3.349999950579381
39.299044326074174 14.180520469597555 -3.349999876210792
40.52095565729505 13.469479573667932 -3.3499998665762307
40.520959757776374 16.30919632490098 -3.349999859465794
33.15904023029097 17.72080367959517 -3.349999890453578
33.15904431339761 20.56052635680224 -3.349999905870955
34.38095565885814 19.849479778366618 -3.3499998944708453
34.380960258229216 18.430586961446906 -3.3499999038147688
33.159044020831246 21.97947105388543 -3.3499999176413873
33.15900532421235 24.811081807588778 -3.349999971307862
34.38099469809504 24.1089182222227 -3.349999971529025
34.380955491851395 22.69046344140842 -3.349999926898397
35.610049645361286 17.72131700451783 -3.3500001202840393
35.61004912609037 20.560006179861084 -3.3499999112112375
36.84000001843132 19.85003092622029 -3.3500003045418247
36.84000002245695 18.430033136634275 -3.350000351103298
38.069950414757926 17.721317045953782 -3.3500002350805156
38.06995089552246 20.560006175118883 -3.3499998988601156
39.29904433279253 19.849479766145908 -3.3499998580936885
39.29903973910671 18.43058695849876 -3.3499999115733314
40.52095975842389 17.720803664630147 -3.3499998860806333
40.520955664634194 20.56052635476615 -3.3499998941403843
35.6100492487371 21.979991342736817 -3.3499998931683272
35.61005404260388 24.810544345025935 -3.3499999822552082
36.84000001676993 24.109489800899933 -3.3499999978558126
36.84000001380641 22.68991480835157 -3.349999880585642
38.06995076807081 21.979991339349436 -3.34999988464649
38.06994598458729 24.810544324103052 -3.3499999677968653
39.299005334498474 24.108918225140663 -3.349999871344128
39.29904451715219 22.690463447534473 -3.3499999012632395
40.520955966723754 21.979471066744356 -3.349999888871218
40.52099468103611 24.81108180154833 -3.34999985887948
46.660994605338864 24.10891821175425 -3.3500001073470367
45.43900532425825 24.81108180698393 -3.349999881472465
46.66096023833116 18.430586968187498 -3.349999911567348
47.890049115681094 20.56000620808781 -3.3499999041108044
42.97999999620648 21.98002265465979 -3.349999909089012
46.66095564126377 19.849479798863985 -3.349999916347816
41.750050039567064 15.599935145224531 -3.3499998610756156
41.750049104596826 14.180000500178 -3.3499998695306212
42.979999984681484 17.721348108159443 -3.3499999076140066
42.97999998984526 13.470030708170224 -3.3499999259228295
42.97999998848381 16.308651879440944 -3.349999881704915
44.209949929923305 15.599935132712224 -3.349999880439163
44.20995088810379 14.18000049355399 -3.3499999028187233
45.43904432521305 13.469479559980456 -3.349999876848877
45.43904021827524 16.309196316326275 -3.3499998939954523
46.66096022966302 15.599413030774098 -3.349999917898807
46.660955657089275 14.180520435938412 -3.3499999093334654
47.89004906643263 13.469999444066014 -3.3500001744752614
47.89004958447318 16.308682914372113 -3.3500005407290923
44.20994599126581 24.109455692252794 -3.3500002310878783
41.75004908829905 19.84999970738072 -3.3499998990582522
41.75005004086727 18.430064860549003 -3.3499998700144697
41.75005404210405 24.10945567060041 -3.349999954555126
41.75004908616288 22.68994576490209 -3.3499998875148904
47.89004923711723 21.97999135430622 -3.3499999435817154
45.439044026821506 21.979471069929563 -3.3499999103617095
47.89005406805275 24.810544424838273 -3.3500005224711717
46.66095547260168 22.69046344103661 -3.3500000429486407
45.43904431472678 20.56052637322074 -3.3499999128178692
44.20995092321908 22.689945731401018 -3.3499999768277666
47.890049640773135 17.721317091290757 -3.3500000424790235
42.979999996342784 20.559974943280928 -3.3499999126075397
44.20995089956584 19.84999972153094 -3.3499999240812386
44.20994993283191 18.430064869011165 -3.3499999370187883
42.97999997570555 24.81051024133298 -3.3500000800180696
45.43904021536799 17.720803669524965 -3.3499999017627724
49.119999995623274 19.850030931721644 -3.3499999302329995
49.11999999783767 18.430033145145067 -3.3499999290947216
47.92792978488338 16.662060767549637 -0.8406067962951846
26.76196569721922 24.74065753531296 -0.7502873138423438
30.495224906265445 13.046231027816622 4.608364340374036
30.22996854489067 18.288427598828985 -0.7005381840885838
29.18374357089407 24.108310206121285 -0.6239147034275083
24.995459995945406 20.41275098744156 -0.7635844292465788
30.72177424062944 12.95141965342775 3.2174237016599228
29.520644614670918 20.810582836938593 0.9841412785346815
24.84811903950116 22.837538425084375 -0.48137176889544886
25.600596998783725 14.740700234165082 4.900974936604366
25.216100221182383 18.149678692764887 0.07737992601677957
27.346157447459483 21.705434865722385 -0.07324705443267687
27.181601560536045 23.951018110841733 0.7672661466305519
31.443675410863268 19.30877550664834 0.019347231544741827
29.370512106091912 19.179691951777485 1.6324069145097708
27.439465517511266 17.714978426384516 1.27839709386665
30.390094564575328 19.271391235825888 -0.25754591983621955
30.83713454899232 19.158390927988705 4.689984652175539
31.220442838888488 24.240231383342127 3.0486627349190054
31.87556031188517 14.342644276780494 1.4677841710158268
30.40631344546186 16.656747256703834 3.9039611103845537
29.954965619074972 18.681755446006875 4.568755132770307
29.283206986585924 19.778584586906714 0.7258720678921593
28.012298222557163 21.49818345673041 2.822377515921377
29.653185021601463 17.384255401452666 4.168402931008818
28.607412042355655 14.628764735445637 0.8884179240344958
28.852449465290565 19.246961046096427 4.882825182851519
28.376936675172313 17.18202150177348 4.305353496904494
27.878138065446414 19.68466271515999 0.4643200165266681
27.886496087122946 18.361790129449712 4.798007048076859
27.850161212472564 22.660225479597088 3.559158096836285
27.794474490191526 15.229890627897971 -0.03677561821219366
27.753439558729415 16.322826742136346 4.106769230674815
27.093582428209533 20.65539999905301 -0.07896005569483666
26.575748294675044 23.25679770977372 3.2172504818952286
28.911808998460614 23.50305206081505 3.2975153115669533
28.53534039543061 15.455052180386422 1.9844173771136853
27.126247923502298 18.613901051356187 0.7682668623495814
27.939004609573075 22.318024798747818 4.955421002797293
29.932529413903563 14.444657003319831 0.40305211740660485
26.323847799831288 14.548180367131208 0.1997848751305531
26.46184828348839 18.514055523647897 5.235041207185203
25.917681077525703 20.060781095321037 -0.32537731873459985
25.972788952746157 18.80847239613619 0.19362544171389717
25.358368453447408 18.78799416698628 4.1381083381037564
25.532474485895793 18.291300504191934 3.183601923841879
27.34322314183279 24.84557267026277 0.16580907778038667
25.498545537601558 15.549941899893097 2.7555466206398496
25.506211203666943 13.96933800172138 0.0712861879680926
31.744397366183616 23.184335340877613 0.8988482728499081
28.156182519192434 13.37391316699588 1.1686648847720726
30.81714630081928 14.300836385433554 4.958416429351161
25.095536881934198 14.528946130490304 3.624339799716967
25.218079643097504 19.86167795969257 4.01311968664098
32.32077539163839 20.137403989639214 4.69333702286574
25.525661188544383 13.293430850692234 3.1569999033573017
31.5528398288454 17.194993137222557 1.7356305134081318
28.698707320807493 20.22661709708671 5.310653857289292
26.430207915114323 19.35920353815603 5.9226629937216675
28.90164101595343 24.93877402076786 0.023269969628563203
31.886544878467085 22.380490877959552 4.423901936591111
29.485440799765776 24.85943530495495 0.9403213207943473
26.269475237737545 17.608708356395848 5.810748701388496
24.57449967754733 21.713307119282646 5.65077799045985
37.42151135458025 23.789550971711037 5.687420343278865
37.56548450491401 18.050990808516655 -0.7368588061158476
37.401905149767416 22.811070339220436 6.167307047531797
32.8014566154272 21.440985626831544 4.869643740623064
38.693674438274265 12.908340038979764 -0.6394735260259876
33.08965615548343 21.7463841041293 6.233399570236465
35.431319690828325 13.66632443956886 6.123794556883571
38.50780018335457 23.03408587463494 -0.43345122207058995
33.12582742218934 23.34899246445118 0.938011876982453
33.31391931305902 16.894635351481863 0.36422265080440885
33.54953315860823 23.98661217806998 -0.21464577530486584
39.097892535301504 13.089754472296127 0.35641629387847207
33.62053280781787 18.241329967113792 2.1331461012193054
35.05003490359946 19.2288659975169 4.513741259276108
40.10026176558916 13.505673674220944 0.25459712247786315
35.94367543342689 13.990946565302279 3.8729256573264106
39.20485491112155 16.099549378685786 -0.16472928348691074
36.01295467534721 18.88900479466122 4.8950283899555895
33.77562389086631 22.133636859037043 1.0414556366893835
39.76158698821874 15.402011986255031 5.356533938447945
36.14237877589454 17.98242083983511 4.30388125511843
39.79515270301265 25.457862057559193 2.742984748650459
37.77465275844943 16.11557107108246 4.54795196175298
33.39407321356904 24.099997488260723 2.0761435141710427
38.67658754356815 14.41209688937558 2.024041611580417
36.408611905580884 24.14098333407314 -0.3874498374867763
32.96064830540339 17.089387509358172 1.6741143093126998
34.01367324863028 21.499553776120738 4.1915567606601725
34.49942746065485 20.374032615809693 2.14478028240224
33.22248299555534 15.96368945626393 2.438667727484254
35.11318570898891 17.008294938926184 -0.01982623786114468
35.48416564813497 14.80885245438826 1.0157104745768208
36.07725628079173 19.32008818261284 0.7861977365310358
36.0252227269798 16.575651604907776 0.01346375019798507
37.638648563667736 20.832143254470093 0.09274481530554435
36.25538249302067 15.413653202522388 0.5620138433534316
38.19276798373278 19.18762215287797 1.5077116463763751
40.12339963565111 22.70528909874737 5.546992863762737
37.17976553735911 20.013435842271353 1.1239006714575073
37.25358201157142 17.078193594496383 -0.3864555884172538
36.80747107421629 20.794061766211737 2.208036484984003
37.50892646449763 15.084587749025966 0.533103560504834
38.12687365937624 16.086875951932758 -0.09995424876006798
38.76378919388532 24.435147926645097 1.152450413266226
39.10402243623953 23.362184443564626 0.40516093751918114
39.142965815353215 16.30349338148782 4.540050357517085
39.67121743135222 24.58327182951544 2.121589559239856
40.0685688547241 18.429446338918787 2.6993073024075196
40.22068323154709 22.821602744744546 0.9706104956554251
39.67846212023884 16.246196833063625 3.257697897940197
36.59315211203832 25.16274744583402 -0.05572252151707202
37.462679921872045 25.212978786089977 1.2020211628114963
38.12628148232125 13.948664643972073 1.205204757732129
37.58678773530787 22.059680366109273 5.399627727581608
40.51474131800045 23.566096635969814 2.075608230208564
33.27174002373645 13.293381255406322 -0.2968920455189239
36.89723728002133 24.79934508370558 2.037055162025543
35.13979228648469 16.106367956938847 5.71638529494577
40.78615791957625 21.9864702084215 0.5843566620767404
39.33365874631745 17.540524391175502 5.086239223256705
37.36032909953095 13.229740226102354 4.496587158748734
36.749128507525704 19.573406830864442 4.473433866643041
36.303696589228686 13.052970812351457 4.29563862641894
37.35146940416541 13.317096256911366 1.6398167874433356
39.392919942085435 25.20895010629932 5.12120914090814
40.89010614990722 17.441260046518142 0.9229908915905771
35.23632987527877 23.093333161990973 6.0490751573907815
48.91988213564909 14.757536046344974 -0.4088295387061791
49.0856075047606 13.29975420654474 5.246607615568363
48.39971024107404 21.334404296224115 0.5879081849954204
47.40584466439286 22.030185241397906 3.121597391155543
44.23496685908693 22.013354079184467 5.295504577584978
45.91368703451533 19.112801136462604 2.5522344869007108
43.77627282498436 25.254809126599575 6.223486961951991
47.6824940544782 16.47778648922961 5.217245980419152
48.77322372167627 16.094663172678146 -0.48013747756853964
49.058629181861875 16.730520536138496 4.976525652573491
43.669745889977854 13.371356353231882 -0.5162726486637104
48.63805266666468 24.889360323518748 5.473617537177979
43.88082846758617 12.929451953447902 0.4575161616605894
43.132555352170485 24.24735751499731 1.7144781347317772
41.67285596077296 20.45683832581817 2.4380657028958144
47.1584696843833 20.676195953654794 5.340891160221775
42.82151985368101 14.382915318794277 4.589540185789795
43.602833939066485 22.185684544632604 0.9512475127388675
43.77530234419396 15.145392100118745 5.056373834193064
43.181031094261314 19.90141659386518 3.9622623917763464
48.170017657117576 20.473378126936325 5.021460998924604
42.93082802781605 24.974344355561072 4.946567221076597
43.52006017721332 24.70306001951865 4.070604731516908
45.12651905948897 21.43095310708556 5.47534834770368
45.87256858985839 13.340164246955837 1.8420348186087876
45.73358291536276 14.730810949572952 5.794815424437601
46.45592544468848 22.289473370182563 3.5890619807019206
42.62742627480991 16.89279251026683 5.293063475340008
41.900723528722324 21.789836880454278 4.278217309268975
42.17463699212974 16.891535606046382 0.925199215658925
41.377790033754216 23.647647769729065 2.5938710272031695
46.075585153371954 24.451031230010386 3.3358065351990374
43.18212968105537 13.113282961029135 4.538829015538726
44.43885024487991 13.065784836110584 5.260788515959467
46.65682274909289 14.351339970917257 2.128709304388078
45.25823156123236 14.993384325015487 0.6371162933193697
48.44014919659881 22.29847139587329 0.2895136169321155
47.366391339733944 25.17889054775801 -0.5921170327494962
41.03152910959122 19.686980724630036 4.385275229420632
43.9249904020093 23.54071773850651 0.8401484842785556
47.9196157993775 24.281757789691625 -0.3565421791484902
41.91881169653311 14.775511558250106 4.145258545659569
44.71142224920109 15.602088284200606 -0.06778020002007334
43.0530929173256 17.724295990905375 0.20137667614671062
46.30026505885598 21.576779787870734 4.858019681495197
43.69281787924004 19.787288796951923 1.5962946246325138
46.89833334023534 17.840147654611403 0.9871865908318922
42.96367607316739 12.965048752787823 1.0454484312280943
46.12208036500799 15.418315440636155 1.4850814275974267
41.96013908842183 20.478266518624466 3.8170507855521607
46.44427596600929 22.6681032519207 -0.523503973461038
45.78701805716988 19.640253775271884 0.3541600611861384
46.599116934274214 16.306272979738896 1.4213043135101255
43.68072491880739 16.613498853458708 5.267431057561706
46.591960495427095 23.75366374681658 3.9954542439013863
44.13528906812774 17.10625994388661 4.407978939831214
45.283876950695806 23.704399452557116 1.0705735561429108
43.687169930600795 23.942171231818453 -0.4681447237531122
44.85123091623385 13.823006635690566 1.0392519708199544
45.663106871734335 22.080655019766244 2.8707767956301025
42.48564868109826 16.821627523977536 2.2439468933866626
42.252223689635784 24.1464434977707 5.151935967097112
41.987963383333735 15.632101871165728 0.34581494651246825
48.256417191319564 13.978301482010123 -0.7538045542439198
46.573461329597976 19.129345764913687 1.3089380969482167
44.78008318287012 14.358858542372287 5.450011615148619
47.59671565911593 24.152595465588263 3.8560966290594036
47.515858155781046 14.370327877258015 2.783001004972665
47.7307430403089 19.861651566655272 1.3704447428325495
46.42817888010372 24.005857385545124 5.043153604928849
47.423929074167326 23.048255199181146 -0.2741763083331572
30.981264996591353 23.19062943535799 7.107277710899041
30.66905130880788 20.37758205928887 11.6417881700984
29.678083730509933 23.48371811235114 7.27524399493361
30.64672837859654 18.01836447140354 8.637863836705954
29.94589242687486 19.19748593072823 8.482940369005354
28.616423408135866 18.97972061769353 8.169468677979513
28.875620161520995 22.77064960751794 7.393504418665118
30.569555791835267 19.981149112147136 7.544216118747586
29.799168178381052 19.842582570985346 9.701129306132222
29.39661876690584 22.531734949111527 11.511745172538358
28.491348469271184 23.127329094044736 10.696833806498073
28.520600852114804 14.97812520653569 9.65890180204169
27.91426159627541 14.170644594976816 8.54931009791267
28.02226814449808 22.259664641562537 9.67194499398751
29.62663325018132 14.670344146198524 10.424586282103377
29.784742452270343 15.63637030178385 11.337962743848713
28.049244805339555 16.056352835293747 10.151823059206862
29.1533838036381 24.246893818664066 10.10472574015558
28.803212715857946 16.540293259480865 11.068663377579147
28.634852163421495 17.399927803499303 11.571438849442874
27.125333190296818 16.53958654789232 9.870269322600398
26.91527924186403 20.28233082862589 8.939796666859301
27.425191322393346 23.635298741044238 11.451854736985746
27.02631272514048 19.705015930301716 11.119621824121971
29.500330701417777 24.750258426339396 7.1639044411166655
26.843591270461832 14.0336469561522 8.70095673127787
31.83926561167011 23.856163811719018 9.92422892098305
32.0847890296039 18.385784119990227 12.317467569629093
31.663393314432632 24.337824940818102 6.742525934030104
31.399125780751188 22.278490349847353 6.99111121946263
26.189549208629565 21.681979956813862 7.30633681288281
30.245235844140083 13.815153929017063 10.195718365716232
28.039092890390055 14.90236795461978 7.179149988313305
32.29078957975486 17.36101588724746 8.495007938717626
27.28547871193483 15.689225758544197 7.211094731468637
32.48927095817208 22.076408872984317 12.231045923632799
29.029091210737853 15.333071322325923 7.029156872577461
30.513749257292044 15.726719002964268 12.1296610389217
26.812983636384068 18.344037595337216 12.887886130546097
27.46794547458715 19.47006813065293 12.418428476494206
25.482146928109966 22.596933188852137 12.349116811974358
24.766281425909504 16.730977191544426 8.96224178479011
30.726359026922555 25.300634577669328 6.813066093559971
28.359571034807878 13.185763579756934 8.408566037404995
27.416351270932726 24.74278330838774 7.066414440990094
32.680715460445995 24.359908295384706 6.3806309538780015
28.85561553919937 19.258430129544664 12.445548161385268
24.969916226097446 22.25072933219385 6.894220363695731
24.970914163198152 18.928217442655082 8.496129236197998
25.972978016243818 25.45558588285152 10.060537477236387
31.10485374753258 25.18095978901265 11.60964207902072
32.36371981832003 16.826649042314337 10.685742744862033
27.079718915442434 20.577868804227492 13.150884653148632
24.907909199458306 23.632930262769268 6.843386935303107
28.203993604617114 25.45296878609434 7.318120900075751
27.93952211996753 14.250215077496652 6.311462091371835
32.86312716626904 24.182951105180646 10.030613044977954
32.92342132485182 17.86714322092152 11.396826044642015
33.1575107301074 17.36367800642881 7.976464439460021
32.86925261642768 13.097709381008334 11.423971480476984
34.09032610401654 17.427384757828474 11.94599469154155
33.347764590632856 18.890915304013706 10.563967935249801
34.177204459730774 22.485446147653043 9.802602279449816
33.68547274137589 13.436014823984356 12.045046463738277
33.968555886395144 23.53508339385263 9.947955036999213
33.99393081767401 19.28301032466788 8.018471995746555
34.995446804923574 24.44936229495729 10.1779381623519
35.991578212459544 24.28747788675924 10.218133401878752
34.09586969926644 18.245013389721205 7.73816711274674
37.00035523981807 19.099009958648043 10.860157584547009
36.34839536628911 21.155216547564766 10.172971078926713
37.851065834075214 19.91720409477423 9.056223180667152
37.36305038037666 20.22128211993605 10.30464363161389
38.27124348865508 20.680269871785722 11.23480668531427
37.93494390520628 16.336698990935574 11.026360335593695
39.65598729362946 18.004043788490193 11.314717973990485
38.63610424908458 16.42546736316302 10.30483809182709
38.804981544349616 15.883288786869581 9.076172189138079
39.59811714046831 17.361573434646285 10.44852925913981
40.294897894148804 17.503673950969656 9.344152968917163
39.83535941376748 16.521002947510187 8.45363518488503
37.64283752677304 22.72485144702708 8.943190145749359
38.542770782911745 22.79682540636251 8.350450840787268
39.843745140129926 22.619880438625756 8.77152999939604
39.73679284164919 24.867208141807254 10.833901938822612
38.19018198292618 15.106627082775194 8.645802468321
37.393642306887905 16.8353225631189 12.629804164611034
37.46393872333634 25.15686352893436 10.463257272122435
40.260218507693594 16.256222130677045 7.496668169104391
35.99572730053106 23.67439505531966 7.510632772100955
35.66626520872473 21.929948532236796 7.296262193772001
35.98581760589193 22.846942958439183 6.80117887979055
38.53334959331651 22.81262504656074 7.062572289198497
35.0402748669022 17.86057442900739 6.933147088668926
40.2186847786443 19.932984189573617 7.6305631898197905
36.162442986017496 19.610930480412986 6.909174876227673
36.16116415638897 18.6455462074687 6.40308044780129
37.115182239067174 18.160168415805636 6.608890791993495
36.799765622813666 13.340714230069421 9.819571461614117
35.39275754003802 19.26333465852825 12.430643730478616
33.8288854972473 15.432250733570493 11.855284210531156
34.14100650193087 14.580874844477398 12.300075817792763
34.33723738642371 21.227631998486324 13.16584534283879
39.07115172159308 13.102330814375712 9.92903733433333
39.861485871895894 22.77853588650263 6.5921895382882125
40.15251580173165 13.572980061163754 12.673058839467712
33.58610985652106 16.23970950208964 7.284564675072956
34.65575704198928 16.575987906516886 6.559929594317358
33.07949306185562 15.294076435068018 7.4091340369464636
40.1848830147424 13.502021020082953 8.003184347774235
40.6582834794195 22.638970863551762 7.675557260710075
40.15886658484416 22.54695056053316 9.728337037386499
39.73316559859397 13.15419856771759 11.855215659014055
40.415686872754016 24.69807257147217 13.095559185418992
38.03153655223386 23.870238722747526 13.326818992886361
33.14041264250969 25.46894983693825 10.313058052520452
43.94105181455869 25.396787675795263 13.17352486501452
47.15216706891746 19.319757939473302 6.865885906992977
41.221902478123575 13.22795042163155 7.809339202590651
49.01683469785058 14.429106257015745 8.459497815734176
41.36388238032229 13.244333722307102 6.728749874998833
41.140404369388726 19.369463063823368 7.775397360566524
40.96965897996482 19.274508294576435 9.861335989309797
41.7355710065055 22.564947350378883 7.69484724361161
41.29420534760716 18.582821396346414 9.083943623416042
41.28863011139547 18.68356338245399 6.941328564545585
41.9833279452292 20.059525925097002 7.738073202844928
44.32821350340809 24.330076384282176 6.391804646641184
46.262229618172725 24.6393731160357 12.335191024566543
47.50125665850214 15.908869587560872 8.13822016948776
42.32547606138156 18.30171709392879 9.297394054594456
48.16949237501242 19.669749360052954 10.591116628865937
44.11570723443684 16.406234609548562 7.396881777203848
44.232629020114445 16.41251012316367 10.01485947311078
43.63226203763493 21.62615858768737 9.084942201187285
43.05673810200785 20.470013559395092 10.968474880200068
44.51358870459619 16.17978004612562 12.234917175768365
42.94838058318923 14.889708695826092 10.98832639816144
42.641183241391516 17.163723484607782 11.36613949909356
43.58883838919752 16.11473640984125 11.143171468998435
41.9848186216844 22.43643883211247 10.576631491311593
43.24932570040681 21.77086697303722 10.436569154008499
44.29973571847606 22.36160559331388 11.121171062508655
44.26286589709637 18.823426307088223 11.728569436185015
46.88987987745571 17.856531711495027 11.088796130723384
47.02915956652532 15.421136675324346 10.834749188282803
46.595903088321776 22.0459556497263 11.258866384249552
47.14415214505896 18.548204912050558 8.913644649193136
47.789004088149696 22.51763754945047 9.19936078415284
46.397596447789205 23.96881111934332 9.95753040598978
47.03430572820888 18.94903946915698 10.25463262111045
47.22509824048559 23.758768605346578 8.925292794220429
47.79921724120646 15.063235848330077 10.167427544922049
46.535303666321994 23.81772638505387 7.702190316084689
43.89207242641757 24.24302496531828 8.95006599718656
45.98791689110132 19.81019283135998 10.48913757976273
44.58774632396325 19.98585436059257 7.0741916799443185
48.639732533124864 14.041336854708927 10.59324977641855
48.05258833586612 15.32000307053482 8.856321559713352
44.37700223972968 17.068562191565476 6.571565417043961
48.23590947217348 24.713317913433567 9.05023369990852
48.496917765803175 22.749750146785285 12.240414818669525
48.64588336533837 13.430396173019933 11.967372541984396
46.851183723122816 14.43117426344199 12.915907029026645
47.89392988351221 14.16489808464551 13.088757952091626
41.732105261799596 14.16740528682402 8.021983685168014
45.35480091251856 20.459595354708362 6.479551680735591
45.46667300282007 17.069943563894874 6.598318358678816
44.09267441383261 13.80321271525107 9.035017445058646
43.19855348556769 25.032118196118482 8.699539847289488
44.03624704935348 18.00827524763231 7.00622076647972
41.3189690175401 13.490100306749259 13.155828476647448
45.90455031621665 20.882991309670775 13.194927334050963
46.65593430533369 20.0435156504693 6.365858087653226
42.08951050595427 12.841092772672297 12.766656232899855
44.293055361731035 12.784620727157762 8.737162048093772
29.05472314883131 24.95092723572318 15.214234569287825
26.866484469322565 24.026225428659743 14.626631774985524
26.14745681932594 24.07021819023724 16.646224776751435
31.242660025882845 25.042267268020776 15.449936091920167
30.341431216031758 24.466845833589247 15.298025575222468
28.76858989334132 22.005044884515396 14.057998712561709
31.16811743768399 22.665361389523568 14.71577315558974
30.328357857174794 23.189545728540665 14.916109437017278
29.0871549619235 22.879139174036624 14.606519879065951
28.285119583781814 23.864912197035483 14.909301826157636
26.3303439983872 23.093636226889526 14.450760298675213
26.10221500813736 24.68068958281794 15.744350141668676
25.034774370419225 24.76217355753134 15.539335881612864
26.773660218155776 24.638232995414754 13.729452641988008
32.550843945441606 21.773109444112926 14.496324890484427
33.820138844068616 23.445729040305725 13.528073499293633
33.314663033179144 22.164182234701265 13.380380980013818
34.995518454472354 14.508502220642013 13.362017340375932
40.53306385326594 19.737002506602167 13.93399826731659
35.3031804028229 13.23149343688406 13.54924573436498
40.420340373739286 21.794400837618085 14.22735537204401
40.20849351636659 23.77178925036598 13.440769443185225
35.482441084973615 15.396145665494988 13.7380432260598
38.917860478978355 23.318391749035698 13.603034152576205
39.036896773266605 22.058782613786022 14.045953918488133
38.691340970341024 18.297606066364143 13.959080606883361
38.397661214880166 14.415557334938107 13.395361374358592
39.46892410637585 14.385383241121804 13.529097462812867
37.58335256911626 17.47207393844817 13.831983241000636
38.30615561422974 21.279687085879438 14.205413997714949
36.46267895069183 18.17428583998827 14.147321905802134
37.82562963347821 16.389079320843546 14.715022806882873
39.948775987519596 19.865529878004686 16.3831982361282
40.17135596923811 15.724991806823146 15.112466927742158
40.32699338981727 14.961300016195327 14.364836108285791
43.63426525717125 25.01490688158678 15.601116690952901
44.77268830821747 25.451748944719675 18.00044840158548
46.60155313456072 24.403616542311887 14.531020976689495
48.357250102156996 15.046225565767548 13.532262457165617
44.13546294560373 14.671502580944999 16.436170168596224
41.0950151516566 22.807722738560393 13.714466408761602
44.11889875315782 23.758787677511943 18.07888835819015
45.008021160690845 24.388871109273175 18.055304174881144
42.15329284872548 22.853120049318964 13.503783234331788
42.075347608288354 20.525219711978977 14.254416184919036
48.83843840857074 19.03541636174037 13.760520232254803
44.64651129855413 25.08803260510436 13.827051622504538
43.53111510752286 14.268792719646564 13.90141633522205
48.32456788357068 20.347465089230916 16.12487824637888
44.23189073134902 19.69853582692443 13.967664842783286
41.02786007302259 20.48524430293159 14.553200104952602
41.507815515152906 14.347283315689518 14.138127262521575
41.46265467358865 19.125760130752443 16.089900580442542
47.76986915581357 18.950714950493193 13.892374026233231
45.94881827176831 20.160269439615114 15.3639028919415
45.94739780995197 24.705784548707587 13.366147111957208
41.4422708466692 20.785156930227533 16.677590731736487
42.46011047187411 14.675551733992352 16.607179213115494
47.82170985196916 13.386035641524392 13.847874255246118
43.24099472453115 14.252468619737323 15.975261131057572
43.15375940558954 13.169598592115541 16.06404458923507
40.94808953110436 20.082998524721827 16.006130829039993
47.61832356049158 24.11172604069248 14.74868548003003
46.006047448966946 22.943428383256276 16.883293086135204
45.49884759769036 24.330223106984327 19.026772043939904
45.746271004382415 24.537721949474737 15.576330259017318
47.03678108451573 24.318577056460953 17.26948925745349
42.91233491558729 15.810780481640466 14.486205185841715
44.57978553228154 24.93046739570082 15.08608136934454
46.03583503834067 24.031118458474722 16.94765922816001
42.84686799468967 14.7302147991816 14.613452537584626
45.14779059178243 20.715445160201593 14.344373904589277
44.46340515307082 21.939174094016295 14.768530974018143
25.789950921480834 26.23005424639765 -3.3499999205751676
25.78995092702492 29.0700002363842 -3.350000043323588
27.019044322342232 28.359473622134388 -3.349999883112711
27.019044029639932 26.940528924982203 -3.34999985785837
25.789949979634603 30.489935150889654 -3.35000010713146
25.78994994988765 33.32006489077779 -3.3499998909839688
27.019040246908375 32.61080368158898 -3.3499998782274942
27.019040247773784 31.199196330514283 -3.349999886064836
28.240955466461966 26.229536557331937 -3.3499999041816944
28.240955639919772 29.07052020299593 -3.3499999916984455
29.470049115274527 28.359993794175956 -3.3499999463777352
29.470049223779736 26.940008657265714 -3.349999881550867
30.699999989579158 26.23008520312492 -3.349999883392345
30.699999964861608 29.06996912239356 -3.350000379028394
31.929950924706098 28.359993788697476 -3.3500002512750218
31.929950766440786 26.9400086705337 -3.3499998814916787
28.24096024892759 30.48941304466836 -3.34999989055208
28.24096023686179 33.32058698075491 -3.3499998872796857
29.470049549487424 32.6113170634855 -3.3500002947469687
29.47004960626539 31.198682898743737 -3.350000031104053
30.700000012151254 30.48996681700832 -3.3499999476359754
30.70000005857857 33.32003312889769 -3.3500004045825262
31.9299503977852 32.61131705011074 -3.3499999247721512
31.929950374366914 31.19868293282279 -3.3500000535070926
25.789950903223442 34.73999973988518 -3.3499998618369844
25.789950812462003 37.579945668373384 -3.350000410210993
27.01904404985072 36.86947101348413 -3.350000042701262
27.019044323387362 35.45052637207228 -3.349999855249408
28.24095565127458 34.73947979591454 -3.349999849967106
28.240955477856215 37.58046344541352 -3.349999983805766
29.4700492200627 36.86999133669531 -3.349999956204903
29.470049092709186 35.45000620539694 -3.349999884473945
30.70000001544286 34.740031019697895 -3.3500003972484915
30.69999998395631 37.57991480893424 -3.3499999601453165
31.929950758461867 36.86999134599941 -3.349999913960243
31.929950884813312 35.45000618799563 -3.3499998943088327
24.560000002007172 32.61134812711437 -3.3499998950558005
24.56000003093061 26.939977367519507 -3.34999994315462
26.362582005294573 37.890037385361566 -0.8876075151418494
24.560000001464633 35.44997495935145 -3.3499998622837266
30.539612102315623 34.25354851028307 -0.8934245253358819
24.560000001674027 36.87002264028336 -3.3499998704814073
33.15904452261591 26.229536581820277 -3.3499998893439873
33.15904438178204 29.070520188923958 -3.3500001808412594
34.38095564986744 28.35947363459531 -3.3500000413448214
34.380955972813354 26.94052896051583 -3.3499998777061055
33.15903979600455 30.48941306674369 -3.350000224982188
33.15903974740246 33.32058695545754 -3.349999884192952
34.38095973813773 32.61080361586955 -3.3500000587733147
34.380959770014364 31.19919631294057 -3.349999838143638
35.61004907079305 26.23005427891571 -3.3499999445378235
35.610049109293854 29.070000300579853 -3.35000000048546
36.83999999491071 28.360025061048045 -3.3499998970495524
36.83999999528381 26.939977404511282 -3.349999992569679
38.069950972788746 26.230054287220195 -3.3500000300036357
38.06995089295229 29.070000275972756 -3.3499999654140487
39.29904431716241 28.359473587057195 -3.350000018143949
39.29904404488995 26.940528942477762 -3.3499998511469062
40.52095545793144 26.22953653413595 -3.34999999322224
40.52095570241439 29.070520172401388 -3.3500001066694294
35.610050041311126 30.489935125531662 -3.3499998540410325
35.61005015705069 33.320064829002774 -3.350000505119061
36.840000034680585 32.611348121250145 -3.3499998859023137
36.839999997914724 31.198651895175537 -3.3499998646958162
38.06994994125028 30.489935133794138 -3.3499999004905656
38.069949947291654 33.320064890663424 -3.3500000066180458
39.2990402205301 32.61080368881743 -3.3499999829480274
39.29904021906058 31.199196346392434 -3.3499998959937716
40.52096025581811 30.489413047513274 -3.3499999525358195
40.520960241476935 33.32058698518212 -3.3500000003203523
33.15904435660688 34.739479782705075 -3.34999989820444
33.15904452308051 37.58046343993337 -3.3499998986415003
34.38095598415638 36.86947104930511 -3.3499998889481475
34.380955689995034 35.4505263754833 -3.349999935100154
35.61004916616005 34.739999790540864 -3.3500001975455653
35.61004910040653 37.579945710267395 -3.3499999308135764
36.84000001326575 36.870022615171465 -3.3499998578203205
36.84000003388591 35.44997493765208 -3.3499998714258328
38.06995092228904 34.73999974006959 -3.3499999506546496
38.0699508534572 37.57994571478403 -3.3500001108445954
39.299044047497084 36.86947094888114 -3.3500002439681276
39.299044304680486 35.450526357842804 -3.3499999974995323
40.52095563679037 34.73947979718763 -3.3500000659771767
40.52095548160466 37.58046348038075 -3.350000147958113
38.957973605309036 37.54872119129041 -0.8373099197675271
37.10874629795866 25.724655584785076 -0.8345176671770449
41.750049117925336 28.359993839679788 -3.350000096311474
41.750049306759394 26.94000860002513 -3.3500005712704537
41.750049614765956 32.61131707226617 -3.349999853934075
41.75004962978705 31.198682948823613 -3.349999870648289
42.98000001920082 26.230085191475606 -3.349999911600868
42.979999947452036 29.06996905005159 -3.3500005473825
44.209950930646315 28.359993760070093 -3.350000302766254
44.20995075588722 26.94000863295187 -3.3499999583488718
45.43904450624203 26.2295365714656 -3.3499998641227324
45.43904437431654 29.0705202016096 -3.3500000009555118
46.660955662424996 28.35947362163967 -3.3499999341521045
46.660955966252025 26.940528953940884 -3.3499998575809062
47.890049095922414 26.23005429725771 -3.349999914854748
47.89004911032987 29.070000263244317 -3.3500004214385584
42.979999995978346 30.489966866797637 -3.350000016976832
42.97999997598335 33.320033179145675 -3.3499998709359824
44.20995035567952 32.61131705330438 -3.3499999012149795
44.20995036243014 31.198682928477194 -3.3499998907671467
45.439039757284995 30.489412999789483 -3.349999906776312
45.43903974659269 33.32058697879602 -3.3499999401622182
46.66095977411898 32.61080367835695 -3.349999915508819
46.66095977333445 31.199196299620397 -3.349999891151021
47.89005006516757 30.4899351146299 -3.34999992443867
47.89005006186107 33.32006487866572 -3.3499999273758663
41.75004930320433 36.869991370579505 -3.3500001982738103
41.750049124336265 35.45000615517911 -3.3500000107186603
42.979999981003516 34.740030938178776 -3.349999844787722
42.980000004305 37.579914799627254 -3.349999843698704
44.20995077211363 36.8699913532406 -3.349999889541068
44.2099508807205 35.450006200459775 -3.349999869168961
45.43904431445864 34.73947982478888 -3.350000028354916
45.43904451354639 37.58046344095257 -3.3499999332085286
46.6609559723441 36.869471067425636 -3.3500000224895263
46.66095563118011 35.450526427387956 -3.3500002948322214
47.89004914241176 34.73999967901917 -3.3500004406195014
47.89004909338411 37.57994574055232 -3.3499998954107415
49.1199999950842 26.93997736618881 -3.3499998469726275
41.3661433943291 27.31563092428547 -0.8581925590080763
49.11999999852965 36.87002265422785 -3.3499998598196967
30.24785610173751 29.21535820355032 -0.5214218804991988
28.397287428612188 29.411229988959025 -0.521065354967063
24.950150365916226 38.17031047023496 1.762935191501983
25.216532729934386 26.532859515762503 -0.4742093181601448
25.941160267478836 31.986684426545015 -0.1332950855966164
31.070447478494014 31.64332238704057 -0.6967857557677359
27.861149769852265 26.161167847930972 2.7070886110542167
29.32435073915634 28.254880617727203 0.5254668073637581
24.97655790654638 29.224305291720142 4.453070980866205
26.6589566645697 28.229223119847173 3.111577608241843
25.42204894874672 27.719214027645933 1.3714140361053728
30.29323578607622 30.194028182007646 1.7638443253876135
30.846962279741266 26.365835027765474 4.131011119419664
30.57428083926135 26.531793091664568 1.9751114086576893
29.42145047455061 30.3531166442148 1.1291938451876316
28.460907039118357 32.662478469475126 0.8626120577957674
30.565206817384343 27.2634790116048 3.125926583654782
31.55494383219983 34.4728520855657 3.296241744706151
28.447866732915234 34.66641127800502 0.3826050152244498
31.54492077419183 28.223595492366094 3.133338606892445
29.31396680668159 29.230973269451486 0.04045617946146329
28.798753372294456 33.73290451715802 0.22278106912290596
29.276649014820922 31.669765975739722 0.5513212131463852
29.953144120963298 33.47150801490696 -0.43422089900576055
30.192730323671704 32.15164372741546 -0.3258113482436198
28.533347087197647 30.133825027441933 1.7218856372031477
26.42867545390769 27.676836665811244 2.2979807981381506
28.62473723516088 36.595970044790405 3.851492615238832
27.61349224828269 32.66269483354338 1.5321552792932736
27.105650007362023 34.70553421196969 2.617167507507138
26.96965601082687 34.837903842644536 4.768602741524549
26.31736882440701 34.35934380243509 3.6470553509619528
28.385561124842425 36.4802338616765 -0.06043694555583734
29.475833905759817 37.356268850913004 0.2921619639228479
26.19825107938791 32.98706802871899 3.6579220286341907
25.186382808520104 30.976746272584784 0.38958669091268106
25.687043628112377 26.798112707548018 0.46102340096926486
25.300708737897107 29.86781258157397 -0.40298640685523024
25.66821637877294 30.64532317411538 1.5921053801386609
25.14827427471696 34.98686328964744 3.627791615403612
25.562367524275047 34.83509028610321 1.0448753599679428
29.117790516674294 30.433852684976934 5.345241118974834
30.789740758655018 36.90220910452866 -0.1348067013203691
26.292765784904656 37.05316201835257 1.5349958182390644
29.401496725953912 27.80407779050301 3.356735680251038
29.418968767700214 31.953539684531613 5.206983523358909
27.106620285438154 26.57991082057206 2.05767381298997
28.578079481327578 32.48596421202285 4.762540803390611
25.44606315602722 37.52577206026995 1.0371661210629812
29.20458156959391 29.95419103989872 4.370309316593755
30.611726593223413 35.36921630349708 3.876529802644837
29.440298328426675 37.29748047671404 1.7346317503748654
30.742933390930975 33.53191849114127 2.6253324962443783
25.910608355451387 37.58004307031978 5.020100342126778
32.43963623622932 29.274193102927466 4.1548452824184885
26.711149504231187 26.038068257719612 0.9320902019089494
28.109464414741367 30.288191331640487 5.732747560634221
30.293531330120864 32.12990302575988 4.58077565288364
29.774369767160184 29.909975899821063 6.039904204326858
32.44527992368518 33.89107463067192 4.267447495698801
29.16553528632581 25.872492263167768 -0.47334865453880215
30.372043656210597 37.94069310419851 5.33338640978479
32.223482671141184 35.29875976205164 2.302126715780708
32.416456449135254 29.399099320285842 0.8103515549414642
32.420775368709286 37.2190371912422 5.7382704824567865
24.638576830851537 28.459677735904098 1.4368734677821904
28.27272200118794 26.557756645964062 5.356614519966611
32.64502368045725 28.274345272654088 -0.5301904060643714
24.608916510503086 35.19135429668935 0.6837561012151128
31.139820105216838 34.09044503376699 6.127100564163453
24.612422347503585 31.810694404758557 5.83505959753495
29.087069637661205 36.329952185170114 6.187200187399883
34.214216935903295 25.856545078792337 3.6452453175991764
32.8473780964235 30.003172955731895 -0.745827126470654
32.956078585297455 29.817234010011852 4.831967039061375
32.93566689734071 29.511108190746032 6.09165697188205
33.38059867540913 31.58615270630894 3.6606867965974943
36.14261758004129 31.996298704528826 3.9692491677536177
35.12231346560099 37.16706821086499 0.30213390998534373
37.322368142717394 36.910957681771485 4.311689952541303
32.98255709870715 27.113236378211177 1.562618347694148
35.26024938154327 37.33861863858103 4.355101708466816
33.44732315525898 31.084039302247447 4.614536875615375
33.73043969816354 31.607415118901113 5.763037756938189
35.56009894330532 35.43412991810206 2.441076433132374
35.009831034566254 28.596068307173763 -0.6816935630537346
34.88850132354709 32.96879820510362 1.889909967314859
33.034436873874775 29.17715777929748 -0.059672667146828395
34.88990098485011 30.03061000183218 0.33334342802472716
34.53811838948819 29.00618420838474 0.21127459375317348
32.868310169861246 36.23162385281229 0.2923809638791153
33.99624386175429 34.345492859029534 0.22197878920744873
38.97300215168433 29.095418847078303 1.5498803970234487
35.419585492828475 32.84701569050047 -0.26126214432548034
36.397497788883385 35.446707936857095 3.1387188679722233
34.38589134168577 33.07847713428841 0.6275356499138052
33.38652635435452 32.13368230575107 0.4609408812417892
34.85964730245531 28.1730798835982 1.4772279170741842
37.03662802067088 33.441773070173696 -0.2633327134412433
35.72795931157477 27.39014371777532 3.300341137420937
35.7685973324091 28.25009476211082 2.354169773311244
36.58971855562388 28.94151111954339 2.2354122158462006
37.6444608130375 30.204791270558538 0.18382271881643764
37.9868612552133 33.752119713023994 -0.11896595409678912
37.62499452450473 35.79116223549204 0.43986402809141456
39.13287589681232 32.97929218726245 -0.25576248528883405
37.968809872738866 28.002784220446866 -0.09956508086113813
38.327038261331204 35.00760931560474 0.1957750825964366
38.58974042180003 29.19092137609161 0.24466524315692295
39.50574934267711 31.50540400645691 4.143409268242798
39.61683975882179 35.091691076659956 0.04281721532404803
39.81198435401646 29.372102296165025 -0.4455664307808094
40.14390855442665 33.808307417913625 -0.13056200582844735
36.394274536866426 27.299609507837147 4.053950835693961
37.36035584125859 35.177337294093704 2.7046176957202883
36.980233309397576 31.357408070354555 4.249103857721157
33.92931564589054 27.31792516942404 2.0402696348112315
40.4315109488979 27.23091240843779 4.831337743755157
39.264394488760026 26.61468707160261 5.250522619448774
36.21669577715031 34.72884261664154 3.9387688755684156
39.86421540617891 34.4266160186388 2.9233073727388925
36.471368909137475 36.865033372060154 3.6321377010783715
36.72518221299315 37.43914024034545 2.7410259736646614
38.18346537359145 32.03820298949395 3.6936390622695505
34.53462617985655 26.70000045790292 3.051679028262906
38.86668334261686 37.72144617319277 0.8405773554234075
38.115992494215625 33.08678351446891 3.9835119540616306
39.597309501335985 37.57473448463163 0.04511453628247675
38.27019534806957 31.997571576305546 2.607855013756386
38.17959000809351 27.040742332644918 4.4441975870853545
36.95767942474715 31.27611893294531 5.335834458384817
40.42025474824407 36.33177451870445 0.17983017490576625
36.92220539128453 30.31450053583894 3.9375326214992024
39.57761825945362 36.33257196841428 3.9451514115417776
39.78059857263652 31.25554657398324 5.442945582039856
39.04465712519944 31.90853215537329 -0.36571885136645
34.20188344044688 36.651856448121556 4.7936808666576844
34.76776605166546 25.734987680143952 6.099686042664394
33.951119700925425 35.61198982750212 4.64470114233479
40.35116709987473 27.124159179195562 1.1910023629182331
33.95018013325276 32.65159218868003 5.929796229029116
33.304968963129795 37.46695332858382 5.317747859520857
40.417982131499166 35.22538633345698 3.884883722319963
40.31741204268124 30.799256953567944 2.3649800257213194
40.35041198886004 30.91814401305769 3.4379091336416767
35.64326230676642 25.697317318945615 -0.04905854381622721
40.40276975447175 34.668916446120534 5.1234092743665425
37.700965211726505 26.249247845910524 1.441742995311025
48.9298079311828 35.720560778662495 5.384077471088608
44.5340447492503 37.76839202195536 0.41616545446325204
49.01588755522598 37.2423721092495 2.942063247486013
41.055539609200736 36.42070687788679 -0.7014213108127754
41.063679622272666 36.3641029364348 1.0590680864303514
41.03914886992186 30.720315150142465 5.4804924719560875
44.502420392388 26.05660619848925 6.089579657340746
45.11629303150363 32.02128928461055 1.5901401138907623
41.18582681701706 33.52968625630423 -0.07420082794341254
43.33227256157368 29.11616413734683 -0.3370389518120287
43.248972129627205 27.788360451736754 -0.14055344356716626
48.672480147892195 25.881409743229774 5.660038290760117
42.281807900836284 30.17947087782736 3.768079686491268
48.60446749865974 38.24539644839319 2.8290335517242493
47.53093846197462 38.07767416598664 2.915662896420833
46.8842871971848 32.875198899419814 6.174256668505075
47.724768125906515 35.1446897716603 -0.8217956920050606
46.37558319718411 28.24614204741707 0.001677322942865711
47.400706847870175 34.377917977572295 1.181944443275318
46.01355421319432 34.27574176523193 4.6150866270704105
42.325799198741095 25.814487908068415 4.60568758356019
41.417525949315596 27.340558234575408 1.2554248212058117
44.6239416668389 29.40978803220911 -0.2703128344779304
42.20985441215779 25.96026844853357 -0.11405718055184089
43.88146321627508 33.099196340242955 0.11522394735591468
47.901370296974214 28.007362288010505 0.2672902363477503
46.62078147336471 34.253294017098455 1.9331336862933635
46.317523629743796 32.977021660684855 4.984139088790403
48.131022140479104 29.839936536456026 1.3672290118647379
44.982375003807256 30.426664874500144 -0.3326588893642801
44.509270312746374 27.376393929626246 0.06418126929582879
43.91589468662518 32.738158086113906 1.469023186245173
48.18071420399123 35.0016636956533 1.6185561741674714
43.70253665588267 34.819287001837885 4.475369149700841
41.33906219197637 38.11695256176891 3.423858493296623
44.40024875450866 28.682218937257204 4.155928076357734
46.20541355834716 36.34793559599287 -0.016712672718750543
42.82728945522359 31.954395950594428 1.8074352687394823
44.782416390189 27.32585541949971 3.7594933058738675
41.61823443257218 35.57786869818024 3.415491292145366
44.67387643353478 37.971217384928835 3.928242969977301
48.88037891505034 28.770878794249583 0.9012778491209517
45.65508714083442 37.65547265806764 4.832694042100448
47.85379471252449 35.75609892293981 5.298446906643095
46.74765386900883 37.533662616842285 -0.0042573087872521675
44.74761772026825 26.34169321361814 0.26162731644706283
47.81373854060362 37.70581630738656 -0.019309876528341707
43.411182059679156 28.540132399298933 5.081658653384404
46.860956323323016 35.00384731708793 -0.17210917278829618
45.36965844564477 28.319507079070565 -0.051548294291239305
46.1714671021041 34.32691541681287 -0.6765572045971435
43.90081896802921 33.89047469351941 2.3303765543498702
47.00538953981397 32.30914789601012 4.009308520658598
45.55543877408248 29.315832281468293 4.704017366032303
44.81693709255764 36.49849981033781 0.12535061713676798
46.399606995732334 30.583616121386555 2.808822420264492
41.83387713381081 26.85076126087645 2.135680815617796
44.02123833796598 29.4344311514724 3.028992908647925
47.88572588797895 33.41267845679545 1.036448057304672
44.1579663099811 35.64493519556085 0.1852251201362609
42.03891831337889 27.034746811134113 -0.04789753663156704
44.13399839814852 36.868218727191724 3.212480884646461
42.43944936241944 29.67774454717141 -0.5691901489653084
45.19332485648909 32.3286010751362 5.161102907532131
41.53988517472825 28.371787856464586 1.5866251939464782
41.40654871584781 30.55100016318809 4.108648841291957
48.74552817289519 30.542231748062896 5.115636321261267
43.56791755511745 38.21522950487364 0.5987428588908406
30.695231105988668 29.29561327846945 8.10208181804602
29.827155618386147 30.00648525834902 10.035471252324097
28.516670592199535 29.44359980070681 8.176210184267383
29.65589999964384 29.10162947899471 8.971898524319535
29.503060055000272 27.750778489446247 9.321136238412574
31.113903639836067 33.610393816355874 11.72011092353039
29.831643832518537 33.41568158717559 11.275447886251516
28.530491267021226 33.28989731826173 9.463055196771727
28.813862817504624 32.47104069921882 7.628287769326541
29.003761501836486 33.37224071346447 8.574610009904434
28.093840200495254 31.68076019420353 7.7813372853468845
30.010259260834122 34.261990067218406 8.040774335236067
26.403968310191615 32.47230397262562 11.017308631718697
27.09762168182514 33.560558221251256 10.589095184750402
30.351201680466723 35.137273092319845 8.573726389790062
26.786053559367836 27.862339072965252 11.32217846032366
26.07418801320307 27.600885207249057 10.057205479196806
27.386541181113827 31.513035224921786 11.175030524125374
25.514128511806504 32.10379595671819 10.046893308305563
26.095118263305906 35.29589790546354 7.1923752789357795
25.294874334595043 34.48985650033101 7.8662175643106345
25.263016850089734 33.41063315655886 7.840486748051063
25.654538549541794 32.70922989275609 12.165754465424495
31.27545934681144 36.56065187712379 6.722592311099484
26.145043512657423 29.518833284478525 9.392104178431756
29.447923498900455 30.788230027681053 12.108177442625836
25.86687744860113 28.506978356664575 9.13681366585349
26.052885456809197 27.573139497249084 12.593186639608238
25.917483648306398 36.5725416240988 7.7118571530302
27.184570759280458 28.85997427202258 11.506591179855874
30.866519883233646 26.34764090603461 6.588271336708594
27.61739685838087 27.158582206098586 11.363343877919977
31.50518632654417 37.00249647328802 12.076889741388623
30.240113985374034 26.730891653841876 11.645238181333927
30.38369646150218 33.76055867172473 6.8241314268143825
25.729853871417852 26.38905022430143 9.574806097320085
26.66176137224011 35.04011846796877 6.396390061479647
31.559346995083967 32.318491117269126 12.066547916074176
30.846092765662625 37.809071368627805 11.755747068714657
24.632145385746156 35.080834241156154 8.783777574266464
28.643900432448998 37.62093981974639 12.858994906338964
26.487355420303683 37.589683053508125 12.626113862143765
28.33710098510184 36.32548132019482 12.592076823318513
30.122803064216125 37.20428395089481 6.442686877207553
29.08224414415193 35.54372020228623 12.595427500851887
26.4686739126248 37.385953978907104 7.263583092262755
32.145775963138696 26.5776670506631 10.508490143994392
25.54109901446621 26.61364081523042 12.667597100811504
27.007214223814017 36.32341301567205 12.48362486432006
26.321943631867548 35.49638473810783 12.370362144027698
30.30645791466033 37.59774281461409 10.832581606856397
32.02163868379437 34.106390224116794 10.73692446053017
25.203065676590363 26.600365783802857 8.370533093061931
25.511683756853714 37.839029647523255 12.548711787431042
25.25879711085758 28.298171225719695 12.771659863206208
28.047695533184136 25.77255940132979 8.348428015258001
24.762870803091126 28.41262982746622 7.366007160955478
31.95555698539214 31.395716535638496 9.116191881915201
31.149988201892732 34.37497240372986 12.895040198244905
29.3309443580933 28.696848474164998 12.922319060438431
25.140459562140794 27.984319821295305 8.199120159068684
24.917848665569455 36.47024996473623 8.628347753280783
31.22263974645201 26.261362598661815 11.693046079516195
31.67753057666004 26.512279525808445 12.651281451586392
29.524597582797437 32.65078156412526 6.532996550638293
31.70461071677019 26.708872215024325 9.520432235559328
28.889416080185537 27.409130565291225 6.622484123538271
32.5141980929439 28.678870112394357 6.635847956576038
27.201997857719267 27.25626703507577 6.561831724301461
29.774050677746573 38.05982539347809 7.469924391048265
24.948126697248583 25.903864336614248 7.585490514044669
28.111565978260536 26.67054808441195 6.428718445732308
30.00564150083168 38.225782467411584 12.908550194277808
32.76661973398692 27.449534114451446 10.714647451403357
33.32228792946368 31.965411352190554 9.849209270471823
36.60174689397173 37.98071716185161 9.203855222231427
38.56619349573262 26.234719695525094 12.127300547982053
32.852429807547544 32.75195665506519 8.421921207659288
34.870360537377046 30.889831187947436 8.229681403906428
34.38725973529167 34.820469707150856 10.092677151659364
36.14066553249177 26.244914942896663 7.901540288106172
32.94956199595773 31.75304434484936 8.847173526249462
33.79714541293365 30.70254687475995 8.194554726162952
37.26284634476121 37.12920073289521 9.138530744617995
34.810046978247755 28.981059917609567 11.529719351385458
35.926610282276044 30.850724244018288 10.751749146917355
36.06311391299386 29.454509556637884 11.037300801713492
36.53319148253197 28.76349223727301 9.940838395777483
38.084221277415544 33.686415480388774 6.650895438371149
37.734819607073675 27.73193923569879 8.196859450143958
36.100630770572835 34.708086583810164 6.701169053325589
37.05218818350491 34.03676975248394 7.472374870705152
37.43287574587307 32.6810268718699 10.304013814863033
39.861628103446726 30.62761985398022 9.120633394322164
39.328831067590556 28.522834667944075 11.865836218288374
39.909855671444284 35.11983863517679 7.31022418007936
39.337205449074034 31.925472895810337 9.166429677405949
39.19372402920744 29.69716369103203 8.291350698218105
37.550860692407035 34.877162202028394 8.43830338652906
36.52139835341246 32.923928609139054 8.105365517715878
35.09554081403085 26.729764931693662 7.033563901197548
34.89211404639101 35.70913102029051 10.471495307347636
34.45828019084826 35.7956400282712 11.467690256797317
38.48696279017476 34.65266787475854 11.752694060029732
36.66608597441252 33.50158710282226 12.326798000662963
35.9562151662144 35.518370639382475 10.610776619784128
39.847291164330954 30.192806975316053 10.405183129993153
37.94763491666617 33.81927292630929 12.709348682082242
38.971035713663476 26.80601283071031 10.045854883418581
33.60841633194079 29.751397166798327 8.69234541330956
33.51842106411468 30.59787295902482 6.71320465712423
33.99176084396276 26.990837669648585 7.786397282868923
34.96334752021085 26.455791644764723 10.74356909663854
37.04608438676861 29.30260956073807 12.032434534261307
35.65751201987932 27.86031407001407 6.400676820757526
39.00140944847122 26.88359222997703 6.550799949185926
34.46064814412201 36.34829474827365 8.471458912327115
39.687424524222585 37.39749359589377 8.109486201746002
34.4368842335768 36.792698705421415 9.466466651134397
34.725355382842075 32.27090124315093 12.906201603395896
33.8543404239603 29.866633251285265 12.942645729986825
39.200366947695464 31.438121390932796 6.335356752717765
38.684871085103 32.67622978246517 12.643106110878747
34.426237735827115 25.552135683375848 10.495942395805269
33.44141358864651 37.20858221136676 9.621962969420967
38.646093762379124 25.72664926213585 10.857176989353732
35.302957112854564 37.99447911202359 9.476690179460492
40.83296419276866 36.19467615533193 11.961226041099799
42.05985984027347 34.06895053457858 13.118550752790147
48.10739400493572 28.77504172547936 6.9332900258416235
48.336574947071995 34.72155890554076 8.56080022423206
41.28287023968537 27.603234773653348 9.34094626514597
41.13700690588704 30.61618322633898 8.818360874361627
48.443663956038556 37.07345097284745 12.34376352846835
47.02421815297055 26.169133671671002 7.0501304579845305
42.526089598713156 25.761606801224932 9.560080430065588
48.06115083256767 35.77561207717313 8.525965349642336
47.840641159096336 36.16226928680765 9.520938558410684
43.52802316120255 34.36311640717071 6.9199589982722
42.710645469445716 25.816747265242007 12.213270947225277
48.60957424207735 30.923552929094118 11.005928358494943
48.021166296181796 31.453673960375472 8.638673878153487
41.9826511858057 35.08771754490735 8.444905628703056
47.17442340460819 35.7236201565632 7.894212780387599
44.381453613001504 29.358286101447035 6.806008102497879
41.84488450635117 26.807427571549656 8.874865949101391
42.42609767145597 37.67456949121921 10.233187733638562
43.9713767369514 36.302977580071705 8.047202212865306
41.88217387341391 36.14380399442918 11.710285671181119
42.65839743227412 36.85168195167279 10.892955055031075
43.80646225959548 28.972994891139013 9.51231802629202
44.72593285124383 31.272659961523605 7.5480840527453354
44.69876179755479 32.97180124139271 8.945458560628111
44.607602094809195 31.911833658338605 8.759559040986778
42.96877763600282 35.485595823727564 7.4762120405430394
43.936974992071754 36.38546041474187 11.171026514869244
42.360860554366084 36.14910879118506 6.477570884643113
44.378357217313635 29.9609285077561 7.702229360028857
45.33455243424682 31.194665491193103 11.463476278579343
44.32496492453233 31.04882500436554 9.666245908250689
44.29032150051415 31.20583832166589 11.15113523921125
43.91066216595878 32.217572570593624 11.293797775471933
42.374239372118325 30.212874579136628 11.418613714643632
44.02776445206278 29.883411901226474 8.975134438180527
43.319357242455176 30.58357468474896 12.875131723504694
43.38181117792808 30.290671936823674 11.82708235145265
43.68515979706877 29.244199556322197 11.858310098410524
46.8819100016613 29.06325461154976 10.893959385764374
47.671671567785936 27.80601977409695 9.170578425659738
46.91868595715857 27.79396924182219 10.370248432792113
47.49159048356997 26.983875982004893 11.360612318305762
45.63108888140972 27.287891827078536 10.19493560549414
44.77032579035363 36.68876775549382 10.687672499684389
46.03014289967462 37.92164421463543 10.259658350373837
42.11077399967065 26.558667410946974 7.564055357314324
47.049060846002554 32.899568203620106 11.377320086846266
42.63259935608751 35.2122127609491 12.364009672685883
41.4712191469802 27.599916742699836 11.882714007638919
48.575622656728264 37.603315175921935 7.642379015626142
47.2698601777775 33.30793469466752 12.67598256751394
41.649810191890694 27.07048279065344 6.7322155981158085
41.697846601546615 30.390943358856873 6.270449129914133
43.88867111364563 35.47415733426145 12.06998764470971
42.00606736435463 26.825683367756188 12.857494918508554
43.04334839409835 25.535174808789524 7.463727180715503
44.9008810201273 31.68818057282453 6.6442943870666
41.95893588968865 33.22181354816562 12.440116317674143
44.74866926435376 35.014703421353005 12.534428472674339
46.96896871853465 30.127636200634413 13.133990334415575
47.13207324903361 34.724877531136315 12.803084329516814
49.00021780995317 31.717939058764834 9.038326341131373
48.86265644358388 32.746636390362134 9.371430934948155
42.60226991142323 25.734869341639644 10.566848361720156
47.8442078974793 26.609494863249456 6.502317679942516
48.513802080211065 32.845735125317276 13.050843120657012
48.35007527730903 27.850546879286078 6.430482826816481
26.732178075660173 27.49410782796177 13.441959597000677
30.448232412598124 37.774190153503405 13.79640021933655
26.569781791568996 25.661219103092545 15.834033824112941
28.714322882504753 25.96273122052378 15.377881613051848
28.32271374958279 28.821598795394685 14.946397967180312
30.398741654259492 27.954822544918706 14.764798284029908
30.10313118954663 30.110155193620425 14.488265571995063
29.50279196105072 28.846587568146976 14.288078909830169
32.448808334545234 29.527620212149312 15.235621569489673
32.85090057224022 31.92974964815809 16.569542747824002
34.186821067499174 31.74201772789949 13.678641257019983
33.67817226785178 30.533900468634354 13.680086738753195
37.89443818512572 34.393859989320944 14.00235599971068
33.560629017255614 34.189975087556974 15.630964337781299
35.4040629530112 33.48062434346756 16.993941446409067
34.47126237036506 34.241694255045275 14.124091679628485
33.10017892143717 31.59485478172418 15.573497702152727
36.297723769758605 32.95505602544851 15.733534008944902
36.213888908722666 34.648703359742015 15.823119216784766
32.95465950166863 30.419724936957923 14.897001196964808
35.597715334432266 33.75978768432272 15.958245262986798
34.361468797972385 33.70945397924838 15.068954453118556
33.898264131170485 32.37476473755294 14.772452102822477
45.97143833550261 30.75535675515122 15.493116606037692
48.84171806796214 28.27999712548154 14.567927184527852
41.046587406068376 26.280204952278627 13.682884572426378
45.7736389662526 29.818357603855027 14.972532318921596
46.43336625203929 28.49494032194212 13.521323975167865
44.77080909594489 29.845479137642233 14.546273390979819
43.81325914975984 33.27025987927924 14.050660872851207
43.06662290343969 34.56322084428005 14.947493994036044
42.848428427280766 33.704654482495684 14.312391661343776
46.31315599339604 32.73513787569061 13.544142411718447
48.76503133005169 30.403687417992284 15.065327547758733
46.775385245443076 29.43538763204727 13.95339094363258
42.88831507069068 27.575302978990706 13.690774482650772
45.67469507145605 29.028350085106545 15.716977230238081
48.41279881446786 31.41414162484831 15.21132258468707
42.35554948666111 33.01486268924465 14.997488466080378
48.55755135514017 27.250201616184107 14.409275086176251
41.05753682643152 34.390538628410276 13.401445917386587
48.09908430342752 29.337263152623482 14.569221514062002
48.9933787170596 26.040666726836925 16.64900409153839
25.789945930184324 38.9994557037835 -3.3500001582671857
25.78995076608936 41.830008653311886 -3.349999863144806
27.01904451759211 41.119536550767045 -3.3499998644958104
27.019005334672883 39.70108178425771 -3.3499998741492076
28.240994654011185 38.9989182073721 -3.3499999153006788
28.240955949777184 41.830528941470014 -3.3500000022186027
29.47004909761775 41.12005423342861 -3.3499999913886516
29.47005404548998 39.700544358038066 -3.349999947917799
30.699999995765328 38.99948982659306 -3.3499999281780592
30.700000001520884 41.82997735457911 -3.349999997248303
31.929950913631718 41.12005426674438 -3.3499998953049346
31.929945935872198 39.70054435151298 -3.3499998891603644
25.789950901910277 43.24999381228079 -3.3499999184988614
25.78995042728682 46.0886829297502 -3.35000023353396
27.0190397561679 45.37941302684187 -3.3499998536960387
27.019044354193706 43.96052021236074 -3.3499998543663976
25.78995038523086 47.501317053469954 -3.3500002376355176
25.789950786373932 50.33974808179478 -3.3499998917244067
27.019043469891855 49.62946797901286 -3.349999929161591
27.01903976112799 48.21058576290504 -3.3499999072929443
28.24095567841409 43.24947364613316 -3.3499999075386624
28.2409597622621 46.08919630295019 -3.349999930327633
29.47005004473134 45.379935111353085 -3.349999882330713
29.470049086157047 43.960000272021496 -3.3499999335645825
30.70000000455775 43.25002505458504 -3.349999978079005
30.699999984993262 46.08865186664339 -3.349999899058517
31.929949933863465 45.379935098865644 -3.34999994849813
31.92995090713873 43.96000025712248 -3.3499998853450084
28.24095976004363 47.50080364654174 -3.350000076696112
28.240956481131654 50.34026690491821 -3.3499998937442044
29.470049265143903 49.6299882815695 -3.349999909679479
29.47005004140124 48.2100637328279 -3.349999914770061
30.69999998093893 47.50134807235029 -3.3499999029302296
30.700000008211408 50.33971686124442 -3.349999997253871
31.929950721886122 49.62998830802473 -3.3499999071062634
31.929949941996437 48.21006372916614 -3.349999914815415
24.56000001780812 41.12008518424686 -3.34999990925244
24.56000000567361 49.63001957839485 -3.3499998877130843
24.560000003943173 45.37996681586899 -3.3500006726378126
24.56000000572825 43.9599690617705 -3.350000279593881
24.560000001614668 48.210031999529136 -3.349999884502237
33.15900532853184 38.99891821722698 -3.349999901675745
33.159044024552145 41.830528951730045 -3.34999989783608
34.38095546800632 41.119536539789735 -3.3500000896644835
34.380994640705296 39.70108181651759 -3.3500000100918994
35.61005406493274 38.999455621089766 -3.350000406539191
35.610049287585234 41.83000865251348 -3.350000138131568
36.839999985115895 41.12008520554131 -3.3499999067873154
36.84000003528791 39.700510206364946 -3.349999976403295
38.069945941771486 38.99945565546602 -3.3499999078659903
38.06995076854396 41.830008643657436 -3.350000036997395
39.299044509450724 41.11953656791227 -3.3499998740454773
39.29900532819249 39.70108178339698 -3.3499998827528064
40.52099467446885 38.99891819764131 -3.3499998771244535
40.5209559630943 41.83052894380419 -3.3499998800353206
33.15904430031615 43.24947362557005 -3.3499998937817823
33.159040233546634 46.08919630831736 -3.349999929161421
34.38096023649725 45.37941302832115 -3.3499999585406104
34.380955560402576 43.96052020171721 -3.3500004680583895
33.15904022862532 47.50080363219083 -3.349999908156609
33.159043529681036 50.340266916407394 -3.3499998978418932
34.380956546339476 49.629467997170345 -3.349999914810602
34.38096025069323 48.210585787788034 -3.3499998893423455
35.61004916687032 43.249993734357076 -3.3500003537512346
35.610049639119055 46.08868292905257 -3.3499998868440786
36.840000005181075 45.37996683738685 -3.3499999693662588
36.84000002876191 43.959969033925155 -3.35000039810002
38.06995088214465 43.249993819893156 -3.3500000923672477
38.06995035844709 46.08868291782705 -3.3499998794477603
39.29903974657159 45.37941300326693 -3.3499998858343307
39.299044330642374 43.96052022731332 -3.3500000526776086
40.5209556914958 43.24947362733967 -3.3499999743352182
40.52095977445207 46.089196303347435 -3.3499999410927526
35.610049639034735 47.50131701741804 -3.3499998827695476
35.61004922482907 50.33974808047906 -3.349999982923737
36.83999999548591 49.63001960330286 -3.349999926290359
36.839999993152084 48.21003203103708 -3.3499999046641458
38.06995035068045 47.501317011109485 -3.349999895113215
38.0699507460032 50.33974807218449 -3.349999997130304
39.29904345698563 49.629467998877296 -3.3499999183378684
39.299039755824985 48.21058577793198 -3.3499999074486153
40.52095978653638 47.5008036297827 -3.349999935563921
40.52095648355591 50.34026691958022 -3.3499999119547708
45.43904017687273 47.500803609045526 -3.3500000100696283
46.66095653213527 49.62946803237218 -3.3500000020640264
45.439043507057534 50.34026691879478 -3.349999899733028
41.75004907358584 41.120054267164846 -3.3499999504034017
41.75005403290276 39.70054432085327 -3.349999999981926
42.98000001027202 38.99948979800382 -3.349999915123397
42.97999999670137 41.82997735081793 -3.3499999369901943
44.20995091159006 41.12005424309874 -3.3499998976563825
44.20994595536121 39.70054432728116 -3.3499998789932226
45.43900532772354 38.99891819643139 -3.3499998929733046
45.439044022738805 41.83052893377453 -3.3499999187275553
46.660955479065514 41.11953654724251 -3.3500000834970756
46.66099467602672 39.70108175458416 -3.3499999110250855
47.89005406126448 38.999455647970485 -3.3499998600384817
47.890049268538284 41.8300086484919 -3.3499999338282302
44.20995089965448 43.96000027301866 -3.3499999205887754
44.20994994378685 48.21006372693799 -3.34999989447043
41.750050051479555 45.37993511601099 -3.3499999115204657
41.75004908442648 43.9600002703649 -3.3499998967183364
41.7500492842239 49.629988306320776 -3.3499999159473703
41.75005006042281 48.21006372617808 -3.3499999251490986
47.89004919318128 50.339748102835195 -3.349999925664372
47.89004965845117 47.501316984046426 -3.349999963218404
42.97999999816009 46.088651883952245 -3.3499999079745524
44.20994994157231 45.379935127492324 -3.349999910461967
46.66096025154742 48.210585766056724 -3.3500005094654117
47.890049646306394 46.08868293818915 -3.3499999005876524
42.98000000713942 47.50134807371172 -3.349999906312413
46.66096024857331 45.379413028795696 -3.349999910445981
46.66095565604764 43.960520201503286 -3.3499999068481454
45.43904022191482 46.089196326566395 -3.3499999172947703
45.43904432075523 43.24947362728595 -3.349999915786792
47.890049120312604 43.24999380181733 -3.3499999266632674
42.979999991011006 43.25002505117478 -3.3499999199706023
42.980000004203134 50.33971686607796 -3.349999992180143
44.2099507199664 49.62998829774568 -3.349999897599365
49.119999980437036 39.7005101640099 -3.350000059932335
49.11999968734979 49.6300197554837 -3.3500009554032006
49.11999985481536 48.2100318463911 -3.350000411469006
49.11999998897708 43.95996909667244 -3.350000128304702
24.630132424273242 43.40764990498044 -0.7380867403141622
25.45471717077401 46.00403871042606 -0.5656197609632185
31.240138169173616 41.93293200457017 -0.5007733675223602
26.35960131743528 42.69847502058468 -0.022783247287915254
27.526765767391446 38.71012330241245 3.96007536138773
28.053919737976642 46.67822706987989 4.3151723067555405
28.631043214772433 41.046815196478974 -0.21584108558164838
27.20152063724876 42.064231042719456 2.791536056800379
25.71156410475816 41.61179001244847 1.9300394788984099
30.032868323061308 50.97336353850134 -0.28925655302158515
27.217165842761744 40.844100706958756 1.520612369985671
31.164394378734507 44.4484502530608 -0.1048213045125923
30.357116543829278 43.852556870253466 0.010563155408055414
30.765100152216778 48.132959812939454 2.6528576257092515
30.247305949982913 41.642646342111426 4.724999864947273
30.337297532900607 42.44646111517405 -0.20485676103190076
27.936651011119523 44.665488032426424 3.2766492375860112
29.097365551232592 42.01794284509973 -0.13932593315241437
28.797592448303735 45.549369301237654 4.037981538481371
29.143445745180557 44.124280855798865 0.45158110447184097
28.798833203729515 48.42619150345651 1.4807345850160814
28.808207431626627 45.064530567016625 0.8638258784310715
28.430034109881323 43.02785267421189 0.4776454275749964
27.118420053024995 49.06776465367767 3.7210081827939345
27.766033216321304 48.0621990039842 0.6240408045369539
31.148581007467346 42.455830251778806 5.275234702989343
27.10676821019336 49.17140734756421 0.0802181530879087
26.99366955669925 42.90951914875882 0.8383310563690249
28.20409468696075 47.15821876942646 -0.295099170557811
26.80546716272366 47.33377607182361 1.350320788681636
29.165933711496297 44.98886005732571 5.225059105924035
30.411855908647404 48.32210850117702 5.003990049187383
26.31993693406832 38.82459647727044 4.6593299294401405
26.578486377744557 43.77571319402927 1.3535308272394608
25.908617300588933 46.85225717781055 3.524801708861063
26.780484360869586 41.79606566510129 1.8225593882324609
26.60380042497296 50.32017629899668 3.478152183147211
29.9230826084222 45.852090657557476 3.3267823556415745
30.583527888051314 49.68477416688132 5.258038526077286
26.369692455043086 39.56574576195887 5.798843400338406
25.26705155340592 39.46759841986034 3.9533410093361034
29.427473601062154 40.83887787905578 2.867736602204878
30.19908776111057 41.52645508720609 3.2140733903591445
30.023954887527275 42.49112430616403 2.7377942971815497
31.404451711093383 40.986028455169645 2.4971573662469226
31.2390492583821 40.586751957843184 1.4964974299895784
31.3852578062679 49.74960985566351 1.0754912642951875
26.689724909884724 39.10881317074748 0.19409894413246587
32.282815962019505 46.81574734744512 1.7080440460116408
31.841100734898074 40.2069760933146 3.12206939803196
32.182250005492605 41.74497440777278 2.4127129807651526
25.879461536000406 38.43070249298263 -0.07374275119445661
31.867087603886606 43.07011535432789 4.752930114080472
27.79413694480414 47.94728262232162 6.167553930711128
32.45066471522489 45.481390463079386 -0.07983899456088017
25.56300422644938 50.17017955387566 2.615653930719999
31.13448083095316 50.230131964120844 4.101183176839397
29.753261776811257 40.86416736558657 5.655905629054432
28.991240143566078 40.13537999858511 5.422256310290062
25.125936493945005 39.064360324454086 -0.5414796041457592
29.26316550743484 38.651957233736795 -0.14198952520327768
25.797950547568114 46.45385860610722 5.7621950847298855
29.236070857069816 50.148628661526416 5.402727202092706
26.153489239424026 50.805062008258204 4.651542405734313
33.41869229086355 48.53389806872766 6.210797962071272
32.77178119116953 44.62606300727447 2.0153612871277895
36.11784884746459 43.344277381127085 6.1772171929654505
39.656863005707706 43.40065411999423 -0.7076728954881184
34.681190263132585 43.37705083552794 -0.7013419599908022
32.97013736175978 39.50924523999005 5.320952423178119
33.74519171327693 44.728756074521 4.473284462875647
33.85001839029336 45.769619770914794 4.741638954729615
32.95705801834398 45.73182538204792 1.2247595403200118
33.31358898834848 46.43731596481811 5.7685957039881455
34.82183530713438 41.62032370799043 -0.7200961109717341
34.839513908529696 38.537885367655726 0.42657706700682363
35.225494388737054 38.84003372647762 1.726431708783459
33.46806648660763 38.746307732208535 0.4484587401848872
34.104517966387625 48.43454306419115 -0.0644159494694696
34.381179701017004 42.44035011751688 5.266859603477383
37.574471275081514 41.64759145653251 -0.5239621377637571
34.310334453769414 45.93369377019622 1.0953823002150753
34.481472844079974 47.79748300382888 4.5234641229152075
35.797906002398925 41.485515983277146 1.3485897335941022
34.51822770326321 46.58894966331008 3.960356826371462
35.087402412691205 46.2923072210224 3.1805213234950336
35.32177468445903 43.063862501798035 1.9688432456619998
33.50348522540501 42.45585821880212 0.14249885431881215
37.06749035178049 48.33846857232813 0.046996671274184276
34.63744823199705 50.464200298185126 0.12209323820725815
34.92527432118393 49.12873328944331 0.03979027492512999
34.566681421587425 42.477335298491376 -0.09677626658420535
35.62025272496279 42.5242444446678 1.070053385836377
37.70089733732386 42.657117190603124 -0.16164426209767768
37.89928080967924 47.92961351342988 4.7869541653695125
36.737645683221466 50.41602886629945 0.2020713809902941
36.280435516760924 49.07668946393398 0.09143316380501809
39.31314558840817 46.315166190903696 4.0188182632934035
36.77405941995378 43.25647224185296 0.6674279875028855
38.005458686749485 46.772078793364095 4.005033394958906
37.27106262777115 45.83023827776751 4.687501842331673
38.916114997644726 45.506281142246515 0.6317296254639793
36.53264619984377 45.2560373708532 1.4845294142924303
37.129819426589826 44.47775244143334 1.032803052577932
37.51261680215081 46.97467070083477 2.734023019523809
38.334379628908806 44.69235136533132 0.4931573374861131
38.70902419037876 43.537722474024115 -0.2084596680399664
39.74484473741613 40.7034288480206 3.8979377865336207
38.21572691120937 42.09552454030204 4.211899620961552
38.1534812695082 50.871505743448125 0.348848385078917
39.04236620620464 49.99165170003178 1.3033816841159818
40.07316199938985 50.32697501839883 1.1888465148614857
38.30209381901492 49.79018169784304 6.112701482636782
39.063560154136 41.895156623678034 3.556818335362001
38.66464631478166 50.173814148788196 2.3094853198891507
40.27364925160757 46.555060811957695 -0.031477712392974366
39.0131867002511 48.92974871323051 1.0592288568432962
35.03330466145283 48.58575286132305 4.033043612474499
35.5559254293053 39.43306408967394 4.16623533771023
38.68619349274635 41.81991827894658 2.5369979617073213
39.97830220694168 43.04000436370517 3.6371178612647714
39.32022647824948 43.90746800554624 3.5866880538224466
33.63320634168569 47.7286190717098 5.523841297534493
35.57205885286657 39.27829717581487 -0.49397428911320596
35.42036800894204 42.08914878629913 6.129626399091114
35.75796221350951 50.63194570160709 5.833358009085945
39.646777906729916 40.90909726230503 6.0333486187383345
39.97305185813748 40.3010172278194 5.202575496795934
34.900129378809574 38.68667847244359 4.5896028500792365
33.73642878387383 38.75993701024529 5.187780980311962
40.1961271171945 38.48382786362541 -0.010263177828081504
38.597543462727614 50.87993365972785 -0.6465599427833169
40.20662849530953 50.3193973872567 4.5869136521091125
40.58977632372116 43.14372857751525 4.5334663939021045
40.061470008451174 39.706305267003785 3.067246594833625
39.90509598315535 39.73934406484083 1.9991381724161772
36.32632151023186 41.22833409733737 5.609266521409587
40.62717876742778 39.14279186942037 5.091241886268621
33.70573663213145 50.85247025714158 0.1575887817267596
40.72504590708677 43.086542852754214 2.844459034701737
40.79657062281962 38.89490142169392 3.7711313956202264
37.32005386590612 50.939789361234325 4.377638636583406
40.88790066669963 41.553956007513314 0.7892867193636965
46.72905847770105 50.11610806361661 5.859344395408472
45.01530197908757 50.75178423568745 2.869903038548224
49.059102362669975 42.8293389981465 -0.6253554646502624
48.48360284009196 47.82516100658311 4.984509319974921
46.98031652497812 51.01429677447609 5.471753846847182
45.65039871336512 50.99377823664608 0.6985904135002485
45.733335124648846 41.01619373643716 6.20491274953885
48.22187157556537 44.574937575392276 3.1238551420258
42.17291536114679 47.819164035460034 0.10504583095825804
42.88797890344689 51.00892388576251 -0.21454287421542095
48.68080650012782 43.72942090532466 6.1909541259098315
48.67284219005134 46.7346861699276 3.234868720760813
45.138426072485615 38.916101735943776 3.0356511536432573
44.211952546961 44.282443587930274 0.2981392036241193
47.82014930319846 42.717043746928454 4.038408928233753
48.746050242230986 38.710509407642434 1.8534699905580887
43.64865637088453 38.46844997919445 4.713289036790495
48.51506365833649 40.18265691591705 3.7003969496027835
45.76975106407466 38.46102411765613 0.14810066448264658
45.82746165101866 39.46837431413106 0.10321113627112966
42.07662854830482 49.57785746833693 5.613124988705664
48.236156125694464 43.634463968372586 4.111746919059424
46.56355839479126 48.24120165760781 -0.514073808164901
46.249967506268256 47.417507509232145 0.527937928857205
48.62995420282033 44.1960012504953 5.218268757803584
42.816784689456235 40.90158841372123 1.7749618934262434
44.130939980874835 43.193354055659334 3.9298818726040574
41.573700916536765 46.657243882060115 0.5063754965193856
46.90916686850753 41.04908068967542 -0.30573491363548255
41.165803530918375 38.480007155376185 5.752301480391328
47.39126812113721 47.428814375223695 1.2706911286621814
44.350061867166495 45.10302827702726 2.427522053021934
45.906707356185706 46.126369227681266 0.15006758779186669
42.37420111940985 45.583978565395604 0.24909501002259415
49.00224396656519 45.46904362430699 -0.4645853867969407
46.29985300840477 49.044534265839026 5.089114829702553
46.190700602468524 49.017865292317865 4.014975863856714
42.85101516867217 42.24873289625623 0.040218753309138044
42.34567718887258 40.09283603624502 -0.2891745004938284
45.793313844934765 41.23446426893243 1.5970803722685778
44.34568780226388 40.89094529307812 5.833188480312722
45.22130465551602 45.14549869740123 4.599082189941423
44.20251584555914 44.56888938747583 3.7436058433011166
41.458971692480155 46.796599543366305 1.9199274189978088
46.36339382014775 43.14449070480875 0.49772656641751345
47.859708749786456 44.43413994682159 2.116177556982568
46.70869334064341 41.84331386272052 0.8271491277811072
47.93418062510773 49.980839598563456 -0.01201579491562188
49.097224273495456 39.023629487455764 4.892176132943802
44.439044935250166 41.071321038082 3.435813401425718
41.5232850104751 46.79401498210528 4.247434647376933
42.99737691842731 45.011299276805616 4.311090069816904
45.24689199606159 47.956107554249336 1.3317175766705214
41.93871605827671 49.454544768294596 3.427907469146061
46.089221551049505 48.04672311148774 5.99063194355648
48.68237288437649 45.73302772107836 3.638588323591617
41.55374568380685 50.23186408449702 4.470730615880476
47.84427209388182 41.865901348123444 1.6546638230567445
46.33495343731811 41.13055896986026 4.98598814074458
42.204155572415736 41.18631965145887 0.5867796261482405
43.64506084070827 49.372082739345316 1.1258527428702259
45.69563400000343 47.05161174507407 5.8448848746914805
49.04962892810094 45.43141537064388 4.926807842697677
30.439648547467893 40.17994068704025 9.868026440237031
29.38380330911593 45.96334321411081 9.52815791648961
28.779421011656737 47.21369850911001 9.503823817680075
28.21773307151857 47.47927218706604 8.249016030992692
25.313827492941734 40.926632191164934 8.583485766428758
26.307413313146107 39.99394783552247 9.24392767875074
25.825270991743714 42.20609293950701 8.073144897371792
29.692667061493964 48.23605277625921 9.857082645347266
27.007949894624755 42.711584140328085 8.463956284535273
27.735831635772417 47.145716854957755 10.452321060123838
27.613118121173464 42.23607220618776 9.221623637690637
27.21200589770373 43.844446835386215 7.717985429677972
28.06142515415376 44.51015222879861 7.759497547533972
25.232986354600094 43.11463448536795 7.339542093960635
30.084503452116913 44.64884672379667 11.41651121000038
30.251208764458223 42.493733542430114 9.458130606633194
30.364226993758866 41.465816381514735 10.441260956705264
31.05244333434425 45.110615374873205 11.544034138427255
29.349427440912457 41.551931137839844 11.393559109256877
25.837497210621795 39.030956446541126 9.443743698121185
27.143734211096447 39.72880692533755 8.597114217705773
26.692647018422388 40.32415305704802 10.208634631193316
30.080633587574095 40.706221223519634 7.700702023966271
31.167747449493366 42.2105194314668 6.558356193562329
30.27496106274229 41.175211483079764 6.827555433277855
31.53308240251617 41.693050835409316 11.133143646444587
26.07954444653018 44.044414404107634 6.973733601849337
32.249327034721226 43.33699234745391 11.414559472288712
27.55197432786914 39.38200806961097 12.945014296820666
32.191189823743436 44.34496321581713 11.441295089377654
28.001047662581268 50.370193395426874 11.403652697641427
30.909151193686256 47.23130435479255 12.05279979751467
31.449727226258748 46.328436053866916 11.80988750024376
24.809759510742143 40.536615041246336 7.699233487871306
29.958015959610762 39.30256989820714 13.070909785944785
26.49514296261665 49.548430214330175 11.00421622903513
25.28619672453713 50.251644077858124 8.993853272261008
25.730201879764714 48.418224560045935 6.96999465762166
25.833699345213653 44.85732045219114 6.4270673937089295
31.829787991412804 42.636009156567354 7.297991789424419
26.98318591669889 50.52222992211701 11.044567246381837
31.449631459192233 49.91602029776101 6.3105572322866434
32.01290439819765 46.18609817761914 9.052650446377816
32.50066244987036 46.76103493453015 8.26547841400441
31.916342190501013 47.659664826280924 8.067654876161352
31.247608806788417 50.89468222852776 10.470098034957964
26.11505737920287 50.89437559098711 8.736392173913043
31.536655521067463 38.568721727975465 11.389476113732812
27.584539314716345 38.306256981131384 12.855019201331734
31.90827177475176 45.26266037388305 6.798933048056906
24.97931603559881 47.46175181660859 6.32205979397
32.769423135499224 45.88235003618603 7.048939161004823
40.33326461440231 38.710503975676595 9.85814263601156
32.99361427613139 50.750958316552385 8.573313646592652
33.52975494910184 45.23535305457461 7.486421091150097
32.80144704212313 50.551367130068805 11.050734637747265
40.61248876825433 50.734010746931645 12.242882561077417
38.00934576144279 39.43081899302348 9.00195525332246
33.42588225041248 47.128471418475925 8.709391413278354
33.271359433682136 48.42094571028776 11.568203199545499
33.993695860252494 39.841583301366164 9.733232094541595
33.21490268673175 45.14057429093545 11.569977661933052
32.82899837667616 46.339904797619674 11.768687878439247
33.59399559167806 47.52460900530992 12.097907288203087
34.218838609646404 44.753640538934796 11.663758972395383
36.22231608518205 41.119556300204536 9.52164590992975
35.5057358135342 48.541523479117295 9.689762368992707
36.04256845477594 47.00491091895351 8.13002877177331
36.5203651000101 48.065822618290554 8.908933670027016
36.92276541775981 42.701119074336425 10.935052854482981
36.32258706421424 44.769044165211966 10.247600828604554
37.65746459369437 47.66447162713995 9.704397287456679
38.08202362577972 44.5606210313056 11.688943440889725
37.42998493211095 43.96651221665476 10.635086585628832
38.35290363731926 43.93245636097741 9.53459927578753
39.42603186435244 46.355363715535354 10.867734201614347
36.04616417884991 40.0591599719138 9.417098634297933
36.81320505380384 49.1046110612069 8.058254624932223
39.25032332028069 45.97499725912925 7.608355363462641
34.92847450673825 39.335140918117666 9.543218951552245
40.27641298872954 46.98306532012324 7.583371061434204
39.76342066342036 48.188435411394444 7.093069458129623
37.038210470285215 39.20572672604783 9.164219597965399
35.095169598387734 41.74006497090226 7.422322707949425
40.74815325744082 47.21907755440264 8.824821897205911
34.61462157609616 47.30259941118717 11.786243461597245
35.42050650760989 50.992013515090534 8.31440812130111
39.53924366321144 39.682323893129784 8.057657736667968
37.2111980700312 45.27101220122308 7.089337509614779
40.307748499621496 38.61234699749347 8.526818198382962
40.50966853480295 43.91120335179481 8.723690791413034
40.85494927567849 41.75062190338145 10.570479581062843
49.09446415200077 41.401894399608445 6.833710287923564
49.01771942029791 50.38641531699116 9.397880534514272
40.98149360210178 47.15624226266317 12.324141978512191
44.2196742753046 38.490712440005005 7.251596611413742
48.47780050549571 45.9750459779159 12.066810520073169
48.534471281191344 46.85215744952888 12.711452971425377
47.14076313885617 47.349882218293004 12.941373285004929
42.73807554052477 50.80494896782659 10.060071378404608
42.68169151001094 49.69680853409628 11.728851597270808
41.139647275664906 49.484530007689436 9.608588113704911
41.93176178856573 43.50055694464476 11.67148084198248
41.63342959015881 38.62693071271367 8.081680752573366
42.71240182995981 45.655769781317545 12.638803426425117
41.94115698887499 49.79741325137489 7.230085263785662
41.999669461051944 46.469643115806925 11.710450942124272
41.51242346200267 45.572090549494554 10.782602997369558
46.61987194578612 49.814938032697725 7.157346403262405
43.54740596547514 42.968253296250225 11.169633986947495
45.01368514903023 39.518282119565704 11.61764677801796
42.55511516336302 42.629876834124836 11.467896176910413
46.15423571113084 39.880683585461206 6.8539049586655505
46.06900927761042 46.73029377418698 12.57915909487793
42.34312177763215 40.85924101573769 10.264904874618356
44.489744318378634 46.29003400433762 7.9514543050366795
44.053883306301735 43.448828617589584 6.551677384793042
42.83118796277261 47.3243553069469 11.100546878675495
41.91544539267171 41.85878813156636 10.342997596585668
46.34819914124812 48.48354255688973 7.269903988931025
46.72189282269045 50.51679646115222 7.971831815665081
44.16745829261564 41.624192320483026 8.572634898838439
42.390379819532875 50.28436322802078 7.9924359499215205
43.41611049417479 42.37356045921684 8.371826835214968
42.231939586213734 42.52832382509793 9.05610563643789
43.356035534149086 43.26848928889294 7.355969752899236
41.44935619178653 43.47456843273239 8.419163198631347
41.87716579861243 44.72963150679247 6.907733197781575
42.21314933924925 43.94660862666401 7.450034064102308
44.04689380575755 47.85147555733851 8.590334929305955
44.689156248734534 46.57694597430241 9.69186725737043
44.756801728383074 47.03217200718737 8.703791679243354
46.65810091338614 48.08019880906654 9.32300108644741
46.19921526433623 47.583190501253306 8.468304237283542
46.017343218066834 42.0658863646043 7.024298204607927
46.499601028023406 44.45664715838698 10.01593069536823
48.6445272177093 45.03701478015891 9.947860812928347
48.02683878282145 43.00739297195017 10.656072006216567
47.46757128915592 41.33712286629811 8.811314249784052
47.75454581183626 44.05385144817711 9.786251170105544
46.74214049265836 46.654652261760184 8.291813628057222
41.94419478309286 50.12533007109942 9.279227237134059
47.72660507889745 43.5889547929001 8.489175237497797
47.06032055126725 39.931211888214165 10.502211693730693
44.091819214051924 46.96630553692366 12.680101302202225
44.99622392518252 47.34439098924412 12.923419014666134
46.17798995252964 45.85433167407318 11.956894190156847
48.565378511129495 39.35388490147864 11.016649900366799
45.11620887652698 39.741433159002575 9.324140009486625
43.56497853817992 51.02037235343034 8.039980575909826
42.610227453427164 42.02712888990144 12.374404616596168
42.6797325006825 50.75473913823329 11.46640350852715
45.797232781654166 39.300160660512056 10.46658854584526
41.26033429433057 46.473419948803574 6.713249947817398
49.02933041511459 46.42789253136862 6.982147297595011
34.674942929799684 47.727615117097656 13.970706417766683
33.10498578356999 47.19434295063126 14.254195216970057
33.65487207496743 47.89357964127332 13.624280050401586
33.34254517620135 48.918638342024956 13.823795885475713
45.3259960267279 48.39291323153454 13.708751119341663
48.713917875463586 45.75644954034579 14.611737758202956
44.61215858744051 49.10673799607929 14.092535324058524
46.69422250691393 48.42919625999305 13.605729222639528
47.44145030045122 49.09429250330364 14.01278893778077
  
  
