  
  
1.2299506648450769 0.7102494094598436 -3.350000013047705
1.229945945583425 3.5405443991084984 -3.3499998924386665
2.4590053385863735 2.838919430575029 -3.349999904814344
2.4590436507018874 1.4204752347100829 -3.3499999575590413
3.6809567643937537 0.7097305122535951 -3.349999920290702
3.680994677454837 3.541081847525593 -3.3499998824238553
4.910054035692147 2.839456876978001 -3.350000168740234
4.910049261640993 1.4199571216807003 -3.350000112706174
6.1400000065535805 0.7102807175523331 -3.349999929484503
6.140000011423093 3.5405102267754036 -3.349999935123218
1.229950920448061 4.960054260896179 -3.3499998764153647
1.2299508993403576 7.8000002767978645 -3.349999929152098
2.4590442278098967 7.089473620438911 -3.350000304644234
2.459044015580049 5.670528916765944 -3.3499999798666735
3.6809554799791484 4.959536555540551 -3.3499999637780498
3.6809556885135737 7.800520269074607 -3.350000308530008
4.910049125628618 7.089993792566182 -3.3499999354849908
4.910049227826735 5.670008644667288 -3.3499999106797897
6.139999999698973 4.9600851911194495 -3.34999993331073
6.139999989261463 7.799969048710558 -3.3499999309579986
7.369945943261666 2.8394568212342195 -3.3499999040905717
7.369950719305922 1.419957180229206 -3.3499999000505043
7.369950890206225 7.089993800835537 -3.349999908160327
7.369950763420011 5.670008637547505 -3.3499999098413404
1.2299499473398483 9.219935070006663 -3.3500002381697214
1.2299499335714117 12.0500649069557 -3.350000106202322
2.45904024729803 11.340803738900231 -3.350000336370341
2.459040264615744 9.929196265341217 -3.3500002543486374
3.6809602344659047 9.219413032910449 -3.3499999122676605
3.6809602260739784 12.050586748620518 -3.350000501399848
4.91004962630623 11.341317048105756 -3.3499999141456027
4.910049592164019 9.9286829566407 -3.349999956498145
6.139999919723866 9.219966756370782 -3.3500004847467277
6.139999951128915 12.050033144868049 -3.350000129358105
7.369950417541208 11.34131704513118 -3.350000138409296
7.369950496022246 9.928682974747064 -3.3500004052682675
8.251039973148768e-09 7.090025062102587 -3.349999897594099
5.352502473971665e-09 5.669977354454932 -3.349999892124739
9.070959651893122e-09 11.34134816253091 -3.3500002212221136
4.91148455239454e-10 2.8394909833314954 -3.349999901561521
8.599043222909682 0.7097305145251114 -3.3499999137791683
8.599005322831514 3.541081824576092 -3.3499999499734754
9.820994670140973 2.838919427723903 -3.3499998859364566
9.820956379195072 1.420475255396856 -3.349999893872697
11.050049351459112 0.7102494592989286 -3.3499998968987885
11.050054007244166 3.540544380395232 -3.3499999924173487
12.279999987363261 2.839490872839141 -3.350000159031008
12.280000014796482 1.4199261356089632 -3.3499998790520147
13.509950654877153 0.7102494786610333 -3.35000003379204
13.5099460598849 3.5405443437430466 -3.350000227946166
8.599044525601885 4.959536561194663 -3.350000004800103
8.599044375413742 7.800520214210825 -3.349999897056215
9.82095569967669 7.089473638240459 -3.3499998848815817
9.820955986046805 5.670528940360686 -3.3499998923277072
11.0500490687415 4.960054279539025 -3.3499999329288754
11.050049103601289 7.800000287904716 -3.3499999109410217
12.280000010052714 7.090025056036615 -3.3499998709261867
12.280000003190288 5.669977400668529 -3.349999940696101
13.509950980631478 4.960054322852233 -3.350000061173797
13.50995091277276 7.8000002744096335 -3.3499998483073634
14.739005334151802 2.8389194164862306 -3.3499998602155556
14.739043625295315 1.420475252122836 -3.349999987395221
15.960956777351747 0.7097304986587029 -3.349999975331773
15.960994667401417 3.541081848225594 -3.349999856327611
14.739044327126695 7.089473637202767 -3.3499998469267647
14.739044022608667 5.670528947815302 -3.3499999002090632
15.960955429749417 4.959536505426485 -3.3500000518933835
15.960955645599258 7.800520212183838 -3.349999832215663
8.59903979463138 9.219413032605988 -3.349999924154412
8.599039798661355 12.050586940696972 -3.3499998936606312
9.820959797167307 11.340803667015024 -3.3499998716025106
9.820959805022662 9.92919634331405 -3.349999929839349
11.050050062127308 9.219935138193502 -3.349999900106333
11.050050050596184 12.050064842204376 -3.349999985667269
12.279999986602755 11.341348121058154 -3.3500001512539113
12.279999990081382 9.92865186711051 -3.350000002109663
13.509949939473168 9.219935119819597 -3.3499998604496852
13.509949946792947 12.050064859728609 -3.349999938112921
14.739040205772085 11.340803662139525 -3.349999878135824
14.739040224643103 9.929196315281756 -3.349999843446475
15.960960242729085 9.219413008300796 -3.3499998538203224
15.960960238568342 12.050586919489866 -3.350000057221134
17.190054038340488 2.839456818777709 -3.3499998866756107
17.190049261575624 1.419957155670036 -3.3499998942113116
18.41999997435222 0.7102807060756827 -3.349999955785301
18.41999998695728 3.5405102264048676 -3.349999896414827
19.649945942062512 2.8394568170617513 -3.349999911254742
19.649950723603116 1.4199571650068599 -3.3499999353837895
20.87904322766563 0.7097305012092221 -3.3499999183206364
20.879005331567964 3.5410818405294484 -3.3499999119354062
17.19004911919268 7.0899938933462545 -3.350000026050709
17.19004923777439 5.670008612861299 -3.350000696355091
18.420000028500326 4.96008513210816 -3.3500001689257064
18.419999972441413 7.799969076546483 -3.349999858485754
19.649950865134883 7.08999381483223 -3.3499998807133045
19.64995077560801 5.6700086574738995 -3.3499999230655453
20.879044527171022 4.9595365711225705 -3.3499999071363296
20.87904436320038 7.800520204032415 -3.349999885755306
22.10099469262888 2.838919424986753 -3.349999888049396
22.100956389358803 1.4204752412473984 -3.3499999004700873
23.330049349457322 0.7102494589141151 -3.349999906262945
23.33005406414093 3.5405444052605914 -3.3499999242919265
22.10095570802844 7.089473638343594 -3.3499998658522134
22.100955990985405 5.670528947681697 -3.3499998958041277
23.3300491124146 4.960054262995253 -3.3499998769848247
23.330049107902916 7.8000002649384665 -3.3499999016607407
17.190049633915876 11.34131703491429 -3.3499998877628734
17.190049628727472 9.928682927353917 -3.3499999077192277
18.41999997616632 9.219966827342061 -3.3499998805942677
18.419999983131152 12.05003312887548 -3.3499998798288413
19.64995035377954 11.341317042855975 -3.3499998978091092
19.649950347375302 9.928682934429006 -3.349999888660454
20.879039762651352 9.219413022864968 -3.3499998846283328
20.879039764333772 12.050586946703318 -3.3499999039526984
22.100959792612926 11.34080366877147 -3.3499998922082175
22.100959791616184 9.929196313697357 -3.3499998899913583
23.33005005934555 9.219935108573912 -3.3499999841854122
23.330050067717913 12.050064863915617 -3.3499998813457275
24.559999977906237 7.090025056420096 -3.349999934730832
24.559999996619883 5.669977352474603 -3.3499998663695063
24.55999999473246 11.34134811182692 -3.349999885434074
24.55999999193444 9.928651885664983 -3.3499999561012483
24.559999996308264 2.839490969616991 -3.350000081808966
16.405177123625613 6.042806226451021 -0.8907189103060864
5.142604150375322 2.202825660917327 -0.7762195178682707
1.9916882176359068 1.6854520008552836 0.8745558825797151
2.1777684377202604 0.671413795253731 4.184848143083238
4.1302903833203235 1.0755692017450833 3.0635526811759553
5.820560437057395 4.662122443971031 -0.44492966953177504
5.76282825476748 3.7037227300390243 5.510151936617959
5.710093596447606 3.3061180057743997 4.496628607270436
2.8678338515890442 3.7659852615217764 5.044728458252501
1.1267593494154782 8.752069601053615 -0.5293468222846498
3.13275592999236 10.712929961197261 -0.27099946737530467
5.345029107291577 1.8034680550996929 0.8758463966380003
4.07847542499406 2.803560628434206 0.484746230789429
1.271495068463046 1.6806946349547973 -0.7359005034778809
2.600973678726351 10.102050201814851 2.570636795340321
1.137229744308613 9.830071725592154 -0.4645256052114133
0.7680380151493007 9.789376782878652 3.68011851015438
0.4734702827573539 8.353934669832785 3.3542177925206964
3.7905603735071614 6.800723835552249 0.6126156348831913
3.5691625174294477 7.80425485946183 1.544967206134904
3.1948514113347266 5.7082520343731735 1.226182483271303
3.206424654131792 7.256675421890714 -0.5391094748527592
1.0480125256115675 1.7207242320575369 0.33019198047113174
5.223549508699247 6.709304259036453 0.43042831886399235
1.8070754980673662 3.899574059743853 4.276202166636339
1.8224151289840305 10.483962494269818 3.214367783789079
6.02457671738755 8.746108849406921 1.7610812440091483
2.055738769193726 10.761407398743483 -0.3349054402361096
0.2657362862170397 10.483181889186543 4.757915874672354
1.901009108463892 5.079468019249676 3.6196478374327445
4.853066595814607 10.766881292000946 5.251450295945914
0.079742585906641 11.733602058073394 0.006322918951652268
3.592927260982576 4.858098822111976 4.973138124225755
3.04315528470425 5.6941788196425644 4.085527654283218
6.593608194048973 10.830482154268314 0.24484112446031103
5.123862890371386 2.645321419108764 0.219745476060339
1.3928868841081339 12.009621388262932 -0.033507560546591764
4.824417978445814 9.358735276534784 5.1994450427022
6.612101972251957 9.716336556518849 -0.5901419154261034
6.1424446349847095 3.946165657442573 0.31130868133089185
5.38220379053641 10.914476466496124 0.9774156664443112
5.999813293420699 4.407123449668146 1.288689985982906
0.9268979958118041 11.641787901203681 4.81632604563178
1.9552820153214057 11.589369108852765 3.8853734642790783
1.2163017106139429 5.430316665737005 2.861702584535032
3.5198008876345424 6.621669021836305 3.804510049919844
0.18758542114899815 0.5733956393140374 0.8066511267639354
4.903147406908049 4.954697444660168 5.63148134251878
5.43142582313797 5.8215089069267805 5.234417362947553
0.9861577469283109 3.3113335898809537 4.263271757993437
7.706157538835434 1.2975675691149458 4.800744279318129
5.360025008194659 8.94211508327483 3.966844527734783
7.408864016021953 11.540796400252852 4.523032697837451
0.6420256726376318 2.7192812233160533 0.49192821773098694
3.581073128546654 8.801547926681337 5.347457932680117
0.059822515652030984 0.8087219109654219 1.8632485837071155
2.813707057787169 12.121185433000962 3.8659352597199836
7.721218035577433 12.422122332275597 3.982570332876824
6.880625295613013 12.043273629127349 -0.4091486788136012
7.6140023086103765 3.663924677780815 0.1860296340151424
3.0079292221520118 3.004887308963394 5.798056536683486
6.783189837221544 3.7168328483962148 5.893284245371389
7.680179457313408 7.072840120728083 3.941303618117167
5.420521565475751 2.810194419470459 6.032199145823576
8.051979434552106 7.540369652397449 1.8667732230926737
0.29458766898405064 6.1490133961160405 5.673503654899376
7.626137994076512 10.640918807725077 1.17348988926963
1.3210289568968512 7.94186188901607 2.8065497204491887
7.788464600848008 1.5313250051716105 0.650746542849745
8.161104657089504 5.643239213995607 -0.06255237750418363
0.9147956602686504 12.480243113539363 5.49694810693902
3.373501406736637 0.12188813013000266 3.783309651847051
1.0926960726258832 0.44106491511116774 6.229387262621406
5.697187097743175 8.80938550381539 6.163878693798757
0.20280460653203392 7.642135548916203 4.134078104703967
12.012057840698905 8.254555736344088 -0.41994591243038837
8.280119245127873 2.470421766997484 0.44393024122722613
10.39808036911795 1.999397265958036 0.3583957653312264
9.652481755036414 4.837438238390899 5.744647926893621
10.306634264834699 11.126167129774812 5.9209506333832
13.025047157556736 10.338894182020487 -0.2423883539231686
9.468115567663576 9.541423173324992 -0.47022166206423965
12.179579674856829 0.7414829312352257 4.29022027998684
13.74755236959522 1.4904840419903254 -0.4179677927433567
9.674284795435101 1.083635661226613 5.894164918773725
9.480978353206487 2.4238163159754382 4.04430910116833
10.553465761173557 7.315722750566996 0.0466733373910766
11.531008008353805 8.115598334956212 1.2032751595830216
13.838652348276387 11.657484322788582 4.0521491717596945
12.521010123184459 4.012554881122851 -0.6431867470020824
10.408268844435145 12.117008124024249 0.23684085304596314
12.310074916205306 11.143854907664675 -0.15722425228959613
9.828125971521604 9.614530381179462 1.2524625889849583
13.518442349584562 10.438375406180857 3.4247637981586676
9.107433695670233 1.2355324709311997 4.609022947022511
9.645791042870616 8.09142474795385 3.450562157262852
10.274993408632193 9.620869430565238 0.2582949419410052
10.958816568149263 10.911184226255752 0.09016375664225196
11.117158318625926 8.235616487989589 0.2020638545906861
11.073431825402986 8.581678812185146 5.275244734502699
9.38325739112992 5.974513166589285 2.7722868540182652
8.679708918582424 7.192589266040587 3.0061729529820536
10.718856577533048 4.299025097383018 3.689364948891348
8.488106629637205 4.6156233590185 -0.0036001553616415993
9.740359418378572 4.119645763338476 0.12851720579231118
12.315388456890377 4.536606309943977 1.5635021010411432
11.662211230420066 2.1567780710273836 2.583059922738895
10.610774222825508 4.603054069196711 -0.041172151496575715
12.394294131737919 1.0516594999053066 2.9400456805446904
9.638403783065872 2.766766799004965 0.3375275038925618
13.233955431564807 4.536857602772971 0.45256506437784116
12.1469054301408 10.378127925244758 3.3936434472904855
12.250533527768027 6.542467146331354 4.283777550571454
13.656609325514456 5.847825724090161 0.230995150160076
13.217241820520526 6.009552834867501 5.051458229585558
12.852046267832273 4.690945453236139 5.281622981320142
13.96209323656413 9.453360961941398 4.3008760425629955
14.015558394011078 10.370611710736627 2.1614893138201197
9.454121068452359 12.274673987667379 0.7176147051839643
14.338704483116487 3.685709348681552 0.7246999601181425
13.74188210562175 1.3510423464749257 2.8681549540791504
14.423023067071687 6.071426363363145 4.428094450704472
14.819745867266226 3.95809657106839 3.1384062840342297
14.70627534857289 2.9322374885299385 5.196376086099135
15.370138627533738 8.366576584375233 4.6117629933927855
14.470287042135391 0.7006440233227966 -0.2758152760258936
15.62599795867897 8.855017645535334 0.5569723694758932
9.342417019597088 0.18303537947251702 3.7747053218919935
13.506198718328521 6.724149086521005 6.2151549499038765
15.684311690928435 1.0654703839097808 0.08799105902161597
15.880673963777516 12.525082068525897 -0.3242677998932797
16.345787479605224 8.376433847317367 4.350779944603191
14.96734983346268 0.24706644557733146 3.830780613640913
16.048241984308437 2.0570489151081364 0.3132170742982865
15.330448861991703 11.198912002142766 6.17877202941619
9.587133798797037 12.565399300761035 4.919223681246273
12.57318231510501 12.453052908214842 -0.2556650140255634
17.148560087676234 10.208266467449299 0.0977812350425955
19.05121804731864 0.4621303733565161 -0.5074293961477938
17.62899898006281 8.10839094424267 0.3732158541131203
19.684322460834036 0.4970104502502951 1.1079830302914828
16.41131087241679 6.884263561959828 1.4459617153799964
18.772490525383887 0.6471719128119406 0.5299570303052437
19.64193842001756 1.4813493028061735 5.476498593573994
18.10135219775229 3.475301512149514 3.348768618561224
22.074764514709045 4.364413414553349 1.9313834205810843
22.504187356648405 2.570475664568619 6.109889188547751
22.11368566823722 11.832566809097225 2.289607343774356
16.606589599396155 10.338395401321439 3.608524617290959
21.4522870438564 2.833734754872382 3.7081987420803584
18.114003591001033 5.76822404653222 -0.8258870112344796
18.430860074289228 7.728350328450557 4.222822055863031
17.396475946773 2.3140256759686566 3.618210356280671
17.300441961016926 6.824083326350286 0.8183278676560024
23.95416431615334 8.953905121252868 5.394726674432439
22.86068611817311 4.600267634358638 5.256785597377372
20.971409990534845 0.3321541626828513 3.9361864656284395
16.670891742144885 9.015547888498629 0.33600399539580716
16.673470369056975 11.079597401142932 -0.08976119536736271
24.081310624308763 8.978633654333716 1.607071330777461
23.20976622041388 9.732249630365976 -0.3304693922890489
18.57438711909008 1.710564648651283 0.664310778779531
21.121108893390403 8.488399081715103 4.844796776150144
20.369656154759163 0.27981231057060063 5.175819679505562
17.210026750813103 5.748440715793496 -0.217171566884391
24.14349976266096 3.0856817478539096 -0.05405045677897902
23.902597144837415 10.130897440791003 6.081547362940892
21.034383474672325 7.986647923913136 3.142469231816294
23.49948994431068 11.159507261594364 5.255821086695852
20.926816050023945 6.177948540213796 1.2953906723700825
17.061112823516954 9.369930925909085 3.756461084546551
20.9537327060339 7.645316627854632 4.1745004327904365
19.83555598353631 8.313538874059482 0.23569464339267876
17.25143126023753 4.23972610232812 2.473080236683902
19.658997678006195 5.943136778715112 4.002152868395777
21.24286849844214 11.976811550693533 1.3080399775846607
19.220736187584897 10.833152436881988 -0.26095486553975533
16.867953277592107 6.505414177558965 5.075321492714795
23.650177366777598 8.136983650718474 -0.3548844092888259
19.870421049246723 12.085414838814007 1.7454156315449132
21.445381812765262 11.061739663598662 0.31586184206219503
19.715809345634213 6.8408044177316505 5.516602744676861
19.635324825013786 6.943471536910476 4.434437459469236
21.750935441408245 6.928084031782595 4.369808399396589
17.182610545444124 7.442651388667076 4.6406063976706164
22.675146952304996 1.582670230242015 -0.07676914685360914
19.22033172544618 9.491373666184177 3.260563573943862
23.740088350944735 1.7608716945682452 -0.10009414470310118
23.996865965434587 1.83115421946238 3.2707251242887025
21.656905980893583 5.116086688175158 0.8122931684983736
23.56609457083531 6.481809724394754 2.6477322377181345
24.015986902484443 9.090767499646953 0.025352034403112178
18.358671508572208 9.01582456260856 3.705304757921107
18.36734484374314 4.107982128851215 4.590117095389276
17.921404564508777 12.119524684525807 5.777984460949657
23.616717247315478 3.9452063025832977 -0.11583816804809244
18.13378649067535 6.515947658488887 1.4497463542634315
23.127014545645 8.716838600834324 2.064107811520052
20.7894880905535 4.359491885956594 0.12339245137255372
22.78058428421794 5.296398588647212 0.0005461940631912299
18.554698196403006 10.058726294202959 0.08984072139593735
18.84356993054582 8.73862698081133 0.27648400678896956
16.909974813409914 4.774798487823126 0.17024248385450802
19.291697757892095 3.1565159671929024 2.7507471399730923
24.173795150957172 12.446295508985079 3.5085331621674767
20.86704101688892 4.026309383048351 6.082005293578297
24.393085731619855 9.940430481715879 2.014309769323214
3.864972537051223 7.325075022880377 10.848972632282713
0.04821229374225465 5.683154134570279 10.703786001598893
0.8933498458977654 4.034858921044518 9.579798105352351
3.127075779073739 3.738782064134291 10.211495583220087
4.4501830377896905 3.2025248719189507 8.335589091620077
3.463015154479928 2.8030263778220155 9.200447544077454
4.51948492483668 7.145224766587254 12.16156470633517
2.8022634642104265 8.300744362285027 9.221342307267847
3.8753990070617785 1.5655154248011987 9.810372857740338
3.0337330496951176 8.303304872623515 10.50908920760368
2.3899438029765094 9.044267624886352 8.676121567633427
2.7948193726537216 9.219173577164579 11.029189939155144
2.303004704552673 2.536079715832924 8.54894358472498
4.061675886532378 6.557206088412226 9.672785097458139
3.38328277665655 7.175846013177477 8.710347276641944
4.816309997937748 5.791699964084768 9.568249307654465
3.2634650143746557 7.063424706357179 7.64291805013232
5.598215640597352 7.2947496428942795 12.115931884433959
0.7851418695553992 11.046782435308602 8.636618693867433
1.4307797786905057 11.522800293079753 9.706070002594457
4.015777451138635 10.43183641506531 13.150961356929285
1.7437129841086714 10.400507059054425 7.841566133437141
4.238461474904587 11.808408191036273 12.928654388668976
6.510727001160482 0.5864349685684093 11.442297714923974
4.122543565051054 7.813201231011489 12.92598932667492
5.900054129651921 10.615160733093816 8.090562664889625
5.526504205706852 11.628053340983847 8.06041271990242
7.180723665030097 6.22659345916359 10.322444159894381
7.234689507956363 7.531817303699233 9.770015645318146
7.2282150369460165 8.650872407499483 10.694343316517056
4.590767513066093 4.982604556519536 11.887701303134337
4.167869693952402 5.687722459947269 12.603289297020693
3.078200268335511 5.662090503776171 12.595317739002219
6.934452482891529 1.2269339007562967 12.215807788516061
6.399689321127339 7.602315353489204 8.664567637395702
5.4234138141373345 0.5316018675188742 11.495620923417443
3.4064520627437496 11.34419434947545 7.914443636509645
4.173775674779087 11.999108483538166 7.963453343542505
0.9708389397792663 5.504561721112384 7.685423975022587
0.5259454112145054 6.725757412633808 12.653938892689261
1.302231811228172 11.499186227386174 12.447921586995754
7.6383457502859695 7.610687293174739 6.723623057819474
8.097830666970985 10.08225052957013 11.579910438415176
5.559287754888602 12.159639878864688 13.300181860914108
3.894572993271795 12.126729762208054 11.602723930057206
6.741748482322985 1.8720843346383311 9.697833612508212
7.240184582833358 1.0100796369847653 10.14124014762735
7.351364604662762 0.0825125769853596 9.053046724653429
4.8056668052960525 5.088606635909651 6.70882337775107
0.3062779778112426 11.251759174883238 12.784456600570458
0.11273971921769474 12.048352296400328 7.968431658155267
9.836788832881041 6.845757201498467 6.73333795728277
9.389399258473558 0.3862069458135994 8.599527169232982
8.651423973450258 11.703653441246878 12.557221192915552
12.123024657133117 1.1732019306199415 6.554015260902451
15.031985556821965 1.195402479980609 10.686909467577358
9.567912043326087 12.64497508555075 12.375490223544398
8.462439064836522 7.464885991162366 9.227040849937273
9.342395061308642 11.333885681615037 8.02812364364361
10.973677995788353 2.144107815860991 8.466087949686234
9.55184608097495 5.51604207108654 9.881778219356173
10.963496090527906 2.8442812618676396 9.701509327104523
9.64211095839881 3.3877683305265025 9.823263743203857
12.520702443064582 7.124213896637254 10.876921358858372
11.988945193779228 3.7964362948980663 9.712058824683115
13.160482258586308 6.2717680886858815 11.688708796364157
8.837672185841571 10.76583607268216 11.653702932522185
12.585869467864383 8.448087499104577 11.025715182840514
13.534267095518125 10.545753501824725 8.771908734173378
12.970154564838317 10.635275671804187 9.688512701966793
13.106986512615093 5.143769071962459 8.197207374146736
13.985813233535929 11.391175666396581 7.88044927822131
11.1997031286846 6.714979512027485 10.91611206701154
10.716072846836965 5.166274504849663 7.744418219258767
8.453033578847457 5.376335398348029 7.594480575454292
9.649874903414803 5.505402027094923 6.89640032292576
9.745359722933529 10.443550065889317 7.012984434739322
13.88068972713916 9.295151267591715 8.439048384578554
12.878818457259333 7.0040208459426605 9.510730507582162
13.575980354199714 8.430177076960712 8.862217201434012
9.9071973240074 11.137251390518896 10.795334126524025
10.329660114957035 12.30615024917775 11.258927473203022
14.795972015886816 11.1990126579593 11.618324250282615
15.003144504545798 3.3804874238258424 11.353086185041409
11.070384270131516 1.97670030503452 10.750847855504622
14.358652772077908 2.1631672626684635 11.40923219516639
10.732226115572804 9.573464435416543 7.484150676979585
13.371420876951827 2.0388092257169426 11.829122971085226
13.830783342640025 3.0870160672067493 7.17887922663317
14.765892903121587 4.3818134980104135 11.680893705846284
14.819238718769633 2.439908797318596 6.466160625196165
14.808500779861435 10.698319166336374 6.980879885164814
14.737659254002178 9.388908394837374 7.335773659669373
15.106563898808764 8.461904409678006 6.922284875781428
10.189674037388665 10.514472599792024 9.959419367621106
15.979388987936321 9.667962647135326 11.47642259172693
15.357065592277758 5.921044825832825 8.53238619369969
15.030862686105642 12.579595005862123 11.554187599644678
14.528216563194782 1.0466602379124035 6.558124866549969
8.74542815532585 9.544271643115836 6.650834790829347
8.232384576072361 1.3274681168967357 10.462026255092734
16.03416959698046 2.6706226853618773 7.070314042545979
16.11417525735867 1.7909211317471334 10.258146223349014
16.05733268209331 3.090142625033205 10.466921807300793
24.34913554037444 7.692031703364316 6.430414283131588
22.19768806817966 3.891892439962488 6.260492400543648
23.44659490777795 0.49065082600358545 6.484210374976076
17.60093063924148 5.2235964378326925 12.056092151067103
17.849143390836957 9.987021886012192 12.52011788870944
16.67892400486107 7.419286617273464 11.253547000827599
16.846158180161027 9.342598564807686 11.880092482939421
16.78660405089557 1.3127614905623406 9.561294104806919
24.08760501325373 5.872224611069582 11.430219834111
23.066912410906276 10.069396069320863 7.202617631794718
16.540200568350993 3.8037773205904215 9.939983361570526
23.342905336829645 10.259347348261512 10.871710683958266
17.289317887881 8.134934704659871 11.784270207913256
20.23782542885075 11.422600925976695 7.159805527751621
23.11588134628053 12.375858380656007 10.989688223406553
22.702463420221605 6.769185697111859 10.071249958112702
19.28474615478671 6.675238043724953 12.292863567807927
22.632231388638182 4.202704728504364 7.496071492344051
22.545784381290897 7.404096527240604 12.229438594633809
23.46354667806066 7.074454504105795 11.196277770165015
18.977967305883954 2.4302205924082285 11.095651902579991
20.101174732850783 7.52342936928588 8.912273635980165
24.34179533441645 8.088933624347968 10.834126938841498
22.821007987846347 4.46235539862938 9.798815833755963
19.74172305038309 6.579345064533701 11.30793887324951
17.011660299538143 7.415776443201069 8.576284917224385
19.835943904502308 11.519242901166225 10.330788070381278
19.939526973763485 10.774651597275081 8.283065275105148
19.024652075375247 2.537655634899434 8.802789255928108
20.798614460460165 3.0960109225637296 9.960331947310312
17.10943161735396 5.411844990007261 9.706755218221595
17.16243082011427 5.280629967014207 7.4307627573372415
19.424689249314287 9.417973933484042 8.370854214150894
20.462415594231356 8.353023484062726 8.304508348420296
16.78395865329124 6.0572885596712505 8.529865504400295
19.773585294789893 2.2021750527366155 9.96163705282012
19.925396956919304 11.80547601802945 9.293257948323333
18.24373087389902 3.27733883531957 6.770985403781018
20.475072424592522 8.03618263096849 7.261650890108329
21.46639981326141 8.632927925727007 8.623521187580494
18.89467213576929 9.428795515375782 9.323253685451196
23.71071529070957 11.225395692333036 10.55887456928293
22.382749811565894 12.487822915698047 11.675313555242045
18.490523360211295 7.938337264294107 12.251702236541782
20.145325283438357 0.8420943881790727 9.946741724941395
20.085860361012134 6.8029402795726535 13.020880166661872
18.956111342772097 9.16745083422166 12.631101853975073
20.91205324143963 11.993982437685506 12.477043061917927
18.708313796239295 9.151140212506968 7.593869030274013
19.11112936195674 4.512331518610582 12.316096352191488
18.51318091416499 5.365896947859792 12.635445239243586
17.655217142199525 11.040240140349306 12.659845905355468
19.94604027861393 9.27131156176438 13.050212401715465
24.15010651839547 1.5869580311404812 10.26374652708537
20.50340712315598 12.71063441586611 7.3837781511033285
20.341731431392354 10.83089863521936 6.262313499010373
7.934168351063128 11.725098710017976 13.364367073344198
0.4483779871186028 9.02903441870648 16.71658639910991
3.3060060646565637 12.492391666355536 13.599522765932866
4.454859534843011 5.499062641628465 13.63776708999506
0.8025077578295885 9.719569155654415 14.654039105503731
1.7025249629741377 10.319273101913808 14.789774911038878
1.0947752611539239 8.78264146041089 14.17985960312687
18.31093663578691 5.293032913122969 13.704036875152916
1.2299508851070458 13.46999949978991 -3.3499999104481706
1.2299503974982935 16.30868296553923 -3.3500001228066347
2.4590397481196797 15.5994130400047 -3.3499998935294206
2.4590442626519553 14.18052046894518 -3.3499999967733443
3.6809556308150615 13.469479810840262 -3.3500017296121456
3.6809597546928363 16.309196325130998 -3.349999903420061
4.91005004812624 15.599935131652952 -3.3499999198460353
4.910049151274203 14.180000522636872 -3.3499999967953507
6.139999992463522 13.470030715147592 -3.3499999370179765
6.140000003140082 16.30865188045469 -3.3499999319615936
7.369949948330263 15.599935134444786 -3.349999961721731
7.36995089445674 14.180000484957985 -3.3499999288452855
1.2299503355626245 17.721317061284616 -3.349999964321426
1.229950873999493 20.560006174126656 -3.350000010525883
2.459044343752419 19.84947986159695 -3.3500000922261663
2.4590397273980664 18.430586925599837 -3.3500008930661442
3.6809597828567435 17.72080366897789 -3.349999963229955
3.6809556629738163 20.560526360942536 -3.3499998846456966
4.910049075236059 19.849999733358015 -3.3499998927173005
4.910050039987993 18.4300648945937 -3.349999908251072
6.139999997164373 17.721348121761814 -3.349999921203853
6.1399999972967345 20.559974950758047 -3.349999897537667
1.2299507451287723 21.97999133063615 -3.3500002097843886
1.229946087305857 24.810544230735843 -3.3500011375717706
2.4590053583537284 24.108918184746376 -3.3499999284892503
2.4590445234003817 22.69046346373878 -3.350000008645204
3.6809559682356516 21.979471054356594 -3.349999930787644
3.680994651948857 24.811081778760073 -3.3499999232572844
4.910054047246398 24.109455629789245 -3.3499999857518805
4.91004907977111 22.689945744635498 -3.349999883998458
6.140000003737375 21.98002264807038 -3.349999892253118
6.140000036529278 24.810510158521673 -3.3500000265752305
7.369950862184273 19.84999980126916 -3.350000136268423
7.369949869881585 18.430064821252756 -3.3500002585915603
7.36994595279063 24.10945565388327 -3.34999988733776
7.3699509248203965 22.68994574802165 -3.349999877755838
3.498461702352303e-08 18.430033186133457 -3.350000003042953
5.2185784702466e-08 15.599966845879305 -3.350000244461847
2.0527014245692187e-08 19.850030923792875 -3.3499999166044425
5.3646733883585014e-08 14.179969256725876 -3.3499999682377
8.083208180580398 19.04222433454529 -0.9140397459574823
2.4835216960816613 18.61283518244512 -0.9243343677230198
3.716142574602278 13.043360808081301 -1.048437719511901
8.59904434700374 13.469479547873634 -3.349999897642605
8.599040227926517 16.30919632779932 -3.3499999096488278
9.820960242299867 15.599413039459508 -3.3499999048327456
9.820955678817393 14.180520420211394 -3.3499998927090524
11.050049115010056 13.469999492011747 -3.34999998170968
11.05004963764293 16.308682951659787 -3.3499999301618266
12.280000010818913 15.599966841340015 -3.3499999311989983
12.280000008852232 14.179969276395736 -3.349999892617288
13.509950887436267 13.469999500549756 -3.349999894145933
13.509950353499686 16.30868294946552 -3.3500000251195705
14.739039765392606 15.599413034155413 -3.3500000318840506
14.73904430865772 14.180520425902454 -3.3499999155077056
15.960955651107593 13.469479553583904 -3.3500000819613716
15.960959766185553 16.30919634467853 -3.3499999717627773
8.599040247145531 17.72080364179545 -3.3500000190313193
8.599044328195879 20.560526386490352 -3.3499999733839223
9.820955628169811 19.84947978842214 -3.35000005531926
9.820960244435625 18.43058698666855 -3.350000021563937
11.050049640326712 17.72131706247825 -3.3499999292826854
11.050049067984125 20.560006178437614 -3.3500003816218604
12.280000008117215 19.850030878039597 -3.3500001617621775
12.279999993238226 18.430033165819456 -3.3499998891253346
13.509950362340652 17.72131705627982 -3.349999891658424
13.509950892151592 20.560006195835832 -3.349999950415575
8.599044018089602 21.979471065669713 -3.3499999631343593
8.599005353421756 24.811081768418862 -3.3499999113196486
9.82099467633016 24.108918213646565 -3.349999853447282
9.820955476322107 22.6904634747406 -3.3500000427314602
11.050049228631622 21.979991383471322 -3.350000148526969
11.050054043516417 24.810544339496285 -3.3499998587349253
12.279999978894734 24.10948982174001 -3.3499998702039813
12.279999981954647 22.689914820963537 -3.3499999577617268
13.509950751301789 21.97999134820139 -3.34999991930247
13.509945933115482 24.810544360770184 -3.349999887969145
14.73904434877073 19.84947979349039 -3.3499999148182837
14.739039755255716 18.430586965619 -3.3499999026356475
15.960959774126087 17.720803668075803 -3.3499998964471955
15.960955689484981 20.560526364634292 -3.3499999121876165
14.73900532509456 24.108918228633527 -3.3499999055826013
14.739044510747659 22.690463440876396 -3.3499999145497474
15.960955987420792 21.9794710595056 -3.349999911020273
15.960994681711801 24.811081800182148 -3.3499998875443717
17.19005008557426 15.599935167479485 -3.35000005465109
17.19004914264195 14.180000460511796 -3.3500000726274326
18.41999998721501 13.470030699439889 -3.3499998967230926
18.419999995862486 16.308651888129333 -3.3499999024239777
19.64994993896697 15.599935144533177 -3.3499999123330015
19.649950884847566 14.180000492035305 -3.3499999138785572
20.87904434286194 13.469479560864524 -3.3499999084845222
20.87904023027071 16.30919632228726 -3.349999917475638
22.100960255377135 15.599413044137417 -3.3499999030524563
22.10095568697829 14.180520438835227 -3.3499999053632123
23.33004912687689 13.469999505457258 -3.3499999365775004
23.33004965265986 16.308682937500038 -3.3499999084569665
17.190049115032103 19.849999729952476 -3.3499998954165546
17.19005006169501 18.43006488110118 -3.3499998987367183
18.420000001046812 17.721348124435988 -3.349999903388051
18.419999976936143 20.559974953004463 -3.34999999578549
19.64995090300228 19.84999966528645 -3.350000222291163
19.649949918207557 18.430064902980146 -3.3500000147685984
20.879040239328116 17.720803671895005 -3.3500000719324996
20.87904438537876 20.560526382364465 -3.3500000458795895
17.19005406521699 24.109455665401775 -3.350000067728136
17.19004912384957 22.689945739195736 -3.349999906537766
18.420000006675007 21.98002266115721 -3.34999991595558
18.420000029896915 24.810510171065246 -3.3499998976695755
19.649945921108007 24.109455722927198 -3.3500001808137227
19.64995085651516 22.689945678584973 -3.350000525158837
20.879044071158834 21.9794710569135 -3.3500000328484445
20.879005327982362 24.811081770696084 -3.349999970010251
22.10095563061479 19.84947982447839 -3.3499998705362355
22.10096024337968 18.430586989723395 -3.3499999124311266
23.330049639788175 17.721317043954393 -3.349999892765485
23.330049104588383 20.560006225236148 -3.349999877572687
22.100994648516018 24.10891821764035 -3.350000124634769
22.100955460718225 22.690463420037414 -3.3500000328157364
23.33004921264436 21.979991357068233 -3.3499999253918533
23.330054048953144 24.810544333543557 -3.349999914628526
19.785129358926742 20.871221885853995 -0.8891289775911404
24.55999999741999 19.850030946598846 -3.3499998823315247
19.98116243514485 23.189171973183253 -0.8623920972119026
24.55999997342137 24.109489842815815 -3.3500000023860323
24.559999961852007 22.689914787178886 -3.350000123738377
1.4315213393184307 14.029741209435056 -0.3625205707508661
5.224894817613214 25.042052705030954 -0.7156911064158811
3.5984640912209778 24.288326580691518 6.022798188532063
2.813425563989189 20.029210661972314 5.851596450661951
4.560961286665537 19.605665538573795 0.06682115679754519
0.5801625137217581 21.418669859696806 4.604018233067967
3.927032573249657 14.46649425622835 0.1549012894600399
3.653371566945379 19.698025040593933 5.398930131764031
2.444997593817206 23.678870131178545 5.686014708798019
4.06846156612064 18.19891388050957 1.0597996132516152
0.6074076931546167 16.285422310588007 -0.34287466331620386
5.289371499277692 24.706834901332112 4.715238505760361
3.5090889724666576 24.194160507482746 3.873368580374766
3.032015127474813 14.911946491171738 5.21968537363576
3.7282637008975845 19.842100869791704 1.5926375569940543
1.7484588438094055 18.43646214599664 0.6666302263981128
3.694735397017106 14.90427101024463 3.9776532630807147
3.1376831294077303 21.868293408426094 -0.407418764859806
1.6847808559944595 20.335860279615215 0.0837645027725531
2.1327847870354653 21.56091480562009 -0.15822463164563372
3.788726266078708 19.195221951360093 0.7174279003303841
2.411756824544673 19.05996133577416 0.06714332089172381
0.5713721111850297 15.635961413980404 3.203543468804334
4.892957116464373 15.572681613066088 4.15418067511185
2.854798586167272 15.544974455106178 3.0564964965938
1.787011025212162 13.543861078160878 1.2928164839580392
3.7376663865758375 13.612574022460995 3.485421802458577
4.709098655578372 22.546213906617602 1.3949043241364334
2.3912173499843274 23.705059771703844 4.340944750853328
6.116840870345681 22.353870700825215 1.3708698447557066
6.202658712593516 13.182299037351635 2.679272661799609
0.916538984732648 21.766048105424524 3.6271460693663107
1.2566834952247647 23.317215760785977 3.550184247629314
1.4365853114636082 23.428875337468355 2.4809473814782623
5.0617985383497315 18.610965368205097 4.146962451192855
6.6639993035469995 22.643025807080196 2.5854071575426674
6.352304597621284 20.996037688571864 1.0851811474768325
0.42018606016964305 23.963281644167992 3.8165879189268823
1.6917525287168387 21.146172781250336 3.1767034605806743
6.6609581011158125 23.25325431076559 0.47483972787589646
5.538655131672075 17.86439227491845 3.5291951764363416
5.713055896228882 19.637355324974557 4.782061231379927
7.208601729626137 19.789050883194818 4.849122436312475
7.581828452396365 20.085281355317857 3.868791206014409
3.834298225683047 18.54721422575805 4.677228046543501
3.860890651248537 24.335567761569216 2.8621121503863147
4.805171534131966 20.260240169329922 5.481562257437785
2.962052494866328 17.94304905904106 4.475803529137428
7.285419172981313 23.6377080051152 5.929796000242998
7.518971532233089 20.54813871236337 5.5671448964691495
2.012535969181605 13.337287376773688 0.24660149376992013
6.582425567993696 14.536334149181046 0.3006567489265466
3.4813919405455303 13.501820197858413 -0.08780921227658944
7.2045710780553 13.298513343097786 3.0653631266502135
4.322261465300667 24.441950963368775 4.83621239310127
1.1740046457038593 23.34577315098264 -0.4756732549151299
3.957713722911346 12.85035346512277 0.644863058376054
1.1117961339488285 22.373725741434132 -0.20855168229240495
0.8590921184160927 25.08054544637041 -0.6879592234969811
0.5787778583392938 18.19513113292031 3.6856424916527786
7.391664697629932 16.112800461193068 2.0599694503682486
7.531296659549283 15.072069926027282 0.27362289941204043
7.572872190531802 17.611962617543035 4.592584126622121
7.856316260430166 18.432132871308752 5.252190231797717
7.286036352898716 15.948429034902077 -0.3263288438810197
7.884262308933288 19.276647362843153 0.8300216402648442
8.042310185952731 15.328411135798497 1.6733251244767156
0.3266826655721997 20.352963428258377 0.07497874644020297
8.183047190418664 14.139325625765544 2.5603803872222883
7.536462847486726 18.12330233255683 6.247387444698194
0.19638154149281584 15.139798298624083 5.390599198800233
0.19807805626593478 21.692236238493052 2.8107725625840265
6.6053560654338375 25.46805079724722 3.6622072385360327
4.915739250477913 21.179007014535564 6.038376646653743
11.172994800914068 25.47032360675817 0.24073442754863006
8.42733042856759 17.6906195332419 0.30758237367691676
8.24067633017408 14.399186846324964 -0.20815385856223778
8.460327992591747 18.75321569356087 0.06695701896936579
10.381851227831138 24.79769942224575 5.097249181249344
10.423555632977806 18.463822867602186 -0.5505377770405107
8.658712014587179 21.666715681275004 -0.038394166564400534
8.633736483134827 23.71682031620852 3.8816707883029378
11.237631881130662 14.05423148787875 0.0051573765608903255
12.793035006393671 22.623448920852184 -0.378892128404541
10.175706960049707 14.338710535461114 3.1803593155492527
12.609552595974183 24.310960905454657 5.256671980598311
12.544452441442186 20.01407499128493 -0.4872186599398809
9.01101206559428 15.777224236789541 1.4535901276411711
10.36848280441181 18.84425889194957 1.1684237114184826
10.193734138641044 23.547587445651036 0.029122074135063958
12.730688328464245 15.106440427206227 1.7533729857127622
11.790362821186033 20.7647950189204 -0.30237200809720033
11.567902758768849 20.102267808547758 4.435460935539042
11.865718470267478 22.110910235679288 -0.1696359744783682
10.859396787977742 21.052280237532205 3.7016866640236534
9.907995865698366 20.446151585102186 2.8849847309894194
9.725879698653587 21.60215351333954 -0.191315259131275
11.83799545027547 21.649941267059678 2.8271193893632396
10.602041956795663 22.628694935902498 -0.0658583509876165
10.348002624290597 22.007850229612355 4.599613428249447
10.438224037166723 20.469431631171133 -0.15370224772859764
9.930876638845485 19.083026090997755 0.19909865299520324
13.75406831927506 16.454025476561082 0.24995844175207838
12.671513900642603 16.604126410059976 5.952607665814548
12.540554679153907 16.154511522181437 0.8759558183186822
11.590079173931136 15.685638624720134 -0.07608739396068653
13.08826571227878 18.50344437494548 3.7274838928497376
13.687912409535498 22.96460180299743 3.5176012394028833
12.128873567468382 17.28764033064131 1.4794254593838119
9.948981323038696 24.459715380252238 1.7594210593721749
14.256468239584734 14.307708741511323 3.533030957285125
11.934136590575832 14.971913219867913 4.7104689284949375
14.396329576395527 19.904086430640266 2.047590345483763
11.526509974700616 16.113160991761728 5.357375261520363
14.39767570486526 19.616119026772335 5.677514858477339
15.038666751808023 16.486384366367847 4.315064598669282
14.582291066738293 21.524137644294164 0.4032480922322612
10.996864449010095 16.963673400307187 4.30944862682648
12.236470202845506 24.63630241428442 2.1358278988893584
15.111449534546976 20.310065225695897 0.9868951268617454
11.063302998727735 25.2970803313439 1.6294367760545403
15.174878447049784 19.197485599557037 0.11127617305601856
15.287766195989533 24.487360782150084 3.969279230424083
16.117952444598103 16.977489936541616 0.34567902411528517
9.26060673423341 13.76576946559045 3.2073798083040748
13.461981381875542 13.06211458023789 -0.32969269914707056
11.316124607487044 13.050252776459105 -0.0720801713708108
15.519774745918648 13.85089691739029 1.43920860925424
16.297831919300023 13.676245293759838 0.316964717675855
8.941257316947711 18.332228681380418 5.284159853204889
9.00574649133712 12.81269047642713 4.1312288379254625
16.1010626103106 13.118433140592415 4.71163484687046
16.332497067003793 14.872070273256085 -0.4846767533216423
16.229183504805594 18.358340659353757 3.636776642424755
16.3256578610948 20.63236350688174 1.5477410256750657
11.594100165026267 25.251232781605125 5.571344523195134
13.593409356055457 21.609926542741075 5.352313001012576
16.287664436247407 22.740781224847904 3.3750017722059544
16.26315245715476 16.960746547452786 3.8756701465823715
14.465166102952335 20.91197954607429 6.149027847561047
15.703791448273458 21.53873770684234 6.134893287195692
11.177865175654151 22.146506117211285 6.188633169405931
20.427244841790735 18.06935947677469 -0.3272629853286857
23.826576075135296 19.66666495879236 5.095647465032948
21.16473699250016 21.160946542586863 3.9545911075708498
17.31140052382021 20.591828884747446 3.623309011318172
24.383895200309837 19.44589763736018 3.8724422689523164
19.44741783715624 21.388909442297496 0.008674186719254129
17.406433691394927 14.25915964582084 6.068989784485348
22.971485724004733 23.477813590825647 5.583545954821281
20.113974392564955 16.209290946608846 0.9270452774863047
22.70318014611919 23.514791487116973 -0.18274221899081788
24.342551444701378 14.804481522397081 0.15755127245822842
23.28061263664855 17.821915594403055 0.38210654372782704
21.974779547967135 23.55879838774027 5.4417070981667575
24.534667468605264 21.053840432163984 0.33753611839629216
19.955334178207888 22.244305243996646 5.587005101671581
18.463353904394648 19.882377952009033 5.933042461048569
19.41931185061021 14.396265400196654 2.285851483542194
24.328441542160302 13.734078185696452 0.014591112392809968
19.668377418101496 20.849804936076797 0.9298925077286979
22.406730412059783 15.219232329608259 0.19962669936286703
16.511876196919314 23.977149530402833 3.8879845780693967
16.93301800302431 23.84169163771686 5.171926439653336
21.31424499320279 14.528749009317979 5.628108304223179
16.66864885453794 16.371117125454962 2.686070569995136
21.83771049063813 15.115562011860865 4.452974541662314
23.444290130247932 19.37443304098368 2.8310195120917903
21.482350649489494 18.650553738152343 3.8237902750037978
21.49544797172316 13.264990048822051 0.790506407512418
19.92149748733933 23.300318090620824 0.8945028395838728
18.30715007973458 13.515859864743975 4.153220673458238
20.300620287953354 22.16565283447661 4.260456258317104
21.754342270244063 22.5027804453279 0.04860947864949616
19.80678549508784 18.277702921914045 5.438779047425053
19.73112240677621 17.55973359226867 0.760592647369831
18.39590628838058 21.651297340742687 -0.10784213670197107
22.727625032470943 14.339784278959083 3.764396275628452
20.920459055357444 23.32314593121574 3.865602662695027
22.076928929579335 20.518801919676864 0.724438862395318
17.39838118287642 13.277573454535649 5.1569900916632685
17.320602060578313 24.792224971218648 3.166870638242225
22.501136437919275 21.41820459918735 0.30310430422011647
18.376742748609622 17.57649194273552 0.42036586335610804
20.26733459966221 22.68753912559093 0.06203744536570688
23.328484904472397 15.626995699130244 0.1348371166855511
23.794956716261094 21.715511525708784 0.1501344996024745
18.841253543829083 15.96727420895451 6.235564353810181
23.77095544289508 22.37996112300201 3.840981499852476
23.956471354083725 22.95943945818885 4.733275568869808
22.503228727628535 24.55483378818689 -0.39424030934165244
17.562587676896353 13.48524968211029 0.87929718934186
22.57123604930002 16.174038408634402 4.840842421451741
23.85097721247321 16.914249695871444 0.25085538481390723
23.947873239020076 23.018308699724326 -0.22249488798302575
17.231540799468277 16.789983531772553 4.905511601066017
20.790312790377175 15.479197940196002 3.6180969651342942
19.1553209724539 21.903515903089293 3.514393006858115
20.014254630553978 18.341461015918497 1.8877852425712949
19.385609176831302 25.251046183559694 3.7872907807099567
2.0707069718400044 20.627074413724127 8.357045917113995
1.0969737217655027 19.844148539393068 8.993363368110929
1.8367254987503692 21.932745090727202 8.768502928479533
1.713051497205184 20.450098987583115 7.025880050058752
3.276778174201227 20.150673324026847 8.657647979835922
2.439486159148535 16.41863162619426 11.14992889533065
1.3719037508417147 15.884944583099845 10.412996545237252
0.5633787730414628 16.43827459122854 9.958559242246302
1.686360256496594 14.603475992681298 10.220943983848631
2.8365564184225116 14.383496055686471 10.894744753089974
3.3418117186790957 13.515456217728868 11.0011586678589
3.2992246052294463 15.44401391674017 11.414901583023898
2.459432667628757 17.781693129798683 11.699082933942012
4.954270443127787 23.667420294341916 11.018336421965087
4.3217716648571605 15.560062861726689 11.742514392753666
5.30462106136021 22.345154705139798 10.782495595617787
4.635470772537078 21.49743210933803 10.780423997426553
1.4856787790309436 18.27047617768955 11.730618580720902
6.1439591755750875 24.367993775122134 10.992122345502754
6.661254470078969 22.304142660813483 10.496165598877786
7.157634676790132 23.53573216667349 10.652267124436449
0.2965129476601254 16.97253004253844 6.852051902474323
1.1296616707914382 13.934993138262262 9.580930423219149
6.2524876343488165 24.117169855798394 7.870420121111882
4.05795159861374 13.298527603528102 7.914028773049571
3.1621078177926067 13.894986022828212 7.824021693819737
4.0080534415427165 24.10995815422176 11.292623914056612
7.162393390750049 23.293585028564365 7.312831030506324
7.2164594527678325 17.660951134950448 9.422844391580687
4.538308489562465 16.33568293353926 7.883888836370264
2.294326906014898 25.40637541000292 10.333293257634526
5.629906534196281 15.305093797954322 8.114296651854575
5.244002681217217 13.814145794326011 8.091976547176987
4.005389165251046 16.022717599317094 6.986030443443532
4.048411211298313 24.56596250829446 6.964533756953052
3.098315314128397 18.35476587460714 11.027133089353255
0.19715177354490115 21.403513589316113 12.976956678302065
6.8459699185119405 21.952999222019663 7.328175932599834
7.108651290757239 21.441320299646527 10.221440904121172
6.113270732882883 15.488753010270564 9.073842557795789
5.077822233814489 17.26217537667446 7.687326702329857
3.8486789721209953 16.608813472200186 8.682582042483558
1.5712854485657743 21.846529261652254 13.102302433919707
7.237879817918633 18.15445841798448 10.834337783302963
5.943370924699552 18.222158616443245 11.331236331146474
0.6364832014064044 23.335671427792565 10.004638190445991
7.22356312272797 12.976716397184022 8.23272396377418
6.378337280285716 15.438676995765393 7.333203220690421
7.848103618973215 19.408085162554602 10.878161705905505
1.6493118676453933 23.269136009038995 6.290499757635313
8.113356775467388 23.93862192426008 10.351144037798363
8.01046284380701 17.276522659276026 11.586350106891187
6.161235764809711 12.798153997814552 8.155419021224283
0.12490909222623547 19.987830133599974 13.055716771736627
3.020701373059492 17.990900768032304 13.129031347131194
4.034797765418159 18.390529940346646 13.126788216949416
15.90624277461058 12.858312680900806 10.491921416022103
8.423123835182528 23.556594942587644 7.908886309957438
14.539455646006186 13.44057218557219 7.436632958884596
13.653415076083332 13.183052023234797 8.937035791145934
11.703035743183293 12.89808107916071 7.931965019890014
14.22872545573685 19.10385492695436 7.722262379913648
11.707967958578408 23.398733576128635 8.139981686901821
10.738488126742213 21.75035276713761 9.29782449578224
11.234015312510932 22.433778627010216 8.243087626752136
10.25413173344085 20.550362857813486 8.777895070246016
10.180168402719177 20.655815320022043 7.430549644496315
9.999076043074622 19.650124770192438 9.317263200932905
12.135422211523275 21.076232848581164 11.417683696632144
11.036104107563064 21.991112106015873 10.708984289750012
11.321767957017709 23.022189671731926 10.917251471406098
11.733911281461546 20.062938700619814 11.40655074207428
10.8518831180276 21.887660578202834 7.108869380784172
10.138961964449638 21.77057869713862 11.28743134090388
14.375060621358793 18.430925673232164 8.461080516316477
13.12827085977488 21.00690195190967 10.973223586326501
9.88291879410874 19.98949522828843 6.634270669837113
13.572408037074599 17.463954310833106 8.88404812060387
14.097821290688014 16.66674118825189 9.75618771096598
14.54648701746925 24.909079673597198 7.644633771089206
15.542945848447694 18.03099351232813 8.978567937579845
12.060357765807048 21.337794159268075 12.473169845196125
15.39037423500917 17.078770946395174 9.875264666662607
12.465705583733543 13.331958750610582 7.285292861362236
9.664927565380315 13.937273255641282 13.142637010636907
12.587885624567662 17.446203873492994 8.44042605034146
13.67938350816736 15.844243171896327 10.317264207756097
15.377900549068464 22.463140175484792 11.223449238715025
14.247594644131672 24.504471508330976 6.768816677370827
15.169238588639866 24.77534402900671 9.771134408977337
15.018650824958433 24.167797274907436 8.595746239422262
15.468927354112392 13.08525159924574 12.761601391895882
13.926028467524791 20.876699112805444 7.4435438420409215
12.182013279478133 14.37900350707008 7.391669337042749
15.490709870700185 23.32063469856289 11.886832385706613
15.360405249903872 15.501730406395824 12.359067127801504
9.950051259942276 25.29093081553538 11.689491514990696
13.80576234578133 13.307397938495471 11.275343264667598
15.335092100475073 23.174732167659496 8.312750458801668
15.980788458624003 24.41785985893349 10.950386065927734
13.728462201781273 12.874159635828146 7.894417249956796
14.491127252069573 23.620867271637117 12.20114909004407
16.22604562921365 22.993979049158394 12.622140082817868
16.073751442871213 25.252663759470494 11.645051691477168
9.332003829224272 14.6614936622 12.39915426742083
11.399500047462123 25.328046096041128 6.945230998965646
11.726833737500536 14.483022330000248 12.880846345521173
15.640328613683367 17.236879519946665 12.684468997839843
16.057570863094025 16.331606770809085 12.243458618175127
10.604702835065611 15.990309209067664 6.357529428129899
11.095752287473339 12.950414102128265 10.853431639859572
12.313760524684453 12.97398131886315 6.267027248982172
20.072348590651274 13.012010627107587 8.675192210336567
16.54196422214332 18.368901290188305 8.745800623136732
20.55219715098368 13.31311344732096 12.908018084939458
21.672527796403887 24.86656396396234 11.92921447861238
16.458181309782994 16.472699319656368 10.724052843485701
16.677135811435168 15.452812492688203 10.407841224380151
23.64813573334212 14.380827092370996 10.644528577829949
17.366518258480266 17.062295869036923 10.59995651844164
16.98445806398143 24.13552158899423 10.63253008451986
17.770601181478163 20.512422153399545 8.979712472480063
23.10554305675549 24.054952512895785 7.619518224566988
22.52876016782851 16.704514636753167 7.485038253027881
19.60391030547741 20.28393361959224 10.352547877452782
18.243232317753364 20.473384569615735 10.27541885837587
20.39028347449247 19.424898358195247 13.23372355209278
17.903967361742165 21.581753147494396 10.989358984581411
17.589073386183266 19.44001164821119 10.814249181934505
16.885326695635143 16.091036751469048 12.910576559399164
22.700864992717772 19.424829761284876 10.40788504549558
20.127520113516507 14.031249314489264 9.0280499737258
24.341753757790613 20.352735664401333 9.297646044608804
17.952548461142044 24.01717657051291 8.209959226613883
23.182373556959078 20.67871265909932 8.661121470954248
21.199129980977716 20.203794077501367 9.261372926014932
19.877377572258705 23.140911986410647 8.319688391844544
20.33981385788146 16.08952600466012 8.01920031192808
21.69919873622097 16.773876252521305 9.615224929416568
21.66545854985516 16.13532967340872 8.420442099340868
22.19508220447793 20.119247746268023 9.406393911231593
19.350804339030255 15.420106589177301 12.606964694121594
20.113793421004925 18.38357308954018 13.308522851333818
20.367595654532202 19.82622840454859 7.125001307075186
19.457668383750367 16.343075334785283 13.002955565946646
19.593186157478797 17.683913364089985 11.224420943809635
19.653309845651574 17.55067535513338 12.294482986433884
18.202329513935073 21.72667780997939 7.239399545908533
19.28203746837177 24.309353259334515 8.027987828583907
18.638322937987326 18.145506353481796 7.349573290614165
22.19449959522375 14.80363769047648 8.483352310926422
22.171323439612067 18.853504645510025 11.155931404689598
24.071055267843274 19.543461024235157 10.369954182503466
23.573624699856413 23.69207049677375 6.716403493345126
21.338524948503164 14.139377338657486 12.227548907384664
23.04167467943857 21.28573492950117 7.779005951931016
20.762414515171635 13.469113780115586 6.7691854204211
19.35886522377394 18.999028418157753 6.485948210554674
19.893625299572122 23.835047170589075 11.459476562779734
20.738568985968552 23.721430117720878 12.138638791327956
21.196302679285342 22.751986295318197 11.941766898993809
19.186132238536974 13.526066668250571 12.590929524319494
19.32065980187673 22.756228672306655 13.290849210207728
23.846197624614884 13.330438669674514 10.490075838852812
23.95339708201208 17.240719985265745 12.225481124354177
19.378916659108505 24.880711002226718 6.769320062310994
22.90151318841181 24.905744503412365 12.54907368379558
19.56615984044125 25.236390178915325 8.950568532966521
23.192266966328724 24.11021458756151 13.2191441230669
24.515304657827606 16.85687288132054 10.524585324895853
3.1194516948751767 17.069270662669528 13.702569770184436
0.4780107996786179 24.66046433259594 14.063481042353885
2.3577160742565444 18.60982979946785 13.7335785725062
9.079261958088445 14.09609378632335 14.048104755072412
11.044031491234858 14.24809583419072 13.697357603263104
11.015599247014762 15.187905734122744 14.24876395077851
11.580057236495637 13.568285029094042 14.35965185036642
21.860543970591014 17.758555944425357 15.819391220022696
20.938524200604867 19.250927698374607 15.66033376112176
23.2349375861618 21.09822742480026 14.405981170397844
20.287502734286484 17.70122254764968 14.502299585159921
19.264786809869683 24.418620988474768 13.534896524879374
22.355887823088405 20.44375905412389 13.524879964477538
19.981782879052478 23.598645229822843 13.49419772990554
23.802229127721198 20.030096323931726 15.108618870477798
20.776351951056064 13.396488566552154 14.244222942175245
24.155736230952325 21.781494504742582 13.604986824812501
20.36431933689563 18.28173564875004 17.860715123978373
20.54077970838338 23.50927922189955 14.425667676611539
22.48841380820325 21.908708485328066 15.175696794489145
18.95020276179757 18.010839608313645 16.752583354802347
19.785748293007245 16.50078502713978 14.272152517500425
20.017429654589485 16.694072844446872 17.127848754026473
20.855751213094898 18.16494893591777 15.703908531455912
19.91311678235491 15.704828670933681 14.990922819338286
19.99092072854574 17.772578911528264 16.972214759897703
1.22995095841877 26.230054366004616 -3.350000244677065
1.2299509076655881 29.070000270653743 -3.3499999149016304
2.459044324896778 28.359473622025227 -3.3499998991610203
2.4590440283026163 26.940528943914398 -3.349999963703442
3.6809554605459365 26.229536550329176 -3.350000069673288
3.680955645887158 29.070520192535685 -3.3499998998387595
4.910049118402083 28.35999379258805 -3.349999901147732
4.910049233345697 26.940008694525805 -3.3500001213186623
6.140000027603002 26.23008520522419 -3.350000133985638
6.139999999193606 29.069969050648613 -3.3499998939728415
1.2299499456119471 30.489935111360072 -3.3499999841961134
1.2299499440495762 33.32006488049914 -3.3499998928324493
2.459040226975021 32.610803684572446 -3.349999908645308
2.4590402218020664 31.19919633163121 -3.349999976550416
3.6809602432311923 30.489413015732985 -3.3499999664236837
3.680960239337029 33.32058696062756 -3.350000042260559
4.910049640859449 32.61131706739589 -3.3499999031519967
4.910049638886698 31.198682963744467 -3.3499999094682242
6.139999997134425 30.48996683983751 -3.3499999073156683
6.139999983876348 33.32003317457341 -3.3500000383017814
7.369950859797757 28.359993790646676 -3.3499999694387905
7.3699507494178444 26.940008686414526 -3.350000099550896
7.369950366344242 32.611317063583925 -3.3499999944201786
7.369950363245214 31.19868295970387 -3.349999907869746
1.2299509082814502 34.73999971977725 -3.3499998962370734
1.2299509192032136 37.57994576090935 -3.349999894937122
2.459044031739088 36.86947106021486 -3.3499998975571446
2.459044328574439 35.45052635974567 -3.349999893387131
3.6809556481332706 34.73947980948469 -3.349999970527733
3.68095547737454 37.580463451804256 -3.3499999061811647
4.910049242404992 36.86999133604407 -3.349999914514019
4.910049124256739 35.450006180565715 -3.3499999121549084
6.139999985863546 34.740030924630446 -3.3500000396529184
6.140000001345729 37.57991479443299 -3.349999897491671
7.369950769606656 36.869991340235195 -3.3499998956273935
7.369950882343386 35.45000619682789 -3.3500000430385555
1.1428284241337862e-09 28.360025048073407 -3.3499999175027027
8.599044554297171 26.22953654015728 -3.3500001542654134
8.599044366836605 29.070520210362197 -3.350000004860009
9.820955708195717 28.359473635594643 -3.3499999504007407
9.82095601918415 26.940528923719157 -3.3500001300529436
11.050049094104095 26.230054254661297 -3.349999865159149
11.05004912021305 29.07000026214764 -3.3499998727351454
12.28000001283653 28.360025046664763 -3.349999874180255
12.280000004104714 26.939977372627453 -3.3499998623802094
13.509950909635615 26.230054273172982 -3.3499999305798625
13.50995085733587 29.07000023659402 -3.3500001391987677
8.599039760365127 30.489413024128066 -3.349999912029115
8.599039758174818 33.320586985008795 -3.349999966869728
9.820959773434073 32.61080368860963 -3.3499999043799633
9.820959783625051 31.199196325460065 -3.349999909668834
11.05005008045427 30.4899351067189 -3.3499998888765026
11.050050054583744 33.320064882768456 -3.349999908651763
12.280000008067539 32.611348099118594 -3.349999913105713
12.280000017221367 31.19865186939005 -3.349999871731022
13.509949912281366 30.489935134206565 -3.3500000219925417
13.509949965075165 33.3200648637399 -3.349999952860637
14.739044291402655 28.35947358416099 -3.3500000742479363
14.73904397857647 26.94052894671035 -3.3500000062211868
15.960955468086551 26.229536492524463 -3.350000097900062
15.960955667623697 29.07052018023086 -3.350000113160221
14.739040223364267 32.61080367315746 -3.349999876698717
14.739040217100388 31.19919633673671 -3.349999937897288
15.960960246194047 30.48941304382734 -3.3499999730707875
15.960960238622881 33.32058698716525 -3.349999889757569
8.599044364074526 34.73947979182082 -3.3499999957304727
8.59904451503269 37.58046343522227 -3.3499999067408104
9.820955964559513 36.86947105059221 -3.3499998960785526
9.82095567728946 35.45052636089345 -3.349999888410112
11.050049087175267 34.73999972781795 -3.3499999130057203
11.050049082721562 37.57994573834769 -3.3499999059164787
12.280000004155868 36.870022631493974 -3.349999909059569
12.280000001533041 35.44997495512219 -3.349999950531423
13.509950938027766 34.73999974257346 -3.3499999743855735
13.509950926699263 37.579945730646934 -3.349999903719966
14.739044048448442 36.86947104938047 -3.349999900614189
14.739044330028081 35.450526364258586 -3.3499999020162283
15.960955645131996 34.73947980851828 -3.349999971252373
15.960955481505088 37.58046345417302 -3.3499999473922015
16.06714198973483 27.312409811037774 -0.8741657550904158
17.190049110146166 28.359993814782953 -3.3499999405130443
17.190049279802082 26.940008620309445 -3.350000030854372
18.420000001935023 26.230085162631834 -3.349999868587611
18.4199999860139 29.069969067818604 -3.34999991770084
19.64995088528174 28.359993792151162 -3.349999920920218
19.64995075212485 26.940008635391514 -3.3499999807490988
20.879044546256686 26.229536515476536 -3.350000065198935
20.87904436390546 29.070520197324072 -3.349999927687095
17.19004962836987 32.611317070814145 -3.349999883549847
17.190049618543267 31.198682948957213 -3.349999895281229
18.419999986310557 30.48996684095719 -3.3499999221153063
18.419999988306213 33.32003319044341 -3.349999880417741
19.64995035564179 32.61131707046212 -3.349999909457221
19.649950361991504 31.19868295363999 -3.3499999188335883
20.879039756226128 30.489413027795223 -3.3499999481213907
20.87903975746719 33.32058698831313 -3.3499999177792983
22.100955688507895 28.359473621656676 -3.349999917139439
22.100955972528997 26.940528917872683 -3.3499998976822587
23.33004907589828 26.230054226095227 -3.3499998811712395
23.330049109403056 29.070000265239198 -3.3499999574469497
22.100959780362974 32.61080368223451 -3.3499999102495615
22.100959771434244 31.199196356573328 -3.3500000482259606
23.330050104684204 30.489935125919544 -3.3500000836312873
23.330050060833802 33.32006487633236 -3.349999907283998
17.190049151710586 36.869991346370725 -3.350000453744506
17.19004911973965 35.45000619307042 -3.350000004126837
18.41999999502454 34.74003095573826 -3.3499998889564706
18.42000001886271 37.57991486556463 -3.3500008751156773
19.649950792243395 36.869991342457546 -3.350000019639471
19.649950859742425 35.45000620974499 -3.349999863758412
20.87904433569882 34.73947980882064 -3.349999887086078
20.879044483882623 37.58046343985283 -3.3499998729225435
22.100955950505323 36.869471058352225 -3.3499999037047914
22.10095566951167 35.450526367328195 -3.349999912893704
23.330049098684302 34.73999972397358 -3.3499999205001254
23.330049083411673 37.57994573681386 -3.3499999500397415
24.559999993353287 26.939977348459728 -3.349999907677894
3.977051527178343 36.410954694253256 -0.5207913789708007
3.9980406090731337 33.78871803300796 -0.6545317576893028
3.8704338211224494 26.738439370095232 -0.19037125837927382
2.243722396042688 33.61070924632468 4.0815307010138655
3.7709992133478405 28.7434995015627 0.6158315624701405
2.3489460398526667 31.987351451059006 1.6546076340774452
2.3261664212119544 31.11602564425098 0.5908198834100087
1.817990830115394 34.73425341903518 2.319261930249774
2.2963525446847015 34.6723458813975 3.2855628806142434
2.8414525267568145 35.66801276792996 3.9560839192296884
2.303810467241086 29.807920008356103 1.0713992956338747
3.43156164991859 31.21736710845974 -0.1776324827094644
0.8151030924068606 31.335219232376257 4.391531324697447
7.280592055301947 31.369723307399937 5.466938453757468
1.1230373422930764 31.175142793492764 -0.18216180534476822
4.287448465250936 27.930266705328016 0.3124628275522279
4.4773094155748066 34.29013230809279 0.1862923239110048
4.1636713000421155 33.783614285425 1.0990741300464246
5.569963081117171 27.92157078044026 0.5365184606823092
2.7889709953920145 35.82622566953296 0.6882304382019444
3.8251230048112492 35.777795225333875 0.35335209387581945
5.583751565723822 30.984230637352788 4.263031502429349
4.320591793744352 36.228537653262585 1.2132601952832422
1.795317257911619 32.729932313873505 3.8735287126688056
4.384817200373648 30.438282222274115 4.395866813407742
4.353693609779787 29.908880736163244 5.618766653676401
3.601108468234518 30.515343065893827 3.65677125160237
3.0143283625478916 36.69210068654743 3.6598443534782135
6.307204311937611 30.904964107119934 5.412945985543108
6.699929709673869 33.506094138442705 3.2700365559246536
5.935091279286026 34.23716652705307 -0.011440296814505535
6.121328176058988 28.704184534631967 1.0364306967193293
3.493370972408666 35.135510365982284 4.9837539641753414
3.0408164799373845 33.8987827985832 5.0656678777559225
0.1741409978241903 26.416570678612388 4.128929292072089
7.134891741115431 26.703601810212238 4.112207171124914
7.546409533681689 26.387685029880977 0.0804762624100197
6.881343533787863 26.78053395054789 5.480437060878787
3.407858305608871 27.628174517560424 5.694737212959713
0.8617097363100897 25.543606543788183 1.5786181153775136
6.140676869841822 32.13909524742714 -0.05722169630993812
0.22063931295312939 29.286063432302328 3.6378995168958603
6.633931036086754 33.09985186518282 -0.05036248656380082
6.05904067024846 26.79634477927082 0.024842485594519514
6.623405333106803 27.861253941844307 3.4498412215674468
7.60105931257492 25.791676310821124 -0.8305050817607462
5.009212462950731 25.9888713795366 -0.2430225973301392
2.880662527212345 26.51892297589029 -0.5626149130201796
2.8765480082998116 27.617751701337752 4.743054107680454
6.805539117059343 34.1188191022838 5.387811614583437
5.874524076361218 31.472053451603212 3.427818805645104
0.6327902754000461 37.59536379353218 3.458343144023548
6.739485743950248 35.24995167623524 -0.027542956826857035
7.327645651158282 34.36009856022952 4.123564603990494
6.519000678563493 36.30657318109244 -0.0641124978857266
7.185389597730599 35.74471063105131 3.70385139150065
5.298849200352684 36.08020792788931 5.192178533018211
7.937018961442853 33.41869688476353 -0.1927544162759698
3.9941580428952617 36.83851671200895 6.100661860351549
7.7025710766243325 30.81948094363818 2.118251962062584
4.46685791300892 35.884172524164505 5.8685368840154055
8.000405163061085 34.79455798209044 -0.08066144065592695
0.2476917513768797 25.861867781020642 0.3645337071892629
0.4000031513131278 27.209948753357555 0.13193716538912215
7.794039786055516 25.73739880216255 0.9194679675423234
3.4139476823405914 33.14398816992071 5.74202442127083
2.365847976021074 29.377925642050997 6.1381447972718775
4.378774233700967 27.19923121639435 5.446886643423373
5.64061643593419 30.155006790133143 6.20048762748135
16.36113437590898 34.72444761631004 -0.03069656046006286
13.458573782526845 26.674409010235532 -0.47816897646443035
8.298263555834795 28.37542574263723 -0.5979770130385686
8.518237450739708 26.62899209771131 3.819379945844781
14.59144692907994 28.12007851761246 5.718042670184672
9.126093773063198 37.50229898668223 0.1946485134573961
8.761129531994277 32.73564888661138 -0.33658487074089694
14.353639876958926 37.22492839924489 2.0784537868067456
9.114611815576469 27.79692264081852 0.8217715990931418
14.781548487934446 36.47369001512858 6.174525402059298
8.61011210078857 27.465231053413817 -0.08573086841392574
9.36791471016674 26.986540807338315 -0.7059653833614643
14.73064588926887 36.11771786480605 -0.32350780086462305
15.47361511960205 26.781208402701715 3.147384396438616
13.885475984846115 27.5956652661681 3.378741415015558
15.280156977833943 28.550086789190363 3.214675047518596
14.074312599615302 31.78236035809085 -0.20036388257057336
11.967036327507882 26.554284995618932 5.050556665643317
8.691967602323544 34.10035249457285 4.093783834458938
14.077213194353957 27.155799847348174 0.2792266535097099
9.753330484164765 37.09250713334828 4.962257302269975
10.786485727043825 34.8314178281866 0.6537588897333091
8.797039842596279 35.40896694800589 0.008640350810487085
12.586196682586777 34.71335808509101 1.803705806725432
11.651933420277937 28.416807162843828 0.9104065562941044
10.01382120704315 28.35356147197704 4.253353222765338
9.807434270797092 30.623400447059137 3.163300317472808
10.825694535053444 33.8989730029973 2.9895523310561534
9.622006523408032 30.485351315899507 0.9245803591756552
9.106747967363571 31.05270347546598 2.070805533985162
9.37788585642514 32.45367070796684 1.8843445601195508
12.128973646205406 35.0226478726077 0.5550121250510209
11.96718475814167 31.063418666301654 1.0284777465871475
12.629103405806399 34.12957447200985 -0.3517651780651576
12.563156927162874 30.37080339740037 0.5981275834145705
12.450967747935605 29.0355979751424 0.5295626594221625
10.853056720440557 26.608183504069633 2.2326526676571925
13.475722496832661 32.28625323481362 3.702840468436135
14.749270485299565 32.42114814061368 3.134844361452566
13.74306538717581 30.773400182508922 -0.0037051724101122563
12.569659697161494 36.323814939189404 0.31025670559613916
13.926229896112764 35.70162450704595 3.9077678792137105
13.02703485745237 33.3947952560846 4.31868517008383
11.362390521209797 35.67510303991299 4.4103422412646704
10.90805853493602 36.990649265588786 4.250220365527968
10.650529589077545 37.27884022001221 2.895548891480372
13.652883036988438 28.518382303544172 0.2102009347652134
13.389617655459624 31.18220915090148 4.567203170554
12.563443083503287 32.12129055937166 2.5658597776092664
14.391469321725532 29.58481929322067 -0.2909970301497766
15.170358697909016 27.393544995943053 5.147858308714128
14.94522698847937 27.60121833563428 3.6336864555683346
11.883985775740003 37.84241294878575 4.722294964696195
13.903462571840807 26.644160078839537 1.225870973547265
15.360393437571048 29.481175551281968 -0.7566621807443519
15.787605209641036 35.9577504360672 -0.16973063480425932
15.581364797253256 27.01088650737552 0.05384513732588636
15.944195771787916 25.986423164958904 0.1370830130768419
15.827133004522725 33.882659419552816 0.13158457507024157
16.051454753361842 27.648598958205 0.8024693844958553
14.763241341973318 26.404468435349298 5.357817866671373
16.079702077208417 35.19184261884108 4.085630431715393
20.618571028270207 32.90498119169214 0.14059908691133938
18.27618534859787 34.03662956102013 0.31950854869264855
24.24275370941232 38.19083661702544 -0.14534880356936064
20.63914175556385 26.51124707311431 1.0008093157643139
24.542864086018987 30.928465867766963 0.2835117168446899
23.883032179547495 28.77126347633238 0.24191275746526242
19.406020620416843 38.27181180609705 0.28955701904629705
18.965939159940117 29.49149822594892 5.988520698723541
22.293216258543115 34.45756375717823 0.10338299576845844
17.075602742732222 32.41860261888286 3.7184917242237123
21.50180954370745 33.654111043233215 0.8775721381492696
21.468895352889355 28.390090044414396 5.145092327448332
20.89519552128571 27.843490889369157 1.2327659480948194
16.805973408063807 37.92518501754156 -0.2451254571230721
16.46857740276763 31.829438225998135 0.2725863504515835
22.088655923249025 27.1004219758153 5.197992834495167
17.380349191503267 31.16279088576372 1.052417035335289
24.02962853525994 35.737850899465776 2.5842419765560773
16.816587078184575 30.265947368440106 1.9793955339262614
21.248030368179744 26.123721178871694 4.849544760439083
22.794889046529995 34.7994623214229 4.256120739377867
18.172209606220076 32.05587956579626 1.768631585981817
24.284602039002564 29.705335189804522 4.191117337737127
16.49479972608373 32.15013294972215 5.872138399875091
16.585995687217707 27.533290770728346 5.547212193777376
17.38459213169212 35.552100167760756 3.990705127884274
18.141442199821007 34.51750981816363 3.4542710415905855
24.038186687081108 35.14509124809067 3.842020407304614
23.464908557476964 31.640920112362252 6.024639539484432
17.108943956116544 29.23306887415357 4.283579330750113
17.349098802432334 28.503589555571683 5.042911651637797
16.781805454462983 36.84954038990112 -0.151292919916437
18.24213090926799 30.496267546517224 0.26526295140975376
19.97127734912444 36.275805793790965 -0.3000739680971265
20.742853668746786 34.467916375129086 1.733759232484282
20.413712658479625 26.243172121331007 -0.3473128636842471
20.318343446900734 34.888213911654034 3.9594343058189265
23.218216083912946 27.040114807105304 4.430702634294375
20.81067471693425 37.08977816699667 3.4712156545415818
20.48756588497009 30.71883173654483 5.841352931642325
20.39169163807656 30.659278541105127 1.1433658357114551
17.49778819128197 36.68897552298662 3.1907247068245015
22.537876425185647 30.377113945202666 -0.37609079442602833
19.553371235032472 26.236658346058444 1.8038397704871911
23.485509636435605 31.678072407112367 3.3654130463681287
23.063605026927622 30.156462902212294 1.7708422068800178
23.550190260192316 27.216043026240037 1.922717435311676
19.675183089739548 36.56699485893583 1.4116883700335103
17.96571658912216 36.146310382390325 0.14782837390102888
20.22123328844749 31.423739299021367 4.686468306483894
17.63193267093606 34.87827912031531 0.11222973530855662
24.22618203775452 35.80332016457084 0.29988026876639595
21.768310025207523 25.873154413335616 1.4268748592897174
23.529631405076305 30.06556469557266 0.44797421432111184
22.363636960983577 32.899030898765716 1.6894083336872479
21.042847540546756 31.08702361407637 3.608916838059284
20.459566850661083 32.76516104726361 4.9621548314485056
18.91971775824734 31.312130916887273 4.376966424728998
19.29041723212599 36.74810355880173 0.4080674883709967
18.36757993705857 28.679749409565783 5.932573407488393
17.832309381883867 35.835250576597495 5.200373425917268
1.4247429541076178 32.672381704966845 9.408887054446742
2.651163421093124 30.712796369543952 9.754331830484166
1.995044165439469 31.576529429983974 8.874349789186727
0.9861048177901037 29.315717409457047 10.16878613503896
1.0133616763395517 30.75825879453569 8.314323157247177
4.818376648966301 35.22993839160062 7.2200524438017855
3.9014095274657836 35.1308232802909 7.800954752935345
1.3738884424908235 26.40369585308941 9.970412627841135
5.388202234778434 35.900360449137224 7.863428746220611
2.8790117932230266 32.07507347161278 7.899100396785823
1.1895064192378058 27.25758694613104 11.01871617353204
1.9171712258495468 27.093448738358234 8.929769058661424
5.953236982306923 27.862803591218388 10.15480295269358
5.311678771846706 34.2585840035419 7.185071473110019
0.04726899357594761 36.622322065709675 7.695170634498984
5.796241992851585 26.788536204076593 10.057838245985621
6.043866702201683 26.569423719606096 9.019198884868137
7.465342882505008 26.093046613307532 11.118886121651165
3.5693990417653763 29.03793698638964 7.3784938326844305
5.954990676925917 29.875395592341672 7.195166678534809
6.027744942543858 26.226399404913188 12.127906627165233
4.736374171735313 26.554714156191242 10.158374068868511
6.40144494685548 25.86175640604654 11.171097455652063
0.18856910458527673 25.811255978886205 9.680431926127687
0.34921970845938627 26.259178716623058 6.623854799379333
0.8529199153863539 35.9115045856039 7.87892346358813
0.544462703410824 37.29382905408755 6.995187220891647
2.9313850192230366 26.90009088458237 6.35121830989892
3.382628139383462 29.0222463922495 6.3047292234276355
15.221356989995334 37.84450937601342 6.300157696050314
8.895428689181902 26.003843110151955 7.015578697775778
9.537430500842014 25.969831521655575 9.665345557945704
9.432066708590813 29.470853090156666 7.5849618828688605
8.476981546944476 28.675210347783057 8.191564966664549
9.430466601892787 27.512431940224644 11.123654486106835
13.19048171584714 32.33062576084767 7.364056741884443
13.467597246771707 33.5399163635215 7.712365740070263
12.451354261480436 36.15161797871571 6.861966060709483
14.085937832077207 36.28272154639782 8.830728190763548
11.064011866728318 29.279705769115253 10.608571000907535
12.40239357997544 34.332336838890825 7.542879018884813
12.175692564919782 35.76748724837225 7.844083269284667
8.956662605075923 30.747450272229173 7.389109949004285
13.021224006124669 36.1905135166493 9.04516267552206
12.919999119942593 35.533055783080556 9.908645652212419
13.683540402497684 29.174906947506077 8.994170648486847
14.36488861544714 33.97270709771425 8.129451318869563
11.415661579174339 33.478269216383794 7.080923742333717
13.765802024688263 29.740691028378823 10.300034140186781
15.048258523184346 30.14572116218678 10.625593771145477
11.108370577239008 35.940441150405185 7.981962647702691
12.803286024961672 30.767663894408333 10.275098889681448
11.887673055321205 32.248208523182 7.095243741988886
13.347863881718848 28.801946791278905 11.247654902197985
10.111460703759512 26.33640693039464 10.82028363708938
10.572012614404176 29.462928808016247 8.324451613935848
12.637305367356388 37.14216168973476 9.41268442096494
16.32777525327141 32.507873879816515 8.116709659396516
10.53464148915173 33.74150016849651 6.514431847746568
11.372904783531062 26.726853375210172 10.541787915083864
14.490773144122906 26.618036011039436 10.420156064873522
13.799785263456787 31.532899343748326 7.475778495739766
13.178946868008987 26.483810609586907 7.790844358815059
16.30417770540603 37.83052586357305 7.148760969112006
13.945099723368951 25.927992005976595 8.31091693268492
9.660790206965032 28.750542475253475 6.352206120404534
14.559175323121222 25.962300896454586 9.564742362969524
11.349327444690369 31.344747852725312 6.849595985128138
24.40437095365741 31.72726974420276 10.761367156841738
23.753114657804907 32.5596378790431 10.9836924256294
23.108688675476277 36.6451742880219 12.757483512589094
19.972604521939832 31.241193133108123 9.212811902441326
16.994032827632473 25.89408674229215 6.9544671986698825
23.889811383591518 33.89865322219856 10.903810314460724
21.929038773067923 31.37061746340619 11.30587233480543
18.72644668333008 29.68786231495928 10.0569921867398
20.814850979398337 33.488239727712525 11.695245995103232
21.41066896509645 26.06746190432722 11.328053750138487
17.93525694788893 34.42876386782636 10.211938160349009
20.0486313634 29.99439842674291 9.896888543997306
17.115764632020316 32.514478082381245 7.034092395822213
18.373433103993097 27.578733701406726 6.805412678033625
22.414816134664235 32.25369022997761 11.240276269406749
17.255047889232713 26.860870802150114 6.549992577944668
22.245984619517117 36.629612411324096 7.246732182668404
17.429192678953562 35.60624076553182 9.621058113688063
20.634492610201416 29.071886144629925 9.03393620208312
16.942464700342086 31.228614036583032 10.164100015991703
22.455911890204032 27.08557202808959 6.509102630762281
16.962938563566773 33.468375655937955 10.478649716161705
20.634689394149394 26.326344772341525 10.622904570152828
21.17508031077834 35.925955735744004 10.622150622449462
17.87309684609552 31.44547155476748 7.124222688161113
20.328230969601318 32.82413806224095 7.626140954975984
19.056230684222754 27.2970751712046 7.593356798332373
19.008566266106648 33.81253061535061 9.52838071031393
22.317497398837492 29.37620502718824 7.183254272131672
21.93321648536608 37.66073606963662 12.229359024191606
22.628697712897782 34.435867781493585 11.083317310252188
22.177502723868553 35.81842420108752 11.036501048230864
23.359389736893974 26.1067281391326 12.333800742167849
21.403553604681647 34.99687373538258 8.44657909112805
22.88410839375661 36.21167427435451 10.305636623220135
17.915828660125012 36.271474205401525 7.463013740091798
17.82557115770077 33.67219394158882 6.927598808358503
20.676502256053304 30.034328312623607 11.092616472049967
20.15732013880452 36.84445657014635 8.217405365840808
18.419277962066513 34.818138800005094 11.46906077267505
21.061237335649427 35.97785261091857 7.591763270685494
23.992505633322526 33.57859059199412 7.017047358382204
22.093414833594068 36.59108255634292 12.364554625228827
22.557103383353088 26.725926318625653 11.394307677202027
22.360636978731183 32.15939467664346 7.9686591499211445
21.853199106399337 33.410489443258534 11.408561394307968
22.80922015399857 27.526333545598142 10.832270841429573
23.56794735073397 32.292109808409954 7.272451677832754
24.389816844946264 28.973667912066684 10.327257871994638
21.443938654500094 36.21910555587825 13.156964748889099
20.47570272264238 35.19767472315261 6.59325242426653
24.277783300442934 28.646362165504062 8.137573305409237
24.188005586936182 26.673744669634434 12.731655020878232
24.545800526205728 35.753766199400175 6.944707490112386
24.488865748092266 31.550931972069264 7.951413555245591
0.3529622123428088 26.221530017686785 15.433322056170494
1.4301512049910603 26.2831070391518 15.278492651686438
0.20640351995969758 26.170353440078877 16.512211071572597
1.2299459477804602 38.99945567791767 -3.349999880445674
1.2299508332982507 41.83000848958847 -3.350000660673018
2.4590445190147423 41.119536540931826 -3.350000021045927
2.459005312091966 39.70108179665061 -3.3499999914611833
3.6809946635767012 38.99891822200583 -3.3499998946583567
3.6809559685771265 41.83052895176373 -3.3499999757214036
4.910049084012628 41.120054263895796 -3.349999889568963
4.910054041992468 39.70054435415163 -3.349999888818428
6.139999990552866 38.99948982874567 -3.3499999358645804
6.140000002514585 41.82997735815106 -3.349999913350903
7.369950914270708 41.12005426366775 -3.3499999122167012
7.369945949797951 39.70054436984485 -3.3499999755536534
1.229950946417198 43.24999393749504 -3.3500008349513433
1.2299503589466734 46.088682938119845 -3.3499999009783963
2.4590397566654083 45.37941301610903 -3.349999912719197
2.459044390061346 43.960520210865894 -3.349999966928671
3.6809556792102303 43.249473621652676 -3.3499998884963467
3.6809597887190524 46.08919631704234 -3.3499999075655196
4.910050066933657 45.379935112397774 -3.349999913586127
4.910049069343943 43.96000029722876 -3.3500000618361914
6.140000055954043 43.2500250402341 -3.350000203912752
6.139999972970766 46.08865187853774 -3.350000142502757
1.2299503585207712 47.50131701773001 -3.3499998983455406
1.229950779593351 50.33974808700076 -3.349999903852611
2.459043457537238 49.62946799191323 -3.3499999263915035
2.459039762808602 48.21058578069703 -3.349999913550663
3.6809597874789013 47.50080363555466 -3.3499999014212136
3.680956365310122 50.34026695300997 -3.3500002247111604
4.9100493022553815 49.629988156578364 -3.350001148978392
4.91005006221671 48.21006367280983 -3.3499999660254653
6.13999998874294 47.50134806889116 -3.3499999709249506
6.140000085773406 50.339716919176304 -3.350000201329515
7.369949959797201 45.37993507035849 -3.35000018068674
7.369950918463554 43.96000026856509 -3.349999949149937
7.369950740463432 49.62998831618663 -3.350000082295966
7.36994995739448 48.210063699335194 -3.350000079717467
1.4514500251505753e-08 39.70051017344991 -3.3499999312254216
2.059894253172352e-08 41.12008512535318 -3.3500002879311896
6.1446139100233966e-09 49.63001959278772 -3.3499998913119766
8.599005336800186 38.99891821618005 -3.3499999430955074
8.599044031937968 41.83052895464461 -3.349999891442904
9.820955478352065 41.11953657070155 -3.349999885218611
9.820994667617233 39.70108179574514 -3.3499999054822114
11.050054047095312 38.9994556605972 -3.349999905783192
11.050049224853058 41.83000865078633 -3.349999900634252
12.279999970304354 41.12008519802588 -3.3500000642411845
12.27999999983123 39.70051018558883 -3.3499999130304636
13.509945954354654 38.99945566140797 -3.3499999107550584
13.5099507940792 41.830008669916815 -3.35000010331316
14.739044514857792 41.119536558493564 -3.3499999466051458
14.739005342381603 39.70108179779536 -3.3499998887468587
15.960994690505466 38.998918200506544 -3.3499998839761114
15.960955957011004 41.83052887636227 -3.3500002202356938
8.599044311485235 43.249473641390665 -3.349999871104167
8.599040243286796 46.089196297666454 -3.3500001902686236
9.820960245257725 45.37941300574208 -3.3499999292889893
9.82095562901336 43.960520208855485 -3.349999876359008
11.050049025201874 43.24999378581098 -3.35000023103607
11.05004961982408 46.08868292588601 -3.349999934226411
12.280000004791743 45.37996682597038 -3.34999992878572
12.28000006501755 43.95996914198643 -3.350000342712671
13.509950830469725 43.24999376672066 -3.3500001918779923
13.509950363481959 46.088682936821264 -3.349999915902828
8.599040233497316 47.50080363520619 -3.350000002189726
8.599043512572262 50.34026691993782 -3.3499999269514324
9.820956542639955 49.629467989000595 -3.3499999157981164
9.820960236048117 48.21058575870687 -3.349999900438889
11.05004960939317 47.50131699216426 -3.3499999478027065
11.05004922663513 50.339748093473865 -3.349999917039974
12.279999969948404 49.630019681358554 -3.350000274311522
12.27999991576212 48.210031931755424 -3.350000747841435
13.509950413330824 47.50131696202919 -3.3500000624620085
13.50995074001818 50.33974809395065 -3.350000339220057
14.739039758945655 45.37941308809116 -3.3500001050162176
14.73904436125947 43.960520197213825 -3.3500009417326493
15.960955680284437 43.249473618225565 -3.350000652574633
15.960959761782922 46.089196342102724 -3.3499999809296455
14.739043482343527 49.629467925362206 -3.3500003186841076
14.739039764857026 48.21058577671778 -3.3499999079917844
15.960959771981514 47.500803637646946 -3.3499998967078803
15.960956519551623 50.34026693848748 -3.35000009576504
11.83575740059022 43.47679613715096 -0.8722335254404234
17.19004909413079 41.120054240925406 -3.349999914740901
17.190054007320555 39.70054437307445 -3.3500000621632364
18.419999817208183 38.999489770059576 -3.3500013580611587
18.41999998022366 41.82997735022717 -3.3499999650315715
19.649950904845834 41.120054272654485 -3.3499999531836435
19.649946129566057 39.70054445779368 -3.350001054325743
20.87900533044566 38.99891818550465 -3.349999910915221
20.879044010448702 41.830528934215074 -3.349999920663176
22.10095547284765 41.11953655315451 -3.3499999238009623
22.10099466031494 39.701081779917615 -3.3499999139757763
23.330054055835635 38.99945565848105 -3.349999941739652
23.330049244725846 41.83000865140799 -3.349999919226956
17.190050101513147 45.37993514416869 -3.3500001291064416
17.190049157488932 43.960000261040484 -3.350000160635828
18.419999988760697 43.25002504654574 -3.349999912473536
18.4199999934428 46.08865187035094 -3.34999994639006
19.649949934181556 45.37993511457044 -3.3499999319904328
19.649950885969528 43.96000026650781 -3.3499999345096496
20.879044307542113 43.24947362684421 -3.3499999369135667
20.879040223013703 46.08919631940924 -3.3499999532058764
17.190049274919147 49.629988314557096 -3.349999904481693
17.190050044506055 48.210063738387746 -3.3499999063520858
18.419999995652745 47.501348081269725 -3.349999936191569
18.419999985038498 50.33971687869598 -3.3499999063683363
19.649950716532693 49.62998830585388 -3.3499999041753337
19.6499499402001 48.210063736409374 -3.3499999279891135
20.879040188250734 47.50080361653925 -3.350000125772538
20.879043485428724 50.3402669226603 -3.350000006471925
22.100960250534268 45.37941303340604 -3.349999925673356
22.100955644185607 43.96052020591622 -3.3499999291443405
23.330049136200348 43.249993813867846 -3.3499999151057502
23.33004964296692 46.08868295352507 -3.349999911256214
22.10095654291478 49.6294679799075 -3.350000226203549
22.100960270756136 48.21058577719929 -3.3500002158873423
23.330049658343015 47.50131699061408 -3.349999988318225
23.33004925108993 50.33974810018375 -3.349999966650924
24.55999994684743 45.37996678212004 -3.3500003216638827
16.43150907517464 44.866584708555 -0.8660174629561013
7.732466574475564 41.95279835074445 -0.4329784410808424
2.6091069937252285 39.05412236629654 -0.17594247703139998
2.68475481227542 47.678001474299684 -0.19442721407495256
4.83851204422118 49.99918987863273 -0.67209983575508
2.3630463903745342 43.64950178655531 5.029639744813669
7.398369313377523 38.927311967611224 -0.232306316931975
3.365359548729596 41.38581047966739 -0.5783243837786822
4.1525099914253145 39.50977370018073 0.5685540958005197
5.642077366874771 43.5027416536532 -0.7642783442494905
5.621231181011704 46.20250535347931 -0.0829699348297408
3.1950625945230557 41.84832281624003 1.1127328209224108
1.5692361318967767 43.54268388330573 -0.5506548974625047
0.5989465472347939 48.12356523058518 0.393668055324905
0.8303534391602483 46.22786001107719 4.533475920648687
2.9103176736278393 45.14318891828101 1.5856608964334284
4.139039081046332 45.06766395678855 2.1965980075195835
0.9912925333254906 42.634002615204125 -0.4689263859892545
2.4254915230620417 46.41456179014118 1.8398624601960278
0.34560871058564835 41.36745957888759 4.441295047054599
2.0924757122272424 44.139161908117174 2.117976552946461
1.4605564433083205 41.476718779383084 -0.001971084337590856
1.5490803831511284 41.60207290631122 5.30110596405105
3.1127030536667264 45.12397056916054 0.22668716111548415
0.4685525838196644 40.565875365990735 0.0824025913565607
2.792409428503297 41.20423218213814 0.3309926575475186
4.1475567744721795 47.62618657847858 3.087051592144311
3.082639969998564 39.71727266922201 0.5480037892088974
2.1090439150393427 40.67420407113177 5.4177261521263
1.971555605426444 48.44429353434294 0.07117280461534592
1.9309400867627304 49.76883027907353 0.21090108952025233
3.1689481667025294 50.187733338928425 2.8995150889337005
5.095099356603987 48.484333229466785 1.112242530535572
4.840283152720367 39.25412782011577 3.746661271174041
2.706477921425733 39.42290058379146 1.527772735703643
4.835360960964372 40.467824977534995 3.0636092844410534
5.671931583581423 49.55384825421251 0.3082072928204349
2.868438129211577 42.571511188865955 3.726961869238994
6.766273035695542 46.78982465567234 5.970035084318526
3.5837696061749456 38.79850745224072 4.065231179852553
6.391991803855802 47.27288535902556 3.299129610632728
6.7851990759441 48.99560826922761 -0.3937194571707092
2.592409318023872 42.613417069307 4.780599374505394
6.454958058347189 41.96822458174582 4.279170751891175
6.8477684664465786 42.856103024099454 4.752216050805141
0.9130627838813379 48.8295010023697 3.8141244478995153
3.4965235072013185 42.363245760459 5.33565959569831
0.40172418010294136 39.572503314970355 0.5009069909256469
6.6139083795724805 45.78432718957643 -0.16119398860973133
4.248341447716034 50.73031021298419 4.810653518496981
6.373605902571881 51.01862723352388 3.5485532708319134
5.654220403581533 39.28692977710297 4.894822156613012
6.130109683546038 43.9403455272903 5.240449648932523
7.415763810896348 47.65127100338841 -0.11311685353056822
6.186490142217349 43.393911736569805 0.17373593031545176
7.024159627409113 44.59738189755582 0.06729900835900082
7.139918220591538 49.057794891354725 4.631428259832033
0.08507626015603408 48.2990363405872 4.260717729421277
6.352993249822033 41.17085366356328 0.4026686804886892
0.11339585202753773 47.03011533339867 4.627061261546883
5.1014455264369065 44.09629796020474 5.530154482231188
7.162649935579648 44.7455612737821 5.7874100277904645
6.942786746801116 42.08250375550923 0.3070771499017355
7.490171169433409 48.07455408503824 3.697051148494388
0.20038314300263896 43.114851510315695 3.1677447347267007
0.22379652392566296 47.198622886687865 0.23925264035754235
3.146372361003947 47.97510701771927 5.217551861183832
5.473872687272487 43.51878731991944 0.989016527266906
7.599180158633311 46.67175022387672 -0.2774259703816595
6.219365381167608 50.48009890558278 1.21743018609053
0.6464139697602682 50.17604244991596 0.5266944013670594
7.885498636382351 48.758488027988435 2.5736232306917572
2.703128942089127 50.52015377022395 0.13581857935075936
0.501618902520549 44.73520101390704 6.064184761345438
3.562062591199551 45.86191951783599 5.747680464452597
7.561349906152535 42.014071355416654 1.2019495567387595
7.5678450133426 38.32727004025781 3.872418115557382
5.432493491247316 38.28785710655247 2.937380775566102
9.61803770797195 46.50574187125707 -0.5041156267052815
8.189201838727858 43.1555743232194 4.738978912828877
9.188318233135195 44.799686733597994 5.540266435038367
8.199327586042186 38.81896377987971 1.8402681619419137
14.165959286678119 46.77385523261408 3.510841129537685
10.277854735704784 49.05744286477796 6.087943281689553
11.872084910497948 43.88537724301124 0.7739568633266836
8.523731086511402 47.347947550634665 4.181640848856466
15.439417305301761 38.291152860609294 5.043640703447254
9.019931090074236 42.73608060255164 4.346532828559052
12.902354594735609 41.33605220520871 -0.6948214879461778
12.339549114153712 48.93681138121725 5.24284293371056
8.55395142802232 38.73319986068408 0.49729454905068193
13.015502379752983 41.497082699851155 1.0555670237640158
9.163983337422959 43.95621089250649 0.4082264873012409
10.364572533583724 49.003758312838826 3.13751307292402
11.34504799071856 48.13858142811383 1.2175658944961376
11.20173877454827 40.534452635277994 2.5600259607807843
9.467081429609035 40.43544420376181 4.112993710594194
11.42452320339331 41.43172211265817 4.654970795316364
10.527719025470747 41.15845208533663 3.6134813516858824
8.7284349832121 45.91885428590257 -0.32927297131128963
8.437304294453428 44.68826156533561 0.08816496077054925
10.014738770119534 42.316813500491236 3.105884839092674
13.456061931360267 47.480323531571216 1.2223458509121687
13.25319221219659 39.93746132230048 5.087072379484942
12.36509318410337 47.635363569872325 0.3814038964757538
11.805781010715503 43.01863080199483 0.11634421148524088
12.945882628279746 42.05603532046762 0.1223869456979132
10.861217439866053 42.49137529291554 0.2501399098619095
11.97781592743263 46.4307825706676 -0.20067142728613208
12.638999021915835 48.57694264122283 -0.6262720079986794
13.877697779570788 44.777369758957256 -0.5582687148827248
9.55719261624686 39.66079630896125 0.19910870137431202
13.662955203192276 39.336140112922756 2.5644549401590053
14.48003390911054 38.5985907968725 1.8328879206071746
13.598356460304794 49.91362450221824 -0.7161854881655705
14.066786161253503 49.12272268773232 2.8185716653982027
14.30936567149489 42.64063492577008 -0.08051751004149565
14.580621001719418 43.97129535074296 -0.4081254761650144
14.826766873110026 49.24658052986816 3.575861935039635
15.643465853630255 41.48024810845649 4.502456634153235
15.591622947401712 45.69326368386219 4.592856889411657
8.25667290537154 44.304530585298025 5.309490847057479
14.142544750155553 38.79994990950344 0.5124812712159299
15.395271211792132 50.38911484397476 3.9581972117247624
15.532447552351194 40.93544943760056 0.34000470794481985
15.411509877798096 41.95601721238137 0.008017515575805545
14.676456757564164 46.97134672372698 4.453438309528516
15.607362019746574 49.97061710299885 -0.06003212650080636
15.92977158470125 48.95650142790572 -0.2444812245051775
14.418567808763495 50.39874311051689 -0.3815016377319258
15.753811364377302 39.049455511740604 2.0831122236844744
15.897500467177 44.02058710972133 -0.45917244419766967
15.294525220221002 48.37120386503211 4.350967682139034
12.041587916753752 50.99672091147706 2.2167088964775594
13.94774170984717 46.86111794407091 5.256509910324004
15.08328363241591 44.80308370033928 4.222356231043109
15.827746918425913 45.35517597443822 5.601837647896852
16.372575887014094 42.762810158143665 -0.36207996280693044
16.289278797259215 50.94062992471652 0.48569119723229304
11.586259581980146 38.371837068720495 1.225984153399452
17.180261947874822 50.86945516875013 5.001553669842331
19.060344692949336 38.50122464358788 -0.7184002732787964
22.428657069934605 42.76821079465569 5.620192626682977
18.065217264982238 46.61084295140496 1.3226961289059869
16.563723428678145 45.74715913328671 4.102738602827846
21.363739769322123 46.345083469736245 5.6874998076012515
21.656010336544664 38.55684715915361 4.89688847635426
22.816158535915207 41.30569296083806 1.784536976811314
20.016296412956237 46.22732171675641 5.853730359519723
17.245244136072174 39.0548144988841 3.839287263037452
17.654878614249935 50.74596816541452 1.017727297844313
24.352252506734537 47.19660076286799 5.668940454595607
20.079537582604292 43.60759513610896 0.09508612079723644
16.44043414758262 48.81956544681532 5.004767269407543
22.71048257415253 48.25651401792408 4.631540358034463
24.18964396015601 41.28104355381988 6.210803940353706
23.86622681256515 48.36711753209579 5.304519433987088
19.69684908283705 44.92847117313494 5.431350960036023
16.985505923195245 41.79647928289548 4.320311566689655
19.426689842508996 40.84257631366355 6.09319705212188
17.871533032676158 41.01152129261835 5.122909520774836
23.66715988878523 45.19419323988605 5.803503516092143
23.363757413942082 45.45931323600624 3.3958120004932124
23.596926347148578 42.11611461469136 5.249770629025638
24.31940802078343 40.30588834417241 0.4987347859608693
21.47002487142524 47.92064409774314 -0.3990864482853307
19.129510526063086 43.970985657506766 3.340744247678252
19.55449894738235 50.280945090107146 4.952732652673023
21.05958034092997 41.46088861544399 0.39744431710621697
22.84376819233407 43.66285412411626 2.31239396479473
19.474235653765348 38.62597479618619 4.287910295540418
21.151789522368784 39.26926391340938 2.798245262718839
22.661598276631707 45.61628991958779 1.1884081036051986
20.464756174059293 38.53077254990693 0.30043638523194804
19.707114526429 42.4178265081103 1.8494351965397504
18.462631019981504 46.59409324582435 0.014219267242121525
24.464302147787873 43.1116646448782 4.9218579032022785
19.90015017513361 42.279722477738936 0.5008136192751689
23.35055981329815 41.30853193088816 4.097014377821896
19.06833447003505 47.257364812407786 2.0746555136110856
19.503561886550802 47.075812828621686 4.940068831784514
16.514197534702994 50.082400918102344 4.68014457875078
18.925628440667325 38.84475869541568 1.0826870309584158
18.165806739157475 49.843991344288085 0.6808441339954385
17.332040992880028 42.45404518033941 -0.29734280903123134
21.12420170644526 45.151424656082604 2.7411704810778614
17.28413865322918 43.15464119081198 4.484440615476533
18.83094716237506 41.60783960877182 -0.1512170595972362
18.00210470167828 45.32651402487161 1.7839715418193758
22.475782796007728 44.95124498998534 2.4055073671212313
20.781194958610566 38.423834923589396 3.8279880511111433
20.72524983692662 45.906161520775626 -0.04089331261980744
22.13644363961056 48.788519772566744 1.4602617124742479
17.36582606319627 41.55590898796607 2.9821293428387783
20.675170748536768 48.429479347638555 3.400486559989464
23.625359410121508 48.482872483373164 -0.30014062835614364
21.992954138558797 50.174162175106616 -0.3931827671811505
22.334083025659424 48.85909841843369 0.1033442647928029
17.054294360327084 48.159545548190586 5.599703713576769
16.808883769184398 47.22555905772177 1.5865066591508847
24.048340051481766 38.74686309502949 4.68689612127672
17.515018731915195 50.666753307372026 2.095810884715009
21.223179699767076 51.02803772007429 6.181067103674272
2.1393581242481483 49.864238146157945 8.660308857589804
0.7773779167770046 49.697654576158044 8.694562000086435
2.427829297682366 50.42892594887264 7.4935613856099295
6.953453448132086 49.578152314435975 7.607029630329558
2.376482861379107 47.122425185323095 7.250061057000513
2.7507990418788 49.45278394899478 9.449767816390025
6.1413311568452 45.81443700992725 7.2969336382018355
6.997962976996127 45.96108925133313 6.639077236349494
6.522974370646361 48.85043866806636 6.9350767951837184
4.488620131272203 47.59292529118805 6.935627816604314
3.41283420083131 47.12530341318012 6.321765732864368
6.335938900185814 50.35674400569858 8.531722243657814
1.2297550332202538 50.869565467554374 7.015221389898187
0.6817665075322629 48.776472252462966 11.092784037891297
1.6450269720589306 48.353186207496485 10.808076816955714
0.6665156160430398 49.694889892892085 11.679620002252054
6.893572212911368 50.686136953574284 11.819471969690929
5.369367475208026 50.376971545798476 9.01310621405688
0.29055451850928465 47.879047825251995 11.572036139656507
0.316655237728051 50.14794721726113 7.540982738969894
3.326743357623614 50.70664797961129 6.96325582622539
1.2034179899128479 41.90896756394095 6.2882397845079305
8.094419002915416 47.153502442430494 8.242306053596117
0.02908887986445308 45.718666569949676 7.388513871145114
8.252458545900941 50.062895718874145 7.443983050794355
8.962157858993752 49.92801500944093 6.738126068702092
8.544908894965515 45.54455444160108 8.181851199183674
8.27466661325255 46.36265256364124 7.5141801934577455
9.098634569286762 46.666375989160066 6.868479884955535
11.624029219277007 48.93461010424352 6.445169196248628
11.950234471910823 50.04475236119597 7.2342711670251925
11.86443002091441 47.826731138031406 7.219972156559596
8.453795388784659 50.930794037418586 8.405566238529111
12.942031726888782 49.44334486299752 10.286011503683644
15.155277854414624 50.137144809132224 10.894897674834871
14.244376732543284 38.683058102924335 6.895150373454615
14.614684258666202 50.837483125188044 10.258199309991276
13.11740399364976 50.51865171718513 10.318565111517252
14.923122306863679 50.65785410816596 9.228296699409782
12.67705148238163 50.88441384015857 11.246146771129338
12.415105978270997 50.956097298020545 9.6089744821194
20.74147359165152 40.29101679023233 7.547265377617979
22.977979313995064 39.55028644587956 8.503739770622836
19.522224460363827 43.280935242161064 7.118774073554929
23.097452508563904 39.26350925617514 10.913298924182396
21.490238180697553 38.980248624428725 10.25057498805146
21.269588228310283 49.76571546405679 9.11235350523328
24.27088177441481 47.19755718877144 10.131534525308915
22.421555562277526 49.65017700367253 9.658966321846709
21.551540015389012 43.06627002224353 8.82857790288087
21.000936429340403 42.277574009664825 8.337462549059758
19.585108472108146 46.48034182196412 7.167315700323388
21.43808427795372 40.92845915508596 8.419425655339271
22.000693064817703 47.8907372272438 8.50509224386291
23.73471267452635 49.11124603779189 6.433753061280152
21.891896598447886 40.50232341401433 11.169195770413548
20.668949092920897 50.54165097018668 9.351637268503104
23.400013508652886 41.020100053107925 9.37788408487895
19.948135766634913 41.11860642864445 6.912954042781797
24.322703134135253 48.13619962124605 9.579841738767565
22.233899498027004 39.74939325074906 10.459104096101491
22.57756242587295 40.350569238954435 9.12608514650411
19.901577682632748 48.414017191479076 8.118901497901371
22.965386081410553 48.550203894642564 9.23568161048095
20.011957738290587 42.37050337216884 7.431304274575532
20.925737022069068 48.67009635829908 8.346763534511021
20.609216560851486 39.23643201145967 7.355538952330512
22.920154705219158 50.38678495131319 10.271508260091197
22.20086286534766 46.89164948852424 8.147103778583629
25.78995066017349 0.7102494488156077 -3.3499999341617306
25.78994595049028 3.5405444149974157 -3.3500000536666894
27.01900527634457 2.8389194808593845 -3.3500001193728126
27.019043525734077 1.4204751790372292 -3.3500003517652024
25.78995089941133 4.960054260547862 -3.3499998794253383
25.789950881353338 7.800000283831084 -3.349999980088101
27.019044304149425 7.089473624607583 -3.349999917196438
27.01904400791745 5.67052893110218 -3.3499998729215807
28.2409567948784 0.7097304708173399 -3.3500001508723964
28.240994646035073 3.5410818373546555 -3.349999991783057
29.47005405015843 2.8394567793728855 -3.3499999977177133
29.470049287618792 1.419957159833102 -3.349999912343118
30.69999998579404 0.7102807094705246 -3.349999928881787
30.69999999979257 3.5405102539452833 -3.3500001255623966
31.929946039153563 2.8394568539474925 -3.3500003830013645
31.92995074579294 1.4199571518658718 -3.350000108276099
28.24095544257038 4.959536565744925 -3.3499999451010174
28.240955631000023 7.80052019658015 -3.3499999001651624
29.47004911012772 7.08999380524952 -3.3499999031397287
29.47004922624579 5.670008661865424 -3.349999955660621
30.700000020702777 4.960085193684562 -3.3499999435353613
30.699999995999153 7.799969072413548 -3.3499999169788044
31.929950879780392 7.089993804220938 -3.3499999127191407
31.92995076052338 5.670008638515391 -3.349999921175958
25.78994992963087 9.219935105515468 -3.3499999206478313
25.78994992747822 12.050064878592247 -3.349999885180448
27.01904020360322 11.340803681652975 -3.349999909765109
27.019040201978815 9.929196313263379 -3.349999905246912
28.240960233964476 9.219413015670073 -3.349999913438081
28.240960228599327 12.050586963831227 -3.3499999197711814
29.47004964025821 11.341317050840395 -3.3499999175838413
29.470049638708062 9.928682943300611 -3.349999932043355
30.70000000988415 9.21996683988054 -3.3499999407323386
30.700000011114366 12.050033142971769 -3.3499999123898117
31.92995037425519 11.34131705338787 -3.349999925226481
31.929950365955854 9.928682947883669 -3.3499999067065165
24.56000000840565 1.4199261445183446 -3.3499999627315735
27.78460970587326 1.9604924355405684 -0.9195056752699537
31.27431936661165 2.568773883127027 -0.8765850044429935
33.15904324643915 0.7097305275343248 -3.3499999822916724
33.15900530183274 3.541081794159935 -3.350000155412242
34.380994667719456 2.838919404659385 -3.349999991312609
34.380956359833064 1.4204752454633174 -3.3499999088625265
33.159044498658034 4.959536578694301 -3.3500001605072596
33.15904435653196 7.800520211399045 -3.3499999199166606
34.3809556840685 7.089473630918944 -3.3499999231949817
34.380955976979315 5.670528942778176 -3.349999964590472
35.610049325458185 0.7102494559476934 -3.3499999039134973
35.61005404501127 3.5405443828111984 -3.3499999445519224
36.839999980523096 2.839490972707144 -3.3499999112342262
36.839999988481395 1.419926133917564 -3.349999905326163
38.06995065795385 0.7102494444751458 -3.349999923042255
38.06994593515025 3.5405443847457003 -3.349999928012517
39.29900533858784 2.838919416990665 -3.3499999212850295
39.299043625298154 1.4204752353391796 -3.3499999244599596
40.52095677863355 0.7097305042414498 -3.349999929884646
40.52099469294034 3.541081840074285 -3.349999932562535
35.61004908183552 4.960054249635553 -3.3499999583515896
35.610049096352085 7.800000278671271 -3.349999920746277
36.83999999288175 7.090025064004961 -3.3499999318482376
36.839999985793035 5.669977351450356 -3.3499999328038177
38.06995090639769 4.960054257018015 -3.3499999381738075
38.06995089645466 7.800000292073748 -3.349999928750803
39.2990443177951 7.089473636444022 -3.349999936223843
39.29904403742256 5.670528939184303 -3.349999936155407
40.520955500805876 4.959536554486836 -3.349999917430775
40.52095564606528 7.8005202012826125 -3.3499999306784023
33.159039759372746 9.21941303444513 -3.349999903477041
33.15903978696566 12.050586963307302 -3.3499999062930863
34.38095979243869 11.340803707983135 -3.349999894665434
34.380959696295896 9.929196341231881 -3.3500001517457245
35.61005009233577 9.219935005818746 -3.3500004479166945
35.610050047022014 12.050064856905944 -3.3499999812581627
36.84000000623631 11.34134813146833 -3.3499999860936844
36.840000050349865 9.928651911624753 -3.350000006497631
38.06994992471116 9.219935144928233 -3.349999899633488
38.06994993068191 12.050064864952816 -3.349999953787699
39.29904018931758 11.340803698453524 -3.349999895050988
39.29904020066399 9.929196345118042 -3.349999912792918
40.52096023180149 9.219413031006361 -3.3499999321038643
40.520960209480215 12.050586962272167 -3.3499999064427555
35.463481135628285 9.941372801661252 -0.9269451724008548
41.75005406049893 2.8394568078291513 -3.3500000805724497
41.75004928992804 1.4199571747955888 -3.349999922256747
41.750049126890204 7.089993791753047 -3.349999912293952
41.75004924559827 5.670008644186639 -3.349999947362928
42.9800000135665 0.7102807168699311 -3.349999909367627
42.97999997468836 3.54051024047032 -3.3500002894879186
44.20994597855184 2.839456780624717 -3.3500002501446327
44.20995071533271 1.4199571695940438 -3.3499999590761167
45.439043197793936 0.7097305230385738 -3.350000273546926
45.439005222503994 3.541081737978207 -3.3500003967632273
46.660994678445896 2.8389193712098892 -3.350000020444306
46.660956385739 1.4204752595948116 -3.3499999737829524
47.89004934099934 0.7102494491832383 -3.3499999025456195
47.89005406970654 3.5405443900336917 -3.3499999189510774
42.980000014908015 4.960085204938448 -3.350000036085583
42.98000000014748 7.799969049117952 -3.349999949367042
44.209950894136696 7.089993769116001 -3.3499999284226822
44.20995075925569 5.6700086577538 -3.3499999549194848
45.43904441944542 4.959536639228963 -3.350000468970201
45.43904435925627 7.800520154301381 -3.350000046570182
46.660955680718274 7.089473614401404 -3.349999944964843
46.660956001816515 5.67052898319232 -3.350000084666326
47.89004909697693 4.9600542646978445 -3.3499999159600344
47.890049118249124 7.800000266817956 -3.3499999525099433
41.75004957792787 11.341317043772431 -3.3500001110723074
41.75004963545722 9.92868294212143 -3.349999942343991
42.97999998898447 9.219966843306379 -3.3499999848520154
42.98000003193636 12.05003318703752 -3.3500003850709517
44.209950398278366 11.341317041746544 -3.3499999870275596
44.20995036870722 9.928682980353777 -3.350000019885151
45.43903975267461 9.219413056397208 -3.3500001897308342
45.43903977201087 12.050586942505822 -3.349999939944773
46.66095979382901 11.340803675246411 -3.349999903344151
46.66095979391837 9.92919638344241 -3.3500000878844394
47.89005009854524 9.219935127161442 -3.3500000391125995
47.89005006910197 12.050064866508018 -3.3499999284945914
49.11999998359313 1.419926134862888 -3.3499999509285274
46.198275878011785 4.138172515735395 -0.9595189936695148
49.11999998948785 9.928651847003621 -3.3500003103444964
31.92067528827264 4.0666629199571105 4.704657502578222
30.719908101036992 0.5832307801472768 4.24784717329448
29.86857123144133 9.036225755155748 -0.4531937716746681
30.132992249759777 7.608247127942116 0.6271949845391345
26.06005895380957 4.01364622522622 -0.29489187088376667
27.367024792374185 11.159840322750311 5.66530954732102
25.053701531584522 1.0607002397198446 5.018888561805268
27.030214392441984 8.666863645592919 1.8352845700703457
24.975110464728427 7.851434721695583 2.0469329649372883
26.3207484803652 7.903711446625852 2.1192860503310627
26.77992308323376 6.750051616662798 2.527590681404064
27.737878310383497 6.476044213279025 2.692944016559088
25.733016217057138 5.8789867297151845 2.707758344219655
25.841439453613006 4.873756826302475 3.087438792796423
25.22231116390226 1.6817177197105648 3.793135719024442
25.46062287029286 3.132891523078064 -0.11783951589516728
25.949808807813653 1.9096094434619986 -0.016259757535788122
29.132370858050503 5.046144255048322 0.6098304872091675
25.76767207386498 2.9185739363297696 4.097686536060145
28.40330686010857 6.225538403943933 0.09488367158398847
30.277035732028075 5.298743250028486 1.1707168749383512
29.305885748360357 2.0459410458153675 3.4167364806667466
26.972698264677973 10.79654858561504 0.8820875301669029
27.24589535324339 10.755005066127119 3.1887083704763675
27.180685290194326 11.50445236760836 2.0694560840071476
29.447055437330334 4.141121566306607 -0.4372801463275966
29.91054243635967 8.508533189090763 4.633664488781724
28.966258075400592 3.5496605256220386 5.906601159198878
29.894130709141265 3.590343244329515 5.355423064678636
26.12040923186319 0.9830882961556411 3.0317285120296877
28.841887850296704 6.477628938182048 4.696768818413267
27.921683044793543 1.9398388713956995 0.8364491973738086
27.374768136032166 1.5228934467405615 -0.009210660894815037
29.021616181263138 7.691172373905793 5.3047344698847
30.43887783468068 8.624722291770388 0.37958187512007413
30.13580371030023 3.047342978197409 4.11247308636286
28.23826355304059 2.227825919678765 3.5400277695782645
30.530840220675103 9.588687226177417 1.6117820587568776
30.514038208646866 10.654706413881145 1.3850205438479124
29.733308584775102 9.387561283569278 2.3270384082199946
27.83432796614173 8.465047128038826 5.439606033340523
28.2946857405627 4.2945623321518305 1.4569396670659562
31.387108220865095 8.44757063533619 -0.12793800166136293
31.41426711840915 3.2615444039788524 3.8328906927993147
29.556148854205862 2.226686826462685 2.3713660481057475
31.997434016967965 2.900467549544135 2.9986605845069003
31.71846940606093 9.311562112715288 2.4755754361302094
31.95661695993137 7.313104458842862 2.049056757359211
32.390558018574204 8.141308823574636 2.5895867637435277
32.347948976815765 10.21652687423463 3.163249384733894
31.28360096173257 2.740490829542527 0.876418226394251
31.823221279349415 2.3150612732169797 0.030297900167122194
31.739830668239325 0.753764466155099 0.15378553130267147
29.699378465203274 0.670001319278912 3.874899273617908
24.945991176614015 9.258284233461318 -0.5179068304474521
26.02139714267947 12.302467475568166 2.2780424073011885
30.981766702900906 4.3309216867553815 5.668074229936284
32.74663622329569 4.843372541580907 -0.48716989129078403
32.37185695774742 0.43893560869129333 0.9841622889227675
25.00356713828888 5.341512972797464 5.744386323249778
30.853757850465872 11.3815477999869 5.837716061520215
24.863159897185536 0.9897313918563019 0.15370369228339675
24.63746239902433 6.57718054382835 2.550390656048015
28.337471353175037 12.241342960210954 1.9943740660348797
29.170137779819708 0.22432611727273105 4.717145028246338
32.29069551727066 0.3137113323090656 -0.6774792624963544
30.69367734455194 0.4478089348725496 0.14640743404639722
32.10976057396087 11.263144918307638 3.2826518744277013
32.40921169981105 11.846983986936651 -0.008598903820914439
30.74139103242557 12.760723984217105 5.733397288341501
34.45660209760643 0.05953408667193834 3.124883449137592
32.88015820770494 4.373977974026982 4.775720747592747
37.70198266634883 11.525054224461046 6.116304083343767
33.19460840339988 2.9146253207502655 0.051252693858248044
36.670574158972926 8.496658309136958 0.3583364227886088
33.47648523584378 1.013137538763323 2.918502264702102
38.68548787459935 12.26231580171956 0.07464338710756802
35.15812492952829 8.38855591004061 1.1117128746424954
36.66532002873011 11.633702414481991 4.084868249109692
35.62927075107342 5.193292521194354 -0.22894755711445947
34.72771823739114 10.780170783647947 0.4360163408479234
36.253993442906605 9.454134481767532 1.9097901793941718
35.95989619282334 9.10194103103008 0.9210705119588813
33.82816957043576 10.074536754978212 4.636401753882841
34.3648922188202 1.1781872971112652 0.3945334511666665
35.32874202590278 3.162798745568353 0.24047152104067937
33.60848534032494 4.245243102932883 -0.23054317028820548
33.40121074946441 8.289080591499049 3.4899843250153673
33.28595000129383 9.621832601622783 3.9144897866973394
34.04374868707 7.521793967108666 3.8959599828624825
34.923002838307774 4.378295425293683 -0.17093575610921952
35.8989743522576 5.503603374180078 4.456047585901921
34.309330848232236 2.2342034419941648 0.17511869363896482
36.27669851532985 2.911460387564747 0.4819410303219862
37.67490357453081 6.114565580374857 3.368739057520732
36.5277270350765 5.350548393483309 3.2492398707469494
36.71792085521565 3.96653138303866 3.0803312298214647
35.661540664900215 5.820367747568899 2.327720532179999
37.72199472840761 1.971330496688567 0.5895608228478078
35.64261250622016 10.302175590200072 0.08588911814766731
37.54830299117419 9.675642668130074 4.798028975141326
36.95568658382017 10.870310966159643 5.164000403624797
36.70355695363846 11.359171052357473 0.0797328452334678
38.929977512136034 7.868256599140689 4.258546422289703
38.06831476529946 11.0690628942872 0.15987816771667163
39.021896607355416 3.7038779527799215 5.962208117282948
38.357868670161515 10.029345160767411 0.19919191533606107
35.63946958623232 0.4147586107755833 2.423666455005127
38.36682840579948 2.739480750844601 5.169343571490846
37.19732610174817 1.2361971507041332 3.955680278257919
38.993694982212176 1.8558106755655104 2.4446168489881948
39.02786079024576 1.9497834570095918 1.0351648596885032
39.42813182525225 4.767750284940499 5.214357725699001
39.50150811910629 3.225155745045666 0.8156040090616179
39.39473946239108 4.379776523029861 2.828394986819834
38.969987985975024 8.040561996838736 1.3223504311454026
35.76376651778025 10.556567176816372 5.822752042322103
36.51466868664346 12.60868909047859 -0.04165687785529726
39.64613009454356 0.9509218092135171 0.35858584675039773
40.406255322995676 6.671480763033892 2.51909107485937
40.158811979408725 7.2131821617301455 1.2428350836630586
39.877299008967974 6.159371639219265 0.3962944549622216
40.706914751118795 9.17854058717683 4.179887142520636
40.756209889501115 10.678151800475296 2.499001585260221
39.73348351707375 12.522989325070682 0.06221570316484404
43.86915925553863 5.935920167995489 6.141480059841817
41.44921300375952 0.19365460060892115 5.194520816796418
42.05840890498615 1.7650474666039164 2.634148371286462
41.472326196416404 10.106465287513716 3.5282540331091328
41.66304275373698 3.9476768719585342 3.383962541947966
48.98737338325073 10.463047093005773 -0.28383925592744275
43.386688368710224 12.560485236893026 0.40543619312450985
42.55047156391732 2.8521174862770446 3.2899399993490377
42.537048804644144 9.667537823910816 0.6795649365314471
47.65245275287213 0.6430670688858195 4.001378570014943
48.52019161281383 2.6221728298764604 3.284477167872316
44.97400942610833 6.710950695575269 2.9525853985122152
48.4376989884837 12.491406869173879 0.11319398090495869
44.233691881207044 2.3453563172523655 -0.4161145927703025
44.37675979875829 4.465821012842672 -0.06970040190032667
41.304359165134684 5.220255253018039 0.054625136584849354
46.97653428878858 3.490374244895676 1.267352149124582
48.10168729802014 9.981043324420181 -0.3415672863274033
45.825928998518734 10.083148133743032 5.193142389116519
45.63389302762544 0.538020753162725 -0.42853364120471027
43.61406165180963 11.930071354923852 1.636029358358042
44.6189093978633 7.91344493866736 4.203222591710327
45.80094170767595 6.1410646751413775 5.419123972730007
41.92313421335353 11.123645949061956 4.318818176244392
44.38154068478972 11.1136847182525 3.7340615604993435
42.68401698375184 2.494989444648757 4.636105131015756
45.38281543298559 10.119213190580687 0.8995161734697399
42.40005740423756 3.5447864716648816 -0.29906553374948963
48.63390025802224 1.9544367189616325 5.428770442698303
43.429372465865576 5.371771790798632 0.2091707402107501
44.7811552956353 1.1522204795395927 3.7029410627991033
43.587348319537234 6.435460141368603 0.30922433753040157
44.3419601347649 8.686438854598116 -0.4481657761329072
46.342904181580586 4.9414534866518816 1.9813408357877316
48.61457319770803 8.930549811369533 1.516354842317943
45.62591280975684 7.828737409674349 1.173589514305341
46.88075973254428 12.360935852716333 3.9515169637544223
43.42779139492763 6.706320691997636 3.483606294614386
47.539260379181655 8.565059934248266 2.6791123457214407
43.725954809917994 3.2872565718574513 -0.2697350285922162
48.264683581975504 7.165695236282948 1.847321806103307
48.45964934118134 8.153490848093444 2.264872021876989
45.48582023380771 8.897546932501674 0.3089069346859674
45.80969119345927 4.8000363783167 -0.18554343136626628
47.90081862163645 1.9613664354716636 4.328505551448247
46.63448190680695 2.509030189347709 4.6863329134969565
42.56414278440763 5.521376685679919 6.1921156326869395
41.2332950376052 7.924361430763132 0.7689600976177835
41.56923167513646 2.919130437633465 -0.5900692018430609
44.83576843084805 5.886094834042402 4.981481508312493
44.427005906836726 6.890928694256374 3.8780555883027077
46.60462063205777 8.799484115924397 -0.5126287227022086
42.74036390394251 11.69108068217438 -0.4870557702039968
43.73252227607588 3.3509784764352313 2.7506221837247766
48.574564552338046 10.086782692483611 5.350594619848543
41.91792852042862 5.241697091510187 5.373222202735128
46.7625299296054 4.538748159589124 1.0594717284094146
47.74542396954475 4.965225201346306 0.859130421813169
45.87961680059784 5.822830828516225 -0.5558161996035016
44.901733652847554 4.867290003177034 4.599663087255386
42.62295662562723 9.565418684747184 2.9416861627866755
42.23706232882887 4.84161183225542 -0.027800394972522513
48.33920737169774 0.6894792910485288 0.31995970570631305
26.294855952116844 6.482490962241112 8.642867629324705
25.55593856995399 7.480612198603796 8.124305733992916
26.160532042301913 5.433117983883475 7.627248335101317
27.163678448905927 6.295931889353281 9.840104677999896
27.163416216752484 7.213473164217835 10.428507550705714
26.764736795565305 5.498190880796123 10.466646648743573
28.642272205200744 5.904463490518791 9.468462553835629
28.64603778611217 5.760416819304256 8.388029132986286
29.273768264535896 6.755445730184289 9.723691774981356
28.89416418445656 5.0114208681487655 10.040411245220099
28.91328029738351 11.133195659800714 9.091156480850723
25.49584726767493 8.490366227959434 8.502704776723503
29.868163931277174 10.167830071687543 8.864074788206999
27.918455522264136 10.695016681431172 9.920058141436243
28.332935246541126 11.485030412317068 7.906950678679564
26.311499056582655 1.58710462767254 9.622521811725786
25.186039438969345 10.329658958512839 6.583657732526703
31.09497688444056 9.022814032462776 7.189223839736668
29.530108523633643 12.326871950863044 9.543318093392584
25.039542634176353 2.0746748111377546 9.332556836704901
29.014368990952466 2.237548050693413 8.856678801028272
25.019279769644495 7.1633354104007 6.970309589378168
30.516724793259545 1.4438903205075422 8.770364962677919
26.607343859218055 4.458427233308563 7.756620437964463
29.492877736708362 1.3691102114487457 8.403970175469029
29.56588043188775 1.4513236127884905 7.319529507147736
25.46389034505801 10.829391817353786 9.226591123013753
32.3800361981094 7.200637815473839 8.403669313492394
24.65524276419327 1.7645575123934218 8.056105069924245
29.49504069828684 7.55673412679442 6.640388736235174
25.366519525869847 5.882616443493094 6.6057065877528345
26.753502327326288 0.7350920955265332 7.029755579030143
24.82371966600629 11.490940968946028 9.791333738462525
24.872081170699907 3.449732745536867 9.48818878359535
31.252790576352 4.91511979657518 6.535056714470249
32.506113103752256 10.445615105021927 9.022798058106567
31.854014642905156 12.73467998258321 9.085239275046126
32.85410198196127 3.1035891156478876 7.9450921288776835
37.95330392469043 4.105093705409756 6.859092397243964
40.06236581051092 3.255440178049637 6.717492558586249
33.58288114504351 11.820113823235635 10.470032220379673
37.46040858826708 6.71510993149402 7.462999508821783
34.10117814090853 2.8006060924310057 7.59046058172915
34.99341924897152 3.280039195048631 8.530164014761613
34.40079801117183 11.359104411822559 8.379789788517545
33.77096263566703 10.866461309224452 9.500108327576003
34.139333513136386 1.416055067969375 7.434882386896979
40.54538700191179 4.5403759280243845 12.46271598441913
40.780016112022174 4.435013571805679 11.40349553778844
34.412726194484875 9.711667641847802 9.876498171527611
38.03527822683847 8.821615688395678 8.23921292526187
38.424879529136135 7.594279658911457 7.740488819314626
36.978919745331666 4.530625716193337 11.85932025899506
37.27514395543311 3.6400984522800535 11.324893080069407
39.542848879912526 4.441137501790091 10.50552789877729
38.55438905491783 3.391626868263213 10.801381767005314
39.00880199955685 5.385094444606683 10.614336080142886
35.43539439687509 2.5401659558679226 11.119026349915142
36.497480980958045 2.6914848747999396 10.994629112482436
39.70325037474206 4.269820969880849 9.441092834055722
38.469499169931005 2.1307407388234427 10.37360300309121
34.64715750136279 6.951011724449338 8.16328986537279
35.812330809185134 9.368071965647642 7.775462059887873
40.25472084003729 10.104053356666656 11.828195335957833
39.308254415008754 7.052575476147624 8.576395401375901
37.251032980180256 1.7585123876087836 10.4198384315522
36.951440052911906 0.85907599222621 10.07147332342097
40.628730607927444 9.119511762591285 9.586532850483545
39.30227449981527 1.595240982327444 9.942180633959985
33.42895991194346 7.130863330500348 7.483508951201089
40.66059162966867 9.800907381365947 6.944908144172595
35.76245664857384 5.17798921414372 6.6983673796627885
39.077222219677886 7.823331851860077 6.551804715941138
34.20803786700122 3.337121065419231 6.35806320111741
33.53981522331489 8.304361507977616 6.818980508968612
33.19629947211788 6.084845898480233 6.657051088989853
41.282573805702455 9.790954478686176 9.049826458013541
41.27007290668806 10.15751666555303 7.762075441208035
40.99170687662736 5.726562849774818 7.57607174788824
41.48681907595203 3.6126765647990244 11.2926288743628
46.1968312262437 0.5186047099204347 7.361096871927632
42.2279669655683 11.202961254610852 7.736174256769256
41.348926231096414 0.34898631118851803 8.542285461224472
48.14255676855457 4.777829742282378 6.913172592297933
47.73159872637451 10.025366981165575 13.325116093352959
41.4494556075885 8.931332039190423 11.962674691765239
41.3229496193069 10.012197153617638 12.024536144120095
41.3628289950884 5.315522910702193 11.133065422271775
41.4045943557867 10.274929342344462 13.079242707136526
42.2043196522196 11.865394235298652 11.50026010139776
42.244536780345314 10.82058029925608 11.192288638262054
42.04793952967429 5.837540940736637 7.379968596837097
42.03619692613572 10.65322275974595 9.770038627917462
48.306155902742326 6.917266612103265 7.517142562339664
42.499342380667876 11.75262281165272 6.933474090601185
47.279773246943776 11.025051064134706 12.523356725870286
46.00318906322085 11.07634477648285 7.120265521936449
43.9864494761416 2.9468905487771293 9.29565502718419
47.45853688629343 6.167435906237481 12.216760963372838
47.017346438993656 0.9697918110346492 10.255502360875873
43.01666758993047 6.767657944166677 9.090589715882496
44.13443571968902 6.557959130621917 12.13675006578149
45.07948092208861 7.052697248974346 10.268675226899068
44.26951243090635 7.538172190123323 11.19677008899409
46.94649863591692 2.8633214012795514 7.17828717175246
46.255066576400615 11.16098301255896 12.210468975028395
42.68380689904263 2.970995733313549 8.796948968714599
48.09250699805675 2.624945129714193 9.134716654897394
48.39450660682249 11.773874299706081 12.233675869824104
49.01106612368288 5.844423658758435 6.953963416669554
47.64430081948919 8.361092737724993 8.986504295887276
44.92659913874338 3.3675711113946183 8.36721340041237
44.44489330046044 1.687404771541295 9.582605944561836
44.105081084909024 6.487615157113598 7.321384654632002
45.728302480081666 9.87767629100904 6.52760040392028
43.241843232362555 10.444235069310187 11.419981652829659
44.50516136033651 9.364690030284855 6.950729299887973
49.08334186133552 1.6737248797949142 10.871122363265076
43.04294074303373 6.4427276239782145 8.134645152439152
47.301051696531495 3.012929421223091 11.132834521382138
43.12381798714133 12.383372726662982 9.303338522045408
44.0798829253125 3.729748307387655 10.442991735184759
45.671305648835364 4.685337042781299 11.94833993028974
42.05232993925008 1.9322218431511187 6.809898906996929
43.07588042943887 7.848709194438254 10.54364715672987
46.67911545036686 9.010377569252912 6.930090504010888
44.771741500229986 8.604557892943582 11.800240358347843
45.084911176718954 6.846416102653878 7.599943216798798
42.64571022222032 11.468861485736817 8.984775882552832
47.91046245292635 2.068538995264007 10.369063390068474
48.39126458005353 7.6870122764564375 10.940664160361015
48.63678257108348 6.5462204780551 11.672056934968401
49.082270074614996 10.066091718356953 9.062074581073576
44.21003053598714 1.0342531166809015 6.276426356911361
48.4484219171445 12.556552481682049 11.597587823539534
45.00326385753037 0.0014151414377394647 6.790052111033362
48.08326468994244 9.307154275197266 15.833775596360848
49.0484991723148 10.275548884352467 13.609897195934487
47.214022488075116 9.154068592686642 13.698417520838188
48.90505868148571 10.668121724516427 16.331053920883267
49.10575982857134 9.663003271121525 15.96016856903679
25.789950868130845 13.469999517001323 -3.349999898600695
25.78995036517484 16.308682933191896 -3.3499998858385016
27.019039737957467 15.599413051544985 -3.3499999479719476
27.01904431754009 14.180520451774164 -3.3500001094286267
28.240955658219747 13.46947957839085 -3.349999921248962
28.240959761471924 16.309196328170707 -3.3500001745902597
29.470050071754848 15.59993514338525 -3.3499999305428885
29.47004910281512 14.180000510371489 -3.3499999037558634
30.70000000887167 13.47003071852015 -3.349999914343853
30.699999996946662 16.308651888567308 -3.349999931292574
31.92994995183981 15.599935136538946 -3.3499999714892956
31.929950900002137 14.180000508244854 -3.3499999572697248
25.78995036713082 17.721317037131197 -3.3499998815227072
25.789950878813823 20.560006194925858 -3.3499999086929453
27.019044340851533 19.849479815249875 -3.3499999889428533
27.019039735965727 18.43058695091793 -3.35000002351728
25.789950759756177 21.979991349047364 -3.350000128706374
25.789945900111853 24.810544323963953 -3.349999984714256
27.019005314419594 24.108918176606746 -3.350000012225128
27.01904451010694 22.69046344124616 -3.349999914717724
28.240959789498483 17.72080366737435 -3.3499999607287623
28.24095569409651 20.56052636683275 -3.3499999295001492
29.470049100886243 19.849999714647094 -3.3499999234714073
29.470050077660563 18.430064880284068 -3.349999888716302
30.699999993386925 17.72134812944826 -3.3499999875252238
30.70000001308938 20.559974950267655 -3.350000136569271
31.92995092462776 19.84999972490705 -3.34999999890244
31.929949936424492 18.43006488811727 -3.350000114692131
28.240955971768056 21.979471053075 -3.3499999058432675
28.240994681326743 24.811081778939275 -3.349999942340159
29.470054063189323 24.109455649116686 -3.349999911550834
29.470049095022087 22.689945731204897 -3.3499999115439074
30.70000001482218 21.980022634620834 -3.3499999106629916
30.700000005099618 24.810510165750262 -3.3499999425051543
31.929945967192364 24.109455636011937 -3.3499999429950424
31.929950925884555 22.689945734868843 -3.349999877054488
24.56000001651122 14.179969294985217 -3.349999925609921
24.560000006083126 18.430033159982038 -3.3499998913713913
24.560000011418595 15.599966850082671 -3.3499999158935987
33.159044360987785 13.469479565031481 -3.3499999139541847
33.159040250432064 16.30919631207178 -3.3500000088950745
34.38096023902316 15.599413049342305 -3.3499998944286813
34.38095566984634 14.180520435943038 -3.34999999327537
35.61004906819289 13.46999951658014 -3.350000165430318
35.61004954800099 16.308682952711536 -3.3500000973338295
36.84000000989698 15.599966737902863 -3.3500005123424383
36.840000007969024 14.179969327129854 -3.350000167746189
38.06995090152869 13.469999514245433 -3.350000055076543
38.069950376205085 16.308682910470893 -3.3500001854984807
39.29903973978385 15.599413018065182 -3.3499999323070218
39.29904429489746 14.180520429147167 -3.349999873520125
40.52095563947595 13.469479557410935 -3.349999902567947
40.52095976420374 16.30919632958161 -3.349999933960781
33.159040227102814 17.720803660452056 -3.350000175547274
33.15904431917452 20.5605263604252 -3.3499998610922246
34.38095563961463 19.84947980366392 -3.3499998971988254
34.38096026247809 18.430586969114263 -3.350000008288471
33.15904403829611 21.979471053477134 -3.3499998500583605
33.159005341500325 24.811081771950278 -3.3499999708232773
34.380994705739695 24.108918189823893 -3.349999932687404
34.38095548902499 22.690463460060734 -3.3499998493201497
35.61004961600636 17.721317053264965 -3.349999899806655
35.610049092980056 20.560006189468098 -3.34999994036028
36.840000004313005 19.850030918670637 -3.3499999596455576
36.83999999509943 18.430033165347318 -3.349999902208798
38.06995033079963 17.721317096522515 -3.3500000615385703
38.069950918097085 20.560006160666987 -3.350000050385764
39.299044352860605 19.849479812396705 -3.3499998992744517
39.29903975796593 18.430587013632863 -3.349999941153432
40.520959746505284 17.72080368094605 -3.3500000705678867
40.52095567162716 20.560526377589145 -3.3499999179769633
35.610049185042044 21.979991354679193 -3.35000015209706
35.6100540704388 24.810544340151875 -3.3499999139042447
36.83999998290366 24.10948986038548 -3.3500000104224172
36.83999999471672 22.689914877895987 -3.3500003827909786
38.06995077242085 21.979991351002923 -3.3500006203160773
38.06994591970984 24.810544352762665 -3.3499998933085595
39.299005308396694 24.10891824522479 -3.3499999902891964
39.29904444802465 22.690463489108588 -3.3500008325786244
40.52095603978612 21.97947098882238 -3.350000201320663
40.520994647591145 24.811081771674782 -3.3499998763184857
39.77704895862404 22.51647154352949 -0.9041230407131551
45.43904403616796 21.979471058099143 -3.349999909784379
41.75005004792615 15.59993514312945 -3.349999934608964
41.7500491026255 14.180000484792092 -3.3499999286547166
42.97999998657925 24.810510168375064 -3.349999923942063
42.97999999823348 13.470030723014853 -3.349999970568538
42.979999995515314 16.308651892040267 -3.349999934844811
44.20994994884827 15.599935136184083 -3.3499999345122355
44.20995089083921 14.180000495490232 -3.3499999594142404
45.43904434677175 13.46947956315511 -3.349999969060616
45.4390402351704 16.309196326842855 -3.3499999221559795
46.660960194697786 15.599413075671887 -3.3500000944567274
46.66095564470733 14.180520409528684 -3.3500000346188816
47.89004913753763 13.469999463277844 -3.349999977735502
47.89004963989341 16.308683005243157 -3.35000029123399
44.209950908714 22.689945734532422 -3.349999917838468
41.75004907342374 19.849999751116847 -3.350000020331856
41.750050074404705 18.430064900047373 -3.3500001013285994
41.75005402893396 24.10945564425262 -3.3499998959668007
41.75004906578176 22.689945728845746 -3.349999889470933
45.43900533756864 24.811081780484244 -3.34999992558229
46.66099469741607 24.108918207354577 -3.3499999126470046
47.89004926028287 21.979991350120738 -3.3499998713483747
46.6609556654235 19.849479796165376 -3.3499999010569868
42.97999998399776 20.559974948374197 -3.3499999356438326
42.979999989787736 17.721348134199545 -3.3499999202703368
44.209950891160986 19.84999972927354 -3.3499999149075377
44.20994594421861 24.10945565011174 -3.3499999260117255
47.89005406310904 24.810544335596603 -3.349999917383345
47.89004965591661 17.72131708312236 -3.35000011128326
45.43904431986483 20.560526366605036 -3.3499999137389858
46.66096025746617 18.43058697882861 -3.349999922322031
46.66095550591888 22.690463438684137 -3.349999896897958
45.43904023417736 17.72080367865679 -3.3499999208986644
44.20994993444743 18.430064888933707 -3.34999991879854
47.89004914726806 20.560006195443712 -3.3499998753621316
42.97999997919377 21.980022631337405 -3.3499999033594574
49.11999998992269 22.68991480598264 -3.349999942453855
49.119999933019756 24.10948972626733 -3.3500001660808976
28.343076385309388 16.261035504132817 -0.6990554743644073
29.462148129020314 12.957251556248492 5.4665898472152215
25.082038645156032 23.015355144877933 5.381478309493687
32.10755027878801 20.96632363039053 0.09676875375584149
30.64081668947599 20.36886157916739 -0.6741559241575723
26.947133280007698 14.109320508604524 -0.6488956019890013
29.849894511962233 19.702795608091904 1.6213263402877842
31.54600910432828 19.841507974131606 2.168627293243779
31.451645401247692 13.270446273558234 4.639775632551255
27.98240303237582 16.587328254910883 1.0161983546840692
28.856332160268316 15.207558573679044 0.5927763386454132
26.914126648323265 14.35233997706661 1.09536506765334
25.753535126001353 19.85942050384049 0.4799253046999974
27.126492657375046 19.87682615766118 0.4884176354609493
27.70748846020187 18.931814703503836 -0.3508358607841522
27.304243065343794 19.039799969821964 4.076936553386563
27.487400922220562 21.1014604273569 0.0051751907348907
27.43290735919262 19.642641514147176 1.8094628461569806
26.813805148340244 14.85599192683498 0.1339232804150592
25.508760666631247 15.43681179035757 0.12395060056220153
28.023620201420783 15.818626091673 0.2445131020019553
26.81666576761723 14.367292858311771 5.035612085280718
29.082841920294694 22.299072305818253 4.547599176852934
28.82960205238342 17.398146833789315 3.136483559092743
28.517273120929534 20.986221420508983 4.563550053250648
30.035271898132663 16.83995529438771 3.412141102264407
27.570193803190715 14.31971986885255 3.840615948461703
29.714588961085262 13.841979262383289 3.1427153293493504
28.83730150937504 22.924563660342724 3.3475487085687696
30.45225073899211 16.220635647829752 2.2797102401007328
29.888905260990665 15.907564949738008 4.38635007879466
28.47538823568244 23.145395160237104 5.428936383560568
28.466698905979648 23.003293202842993 1.0183817432359465
30.457765408685912 22.25592672305543 4.64109447965492
30.74016165637728 21.244527872856278 1.8600124389800943
30.6323312695236 23.045651548393753 -0.06416132700428068
25.739954540862172 15.26081200494781 4.825887526609808
26.13516341271206 23.738709718324913 1.466285631831199
30.79559593816446 20.225352381550866 1.4775096831997891
26.847570703538413 17.839322837601017 6.098604197904748
30.990321065603396 17.835600046501177 3.7901757304282047
30.28493657664588 17.612904341821263 0.2021102689622234
31.395900766368307 20.14090928143982 0.07816434459606669
31.940916530716187 23.755968243034033 1.598773525290782
26.210222750666457 13.1021436515267 5.145523967708959
31.308564170495057 13.190199706342447 1.5617484974457219
31.528665095483152 20.2680596653128 4.88317636224323
31.338684061648138 17.671416708976246 -0.02722036723864063
31.121323549464822 24.152122763683717 0.5383113912272663
31.98563568312658 18.839858631561505 -0.05400024315962093
32.427711688367275 13.046113533842965 0.7318846871354112
32.42603595474939 14.09481237792603 -0.12801356043024237
31.989614470467668 15.710523578142865 -0.24718511952695255
32.19608043306778 16.697759190568547 -0.19391550517757872
25.408461284292876 20.282620447064513 3.6090132337518943
24.954543804410083 18.169029214559135 3.871768431357588
26.73861145215311 24.893708026698526 -0.3228004290551356
24.83877315722643 23.350218915000124 -0.7348745760155351
25.950473665776165 17.422928505862338 0.7477894711297839
29.966512256031137 24.681579412577648 1.1149138806700432
26.086622011195185 22.646454908834578 5.236134316015722
32.27136785048761 19.895199415900343 5.572935633363562
32.3523043688685 23.48818405495712 3.85604004568211
31.8877881396489 25.047431885874047 -0.23484401029303825
25.165992876076167 16.763720363234974 0.4065644497969101
32.64918608717511 15.38294373965571 3.831839326880556
26.139690115238498 25.047217385432596 0.9144080983251301
24.858511798639533 25.497209499598615 0.9626217585364394
24.561744079365173 16.824221000140522 5.814093096137764
27.485118047149573 14.69982842683501 6.238875929681278
29.2572085981954 25.460973567685038 4.550388847778986
34.32786800936366 16.62293843228779 -0.4672745786950072
33.44278179770804 22.694563144226358 5.965427521271229
33.35905514687138 25.23722166352504 -0.2581150685666622
33.004629550852194 17.622424194222912 2.515364079932078
38.217657075254955 22.37486645641147 -0.2079483094262513
39.4056560394322 21.946921612964204 1.88114571867956
35.4017643913834 23.696592359846967 0.036706773999870546
34.46252116180636 13.357302736698925 4.483426012154544
34.24175998986282 19.590173951020603 4.721990291869396
37.01569700451764 22.219104535551413 4.665899285640144
37.72138264071212 13.224935555842297 -0.08740610651411407
33.567090763652054 13.021514661641788 1.6070615337574867
34.09628923906855 19.330311609275153 -0.16307850008565605
34.974382229007304 14.241410559610367 4.863493908212414
34.06488015469161 22.08153319644425 2.504391125939096
38.09167226438001 15.707111566819236 1.2260682035111736
35.73835737340541 16.120554831212267 3.3574405991322442
34.78573755186994 15.360313652389497 3.960646113013695
33.56143305823964 15.925458350899115 3.6321311392076616
35.09955885704956 17.128990191905753 2.8038122878593663
33.332834820176814 18.567563591444404 -0.2049450905225214
34.96897942286247 21.325549955884995 1.8865593053536256
34.88687696979435 21.427734346175974 0.5230171174442466
34.74372465444459 19.977607802556186 2.2603232191202993
36.21848040974305 21.746559019562476 2.2902363421089413
33.76291944970519 16.984918759739696 2.9454608716267483
33.477475679087 17.257263415805387 -0.26512438757341994
35.488016333260994 17.91371617802993 2.300417893952652
36.81395745617404 16.02775050530842 3.327914017577477
37.70999581749996 16.68429377634221 0.2937624403333239
36.02325893902364 13.982657544920324 5.008423286461902
39.224068479443346 23.907817536645506 0.19707998937698035
37.89961000485037 14.21374754025562 -0.1902937446249353
36.71638191270683 16.10264605277808 -0.5831133500886143
37.118282096906064 17.69938615483157 1.0876335423971328
38.26606567652401 20.46322165297309 4.615336734666593
38.7806592252333 17.049827744975847 -0.425886724284249
39.187347863382 22.84657326326757 -0.04891226368781143
40.75143366620668 22.931093541206252 1.3129191984464272
40.04835903789587 22.149699788139717 1.0244579882782034
36.58092544541961 22.09323531443798 3.7629980559898946
38.70829832303598 15.853946069191124 4.943037915932978
39.50130219338042 15.301468987679764 4.461048355917762
33.53381740539438 19.546289180204077 5.536417344452007
39.08067748082758 19.88712918717746 0.013092127865842462
40.74363897591177 20.99532944266921 0.6203208651532821
39.52479099980932 18.308743054985623 3.06092590167101
37.97292776478668 21.38123455210013 5.102904659827133
40.157378717805585 19.875038771278653 0.09656828005445206
40.55470215392391 18.34868080263471 3.4155919295542434
39.62581053057253 14.037996063037628 3.986339679704727
36.726096564443466 18.794487148927526 5.826801864401929
35.40111917868631 24.7676019441939 0.17576810553258437
36.91624370398681 23.159514185675835 5.599987114455534
36.230544851249654 23.993902486854683 5.603626639401194
35.612041915679704 13.201560087445372 -0.05465276516033346
38.50053185364777 21.851405585637707 6.229203654602708
39.082482874962395 13.159901917379603 4.302797780888473
40.58520248037254 19.276043523339652 3.9875780432735244
40.73971565015716 15.862817248527504 4.218942384793321
40.89597350465559 13.888649666403078 3.316120432194415
39.13023644537674 25.48596016545868 4.056163392811674
34.2787468546978 25.518770069922525 0.050101830934935476
37.42672363007674 25.42821105527947 0.6188911223725946
33.29118651876811 14.78371750392935 6.052387727160623
44.1482510540494 13.300564670866173 5.194968906009328
44.52279938035077 12.992078814683047 -0.2009308589085801
41.11095318494796 18.366304879447334 2.478375741892159
49.07590605921714 21.69552623186507 0.004380141576839636
43.16806925479283 24.734532284169447 5.703341829707146
41.0318132909256 17.491285500178876 5.497188642058537
42.74982232036567 21.562533812729715 0.7809509061177577
44.85762492620735 17.762322335022166 2.7151371975534646
44.65396375431816 18.73849099794716 0.7243382764067452
44.43960725257386 17.589993106624785 1.4171047570116124
45.87600674708265 19.944522986446735 2.430843322240835
42.3095262112175 19.620636527146655 -0.043459694232571566
45.124218036942565 21.576747111689603 1.0243731144160428
47.70049635408036 17.213054959373984 -0.29223692518355215
45.89220989305599 14.687678776584765 0.12210850169296572
43.24810336218069 19.26131141541076 -0.14375124802062267
46.738617507408314 14.700194983685117 3.589189777343036
46.12253005624562 23.494624514783293 0.1522889611981859
43.913419662692164 22.28339317015611 4.2167562149279325
43.84843822544718 14.1972544933695 6.169151482277419
43.079390665543 17.15728852385834 1.4249086906162256
46.87098924569174 22.603617952810602 2.1042528694272864
45.072805019071076 16.521380697813818 0.935846027062226
41.11175225401125 18.02631517598591 -0.7071798221181935
48.32038469819489 15.798810505282917 1.3296211086539533
43.4880595483181 15.350577438434525 5.506307415381805
47.18167516183348 13.457197992605375 3.1217567329060314
41.16806294844937 17.28372159270507 4.435843619724387
47.60844180029352 17.56689260977653 3.937486501749871
41.085239534870425 19.0219059540345 -0.2894525446786811
40.96625815435468 25.077919665326384 6.095827583299952
43.415595040719246 20.22265676838136 3.3072180132678577
42.04953243683965 20.80386425171538 0.46406831553927663
44.92705304693497 18.306427066907226 5.880664234323917
42.94205712549237 21.28615535097219 4.111542278167444
41.38460453461875 15.04652047352075 3.372537921536085
48.20836669077274 19.56528245435732 4.785520171965638
42.67426699851855 20.90381004609314 5.409034493874747
46.65042417287112 13.204933575189283 1.8503351662494083
43.27381802133431 24.681983359626464 3.5152663001326125
48.42555150063459 16.111480657956772 -0.0012260468101288335
45.563502794808684 16.492479637241193 4.715629419992928
42.504681747669856 13.666361734647932 0.5170087036693904
47.8435498589907 15.021797156561705 -0.5872451807508394
42.32921705746026 15.345265289655854 2.9425859283153164
41.23898332645853 13.016979896867761 2.9384485177143116
42.23550627498764 17.333511045574504 4.2209349034501
48.1433766466258 22.220416194479117 -0.14149453672355317
45.75925910287829 22.778242746639698 1.29193203091864
48.539643673100265 13.495712607178255 2.9218134610605295
48.87312111814954 19.439107794104096 0.027072262260734448
41.804930110520885 21.854988619580435 3.497238734501801
48.10521233083915 19.40120223740755 2.6386412603154707
44.89729342996247 23.573485948987344 1.9260758523512433
48.4096353421375 18.682389381706173 3.763073945414747
30.558562073098038 20.14994071203411 7.447420617156052
25.496272558081756 23.566349193599287 9.274673307298247
25.51024949663867 16.608290096781097 11.845368142441378
26.809612347479398 14.432474172663746 9.506728874649275
27.420656146210924 18.89569458957577 7.884354823211758
31.49920752422461 16.22908597157628 7.891742259708783
28.06565509204693 16.814030467234197 7.711759153573553
27.617317078071128 14.499437750944178 8.777874329701566
29.198974670819254 19.975800563474014 9.019118875119563
30.26083933570456 19.79200107402493 8.855530424631798
32.038430455614275 15.908510572320905 9.13228534988956
32.283434575426334 16.92012527238568 10.023434531855134
30.987503090807433 20.184786049839882 9.566712363223528
30.35100679597952 18.73182092413063 9.092148004199185
27.00526062522435 17.708323395605007 7.4353638285011865
25.86186975294251 23.346870583175907 7.773973442943408
26.36105834728934 22.39398016139888 7.598159358714549
29.638517502846945 15.283692133993 7.051140141563092
25.66706214550909 13.67242206352569 8.77055233215705
29.735010120055822 19.86574667312868 6.79236647509452
31.130520198355313 14.94524215133244 9.604409490134577
31.850951599755977 19.67122221409257 6.885127668441396
26.623852834524 15.428001967414724 9.909863856331416
26.31283366861292 23.468366634189753 9.990024529330494
26.57885291941392 24.141622003916076 7.568047925042021
25.360144547506277 24.647694049117604 9.258472420542672
24.753589475873138 17.306917720476637 11.488317646773913
30.08886230304063 25.276717830861624 6.931516113086035
24.85834021721889 23.455255935989854 6.715320591824742
25.828246500759143 17.35009953214984 7.96248748576777
25.9820419496764 12.873651917391394 8.099095723286231
30.271466016260433 25.388882322139057 9.15830519653218
25.132800625877785 14.414822880335459 8.17767320717396
30.945239551498553 13.377935550590008 6.942244337022019
25.381556800580533 20.524307274942277 9.06148335796057
30.639371911351635 21.236780768735567 7.428753497911789
27.440322968145693 13.792953995820142 10.124238434299691
25.993954586157656 18.719321896721013 10.66033524759981
24.772806888340856 12.866008424629591 9.681550329081603
32.10781118797579 24.344114427414947 7.0840432197165075
25.03032401696941 18.772939488299 11.166932998072715
28.584113897714523 24.949244754693012 8.90601788257513
25.193897912009064 19.21940111951799 12.147756933867882
24.64602978278028 23.015157271089855 9.676387991691781
33.037972362690404 22.65821630841681 8.26756441194937
32.88782778967885 18.97455111439006 8.597675860187625
36.16773202291668 12.774647506438464 10.620888006392814
33.23867054081994 15.250609049490253 8.994101931705053
39.23069310514714 21.36156164773766 6.856353926261265
35.29575272023022 14.344162899113082 12.131805409559199
32.89790718317336 19.25342369575641 7.554350173177587
35.80758587528624 15.27699193462924 11.895253486423602
37.994480160336096 19.244636548426033 7.535575441431305
37.17220150038189 22.637481189059738 9.133703024624083
37.24861154886149 13.681676320759236 8.89286756555254
37.243652844631846 15.607855437455264 9.84341196621873
37.26692374901171 16.68434910940622 9.927196447113468
37.61376975917221 14.968390187025458 8.759323907666554
36.50039586549388 14.861764973893937 10.623665750887307
36.5893260054518 13.596012314084334 10.06051458941459
38.167440735903995 15.378619643621569 8.020906517259952
37.79579700026855 23.507420163227277 8.01049983593762
34.34105021694224 14.577771141783094 6.260887873838884
36.07367666632634 18.287229914991673 7.921206746853028
33.28364072037735 23.50124325380611 7.165458619455944
37.10407258482149 18.252998625523276 7.059833669904073
37.69703736413863 21.682496820625865 9.159240685599732
36.916394297382574 15.736139493598172 12.844586295498647
36.11004025645759 22.50513430439978 8.927795778001824
37.34871760936931 23.010441940958867 10.142584752486888
37.23891203214211 24.441130771163326 8.089008644994937
38.84553607036481 23.72827004079954 8.20382137291674
34.926991598911705 18.983192482108205 7.162737150924187
35.05031913198631 16.052251862664555 11.778552483118151
33.99204524411671 19.185219787821577 6.838452890776069
34.42543967544674 24.20626372227605 7.449467006239016
40.44864772276474 14.10652182934856 10.770921187550105
37.804120966342154 17.037797512432206 6.943660248617284
37.00819455769947 16.809351818414214 13.011583355511032
34.90095714144304 15.294433684419904 6.861719827393067
34.22486053471273 13.651730172580756 6.8239581013137265
37.695165159416874 22.886310033682047 6.654765885481531
37.44535099715406 12.867222638583291 8.211428801643724
37.885786830064205 15.320855394920882 12.569055471173426
42.55419898517951 25.414380393050827 7.714806283568377
47.24220085654495 24.6902461603411 6.842676459633732
41.58628180173688 15.15982616301557 9.09919082010146
45.22128973116882 25.193300168928026 8.844312679239279
41.33707175092718 16.204277375018556 11.056376166617262
41.517881329394065 14.970612185711861 10.471263551682181
48.96436137000729 14.767758718462604 7.5889045205403445
48.794042509272174 15.713023316498612 6.575713503548989
42.74323141550152 14.448986570282198 10.866042807497726
42.14228385855095 24.66994297041706 6.632392398398894
44.365944412217075 17.558635928700436 7.91094263912815
45.078742090091964 18.56696569582692 7.217258359463643
44.99822324357036 24.72899991865692 12.388657882466465
48.44207177192091 22.864863373047747 7.159803390131748
47.72643986170008 13.704125036268671 10.222834029383357
46.702338118492655 18.578113072066436 11.562269629183003
43.71461295973334 15.54940407317396 8.638137532248056
43.79178665039511 21.88385326755805 7.283025672848301
47.43695245448135 17.98219978090523 12.083450141665086
46.89726542546525 19.66646733689758 10.969760085622115
48.63144206646044 19.156471934898384 7.230877422161381
44.94919767813735 14.56808671759916 6.911864282923565
45.91113001878293 15.026544452232363 9.898298433619122
45.59650069431763 20.926775002188048 9.706499196008675
46.405702922675886 18.450083570348465 7.579127527268902
41.95139483998714 23.713919479838193 10.727623873962315
44.78596429925814 19.28635090746403 10.880238431354313
45.43469156811427 18.415050400613097 11.668808863170113
43.73132058299454 19.233647331640906 10.653635331882818
45.71930511285041 20.119243676838025 10.413048722476905
46.118850105010985 22.442119125223286 7.558228075456661
47.717962318106174 20.981109147383076 8.366776284648916
43.52219711571129 22.511310611686444 9.677334713392396
47.42268379748651 22.347322779853418 8.011806355637445
47.82233271940494 20.071783382046736 10.961429107413593
43.27086255861317 23.22797010791719 10.861011858630437
45.75202848638998 12.828908010130474 9.809036332403778
42.00964632264696 23.35376747335683 7.0953530357778885
46.35835881473567 13.8762652501079 10.497354559243878
44.51677899203326 19.809917919104773 7.532693747341405
47.27119055739475 13.205911804724142 7.882443983690045
43.48473422676177 22.425266285694786 11.968129949853255
44.81235416207985 17.321283300405973 12.477147750819375
43.74645826636059 17.415339708055942 12.2694957993143
45.11220474330639 16.303829594369645 12.22619439609112
46.08638012384818 14.06702609972481 11.82460800105222
47.525375399849246 23.039757086564407 9.204490745266733
44.137824592350555 24.373793169297095 10.923226195524215
45.84348081352094 25.08886540946343 12.808344037368157
42.91670293126017 13.718292081151612 7.013306881322312
49.01940486444685 21.82847374103305 11.704603491582223
47.408328517252464 15.982923965640582 6.398066529788697
46.82594375950166 24.45436740681794 13.282713044751937
36.66631207387361 15.408201576409613 13.853553888540139
48.844380269836634 25.051613440827225 14.74695993775473
47.64564524688254 25.39284307638749 13.845775960486785
46.77361577956183 23.428042743927602 13.614856791890809
44.10904119706136 17.893725263687603 14.492393264312343
45.21795594808152 16.542393000786564 14.482511664214927
44.99719521536085 17.495444563803296 14.001827342358036
48.453392127784234 22.081870395075203 13.82993489594402
45.64790116662229 18.29560113929175 14.354575439006599
48.57638213049573 24.253693144719122 15.439491669605594
25.789950899648026 26.23005425068234 -3.349999925570135
25.78995090625178 29.07000028568813 -3.349999903480363
27.019044321514446 28.359473647187695 -3.349999914052857
27.01904402521839 26.9405289522179 -3.349999913315571
25.789949930980637 30.4899351196253 -3.349999946068375
25.789949954088765 33.32006487371736 -3.349999896009229
27.019040225791443 32.61080367775789 -3.349999885640138
27.019040221338265 31.19919635176087 -3.350000091538141
28.24095548245494 26.229536563230987 -3.349999918566109
28.240955648074372 29.070520214134355 -3.3499999272061345
29.470049108372194 28.359993822164817 -3.3499998886199887
29.47004923626346 26.940008661637897 -3.349999899950813
30.700000009533785 26.230085192039287 -3.3499999079642095
30.69999998335757 29.069969083617444 -3.3499999255677
31.929950897885448 28.35999379984268 -3.3499999472988895
31.92995078858748 26.940008640868157 -3.3499998921747167
28.240960255880683 30.489413014821565 -3.350000044781154
28.240960229425717 33.32058697510866 -3.34999989930163
29.470049623429905 32.611317047326175 -3.349999917955202
29.470049631741677 31.19868294366906 -3.3499999534083735
30.69999998557092 30.489966833912316 -3.3499998959462287
30.699999987991795 33.320033152521255 -3.349999916608576
31.92995037078432 32.611317052706454 -3.3499999097085817
31.92995035813003 31.198682941379033 -3.3499999030374705
25.789950899028987 34.739999721203816 -3.3499999765050434
25.789950920588137 37.57994573908729 -3.3499999049036164
27.01904402596274 36.86947105361904 -3.3499998883978446
27.01904432514857 35.45052637695134 -3.350000025138727
28.240955633780857 34.739479785307395 -3.34999992356823
28.24095547177434 37.580463443252356 -3.349999890183909
29.470049216169166 36.86999135016146 -3.3499999036102523
29.47004909571672 35.45000618932533 -3.3499999152165962
30.699999989251605 34.740030920520745 -3.349999922488498
30.69999998966547 37.579914819095784 -3.3499999167859706
31.929950770385897 36.869991350995235 -3.349999931235519
31.92995089556272 35.45000618618304 -3.3499999291138973
24.560000005618793 28.360025063055875 -3.3499999108106793
24.560000010136825 35.44997494264623 -3.3499999094134525
24.560000009125428 32.61134811141672 -3.349999898061263
24.56000001359933 31.198651881258648 -3.3499998995628246
24.56000001246622 36.87002263625483 -3.3499999267709613
33.1590445376165 26.229536553903884 -3.349999911262537
33.159044372982855 29.070520190967702 -3.3499998969376876
34.380955708157 28.35947361168639 -3.3499998718897315
34.38095599990972 26.940528929562543 -3.349999919047013
33.15903976876837 30.489413023076178 -3.3499999068330277
33.15903977660486 33.32058698161854 -3.3499999031460326
34.38095971326591 32.61080366964426 -3.350000309793778
34.38095979353465 31.199196317655193 -3.349999923032705
35.61004910420948 26.23005424580048 -3.3499998800674624
35.61004910794394 29.070000258390014 -3.349999888322878
36.839999994826684 28.36002503237331 -3.3499998933899056
36.83999997849529 26.93997734511073 -3.349999843472653
38.06995087682883 26.230054230277386 -3.349999872833572
38.069950884935764 29.070000279585596 -3.349999891262565
39.299044304907845 28.359473643380415 -3.34999992527091
39.29904401541385 26.94052892487486 -3.349999937289778
40.52095545973906 26.22953654815657 -3.3499998927333428
40.52095562123671 29.07052021340545 -3.349999895387621
35.610050075915886 30.489935118119654 -3.349999873735645
35.61005011967054 33.32006493052404 -3.350000739837664
36.84000002313844 32.611348084429935 -3.3500001283673067
36.840000005530435 31.19865189330524 -3.3499998607575163
38.06994993456769 30.489935121566997 -3.349999860237997
38.069949982234306 33.32006488713898 -3.350000080366593
39.299040150327485 32.61080368096354 -3.350000005108784
39.29904020588406 31.199196324742587 -3.3499999484465293
40.52096021344668 30.4894130273332 -3.3499999476874445
40.520960005410934 33.320587008914934 -3.35000132912373
33.15904436289092 34.739479777603776 -3.349999961423488
33.159044533404206 37.58046343724198 -3.3499999249043624
34.38095600133099 36.86947106131 -3.3499999157947755
34.380955650742145 35.45052642269573 -3.350000528280581
35.61004920475727 34.73999973618916 -3.3500005351642494
35.61004910174428 37.57994571238861 -3.349999931472234
36.83999999387901 36.87002258493189 -3.349999920879092
36.84000002539785 35.44997495543414 -3.349999920253067
38.06995085193151 34.73999971738703 -3.349999985320463
38.06995092730759 37.57994567332004 -3.3500002182065156
39.29904400360526 36.869471090686815 -3.3499999686809323
39.29904412801797 35.45052641604144 -3.3500011544556987
40.520955741337346 34.73947976894629 -3.3500007097775466
40.52095547417016 37.58046343238412 -3.349999896040503
41.750049101213186 28.35999381016484 -3.349999915807383
41.750049216490034 26.940008645821948 -3.3499999131742255
41.75004980030087 32.611316942558865 -3.3500006440697625
41.75004963872487 31.198682936481685 -3.3500000769974134
42.9799999897561 26.230085188937153 -3.3499999350957754
42.97999999646165 29.06996908072167 -3.349999921840957
44.20995089031098 28.359993813187817 -3.3499999270817185
44.20995076890861 26.940008653457852 -3.3499999295595453
45.43904452743626 26.229536557747913 -3.3499999297681384
45.4390443602714 29.07052020953282 -3.3499999789907973
46.6609556904695 28.35947363088138 -3.349999982794414
46.66095598916146 26.940528940100993 -3.3499999283792348
47.89004909996972 26.230054246706658 -3.3499999078667075
47.890049113419366 29.070000254497355 -3.350000003116901
42.980000000857245 30.489966850219112 -3.349999925492413
42.98000000870609 33.32003317205777 -3.3499999766897046
44.20995036646178 32.61131703875433 -3.349999991300945
44.20995036901217 31.19868296220406 -3.3499999046880404
45.43903975970341 30.489413044246557 -3.349999958570261
45.439039763585285 33.32058696614929 -3.3500001090474516
46.660959687312285 32.610803679534605 -3.3500008205054375
46.66095975730499 31.19919632088836 -3.3500000563050003
47.89005008805327 30.48993514878143 -3.3500000826217846
47.89005010683176 33.320064929773544 -3.350000092314571
41.75004923126923 36.86999133571661 -3.349999890188873
41.75004913699947 35.450006194154504 -3.3499999306286696
42.979999978142324 34.74003091501737 -3.350000011405798
42.980000005043266 37.57991479968567 -3.349999892593809
44.209950756259246 36.86999135699406 -3.34999998469291
44.209950877540564 35.450006203428124 -3.3500001886124107
45.43904439238351 34.73947980866969 -3.3500001644354804
45.43904452183866 37.580463445050256 -3.349999934038277
46.66095596816415 36.86947105179373 -3.3499999166727843
46.66095568797845 35.45052635438453 -3.3499999581474316
47.8900490790013 34.73999972127801 -3.349999888523223
47.890049079943935 37.579945746402196 -3.3499999049416287
49.11999998790922 31.19865189429041 -3.3499999411395978
49.119999990211284 35.449974934410754 -3.349999902012378
49.1199999942845 32.61134812346903 -3.349999900848224
46.943722384942205 32.61511499326531 -0.9130464810242922
49.119999995361844 26.939977360039716 -3.34999994960421
49.11999999819277 36.870022644213776 -3.3499999117049386
31.919762905245506 35.461369982926215 6.157709721477154
31.36439859979409 27.184276664761676 0.7124793459098355
29.089614143304544 27.209030512764006 0.36816525589874805
28.476242834207046 32.37138079802914 -0.508358135930681
31.25683418161708 28.391788360575053 -0.4894222802070214
29.220858741798782 28.065631018093587 1.9016591793534
30.342180398727223 37.47103472037824 0.8559876773125275
28.720992090008668 37.050789320181046 5.587540466678817
26.54942369620306 28.690154693455753 0.29808077470757643
26.159371264172663 31.042469324979738 -0.2689573884420693
26.414523085047616 29.359053446988217 3.3060240629638207
24.80956268453574 33.95746082011806 3.795204949066635
27.5040369925548 34.31540084012583 1.799299888917224
27.504115072416027 35.11636202041387 0.6793437805111968
26.46658855357764 34.73769903046585 -0.14273001604121927
27.013328047960858 33.408724586319565 4.014452651762587
26.08754530853521 29.6802024458716 5.524549332437536
25.628241512314613 29.960883741641453 4.27292078331995
28.396606679827034 25.936425877525213 4.997277468316334
27.065353853826654 30.601491398323883 -0.19943030525713557
28.751796914377685 35.00569358476889 0.08448608571723026
27.382511524694095 29.367391561991536 0.18097016938022237
28.313113567699386 31.333225164256977 -0.2593165288138144
28.68759267686601 29.31940048137125 0.31175678303544063
27.253468445049506 26.11794583791073 4.442993340751774
29.290052144692737 30.523090769389203 0.10139598748060696
29.410316441114446 28.14232548725818 0.8309940874028721
30.312074821530874 30.868704099277714 0.1506003999101646
27.411884592241165 35.60092909028345 4.33123564392686
30.312779525416527 35.233813657993906 1.7944875821684791
27.177494218314237 36.41072447616572 1.0493763097252773
28.588565718123952 36.30109324382326 4.39446899667286
29.605767300870728 35.3758290382695 4.200256611946367
28.68558047681574 37.18351469805559 3.338864628217909
30.284987700762823 32.48640600374654 3.395633168256116
31.18531147272256 33.17661553427349 4.260110210707601
30.93115545581348 28.166977679261556 0.5262024167596879
30.72596174241497 31.12348066101984 3.4070144353427736
29.07020425374669 32.461760758737285 4.066194230097571
27.114436716504336 26.14129274650428 3.442880796942304
26.90957788362139 25.883952844901486 1.8297594777323989
30.20556498800171 32.9238557618726 2.0926169636540957
31.46846250995327 28.95696443649896 1.050913816177993
32.164834772900356 29.308102496785512 3.6622053191854054
30.58655058989683 29.213538846902466 5.785108871912675
25.879729641145495 31.350057036780065 4.2177045356331435
32.57015703628955 35.11785456039106 2.1273474128192547
24.603033686417497 36.03972339911103 4.665642847097392
25.274818352188333 26.642383007221582 5.336032297530315
26.33737692391148 26.49441015063525 5.460424079233891
32.23496596926323 37.04980059577379 3.2848777610041022
32.86781223359373 25.8166895413085 4.452882411171933
36.19212160901094 37.914497174069304 -0.46132666056658667
37.8451064509836 37.97963540154164 -0.7616609244948025
38.34817071637989 27.488392008517778 -0.6762113714337903
38.06607401099551 26.25703818479224 5.209801827088972
35.1319265715984 33.01403808198209 -0.5289924337825425
33.382916081285636 27.94515276410326 4.99846529925676
35.2756644020242 35.979927265181836 5.949159195881624
36.313780792275026 28.834090587538977 -0.4193480784448367
36.39820209025231 25.632755069012013 0.36061764635369586
37.76958798387253 32.555225708017225 -0.33277638926000663
38.504733235607006 36.67381657497995 1.2405425285187555
34.65937412387112 33.69290241996227 5.705980721323406
35.0400737881318 26.40370686588455 4.791111264221412
36.89913478079391 36.821501649611825 1.9496517615822073
33.858910609917565 36.99127252603334 1.911182021875003
34.96394439696924 35.664291537522224 0.03535090352248749
33.8277213798421 26.86817611857363 4.346590272846656
34.041420298403935 27.707721924276527 -0.00941256849725125
37.26061231897632 28.56330232133158 5.7010399308554405
33.56693909321002 32.43772565512361 1.5763603855635
33.51411172739312 30.207691201350524 1.0503185107946045
33.566166073664775 33.378822248251616 3.718362786153937
35.81585300680747 35.00402838844364 0.10393876272849933
34.14303693300739 31.203221353563613 1.7392099765748459
35.47804672994319 31.24783608356068 1.4420839861002654
34.11621865516288 30.94430712489767 3.1190293183285767
35.92897582999892 33.69631080064817 -0.2728354174280767
38.28908582299211 33.52875481753289 5.209890231690998
37.5898769054074 29.262532237572685 4.946677712661064
36.39621852006547 28.829668769987983 1.3401341329419714
36.60191437871269 28.23916195235821 0.4473346523471555
35.841631853820424 26.925914443585643 0.4610639278225437
37.91726288334741 34.25997317077089 4.063957199954661
34.57195759463669 26.774629414166615 0.1100384460563053
37.10561241039106 35.4915266915941 0.4635872486518322
36.21658004764247 30.914342984911002 4.812011083516412
37.11923771978668 30.41499424732614 4.492229963048382
37.271003901135785 33.43216314226187 -0.28282993029633663
37.86927037979827 34.46015784569915 0.31602001439090643
37.88356367346742 33.396216711409956 2.9463854366366684
38.07120007815078 28.059877877015136 0.209673027149605
38.98667027723538 35.13181022088357 3.9096791671181808
38.611398139912104 28.89124624671993 4.087823419738573
39.40720042562931 27.595862343457405 4.100159977646318
36.81864608559267 35.04875813795414 4.298640091511463
33.91712694110325 35.766762425608725 3.954658692912597
33.21152707467208 36.15687875370311 2.8558992772312775
37.44236510766483 36.746226259998636 1.0076674582110223
38.61319466393193 27.397827632830115 0.8849739550053881
38.86801452748825 29.887251545315973 3.2449430274747404
39.291706680464436 37.031560505142515 4.792179485347869
34.00462091478541 27.264672744579435 3.038095090532542
38.694056352347516 28.952353395504907 0.1493612492222962
37.933937106522215 30.829928948641314 3.4558101461715482
38.93403702988838 34.50986525672234 0.48980480667702664
37.882846030712194 31.756782419344777 3.0577745374977106
39.39371720260249 31.859993597959594 -0.17558543588940267
39.43565300143036 29.74962491899725 2.3365128019641404
39.97507948623257 27.681181085896494 5.02662319081314
40.11926598470031 27.499265038862376 3.280567639249731
38.5335906891519 26.380863711098446 4.232972571425821
37.728988863859904 26.202720619219274 3.51954356895936
40.904306469080524 32.50419500892803 1.3985646794397644
40.69765636787502 25.75686426161019 0.35863739055501553
37.144388520572726 37.89060631638352 0.06850062842766347
40.37731932978033 37.68794940102332 2.8445963377891434
36.0711242260313 37.6585326525888 4.868307723494651
40.70517814668362 32.19331417955715 0.07411017458852309
48.90807290198743 30.51862484850643 4.072242580021614
48.684672839185154 32.649107236825095 1.1166155851814086
48.90544285126935 37.042266099332984 1.452235091766374
48.84128699436339 33.90665165000125 -0.1647822620896089
48.17048331287656 34.16568092621338 1.4615336992420314
44.509875063894256 34.07357961110594 -0.2611528855092171
43.51860929842442 27.10900774102682 4.467146492855799
47.09730997004962 35.974167150112415 0.4009010238750399
44.06800990356866 28.38366357076235 2.724906342627118
41.5150592982781 37.52359935867554 6.243236271279169
41.426256668150096 34.0107313039084 3.129051308615378
45.06308395917636 36.16065437436142 -0.19544628388168173
48.38613167636993 26.54346353816738 4.718435249930739
41.72215574845388 31.995394197442128 4.481386184531294
46.30495506387256 32.3665375691708 0.7095374943977295
41.33205203273716 37.849728027867194 0.9323688239409156
45.60292359966053 25.56628676421215 0.44357391232659027
47.85246089150341 27.37340410703557 4.255300123337312
46.160688093076715 35.50770049332875 0.13341585128764932
42.95725148988135 35.563487924560704 -0.5929270331855829
43.944831270598215 33.178176738133864 -0.4741768430835225
41.83009873543755 26.477215192026804 0.8355973709937736
47.772318835318515 36.358098141767854 6.0649294348565
47.5131691866181 37.55791915561102 3.249049227717787
44.819118347953484 34.120257619214534 3.7506036146895596
48.27018030760441 30.90496134022865 2.953585164004491
41.07364241709257 35.694749356161665 1.6892158709752703
42.16355769556951 29.862928093823786 5.172252321643519
48.20171970298233 33.48510496914805 0.610686677138228
45.963459650514245 30.72983643932826 3.645472037815445
42.09384127328579 36.242414059279334 5.959850513355798
42.98197873692741 29.62158384186169 1.0211625788722967
48.68322045334264 26.863949535684867 6.171574546075259
43.95726904101119 35.29213780372328 -0.28840444093283235
41.01215243147623 33.21190322283429 -0.723587079367054
44.31110227473768 33.988364233963345 5.046287892268387
41.518313003610494 31.081783900036395 -0.24951133900025346
45.068037037414356 37.5640239242888 3.809814042858688
43.295794158373035 36.43891210516084 5.24963229355039
48.62489688731064 35.70621234411356 3.1959882251870155
42.74643743976809 37.14878347628302 2.5591572739827506
46.15305514391303 29.363995630727608 0.3039764371319542
41.29425105422561 35.30736950327598 5.2779848646465055
46.842980682531326 33.068884571581506 0.07287657847411588
45.31560797682562 35.39623478639753 3.710577014414007
45.0031200999408 37.1685197507557 -0.16876822859087204
42.99224442363643 25.98318936947671 0.17727898103178652
48.16753647294903 34.049295931886334 5.405151079838465
44.95913677585999 29.901476671568055 -0.03124937056834809
49.0031143124229 27.905408517090535 6.2052065134019525
44.618180208830005 27.6062628123026 3.7117412761532087
45.47420499303656 28.457114174381758 4.466995574034377
48.7063533213929 36.99516233676387 2.828484233572075
47.959796274525694 30.31846931162068 5.147048758532229
47.15985226194338 30.054844429199388 -0.40135175075587837
41.76369449814482 30.23705037872918 3.0121430667223437
43.72983088858787 30.97083052036508 3.844327979783675
43.74296062089685 34.0462459030506 2.8652016072056528
46.17162286436461 28.04724139321366 -0.02770073267032158
45.17434053897107 26.43433486032095 3.1652664929410346
46.47180272269755 29.541951436088016 1.6411532465304335
45.90524142422399 33.267098046134805 3.4505945480427047
41.67683193730136 27.79683512709496 0.536723785979395
41.342263548093534 37.02584823996688 2.05716293979156
45.90097827552602 34.166893757163024 -0.022285887577814245
42.35593406759049 30.805809444454773 4.142702300314819
42.162780568138935 26.30008863470639 2.21510033306912
49.004250594581556 29.509965433264917 1.0339920554538606
47.996222268574584 25.60755277035881 0.43930251276884325
47.79683418089409 25.64818804758358 4.520167103879704
27.491511960704674 33.83446141866401 7.460623580047928
27.58567775910067 32.8632467071798 8.516672619324622
26.765344790770083 30.565399394206658 7.485104192409021
24.948278139781458 26.934727011130256 9.484664051803803
24.972630300521516 28.316510866173356 9.276841223690663
26.303395941607082 28.701427818632702 9.101988623708374
28.70127081938984 34.5812696275113 7.399168985387755
26.747965697790807 26.773769141490348 7.636921720268938
26.296037327403187 34.607905846005565 7.630926216875764
30.14132736837246 29.8705034860442 6.951646886349886
29.03252507033482 37.10927137718612 7.7663799308808334
30.49790687631963 29.24195522219826 8.12970312729958
31.618896947581 35.857115767992426 8.36609949885818
25.09754117471484 37.36682864553553 8.814005249990851
26.76693920768299 38.138006687791574 7.446683764703871
30.7746501802057 31.09330553756975 7.035628846789285
30.798111285398203 33.31107543581102 6.731162553066453
27.03366255432931 26.622386428993703 6.606455524664339
31.216590565189414 37.45751364300291 6.723162555852057
29.31787626746995 25.743173259910456 8.766840609658793
28.982473035904277 26.573168889108462 9.38870227255071
28.336032926440602 26.291515403066697 6.30187317161792
32.039659724870994 36.39197311438577 7.1039326539215795
27.370353901066892 33.16862838947325 6.309318515708416
24.767525160818057 34.45714965065658 10.613809858238863
30.08164041056716 27.026076377945998 7.137150994767411
28.787585885322954 30.09127883611438 6.887167356104404
29.481022922545797 26.123531943516824 7.250165053366008
32.268625985802764 27.57318077675432 7.448280590327902
33.69945820167416 37.559838857157416 11.692956360204361
35.7882442692248 37.16418409147894 9.734948367218472
34.71716669511719 37.68194049637206 11.32219955037549
34.09908230712087 36.67323834233237 9.643858736831184
38.60445545951533 33.58481481138688 7.248188413080091
34.48638349597172 30.58661271976866 11.028620008624529
38.327064285844564 36.761543894328206 8.005836977523822
33.1782235425996 27.813931403248766 7.978442283062289
33.61559606750698 28.908346337225193 8.528888956523502
34.92804815407412 28.669946063544067 8.892248324531286
35.17318220853849 27.427260165264588 8.648758026989974
33.01152419434822 29.802899807871054 8.564543691844749
34.157122748112705 26.849739066102604 8.10934165012453
38.38202873973532 36.39802489764481 9.341728139743784
38.526654487980345 28.451349559557585 8.59589424468029
38.65814778995576 26.578186444030397 7.542799064095154
36.94332295649142 36.792166037777974 7.547053799098654
38.95442959839527 32.85502702894898 7.852363797117424
39.41245401264557 27.38192051794607 8.326891590838233
36.065210319509205 26.86094543625087 8.872305509307406
39.59259983613523 31.73920402286826 7.426015672151731
39.189861779632324 33.05504384153757 9.153449804515423
35.782604649580854 29.620319033236676 9.572566793561633
36.6234029060063 29.822817059654025 8.909126636976245
38.93933654012321 33.99995771009572 9.612552064765916
33.146338330030304 32.89308033458917 7.197410630850372
34.46963778679945 31.29687360126443 9.312490937637891
35.325084467362146 32.24647211748206 7.310265842472846
38.9943733802395 35.914448664683476 7.235225952905226
35.03848969900237 30.84469556917268 10.124920952715593
36.17941335645013 29.18693579970922 10.490620072602962
35.771086368996215 31.622395042704014 10.34075803915104
39.69514724589897 26.75157383006263 9.540231782126018
40.19919596184036 31.205980536087704 8.51991680650912
39.73960657228883 31.943527298575038 9.611543529833446
40.576430893809246 27.696764112181583 7.633734527209678
38.012437943040304 31.907269538217065 11.654106096283105
34.447082188103586 33.25826780961062 7.002633491577248
40.003046056649815 31.686159579814053 11.043485714506055
34.674071378194135 34.32901949119598 7.914562812353356
40.51646427263637 32.54646786243979 11.472870617580703
39.620024585140655 31.476706823608207 6.378760639463344
40.80105173203523 30.309561058041666 8.544447423662525
38.93037793683329 31.00878499307909 12.817197944672381
38.76396963533002 31.123149680619587 11.74606350147956
35.40984548457935 36.932706427256825 11.70553283134399
34.76487051603327 37.49131308345755 9.918776505343622
33.36645275659909 36.82881680275672 7.116773701456278
40.70424621402 30.85173554566687 11.031040894537696
40.14284532464304 37.538506020748606 11.005064050769892
38.76246662050618 38.04858144600418 7.790995257561354
38.5444428818041 30.15932848869519 11.286763255970092
40.338305686428804 38.00053625522342 8.538930092869055
34.13524080130211 25.927500143754514 7.698128140495227
45.9668945602361 25.77174233831087 8.319071691309503
49.03901326550084 37.223144079114824 8.595539101497119
42.549708545134976 37.58040300116856 12.002679845620674
46.1333517659614 26.451184723132542 12.73869153866069
47.50830230836854 26.668957106796366 7.098669989172807
45.214510697488606 38.0466569741492 9.554781568650078
41.04007439496244 37.772448889838785 10.451303516561616
41.61083443345503 25.721675019307085 9.80937533034413
47.93050964105703 32.66415381038356 7.017147566681825
48.87382224877783 30.28101101737744 11.89640042327435
47.24727572796143 28.614358094705903 7.986450725767992
46.977125656891666 36.57695675685507 7.621323311539205
45.43899023938361 27.185959778853473 12.358734056994859
47.83839692391168 31.920424236625912 9.078159835488158
45.27408089214399 31.404009783733013 6.61611395637819
47.89963051727 32.75403880028368 8.394246678540147
47.79088136777416 34.06742679547315 8.559634449305882
47.764512162537805 34.55173997521965 9.524593209528557
47.477979487079715 29.273444079965515 10.47387988668945
46.727794593859585 29.451473718430087 12.631791458773428
47.66359044068203 34.73190533030805 7.3747459470582015
47.840592339996206 36.13001304449777 7.128609799117483
46.97333054084502 27.571756933237246 7.920595942588137
47.50734387971836 30.064064785107636 11.625632812387593
45.46184355674062 27.608775173959827 9.272612601127308
44.956366820604416 38.02207831065237 12.144542242264984
44.39701694832028 29.383413482787113 7.222303497415323
42.59126586739429 35.709630607613086 7.125220407525937
44.63722470349089 30.834562130229518 10.697927306624434
44.67808796354354 30.65976447519229 7.592878673163753
45.60467745574257 30.549304161392907 8.57823656111821
44.43204560055754 34.058600580808985 9.22870144664983
43.72116608105426 33.89468017179262 10.42775039280335
44.37582589220211 28.573168650385327 10.770929099108269
42.55913658575269 27.342622991457652 11.322224847143028
43.02116054722921 27.766465770344162 9.17418505520427
48.048540764289214 31.812162305412784 6.487733617769185
42.21766172767748 29.331266610549378 10.454610372874134
44.44029636445452 33.06920153931361 11.261219048406485
43.564295421675695 33.524077700726345 7.227159105362295
43.522795489959776 35.10216124828344 11.073004557606843
43.04751133314549 28.27934291231952 10.463421088441025
42.51340575233872 33.32023379890378 10.05691397034801
43.551055271953295 31.219953174471915 8.063690164349984
45.99369245864191 27.08587066661079 8.59157837198519
41.152880381959136 38.078532164096046 9.130947578719377
42.851972028044784 27.779835443898385 6.687003400737018
46.91063385971126 31.193927227601105 11.21577119947447
48.000172105519205 33.85075541296437 6.453469176048642
42.27401431306505 37.75789396612783 10.973656207533942
43.095149606286256 38.18815334687467 9.962963648990893
46.8348116421488 25.56805015946445 7.32214926065115
47.24309078474151 26.651625106032775 13.401018981788189
47.68785384327991 27.619918292312217 13.577070471837958
49.092743819363676 27.19293563282557 15.117244368936149
25.789945949772267 38.999455658107706 -3.3499999428331995
25.78995072391251 41.83000860974113 -3.3500002297462537
27.019044441004652 41.11953650775894 -3.350000137028697
27.019005332798223 39.701081800345136 -3.349999907738347
28.240994671394485 38.99891822555518 -3.3499998909784203
28.240955814902925 41.83052922280105 -3.350002289582985
29.470049291962088 41.12005419470386 -3.3500004496256786
29.47005404955832 39.70054435050905 -3.349999922236514
30.699999989488763 38.99948983842245 -3.349999912899989
30.699999988871944 41.82997737206274 -3.3499998836824165
31.92995089357412 41.120054266974414 -3.3499999035992865
31.92994593289872 39.70054435386872 -3.349999913785
25.789950851766346 43.24999386074202 -3.3500001354256326
25.78995048143967 46.08868298529644 -3.350000693328339
27.019039819450054 45.37941301858751 -3.3499999829715446
27.01904437485413 43.96052026943925 -3.3500002978895305
25.789950368544805 47.501317020475014 -3.35000006395619
25.789950780417335 50.33974808931997 -3.349999907733742
27.019043467064723 49.62946796225147 -3.3499999470075914
27.019039790116743 48.210585777005925 -3.3499999890775936
28.2409556929548 43.24947370593008 -3.3500000850559752
28.240959769872415 46.089196316597985 -3.349999848059022
29.470050013850543 45.37993520111512 -3.3500001368267283
29.470049030539833 43.9600001825741 -3.350000725529556
30.700000014707005 43.25002502404028 -3.350000034833439
30.699999997157832 46.0886518271832 -3.3500001145631852
31.929949934695088 45.37993511532918 -3.34999989357602
31.929950890900088 43.9600002790512 -3.3499998983004318
28.240959779539743 47.50080362043877 -3.3499998708706604
28.240956484621563 50.34026688614893 -3.350000054073231
29.470049276775836 49.62998828656301 -3.3499998825779977
29.470050026271924 48.21006372889647 -3.3499998913764117
30.699999995242635 47.501348118646185 -3.3500001735570137
30.699999988425173 50.33971687797587 -3.3499998950242063
31.92995070731212 49.62998830220665 -3.3499999198524897
31.92994994137163 48.210063725055534 -3.349999951240341
24.56000002345533 43.9599690650886 -3.3499999195607955
24.56000001722592 41.12008519001691 -3.3499998995035796
24.56000001297392 39.700510179845956 -3.3499999212322775
24.560000018187402 49.63001959864721 -3.3499999059358245
28.453834774579533 41.50136564035594 -1.087528030624022
29.568447639037707 44.38260525138275 -0.9295654001635401
24.560000034703393 48.210032005668424 -3.3499999671928284
33.159005326126334 38.998918215345505 -3.349999925355691
33.15904402089998 41.8305289504684 -3.3499999149191453
34.38095544684353 41.119536582578036 -3.3500000617270818
34.38099465999833 39.70108176578898 -3.3500000119513453
35.610054067930385 38.99945562620414 -3.349999963043765
35.61004924186354 41.83000868678438 -3.3500000329028765
36.84000001374978 41.12008519330896 -3.3499999523619914
36.84000000914192 39.700510161364576 -3.349999938208781
38.06994595110439 38.9994556752449 -3.3500000248535633
38.06995076994599 41.83000865129952 -3.3499999089719945
39.299044536034614 41.11953656059857 -3.3499998989510873
39.29900533038728 39.70108178474765 -3.349999903215073
40.52099467655452 38.99891821222771 -3.3499998991114763
40.52095599188906 41.83052895338805 -3.3499998864368385
33.15904431075793 43.24947364309949 -3.349999908130129
33.15904022712293 46.089196319156216 -3.3499998850068655
34.38096025335821 45.37941303374863 -3.349999881433019
34.38095564766508 43.96052022170248 -3.349999905208315
33.15904022218333 47.500803624529595 -3.349999898015721
33.15904352059256 50.34026691812575 -3.349999935350704
34.38095653664681 49.62946798653402 -3.3499999038146555
34.38096025005398 48.210585768807185 -3.3499999057331387
35.61004911939672 43.24999382335623 -3.349999916128974
35.61004964280539 46.08868294715368 -3.3499999095435684
36.8399999939496 45.37996685460298 -3.349999901881696
36.8399999913144 43.95996908909482 -3.3499998888105385
38.06995088400137 43.2499938161841 -3.3499999048987283
38.06995035022614 46.08868292181882 -3.349999886714415
39.29903973293726 45.379413003237445 -3.349999974597017
39.29904437468688 43.960520208751056 -3.349999894421792
40.52095571139517 43.249473634980774 -3.349999877881651
40.52095983408709 46.08919623028561 -3.3500005251728604
35.61004963848355 47.50131699986661 -3.3499999506364175
35.61004919630222 50.33974809483915 -3.3500000714119036
36.8399999830841 49.63001959525986 -3.3500001976799467
36.839999822786915 48.21003198271994 -3.3500004407970287
38.06995037292613 47.501316697697035 -3.3500010019020507
38.06995079132026 50.33974808696628 -3.350000008420814
39.29904347105434 49.62946799794832 -3.349999941871636
39.299039882302615 48.210585765549475 -3.3500002141203966
40.52095981275097 47.500803705821994 -3.350000211710289
40.52095648223131 50.340266908783065 -3.349999925302505
38.04756410370379 48.25015883659618 -1.0525751775157732
41.750049081314856 41.12005427606203 -3.350000015464041
41.75005405648386 39.700544351600584 -3.349999925292577
42.98000000291307 38.9994898317457 -3.349999904502945
42.980000001984216 41.829977378316656 -3.34999997666096
44.20995090798627 41.120054269164584 -3.349999896943067
44.20994594478346 39.700544357932294 -3.349999912247145
45.439005329149865 38.99891821456532 -3.3499999218283305
45.43904402416019 41.830528950587954 -3.3499998826950717
46.66095547763734 41.119536560509346 -3.349999897920087
46.660994678836055 39.70108179731936 -3.349999905528094
47.89005406227929 38.99945567063047 -3.3499999025071734
47.89004916226832 41.830008621049345 -3.3500002697014097
41.750050095630726 45.37993509822565 -3.3499998873129977
41.75004910694874 43.960000273962194 -3.3499998833713382
41.75004929013804 49.629988281994926 -3.349999914399625
41.75005007327804 48.21006371368303 -3.3499999124678927
45.43904025260327 46.08919629504693 -3.3500003443214545
46.66095562382339 43.96052021810642 -3.349999884560501
46.660960252779475 45.379413003351594 -3.349999979279831
42.98000000664769 47.501348057562 -3.3499999357174595
42.980000014676456 50.33971687125775 -3.349999911459541
47.89004904791202 43.24999385169731 -3.3500003820525226
47.890049610016646 46.088682937339996 -3.3499999858470986
46.660956530486764 49.62946798423438 -3.34999989981109
45.43904025272364 47.500803664700676 -3.3500003739768616
45.43904350610072 50.340266883678915 -3.3500000085898094
44.209950719272456 49.62998828634401 -3.3499999013530224
46.66096023833316 48.210585765546114 -3.349999881509722
44.209949927956785 48.21006373001944 -3.3499999508267218
42.97999996537298 43.25002506402875 -3.35000004181727
47.89004962460385 47.50131700873871 -3.3499998892670013
47.890049220501346 50.33974808419303 -3.3499998941408746
44.209950910292704 43.96000030362939 -3.3499999957992865
45.439044319486094 43.24947365012541 -3.3499998870426873
44.209949909590456 45.3799350521299 -3.3500003856574168
42.979999980337254 46.08865187050261 -3.349999927278308
49.11999999748255 48.21003201865225 -3.349999892559855
49.11999999622716 45.37996682238774 -3.349999932949693
49.11999997658069 43.95996914710268 -3.35000011388035
26.922351136068862 50.46772338193578 -0.5928235265884263
26.023560738285724 47.986291537532736 -0.5851645596930866
26.703243960212017 49.8702549666725 6.101132351138578
27.03914512992159 43.740114141097536 -0.7500946775222306
27.1664141604251 46.593027548717366 -0.5459020094665201
26.268351839279894 42.29504022981082 -0.8167537719576423
29.98287304708853 41.56691868945193 2.1650409829456443
26.53907479347084 42.96055378292279 0.7853722141826647
28.019677401450707 41.122874600506684 0.5770575325593019
26.69979089026918 47.392401679204234 0.029740000153741786
28.271831164711333 41.935386506382926 -0.10436956091589122
26.208515619724672 44.84943584070812 2.6975449338907618
26.99971668251223 42.80567969141506 -0.19029323345953086
26.708947047117253 45.96837859145694 2.1528975256160052
25.957550338723536 46.9042923805006 1.2569939434214672
27.557647202737023 40.73421348895213 4.200268623214561
28.864677600659718 40.21814315357365 4.474784379422236
26.726562097462672 39.769079246819715 3.810652658227005
27.059189720611887 41.5080094082264 5.272442983171529
27.651354857912985 41.59408460497536 3.1723602421932817
29.501362968986285 42.61656664136628 0.32230041817945865
25.030451518900684 39.06705016349519 0.5710247558682879
30.012830920768028 43.807902815765274 -0.13041547104913787
25.197348708262627 44.485689336614364 2.589702651445238
27.143317727990368 44.19397119492853 3.3679388576437197
27.038808737978677 43.345445642511635 3.905695547881259
27.555830937924213 48.052463240114754 0.16979060773810395
28.015084103826176 45.9897802737158 2.4174174437705642
28.344281597879124 44.78432071840777 2.968114438416486
25.05636472107409 46.42596378980284 0.8733714173008955
25.656703462065682 47.81486537197206 1.7751136059932304
31.931437491407223 39.12412028100575 0.5702737311851613
30.116719397876306 42.35671209802667 1.4406712388576726
28.665675739522992 46.7582098818775 2.026717481092976
29.261344808008854 44.36053672369343 3.349954973573653
24.70412753252638 49.06199263298178 4.4913468124562055
31.160843301508734 44.05659883392605 0.5207618156064753
29.81987739175067 48.738807243379455 0.6288714905238391
31.458032793702817 48.59233567778728 5.041061272171418
26.282416519954168 39.18848169881683 -0.03166295214081738
31.287761159755803 47.20218682243031 1.6353311464893616
30.92070019337127 47.85313221317424 0.4678524518431837
30.22154775609268 39.19277446461985 2.1923670271745044
31.95528624676507 44.784573421335416 0.4478686966241474
31.17793873790862 43.07230817371296 1.5422803440228217
30.51841592586288 46.86060855195041 -0.44541316780689955
32.207197551702194 40.14980094203716 5.288490217850148
31.23275053615659 41.993191131412054 4.389470634957881
27.719743203869697 50.63971598436395 0.9816093612531418
25.060827266995645 38.60122638372424 1.849112857313
28.615572518316498 50.86563323210382 -0.5845595029891182
29.718136612971744 39.45586889960088 0.044155391377258546
30.59503861462071 38.831027648909725 0.8969697427200685
31.94573463254047 42.89710350011794 2.174651110660608
32.023795471436905 48.49078572496343 0.0005721830356364421
32.35958410991467 41.22841228670169 4.4615596937808375
32.6084664740164 47.972489425249854 3.2683796539588106
30.99461077271742 42.89144570706868 5.8829816317815675
32.65163488767882 40.78687547743321 3.2447890292612636
27.856736291988106 38.43920526503331 1.6188909476365387
29.609025780515076 50.93923282814135 3.1176304775376327
25.896681043284328 50.019661098138556 5.511866647995866
30.714897886570956 38.61760063903286 4.5740979497912395
26.748916425503246 47.72534949891814 6.034335339168609
32.5849965447421 45.73287072989536 3.9355964201121485
24.990439429163228 51.008682420870805 0.4557933081682264
27.6837217175418 51.01800420756746 -0.040007236508652344
35.93401311111838 50.04368602877721 -0.6215139676186499
36.694628531658445 50.11638882806476 0.99277336311696
37.59318839144966 50.56406314159032 -0.45645274253859447
33.813493805265146 45.64515276267796 0.18117507351448459
34.71786584013725 50.93953632032679 4.470230301941624
34.01232689083159 49.8855847666098 2.582854552644865
36.73831200730528 46.00484566948403 5.221557427720228
34.59004279734398 48.260959990846175 0.10630254963786556
37.06876717532344 38.858034209780136 0.5649527238899388
37.7251276734247 49.89205907390226 4.104943759110775
39.20299053271838 41.15777852144374 0.8128630662544611
38.04785195819148 48.463499176906566 0.6958752803579127
35.338589829242096 40.554557259766355 -0.445087584755679
35.90000741718903 44.25129756304516 0.15633881365437974
33.82071292012833 39.269881916439864 1.7636234687568053
35.089631127467804 41.45041836806475 1.6701793147722788
35.452722006386544 41.740509893231454 0.3446891999729995
33.875025895282775 45.444988256962624 3.4427334536241325
34.80785427156938 46.06480713680423 0.14196449691776913
34.56796262324412 44.81851346422107 4.448523738092792
35.1561887301964 47.34137337640814 0.0908351246130179
34.55775554056183 46.58348117540664 3.1120646183328935
35.92105070255069 45.260971670875655 0.17101451003133317
36.549703408952276 47.287588663931054 0.07598928798461357
33.95443876844809 44.53523897246676 2.414444058917007
35.41962896425863 42.22346945595311 4.213051777877515
33.43864870893999 41.97946742350026 4.857608150172177
34.65239668103866 42.7944661451496 -0.07144493270036967
36.764775076987306 42.18749635802077 0.33853875407713896
36.95967103548893 46.053668820388616 0.25684722396109305
36.43018750503759 38.82661736513884 4.233956768372523
37.41195094209022 48.44708226022038 -0.18925769493150502
35.937581086816834 39.92095761977958 4.880861228972795
36.02995507740444 38.951146441690604 2.861890100713349
37.95192646263747 45.76980544893063 0.5750464597177174
37.73451927918912 44.983501676813624 3.434604509490229
37.593926454897776 49.42232442456958 5.426534461405389
36.85112227454147 49.87223543846378 -0.05794012383366298
37.69636841124861 42.88913866579397 4.502484485764095
38.875635767825116 49.158040474129464 6.0064934140137325
38.433730902115435 43.86018614027353 3.8161595556765313
38.85723324132456 43.310177292711316 2.6556065871621626
40.23455862018402 41.45342610899875 0.690962349590698
39.498655899574004 44.306645933143045 4.55471064084282
37.03532322155441 48.196846784280595 5.364627413391737
40.481562247763264 43.66314732720328 0.6845073714316197
38.930446366128656 40.85511871077455 4.356577044868686
37.817958125219256 38.763954803394974 4.114202864653919
39.517584308851106 41.017380609336854 5.248395474997557
40.29709882476996 46.53097429672435 -0.5684792415254358
40.71476577444206 46.90855497708019 4.0409934804803225
40.83332613093181 42.65401237992059 0.5285944834382317
40.830684360061234 46.7214546768293 1.6308134479626968
40.90723394366325 40.767786769803195 5.44765875857663
36.73095731120841 50.24302804108614 6.196939643858062
42.80032347785337 44.30604419488608 -0.3725175542386616
43.97258387695004 43.03545468132446 -0.7101579375373912
49.02086500126018 49.176596944737746 0.5423236962603895
45.581117494499175 39.77256220975032 6.150462663966958
43.56972579576605 51.04303624899793 0.5036884901181304
43.410609996503354 41.3142310585133 3.2066999245876735
41.15087858789379 49.517646087078575 3.5724659945134
48.04010996990338 46.70753130738271 5.228137750950959
45.16402338347969 50.07270827820912 5.823129267525305
41.13164815879705 50.71389074611659 1.5659509324720022
48.92532740154459 42.154705086121716 3.4651498542759174
45.61623033433025 39.22013855414503 1.9438153752059473
42.878425190684304 41.59561155105707 4.115382680506282
42.485870299065546 46.82680007794981 0.21553299704850426
45.31139688886037 50.8147949851629 1.7694178407858163
41.02489346028969 39.50581447435931 0.4902071596696367
41.09809649069391 40.507708122939455 0.38556284287473375
43.87686003745901 44.0701656890161 5.784203703095806
43.06325348734668 40.62416713732581 -0.5191815680567835
44.91663152391114 45.08311386797722 3.772081193686012
45.393439580476475 39.48112010422662 4.784962915344954
48.76962206747752 42.51723624012861 -0.604091936867881
44.966340466774966 44.149879097933876 1.2619947641021512
48.617319018233786 40.35510591631507 4.598839338799313
44.56394678330826 38.69306315900495 -0.018806112524418772
47.47602900750454 44.567880970837535 5.225234193478762
47.722666595953996 41.73939657802056 3.173578431952344
47.682160653679894 45.41146430862778 5.884003422249689
47.56834803316974 49.72558225866651 4.434383181275921
48.43803226389429 41.1738215141587 -0.2204689677225391
45.251730029030824 49.358287215897796 0.07604061816873342
47.99011801202009 48.83350756255596 4.649819532370735
46.382221864481295 47.864732854304954 5.6652338811133856
47.67044607498282 40.45253930460074 3.6843570436697846
44.051294905596585 43.56014505994682 1.3168161679885693
45.90884584437948 45.84128359841747 -0.3251184630607129
40.97134329116387 48.603443800873904 0.482365085098847
48.75374582577251 39.516882552961924 5.266049440078035
48.32255819057896 46.013525437990545 -0.19772963828155077
42.03658927075008 50.125791904652644 4.503007979739314
46.937139372801255 47.01841386899978 1.1932214809817465
45.68742971818941 39.378748439294085 0.5553128562896015
47.54238491917413 40.73107249886359 -0.07251916779282608
44.5130403471979 47.199969834641315 3.369956434569108
43.25840738518734 50.541204370555995 3.8508970727082925
42.70715170550534 45.86326902816691 3.799540880860114
47.94126223824222 49.18443678833708 0.5141029459816948
46.84471832947473 38.82865179540581 0.06850552649263486
44.16756834361567 46.51204187493272 5.4112278693426275
47.075576250583836 42.03572650813056 2.3612591244280354
45.62372253152424 40.72355488577147 0.3036310957083066
44.064729768424804 46.078763522904126 4.085000720877988
41.269866082681794 40.332577710007186 3.38413966442217
47.9773499626301 43.2348549023551 -0.758132084772406
44.473656425939325 42.583847844548295 1.5546280545307134
46.81699979391199 39.91894650445451 3.6006422365528867
41.145417886464585 47.18520782710017 0.3447523089637139
44.92506227125594 50.7098873139658 0.47612324644273785
42.33199441205764 49.13555003448314 5.410765559506237
42.40585196515672 42.57782575380288 4.109923144962342
44.49818270687826 47.47491151159597 0.9634113676753175
43.504810580485405 43.788715760900736 2.231808144489312
42.15872583598398 42.40174735852703 0.23707514986038736
43.25171038350719 43.396346499032155 0.02346219757701773
41.79650782485653 40.49323797564102 4.324850435567413
42.39534266082604 39.60526635183281 4.527342990083499
42.223436309856666 41.10952938693596 -0.04428095223513173
47.389687790484246 47.82848709140432 5.277808207516236
47.07738390602637 45.90819389558759 0.4490024847651286
47.17123662616474 44.80460554338543 1.2509883148590317
43.54904091302826 41.54791574722014 4.973345187468116
25.862666764470536 44.71217455366061 8.230952295059433
28.069857420323103 41.42825494545672 8.65890822367934
28.97379801694049 40.65230794669401 9.380325529124645
28.404706776952153 40.321041120988 10.531252042221174
31.14549936904028 44.34950264012492 10.896445126909017
30.140554727713244 41.389009444438 9.514339118851897
30.140717282748213 46.012322094649925 9.928346997650129
30.29926773480232 44.95740145169343 9.704507342256694
26.258260543165115 41.536538757370515 7.434589569184986
27.81006257406637 48.919898935881996 7.542371471696176
30.918306570341073 44.704862829101295 8.441003473882624
27.04524346092115 48.64694659340057 6.51313496669683
25.44050227513066 39.63637066649029 8.514662739479427
30.47359065744421 44.416456811953815 11.752106170868231
26.317914332675194 43.95361346469246 7.085412888342081
29.344729195264758 44.44457498376858 9.822681750150172
26.8483832282634 45.65062732122072 8.424404619519045
28.272927774990784 48.15527573882615 8.148595169858737
25.7380040881861 43.73105375990955 9.180710070756877
29.33424942872864 43.519956662438794 7.722227467756859
30.314702354344668 43.934917045871664 7.540788936076304
31.19972515134481 47.87321112097577 7.1599478602481845
27.193896258290852 50.800796880780936 6.942868891309423
27.99778327391774 50.26928420006247 7.8088662773220925
32.02857444658755 49.96075731643662 6.69200233010309
25.178292488551026 49.01913264042948 10.463693248565582
29.278010401924053 39.49091685534657 8.636042986798964
24.66401601750753 49.19151381528381 11.40915844721108
26.197479121692812 48.71459791875569 10.701636960732207
25.265133185439314 49.99779412676196 9.991697074345616
24.57972976466501 45.33364037158828 7.885103285255745
31.200181250345587 43.57156063881884 6.600814800648228
29.818198552773858 50.354955196998844 8.793261614914883
32.28003314627511 38.65434366988739 9.576468104708583
28.94247837566504 51.003891173701625 8.783449890662459
32.30604141356997 40.80867492781247 7.79905540908259
25.518275864403492 38.40872257979713 7.934778391715209
32.20445457338 44.893210688596014 8.052710897790034
32.42504514358342 44.09711080620305 6.995989639661361
31.99172245483182 48.605476734895134 6.319196312927618
28.48448941443249 50.960469282916186 9.77161012621319
24.634288263884205 38.3505553340497 6.847031563197406
31.418563106669662 43.29426064705644 10.895716110358823
32.05696476903452 44.93531821242062 11.015402850043643
24.8773681788428 47.95176950850058 8.659824227101545
32.81815092693745 45.46025795638936 8.736987290533094
38.01325089143473 41.68937114631609 6.632229233986288
36.747010448589805 49.685190022720505 10.748181101140984
35.34142450124795 42.79089561930943 6.610490495495167
36.68855122641331 48.112297315982346 9.175485667265674
34.37847718053039 40.415540789229624 7.723719277299645
34.71879406555026 43.4508407268651 8.730124454799824
35.744231318312934 43.60051338297335 7.755214016030178
33.12665310263315 40.17397211235388 8.09930329300101
33.04346894461437 39.17173668055168 9.01444474729763
35.89738884136391 46.013549179619716 10.130893635031889
34.71646221957081 48.573876273775376 10.312825779273654
36.8251309263685 45.817348912412996 10.647807630628014
35.89844730208992 49.18312912395147 9.76146179196608
35.74425456511199 44.91084722726878 7.351244833109108
37.66165175170785 44.841710792187726 10.247117886397906
35.484642301388476 50.06322087836471 8.786305077951138
37.490112266803095 44.168112167786504 9.514356603189162
38.67522444336417 48.91971385801335 8.246102373713967
34.3506289861995 38.7251746245753 9.138448002713908
35.08662009992181 39.468566628127896 8.330955326335403
37.37723713838253 46.52260460429903 11.60496566483243
36.16215914960214 39.373837489254065 8.305614798483031
38.71826718267167 45.03718997283487 10.983028082901967
38.60124039582856 45.9327690603433 11.958033219969797
39.851018419866655 47.02926404873162 8.268500100684424
39.849666931775054 46.09091965547052 7.204381949015586
39.64916979763403 44.50726681451528 10.845181183457854
37.00620365601363 43.33405258816632 8.313562523883451
40.06963242845885 49.959536017662984 9.778583307760067
39.70911868061192 44.87610999950831 7.7993517214538555
40.130373041126795 41.661083444988755 7.254075682248079
34.7839546044759 41.20566742188565 7.242691250031772
40.098428052020594 42.01815711335487 8.198309717332288
34.40311504870643 50.28887970593087 6.7836101607912
36.914804042076646 47.37047532316861 12.088360819238673
40.03133034996744 42.081112695802624 9.909955003265477
39.646437107766204 46.582157051086824 12.865628774546524
40.535518132976456 47.701369073247676 11.127630030919889
39.05414401550552 41.4956595888994 6.419115797630729
40.784801662011134 47.2722029020524 12.098080503410515
38.92447823220305 46.37080566868345 6.2904491051598574
33.311846249102686 48.053819744208326 6.3240649811526595
33.38625594361051 44.01716194518715 6.510106960945711
35.13340978669579 38.648493097301284 11.606132215535833
42.40456697934247 38.326577009037905 8.862120853552037
41.07291781760037 40.9380449474803 11.327336108345458
41.53267638485988 46.5374432919385 11.799899829625254
46.40782225463471 40.88687451724472 6.291041698097124
48.218584760356435 49.711304858990864 10.004862559987858
41.223690953017176 48.15163779142791 12.569324034488579
41.85485686202757 43.01019861662523 10.828023848584994
42.07420627603256 45.058322110079516 7.422201260670453
48.663211776572155 48.1497516366559 9.321889988246074
43.54452429967036 48.28767087815533 6.978612170247606
44.566325326285124 39.68061422053623 9.667176519982506
46.82167381689503 45.539416694875094 6.54073060358972
44.527839043216964 38.68546044712756 10.11022028030765
45.13642827470902 50.559156964506194 9.974434973956608
41.32440870234921 41.81402045337535 10.389662808562234
41.06232244154542 46.13851397196691 6.515325415209173
44.67623019855645 43.369687547957184 7.61202811318038
45.400644463085534 42.64063870515728 7.280197195289624
45.98901592927979 38.6659377638706 6.839916981558009
42.16958688547607 50.41005540071642 10.445660512276385
49.06078156058892 49.060563373010446 9.769617861040526
41.19100845303862 41.16044667319308 6.673606630294763
41.36672684658637 50.26432571805048 9.34730783168758
44.19899417682053 47.11131204863347 9.08801543589793
48.51260871935922 44.00878645521911 7.334218883596403
46.72175198719237 42.619651074505626 9.351425077546782
46.226188580766284 46.09330405378631 9.3886057989834
42.128953572205816 41.19421518238993 9.424513100761313
44.450684866530814 43.48583808891764 11.11616350484358
42.784178673051755 38.56865220490731 7.8804413939590265
43.23257934272226 45.10127773011855 9.866838880233939
44.3244986325684 50.31237570540126 7.761532642725207
42.140289940803704 41.02744363337762 7.17117556848864
43.87911022078266 44.05090342332042 6.864029569488078
45.58776684182266 47.33711224516129 9.21860681720344
44.863322393487536 43.02677386570131 10.217781453154519
45.88294446432786 48.34102473341072 10.162202071114082
44.59026940349951 39.640951410310834 12.023879864726384
46.40184790428172 42.844045651637394 10.368975298167463
44.37008341199832 43.61399999240967 8.975756775901804
45.74750772371475 47.963731818796546 8.015805490767967
44.31647135993835 40.110692712232684 6.730431812116193
46.86942422670547 43.76167489910941 10.725947211462373
41.77242476471107 49.164236562290256 8.671239680844621
43.49142534916062 44.60172405385591 8.944968569753904
42.93575789875873 44.6359542209816 7.737533097801296
45.11066164409755 38.86179319361399 11.466919911763998
44.623428301894776 41.96388655804415 10.246441464901825
46.709117621939164 42.089766382867964 11.093370290949577
46.174921370071296 39.07821256533925 11.374108859508627
48.80330854564241 44.89285894368234 6.766760121773806
48.413438878385634 50.110396403311945 7.1974449414400885
40.04572190371553 45.708819829115164 13.381335812995038
39.25610211318695 47.265117011252734 13.62015132973806
  
  
