  
  
1.229950684228103 0.7102494726474684 -3.349999907887393
1.22994596245015 3.540544393861312 -3.3499998579989043
2.4590053330383337 2.838919427172482 -3.349999870897272
2.4590436331619245 1.4204752628505848 -3.349999904776558
3.6809567628272477 0.70973051038106 -3.3500000055510726
3.680994658151045 3.5410818487673597 -3.3499999209008156
4.910054039803325 2.8394568797486563 -3.3500001840311566
4.910049253122144 1.4199571167626694 -3.3500003863642402
6.140000003790587 0.7102807034169561 -3.349999966422815
6.139999986766828 3.5405102202603436 -3.3499999186097074
1.2299509289491837 4.960054249461486 -3.3499998575083554
1.229950909488507 7.800000261814469 -3.3499999128855693
2.4590443166552447 7.089473616838606 -3.3499999356739174
2.4590440213432374 5.670528918541041 -3.349999928392956
3.680955465868474 4.959536542148608 -3.3499999475387563
3.6809556346268093 7.800520183594475 -3.349999908765798
4.910049103453275 7.089993788971323 -3.349999898214726
4.910049217716848 5.670008639451433 -3.349999905422816
6.139999984629395 4.9600851871189615 -3.3499998940110043
6.140000001978037 7.799969060259737 -3.349999914617089
7.369945936201396 2.8394568069870196 -3.349999927572682
7.369950718511504 1.419957170337219 -3.3499999108734912
7.36995088851608 7.08999380311572 -3.3499999258081905
7.369950766736087 5.670008649033716 -3.3499999079857257
1.2299499391296156 9.219935115990372 -3.349999928129459
1.2299499336271875 12.05006487324715 -3.3499999256210944
2.4590402165277196 11.340803686641724 -3.3499999358820576
2.4590402145680774 9.929196325383316 -3.349999927823836
3.6809602318681764 9.219413010807058 -3.349999930933368
3.6809602329673243 12.050586975008311 -3.349999919808778
4.910049631800748 11.34131707172908 -3.349999933280098
4.910049633725574 9.928682942787628 -3.3499999429819063
6.140000010828396 9.219966828738492 -3.349999930750066
6.140000002972917 12.050033162729397 -3.3499999202557094
7.369950377608157 11.341317059634807 -3.349999924140219
7.36995037954496 9.928682941613632 -3.34999992962717
2.5867980254669497e-09 7.090025045562841 -3.3499999101667246
2.2429773305664713e-08 2.839490982768995 -3.3499998839159986
1.6966692035268047e-08 5.669977347781199 -3.3499998896364556
3.191571848631689e-08 1.4199261794788294 -3.3499999912498724
8.599043238512987 0.7097305089638483 -3.3499999102395392
8.599005330225248 3.541081827939849 -3.3499999120979096
9.820994691866552 2.8389194124858466 -3.3499998914157447
9.820956374854347 1.4204752481285623 -3.350000014946106
11.050049375290737 0.7102494441763594 -3.35000004826603
11.050054068754637 3.5405443853059597 -3.349999943444144
12.28000002122845 2.8394909569508284 -3.349999982532502
12.280000009850054 1.4199261408841912 -3.3499998965605515
13.50995065926399 0.7102494746419454 -3.349999897395566
13.509945948915265 3.540544395267171 -3.349999892627291
8.59904452417526 4.959536562951428 -3.3499999079161946
8.599044373083462 7.800520205809826 -3.350000023638601
9.820955691417545 7.089473635128562 -3.3499999027307337
9.820955987347391 5.670528944213984 -3.349999898335235
11.050049113990937 4.960054255607546 -3.349999881023533
11.050049013681305 7.800000244973877 -3.350000193209425
12.280000036554041 7.090024945499281 -3.3500001858201847
12.280000023723074 5.6699773464188254 -3.3499998578012202
13.509950924706569 4.9600542620106705 -3.349999880723157
13.509950956605957 7.800000219619849 -3.350000128570879
14.739005319376691 2.8389194286702493 -3.349999865296418
14.739043612028812 1.4204752453942329 -3.3499998621290183
15.9609567517503 0.7097304887079331 -3.349999931053783
15.960994664675669 3.5410818315457298 -3.349999890691029
14.739044327057217 7.089473618295835 -3.349999858332744
14.7390440069667 5.670528957292674 -3.349999910806565
15.96095545931304 4.9595365603623955 -3.3500001903068433
15.960955622239414 7.800520198440174 -3.3499998655837526
8.599039780261176 9.21941302469417 -3.3499999350604623
8.599039779895426 12.050586953466302 -3.34999990038893
9.82095980379377 11.34080367504142 -3.3499998765946284
9.820959799529806 9.929196327446572 -3.349999893575567
11.050050028004375 9.219935167867552 -3.350000018471598
11.05005006058677 12.050064854342086 -3.349999929239502
12.279999996511467 11.341348091835922 -3.350000045511173
12.280000009932921 9.928651918926235 -3.3499999995136487
13.509949923195459 9.21993516822271 -3.350000173469817
13.509949952191858 12.05006484976913 -3.350000023618349
14.739040206651156 11.340803662581742 -3.3499998838097578
14.739040229717757 9.929196353172923 -3.349999965012037
15.960960233781156 9.219413003780913 -3.34999990520354
15.960960219621485 12.05058694927709 -3.34999989970083
24.5599999795891 9.928651864776558 -3.3499998532249107
17.190054048333206 2.839456852322867 -3.3499999644515235
17.190049300423777 1.4199571316952906 -3.3500003855865645
18.42000001724602 0.7102806913063547 -3.3499999295839675
18.419999989587552 3.5405102209991197 -3.3499998827811552
19.649945942011954 2.8394568018033595 -3.3499998906114756
19.649950704982647 1.419957166140959 -3.3499999689348603
20.879043239554186 0.7097305040101898 -3.3500001232066268
20.87900532725212 3.5410818368774626 -3.3499998873816983
17.190049070292233 7.089993819075727 -3.350000180701065
17.190049231847425 5.670008643036017 -3.3500000263081473
18.41999998730014 4.960085202386626 -3.3499998841970857
18.42000000981826 7.799969081164626 -3.34999994380905
19.649950889511317 7.089993808251094 -3.3499998996969795
19.649950767959716 5.670008659968737 -3.3499998837630827
20.879044524892706 4.959536563803122 -3.349999927533368
20.879044364858505 7.800520220676954 -3.3500000291315155
22.100994668630634 2.838919419075743 -3.3499998933092012
22.100956368911945 1.4204752387552169 -3.3499999101264666
23.330049331205867 0.7102494518198144 -3.3499999199449713
23.330054046200015 3.540544432211037 -3.3499999635235933
22.100955717505887 7.0894736591525245 -3.3500001830888824
22.100956016798907 5.670528923014628 -3.3500001327915117
23.33004910093517 4.960054283600932 -3.349999853304426
23.330049094923105 7.800000278852453 -3.3500001942853253
17.190049632562413 11.341317070000635 -3.350000025892207
17.19004962992002 9.928682904891515 -3.3500000425796017
18.419999994614226 9.219966825019837 -3.3499998897588714
18.419999994014304 12.050033137650617 -3.34999991229314
19.649950365113995 11.341317043370982 -3.3499999070112905
19.649950372908837 9.928682928573593 -3.349999888917874
20.87903976958586 9.219413002580417 -3.349999911612155
20.87903976813227 12.05058694632923 -3.349999909473226
22.100959788656258 11.340803698301869 -3.350000020532314
22.100959781832664 9.929196254220265 -3.350000303403905
23.33005007360053 9.219935104718946 -3.3499999619575025
23.330050067403302 12.0500648537812 -3.3499998898352534
24.559999979923262 7.0900250435454115 -3.3500000123603026
24.559999994639323 11.341348103772585 -3.3499998863919944
24.5599999774711 5.669977365609277 -3.3499998661094823
24.559999992158698 1.4199261330676305 -3.3499999421561966
1.6083974705974051 4.494010483025295 -0.012420408815692063
6.622477383571973 6.3516346594321025 -0.28367302600845634
0.9913850643784747 2.3212667868370844 -0.18931912062328915
6.555066524781356 12.612460985841452 4.666394849692822
2.383061351922606 4.316502385779636 1.6180526839193243
5.946582812280203 2.335436981595961 -0.44955686907797276
3.3747149550631756 5.824702528051695 4.045948777601641
3.940321203228814 3.69937106137652 -0.010222471946038647
3.669338414124329 6.977926992563077 0.9023830139742561
3.7805448156060986 8.978700413572776 5.005472083189381
4.783508017534049 9.63956892823805 1.9499316899683272
4.0304019083738405 2.623151501218399 -0.016299027892581197
5.048633407181077 1.8855222815471577 -0.34295654788156105
7.989431336701737 10.932022394050032 0.9830610038015852
6.411502456299546 5.7283375993197545 2.1998297238229036
3.4166265430304095 7.359181321674592 2.1844771566835366
3.443196564321433 7.713579140252001 5.263984851249859
2.4602624457586595 6.984496151867358 0.16892643540076135
1.909775262245438 12.03132152932179 0.02020137586466353
2.6983199210550604 9.55920180453561 4.433636380520701
3.1425832082196243 3.3198012140867488 4.010620058289369
4.366467908520046 5.809659179736537 0.7013674598590092
2.9921079662494443 1.897676344078005 0.33573579694826106
4.493961808283273 7.906507510676367 0.41237079342982375
2.8541470949866556 1.9680927777631931 4.298523354525301
2.7680988327895606 1.0818121687227793 3.2459985768127577
1.4980546045351062 11.086985789407992 0.8916070329077552
1.632760974660112 2.4877038747804954 0.6761493293359511
1.5222150649411699 1.915555520648715 4.676443537907277
7.059053937958973 10.190489723986145 1.7921732042549399
1.2896682402286828 1.8317360486632845 1.4762078191499983
0.5242553013567465 11.707648820574715 1.7278535731845035
4.836049193968426 8.925596393274963 4.076615256814939
4.888702602249769 11.685648761517895 3.26195390078186
6.898674290355455 3.574142267195611 5.2263000222740015
1.5851994901780804 3.9873007290655305 0.9523630274416339
6.570265404985275 1.711517841179294 4.396100623304506
7.282922193617165 6.091175125733278 1.6750663765087848
7.280473530247279 6.562070872471125 0.45311573009430006
0.8999889596526258 9.953890134011239 0.25316041266584266
4.172267423242991 9.756421578760285 6.1105452163108085
7.278536455482604 3.534660854411288 0.03313740697531986
6.63932850284894 0.7085315742962514 4.492790006842418
3.310104457527901 0.5902177418257701 0.10413299492729289
3.543815251848434 1.5643930549972567 5.402855164272674
7.336766127096122 8.035062740296251 4.662349043877672
1.1245617646626513 6.106148663464051 3.465695931321957
4.655016302136839 0.5599110670556025 -0.12475482258763715
1.9536607740846963 11.890080299737066 3.9434854424347474
2.6580356045628033 10.638013305806554 1.5625548551336732
7.652405529959091 2.7895256992254733 1.1162511743973236
6.690126921874671 3.0688248382044327 2.1009620893552885
1.0531471754146442 12.077725647112606 6.067840710852574
0.486176710004039 7.82950592420818 1.1986049620931272
7.570686937349645 0.2291929585308323 5.22676473222369
0.6310593656275459 4.391816753216889 1.2901253831461368
7.680128671276614 1.449146638726746 0.8216281772888356
5.408476867269181 5.114068067991806 5.49145681766197
0.2634568552909825 10.184347878784548 3.854634056081422
7.46208503612999 11.918698458599176 0.33259639593627766
0.10674145440429328 4.170469218813969 3.792966169159191
8.004249208179345 5.643678222830082 4.117053322539884
6.335298741640495 4.283272981590802 6.2185881452933724
5.268817199062029 12.758654866621482 4.1021177382968865
8.332202475995727 0.7313183275030615 5.805007067330025
10.475634910723354 1.16765681661465 -0.6642804494145915
10.694415045764705 0.7461612896589404 5.703579571043936
9.008029442745048 11.341972280267068 1.8041578922329249
14.650655591293575 12.08697257022273 -0.3764776547445936
8.455005978362237 7.242103142733232 0.2952164579837624
8.496079212080312 7.848647159488463 -0.5974298017007662
13.328938227769045 4.82078558875505 -0.4218669971145317
8.55547386061108 10.069089835907185 -0.01961079655677711
8.352447562595827 7.750524429205007 4.387523333733233
9.039894394548636 11.420479418982847 5.84223149099134
8.739784876811333 8.560168306250809 3.7690198194258127
8.504887956534274 6.377540497333492 2.2763742877128355
8.954161220100495 7.9797880056309305 5.266999818275418
11.55938836490491 12.71648408043601 0.18734880579259983
13.71565359205421 12.597755064981905 -0.1996373193773593
11.770406648170995 12.070868218915521 3.888881644546438
15.0782530861338 3.213134246923944 0.17611487192091602
12.935460752411283 0.6181903048260369 6.058087390769302
8.846550406945482 3.251763609724658 1.5227068563119317
9.681981598612195 6.179982746804465 4.1306425551533055
8.694509030989517 6.38699843561607 3.7181593035207916
9.227706635995283 7.138915302026842 1.3591705435136558
10.912989641380603 3.2850198624882188 -0.23552377658206947
10.18587400869179 7.551606847402501 1.6384570885852079
10.083641373000633 2.881144633957456 4.052087334430482
11.678973732447423 3.6753331648545045 5.295286686824031
12.79436740030458 5.819967139590157 3.9382415684631544
11.803873948182611 5.187349919959089 2.7413364792383907
13.609827688856404 5.125567423587686 2.774716556082053
12.688566533196388 4.926889956683021 3.3223525184721625
12.327456836292189 10.98983780929854 -0.51404506328522
12.446498042543816 2.7427517191745356 3.669895311545739
12.682473961212626 3.6318091058570476 4.254696414904981
14.195975571048203 0.8298088247150393 0.45713490652833144
12.220949673525352 1.831325146711711 0.20782120833016338
13.580085625080667 1.7167810531491285 0.4381654510756794
13.17636862594224 8.3133529234549 0.21438599293966076
13.518555197726169 7.025661441517393 0.5515641271715699
12.101238925609142 8.191778030451506 -0.6230001209317892
12.5593043953573 9.476498196222279 3.492646754163423
14.281337147642585 8.79759306384045 -0.4682191315493456
11.969288329460746 3.168499029469561 -0.04302448642439227
14.107695720492481 2.9353175625808623 0.20671372339706173
13.117683836558735 3.8447554824400707 -0.010604533798932447
12.793536636153073 9.076414366591186 1.3194334915672101
11.146068599360834 0.8081396815940615 0.11633859881158726
12.506046619406437 11.929067284639993 -0.18838622036846497
13.702239089974293 3.526174743883732 4.624859169383525
14.572419271871706 1.3329802246685536 3.2895845615520414
14.693778969139856 7.750359665211238 3.2820138462467865
10.428421577015117 3.261345317720179 5.002336802123359
10.60891692082715 0.8532639310639086 1.0637201879646352
9.718953218769254 3.3244570149309864 6.128099535486919
16.021778878789544 1.8063113475652988 4.897255939954554
11.701120929658055 8.29580585594699 5.328731911310478
15.906561048008037 1.6458878857121664 3.5083046652340686
15.817271717213956 8.221075215699022 3.881412981688621
11.970283125913234 11.745394084172354 5.165959799466342
16.03675234534252 5.058982578649075 -0.40475791283007045
10.939911671075379 11.106472429220824 3.3786762357802544
10.509431316957736 12.495972156174147 0.3113031870251082
15.536365461405234 8.77560718036462 5.135293053504503
16.14514365927759 2.7994131010498657 2.8473301373938464
8.706973953024363 12.58729987119561 3.8062591226564955
12.91426865941498 11.941346693807517 3.099936116799167
15.36033132104876 11.605275959329749 6.063090313461431
16.366906774317915 9.27768261870359 3.191099746741731
15.935712747482995 8.458542394078085 0.9791493318460309
22.088831514973407 9.714059388439367 0.12627254915556607
22.238718855546935 8.272722058095182 -0.04297103317356554
16.4688378518442 6.226446501951066 1.5284447340887497
19.99942208585514 3.2094798045432023 3.9867863252159785
17.830099508463103 4.874813823327947 2.911134490965898
23.894953527895183 2.800782958968936 -0.30275674320159873
22.94400260053557 4.987256669070646 3.726193318501221
17.42943741680976 6.96871473090014 -0.4070424077901036
19.28059828439324 10.53640805718542 3.8104177685344744
16.78123548450238 7.215103945828941 4.00080497171968
22.552795709203938 12.569388466036902 5.697274181646361
17.044521374938874 1.6059433747073795 -0.800026815961028
19.094160156158637 2.8821987479014872 2.953679902384475
20.92926954556654 0.08721589425067373 3.125054341178698
18.794652853151756 11.898277490401991 0.2903674815305013
16.60511716984795 1.5169313308715047 0.8281135115933413
21.93165327877413 3.396959363183447 0.45298855013461536
23.112506525927206 2.9995823606868917 0.8593465122466004
16.94813950377282 10.578072994510539 -0.33962083823902645
16.761426816212374 0.6358053907028572 3.2621119734253954
22.40962828248911 11.191489397586158 5.628978493108342
23.738520398493026 3.855941432204813 1.7813882955450866
22.20089011583871 10.302135474876614 -0.7846113003887045
20.20847559601046 1.5841717371487405 -0.23305862018977108
21.79019708796787 6.16701964236927 -0.25741498476915203
22.563135090569787 0.26751974431907205 -0.5137694442526941
19.391347883188345 4.38849245772519 4.54092918808135
23.55921424268332 1.8655329269216847 4.256458110110176
21.353745537479035 10.85603338803834 4.797584629813008
16.373898932511224 12.559972525706018 5.7305363405633525
20.424021643044135 0.5286824099865648 -0.15636323674793506
18.105960849771666 4.902659449635436 0.37942331590923306
17.99513133350695 10.210138269938552 1.6042457710825708
21.28197426907712 7.36358403504174 -0.07469195392722172
20.279295528037856 2.1416481365593505 4.8059916903989075
23.551265589647787 10.59885491271373 5.092984442230676
17.463269713235007 1.3576044876248519 0.1752052724426134
21.36079824064324 5.269685934575852 -0.0827471665686863
22.230121566099708 4.395145545699398 5.741677305169696
23.981300682140475 10.142579505971701 1.0938036687912889
22.940204868852355 10.208787777900687 1.4097719775286977
19.723682667057115 6.490672302131603 2.8185093168129347
17.426927202595824 11.921136645615874 5.070751605460039
24.448324807352634 8.065334172627542 -0.001903190293128798
22.980817649101382 1.7322566169386833 1.4408937026742796
22.88989695508517 11.297054754101024 1.4450438116911535
22.733819113916777 9.665653269876861 2.3320028743402563
20.564554135796133 7.323960484308719 3.5763284295551845
20.225108969719535 7.57962236543551 -0.12725790073087495
18.728081624059605 0.36629725251060996 4.740529318996526
23.495765625404584 8.296381335991285 5.299212455679397
23.120027062789006 6.350324179430596 -0.13425277124735957
23.46406974182761 7.6667531871298005 -0.19881729292336003
23.816797071929784 5.535209719003593 -0.005800561418102257
16.85483990173433 12.080189170345484 1.2897885472832038
21.838279241185404 6.916402166544526 3.5753276962137903
20.218193944081086 7.317067364416748 4.914559919089396
17.667194595193212 11.177826543047116 0.6921915131041434
18.09573784811342 2.182145107607552 0.504168529302077
21.0821331886092 9.881432852488867 0.5092145863725017
21.20359960805822 3.5131890151809593 3.3897066941550866
17.003425966851832 5.799616510802487 0.2662257293588266
20.456161242833797 8.648762698316885 3.182659656187684
19.094111883273406 9.832265729148704 6.180628213968222
4.948956143705092 10.747003836859346 10.572380273908987
7.178246125836682 7.0375371939912625 9.144882365955567
7.277323469601316 5.852432185037524 11.422981044711426
6.546417631293922 7.477645599853481 7.980746615275213
7.921331265083615 5.000262352102722 11.640145810182517
5.352433173902055 11.666487730367576 11.619907447558539
5.6407176766935825 7.077938187784611 7.549073617726854
1.5200044287751766 3.2440732893205593 8.716246680116543
1.6249434903331692 2.032798686840991 9.363678907319041
4.5992272271702 11.49926947882471 9.489058998539273
0.6420744651665099 9.321301305704827 11.12106654108691
1.10985707203409 7.234866152958075 7.45891785793749
7.202064364777904 11.425683645625167 7.258131887299118
3.9815385036910924 1.7626905871744063 7.641019793454475
0.8637979571914113 2.94756230639104 7.539536227153274
2.888868552852098 3.5371693766522285 8.305135527370725
5.988032489468772 9.892299471214638 10.286033493388338
3.907916494721679 9.954725768956276 10.998107331025954
4.894522443337671 11.786562108953397 7.237497037933801
1.9930179686744416 8.519753282489312 9.097371298540178
1.2063185808826802 8.002432447488113 8.568331388056965
6.832304461146145 5.850649753049345 9.896330941371444
7.586750356523695 6.8207762277462525 11.816255525018489
6.35212047117274 5.672277681711092 11.970378310459619
5.745414555838029 5.794416094859955 9.836263397089748
7.239024719013614 4.960142856804407 9.417085597047096
0.20597741126860358 9.778001884187043 12.00951684427632
1.5876384488346542 8.828688587541277 11.347653087250588
0.7907410553190581 10.27063488598825 10.60651431028873
7.290205234204865 8.424450282618348 7.395650568183126
2.2185964949505723 12.07421880915528 8.15915189020746
1.0648231388366793 12.264501700474902 7.413986682100172
7.54448751823005 11.348628326732726 13.042991997569693
0.5839236909525596 0.9990029973113453 10.014613815215593
7.334215085996862 4.921075071013108 6.852478682202231
5.585813493281352 3.522608098506217 7.168062239737388
0.8809471416105837 4.161661453199468 9.518063124076525
7.198193958953264 8.98319295392824 6.4760090334616285
8.15461084007075 12.048140354620505 12.490875655816092
1.9165088358359976 7.01398096308998 6.775600461096859
14.288884466236164 0.1983988668262359 7.599043071860142
8.363622518184235 7.591426259487022 9.126603063437846
8.394328069088177 8.574910916157133 8.204951991965125
11.905595297065348 0.5515199413741758 8.67168618659154
8.79724917058647 2.8265965969689684 6.390771672698978
10.994760831606788 10.090157412769845 11.98407167937949
8.522733779499484 11.811451184117942 7.1027952084997565
10.34117628086064 4.43071178921063 7.948564321137789
10.521203848756553 4.023975758366976 7.041781063735372
9.976647924081558 10.272309838961341 12.328116155780016
9.379082564217294 11.65672113037255 12.040412958001093
8.992260353408918 9.347076685924462 7.947392275994751
11.039955338108363 9.173879668663972 7.3493419198315575
9.112987955210375 7.295334074615846 9.84575593988818
9.233059737452443 11.211428241560322 8.07636332624228
10.656587227640212 5.0411868250230745 11.757369774697917
10.474411763464108 4.843487863797316 9.50905399178939
11.251501941843312 5.317871642334012 10.52447696779466
11.409181565451792 6.677292410321764 10.327393482034743
12.56702607285521 4.808004521225055 10.405681885923247
13.381827108306537 6.881190326692922 9.284277204076787
13.448235437729732 10.457777856705306 10.400519111404678
12.22608304897091 10.614634472073433 9.765631901851819
14.452213800484758 10.658846980949837 9.444950288580207
13.395086280876457 9.159237236776272 10.793377232328982
13.587747561860295 11.291949812826509 11.446409441741174
16.163464672663963 6.352312509618719 9.88853480481136
15.695874220264026 2.5867281651570915 9.282850689671502
11.725323792670114 11.344003845888572 7.559822035111225
15.211699849612932 9.569476429682913 7.175573092409659
14.532806421247427 2.5510208770354055 9.836604331466283
13.818376000720905 1.6273686916458423 9.064221561831975
15.034725529484904 5.169778610405689 8.351730832766668
15.88855544378905 1.447752715560643 8.495178138133788
14.067840286263156 3.233250880466555 10.532857672967339
11.488144755429992 6.9683866029708055 7.331055192424595
12.112700700406336 1.976093239426546 11.300187829111962
15.97898378315584 6.15849908385204 8.541162169459122
15.4895329277018 7.389012404475379 8.007710328653985
14.664411288402562 0.9654630184830802 8.26009692216086
11.856345288507963 8.176012078432581 6.784089710487839
12.003240559229848 1.0749125132017145 10.696870519391487
9.334066699447499 9.511466617452468 11.885050740116302
12.6580656330108 0.32998084530211824 11.148955614082114
11.054964699608064 12.693763183924272 11.262814744539376
10.05316332366192 12.669346503110965 11.66555266026949
12.540895227524883 4.7050473909215835 6.894261268937858
11.662260576307384 4.188459352716752 6.537136713179659
13.149760233659217 8.552664145202334 7.244494717701216
11.001162024186305 0.649014929297099 10.74736663488208
12.375337641835433 1.363388877598239 9.22694374851304
15.877403034514558 12.315650722317532 10.176834786871215
11.870889584653096 2.2899844904866224 8.95298621928782
23.898782188294994 0.5444616090434423 7.989374632517504
19.4368944238902 10.567777958109334 8.397929286550417
16.50717687995123 3.279889724604684 9.449329057264773
20.568992121769494 0.7546265803241998 7.034607255912224
18.159170202238265 0.7119798385739339 6.9965750741149515
19.245322001275785 8.390377594919368 7.919069057900313
22.73028358219898 6.2251593734168384 6.757126539361021
17.470886674860125 11.944949864917234 11.99069684152214
23.99384243425632 10.049912273330035 10.684781939956656
22.37582428896261 8.137865065339732 8.819033005319698
23.315676697878693 0.22670238675921123 10.194128403470105
19.418466083649545 0.8098111907430836 8.939486730779258
19.41812442345315 12.283239000519986 6.996308210410044
24.493678865891432 8.13913697526556 10.139811919097346
23.65684448703869 8.193937185584456 11.68877878222467
23.63684766077846 8.563148973925633 10.663409198784151
16.74963975499969 1.1277414189199244 8.075384643139321
20.670103882273903 5.335123681741224 7.276686200257166
23.21332597820048 11.017752138059455 10.19788774939477
22.570333272045264 4.244464178320257 7.8906222688271495
17.55429129070925 9.420608868457286 7.6025161308096205
23.9299385970375 12.172954930750473 10.240614269073395
22.605055041767372 2.265852514870133 6.399855553097718
18.86825228983607 9.599039910562153 7.547098582896254
22.34268993489209 6.914829752744473 9.78740880469633
22.388354527590746 7.998041686290519 9.89995502644587
22.05227771505005 5.038483300063288 6.94337500139987
17.13454632385234 5.734976009840782 7.87738444143613
22.20815379373531 10.778597095876952 6.9268762053468915
21.20135392084893 0.6157320227477338 11.464772242034943
21.460220871967707 8.255365018200534 10.410300615398235
18.882629466110178 6.519968953649925 6.532415427625473
22.27817728659826 10.968842651383497 9.659831259194721
19.40441064769926 0.38382684118314686 7.639303290362369
18.7383676274941 12.715276542272884 11.040601042183656
10.692812459707866 10.872233306872674 14.305529342602476
10.063727447261943 10.10495354128814 13.854271313817922
9.042816209384416 10.12524593443259 14.235622153721415
10.516191330624949 9.135928498244429 14.064905831726852
1.2299508955842904 13.469999515728016 -3.3499998904272488
1.229950381632833 16.30868295767353 -3.3499999697315044
2.459039760569797 15.599413050343315 -3.3499999946394166
2.4590443150340793 14.180520446624564 -3.3499999837986696
3.680955664801867 13.469479553643882 -3.3500000734855675
3.680959772847268 16.309196323610767 -3.350000066454929
4.910050065493529 15.59993514103881 -3.350000027608023
4.910049125487518 14.180000508272114 -3.350000069413188
6.139999995401374 13.470030728635653 -3.3499999107073455
6.139999978336223 16.3086518628164 -3.3500000019024103
7.3699499109452775 15.599935163549867 -3.350000044905117
7.369950850267796 14.180000473707908 -3.3500000782526906
1.22995037594814 17.7213170604191 -3.3499999097930044
1.2299508786038686 20.560006194613717 -3.34999993952134
2.4590443482468416 19.849479801507236 -3.3499998813155862
2.459039756442342 18.430586977104316 -3.3499998832216313
3.680959772160838 17.7208036756083 -3.349999912061181
3.68095566024911 20.560526368603355 -3.3499999095400392
4.910049092923814 19.84999971439 -3.3499999390819015
4.910050051700719 18.430064872323083 -3.3499998897824823
6.139999982421248 17.72134811890969 -3.349999959525143
6.140000021185171 20.559974950376763 -3.3499999473667974
1.22995078322717 21.97999135114028 -3.3500000974882926
1.2299459308552079 24.810544338468365 -3.3499999619519913
2.459005317329508 24.108918209115895 -3.349999938141175
2.4590445212660077 22.690463433559447 -3.349999989771998
3.6809559525046835 21.97947106640438 -3.3499998990852795
3.6809946637271036 24.811081770243106 -3.349999889794505
4.910054062479553 24.10945564213752 -3.349999884982254
4.910049093070749 22.689945754216186 -3.3499999118239376
6.14000001967669 21.980022654563232 -3.3499999569845604
6.140000004099737 24.810510163588813 -3.349999920979708
7.369950905534011 19.84999973777907 -3.3499999008848578
7.369949939864914 18.43006488481425 -3.3499999083746013
7.369945965242385 24.109455661131477 -3.350000164570579
7.369950928120205 22.6899457261306 -3.3500001325489084
3.250496713613255e-08 18.430033188661966 -3.3500000797025944
7.666873530454172e-09 19.850030945728406 -3.3499998889128726
1.4173226346964442e-09 14.179969291413931 -3.349999895803033
1.088567374684169e-08 22.689914854948647 -3.3500002695943385
8.59904434323105 13.469479553104817 -3.3499999323563765
8.599040214474321 16.309196326697684 -3.3499999193321397
9.820960237934209 15.599413038599586 -3.3499999022904268
9.820955682233462 14.180520428840367 -3.3499998934413746
11.050049124806549 13.469999496082378 -3.3499998989084134
11.050049638875736 16.308682934497604 -3.349999904124412
12.28000000313189 15.599966833905968 -3.349999894812102
12.2800000032054 14.179969276167865 -3.349999901995675
13.509950883001993 13.46999950174991 -3.3499999656223025
13.509950356555336 16.308682944210492 -3.350000026324719
14.739039779272538 15.599413030838447 -3.3500000071112748
14.739044321613521 14.180520429504707 -3.349999896308341
15.960955650871496 13.469479557665846 -3.349999889960802
15.960959774662632 16.30919632649739 -3.3499999377975587
8.599040213611415 17.720803675673654 -3.349999913874707
8.59904430729264 20.56052638675476 -3.3499999540468925
9.820955622952393 19.8494797906835 -3.3500001468527696
9.820960235094764 18.430586975557656 -3.3499999406413297
11.050049632100798 17.721317057525738 -3.349999912693453
11.050049134098291 20.560006220176874 -3.3499999716163353
12.279999996367348 19.85003093519316 -3.3499999181453366
12.28000000355218 18.430033170581915 -3.349999908941702
13.509950379405657 17.721317058227488 -3.349999906099026
13.50995090594941 20.56000617721588 -3.350000022048276
8.599044048319369 21.97947107503283 -3.3499999902084543
8.59900535548819 24.8110817801955 -3.349999962622049
9.820994659952936 24.108918201097328 -3.3499999216980827
9.820955475707509 22.690463457950166 -3.3499998869448833
11.050049214346688 21.979991367954895 -3.349999863903136
11.050054050424205 24.810544340984805 -3.3500000323008594
12.279999985762101 24.10948982927048 -3.349999880628184
12.279999945682542 22.689914832929613 -3.3500000011521767
13.509950801482253 21.979991321952753 -3.3500003487066854
13.509945921459579 24.810544326088465 -3.3499999794933313
14.739044373989927 19.849479801306884 -3.3499999021752966
14.739039777129594 18.430586980210848 -3.3499998833956477
15.96095978157775 17.72080369078701 -3.3499999036855588
15.960955693219042 20.560526376493534 -3.349999923677396
14.739005338032081 24.108918205197494 -3.349999904306072
14.739044552014526 22.69046344364258 -3.3499999190721343
15.960955985306386 21.979471052574638 -3.3499998813500307
15.960994685151766 24.811081784940377 -3.349999883025042
17.19005004896078 15.599935145254229 -3.349999901888434
17.190049100624506 14.180000497101705 -3.3499999018246407
18.419999995885966 13.47003070636385 -3.3499999064521546
18.419999992478164 16.308651893016574 -3.3499998980694166
19.649949944459912 15.599935142553377 -3.3499999025671734
19.649950892807738 14.18000049735694 -3.3499999056171967
20.87904433983407 13.469479566244086 -3.3499999066551798
20.87904022838991 16.30919632741222 -3.3499998974857634
22.100960246187242 15.599413046795705 -3.3499998972919864
22.100955675471756 14.180520441456386 -3.3499999158927682
23.33004911649409 13.469999497940636 -3.3499999482296507
23.330049596160244 16.308682933446654 -3.349999998748184
17.190049104616744 19.84999974300361 -3.350000009434412
17.190050046090548 18.43006488469017 -3.349999946567832
18.419999994079383 17.721348133719008 -3.3499998939908284
18.420000005100786 20.55997495911512 -3.3499999146291115
19.649950884290757 19.849999736762395 -3.3499999935667057
19.649949934218363 18.430064901557508 -3.349999893783292
20.87904021967315 17.720803687215774 -3.3499998944125444
20.8790442869 20.56052635006471 -3.350000137821226
17.19005405095386 24.10945565442075 -3.3500000431452683
17.19004910583361 22.689945731528084 -3.349999890709846
18.42000000194607 21.98002264489422 -3.3499998687869748
18.420000021823064 24.810510168769458 -3.3499998898621675
19.649945937132898 24.109455665133346 -3.349999953558458
19.649950873082854 22.68994576867743 -3.3500001082285555
20.879044042082256 21.979471099753223 -3.350000231448745
20.879005321595816 24.811081797556835 -3.349999921191491
22.100955625087273 19.84947975892352 -3.3500000373763426
22.100960233266225 18.430586981756484 -3.3499998984380595
23.330049604385433 17.72131705636169 -3.350000012323442
23.330049156909226 20.560006160055895 -3.3500001148905136
22.10099467578893 24.108918221341924 -3.3499999376818055
22.100955462865016 22.690463496653088 -3.349999979514715
23.330049270163958 21.979991413309293 -3.3500000889914814
23.3300540320543 24.81054434447207 -3.3499998524186037
24.55999997794889 22.689914826323594 -3.3499999540262637
24.559999945551514 24.109489811925737 -3.3500000842363997
24.55999999505079 19.850030932501696 -3.3499999103424773
24.559999996048205 15.599966794523219 -3.3500001459383344
24.559999998098263 18.430033177625678 -3.3499999800725675
7.878356453369948 14.723054908767239 -0.7253635807746794
1.7615571741410152 20.849760069339524 -0.45694182163226293
6.586536982585077 16.9836457015881 -0.5818407645421919
3.0779414093010473 13.275442607159446 -0.14910965170266466
1.928700552118911 15.733540831606128 -0.30348405386827704
5.058371295536529 21.226703559362583 -0.3477322490819401
6.052152900182984 23.231286696846293 -0.4574992138653289
7.619806301800791 14.368683756838546 0.8035230323759013
4.336511646444341 18.25683802890235 3.9163835190374807
5.443161780114471 13.451817753475288 -0.0033335345743767952
6.521132947743463 16.717353659024624 1.1581029252521757
3.891093576744374 17.37919109307826 -0.07462707553730352
3.974122960165177 16.302391509105586 -0.0716644151971435
4.906672270503575 20.504960138179587 0.8310336359067116
4.425574753459298 16.035491049609572 4.206517426033471
3.7644047083416217 19.78539857130556 0.9236051427046521
4.81384712344122 14.32940553561379 -0.017572474220425294
4.547891075417037 22.82974045171647 3.6801452124559964
5.1230003105816895 15.594993116617744 0.0964059023258379
4.937771664949128 21.412958830707822 1.8031549385881263
4.455945770137109 19.23935571094313 4.852506182034558
6.428161378271006 16.228664403926377 0.188237419130467
7.643176711703054 15.268389893232843 0.1886387408105894
7.896892891354495 21.91646597259334 3.112331634459559
7.0595238085594705 23.6349461600108 4.486986024444736
7.23373687973155 19.767503801704077 2.963220280684106
6.830525225739648 16.394300089400158 4.539561008959786
3.5443542824877436 14.17065533696034 -0.1830684506703617
5.059318118790358 14.032507451991979 3.5063932348916804
2.9577678128385227 15.414269487389623 -0.22941394128104697
5.925211380701113 19.62417482373898 0.9392588946376434
7.0287434026053734 23.32410708955953 -0.21717575505573072
2.0803988517572343 16.59779626352141 2.7682230079104864
2.3969077157792382 22.359696564997115 4.735779528790447
3.177692182576203 19.837701585000755 4.947533433625196
1.223758993552941 21.760691098562436 -0.23927745432293923
1.547330867369598 15.47738403715265 3.508448946896585
1.8357441251076676 23.002447086087226 -0.13326443826171097
4.602813157163045 24.867647165526403 2.4814200903014827
1.8263059301482676 14.339617829475808 2.7079474948347135
1.847934458773086 19.03685135602797 2.9864295688431275
1.369405780303467 22.43235003206479 3.7823728089219557
5.3723865103972255 20.210793668374823 4.4265416093009655
1.2711761343753103 23.69074575949793 3.2155357076548743
0.8308329161867154 23.97524277489135 0.004579419158511344
2.8129406465924096 23.254604644980816 -0.1733084611504343
0.18526409139920547 18.94738667037164 4.556701390974931
0.43560363443551825 19.227438687218953 1.3232582156332917
2.100037161070456 15.4582593339685 4.801609817524013
1.5860388945917272 21.509687375985013 2.807892393757232
0.15970976558671574 15.5894208643448 3.6378656107514304
4.077164102917861 24.412449682182775 0.38019794442823773
7.701372712316207 21.329713857263087 -0.6574992367392574
1.0413396058555555 25.033629726955972 0.04821418707442682
0.29259760441433863 17.33629883830415 6.0223451311655065
8.13717805903267 23.180782843572242 3.667112000317289
0.19057144441005547 22.12532162689462 4.420610648216032
4.195314912130124 25.462775432015384 1.2909826297939975
7.737474099871184 24.44394482335722 -0.08395347418367338
4.766508269548603 18.651808705113062 6.036914975531197
7.967629353989689 22.294667429158903 -0.25207106272776336
4.464784681444007 24.61339336490278 5.53173222794788
8.063067461344383 16.134563156280876 3.9767725008100765
8.048675741688818 14.95108683865635 3.413969617430074
7.321330622045085 25.439643580557735 -0.12648100265115425
4.38855797014875 12.768215021826553 5.190409138778197
15.628135519864546 15.93243077721514 6.154876642197642
10.835468544962762 24.75184313317555 -0.6174843716805423
15.436415674320848 25.264893886753704 3.6112227430483856
8.245450631839502 19.640119228165737 4.9737800611573215
8.547254454744373 15.826289482134102 0.4325475025644898
8.254677230281517 24.18851260880387 2.7334181720826445
10.359754211668896 14.803542599291873 1.3813656443442823
12.734928844282734 22.790565098064743 5.279026365433419
13.284377571786981 20.567627789694548 -0.4774195948439719
10.908385440683032 23.89446354436046 6.019604642534152
11.049536498647186 13.238900940702617 3.6321131250138627
13.318564306120496 22.340541882831225 -0.7768410033605944
8.507890005330209 17.18252127528504 3.070449394845113
9.035767368535675 24.189658400877978 0.11647113162155609
12.745261932969964 14.99050151399994 2.545125942738525
9.16537021264266 22.823937941956533 0.09229796545307534
9.019322870502265 16.02200749261446 4.917809500252586
9.260966110930081 19.52634970802023 1.6353502657826413
11.495429018450698 16.256664486404592 2.7539860658287174
9.272925856250165 23.133609018918122 4.528648673553324
11.011572770176754 15.81324007632131 0.09364022513301484
15.18723323220904 18.992537285454077 0.07721529421314988
12.774410055725609 16.549431209758005 1.605754708138758
9.36777973035557 17.935802477282007 0.1455004892164391
10.076672913960408 22.264595202640763 0.2441633219246908
9.991140507911151 20.164982583554604 -0.36626429464312493
14.106986727315178 14.647225753504282 0.2976873482589393
14.619462986677926 22.622046714116152 1.3879840027751045
10.014930821008845 19.169220358566744 0.5944649293065085
12.243353207148683 21.578418701896254 0.44067782711230463
12.160851993815296 15.763191060245703 2.0456102889352645
11.392667759824992 18.912908547539548 0.834064978475566
10.116353317100288 18.069507137499077 4.126955911271246
11.28112986958095 15.130448101212698 0.8993908624698865
12.068127435903786 13.964800994885827 0.31921666386698133
13.958227407759715 21.070744447174697 1.8967294883457608
11.4837626983138 20.21623275728644 3.374786104075984
14.292574491317831 17.606393392644083 6.007728203139439
11.049262103007576 18.288319647071287 4.4461772807433135
11.794103586992858 19.467272623875644 4.088331653623235
13.01074563479815 19.26353239768809 4.637774052764799
15.847668449310062 19.845579349854304 0.12765892799212586
13.035629278333076 18.169742369275408 5.385176743702318
13.229086729143576 21.557330460886362 -0.024063724410384735
14.314280258448182 21.636660980047562 1.0358782552855894
15.715508516624393 21.073895526389713 0.6194126259256794
11.893884635977717 17.589453572404427 5.219895247230469
13.425199516302422 13.825548297066744 0.13516856117011034
14.17436635329853 23.26769364694751 3.5922251795003355
16.277053426596563 16.937100441284066 -0.0680828026023017
13.926015587362851 19.825648350973562 4.5250506354677364
13.980661395879178 15.45770753521285 5.9896788446127145
14.720195536432074 16.15377340741831 5.593848633068711
11.241983329107143 24.190945047483396 1.8453232254758334
14.671619802016425 16.048984885930388 4.509985281912271
11.663565598850663 16.58876558299281 5.554524428432056
14.120751135884975 23.053977048387132 4.9602913592977185
15.878037212507845 13.518737993356934 4.902803247656547
14.89836050553445 21.913977145057757 5.3045631365796355
15.532776600826049 16.21432748381928 2.061219304555586
16.21822882671342 25.012247609980303 0.341378395413815
10.190293172470508 25.162189311847815 0.15934556625506358
10.87376080346036 25.152504073787952 1.4876691879622161
15.173606246313623 18.20964238222494 5.788699201112173
14.768247352742165 24.113293833445244 5.607866762039784
21.24075684473912 20.926536984717067 0.03952719747370215
24.37885561507949 19.597096811831936 1.5498281908675626
22.073604808856714 17.15834620565012 5.779471137285491
24.44737682530858 17.037447656118175 -0.04249546664635284
18.671442562517 18.956422722058203 5.939982632923608
22.6881776004524 18.33593289749994 5.200618500099368
23.81136905438118 17.37340688862064 1.954922895005795
22.14250407132498 24.984188404517923 0.7007229769256251
19.565507332920493 17.57162226201972 4.573249278149152
24.48635249194394 13.43451155297856 3.6259241868306935
23.8496930491147 17.810399340112845 -0.5256308492768069
19.580849137131754 13.389392709713903 3.4101662514583886
22.22050943580954 16.31686236024153 1.0135030534239542
22.94745404228637 24.278413950189595 0.5581117456060813
22.583788131991593 18.341227049401013 3.7985836501359724
23.634133913035726 16.563650246793976 1.24712215581257
19.19414598475542 17.80098134122738 5.561118278218817
19.580666339881425 14.138283850616057 5.576669994503441
16.98277220827931 22.77994497099007 0.4065691101905111
17.757176575551437 18.941705160395585 -0.5875330519239441
17.446577518417108 17.263757213017065 1.8398209920563213
18.678617235478487 15.317211094390784 3.9053466351241095
19.59581685429284 20.721364336987904 5.890737812616416
22.037762394197568 19.467623175155953 5.753980650029496
22.45388123884151 14.547497501317956 -0.03990221590169818
21.227549720900505 18.064364426965405 1.7983726132225974
19.116435925415583 16.6814379597026 1.3772645902855796
24.017788251736814 21.96489369709532 2.361639690181907
18.973336207443566 19.840055697250442 3.103213889137806
22.43250768530074 21.268615252384517 -0.5578954212941123
21.19850703115171 17.06600321782007 1.387481607946901
18.705995769479447 21.238136941855085 -0.11559158466140529
22.802661125019164 14.874773761891559 5.483896815943829
17.144542147967748 19.759881232293946 -0.23872511988030642
19.120907687464648 24.69970100878307 4.719486698765989
19.411188091182762 21.42938172271255 3.6425042902264684
16.651645602241114 16.388243629726333 1.1805742357791993
20.5146288468083 20.20226060444471 3.6969192409669382
20.95632263267612 19.517136659281235 -0.11728640290078696
21.277243715178095 21.255467381170416 1.3388873937707813
21.68262341623956 15.175298046020322 0.38131963429012816
19.46136281231938 20.375809176711314 3.917399520371908
22.883926315467512 25.341185628002165 5.2733550324552745
17.33087044297206 15.194514215695403 0.9454298629631164
18.811568199627963 20.233762645588676 5.311688039863917
20.05960435499048 16.408340895180867 1.1407243045992965
20.856554610780282 15.116948770761468 4.058377859494841
20.196906028376556 21.727111569680154 -0.4382287280221431
24.223133947899022 21.120829000412083 3.020037695731792
24.057355899462436 18.41323209695101 5.5991458759887935
23.267417675898564 20.684294827225013 3.310114105789943
24.180915758982312 22.295474236832856 5.289275448830535
20.44552088027689 23.7475399464691 0.9777235974479093
20.834021682601094 24.669264532887 0.837756053655333
20.327165741511145 15.185505361257873 0.583214926690917
23.106629929473744 22.403195733236412 5.262704116500721
16.79164821076179 21.735050907717806 0.21145884975971252
17.760773884338608 20.9372726324827 0.0745037991673525
19.66050309026729 14.346009296876383 0.4520384532968247
17.914078922411576 20.848247072409652 5.382553315544417
18.93251716503351 25.117513309988095 3.4054109702359447
19.109710411955074 24.001020484818305 2.565557333282439
24.028238252191578 15.64640814356174 1.6846706615998797
19.68497010396338 14.491160266643854 4.233910488388515
17.01691006478457 13.769093720150996 2.888278471095483
24.486487304176713 16.201981351688293 -0.7414707341361215
4.898093932279049 15.206280180620746 7.470154035194074
5.65505767328493 18.154487099658564 8.136004433946699
7.801461802430642 17.074295961594398 10.430336457636217
6.6600250585512395 21.276063499640127 9.651874421870136
5.779582969821148 22.179153250850884 10.217761413778705
5.874777937444138 23.35916807764971 9.560706798527795
7.0847782360682805 16.149823766517777 11.072401635641002
5.303763112869217 22.160055483321926 11.599741609345593
6.150631328254504 22.051530631652955 12.277337789084276
7.0110601160628 18.0982056260833 9.84878486742727
3.895191747956171 14.274984426774957 11.018796949656878
4.847971048905497 15.919949110597988 8.643793206097639
3.3382594026981667 15.272099754588146 11.573595408574846
2.692959084755386 18.59879220818787 9.333028512775206
4.928337997443081 14.0047234533138 10.857651570036403
2.3795210992805176 19.803762658295597 8.627249389554127
2.949441966851539 13.523366376429324 10.515715561463699
2.3898736067138344 17.558465509316054 8.401814097479562
4.808385653025941 23.10235361445789 11.833783069092465
1.8871375738165193 18.538116208123572 10.498938204469386
3.9735614093749794 18.563750521873583 9.60946197137687
4.100199220461774 15.898704200426648 6.625396901972507
4.316646528594723 14.013798402460202 7.74914223760172
7.514733058583215 19.99157067408207 7.094198839149563
3.970006419871932 16.51883543676395 12.165118813064193
1.6818483667416395 14.053774229389232 10.75492324896148
0.8562059330462586 13.612407292849365 7.772205590218836
1.9367512230657498 15.114330203123403 11.55399069110276
1.7863930870778142 21.628445133127485 6.893585302470071
1.5082424408279438 23.15291781635532 10.435430720921682
1.6702041091727327 15.669670123615052 7.399497931150742
7.337456266233329 14.138101128895935 12.396279859496426
0.7519296441353619 13.635737092853997 10.39869842986127
0.28035886044273983 22.716912702963235 9.834300978398216
4.292040975763495 21.040635519371325 11.812086941861615
4.874641961071181 20.16194237872436 12.088807841572002
0.5835841296045464 22.884743004095114 8.488407680958503
3.7243369441667586 20.71312667829305 10.941139129703009
6.169298355770985 15.103238718170745 6.9567015241097945
6.9537608037024174 20.3910690796323 10.196763574319808
3.943664819550936 23.584319515962843 7.409356411807513
3.279415002499965 17.35889098956148 12.239214446916426
0.07206165121494293 21.39881877972197 10.130007477947997
1.306829148865709 15.791785815666154 12.111352398966934
3.6972727308042987 24.680226215678157 6.669259400793032
6.688265732355091 23.206510363394283 8.562390541177047
0.22193863534965272 19.479761327610028 6.9206932939926435
7.320890192047421 21.989249162101746 8.707300101161074
6.857263193998716 23.85655900852407 7.808085154291713
4.851642399265567 16.85916693608443 11.621986719691357
5.181430530726098 24.18368145719077 9.637172873041042
3.658280113437564 21.33779509083046 12.647636676145188
2.5053943054116865 25.414402835478494 9.942417620152701
8.02094306429005 13.350819921825975 12.114439305606062
2.3495486943086266 24.721856876692303 6.293422447028204
3.0035566253878936 12.764858623851222 9.851006908744132
8.245824101242732 21.754510230903204 8.201538400560612
8.62205152862321 16.583463177759832 9.429603378134008
8.512174055795692 19.533960413402053 6.324056989724668
8.584499979247067 13.202323291032524 7.303416827695347
8.454695536289526 15.659809869387924 7.271685777439101
8.83511364432869 18.27088493803764 6.778198738752725
8.662331217409747 17.76069824588957 11.288974751145137
9.570440387165918 20.390798545790148 6.573252041026585
10.520310264985012 15.404342145851645 7.928734605916333
12.612701563407413 16.084938868532646 8.602751874550815
13.704332816285135 19.916826944860883 10.378956487955564
12.1207797243972 13.813421372825424 8.392523232059247
11.340882025943802 15.143047833578944 10.062107698560188
11.649911812295308 15.058903751051384 8.712776733005771
11.039832139084343 19.081688674488547 9.102334819665991
11.896583986284567 19.07360848313856 10.05877802409102
11.760522657087613 18.15676629118913 11.233237923133437
12.908345721252173 19.830185155311845 9.654182216340523
10.02696968299986 18.707337172037807 9.121585730915708
12.184021889576648 22.620538954690243 10.115488234887874
12.827284214740537 20.218107134370978 8.39910149996159
12.382570374231046 23.89732725470663 9.483870736362581
12.108614361687462 23.74689469180565 8.166098123708426
11.530139757469344 19.786360593669894 8.057609788633071
10.989033153519252 19.9197934415302 7.215291963798044
13.513141382167401 20.772908439149454 7.776048165221006
15.211369212071794 14.403193215773923 9.899738363070943
9.373100725998972 14.51216251839757 10.951946323960048
14.321550772866903 14.531734002692478 9.301323447472928
16.000158585328673 13.38566878695972 10.256787372931793
9.207415735881286 13.676439157587724 11.494362168270047
11.196320406817067 17.264722712864348 10.961145887370058
13.013002633001122 17.91412230694259 12.06749397807063
13.5955948514018 18.757948509726784 12.437147392307358
15.022333677951409 24.652406282398225 11.501401107621339
13.593264223363608 17.295177656613067 11.383166566331049
15.959386094876551 19.974123749694858 11.438641717809832
13.670396952867794 24.398800646345023 9.618133061716541
15.891754682402295 15.503492378661813 10.368934858430869
15.6015070781933 16.469924022763546 10.41213445917333
15.943360378431448 18.548181768606312 9.642199338340866
12.885618827747082 17.271469035987845 12.93862550627391
8.674893954890399 24.668867225032642 6.9855269572268455
11.210430132391338 18.671577127228073 12.020935846366319
11.448173703409383 24.84403569959218 9.911885135549676
15.97721869056261 24.17631227689387 11.66852115587374
15.936736943095099 22.20916259397822 10.773618061482367
14.677056731865262 25.344356126612727 7.748877731063421
14.135159907811522 17.62577407463999 7.08612749771911
19.56450549180328 12.877748502157518 13.23155791734493
16.45407245877504 22.937576101619506 11.2446570467377
24.13230620260072 19.01780048744988 11.275778232856839
17.096383015999393 18.072366334424085 11.503744186921436
16.96091441728112 13.790658306947426 11.116239260825369
17.971885917580238 12.89298899410573 11.79493788561138
23.877551614746338 21.487995139237285 9.480479385364692
24.162272191013887 14.423311876452058 8.017590008885255
16.965316054029156 24.75478002861625 12.229246926054063
18.862876201799065 14.467647436959844 13.207443536133647
22.09849927979488 21.05589984515754 11.818514591297696
22.725034363101237 21.792180545075002 11.315081854329454
18.618478032326053 13.40859621464644 13.125102518083496
18.31677508877142 21.979807218025098 11.35725462626673
17.660117799625873 22.759297039180332 11.714461601732559
16.931963748050816 15.085153543913577 11.03748971886194
18.028244192448437 23.81200923314016 12.400077042724497
19.394940107484867 23.970489327806874 13.000774123955516
20.08995481635125 23.33761598687295 12.448935479967876
17.852469429453873 19.79759633093518 10.187053786931932
16.711877375389815 19.111522697873728 10.661812727299449
17.52123778158507 19.554460597707926 7.70465776037112
21.570857118029352 24.708880878929644 9.664604573796286
20.33756369707374 25.013915065235995 9.11048679368287
20.334443379951338 14.64123773692976 9.320785001920944
21.86991742925967 19.27736730214248 8.943974608390985
19.361157905440507 24.298057390189587 9.73941144813137
21.3730871465741 13.867795800924963 9.75444931412078
22.118324347320176 17.98105594805516 8.92122465801976
22.72400906853934 19.856136565166757 9.739366680072246
22.875852051422747 21.30856841768257 9.870997037786783
22.161822442630566 21.72787319738458 9.162163333746179
23.094932136047035 17.71301447157384 9.933771131849218
21.71565194967777 17.346470160502218 8.246498181388919
19.715875436012308 15.317910856282644 10.374921909917742
20.796083289000613 15.47186633255483 8.265720794672404
23.388418085401618 18.90662382907895 10.500749059499142
19.890452763487215 25.38890854012346 12.87642644286389
21.047957009501392 19.789491291387463 8.465947320612536
19.517708120418575 13.638523879977209 8.854937424426915
20.31583429398683 24.68466483919553 7.761544436190226
17.680247836725336 15.706159608466152 11.507407148221196
22.432392209475278 22.840262444728697 11.251955777692547
23.62904715382322 13.063410925585822 9.870948933064142
18.29808786203439 17.53748188633278 7.569404190253408
23.68691295540665 21.784709935704345 11.82775500910116
17.864475082202095 17.1436228415074 8.476738202583885
18.109078917062664 18.821752047972996 7.171759101662466
23.43144781570877 16.691917237976046 10.03632666220902
16.838329502206815 13.048234204092251 6.896623795870827
19.296679816907318 15.877830694471362 6.601819503141088
19.04889636850807 16.85480434040913 6.536812905936502
3.633146623468566 16.46688050719543 14.307298878204564
5.0893927198625715 15.542724471738659 13.853482873119061
5.087809574718784 17.26852171233603 13.919004189519296
4.478583092934151 16.415124067612727 13.621253364414091
18.00476684926497 13.232616545658443 14.008555821805947
19.351996362094134 23.603159981254084 14.026115523660067
1.2299509044422545 26.230054229445447 -3.3499998870010894
1.2299509161091458 29.070000273108896 -3.3499999135811254
2.459044326793462 28.359473637978397 -3.3499999122015645
2.459044023256885 26.940528938283055 -3.3499999002222935
3.6809554764355497 26.2295365522536 -3.349999900178525
3.680955637847711 29.070520216596126 -3.349999947566029
4.910049109020171 28.359993808987912 -3.349999972996142
4.910049229664675 26.940008651912674 -3.34999990649413
6.140000006974258 26.23008517458711 -3.349999899053251
6.1399999959992675 29.069969077610253 -3.3499999396324878
1.2299499564148573 30.48993512193039 -3.349999914167477
1.2299499450526918 33.320064888940365 -3.349999895079714
2.459040229067831 32.61080367502852 -3.3499998950932843
2.4590402404738767 31.199196326054015 -3.349999894046789
3.680960245792316 30.489413029057232 -3.349999912147359
3.6809602384771005 33.32058697367409 -3.349999930422153
4.910049636013803 32.61131704244722 -3.349999923780503
4.910049628484736 31.198682951079896 -3.34999990435103
6.139999992753765 30.489966849060824 -3.349999928019293
6.139999982568382 33.32003315760834 -3.349999932690424
7.369950881347917 28.35999380736386 -3.349999914324809
7.369950778117574 26.94000862980411 -3.349999901861256
7.36995036374753 32.61131704510148 -3.3499999336159947
7.369950357235285 31.198682943857122 -3.349999897629752
1.2299509054054603 34.739999736947304 -3.349999888629048
1.229950868255885 37.57994572725659 -3.350000132999237
2.459044020257949 36.86947100483204 -3.3500002108539095
2.45904430629161 35.45052637255424 -3.3499998788549536
3.6809556323246313 34.739479792805305 -3.349999894678816
3.680955486044321 37.58046345506181 -3.34999995252189
4.910049220503577 36.869991361903054 -3.3499999301637704
4.910049105273721 35.45000618712721 -3.349999928146917
6.139999989380284 34.74003091916137 -3.34999990894827
6.140000000814447 37.57991481796164 -3.3499998986547497
7.369950774466462 36.8699913644615 -3.3499999128799263
7.369950883420581 35.450006199808385 -3.349999920317125
8.453782749772315e-09 35.4499749593205 -3.3499998943328215
1.172758939382332e-08 36.87002265075985 -3.3499999017087365
9.344224806024586e-09 26.939977330475394 -3.34999996138591
4.024076024034544e-09 28.360025051517532 -3.349999936854926
8.599044534339814 26.22953652686099 -3.349999874722065
8.59904436776205 29.07052020862431 -3.349999914567791
9.820955704620097 28.35947363042894 -3.3499998952601096
9.82095598273226 26.940528920058508 -3.3499998808177143
11.050049092467425 26.230054253243424 -3.3499998814141643
11.050049120970794 29.070000278995675 -3.349999866623529
12.280000006340456 28.360025054160527 -3.3499998847132275
12.280000000700719 26.93997736697696 -3.34999985605011
13.509950875935013 26.23005429327325 -3.350000033632009
13.509950898382032 29.070000251105828 -3.350000043003866
8.599039761376794 30.4894130259946 -3.3499999449751297
8.59903976245461 33.32058696381342 -3.349999917118546
9.820959786903407 32.61080367219031 -3.3499999558070437
9.820959799252343 31.199196312671717 -3.34999996137653
11.050050070964458 30.48993511284124 -3.3499998815787055
11.050050064197436 33.320064865608686 -3.3499999134932867
12.279999998180644 32.61134809478491 -3.349999904430432
12.27999999414266 31.19865188023103 -3.3499999424847138
13.509949942359876 30.489935121167516 -3.3500000036792454
13.509949938331275 33.320064865108215 -3.349999915024763
14.739044297568485 28.359473626031072 -3.349999879170599
14.739044026382196 26.94052897149573 -3.3499999438907544
15.960955484133573 26.229536550839967 -3.3499999014191184
15.960955616684366 29.070520198490033 -3.349999895014486
14.739040212374295 32.6108036639006 -3.3499998991517534
14.739040205844402 31.1991963111212 -3.3499998894630245
15.960960211827729 30.489413014942016 -3.3499999316387195
15.960960245233059 33.320586975619435 -3.3499999058942453
8.599044362051117 34.73947979641117 -3.349999925751852
8.59904453002042 37.580463458440214 -3.349999930677081
9.820955972562734 36.86947107555074 -3.3499998995036737
9.820955688938877 35.45052637818601 -3.3499999130240843
11.05004909896432 34.73999972082298 -3.349999917826445
11.050049073796679 37.579945754263285 -3.3499998907327964
12.279999984069908 36.87002264491229 -3.3499999131158864
12.279999996528225 35.44997494148196 -3.349999918879395
13.509950901147045 34.73999971623761 -3.3499999231316036
13.509950903385494 37.57994574260719 -3.349999933005786
14.739044039560858 36.86947105636226 -3.3499999314242004
14.739044321249839 35.4505263581365 -3.3499999213286094
15.960955660630884 34.73947979788864 -3.34999990013923
15.960955500445216 37.5804634542152 -3.3499998968728937
17.190049097988595 28.359993796325178 -3.3499999090438095
17.190049226674116 26.94000862692062 -3.3499998839390246
18.42000000729629 26.230085161025443 -3.3499998575303245
18.41999999682476 29.069969068601843 -3.3499999268109173
19.649950895956678 28.35999378628696 -3.3499999132717084
19.64995078136067 26.94000861604037 -3.349999875899959
20.8790445282688 26.229536528105605 -3.349999850983818
20.87904437066874 29.07052019234951 -3.349999911197611
17.190049646904523 32.611317068465716 -3.3499999040835124
17.190049630410183 31.198682960939195 -3.350000038244084
18.42000000772537 30.489966843243934 -3.349999947619555
18.420000010797384 33.320033182201925 -3.349999880775003
19.64995033924644 32.61131709305215 -3.3500000277875506
19.649950357303727 31.19868294662552 -3.349999969054407
20.879039764935644 30.489413025983243 -3.349999923867719
20.87903975135048 33.320587011460375 -3.350000016837449
22.100955688628453 28.359473607495655 -3.349999903660664
22.100955964813796 26.940528919471387 -3.3499998819371193
23.330049053185324 26.230054211457883 -3.350000012075686
23.330049095323158 29.070000259423924 -3.3499999207672837
22.100959781438092 32.61080369467944 -3.3499999797706814
22.100959778089262 31.199196323734405 -3.3499999382138768
23.330050055587428 30.48993511206396 -3.3499999146955095
23.330050045397456 33.32006489116579 -3.3499999048596596
17.190049141158593 36.86999134610161 -3.350000257009219
17.190049133059702 35.450006185897685 -3.3499998942038003
18.420000015524746 34.74003094089363 -3.3499998730438074
18.42000004574633 37.57991488967381 -3.350000806645016
19.64995082124491 36.869991335658476 -3.34999999662845
19.649950885757256 35.45000619725149 -3.349999865475776
20.879044329093823 34.739479811868065 -3.3499999534188674
20.879044504058683 37.58046344188618 -3.349999866348349
22.10095594933047 36.86947104351547 -3.349999964484817
22.100955675012823 35.45052638040598 -3.3499999278524104
23.330049085137446 34.73999973528547 -3.3499999002156313
23.330049094682998 37.57994575391574 -3.349999986416842
24.55999999646473 35.449974940156295 -3.349999948367788
24.5599999990766 32.611348121274816 -3.349999919141929
24.559999998688127 28.360025049305243 -3.34999991354753
4.208548047925301 32.78815684273128 -0.45846153880951035
6.571703236931212 32.693735716549384 -0.44502756125857634
3.0207304836853304 26.16551467263063 1.465812316714985
2.1256437162235127 30.73200919368567 0.34751747583588566
6.058436381319254 33.74906474199215 0.8114309901130745
2.5518847335642545 28.08170845721975 -0.1247317419273497
2.4523575234114574 37.41975273392295 -0.8227613544693091
5.272426727951917 26.23480191387083 0.9352351249090196
6.243916047092024 25.7595559073409 3.9721401433973744
6.6018162005941425 32.420256048015965 1.351855527432827
6.2365978117886405 30.014734243489883 -0.16442042764947096
3.9860186280366556 32.66023572435926 1.284154319140005
4.227034437054067 34.89310759872358 4.49662947334724
4.257784203068493 30.794496758657175 0.35766946394418686
4.060056178996601 33.59712336311362 4.775823013310329
3.6614490715378696 28.507371207598528 4.503162964436136
5.179015472765199 29.915254330262695 0.03057532304046373
3.786596626029289 37.2448409848141 1.986571980733035
4.249162135366074 29.651950596431753 3.94032733757589
5.575160266983471 36.70140797364267 4.278341702297856
4.504370337644788 32.227718275069535 0.42838556459615096
6.005824653889738 32.70997478226969 0.48643243362632926
6.190412539146611 31.074646543167205 3.9118958601345133
6.968909462568152 27.767423368620737 3.2223056181620024
5.918334389409132 37.26900911326326 1.549144288439951
4.373885038915862 27.359996065564 4.3332607367977
4.733106926753942 32.8374284342543 3.69557869108979
3.0437717874427146 30.165394056776062 0.2986489645252821
5.188527253482469 27.886989717680848 0.05492040913649188
4.618765372077372 28.72073175360028 0.03632965963268786
2.3867533733711417 28.355106047323535 3.918690621732189
3.247656885620233 28.890297068413105 0.044044945381320755
1.097394220367505 29.696903076691317 3.642689799089588
2.6989375785057925 33.45730215333199 4.587832348389803
4.67574431515539 37.28296622223654 0.8962691429224812
0.4097819209492334 30.313657008757964 4.051228552395254
7.321254487387569 37.36254461196676 0.12006239632108007
1.301160043573196 35.1201498057757 4.234357018622782
2.34776668947408 37.359608277846405 4.708342620918899
3.598403881347269 28.46958069098936 5.904394692773373
1.314761310851626 26.12983436606761 3.5864306742753547
0.35043750753980574 28.771894258917783 1.3073995261713744
0.4186388545807022 31.01891935363701 5.30905134298802
4.535283248680532 36.247892074633846 -0.04168845798151799
7.150651509419428 29.70162424548911 2.2777791911387557
1.6342621800292338 37.96327011972424 -0.37364125880334775
1.934805201548529 33.316877871301344 0.4072733870175882
0.7023538174444468 33.65025273580456 0.8493486062415134
7.885155482244897 32.66705632358051 3.5192668361832133
0.16030260213678013 26.48140078295978 5.654902771662421
6.941043744022449 34.68741048266352 3.594149664939202
0.5608689280309724 37.29751253602648 0.14453506433944052
0.7855646323476113 34.20301126532492 2.1129834285774285
8.179920457659849 37.8942881830665 0.11361833650361253
0.44161966578837464 36.322167688391005 0.3781630626836341
7.488796518275709 26.286674150992223 5.658593020034761
7.85924144864271 28.543944827434558 2.4746495827900974
0.1453651660187218 34.60293147562448 0.053372099462497546
7.974385600557791 33.878834496125364 4.111387409298363
7.7634586778124 33.617907189988244 5.487336068713762
1.146725149436537 30.799173025081224 6.075864161195586
4.539211325334341 33.3640618751844 6.006182954517024
6.741851695379618 36.30263118163587 6.127024321671078
10.167846801245407 25.645804891752615 2.155830638814895
11.953715253734828 26.11870401557497 6.15195962027574
10.10408406358709 32.16269883014254 -0.4247584945994265
14.628927301303984 26.049751814085525 1.7703490129022814
12.798111836927367 31.653558448164432 -0.1183468677330235
8.282872862122012 30.009181618666524 5.939069102012471
11.460364676993692 37.635081576808005 2.8098124740010713
14.541555208828445 29.660952586044793 -0.5514537384182494
9.594137401885549 36.39633822990207 0.4968147160744574
9.405667437793745 37.4503967737946 0.3559613948469653
8.9821391533135 30.66787507096242 -0.3624306942117439
9.917829922274157 26.17576589115665 -0.13480795740455687
13.735053672018509 26.55390696022815 4.790703194956775
9.065015960692593 28.65305456534024 3.177978541066173
9.200689819977232 34.33961504771855 3.74724347661218
8.256084538707846 28.01032515544435 1.1848245412585434
8.80447020229927 32.162306446240954 0.5022455451598296
10.886767246182362 35.4726793423532 5.788402465011267
9.545391531679652 31.436915730830847 0.16617428280654933
9.854999450501932 30.409742980141118 1.9365155256060118
10.339205146913072 29.404267627261497 5.241567670242672
12.361897621092178 33.75964552065087 -0.12193063281926597
10.870589437780291 31.82793799181719 1.6917849130397866
11.405594207298828 28.30233387385921 1.7486415298529823
10.470805576048754 30.936856484851543 1.2077946114108484
14.236689851993184 34.71409812847665 0.7113016659164006
12.324561747943909 35.07517000277505 1.851751162396088
13.217759800500207 33.14650906027928 1.899236261994307
12.173824338926604 28.060924483483866 5.273044680091057
13.4279900729296 32.38645526433922 4.470974911270339
13.624476194932841 27.72531950276082 0.5841449726077952
11.544221627987199 30.143964017120975 0.6696646352126334
12.246025799243661 34.49452534993757 4.066430240587518
11.849805514378467 28.847100636279258 0.9286991604679651
12.995810296217398 34.15417631212884 1.0102875341094442
13.014901029338333 28.495085486419047 0.347547322989471
12.62409598885034 30.595033701603256 0.0067284911706710915
13.494507338575264 29.589283911931247 -0.29659228887963573
12.435535170376179 31.618868961713616 5.062671788550034
15.554178537203846 35.714791878714905 3.9378808197358293
15.376857890480604 32.42185599867922 3.1835186690896764
14.162073008900167 35.59212743591599 4.056631806163011
15.816987926527299 36.722601261022874 3.0572684446868625
11.747838825772998 31.02358301733865 3.9713980636695103
11.676890926927573 32.46766514138534 5.7274548117505555
12.871865674599128 27.023997137726308 5.7913682575929295
11.972569797245264 37.37994407867993 0.36917570497868035
14.22781252620424 25.721254261144498 -0.39968541975569427
13.039028401555724 30.702108616974034 5.916553522092617
15.249866340174986 25.941627924073384 0.46747187928874556
16.14094798159705 35.922026330081096 5.2375187970979145
15.495320950438025 30.69115389221938 1.4091576316621879
16.10230741682716 32.41573773261683 5.344250269939169
16.097545128151257 34.47156728380151 3.4330233332992544
15.75611171978899 27.145779194481275 0.11600848099615702
11.770902910373893 25.77002159766354 1.4439868374953158
24.001982743222364 26.821435820802805 1.044722062637844
16.745258160649982 26.235829482196948 6.069349563086469
24.519674184875996 36.48860922515125 -0.22362812078723038
22.129029166474297 26.190343067619953 0.34321121744188665
24.433712267432867 36.95748343585697 4.741899169463455
20.107669980175057 32.142120824572075 -0.6237527041852065
20.491062675474836 36.98115108091913 0.3340868966224708
19.73622611337293 26.19406763151397 3.196416117052554
20.009074469781638 30.927669718241816 4.5504684397375
18.610534573045406 30.76769805057412 4.72992187250458
24.11598531233506 27.055701568458346 4.771896183758718
16.76733403067246 35.00820865132328 0.8052686532186881
18.424042217079162 28.492332545427125 3.1395347580005906
18.369237939625485 36.50881028515193 0.7211985143135768
22.15370326997601 28.927231269555357 -0.17697991532936275
21.147441538682145 36.081955845717744 3.2107331035449915
18.634419818024845 34.42612533103765 0.32062105539041874
23.056694673967137 28.621531613352822 0.35146520438406936
24.01720187078 37.2193138876256 3.7692410054719625
17.726495596689276 35.28048377718397 0.6440999649220847
17.170046788058194 30.88535751586864 -0.23510044145962916
21.684176862587215 34.628423936710924 -0.5722969438822822
20.837500528732384 37.20352612733424 3.6756493952797396
18.45754571406373 27.653591346873387 5.617629654491894
18.960031742686283 25.75066054914665 0.6460364692017639
23.685108850893258 36.59671773450311 5.447265055695253
20.540315283418977 31.473222293015137 5.762856999287072
20.15496568916476 35.15128645675773 3.6023211212923636
24.178767372443506 32.344820443681705 3.1518774498686906
20.83191952603122 26.730551999833157 0.31902204995891137
23.91094744882642 29.26840725367158 4.76208434648486
22.943519335638783 28.8637408877855 1.408170466115568
17.598842717261324 30.078023625887912 1.757055693945072
21.407480794381115 38.11769312953973 3.5993526798905084
16.8064929504372 30.969969730286824 1.0866640617205836
20.08250796871183 34.11685890640254 3.3004775827104718
24.19864308236263 25.806749978005442 5.21457283375308
23.826277937782585 29.289794626246465 -0.0348845673909004
21.726709168881865 34.10391942975184 1.1086787277555077
20.381242156260647 29.62318392429749 4.299656132494196
23.98370974298338 30.992296870165053 3.295809766300261
17.842256564228894 37.419448180682856 0.9649796723022419
19.68723752712364 36.272078180838335 0.4663016952678001
18.267399208674046 33.480015116160274 -0.04893453386572766
23.888492845787486 32.576057009589455 1.7963974566662355
19.744659780756667 37.097178874964044 4.340959519889507
19.171941961718165 38.12730816023442 5.228436660453689
23.846057106544333 26.856549491385778 -0.7094294159341819
17.125921308491154 27.563076959855533 5.845316116670453
21.10968595675317 34.13334050489382 0.21061594758360225
23.338615795769478 27.096833971486713 0.22484393013525783
23.277110739157667 33.09808774726702 3.9567944119595166
17.640542409500533 25.553932265428212 3.139484763847812
23.565114877358656 37.15268527294574 0.570772538675095
18.326388153117126 35.69606235724749 4.801893673340648
21.99989001665404 35.988879285331016 2.677096198630571
21.875922106447657 32.10066548552569 -0.36847543151569684
17.079262885427447 32.1939417497982 1.6311391690541288
20.925258343058164 32.03141430927376 0.8962687209950992
16.468482154667605 28.119024534732457 4.749362184156133
20.93860435433574 32.561156326363644 -0.05625176655266073
19.282268478965083 35.876055132569675 4.332537301819698
20.522562157345433 27.745371825373315 0.11693607812621076
22.54168172527866 37.4220535426783 -0.23613293376947841
22.950272535179646 36.379051487788324 1.546748444130136
20.19161132352203 31.803536555571633 3.427727170664505
19.830632236494562 34.85911123374116 0.2833629076367927
20.42076433066697 25.915687804129757 5.920666106683587
20.03958221265245 25.7391586321881 0.6170798042110626
22.10700202993006 32.815038399800024 6.0206123676427
4.547357126341451 30.69335389238169 9.78040815010963
5.998520380350865 33.35607490696216 7.756780290770794
6.286544890616378 26.87871683625708 11.058076812724964
6.837830118912007 36.73153395915799 7.454632720009663
3.5789015291543156 31.053096613047153 10.58764622486973
4.930190886414977 31.73039764276873 8.962218773696335
4.305455334644974 29.54896491715793 9.015549251098598
5.453287932178593 27.1819451269458 9.92072320836736
5.670925906096266 30.4976834806231 10.635398772405898
5.8263642552517165 26.10660179601536 12.114761264274328
3.6163150158334454 35.39968063007825 9.545522703691928
3.4912555101711593 35.13140720834901 10.963489382978754
4.230498773418138 36.20091547096908 9.16185482455255
2.893324222694315 34.56903964345936 8.83439401403489
2.0601035811927675 27.447197199894955 10.386705781713632
2.6599755110629713 27.749945565058187 11.760199169231747
4.069625960847998 35.761885848256895 12.119519703912749
0.7450102819788244 27.913700319459757 8.755317868645985
2.587649739877617 34.213456196055034 11.051776206118621
1.1251238405533697 26.575176087585056 8.615452794644614
2.274084713054694 33.77793075269422 9.806200545440966
2.0280015509048104 26.320265404201237 9.599038581391543
2.924382489503463 26.832289943337226 12.285648605092597
6.8053116231876185 35.75259697186938 8.488061746922133
1.3652355214342353 28.37275090733707 9.76440716898937
3.576382278824258 28.17585214259167 11.35166248383534
2.7357943078941482 34.48334816891067 7.769386362838714
2.0409585185524204 33.80965618618299 11.89110585562355
3.2874463468984745 37.02356793506421 12.390824743608274
5.125790414012234 36.0266965980074 12.069600622825282
1.8561997288709151 28.57459474240839 12.697855500790858
1.864038634528356 29.5757832776097 12.266972606616878
5.198145164836711 27.87241441175253 7.560504105335223
1.575348894854497 29.40083314706203 10.019944404256249
6.80668813127473 28.048110021942016 11.428965902155737
7.455827588754764 29.87964937568112 8.193362005928865
2.258037562743507 36.71127620799256 12.566584331170281
4.07499399952437 25.782719812228024 7.382002287915111
3.9236513073229435 35.138900074479075 13.00194824278676
1.632510037205947 33.00850779834491 9.67786406355221
5.737245563893305 37.54320383198321 7.766861503854575
7.626573285871479 30.613157625377415 7.032650978486355
8.082751842711874 37.384475322780325 7.516341813796837
0.6973396951357032 25.928797626677405 7.863391886090448
6.418402070170431 31.21547600554448 6.528798829879246
7.898711579131327 30.10077088099661 10.400877976443555
7.054052894201604 25.854264290419582 7.858633389016607
0.2031289593312094 28.460824333328073 8.10177372666557
3.7517867058323087 37.62399617037778 13.173112392289225
0.5621302570831865 31.795155437086876 9.204901465051808
3.365987050097715 37.71051889162796 11.548192118415358
7.60731875797482 37.914462235673795 10.532770803445077
0.264049318547363 34.437614021045256 6.3940905561961685
0.8106280977255524 28.283587599397244 12.798824836846608
7.2769220034303865 26.05558661693614 10.436921017963458
8.007876248168579 25.95435857233015 6.910073215050749
7.858620562185317 32.63301078544469 11.120545429506347
8.2498947422615 31.73435355835284 7.509539841499499
9.425899513019015 36.138958194496574 10.916670538632717
15.09829840448099 35.237693902611475 7.216008313649079
10.042809118178397 32.58207909150221 11.440800591081963
9.646001694984285 37.10167054488278 10.704916058506385
10.622545628040644 29.580109335520206 9.829396264937792
11.152115112475688 31.328949651868896 8.538502778570411
12.60380791411253 29.422710174621646 8.649334259032631
10.623885774822652 29.392310809672082 7.633129722357092
11.273937920241071 29.904416082686918 8.651323967588574
9.019327446002103 33.354906715140636 10.88018127696805
9.316130335636197 33.53883244351097 9.55681085601128
8.935879645245107 34.54359878556395 11.60558507435112
14.466916961294835 29.3963346720764 7.389584083186841
15.822136087487582 27.31298646572194 11.286915352034647
15.219080140006545 28.649832035010128 9.679215682869541
14.885472660656816 31.892838761980794 10.944876860111222
13.341222683375829 33.450441569087666 10.279713705750469
12.724848163657278 32.234105266629896 10.650954467251195
15.578581085574932 37.268436498659085 9.611350866083505
16.170560630341086 27.668991232159186 9.998306520516905
13.662621884443986 31.38439474865158 11.089905001336488
13.330929003633164 30.394646243366395 11.366992945801499
11.735198669160235 32.041533120132485 10.590872470734043
9.31528014264618 26.120497463267117 9.615400377488513
16.19904864493845 26.646057684422324 9.09386903521862
12.856845244702322 34.28860538246048 9.8009027631033
8.9285896484283 26.901208309324215 7.33707899125961
10.094031035053073 33.12644228619322 7.303701313253132
14.70311700919471 33.26080690200787 10.572652604515008
11.720099802580412 36.98166892711248 10.215741842295236
10.82207300227847 37.567368110153645 10.345758506302548
11.313604389736057 37.44701869159824 7.038737802938773
14.39381178996605 36.6624817718829 9.970616340741348
15.733157539506548 30.103522921696268 11.626029104782727
14.984200591320029 32.939887272507754 7.184055358601544
13.65649888925055 27.296135080233416 6.881460683421114
16.25013196582704 32.619254085160634 6.731995078073968
11.508816079351645 35.359549618900886 7.907880919309233
15.64517825949893 33.74652944900319 10.365302157469
11.63270934131668 36.147251001231545 6.7765913724508575
8.675634078695134 38.068969916137966 10.497702987885447
12.989562885511871 36.04560438362389 6.576487363569843
16.029434753782912 31.112300452421508 11.338474403577257
15.356408145779612 37.42200009650562 8.264926167039874
17.7132612214534 31.228985816259247 12.74913720326252
16.7725240371398 31.482784645900868 7.347976176230732
16.675952931363682 36.40478014848272 9.553217931091357
16.970531435997614 28.425825920138504 6.9710219149392945
20.148335211313054 26.3900690823509 9.117225774423432
17.128702226203288 33.65429002242667 7.088998418995808
19.08439747393951 36.78088758742658 6.976393596771075
20.347744641864534 33.364008940828754 7.95105578103406
16.695247058988944 31.612636816662366 12.681616280186942
23.50794589744536 26.7661365000744 9.02712252751447
22.748304016456434 35.8793379733863 11.051412887617865
22.22777525549274 28.0906466727791 12.168988927787499
17.366994420629677 28.365412534431936 10.105079573494663
21.746599450854408 34.29549587051458 11.070341879958503
21.041724256998084 28.54492507997789 12.575022172981651
22.33275331020452 29.320083567017843 6.294582948953616
20.071489275017402 35.24320369635578 9.564481827545112
19.317907745042678 32.871968102485404 10.667654702530902
19.633613712162244 30.802070174970392 11.647974449559053
19.70557971001695 28.41138964418554 10.399977587963837
23.01232544685443 35.11243523106165 8.009949771646719
21.096320298103898 35.60889664799317 9.500528409029725
20.61427880947101 28.960740194385608 7.792654839491165
21.17984312699734 31.71851501229798 10.171282199350129
19.85075890671507 31.612217349097257 10.500025302349673
21.747918751268116 34.85492367345681 8.39679429096716
23.606711896754693 31.318381049137535 10.433396145571868
21.885518959139542 28.678129272182247 7.421180577926042
19.28472222279591 30.950217523852192 9.461535986496898
22.640226343216447 28.909098584826374 8.539172444981363
21.289813843311713 33.8219170101029 7.687947781289905
21.056136964209596 36.68126148846176 9.3094290916681
22.201405312109753 33.48904744907672 6.766869576449594
23.29722494951357 34.27025560411784 7.006084973978424
21.788962651803693 35.375848961492686 10.931985246549166
21.14538946953469 35.69289802539486 11.752590785219155
22.99443951666226 29.283331557871655 12.154356021473943
22.083370396836976 27.69990065306183 10.844139676354768
22.059696096828127 27.33714641030295 7.184426486264392
16.749943931120562 31.02879644923369 10.524844507805046
17.118043939192766 25.78888979329372 12.500708134480352
16.647021549211416 32.700416752104665 12.631525241153543
19.318452256649707 37.8120327172281 6.711708727516181
18.723996237634687 30.338679876027648 7.132352398659599
20.374300285294442 37.94914338187503 6.945130247519225
22.830803447643284 27.151896585162003 13.000893620422572
23.433529443820408 35.89196045071245 8.627467078847506
19.148799508954134 26.09445521960871 13.250931893911318
19.932458452951465 25.709614591067798 11.835521475610653
24.189603172616216 34.23931868373466 6.398545663446955
20.88519713653032 25.59867337522184 13.269596057868181
2.3215817503082263 28.520986721600174 13.682053526772812
16.192989950214233 31.347737220450394 13.612028017400982
1.2299459216742785 38.999455629046494 -3.35000031793646
1.2299507617948477 41.83000862289018 -3.3499998984040866
2.459044507885522 41.11953655053864 -3.3499999556652638
2.4590053499243174 39.70108176879666 -3.350000167405347
3.680994659509023 38.99891820112289 -3.349999896173337
3.680955965276366 41.8305289242631 -3.349999917158577
4.910049088396573 41.12005424596839 -3.3499999150040205
4.910054045346535 39.700544335377835 -3.3499998989420465
6.140000007165446 38.999489826347656 -3.349999894520974
6.140000009540513 41.82997734848634 -3.3499999199523325
7.369950924265965 41.12005424942609 -3.349999892424813
7.369945957414206 39.70054434071451 -3.349999915310229
1.2299508755483375 43.24999379440276 -3.349999925393382
1.229950348392908 46.08868294179348 -3.3499999156852134
2.4590397510467366 45.37941302704641 -3.349999932753689
2.459044351123304 43.96052019996965 -3.3499999369964604
3.6809556832046177 43.2494736232762 -3.349999937159134
3.680959776995271 46.08919632249562 -3.3499999385644763
4.910050065359975 45.379935119073394 -3.349999938955409
4.910049105424202 43.96000026960933 -3.349999938177375
6.1400000069646135 43.25002505002051 -3.3499999568235483
6.140000014091811 46.088651874727184 -3.349999924658248
1.2299503502520148 47.501317007734265 -3.3499999223095744
1.2299507859513497 50.33974810138429 -3.349999925157139
2.459043472721962 49.62946800932341 -3.3499999240656484
2.459039761336477 48.21058577577774 -3.349999929615921
3.680959782882837 47.50080363358104 -3.3499999325539473
3.6809564914737236 50.340266939665256 -3.3499999263828406
4.910049277618401 49.62998831935929 -3.349999921316549
4.910050055653301 48.210063731926404 -3.3499999316165052
6.140000006428924 47.501348069850806 -3.3499999294098193
6.139999989274433 50.3397168946048 -3.34999992538319
7.3699499557363355 45.37993511519495 -3.34999992323892
7.369950921371682 43.960000278945486 -3.3499999349781353
7.36995071956474 49.629988305888546 -3.3499999358505574
7.369949953881198 48.210063718047564 -3.349999925860886
1.0331158079447714e-08 41.12008516580297 -3.349999931003107
8.599005332785001 38.99891821384632 -3.349999922236174
8.599044033270612 41.830528935214005 -3.349999879896013
9.820955475885974 41.119536551567364 -3.349999895005389
9.820994670257024 39.701081782436894 -3.3499999307194717
11.050054037326355 38.999455653754346 -3.349999891041194
11.050049215424954 41.830008642377784 -3.34999990889129
12.279999986007084 41.1200851900795 -3.349999908635569
12.279999978911556 39.70051017180956 -3.3499999068420685
13.509945937380664 38.99945565816268 -3.3499999286649462
13.509950768327215 41.83000866232903 -3.349999910377639
14.739044387127105 41.1195366024696 -3.3500002259494135
14.739005310451763 39.701081763206304 -3.3499999953967086
15.96099469008706 38.998918181085415 -3.3499999718550324
15.960955953701092 41.830529279922324 -3.350000801707349
8.599044325020824 43.24947363336693 -3.3499998901667527
8.599040231313804 46.089196316225326 -3.349999926447106
9.82096023450861 45.37941301944502 -3.3499999146516277
9.820955635609094 43.96052020671377 -3.3499998942928277
11.050049100568451 43.24999380939755 -3.349999931538783
11.050049621998017 46.08868293864508 -3.3499999053655904
12.279999998116088 45.37996683313674 -3.3499999125156057
12.279999997936132 43.95996907148873 -3.349999912912842
13.509950893489503 43.249993809246334 -3.3499999178784803
13.509950380364806 46.08868294148288 -3.349999908473613
8.599040226858628 47.50080361861994 -3.349999904269174
8.599043533876664 50.340266927864576 -3.349999918870524
9.8209565557563 49.62946800704676 -3.3499998954578505
9.820960242277062 48.210585775675554 -3.3499998983179657
11.050049635160192 47.50131701830778 -3.349999901281925
11.050049209231595 50.339748102761675 -3.3499999738065256
12.27999998766707 49.63001955828267 -3.3500001554094485
12.28000000266095 48.210032035248325 -3.3499998933538757
13.509950363463533 47.501317016148526 -3.349999908075414
13.509950812796061 50.33974810729355 -3.350000090762617
14.739039752750452 45.37941302375629 -3.3500000101452554
14.739044357841859 43.96052020073374 -3.350000050924894
15.960955707641842 43.249473644523476 -3.349999969093853
15.96095979793943 46.08919633196748 -3.350000101584396
14.73904342539246 49.62946808353427 -3.3500003136462206
14.739039737949822 48.21058570037883 -3.3500002295347917
15.960959799462483 47.50080361552346 -3.3499999404479675
15.96095650568083 50.3402669500529 -3.3499999402858984
16.03642836257479 40.86726809812251 -1.1040855410330264
17.190049317106983 41.12005434049446 -3.3500006407949714
17.190054069380597 39.70054431005788 -3.350000309028238
18.419999863270654 38.99948976536297 -3.3500012284912972
18.420000018435765 41.82997736897347 -3.3499998971699863
19.649950867309112 41.120054297256004 -3.3499999896513755
19.64994612381062 39.70054444575245 -3.3500010532191915
20.879005353161048 38.9989181761281 -3.349999929174765
20.87904390305078 41.83052895895755 -3.3500005170129277
22.100955573266983 41.1195365183793 -3.3500008072808174
22.100994691325464 39.7010817308362 -3.350000058200778
23.33005405333354 38.999455659713895 -3.3499999076461293
23.330049311065203 41.830008669989176 -3.3500001608785257
17.190050062745406 45.3799351188694 -3.3500000492461837
17.190049097949316 43.96000025763505 -3.349999949509935
18.419999992926357 43.25002504932617 -3.34999988236563
18.41999999926443 46.088651875980595 -3.3499999084531917
19.649949926358143 45.379935107470956 -3.3499999376810696
19.649950891524334 43.96000027577458 -3.349999901976801
20.87904421708974 43.24947369325529 -3.3500004901672433
20.87904022013459 46.08919633927006 -3.3500001302037075
17.190049295682 49.62998831224843 -3.349999894023706
17.190050059089433 48.210063730575946 -3.349999893122426
18.420000001750502 47.501348077735585 -3.349999891638361
18.420000003720467 50.33971688282632 -3.3499999109836764
19.64995071214544 49.62998830919866 -3.3499999779008736
19.64994994722634 48.210063738019734 -3.3499999014615467
20.879040217235943 47.500803647033585 -3.3499999018325677
20.87904350962334 50.34026691203501 -3.3500000614200998
22.100960263463485 45.37941301222444 -3.350000013221438
22.100955683228552 43.96052027554086 -3.3500001726002826
23.330049170973947 43.249993814001904 -3.3500001146694447
23.330049633115422 46.08868297290225 -3.349999989772281
22.100956532586405 49.62946800067685 -3.3499999614831855
22.100960235998553 48.21058577706047 -3.3499998957737787
23.330049644720535 47.50131699642952 -3.3499998860047606
23.330049203364187 50.339748094549954 -3.3499999300395054
23.553574812283976 44.84373289689972 -0.8709111481776777
24.5599999719396 45.379966804050525 -3.3500005009584277
24.559999995369 39.70051018514578 -3.349999894196137
20.952377673663804 40.60271098466906 -0.9482714972792439
24.559999948705276 43.95996902945305 -3.3500002668507123
0.4833299314671154 44.93397793578009 0.03791336122968114
0.6781781138109598 39.42335191360844 5.720899955641638
7.425920768876567 39.817884276349375 -0.33784235988698397
1.818402647163116 42.910376432515285 1.5478911960666508
5.660106603470428 41.4399398224498 0.39902037542208113
7.55478331141808 44.965425160331726 -0.09693977016612898
6.277145216157382 39.92763158528316 3.27267371550674
2.526878685271469 47.458098206123125 0.42300517669428994
6.950205696221457 47.17264219368255 0.8349474793492884
6.669525805018617 45.666954226311496 3.0730176313524495
6.856424514409509 43.28281402975461 -0.05485909355326779
3.758587180511888 47.42237810437069 0.9614569305319132
4.617662075840313 45.12270560771653 2.5178314169235327
4.301495546333922 40.88901613366835 2.5221302340748855
5.6486485980755505 43.21098716494645 1.9185215732303784
7.651745632351311 42.03720587525767 1.5769531057379782
6.429997196672054 42.457698172554615 0.9573153217068209
7.0837940883362815 39.738397608377575 4.354528986720688
7.686623607293757 45.592857535250204 4.05578916641206
7.979604951224938 46.873333010877346 0.703984939592549
3.791824758414948 47.180584689926334 2.3238017975084624
4.267316094123338 48.65180049204264 0.7260866722238457
6.409610066751281 49.524758930241426 4.686053971228256
4.64781152071784 46.55673774263863 0.3697249332792074
3.595403086950302 44.16978758295574 5.539783320868792
1.1157880218829888 48.847799732832144 5.510928038442504
2.7317761577376563 43.85514078613114 1.8698480585067623
2.2690790079590744 41.808132246403865 2.280413424540847
7.370181159701737 50.0389896129203 5.5821621021190415
6.150301476423774 48.47714856915255 4.645168934126067
2.028831197232236 40.0613987980059 -0.5246873393691764
2.11001472852834 42.521970661677415 6.062524976624872
1.7132489677619538 42.7331543018186 0.19254548532658844
3.4111835142678077 42.87950572528277 5.906517748730593
1.033101900254638 50.06982723265523 5.046642108048615
3.8991644802409073 42.063760457553315 4.951195806952091
0.9103416950694581 47.30282909330779 0.09214412839186226
7.114869466073555 45.00317525762667 5.1552527566066155
1.609243596527245 50.838029774286404 5.359732510916043
4.489592012201972 38.442518837235475 0.26792929868182824
2.947562910895665 39.42231349492531 3.697789012267352
6.593532046836843 40.349057537112216 5.468294212211142
0.8914848516406607 45.21722319642824 4.638265767981393
5.869532973361964 50.595938147250926 4.105450565559287
5.378411355105239 50.806124557658336 -0.14018176765844492
1.3254378174577517 39.29316988418328 -0.2392716966638586
4.954162443555502 50.636144232755846 3.533716130999933
0.673306437752764 43.35945516195395 2.0068578486367894
2.465369460109073 39.46986358763369 5.904285642710113
0.42380154123055463 41.46103869709256 4.325864590692157
0.1276807345488136 48.14913536059539 5.112073753263353
2.635849562217362 50.81934440682796 0.30717682541415603
2.950121261475019 38.64920564203795 4.880193427788137
7.37116197018393 38.42617253500326 4.640354625872101
8.079094217782359 46.90778477673664 4.448392730023862
4.299919467718047 38.40689303167121 5.157785144430743
0.002596764303520811 39.35819424887024 0.09402560058208609
0.11995690159527166 46.23095047896593 3.5064582792979024
14.37313361545794 39.109065708290935 6.040933726677368
11.916911489539734 38.461314966121485 2.264832295817485
8.247691470085455 48.27312193364159 2.7152343093680575
10.25052450454865 38.451036268944165 0.3034876364795558
12.949254324897197 38.56192575173429 2.599863249660186
8.781684573271065 44.94183911330548 3.587021425771929
8.257465072057162 39.23788781998137 0.03436481667531188
9.988946583628673 40.637930760869864 0.1414113907619674
15.35583299542422 41.578348111274444 1.2962480795784947
12.12331826396399 39.11605459845583 0.11268331446251723
12.505838751691265 50.24817612413674 -0.7081103849583414
12.325938228745732 50.20345270099942 0.9670754790350056
10.109068457444405 44.72941451073745 -0.23485166174650018
8.230465910516628 45.66737728727877 0.16917343213825875
8.686368820700302 49.63689820438514 1.6904076644061294
8.47722788215562 42.58612695827319 3.5750003583012435
15.31309374471662 41.64934751397422 5.8870522751780285
8.281752871644576 40.37656904610867 4.108073835127834
9.576048090488301 45.63178721857197 0.02594094658965651
8.93055043933009 42.46976184341321 5.799202350285809
15.920604048480788 40.42388890683103 5.244209315808483
14.41234197936399 50.251897066412134 4.611346138129562
10.991526064295504 49.693231575941105 -0.18546756869710856
10.026199653356139 46.77823747885157 0.4786863057332724
10.586628653311601 47.86781410231485 3.2345506226786993
9.010889527808589 47.600187936236956 0.9384954720364536
9.546458264440709 39.652848526867125 0.12667777138148817
11.034463598568465 47.161542898332456 0.5323591283982643
9.94893142865189 49.558285148667935 3.595155029669125
11.116842995627922 44.183919778746365 4.7445049161966395
8.97270154666922 48.626405870275924 1.9819875223188932
14.39024312360284 43.70768220364724 -0.30302501246870617
10.180291419397818 48.80147352978353 2.8456160192051416
11.054437930364637 49.244247761777174 2.3682075383788295
12.760724508500918 43.60415494701836 1.4935864897499318
10.819596508168589 43.16753978365486 2.2890871519887113
15.157876420772581 49.79384231500784 1.5664523592407198
11.415963990486155 42.776143103341745 -0.033245722793918686
12.128978279948806 41.51939584498317 1.7044996890557351
11.72424055528162 42.762071611925336 1.3608471551591106
13.207259722511134 44.214136916846186 3.3226575760304975
14.437722222791914 46.33088970849646 3.596213898050409
13.614764877728375 46.062541274206 4.242070171535709
12.963446269594904 44.86559833490815 4.054950564486979
11.900560987338679 44.917198529578066 4.864872613938459
15.264479650287972 48.6548914635608 0.7118207400385645
16.318897493508267 41.75718191817128 0.8181003587617064
16.35125947036831 43.20629464725704 0.37681832538436044
15.732428398248475 43.71418707475726 3.55203915799138
15.034172546741972 49.0095395032074 -0.5362911889083943
15.382977470678654 44.076424490503285 -0.09111077980070048
14.402694255621302 47.69714470670017 1.150082854977268
12.85201364221248 46.79167299867756 5.12490419390884
11.851507786873713 46.01854330148932 5.607366409569954
14.357347546229152 39.45449669685984 4.259692587116959
14.968215943379263 39.24611008192862 5.138051750477006
15.539195724175025 38.34617563620331 4.909578374346175
16.013101020066728 48.33714854509687 4.528558791140433
13.47732918786325 41.78213141590129 4.766576166945914
14.066327345411281 42.149291396971236 5.594026901838919
15.43659366803134 46.24146789302002 -0.6252189393438923
15.90175336907115 45.307149653869445 -0.34759350792470056
11.821468921788384 50.90956064227593 5.7258230586171335
12.126854686596008 50.69529184470499 4.416393473925319
11.757756191717643 50.427171089291605 0.06418054851045296
11.516153497975074 39.4341831499623 2.5494733481737573
11.653822018341994 38.355434891414106 0.7364869187007261
13.091733678960399 47.81873346267259 5.357457644209466
10.397920617721045 40.72985504033196 5.7113309935849585
16.369104668560247 39.798321741616284 0.28330061929477957
9.011884022203187 48.93282156686363 6.2002876764580765
18.150066644288497 38.4044469588841 4.969467698682312
18.03258438185342 50.975204814095974 0.3733716287365274
17.09788128733776 41.56738536670451 1.5565186134670295
16.572135312426703 48.20240389598751 0.9668835439602508
16.49410391665428 40.8979614527671 4.447683658089195
24.094726244649916 38.37746262818383 1.0403355575726814
24.025967090058447 40.451116007034145 3.953752616255566
23.244940112419158 39.70501084438632 -0.06083828457078222
17.350071688918728 50.35000120350514 -0.20229917083418036
23.93116823725128 47.27438980043227 1.050426458214977
17.826229091740842 43.82873492330866 3.973815913901041
16.646738497352697 40.72895073523517 -0.21162274187251695
16.67037380741336 48.783949502692515 5.681888185849915
18.391976802596286 43.74361222023045 0.9165218987789325
21.042820884829847 45.66233289689853 -0.3691591100203062
17.6782368900147 40.81426237527709 -0.5534311532147707
24.098661569471343 49.73798381697894 4.602186472276024
21.29606506708588 47.04772713012961 4.680133948018497
21.230727984303616 46.82987318287028 1.6024549628635243
23.50624956683602 50.89228223339877 2.7351446358418388
24.082608374270446 43.77511353472645 5.440248927774823
19.88708770609395 40.29854541325369 2.161989171080807
21.323060785460303 49.611311660746665 -0.03949913358830437
16.625861013765004 39.94056632199052 5.9203098205923155
19.50953729052468 41.65029429420417 1.9541631375425117
19.478652140801948 48.549316847050214 0.37948017639409914
23.78307248705311 44.275571048708315 0.030544858642669315
21.015820313011023 40.22967338128995 2.962818840901517
20.312311271525417 46.135508196025704 5.086804974360037
17.44579224901125 43.94595219526147 0.4367372337329267
18.034968682987003 45.74907700885184 0.0323049078376203
16.39420821819225 45.01082958080823 5.281747066147615
16.63403874829249 44.58969514252334 4.019678396543957
16.73905214495882 45.61585301363271 3.1579774034566768
21.21184474696686 43.304402139284704 -0.7756677976274862
23.467816135818484 44.869791897197764 0.8882248788793534
22.6403250564553 42.75521958266108 3.9517862799302805
17.798504552238843 47.642190104264515 3.112877988385383
20.7374601608347 49.895137395783486 3.547588835362773
19.9995101498386 39.62432862482287 0.9316860707247987
24.374995771181393 38.83058577828251 5.934190664173068
19.28664285716028 46.281482080615135 0.7200419961946947
19.545952288568976 49.38904812494444 3.029581777940532
20.781735500320345 44.84590930079216 5.252793376471239
19.814858847446196 38.97871800352771 5.0051450168050495
23.171265994425685 42.84671190749143 -0.033571429462999625
17.25775000087586 45.11207862808009 -0.06900739501524922
17.75376560311161 49.327418585945054 5.173522744635413
17.907484419491187 50.723088711835466 1.4264088886642068
21.86768377639207 42.51221267009313 -0.44595426696591
19.37819191315267 46.17038416877173 4.131598712460683
20.136178864721153 43.18452394134879 3.7338477701155393
23.70586539329782 43.67076726881615 4.068038217933196
23.228758942035764 44.94291827362776 3.6873602823764626
19.999598360705242 49.45061076338191 0.09193137693923492
20.73991466490058 44.63405194518283 1.5026735710626715
21.78558674233116 41.166969657757086 -0.5561301991899625
21.87362254828745 49.15744783929271 3.2895371019838704
18.86684688625621 39.82249239103832 2.9301507527515316
20.587060991825474 49.913424405185545 4.903896936872176
20.589231742179688 45.852853109171434 0.8482143979135404
23.741702986298144 41.72050267970712 0.22010735409823678
23.025979193699914 40.67897824273972 -0.2142775980733258
19.84262611188192 42.01200476482998 5.474598182386366
22.957811430904446 47.0883855641489 3.0252900928610416
24.053961084349453 49.083717187198964 -0.29478790275161426
22.029227764377687 48.897855207443 -0.15089072715118057
19.461957500694393 50.649267781037736 0.03674567519872274
21.59398710177091 50.93472167359834 -0.2271599448595718
24.559900198242946 48.64281504847598 5.417551615938851
4.674018508748966 40.10469946694998 10.056086395176521
5.118056254730862 38.903128323201145 10.623655775757722
6.287254831546942 44.8771209809669 7.828841172648403
5.24820677846477 45.52393749234237 8.338590163735029
4.94579454098094 45.07173331209482 9.52207887541938
5.773138120771404 44.00053923672725 9.833507186296089
6.692407572782523 44.022722962373045 8.828080131643638
4.467118576371173 41.07017994355584 11.01689898263222
3.339477141063317 46.29828303037901 9.83417105664621
3.7989243916545057 45.45182597303895 10.344581356786426
5.66049210173531 43.393842377275746 10.719864785889342
2.7015228413676455 44.40579508634468 10.379052102441564
4.138940571011954 45.796229662611864 11.321246651035452
2.791647553876557 43.62862478302444 11.137988104922576
2.5663091020516253 43.97616593046106 9.386461535789092
7.407680166904754 43.22767481373726 8.67746951708289
1.7021397958615847 44.84031677618043 10.401952523727697
5.7709641614252885 40.62450209653898 9.362062341552893
4.055616370976572 49.902254427308264 8.136987043807096
3.7029911894838308 49.5558949142974 9.359528194028991
0.717194623189776 40.419496242220426 8.663864753312557
1.2792821365109832 42.14535775620898 7.50456758837413
1.427188174461203 39.62686095988096 8.479369587782163
0.6073903049558813 41.651306228143824 8.074281950276262
2.996798937224184 50.60499064107987 7.450546563552499
4.5382948022248835 46.170503285403775 7.844244474347515
3.629891517947687 39.86380799935824 9.075639437747526
5.042924606613814 50.87612251933925 8.181289041904948
6.68278533623516 44.80432363141031 6.90236604311349
4.498644498164491 48.76150268440007 7.507589158780416
7.463131797567142 48.41141728055462 6.8576287603554755
4.916668286972444 39.90117488658579 7.136529830308672
8.072468635436435 49.28509094725319 6.626321729892907
3.974077509220537 42.61981447758196 7.164976028754032
7.420662236062618 50.73013683519665 8.202193911980864
1.822723122613152 48.53500526036292 6.265117922382578
0.2953431709381994 46.42116746680588 6.386692273061615
11.90978912597971 49.80096457339934 6.554416374208763
8.233230044602122 49.32577705446243 8.758304405243573
8.234069380069087 50.05161874527424 7.945129679030885
9.083066099906231 40.909984250701015 7.4269857003863375
15.808073437001685 38.494907142997526 10.181573605048296
10.111565569706599 45.64093545796121 6.7928639234456085
8.966949761443948 40.129513892507596 9.828520729974564
12.107875736123063 41.962584422937724 9.709696987234226
11.972388551138366 39.91743180605847 8.749936124384426
10.382631753611419 46.567638719050045 8.726026841949816
11.21693391468593 46.61446917383219 8.026136270041127
11.936285593152778 45.83758503122859 8.285142431279697
15.42933787341044 44.99192200329531 10.020152013542686
11.674123617982566 47.59977510827888 8.116964628582465
15.037101018319929 43.296303133140775 7.240662289351553
14.21177523483581 44.90824871361548 9.268187125438223
10.6198725344194 42.48583157330422 7.128292194826807
15.803788835226033 43.66683819841202 10.299373291163175
15.241699187988186 43.984918032728736 7.950626449711144
15.384035044212515 45.74289631840302 11.140186186025025
10.85145625852129 41.373109954968506 10.699301516859741
12.600229204602782 41.19401714077247 11.182364948729237
11.866076730516355 41.1367298868477 10.378724285703761
11.955653942849347 39.7330308466984 9.824094510862103
12.936700442689578 39.35575769408824 10.112733963924944
9.34851147312368 39.197190028399255 10.217857181361955
10.813614686358942 38.87781937331539 10.177392352110834
15.902373629537632 42.33034505678242 6.828646808826453
9.769850547997038 41.631382524634766 6.5443240193293075
10.853547248293454 46.422490389759496 6.62935527790649
13.848479409593756 43.07048797228104 6.472817765205977
12.908958276501954 43.577771088643175 6.6351873440078935
9.168194146802541 38.928914934171964 6.365952929017374
9.112723505858987 50.68468277227345 8.068810174415702
15.887567595620919 49.73925412206114 6.319768293899363
10.320542538051358 47.34538963203176 6.400744325409342
16.745773677233988 48.888724629420395 12.055760612971973
17.251821954770175 48.69769131073044 13.002080544053
19.007056856171772 50.167633380578486 10.90282881607598
19.26159052426343 44.2962005751521 12.830375486325178
16.91222309803386 42.18137508218749 7.181367658199447
19.826744745337223 50.067171070342845 11.598831034874383
20.96789832067771 50.70859804212141 11.911558053866319
23.9836891572552 45.366075374528755 7.960553174593513
16.45032127642307 45.489143424000964 9.196595215970621
18.681769788786 38.56186330466873 7.181271849175749
24.005524493048163 48.07767735991996 12.02864555644735
23.619886406832805 48.34179675657208 6.393284880358961
16.831490607111704 41.12219110962712 11.199105262757175
21.585076522910533 50.147010005162805 13.037157974567858
17.30311223141414 43.64677305060013 12.427777454386396
18.25004011778814 44.47382601216826 11.19412265643153
18.670731862089156 48.08775483675418 12.642663573110173
19.447626818693408 49.979632176092906 7.729808590580653
18.633556241329764 42.4418542557736 11.168745478800252
18.251593074412735 43.63552132551744 11.890788172120855
23.746475741794086 50.68079136077254 9.022541728901782
22.95839321236449 40.8326531139061 9.762378881833762
18.96448604073932 41.09088714387186 7.242726178083351
23.4822589371133 39.08412308051817 8.387213785833275
22.757176483469923 49.82752970397155 8.64944137157537
23.787516550119005 47.689394828934056 9.692801735708288
23.889877580848264 40.33544626896448 8.882951944809179
17.946703067218476 45.82044544482539 7.560324075461428
19.770320278732505 49.10635434776181 12.608331215236767
18.65800716234758 47.5459560671639 11.696940475119138
17.822227480197757 41.355492541508404 10.83798078263299
20.795701538359776 42.28005013902482 7.414759932298143
18.928628980116926 43.377954873522896 7.013137501567996
21.306254293721548 46.45876265330088 10.518159105353877
19.50065094224217 46.785314995074586 9.205857316793013
20.813894562726333 44.90928497622439 8.835069887385544
21.48200828987288 48.94981962533124 6.751619002636513
20.776649334683377 46.224741708775824 9.252891367211314
24.03998823926181 41.20043067694827 7.802575065412569
19.622193804987877 42.20708609489755 6.79355861575758
22.13133082292362 43.94092254407872 6.86211614957565
20.596280222500862 42.86412011602858 10.468989488692023
19.78768684285224 42.16556181372341 10.62581118559472
21.528818216237873 47.04013327883747 8.288944509911195
20.628207058691725 40.689025509080345 9.504111418306346
18.370540871427558 39.47457418498967 9.873180238596792
19.80567199989958 41.04316660475716 9.971144780499674
18.622585002377807 40.45154713193375 10.258404350964321
19.908354866429427 45.03191314314219 12.352334794391783
16.991377021297257 47.68481905636803 6.451225984810583
19.893958587443137 43.46452080203409 13.141051181637463
19.742157604354595 46.59873143513716 6.2978851144086505
18.730555433077267 44.75604206091978 13.663830668061472
18.849824292673063 47.36477782064765 13.43848399023227
22.406239923751357 50.54172656133535 13.473035834892745
20.7354585791735 48.68380541957066 14.403120698467614
20.691672511800057 49.2519839316392 13.485702604736554
16.662908788941692 47.891859076504545 13.440162378228013
17.371774009771823 49.573907717342436 13.639227554966414
25.789950569283032 0.7102493874678613 -3.3500002010380845
25.78994593725369 3.5405444136827953 -3.349999890765826
27.019005329044592 2.838919558642043 -3.3500002644937723
27.019043608684612 1.4204752230005913 -3.3500016394516665
25.789950890429893 4.960054262595207 -3.34999987420749
25.789950868117717 7.800000284444191 -3.3499999878250906
27.019044296142987 7.089473627822482 -3.3499999368319
27.01904400328271 5.670528933186373 -3.3499998954501686
28.24095694120051 0.7097304918984438 -3.350000617266261
28.240994682729667 3.541081826662679 -3.3499999375363263
29.470054037981075 2.839456793378972 -3.3499998980305934
29.470049287676215 1.4199571684706283 -3.34999994403395
30.699999951657276 0.710280711043821 -3.3499999830741234
30.699999992149692 3.540510202147747 -3.3499999103510647
31.92994594379184 2.839456803483878 -3.3499999118544945
31.929950710317005 1.4199572138003131 -3.3500000987399647
28.24095546319894 4.959536549711543 -3.3499999155874094
28.24095563226594 7.8005202064733785 -3.3499999204972566
29.470049113486528 7.089993811943236 -3.3499999357468644
29.470049224333245 5.670008645800918 -3.3499999219604284
30.70000000080581 4.960085190944433 -3.34999992245528
30.699999996056334 7.799969096369708 -3.350000112852257
31.929950900884762 7.0899938057845135 -3.350000000974027
31.92995077436321 5.670008656194999 -3.349999915680495
25.78994991179231 9.219935110622634 -3.3499998757540084
25.789949929096057 12.050064863303852 -3.349999922254576
27.019040189280176 11.340803673308692 -3.3500000794731832
27.019040203963602 9.92919631692684 -3.349999923535937
28.240960241679968 9.219413032838181 -3.3499999142278547
28.24096026045298 12.050586964765417 -3.350000001995496
29.470049651105878 11.341317051560202 -3.349999885809285
29.4700496531463 9.928682953387112 -3.349999881928399
30.700000012562803 9.219966857197232 -3.3499998898274583
30.70000000089586 12.050033130214754 -3.349999907114568
31.929950361422758 11.341317051288668 -3.349999965461705
31.929950360129414 9.928682936443641 -3.349999919853887
24.560000026158544 2.839490989451987 -3.350000025709867
33.159043275560336 0.7097305171952492 -3.3500000764694002
33.15900529609875 3.541081825188704 -3.3500000490789237
34.380994669371525 2.838919369574634 -3.3500000921967232
34.38095637316183 1.4204752282481872 -3.349999898799625
33.159044519207086 4.959536568834341 -3.3499999434859307
33.159044363472084 7.800520217294038 -3.349999947308213
34.38095567574911 7.089473640069163 -3.3499999156764746
34.38095596898636 5.6705289466543105 -3.3499999165392715
35.610049333598994 0.7102494519260741 -3.3499999487603063
35.610054077535764 3.540544381224659 -3.3499999909606695
36.83999999506575 2.839490963263573 -3.3499999269044745
36.83999998356064 1.4199261266924115 -3.3499999618795915
38.06995065586865 0.7102494216980526 -3.350000089980374
38.06994594128836 3.540544380592376 -3.349999926881524
39.29900532895799 2.838919409070804 -3.349999923180751
39.29904363911235 1.420475231272464 -3.349999986527102
40.5209567620597 0.7097304992529135 -3.3499999120568402
40.5209946796283 3.5410818367909602 -3.3499999181385984
35.61004908357725 4.96005426288519 -3.349999934637935
35.61004909235871 7.800000276258627 -3.349999945074915
36.83999999581953 7.090025061779153 -3.349999931021509
36.83999999519827 5.669977360792935 -3.3499999343526765
38.069950914056115 4.960054261346681 -3.349999932046356
38.06995090865095 7.800000276130699 -3.3499999210679055
39.29904433199379 7.08947364018264 -3.3499999115725956
39.299044037875944 5.670528951402656 -3.349999924907231
40.52095548768276 4.95953657082498 -3.349999920543837
40.52095564492192 7.800520205230592 -3.349999912254411
33.159039747788285 9.219413031142825 -3.3499998966224007
33.15903976187044 12.05058695462944 -3.349999899409041
34.380959774410265 11.340803685346565 -3.3499998874396786
34.3809597618107 9.929196330853452 -3.3499999135551173
35.61005005526942 9.219935125347348 -3.349999945673705
35.61005004750468 12.050064870122009 -3.3499999392886446
36.839999997230244 11.341348136523063 -3.349999909092202
36.83999999426081 9.928651892878399 -3.349999914673295
38.06994994440742 9.219935121270673 -3.3499999211466847
38.06994993739484 12.050064878595355 -3.3499999076042295
39.299040194397485 11.340803694869015 -3.349999941362516
39.29904021457608 9.929196316494192 -3.349999943577846
40.52096023242196 9.219412967616782 -3.349999995341295
40.52096021181199 12.05058701929701 -3.3500000447315537
41.75005403584458 2.8394568121543413 -3.349999973084452
41.75004926453342 1.4199571620507974 -3.349999930088936
41.75004910459075 7.08999380689931 -3.3500000252190167
41.750049221568936 5.670008659322072 -3.3500000186771905
42.979999996928576 0.7102807057633324 -3.3499999379168033
42.97999999716364 3.540510246031724 -3.3500000528317697
44.209945956042 2.839456813366199 -3.349999974538791
44.20995072640725 1.4199571614772877 -3.3499999406851733
45.43904323251047 0.7097304917698808 -3.3499999278905923
45.43900532225974 3.5410818391875036 -3.3499999326846486
46.66099468190313 2.83891941721998 -3.349999924861311
46.66095637073814 1.4204752386309054 -3.349999934148858
47.89004929514098 0.7102494897557627 -3.35000026391731
47.890054075650774 3.5405443913878236 -3.349999906612261
42.98000000313567 4.960085204945733 -3.349999953589826
42.98000000659691 7.799969073272377 -3.349999983025429
44.20995084913582 7.089993787228443 -3.3499999822915596
44.20995075906566 5.670008661573575 -3.349999923718956
45.43904451745814 4.9595365647313265 -3.349999969382301
45.439044355013735 7.8005201482955115 -3.350000674675994
46.66095571866365 7.089473615088212 -3.350000016448215
46.660955987221556 5.670528947672742 -3.3499999551578608
47.890049100165086 4.960054264301006 -3.349999905032411
47.89004909212825 7.800000275260889 -3.3499999157348137
41.75004974666391 11.341317145338163 -3.3500003641820997
41.75004973268916 9.928682838652392 -3.3500002742806068
42.98000000376878 9.219966828347916 -3.3499999077862483
42.98000000685523 12.05003314383353 -3.349999920228852
44.20995037337769 11.341317048976517 -3.349999910762004
44.209950361408765 9.928682942936037 -3.3499999103687306
45.439039764072426 9.219413100831954 -3.3500001263322963
45.439039773972844 12.050586956274628 -3.3499999046168103
46.660959772620686 11.340803685721696 -3.3499999895209953
46.66095977881499 9.929196324157678 -3.3499999361434405
47.89005004762495 9.219935121527692 -3.349999911182474
47.89005005781029 12.050064874525662 -3.349999931603463
49.11999999173774 9.928651890627759 -3.3499999197844685
49.1199999937648 11.341348126674974 -3.3499999053011553
40.94823754750697 10.677700526617954 -0.9912970842379087
27.455851818633587 4.144156421807806 -0.4241412930481936
32.57478818744974 8.01647195343447 -0.4521518949954184
30.851129448618625 7.720431930642443 -0.6287495218085082
28.82198237022393 0.2693042636914058 -0.08564297529230824
26.413831385506988 4.663152148856233 1.4187944761578353
26.88463707058948 3.068643144137304 2.024626490627889
32.31318301018338 8.72496672550104 1.8481996037150084
26.113686759158057 1.7942317576698341 -0.8004427331430086
29.674817636307424 11.578884679383966 5.581262941655616
27.76599794211679 4.520184597222006 2.4638344090247353
29.099431623451725 1.4783485022088299 0.3456125005692179
29.019139961882146 4.1631895737363545 0.38725324956330076
30.6005242168204 8.319129261666697 1.7797233726429285
27.26249393048504 4.015626972360856 1.6392100621480088
29.27643750154888 10.32396355350251 1.5821991938084812
32.44223194761525 6.1309547967402604 2.9735869572494322
31.219227639005744 5.7265235844446805 3.371407590458708
29.98873488771365 10.142670396413028 3.9523421550429028
31.44102064636095 8.693269131075006 1.1951849988548258
30.049947802460814 10.776770824352855 0.9796650539486773
28.86183057460128 7.898011318747551 5.337194296733003
28.086789437709296 2.2199477006093504 0.14996550796788077
31.134724865773403 10.054139343692965 0.7616288944347838
32.038897108533156 10.81296650344318 0.055836013106093096
31.430404868677613 4.945317327453521 4.438768956684591
30.494564212373238 6.821256974223466 3.723566511143712
30.60327922291322 5.036724370749653 2.3497816639719424
29.258699889072933 11.215532754561293 4.358947011655662
31.679889236801007 7.691674962229942 0.07866142671170806
28.037798959627832 3.6888806649250903 0.3772085123841895
27.89670123857967 10.795590558881248 4.410647685494523
26.759210556952283 7.405579122405028 4.602419410136736
27.49759540037283 11.516024619593377 -0.32507775120000026
27.121684447626738 1.5461070298149857 -0.5024917653140903
30.032384149268292 1.789339825730836 0.7920248450027445
25.806838688456242 7.7503189878711565 3.6578340298526726
31.674952164799933 6.69706155323903 0.524553557091253
29.380129993099445 12.319715582788751 3.4839213934764235
29.122455019474213 4.024982865043499 4.262809390068179
30.23100610449062 12.000588365505607 0.4415960158666654
25.472727474960465 9.108882317811005 3.935543341148083
31.524949525158256 12.05910307493232 -0.0893271821243613
25.645249295552905 11.233771071606578 3.9984965304319475
29.26188312004839 0.5713585181903742 4.5965711679911845
31.962266592999104 11.453496508864314 5.090650758553723
26.741796085333867 12.21402571828759 0.6352458606912681
26.333923266289858 7.637304819880652 2.4106559024149554
26.72462315739379 4.346713815306073 5.47321315811438
26.648811153390845 11.398056868119934 1.7825484970776317
24.792558803941027 2.3900135230051185 4.481444840389966
25.73856644369901 1.9061823050736044 3.598300347546357
27.545646635680438 0.308801060362566 -0.6035377152204247
28.97190444849784 3.992696669039012 5.331777175880324
31.48120034297448 1.4173643974147419 4.084508947299913
31.859491609491457 2.5478434934856087 1.7680815028034769
24.66824049575589 6.97344470459244 3.820293750288738
32.072746682860675 0.37521172844505396 -0.5023407882839515
25.24362725816683 1.9162088565728448 5.715328407440729
27.712169567298282 4.165984080649009 5.871319740748086
26.610949981469464 0.23203205091466195 5.291030273468289
32.40535719259368 1.8132025711816981 3.6899886600734675
24.771055283621884 3.7950222492103864 4.403854343360614
25.508359512127598 12.487275346679011 0.060245798008456974
31.329889788161502 9.030671845709742 6.202053466584077
32.59311839859926 2.437688420370172 2.5529748675170696
32.89035004350633 4.161036536322397 -0.29942682561553524
33.00521400656223 10.413140967636922 -0.21392535072834118
35.44053678498644 9.640582044687589 5.735187459676629
32.857013521776324 11.814324676926114 4.605232416734232
34.49971822666556 3.662762874428359 -0.7040433265434931
34.86698258932807 9.477646041357522 3.7489080138744244
37.78258779738213 0.8043196291139183 5.594448494898389
34.388147964953674 9.842933555917663 4.657413618787224
33.5748998840771 9.16003630937702 4.903134821924997
38.571577554682094 0.8384442359318829 4.843162481470932
39.71627585063044 9.85462054896853 1.0199631075255045
39.528535985749 1.2841473809107868 0.16033215084028107
38.01463400774741 4.813742773591274 5.539606820781792
35.99435932799634 12.152192079236777 4.241860013164703
33.74787688580296 6.062231770652288 3.8639669013423914
33.3919190335987 2.4374681230034034 -0.09782704190990699
40.11427393809274 2.190002806105624 0.21264849425387977
33.68820801117762 3.481779689462955 0.0007944255410907708
37.56548154326201 1.9847404741626662 -0.41128290495245245
35.4121827746022 3.366377430694058 1.221475754286987
34.385306709086095 3.713365848314244 1.336473948387925
34.41530510698546 4.7866830640645555 1.5240645958151666
33.83007716372598 3.0320095579845137 2.540686583388988
34.466511992954 2.7566304881255084 3.6858095716878525
33.912855749495236 1.5065524731851145 5.269514128208986
33.63813416824806 1.9539301091167933 4.406680828254062
34.069282872295645 11.244587308185116 4.535292556769715
34.391812129476726 6.094958990267649 4.641383347595152
36.228803122252465 5.841086772497677 5.674243602495583
35.76740691431951 6.64258782039547 0.11037158612268838
36.18689018990128 6.116752723413496 3.5770757637550545
35.07767014103839 7.713402375315586 1.9379924310554475
35.65613686157176 6.082919210120178 4.517052464406998
34.78146213308114 8.701103658929652 -0.124382227425337
36.78942872205304 8.57264734742933 0.8801631917573249
35.581407014671626 7.909357212171126 0.6600898192526539
38.09541954352836 5.571720449288487 2.3314996910831787
39.09284471280894 7.577110226165154 1.203874522645696
38.43848037840977 4.271903261377404 2.264659169418757
37.60126513958682 3.4522994919404053 2.9645096014467773
38.166730427986806 3.908098475010679 0.9170258805723286
40.075434741951305 7.35496384764067 0.8145574012561951
39.76420901524463 4.128421010647318 2.5164054328148264
39.7754348680483 5.433306848170776 0.4190986314491396
37.67101988955217 5.763342766423552 5.949837477350421
38.42139925153978 6.9893413221233684 5.440980674531773
38.358316606709906 7.037013924357504 4.353852391880176
35.46443422453942 3.028548448418022 3.9966340277656554
34.92562136962202 12.276878148728198 4.148840875185098
35.81677086465635 0.10870458007035962 -0.4862441680929752
38.20871068562195 1.169261322435096 -0.11522543869886714
39.46495138713602 6.867096073012967 5.731075554471053
38.77001516329414 1.8770543595963398 4.57856556824387
38.1204930041628 7.83341085325696 6.06154659113435
36.78874842638728 11.765295404774067 1.0259944324159453
39.800290918127544 0.13038307052156609 5.435552262628477
36.26898060475654 12.721734432537518 1.0822598607024714
40.37757676059266 6.218113399385267 0.2151284904724371
38.08617462228036 0.30062634635216623 4.028769510697242
34.03498095686538 5.928231366498831 5.962614550223426
36.31728343843076 10.259489592151937 5.544481525542641
40.78068324820228 9.63160132545007 0.946483049512683
35.804352857017804 8.614826893914877 5.794888685989696
35.35721854508264 0.31655924527853796 1.9038049351934494
40.87406095720781 3.6086408534457357 5.828402665001424
40.638808869380526 0.2572163682373672 4.750788828554278
45.66359980649545 5.842541032459405 -0.16111746360833012
47.85149976000495 11.130464213585473 6.006703561722311
47.60505799025833 10.888978694927916 -0.5543536633827006
45.53508724301588 0.0836364511397251 5.4294695194109135
46.58376416044925 12.387217049189024 0.666702496268039
41.646971240656846 12.571746173291107 4.100741736595968
47.44778556127871 0.5180330070540687 0.5787277685421177
40.95686535308612 8.269846244969841 0.48639713953964825
42.40670030019252 10.903531365055011 -0.08401839998264937
48.3447914663073 0.3358114997388456 -0.4668082211266311
45.09447128604335 10.918851934272414 1.4114278457201557
41.328323234044454 10.78753267394285 0.024366132565880605
48.16001458310893 9.636779522990512 3.4819578915138747
40.94199642905303 11.707001220317062 0.4641719896324048
48.59943502237322 0.1702190297949255 4.154933878616544
45.91070170075162 9.372943981850282 0.23022668116178702
46.174615117983784 7.426679065090343 4.036671433891587
41.84042664310414 4.247089092340507 3.865520195766398
42.93275374999065 2.946110747239799 -0.27199690064919846
45.96979179702805 10.343579752333016 0.503126958720449
43.37956432448914 11.104684799650945 5.157524787479413
41.22519711069659 9.801498016990264 1.9271167940992484
47.24500420079117 10.645872241324792 3.718011531613432
43.96983360492206 3.9228718208481057 4.865551388211444
47.97435942717863 0.19517455831389027 1.8076803643339934
45.44695353798926 8.071972613488793 -0.5669733467645832
46.69149592273325 0.7175775792036656 5.781908647499656
47.93210708056606 9.051633256285847 2.181414984702159
45.28711269187032 4.189774612068089 4.432361495943043
45.38865794978205 7.391585363101271 1.5924434718866065
42.732219596289525 7.745330663866527 4.200292762713648
45.901342284984125 3.9032118568719483 1.1377053496094425
42.35935518162949 6.626991300111618 3.4623686648112786
44.38566482218287 0.8451062250943445 5.792463857347389
42.21556099411884 5.465785763289747 -0.5610557137769523
49.01414931691596 5.52761374581693 3.730499753529881
48.38224156886963 5.90689202427093 4.860342007865106
42.985697890468714 11.99022765317667 5.656306389965825
44.366754964363366 2.165113301405105 1.4161691470193005
43.848238562906445 8.419007384181425 3.777829268592857
45.567646567921926 5.389381071829315 4.991065680410248
41.70385752434122 6.3197978217599475 -0.14245929361313525
45.51064736201577 12.182526269776933 1.5204836522513487
48.422006914467524 2.9569881944222876 5.838563460964426
42.065389739559066 7.628790175273836 -0.020567410762708516
42.32596049832177 1.3718259295998183 1.2208045761064246
43.04611412714213 2.5486719517106877 1.0656832725307386
45.91815432837539 7.1065028563892225 0.33343215746100996
46.219471753975895 3.2504546775642087 4.843274885459773
43.03405529177816 8.01011660644509 -0.3081038443610984
46.83874954558171 11.2625337031336 0.10869084749253632
44.25769267705793 10.337856066240795 1.7700995073113068
42.92145384393594 7.200029466124218 5.450205580256142
47.039033975641765 1.8845366492971753 0.7013798015460648
45.30566813175854 4.490991088951491 3.1457456283191054
41.58283041747625 8.511924247019477 4.2321973916038775
48.132768112744564 8.647844758452983 4.480817364185986
47.27060394749899 7.1992542597176 0.4085044285952233
48.168455749254825 5.914321495291193 2.609081034143399
42.659848704516804 3.4351350638897435 2.0265306698226837
28.79333938929655 8.758117555795394 9.521468157913308
27.930138411929484 6.78279376658567 11.835592048118599
26.441444850259643 9.378412009519224 7.287919212676098
27.819648603745136 4.150289758241508 7.232908745504465
26.544316501428714 9.549998682780984 8.626585400629164
26.790114388769933 4.091202251260497 8.165747729832232
28.024097236559285 6.754877501866904 13.190594779275036
27.57576690339402 5.540646984602553 11.327512952063389
31.103648358816205 8.315113802108721 7.344182623411244
27.260739930941387 4.159139260257929 9.146561760063683
26.134398058517462 3.2205045156108123 8.170389651261308
29.132651552368742 4.138929144083784 7.474437232961202
29.604263165577816 4.158012926202043 8.44583740559508
32.27239597206925 7.624798461687653 7.736324338276834
29.853640064398345 11.8926697908763 9.291222096228438
26.977050875895852 7.670615906780542 11.511791942342628
30.215508302840487 11.173364591872478 10.460249271921239
25.444293507794285 5.679376804327998 8.985849508363158
30.573312029564338 9.074407331981552 8.329544335540119
26.415128422530056 6.15911938596345 7.633201276620007
25.844727813747614 5.3226062094135544 8.036920053448162
28.71683832947782 11.433900455534319 8.765053321354982
25.080592331504384 5.328142388892464 7.259638691641128
25.176808193033317 8.862427474306779 6.9281467875649785
28.710570917097662 1.270058390101856 9.155406286912177
28.113055541484684 2.2119521899325467 12.194451747152215
25.1827959146564 11.952262501663121 10.652385341698622
29.111129800306514 7.225918391892173 11.317863566735971
31.343016122422238 0.9121401116049269 12.208034850733341
29.202023673474116 1.3155869980801027 12.192092776645303
30.620427934579716 1.7208309161911328 12.098556570138348
25.192702505560135 10.67928896714708 11.080697836601521
26.02062381037687 10.102753193789935 11.4661233352815
30.692411965255527 2.0960689814157165 11.077716379729807
26.948366317686066 1.4266603414350196 12.063634507380987
25.958643123168173 1.8582024549594256 12.038746722417814
29.829507035553487 3.959804323595292 6.413408878855433
30.83819095571543 4.005300843195602 6.389184599676247
30.195311805564288 7.34364326902206 7.009077085510198
30.91927134136861 12.09645966093088 8.413872017680053
27.42089484583143 8.57966001119334 6.882458374369031
30.744526173061704 8.887226740680667 12.769312916476418
28.20202229472643 3.2734133747399192 12.01616806936375
31.76367957066563 9.099580113256277 13.092318176099516
32.68475004102037 9.159374466551238 11.91933959012324
26.65045039602617 10.595421963036713 6.668029600679493
32.191501505713596 2.6470682645640995 6.980355275624861
27.727302522794446 12.546034420261932 6.793121200815203
31.171486399453737 2.6810631128226707 13.169537537581986
31.37300900807745 11.050879483626622 13.011709410473486
30.979628821317878 3.7203709411588917 12.902835629859101
25.960532487717675 12.697595880802671 10.574900009290273
27.44884782083505 0.41944857403484376 7.387503226876753
28.527412047174607 0.23316958445434655 8.3340267711208
27.312500324491616 0.13234795757476187 12.150682998321283
28.653227709863895 0.1207253937210014 12.373591415775039
32.82033829037739 11.223896668953975 11.275918812359336
35.88935634143419 0.4819779608459404 8.042944331389542
33.55621728348809 7.158968930654495 11.786889315334722
40.069081919488575 0.5995359756811791 6.381991352006308
33.36318902541567 8.125080628217136 11.344432222121
35.09382810681468 10.006539673339196 6.7016077132202785
34.77654584868112 8.081954898492999 9.563871195036818
34.046090103115205 8.519565044047987 10.228199249358706
34.39792052630626 2.318068487131585 7.110629012981783
38.34307342159241 1.891863979389366 10.952157679436134
32.91116208678345 0.6784178393866112 7.545684536927086
33.797731125713305 9.888264469646217 10.220257633933354
34.21585980504694 10.492326840235139 9.52716524475574
38.32521943134257 1.504480834376973 8.845146167118724
33.1206249167207 1.991362756664449 7.652883755361202
33.09333064341519 10.180512984619476 11.219123897650338
37.91299944326366 2.3770266797954105 10.075942222317662
37.74891614705538 9.091239983919326 9.255821031564794
36.83444262996581 10.103438644151629 9.729361211146237
38.89491916182853 9.04119158145167 10.008088986784887
36.99731156890648 7.824466865470094 9.286248172676629
38.15323484365169 9.481181456936223 8.026752103475346
39.801606592865745 9.627591516110463 7.765607051650894
37.96425614624685 2.0941960119120506 8.002506554681549
38.20981244458766 3.421476929090944 9.980413589278886
39.41434644511863 1.5477826942905426 8.839921502527018
36.82366321552299 2.3390556075787523 10.07375577424602
40.104153361716506 11.659987362031032 7.804098596826013
35.22427245533715 5.771052818489714 6.626343679253871
33.03928448967524 2.3557726910413765 8.96187237717928
40.10377578416153 4.238105661868862 7.740730252266327
40.505888318828866 10.341494160899101 7.645481019087868
35.41955321299672 5.6144842140966835 7.676939556740199
39.17402715516071 11.790939412031559 8.337124675105853
37.777818807300505 5.716284295684367 7.033571527616775
37.80993202276453 0.07868008627389925 8.82551694061187
33.00788239381429 5.883957763060423 6.293535069093551
46.94541285253616 0.2056146828767042 11.299657690610113
45.820186387443975 0.38852604581253963 13.172649428343393
41.18850051187352 3.7439809913342432 7.156194599977972
48.66136931828775 8.413111789751392 10.594200222695417
41.000401642166686 12.48716382791643 7.2253883233498755
41.583721467076415 10.341923311171925 6.936559814904031
47.681980038031725 8.88805650760664 10.651855694543128
43.36134150246443 0.2410938367454803 9.428941325041343
45.42671686828994 2.8898544100948036 11.957069047368634
48.317684565006424 7.306745109087314 8.372581442033992
43.16046870230401 9.371921212084528 12.390539590002845
47.26885644653486 7.128250607201843 8.558321288606695
47.645867505535485 2.1252576319385468 11.162409405195707
42.93653970539878 10.912850013504828 12.969066499704416
44.05203279661496 11.854156509835848 10.243696207373633
44.94478687149314 1.9157689582090773 11.87339700400167
45.15312688263539 7.79220966765254 7.640449277250106
47.859854887532144 1.087391038769571 10.953981155897885
44.87231402014493 1.9584508250131947 10.786646828549614
44.559202882105964 10.32226325543887 12.667541852326726
41.54187460907494 2.437440067920006 7.641801672609951
44.12072971428601 5.690963290223052 6.797697030319439
44.828572566704715 4.250932865311446 8.425068337580791
46.17675089684869 9.47759785217517 8.737045437305989
46.16105675118519 11.390793420690645 10.528529983561958
42.2736134146475 4.545744091023614 7.332513148311266
46.53214405556083 4.05275365067693 9.738816087963631
45.55675323709059 9.154929522096957 7.513103781712548
46.13695652913007 3.706525938508463 8.493072759856235
46.024021498874276 2.339127962538511 8.202858429474905
46.80679196028678 4.293438343819689 7.462271622172306
43.66628644973575 9.835259191711662 10.095999638606813
43.85330924119375 1.8914770728236547 7.6729983062537865
44.515959367022575 10.04967830062121 7.333038714084595
43.36729232712824 10.648149393166202 10.757748862842517
42.296995912622975 10.807727969220544 10.62698088614625
43.55473156532673 10.378070652961734 12.247991011412546
43.97742834738635 1.871707228725242 12.373772912855271
48.85762338417039 0.5154797462070061 10.27934208414659
48.97328568364269 6.79489831599608 7.36211133735606
46.46673808348292 9.33700726434356 6.446843430203906
41.983305941368826 9.441196156347619 6.4944932585452655
48.54642542224828 6.357458263100819 6.558036392254997
45.43333740140228 12.041280879410603 10.066263162500462
48.68223375878095 7.602939828107539 11.323093951589264
41.92387053788918 11.591035317903653 6.6362638413966195
45.69327594628561 0.47183252036668444 12.093272861983356
49.10733000266081 7.875912311777211 9.233651303334959
49.06828571344417 11.455342428958486 7.9470102585445845
43.774946652632586 12.394338068190129 6.290247368257729
32.06297317234648 8.315530208430568 13.787867661516245
31.160662585855082 10.450584956944171 14.629216366556998
32.22382072487955 2.5035374897648204 13.391296691668838
30.43177356319354 2.502869634740351 13.9500322551177
31.824578283205 10.406348547795714 13.765874553200828
32.77728667169102 10.832894916898237 14.079729490434037
25.789950882496825 13.469999499058428 -3.3499999010987924
25.789950376306475 16.308682936344187 -3.349999980855566
27.019039748515638 15.599413035873576 -3.3499999205319653
27.019044317744893 14.180520421556896 -3.349999903607044
28.24095566103018 13.4694795515318 -3.349999909888468
28.24095977748515 16.309196328044962 -3.3499999360087385
29.47005006437743 15.599935137905108 -3.3499999348255596
29.47004911364163 14.180000478618076 -3.349999919484979
30.700000007658208 13.470030692242153 -3.3499999051294607
30.70000001223877 16.30865189583895 -3.3499999202083552
31.929949958317426 15.599935139222735 -3.349999914616598
31.929950902237394 14.18000048732759 -3.34999990712342
25.789950365428208 17.72131705714355 -3.349999945885412
25.789950893016055 20.560006194013127 -3.3499999402435643
27.019044363073426 19.84947979638786 -3.349999943754467
27.019039767659734 18.43058698944391 -3.3499999210408973
25.789950782006358 21.979991360961613 -3.350000147540549
25.789945964017637 24.810544368903255 -3.350000150749132
27.01900530993037 24.108918200431305 -3.3500001132839765
27.01904453175181 22.69046343955541 -3.3499999411385972
28.240959779275563 17.720803684789836 -3.3499999504456035
28.240955652143192 20.560526367962925 -3.350000366081256
29.470049139769827 19.849999752835757 -3.3500007689190814
29.470050096448116 18.430064821865475 -3.35000026163645
30.70000001337872 17.721348137336392 -3.3499999148146786
30.70000004329527 20.559974985750518 -3.3500001597754094
31.929950902799973 19.84999974643809 -3.350000071613816
31.929949944754622 18.430064884017817 -3.3500000384036435
28.240955981963264 21.979471101443156 -3.350000053443545
28.240994688352774 24.811081795814644 -3.34999997659041
29.470054058888206 24.109455639408257 -3.349999893083754
29.47004909619745 22.689945735204496 -3.3499999369565803
30.700000007200355 21.980022637762453 -3.349999909123155
30.700000004899277 24.81051016848283 -3.349999897630563
31.92994596078403 24.10945564570806 -3.34999987896344
31.92995091107406 22.689945728595298 -3.34999985779905
24.56000000381631 14.179969283063318 -3.349999916722932
33.15904434777901 13.46947956205782 -3.349999891168385
33.15904024238853 16.30919632903579 -3.34999988772858
34.38096024124357 15.599413055339559 -3.3499999613510125
34.38095566410202 14.180520430295143 -3.3500000284951104
35.61004907292874 13.46999952648183 -3.350000141082712
35.61004964153489 16.30868294878065 -3.349999935944888
36.839999995398685 15.5999668462081 -3.3499998746743898
36.83999999825213 14.17996936104789 -3.3500001644394253
38.06995090661848 13.469999519565313 -3.3500000292607823
38.069950336805334 16.30868292874317 -3.3499998712034618
39.29903973928941 15.599413033072377 -3.349999891915032
39.29904430901602 14.180520435611292 -3.3499998796832866
40.52095565305928 13.469479566518372 -3.349999904035875
40.52095977244907 16.309196321809548 -3.3499999224137014
33.159040233731574 17.720803685365656 -3.349999882186668
33.15904432244266 20.560526379614675 -3.349999920794632
34.38095564429496 19.849479805905595 -3.349999874749262
34.38096023776781 18.430586980608 -3.349999878432728
33.15904403730677 21.979471060330283 -3.3499998517579077
33.159005339614836 24.811081773797387 -3.349999930850003
34.38099471369672 24.10891818913411 -3.3499999545745096
34.3809555004639 22.690463461318203 -3.349999848459826
35.61004963327748 17.721317044530327 -3.3499998845462886
35.610049102630796 20.560006201988514 -3.349999938286069
36.839999986633494 19.850030909835926 -3.3499999977651806
36.83999999537965 18.43003317037314 -3.349999892860873
38.06995034393158 17.721317056733195 -3.349999888244853
38.069950933173 20.560006090544533 -3.350000419354778
39.29904435552188 19.849479810798893 -3.349999891131298
39.2990397500492 18.430586994601203 -3.3499999044033855
40.52095978059764 17.720803684946997 -3.3499999160581595
40.52095567355528 20.560526381142253 -3.349999883279857
35.61004919333981 21.97999136451651 -3.3500001391076637
35.61005407323366 24.810544336409695 -3.3499999809974588
36.839999927167106 24.109489856594305 -3.3500002178041264
36.83999996683556 22.689914898509965 -3.3500004359842683
38.06995081925697 21.979991452659554 -3.3500009652879523
38.06994589993626 24.810544455773442 -3.3500004761353717
39.299005389763835 24.1089182242449 -3.350000142082928
39.29904456024717 22.690463467312245 -3.350000084422967
40.520955939256076 21.97947105574219 -3.349999937460076
40.52099464876813 24.811081773786274 -3.3499998774711273
38.14874781605045 23.91806672874176 -0.9213964416084197
45.439044030528564 21.97947104881417 -3.349999963292861
41.75005005568202 15.599935138353748 -3.349999935565223
41.75004910176089 14.180000493373655 -3.3499999201700223
42.97999998162348 24.81051014839657 -3.349999961709539
42.97999999704945 13.470030709497664 -3.349999923583008
42.979999998005404 16.308651889454154 -3.349999919891898
44.20994994524415 15.599935139797584 -3.3499999220001953
44.20995089608857 14.180000493067787 -3.3499999292811946
45.43904434685889 13.469479549740523 -3.3499999353588383
45.43904022595688 16.30919632608583 -3.349999924716606
46.66096024545213 15.599413048390774 -3.3500000266209993
46.660955682366186 14.180520420140533 -3.349999971881795
47.890049105558916 13.46999950412374 -3.3499999312987647
47.89004964328237 16.308682947250748 -3.3499999181169695
44.2099509144426 22.689945738687044 -3.3499998987341897
41.75004909225949 19.849999741510118 -3.3499999231894706
41.75005005821393 18.430064887352966 -3.349999946047123
41.75005403278022 24.109455658358527 -3.3499999031493735
41.75004909020096 22.689945741619916 -3.3500000869048705
45.43900534283633 24.811081770351823 -3.349999903643961
46.660994675811544 24.108918186091824 -3.3500000269807906
47.890049199724544 21.979991363040938 -3.35000003685452
46.6609556534056 19.849479808525395 -3.3499998873434222
42.97999999577943 20.559974944138073 -3.3499998905370756
42.97999999820538 17.72134812462842 -3.349999940059752
44.209950897933 19.849999729267605 -3.349999892816312
44.20994595320282 24.109455643683102 -3.3499999111103573
47.89005410516266 24.810544336259 -3.3500000908375274
47.890049628058286 17.721317039587277 -3.350000062924133
45.43904432101136 20.560526370403434 -3.349999887660351
46.66096023768252 18.430586984452027 -3.3499999276547454
46.66095552550967 22.690463447254665 -3.3499999982654116
45.43904022380529 17.72080368399275 -3.3499999075055573
44.20994994041523 18.430064892304546 -3.349999915663263
47.89004912319374 20.560006198008292 -3.349999897171628
42.979999997031136 21.980022635228607 -3.349999899043097
49.11999999889213 15.59996685641084 -3.3499999242554814
49.119999998178905 24.10948983567894 -3.35000003184636
32.101859375778844 12.896263052758929 -0.4536597164415179
27.628736646572474 21.09705356483863 -0.7308294834717266
25.84412569443693 20.440141731291124 1.6544857516601352
25.230687863304038 24.430907839636557 -0.419904492131119
26.15241242997946 21.831497074434562 4.563181627276749
29.426950434221684 23.05546966797019 -0.0710064398987531
29.232255955301643 18.89659848202314 -0.7667699777748271
28.3424256937379 24.089488702431687 5.0937611352328185
28.590552653305714 17.94881942094877 2.9883249086324892
29.446130918252994 21.450871695511236 4.208754152787261
30.696027869563043 20.29570086515956 -0.1256303215767396
29.37256527062804 19.883736207475156 -0.35171286498182575
28.65911653619254 20.974108091035593 -0.43149406376809085
29.658447754650542 18.35831542076747 3.782502086238072
30.560807631309697 21.52314121724808 0.36649208301577474
32.031699508076315 15.346561452189912 1.3489426511944724
31.746595462068324 17.416606957004028 4.464671396362409
31.98704486490718 19.538777570787186 -0.05027751859874696
32.50788227376978 16.00583593047093 0.23136560652032512
31.38522752320766 22.20863958719899 0.49619877674405566
30.32791573357699 21.52732734994153 4.827632228182935
29.49239297500211 22.05107664609956 0.012730835160026377
28.622219401645957 14.424271174474681 2.5798450235807446
27.350703407928457 17.83086954441049 3.7126248807263917
28.835962568306996 16.685033385876935 2.3927385842764712
28.32382490408316 18.787326394016624 1.9264367183739162
31.92450639349563 23.818803911397687 2.259949826369221
30.56359657774973 21.009977087991704 6.028922640715476
31.389987231160326 22.368700310502646 4.521906118960684
26.905480401824025 21.625174044261115 3.8170452879138317
26.296997107678973 22.504786567558998 5.644298089765129
26.211686328614547 14.753899010340009 3.29271790177868
25.486597568095306 14.135479889212514 4.216712965744836
30.4563349681837 15.703173912695265 5.325274460963421
24.916962276007983 15.182064740942796 4.848505041418123
25.427641131810827 17.391003059415546 0.2771613282108665
26.3107622690466 24.619577626026814 0.39213007043161774
27.410049628803975 24.14923474230812 -0.3288073814002368
26.272101692286398 23.938003508808645 1.6243159548019492
28.53601544390714 16.464690995767757 6.189146761613258
31.08323914529292 24.65925792354364 1.5489305674463583
30.76496918607389 14.7834306361165 1.1694351763347521
31.33674664214676 24.47988792803929 0.18290679271696697
25.66343420983978 19.328980624127524 2.919130257947181
24.816921192682816 21.640126249912928 4.2830881995870715
31.63919896858658 18.96997867866876 2.039874763685481
27.206571523075564 22.76156239871017 6.0004449068669485
31.895508162708133 18.57021939050267 -0.5418221084340724
26.16767201359877 13.282889742621318 4.981170813565733
29.7726934552953 24.366704645234798 1.9749973279856536
32.152141358653765 22.392570887361355 5.6008814630980055
32.00658409963494 16.222763652109172 2.4488540795447653
25.07611905077846 19.995069511214226 2.287080814985991
28.43906082258636 14.54255933374875 5.162689667945292
31.331403820911675 23.036019346895937 3.7660269700993942
32.47416277490858 19.25779734437066 1.4010509555922035
24.88026312114435 25.093514891952456 4.237237429428116
27.47395735293269 13.41815655704281 0.8780600259768423
30.321491248523035 24.551675386499415 5.999190160606767
27.195899923814007 25.17182570423639 3.2802602641763956
26.32827853282666 17.421465415654193 5.97371907607057
32.25319351672559 13.753724182355523 4.063384233993864
29.243763502014453 15.351868507549243 5.978691898760743
29.592688769596567 12.768907900893506 0.5910485886087968
25.06528853023205 22.625357389248794 6.214142444722675
38.1631667052096 13.620741550038142 6.237832680647566
35.39672845059423 12.853832148747358 0.44208303121263226
33.00889134047503 20.070735950822286 1.8922700343831067
37.49616419913959 13.57569006168973 -0.5594908772076157
34.260642492626666 13.412738057106388 4.008386117104525
32.86642659257304 20.03747969729886 -0.4578115249345205
32.96147410490454 14.352827471929725 1.5663399077803863
38.12920841804196 13.765753679009423 1.0732136345256038
37.22619775470137 13.828106457810621 0.46593785398034604
34.042500089932496 25.210287798119477 5.020999837231056
35.06450504700249 15.159112357146414 -0.5656770866997263
33.17380421155833 18.42198625421043 1.3963946021279494
34.987274286339 17.732084473066134 0.3290662485828777
33.27306778090293 19.108634207515284 4.806505294463523
33.32172421259263 16.170369806197247 5.60077438850529
36.536709811191244 24.906215683484184 0.021519371278487798
38.27457550190418 24.11335390094972 0.8246343421027125
38.31501406287138 15.984047088559038 2.110940162210345
35.256238440928854 20.015612651342842 4.0372903120775465
37.178251456785965 21.637488031008406 1.6887507494659892
34.64753257786993 17.88212877305148 3.48843146848448
40.00262423387217 18.462264403722433 4.3763563516774795
34.59061512927109 18.877307736412888 4.480000794865443
37.972344651252385 17.54502780607391 4.2757547052677625
35.1762199232692 18.434298737970472 5.622999986902606
37.51321792542971 18.160669774419794 1.4050631003623204
37.01379306716318 17.349580758806354 1.069191965373243
35.591048079363226 23.985553312927827 0.09401239111020532
35.832077059477015 22.95288857987371 0.2987282420570392
35.78367015740672 17.01022101099951 0.43426491054920024
36.21052777347669 19.999436213169847 0.46663593466847564
32.94314133097511 13.030722829511841 4.2094700217061
37.5433583941925 16.19270505716061 1.3847105972482787
36.24636059713389 16.355353448546282 5.196375979609731
35.74579429358426 15.747790870022815 0.030730970657693035
38.66317400534307 13.968852279710342 4.9673166917941325
36.974528644373905 15.304571534714874 0.5423381399838223
37.43830026599657 20.699426500367824 0.643172683838934
38.39198170247359 19.80125261183116 1.0410727949322462
37.74179052856424 21.306702884962224 -0.5369697561206377
37.2143768961956 21.79554707277811 3.8856405461213406
39.973979708008045 24.127965664143833 4.40272288933568
38.729835580409336 18.58909169311491 4.7307289882023085
38.4716274886374 18.685661518849766 6.074668921319196
39.275865651425114 23.054479209749562 3.8801911337431716
38.20948001203579 19.709943706477695 4.090046016313924
37.61967437222237 14.666511334598418 4.342197945898997
37.99593435141364 24.61839086530343 -0.10024228466249174
40.37729489482654 23.99814265294367 5.70995050420509
39.061877229021455 25.18246174576484 4.401052337625286
33.52203351642347 24.203585842845666 0.7302064019890153
35.643461574178616 24.419609250058826 3.60510272552799
34.36079048734039 24.53366841924064 0.27453959774769165
34.61786736507204 14.410596385708537 3.8008550437177444
39.27327845745316 21.309645821373056 6.012173140179095
38.97947130683959 12.827130802019722 4.2308845031640585
39.7983667779592 14.763762771902924 5.021527252586684
40.42885158394526 21.096488746294067 1.2707518112709604
33.14632906339602 22.814417623387882 5.594869930924667
40.567421770574114 14.060754788381768 0.37482851164115427
40.471312013620874 23.08106109743759 0.6188283702032882
36.208133183558935 12.82440092761138 2.165706759916758
35.306196013528115 25.46108601509878 4.394614832729765
47.62910917941594 13.473272551218697 5.8791938593549435
41.05487359189584 18.925128796182353 -0.12912630595260932
41.10359514182006 24.446693926672307 3.6422564812310663
43.13188289330355 13.400490250998457 3.929398920204674
41.683902419303465 16.55345000006286 6.148145359476319
42.45248096336958 13.012317864216095 4.688236989572678
41.40401001512824 22.645814047698014 -0.6608533776060921
42.28519166554121 23.254745929125143 0.6769532210979956
46.05314717226169 22.57766307925222 -0.6175135001510657
47.02808730828912 16.710715598118206 3.80122536776226
44.26713293351522 21.208600657108278 1.095270980541877
44.25594096644186 23.671823813531944 4.8451629436486225
42.190563207977746 13.937671850048847 5.201285808069277
43.7492432614313 20.3447125815786 0.7055432801677664
41.59826780790755 16.012209160167032 0.12076727434169765
48.2641827204027 18.702302722315505 1.0756557851281145
47.39194878927725 13.553514161324669 0.4062120115542456
45.609590505131024 14.461146544320728 -0.5047209799033014
48.89242371914942 18.592943880916255 5.83053457250789
44.72421380814605 18.081097539809743 3.5988351952504702
48.08070373125333 21.461967552142006 -0.34343902577636976
41.610570763662395 14.838784022751932 0.7451470527615967
45.192959942176984 13.097595732248081 1.9981054499192274
47.34573927754311 24.674582037282782 -0.6948751388481045
47.942977897572725 13.777695330645814 1.3195628344325327
43.099414364754324 18.323165721587884 0.15151816401703377
42.06956389975622 19.158987960539523 0.15742817451135593
41.48455195364175 15.05194874848608 2.1187163058889724
46.286623926562875 14.84330578249564 4.437586619450951
42.77634549313241 14.19793462962264 0.39911200526408286
41.75817841647809 21.690450093836734 2.2620606802188306
45.26719818598644 19.35926877026911 3.6282356450295117
46.353447371980046 23.328528376516555 5.519548223812157
42.93654128567858 17.32947179774334 0.2299065930971278
42.39612968881327 20.33965704556831 0.700809747928377
41.52272517357128 16.560849641704095 3.916374384274425
41.43276992962312 21.36669367200538 5.730049599976662
48.032873505083145 18.4021029375128 -0.2437165765165683
41.595299530853524 21.596977648470343 4.68747901784311
46.68347914802052 14.623670756333881 5.796338716279406
45.89244724945736 24.42360593041608 3.5600786427599527
46.1756771833843 23.228531307408794 0.24819831446143636
45.073212970248186 17.417399116171723 4.825727926328767
45.37728767491378 23.922457293654983 0.511144922205502
45.091825518350284 17.189089055531287 2.518055685252485
45.61822080867898 22.194838085204637 3.693988364720534
44.22456858206083 19.134436845232603 0.31603437359984166
41.43820046454086 22.61535560819313 0.4281844070739327
47.465646168995704 24.63988120279778 1.0621141535261713
46.423773862375754 14.798020357544686 0.13693429733073303
47.222509785835165 15.863655195685869 6.161997805283967
43.339430421450054 18.292060420099613 3.5688138301855235
41.486557632998306 21.359612676716903 1.259629259324222
47.96507739147377 17.71870438730122 1.952591241765529
45.21056511190632 18.7178157888948 0.17237596435255909
46.14487150570009 15.366842331549549 1.0239264266295178
48.11695944432323 13.293158072762658 -0.3649392435369547
47.46540052651195 24.018007241334956 0.1669199198331761
47.011605120608905 20.655511404460096 4.427083832750215
47.4374645252707 19.776052475397947 1.3418658803702843
47.48239562071046 18.57104727587665 5.829131597254586
46.86345988559367 15.562414289377603 -0.5037513649233627
46.257045699846564 22.63825503652454 1.1609157342783882
45.55207605908611 23.43350678793047 4.37611714987899
48.77683889316647 23.363481368589643 -0.09291846969888273
48.99642481882682 22.028667249567814 -0.2615467633825186
29.016379044759095 17.864107545454303 10.046817351449732
30.153322288030925 22.180681694865925 11.291110777692454
30.25987637913505 23.039707750956644 10.191956182648719
29.645033091696966 16.825624897063843 11.897026275650227
31.164770253560967 21.310156974783265 11.095184017169009
29.586193857094408 18.007143744468152 11.274510859411553
28.954952794748635 21.560134102194354 11.154102664021796
31.613731125658802 14.367782070982656 8.766584546596608
29.06881466295447 15.871179111301744 10.984777716927189
28.793768126731493 16.52827040606838 9.8584564533348
29.909290079041146 18.944026786159345 11.703764860589539
27.92900180538513 22.685364262952522 9.460157017298595
28.98052334469025 18.51232617142589 9.273107469363845
27.25103903404871 20.030350591042772 8.221867005170914
28.354272587442292 16.149267521095545 8.947632384768943
26.456636000873832 21.14398172127598 8.105177236493862
28.442154527286505 20.423528186292835 8.777334361914864
30.029595054907308 22.91459893045322 12.445098952767147
26.696421076758163 19.108924317001623 9.08746950827666
28.922116846801035 23.399480186422654 7.226096363273196
27.541562954789853 19.499957997435068 7.009033091455183
26.37417410864204 14.262124059418944 7.79257580798128
29.519754231828934 14.64278811475981 7.162935936858502
28.97278493533777 14.802415872782289 11.106939212339473
25.546369088400766 16.27061277545156 7.786476736240906
25.391244403618202 15.004886259083724 8.37972182604419
26.08855353783546 24.321626206255697 8.782013400001995
32.29809885531183 21.443652872459438 7.899068181996394
31.444761969804052 16.32988019018367 13.029814293414967
31.990463030250282 14.13423130103091 11.458373865340082
31.664713253225514 21.68203097154484 6.60121270615189
32.40450876830351 25.092627938717655 9.22373770234919
26.240014093609798 25.29508691235421 9.699145791381255
27.452968268912603 24.966955963614943 10.264056955376944
29.56967344851942 13.173295305931745 9.74178755718283
31.500597285557618 21.500167774388498 8.639944226046488
30.369025070186886 16.450209913033227 13.15791925927676
24.91005824450569 23.12965521756928 7.156473203378033
31.915240492096768 19.300645351550905 7.8810278404143475
25.426278841855158 15.06183147477808 9.75572698970402
31.58511199210612 25.172798270093036 9.922709548051849
25.143568445427825 25.22945061913454 10.588471342135973
32.413747731469655 25.513848970254323 7.993478912112728
30.148197951535728 20.22312412833096 6.641055307025857
32.72457489348265 19.99902199399722 8.093978285608022
32.60607088436774 25.09981673511616 12.239043701344134
29.053619437553394 24.388661199014873 6.267848079758345
33.02016122581204 22.22794053215866 8.126265894285806
40.21841762407465 21.157400176163847 6.334094278346047
33.01240650260637 19.911368519941274 9.141627956656276
33.621301115274505 19.792899654785145 7.50960198189256
33.84627166220592 24.22612629335062 13.011085260659225
33.59679066397534 25.348692497491804 7.483231256014325
34.32690160627206 24.86184980800362 8.436529418965794
35.299691561869835 24.47913120985535 8.165224835711513
33.691158486910226 24.730789274453155 9.54866858946937
33.83958886096808 15.400749906363602 11.96343318415843
33.64177640129727 14.096267127850728 10.14976564266114
34.08262858868991 24.12132087040943 10.890584256842509
33.38957518788412 14.139361049804183 11.487236717935867
32.91080168614214 14.487511938881882 6.98207714059115
37.013756118516355 18.884901176981284 7.741995083360855
37.49038630519057 23.582706652984534 7.731782380650793
36.54643140327922 13.452028817633076 9.985668461304302
35.565115439683915 16.096815019992956 10.546076637953727
36.64791950807171 21.56236918430016 8.30185970467479
35.83252124011067 17.801542786084877 9.285313187832022
36.19663012035569 16.61429184810961 9.839106383670948
36.90680358771088 18.163482315797225 8.440719623404139
37.79343517511293 17.158632871414962 8.478592657562357
38.77667609741602 17.30281935742898 8.055688950021759
38.22995177383655 14.509330594979206 8.456108056098149
39.11672221158822 15.237551770795347 9.792493215006463
37.48967279385507 13.86404339152445 10.34433218947655
38.1241624839412 14.945746347838792 9.449309907125187
37.35239710056897 16.16506825647131 9.180797323232579
36.80136006961473 22.490101451036463 7.285070676657616
35.63685606132453 22.844644202719824 6.724388755819156
37.100218518272236 14.368898182836052 11.228383662491066
34.916962619412445 18.3404112526123 9.47966644305643
33.67306455483335 24.890025993754463 12.164128068283409
33.832854235470776 13.062365875878235 12.258885156805007
33.596654274008294 23.147584560250472 10.951956596754405
40.46824598850962 20.757733708242206 7.50172949606791
39.78227214918211 20.309163571141188 8.20502511229919
33.091287811006836 16.616592356622853 7.704263976664864
40.8567090313369 19.55373611019583 10.372721601102244
34.97171230855076 15.664793533416928 6.9347549034908385
33.63837365151512 15.690772977223899 6.790728751908183
35.14715699782115 23.974533742333115 11.073156996951617
38.12024603551958 12.983376182036425 10.46640861358007
33.83501225855995 25.45754689053225 6.50778202983214
37.58342450664528 21.946954237877765 6.253497821696677
43.430003497590455 12.844455227052904 9.748239234872791
42.35886739799969 12.982262407286514 9.739484974207919
41.07881799601098 13.559265214801082 7.1212274313011275
41.17955952915905 21.213180435363743 11.023033547104081
45.672210050044 21.64891989709448 8.658862785247116
46.498509722487086 16.836123007006336 9.431447784511189
46.75671731804985 19.71701059168899 9.0407942688457
41.59752718334957 20.33882467249365 10.524129708580324
48.199370735330675 23.48985492302019 10.042807498578105
46.41526972021248 13.754808751714883 8.934418291212738
45.58402610144928 13.236765997399901 9.3894630702515
42.35050443325035 19.90449539772559 11.181764365647926
41.15782336602362 17.66600343109522 8.058780264992908
42.854740648492196 19.55316754770131 9.04794863056445
45.56003201813305 14.470482182029608 6.634276749637783
43.22206271402944 16.803950363723278 7.738829365233235
47.37534349228776 23.80437748448813 7.997358692176508
43.43631136120923 21.353955454975196 6.637330866473155
42.36831262474569 21.21305160043898 6.714303605774652
41.53783041736129 15.390988902373751 8.124537750337064
41.71380346806505 21.044697219628638 7.903487134897881
46.724289915415255 20.862040739454525 6.949440491683875
44.953456882842865 19.63464765863621 7.704291164329071
42.415444378726455 20.540459253497442 9.190685718489561
44.322538057166625 13.629775568354027 9.166018798335095
43.230702612511536 21.25268980536512 9.31789284946062
41.90594204618164 16.640108529976555 7.522677467339845
47.80626247102426 17.623919517594455 11.12906347130046
45.35516212606747 17.338460856769 7.2633202759571835
43.89906223166473 14.341591464189262 8.58801676065388
48.71099955326958 16.766461191248514 9.275392153569385
47.58249020127732 15.439220163517694 10.859679509508934
48.9050069600974 19.21492547935959 9.998481689985663
45.99609323082191 20.479575692535477 8.121957545070954
47.61413202680099 16.652364682784736 10.177889940690681
30.046419768868066 17.475518730953475 14.332341610810193
30.54891434977285 17.339944230353634 15.290056991802096
29.957924204083444 15.483555831806836 13.448910609836727
30.38385058121232 18.44317534588403 13.961018136694994
28.99593354922002 17.62573538065021 14.581367032295724
25.78995090915628 26.230054256310225 -3.3499999024171077
25.789950882097163 29.070000253645773 -3.349999960793877
27.0190443218874 28.35947359388171 -3.3499999823119997
27.019044026489052 26.940528940578755 -3.3499998944028055
25.789949915201674 30.489935131625952 -3.349999987021841
25.78994994696729 33.320064884275304 -3.3499999108142275
27.019040225096372 32.61080367368614 -3.3499998992153768
27.019040223898315 31.19919638634245 -3.3500000603311006
28.240955476375554 26.22953655378918 -3.3499999235346536
28.24095569729539 29.07052017472757 -3.3500001235945023
29.470049129521545 28.359993845718904 -3.3500001552566836
29.470049240508988 26.940008625273936 -3.350000058354581
30.70000000129592 26.230085182011265 -3.349999943974573
30.700000000664737 29.06996908473834 -3.349999943090091
31.92995088974367 28.359993812179173 -3.3499999024561014
31.929950789533525 26.94000864935994 -3.3499999319361895
28.24096032899957 30.48941306217985 -3.350000121991985
28.240960235469732 33.3205869722592 -3.34999990465888
29.47004962823293 32.611317040547604 -3.3499999130119673
29.470049635540544 31.198682925633157 -3.349999877370945
30.699999994025433 30.489966821363275 -3.349999878542498
30.700000007224034 33.320033155926545 -3.349999925003544
31.92995038906282 32.61131705109473 -3.3499998953753343
31.929950349992524 31.198682942593017 -3.3499999053280316
25.7899508990934 34.73999973333438 -3.349999930283789
25.78995092161788 37.57994574644426 -3.3499998899264325
27.019044032776403 36.86947106811432 -3.3499998719818738
27.019044317994577 35.45052638772273 -3.349999984621812
28.24095563873145 34.739479803956165 -3.349999916013202
28.240955475921105 37.58046344303221 -3.3499998825322477
29.470049212840816 36.86999136289884 -3.349999891090568
29.470049101101935 35.45000620608591 -3.3499999000391045
30.70000000140211 34.740030929054505 -3.3499999198307284
30.699999985064036 37.57991481770622 -3.349999902418542
31.92995077592567 36.86999135018416 -3.3499999091052057
31.929950907554304 35.45000618867929 -3.349999907159733
24.560000001996563 36.87002265737847 -3.350000014513821
24.560000003119065 31.19865187984651 -3.3499999135398295
24.560000025141193 26.9399773479481 -3.350000054113149
27.18002705058562 29.88584613937179 -0.9608861181052497
33.15904454024925 26.229536552227056 -3.3499998775550397
33.15904435751243 29.070520175926024 -3.349999913113131
34.38095569056783 28.35947361276605 -3.3499998915016773
34.38095600029662 26.940528926759 -3.349999850514125
33.15903958477864 30.48941293782594 -3.3500005489158635
33.159039773793324 33.32058698327385 -3.3499998844444456
34.38095971024514 32.61080372067914 -3.3500003882523934
34.380959936434806 31.199196457905288 -3.3500014116601404
35.61004910079997 26.230054234902855 -3.3499999219301166
35.610049101981424 29.070000237091715 -3.3500001337416374
36.840000005432586 28.360025022461706 -3.349999879109787
36.839999989564 26.93997733666441 -3.3499998614631323
38.069950812483626 26.230054218973986 -3.350000207310563
38.06995089077105 29.070000263927955 -3.3499998683978163
39.299044301616085 28.359473631754714 -3.349999886057117
39.29904406196219 26.940528969216444 -3.350000213114499
40.520955470977405 26.22953654763108 -3.349999920721156
40.52095562607373 29.07052020143511 -3.3499999122687365
35.61005013862355 30.489935126998642 -3.3500001170310467
35.61005013360227 33.320064912446604 -3.350000688284469
36.84000002072533 32.61134811886283 -3.3499999401932845
36.839999993876106 31.19865189256711 -3.3499998699282543
38.06994992973962 30.489935114780156 -3.349999873476357
38.06994991217764 33.320064904916556 -3.3499999516525825
39.29904023447094 32.610803689500926 -3.3500000672378514
39.299040217456444 31.199196313420995 -3.3499999167927275
40.520960231009205 30.48941302661699 -3.3499998935141893
40.520960238062365 33.320586955656175 -3.3499999112725587
33.15904436395321 34.73947977848891 -3.3499999324931364
33.15904453037691 37.580463428100174 -3.3499999222790553
34.380955975839846 36.869471032824215 -3.349999949826298
34.3809556299239 35.4505264335013 -3.3500005189925997
35.610049192497016 34.73999974293375 -3.3500005927783096
35.61004914539241 37.57994563274675 -3.3500002525396977
36.839999992033775 36.870022610424094 -3.349999872430258
36.84000000793659 35.449974952686006 -3.3499999335801913
38.069950839910305 34.73999969780052 -3.349999948640854
38.06995089919654 37.57994572788477 -3.3499998977675305
39.29904401600365 36.86947110211781 -3.3499999820045834
39.299044147922 35.450526418849186 -3.350001181366573
40.520955771173064 34.73947970079513 -3.3500005826537285
40.5209554759908 37.5804634350744 -3.349999895699831
35.185821903137246 38.2703257151452 -0.8735654133265702
41.750049102656256 28.35999380680307 -3.3499999065140793
41.75004920929521 26.940008648367904 -3.349999899973631
41.75004963205063 32.611317060181875 -3.3499998848586685
41.750049632045545 31.198682947892937 -3.3499998888536844
42.979999965124776 26.23008519925298 -3.3500000632084106
42.97999999850006 29.06996908199125 -3.3499999029740546
44.20995088611044 28.359993820245133 -3.3499999106297365
44.209950776889954 26.94000866665518 -3.3499999842604544
45.43904453173164 26.22953654431787 -3.3499999249835377
45.4390443572842 29.070520220205996 -3.3499999145093007
46.660955681974016 28.359473641258198 -3.3499999172401496
46.66095598358828 26.940528930357978 -3.3499999163936978
47.89004909858587 26.230054226149107 -3.349999923504059
47.89004908987386 29.070000279434133 -3.349999919565004
42.98000000439197 30.489966842938838 -3.3499999018172986
42.980000005411206 33.32003316352145 -3.3499998825299073
44.20995036822373 32.61131706122744 -3.349999926358814
44.20995036767759 31.198682947814103 -3.3499999675876113
45.43903974197826 30.48941301452758 -3.350000021513412
45.43903975627719 33.32058698006808 -3.349999925669449
46.66095978221952 32.61080371812755 -3.3500000645796666
46.6609597966855 31.199196300185 -3.3500001655385594
47.89005004915736 30.48993512279054 -3.3499999205465922
47.89005005348676 33.32006488565059 -3.3499998986616006
41.75004909610398 36.86999132510483 -3.3500003328622885
41.75004912496105 35.45000618081746 -3.3499999410139547
42.979999995264826 34.74003092275937 -3.3499998892752303
42.980000059852344 37.579914912551395 -3.3500004729892243
44.20995078951059 36.86999133495553 -3.3499999646874077
44.20995088247456 35.45000617927415 -3.349999903819374
45.43904435665578 34.739479780277904 -3.349999905997806
45.43904452423387 37.580463437988605 -3.3499999218140997
46.660955990735935 36.869471055609054 -3.349999909033674
46.66095568750788 35.45052635818911 -3.3499999175796136
47.89004910305129 34.73999972402385 -3.3499999066365707
47.890049114899675 37.57994575239653 -3.349999896035464
49.11999999586874 32.6113481288382 -3.3499998979067245
49.119999995435755 31.19865189160393 -3.3499999152356774
42.58346093520911 36.98475292339643 -0.924574469105861
25.863890101560354 37.89810963940948 6.061764592357068
28.096053714958312 31.803382623274562 -0.17638719694574312
26.475950452152514 31.586406370127108 0.4848049068710103
26.84834382164704 35.51347204273904 0.822334456849082
28.44687895119225 34.817364660796486 1.0727603655840534
31.100733130985684 27.01808402953813 -0.5689907904017089
28.439178153695874 27.086843048808856 -0.3646299992790958
31.946940724454127 29.392278078461977 0.2129426732221873
28.257265818521162 36.97429145942306 0.8256798341806526
29.93172876389822 30.61864017286357 1.1080886413972946
31.280929121714536 36.10705968838858 5.129928812851991
29.49522623189491 37.29877686621831 0.40929486260677606
29.165192257533555 27.86536790109892 -0.18241426132703742
28.851683491526195 29.13565981672396 0.188083010617619
30.249124549247515 36.55733191667506 0.6290599940591501
30.617520733401005 33.5836575374226 3.4497039558227804
29.941432857036766 29.72600053340043 0.5002232743226664
30.585771153222776 34.77350654746851 2.736389281733147
30.995159322385675 29.054336108701587 0.2156606903938496
31.320382105518426 32.61773084760257 2.6423571377950528
31.32560393804248 34.12131472645265 4.4937351445142815
29.351356039287957 33.11002718682854 3.730298152178416
31.35900586373708 29.462573265150116 4.7564135889965495
26.734326805886106 31.839818094010248 5.122462111143152
30.50407343351442 27.87455836662623 -0.2917744215946705
27.418843879117546 27.370662346105007 3.8244451363186824
28.337868391898567 29.555827947130243 3.2963657901968677
27.798551555887556 35.65249097537369 1.337969016030599
27.557298609193214 29.777524858771546 0.055987852137296956
27.563843600206976 35.613373850157195 2.8551856523177763
27.758191667996076 28.99369268475456 5.375844923197892
27.486292584451405 28.774583609843045 4.021832689692344
27.225197408953175 34.59933280162303 3.0676462582667363
26.18169075690614 29.22334939868569 3.9220612126089573
26.850303424903153 29.15969003692575 0.6096465397270423
27.50179897594716 31.220440316162044 0.5272743493876719
26.813088098243508 36.3503087756628 3.1404803974590942
31.45345373999461 25.934064302635175 1.9342072760912121
28.548751901534235 35.88811796628926 3.232771812827573
25.496380801727092 32.519543007212526 3.5091334869758626
27.767835869152865 31.365423050228717 1.5743198967436245
31.74324749668087 37.6682917700006 2.7066145323157076
27.110539093244622 33.92927972923315 5.792074907707664
30.677340676419213 29.137700407376045 5.542473509606517
31.377063331154805 28.272136099669126 3.7861182612388324
30.49808800461667 28.220779608893917 3.143572631567051
31.591337053117424 27.32478435229594 4.280801431382518
32.19182172193303 28.40943764594819 3.0751913662762087
30.83239656245128 30.189588908568147 4.138165339402545
25.195692933141167 36.188197702801155 4.616659695024838
26.510396106745056 25.928507387152262 0.7804931324025088
32.649961800727375 30.03867336596024 5.244649578835881
27.543970472577666 38.057070289782956 0.6019198130726244
25.084327705556966 38.222713010721165 5.372551183591908
28.981398389498775 35.31024699369444 6.178545790526956
32.220595844258675 32.227216635414855 5.574770864767905
31.38127988257506 38.281659923650366 4.672168050242899
26.47403004415514 38.05411309109972 0.7489529186000787
33.61609196730924 37.83226244008443 -0.17801987078532755
36.47679022758874 37.287752210570616 0.8061434386688748
40.446952314757574 29.626738831297637 6.155106276294063
36.67909672433222 34.94420646469596 -0.16964256826671686
36.498440308160696 27.05184673100551 -0.06642320833931681
39.93107164608316 29.72526728165833 -0.20002601279796806
32.83787680603861 31.347048200207208 5.678055615758058
38.646147777942936 26.690021586388095 -0.7969386176903226
34.93710012545434 30.747958290650303 1.326426559130155
38.86559366007624 26.40383022988512 0.7895533003681043
39.98671493616228 25.67106442518369 -0.31373189200764595
33.6594123746515 29.303498072778797 5.6855868055034176
34.13319584969583 31.368563564110524 6.140627464060464
35.89036060706793 26.171554926080937 0.08097223006264698
33.77291806769268 26.566837158540213 0.3215532046148051
35.685948312744955 29.404860783627903 -0.3652717163390329
38.10295392320382 37.619093567269026 5.471619346853473
33.09259584547467 33.04284912708383 0.6522281619406167
35.41129710098987 32.92973805910553 -0.5975890989692956
37.68212597006339 35.83137025251841 4.1944324035042975
34.58358833217628 30.02552907476003 0.18902034282050395
32.92174157809252 35.692098746906055 1.3690210788554114
33.80985702971675 33.84977732606622 0.6238860513080458
33.63680685287866 29.119702998908235 0.5854468608391028
34.04989406383859 30.90888417990977 -0.7218393879648255
34.99111311071548 33.71904690138465 -0.12797546460536213
33.73063346190669 35.13365620218021 0.9215438794415431
35.00039210692766 35.65628817429415 0.705233171830536
35.63402445695142 34.7581855431551 0.02940559850106439
36.36308829716021 30.308677879499932 2.981154217468566
35.416210493485 37.05203426700716 0.893936830822617
37.15081436392025 28.41075568688801 4.698102713529339
38.81167341595071 32.543982582098316 -0.3287684343854447
38.330760027329916 30.61876594116456 1.1944775261800977
38.97513358433971 34.53092425847048 0.8273445368838528
40.592166518777546 29.35442155178826 1.781624960843543
40.62738702643341 29.075710041919244 0.33037033262412696
38.233026517950094 30.02653242100257 2.092312487885043
38.133560702881276 37.114019282131814 4.202568139662096
39.26713463536636 29.26546493310526 2.3843479279635327
37.22016003037904 29.7782788076808 2.9163092604536143
38.91344175542655 28.432028306131112 3.4725094749557748
37.682884835425234 28.759391712272723 3.825317553769837
39.478792310163925 33.29119702216887 0.6465373288681986
39.70840421123122 27.762912903000597 3.766990834329551
39.46206856199953 34.122189967931256 3.5343513608488397
39.51859888886611 32.59329063133409 1.8949342630784738
38.196952057342436 32.49904716129753 4.808885614909013
38.22784287341627 32.679258352084666 6.13713194968258
39.42862100949192 37.1607594744714 3.80602095811906
34.60819160374683 25.88830315123988 0.2303955340782038
40.18631869931672 28.113187605929564 0.071315720597116
35.28034608846541 26.65916082385832 3.614644664789428
35.12701177068792 37.19995812361776 1.9344091428096188
34.028198290180256 35.74741157513662 5.247604423678417
40.81236943326322 33.56293340726764 0.32115965183569073
34.54305726505572 30.132343645349714 6.155885660590753
38.92502465655238 25.85708834034709 -0.15153185136017044
36.24045430377889 25.70919894948761 5.3917444271755075
40.6603734000146 37.29935241880138 0.15425109147053528
37.384202884642825 37.89630486112643 3.2576394784611162
34.648376064736304 38.091035032924204 0.057620294299260966
33.84460835211863 28.259704513680564 5.479195294275633
48.16941107252767 32.53859453923789 6.05725608703406
42.57179011038545 35.538046149250036 0.012182195466957646
46.751767567137456 34.378208188386274 -0.4240889463775721
41.771714856059326 38.25165178740609 1.8815005623734649
48.94926127539575 32.4866044753874 0.9018862817320139
48.59625231780368 27.671996232962076 1.170551056032637
41.23669926231828 36.41111820431459 1.5619022077101807
41.028084708696994 34.62117917278537 5.3641254557776294
41.11232237571399 30.278886750021645 2.0324276360412497
41.21305240673245 28.52221350045032 2.1133333774394236
42.457265924616024 38.019017050211126 3.068842487757746
44.26525514859707 34.2604215230229 -0.3092564353118865
47.847809106013564 31.749461015171086 4.200206717194128
43.59427018642656 25.903974369864105 -0.3274320615053705
47.994738487869895 26.864531440227275 5.989454789711691
41.50022175742273 37.18347808230392 0.8393261802544449
48.45411104860556 30.828583394808774 3.4565503695267017
48.05637961320578 30.488799837498053 2.5116922642435857
49.03987748925242 26.642694856719373 2.0321577298469853
43.283606194279855 34.66734719095711 5.026809230294163
46.06346873757554 26.89830728095569 2.9541441377283686
45.709533187412525 31.522954657439413 5.460866401694517
46.90031475658549 33.506024279715405 3.488960773613031
43.05992881206715 31.720289292668063 0.18022717609913586
46.6004968326851 29.537605293181983 -0.20124703047038506
42.740801296130535 25.87433888605765 4.035716134842432
48.77676904685662 36.53392291253228 5.784993122147633
42.10920494005515 34.13188761076062 4.6773571180622495
46.21825625852718 31.985871867907743 2.917536208647733
48.62333047139522 27.103124508741946 -0.11972237755028536
48.69266147560494 38.1246431284791 0.28657686492599477
47.30922066991738 28.12464444495359 1.494450213654125
41.69286484949005 34.58382332954231 3.434646835328059
43.73256781688085 36.83217001812939 0.42240615196916464
44.30634715757073 33.69734769877019 1.359231652372821
44.59236167486243 30.23700364991214 0.32077813139364086
44.10410660129711 31.449460476534124 0.1278392325970379
44.8817951946369 33.75702137290925 0.4354358907382372
45.37293342996192 37.881495321445236 3.935701759741365
45.02302903147228 32.339870954563 0.1673124588442565
43.30528555904818 29.676065935616734 3.0129900381317087
47.58289288683648 37.75943071104688 3.0761460521312243
44.60396693713219 32.67122401174262 4.708623066211643
47.153495825460375 26.96104394366322 4.88844185798858
42.110414366646374 32.72207868518334 4.706013526896086
46.80074545654074 34.22667841118773 1.3617170021348968
46.13960701060472 31.67871312059235 -0.2202456632528238
41.370826743534614 27.53014097595548 5.5306729871111955
41.64427032443883 29.034045322233897 -0.059901892110429955
44.16917937704873 29.383011108111145 0.655013798614249
43.614000204971454 29.616195985913357 5.310703524114379
45.888190509829975 30.34708102397505 -0.13985693730582227
43.44036153879633 26.422695006064473 0.9877551085869141
44.00544282065541 27.867648946584602 4.060265572229041
44.01028142841243 27.656432276107783 1.1831478620600522
42.123442272369935 26.3732391315339 1.442831575548913
45.480519762352806 29.32855672222654 3.841373702183825
42.83636209815048 37.023773811525636 3.2482219360303635
46.175413463691974 34.45283253392733 0.4980537510185923
45.13728624407285 35.8399731890806 5.6003014161567375
44.161106999480545 25.734252028917922 1.9220071541721673
48.58014866348937 31.897073788660986 5.291654520981787
42.716636646384956 36.615407442463486 0.09225793882308264
47.70105609542623 37.74615279333313 0.4862361646247948
46.2045782629512 37.270559110615096 3.00216278028869
47.08768661957082 32.1277317630249 -0.4770088103374759
46.139873033979455 35.532501871919976 0.6434875835368725
46.07506992164177 35.87742624389282 3.24871451088291
45.82368683652039 37.59292013233016 1.7531092982390684
44.159726044681975 29.22770614480613 4.099308891892789
46.67141683407954 32.47998103365458 3.776955562098742
45.65190448478608 32.47724559191384 4.937313400563731
45.97650746614911 33.15955933966267 5.722921989001963
30.043441074197155 29.170977024406607 8.894259350946495
31.058011734721806 32.506384156686664 11.557976876902757
27.398352034675806 27.49553165226806 7.270203363409822
30.101629772615574 30.024033927290194 7.815285286932136
28.49132796796933 36.51842638292688 10.41676751583745
28.680940574440196 31.993980748537286 9.067212442719487
31.3515237270704 28.87321786198659 9.294834525098322
29.783011600605757 36.90717629362055 10.085972418205069
31.00128971864224 36.09020843333988 10.329330182746446
28.222136818966383 35.72223785387503 11.095015222288726
29.335403057567753 29.884209675465282 9.814022200699346
32.22711913932261 30.883497718872558 8.905559489761831
28.841061775423338 28.72114077654494 12.138978158064305
29.419749414353838 28.029806395130997 8.516819545552085
26.607761472996966 31.070093171149583 7.667869202320329
29.38465905123024 29.18363575271278 11.424345106309175
26.672181901235852 32.95404358952089 12.332900341907639
26.286650613734476 32.533860436557745 11.055986834298581
28.299107328848258 33.780717882504845 7.6261781318707635
30.74679924842611 32.61711360880218 10.22081274121775
27.668265150867654 37.281069407367546 9.72403185826331
32.25553374166506 33.21970452811942 11.753937912495802
25.4899716974483 30.346635976081696 7.561257233201083
28.23284546466739 27.474204017966816 12.178456049436653
28.516901377056477 26.70975829783567 11.470405924529112
32.23509712087934 36.96092777991968 10.582559455728187
26.32282902361919 26.554916381114847 9.195084907969447
30.077559941271883 33.06417442124328 12.400375875863226
27.815084971378898 34.72034399092129 6.729553253686729
25.66653824391596 28.963189335576967 7.776983647766889
31.170002628880408 35.466536625403315 9.451452383622518
30.677354588392653 35.44049525605812 11.142373120661915
26.59200348149708 37.370833837674226 9.72225256135701
24.611425123607667 30.840714662789523 8.474665528411824
29.706008600758285 37.77558185945282 9.071838727652379
28.417820025386085 38.06781051358418 8.916624828479526
31.277952093887908 31.204859545101396 11.873570670682232
26.43783080736218 31.072109271660036 10.948395646980476
26.999296650248557 35.55227851541575 7.504148870210977
27.104604503833286 33.24225092537974 10.129028626766054
32.55227894713482 37.433796053157316 9.653101933708745
24.998082184863083 32.9227051999021 10.902981234931477
31.973210653201413 37.74531869052323 11.29266253093465
31.54613441973054 26.0010598558052 7.573630494207744
28.548934918709094 25.603598185599292 6.678311131795179
25.014355223202653 30.476491840390544 6.262684870494541
27.325013764208634 27.45746864143866 13.149087717381638
32.7056018996359 35.971241906776285 7.036435929998122
30.52146357785795 38.067132824220906 8.426523909112497
28.36179257674224 29.414520047506034 13.173370933860095
25.009222669838486 25.757969547361988 6.39857342620929
38.33689931141747 25.69192822574514 6.710259575760771
33.13536589720257 36.42561686827807 10.884318230701982
34.38374635718152 25.715856248429226 12.196311392348209
33.05836994078907 33.29570582823719 8.983426132275376
33.14552970257984 31.19102074962827 9.192006033921862
40.62283605677516 28.247512738490165 6.4148357877600635
33.62359671392556 32.4339764326609 9.306444929824229
33.68457082783114 29.324853485522272 9.868345333135647
33.95445296747486 30.37049048597486 9.882729142368968
36.843265650637925 36.17339180066056 6.96271282940021
35.0505729885451 31.134605445634982 10.175793529810498
34.77117749770121 34.95466115624146 7.264801696347497
34.01556667507295 35.97083828743749 6.604483179066665
37.47771065161265 28.944174143558527 9.430930644325564
37.276902965262465 34.424483696898 11.215906825328814
36.77745839629455 33.49855099271789 10.93076870110401
34.88587876577367 32.373120716413986 9.573675282281723
35.882438386287866 33.402636262895776 9.619426694703284
36.388332081149095 33.34895068405721 8.655430103279027
35.349870906548 34.352637931107736 9.663796843546205
36.01482675859586 30.891816767474836 10.597300735518328
36.80097753746595 28.952345874129428 7.3852281080406135
39.09470664835556 36.88567545979662 8.262288585232502
35.44960800845425 28.101123748013052 9.052878527431137
36.74130645015581 28.205897249433306 8.585442188785699
38.91653135386151 30.13934752706615 7.976151629688111
40.765005925346365 31.931369827702074 9.662480237254828
39.65747120136305 31.279403901236822 10.254327068270497
37.17480132134939 26.90898103969704 8.355667817301827
38.18448677464839 37.62871774643712 9.028271617534413
37.453184278357796 36.668375804038604 9.597573520698882
40.50183240719926 33.1685904021991 9.21134791329883
37.594338568932656 32.78788082911065 11.056286436959194
36.16690621214059 33.271720289871055 11.804767478325452
39.81287955579071 34.5820436806627 11.808065095302787
39.33702344307407 27.692736118771997 6.371590877442187
34.59590063973223 37.16695603652165 6.9734230278951435
38.01416336488114 34.05005448347641 6.394331238882046
35.478315237891906 29.949312653634117 6.49038854540165
40.43444009382962 37.32359135508672 12.170674595146098
37.22701782727264 31.943091268130928 6.748413097946695
40.72303361914066 35.158380486349365 11.731544069586304
39.438441427529426 32.199073839431364 6.628859578383663
34.86559680458108 32.13506537674995 6.346694957734604
42.33684753234203 31.144746525854792 6.677682168855879
48.77079276433073 36.10698711220405 8.01580457692156
41.15356633184796 28.06417077398556 7.714700228085809
41.785278043578366 31.985351999005765 10.68926664652782
48.54093347694002 35.53961467530663 6.7419988922065315
47.218145024199536 35.16730663368869 6.596028114881199
47.405381239131735 25.836238477890156 6.801574654035449
41.18374177262217 31.20640625683462 8.614375419366036
41.11438800279517 35.28816225158043 7.657285798192426
43.058824959315814 29.254731261043286 13.16824567554323
42.71787512399045 37.73586599928642 8.727621710548167
47.984251159689805 28.053596634499126 6.726209824901634
45.342513007765305 27.442064701822364 7.1718331722115085
43.28738554094996 30.46425971790182 12.022689198687821
40.98894093869369 36.44124276522993 11.88714368156451
43.01600731221408 37.912239491556214 11.813700545798028
47.58203163800519 31.392364044151922 8.419275428584486
42.146783121105926 33.58534982358431 11.08261102437558
41.89554298577827 34.52856845807384 11.34206622652652
47.33047016328517 37.52208020207881 10.17849687958165
42.80546040972093 35.4969292366385 11.300169045524509
42.299570497907084 36.64825207262145 11.628369136507962
43.83103994939414 35.31514190229184 11.014616996366616
43.641173900194154 29.463580414752215 12.270831756520199
45.04627746437893 27.896832684309533 8.105551858377657
45.66760871733946 29.078964828013902 8.542412694812034
42.93399688922202 34.35822363863161 8.369569201249483
47.03836194094184 37.363887342437856 11.5172582156247
44.554073317276654 33.52551646789123 9.581835620870716
48.027581021589306 31.075584176684806 10.677187337631684
48.040887252303385 33.217127190784126 9.877513591091349
45.10274250628541 29.42847913980739 9.690088045636058
44.048308805985656 32.492853065154286 7.62035008385883
43.33436646700991 27.410327689948595 11.413517007510144
44.0401577926289 28.56351070478258 9.893453667669123
44.19419394330855 33.73126957760022 8.293693715726503
45.54177935013659 30.21237977629411 10.28937632503938
43.275730298208536 28.46643095701038 11.150253471906895
46.799151113959475 35.131093766090935 9.5934005812583
48.34235901713052 31.811522176354853 9.534130826043521
44.0003350349955 27.673926089321373 8.925478959938504
44.72583969420816 29.484058839422378 12.376570822124444
42.22768098612124 28.70802513972873 10.973265081278768
43.182942942296606 26.96885767459347 8.891586525964097
46.52528426182979 36.11326295745293 11.652737223943715
44.99251204780245 34.661887712846784 7.697534460690071
46.32276979907766 29.621283832715243 7.997661325749087
48.366799517508476 37.16282917155811 11.946202418434396
42.639213438598155 37.14563651464405 6.556342127258571
43.36401959756507 37.8961493774724 7.460398104408082
44.5904187234564 37.25159849201863 7.489119731581415
43.51403022464209 38.18903645794749 10.884476881413681
43.773633104293715 37.86236911730916 12.595759434614822
27.425917894844275 29.550760349947797 15.631374126554443
27.446393959220845 28.69107831421658 13.797979748405444
26.195828880884218 30.101134117521088 14.49710655792649
25.52973738034377 28.388940558218128 15.65953022724419
25.139215384854296 27.606521188757252 15.008828681751359
25.993944800565778 27.83715758997594 16.476932837311928
24.68264460672279 28.91075377728591 16.104777122377325
26.630123886477026 26.69576099947227 13.470536820529482
28.602136843008275 30.434646086169717 13.43409588258336
26.67817886310785 29.216228919199963 14.912294810557249
25.789945946606505 38.99945565635632 -3.349999882308895
25.789950750602088 41.830008659804854 -3.349999863433122
27.019044512442395 41.11953656450325 -3.349999930661265
27.019005327965193 39.70108179061169 -3.349999895829777
28.240994674843673 38.998918210807894 -3.349999962775323
28.24095597000592 41.83052894923127 -3.349999904567078
29.47004907848081 41.12005425683733 -3.3499998756210427
29.470054045698525 39.700544348932176 -3.349999896186077
30.6999999829878 38.99948982849224 -3.3499999067455475
30.699999991896828 41.82997737039144 -3.3499998892080205
31.92995089657616 41.12005425350348 -3.349999942661203
31.92994593685595 39.70054434863569 -3.3499999070325237
25.789950894558043 43.249993664915515 -3.350000655782479
25.789950464690307 46.08868298069189 -3.350000675264837
27.019039801547645 45.37941301329125 -3.349999968143633
27.019044406771823 43.96052021496504 -3.3500000036347597
25.78995037321345 47.50131702317134 -3.349999923292276
25.78995072638892 50.339748068448316 -3.350000057808958
27.019043472651905 49.62946786517222 -3.3500002778906914
27.019039767931282 48.21058575907412 -3.3499999121787463
28.240955664258266 43.249473642460586 -3.3499999233842104
28.24095976978818 46.08919631626622 -3.3499998467212286
29.47005004137712 45.37993510658953 -3.3499999156392937
29.470049099928897 43.960000287410715 -3.349999891733334
30.699999999428464 43.250025066201644 -3.3499998958698085
30.700000017157343 46.088651859913135 -3.350000249970843
31.929949956121508 45.37993511114809 -3.3500000932696796
31.92995091006434 43.960000279756976 -3.349999979592079
28.240959780736702 47.50080362115298 -3.349999871397824
28.24095657387485 50.34026685163529 -3.3500002146841568
29.470049268796043 49.62998829832561 -3.3499999156532034
29.470050053242083 48.21006372026532 -3.3499998820125763
30.700000005715335 47.50134809081445 -3.349999960449317
30.69999995284653 50.339716909774566 -3.350000116094133
31.929950726116324 49.629988274379556 -3.3500002739640555
31.929949943130328 48.210063701718234 -3.3499999679424572
24.560000006997555 41.12008521592589 -3.349999900020401
24.560000021438242 48.210031984502955 -3.349999954426879
25.735593344397348 43.760194166269756 -0.9330725470962553
24.560000016083578 49.630019603631276 -3.3500000053539356
26.99738055353446 50.49138118485831 -0.9453750186433052
33.15900532517153 38.99891820943342 -3.3499999237128786
33.15904405318058 41.83052892462498 -3.3500001206546637
34.38095547681421 41.11953656005357 -3.3499999197303767
34.38099466430324 39.70108180078823 -3.349999954710703
35.61005410572503 38.99945571870647 -3.350000247784899
35.610049225290105 41.83000865542916 -3.349999914108629
36.840000004111246 41.120085186507715 -3.349999917232751
36.84000000699838 39.70051017184538 -3.3499999162358565
38.06994594241364 38.99945564697744 -3.349999916307161
38.06995075985865 41.83000865510663 -3.3499999567351813
39.29904449745143 41.11953656552287 -3.350000244401432
39.29900531969491 39.70108176192348 -3.349999977142563
40.52099467256094 38.99891819944479 -3.3499999082171747
40.520955993225684 41.830528966681314 -3.349999986506228
33.15904433018836 43.24947369160953 -3.3500000196250515
33.1590402252743 46.08919630517747 -3.350000110105007
34.380960235084615 45.37941301785706 -3.349999922890831
34.38095562183208 43.960520222958664 -3.349999872485747
33.159040223157675 47.50080363902342 -3.3499999809333634
33.15904354086608 50.340266940357004 -3.3500002067055257
34.38095656870284 49.62946799348013 -3.3500000091676307
34.38096023036737 48.210585759212556 -3.3499999054730956
35.61004909782854 43.24999382117751 -3.349999900079079
35.6100496038327 46.0886829152663 -3.3499999646508116
36.83999998633446 45.37996683674981 -3.349999915968981
36.83999999337542 43.959969085375285 -3.3499999025178373
38.06995088766274 43.24999380884737 -3.3499999164598124
38.06995035227723 46.08868293832238 -3.3499999905379907
39.29903976034369 45.37941302101384 -3.349999932306078
39.29904436185443 43.96052020226635 -3.3499999122075472
40.52095569148984 43.249473636150746 -3.349999910344742
40.52095978862033 46.089196311673035 -3.34999991664638
35.610049569990345 47.50131702720159 -3.3500001402807267
35.610049215448214 50.33974807679704 -3.349999950872944
36.84000000155525 49.630019596381395 -3.349999915795946
36.84000001265929 48.21003206637329 -3.350000046181533
38.0699503615063 47.501317020896565 -3.349999948474217
38.06995077389556 50.339748083249766 -3.3499999180554783
39.2990434503528 49.62946800738116 -3.3499999036652506
39.29903975085678 48.210585777194865 -3.349999914280456
40.52095978858285 47.50080362698911 -3.3499999236970437
40.52095647209877 50.34026692607809 -3.3499999157981164
49.11999999191793 43.9599690767695 -3.3499999083189422
41.75004908674653 41.12005426531695 -3.349999922222585
41.75005404657993 39.700544340484285 -3.349999921612773
42.97999999320286 38.99948982848031 -3.3499999308752937
42.97999999656452 41.829977376810106 -3.3499999161495086
44.209950913491724 41.12005426853579 -3.349999927193319
44.2099459476324 39.70054434547379 -3.3499999346254974
45.43900533891503 38.99891821403897 -3.3499999291805214
45.43904403239236 41.83052895227955 -3.349999914657762
46.66095549352284 41.11953655377146 -3.3499999162653182
46.6609947017548 39.701081785412775 -3.3499999262871505
47.89005407752792 38.99945565546939 -3.349999895121878
47.89004923638233 41.83000863808911 -3.34999991984696
41.75005008363338 45.37993511737746 -3.34999988876141
41.75004911184349 43.96000027961987 -3.349999909801139
41.75004928534065 49.629988293086356 -3.34999992571418
41.750050077674665 48.21006371508766 -3.349999919715523
45.439040308463724 46.08919617516449 -3.3500004188232166
46.66095562771146 43.96052022992734 -3.3499998851121626
46.660960232709016 45.37941304038844 -3.3499998434392655
42.9800000111577 47.50134805819905 -3.3499999614070863
42.98000000629438 50.33971686342885 -3.3499999297359393
47.89004910764987 43.24999380832945 -3.3499999055300944
47.8900496067663 46.088682948640454 -3.3499998678924703
46.66095652450002 49.62946797437289 -3.3499998946085108
45.43904048970262 47.50080368482729 -3.3500027869659545
45.439043519159426 50.34026689938019 -3.349999912416801
44.20995072590388 49.62998827965278 -3.349999901920576
46.66096030038329 48.2105857924507 -3.3499999483452148
44.20994980620972 48.21006383163544 -3.3500003526063313
42.9799999975901 43.25002507381213 -3.349999916008295
47.890049611402496 47.50131699663785 -3.349999880232797
47.89004919077627 50.33974804066302 -3.350000055926788
44.20995090489301 43.960000294300244 -3.3499999369082256
45.439044312572335 43.249473656611855 -3.3499999046545015
44.209949921321865 45.37993505856498 -3.3500004107633155
42.97999999774286 46.08865187880952 -3.349999944315698
49.11999998031074 48.21003200928765 -3.349999915199798
49.119999979924 45.37996684571651 -3.3499999035138828
49.11999999544643 49.630019583092206 -3.34999993405247
45.19621468701213 47.483199478254086 -1.0721969770561923
49.11999998554379 39.70051017280043 -3.349999995771693
32.11205787181411 40.80357367215298 5.760536560386804
27.040528375081955 39.21665606975118 4.142457674006694
25.721878129432238 39.202480967975276 4.476887873846217
28.646064331952896 47.90818869113338 1.4660758556153064
30.239100571146036 46.38524881003404 -0.7675267295551003
27.928031067638713 39.90790823501466 -0.2895138681263809
29.49145239932314 47.39926266232063 2.997109179584564
29.734173730343404 46.41475356988422 1.643340215170761
31.052447218612357 43.82330101441144 -0.2240608645260045
29.321876153476094 41.49435133577411 0.7351594462618505
27.797840418201517 43.81602207103234 5.157651559177719
26.84834342686892 46.87734798105798 2.812254754174708
27.141405443451795 41.472589490618766 -0.10168284575024167
28.549997749046376 43.352672010035036 -0.09891393964350792
29.16711315743393 44.397094550566294 3.550206380577894
28.990326158807818 47.078698939285225 2.0837574454382937
28.034300160055228 45.17193183573612 3.4527210300941666
28.13096345901829 42.19406990787007 0.5942736895940381
27.69156144238081 46.251597783939594 2.519816605989127
30.02860733495041 44.641128389521434 2.9463228922106364
31.560856614299603 44.76457926388061 -0.0760232226197044
29.027810144905622 43.47692154819292 4.570814890238795
27.401566486269527 45.69766085128743 1.6269802263677557
27.595684226898175 42.57406220274009 1.7864694629464495
27.25553271397667 44.76795044530086 4.478267098082176
26.215007290980374 45.04225432839525 4.570268313888736
29.65247987079307 46.659345310179205 5.329852541631729
32.135636231756216 50.11548872302054 0.007947653657538467
25.081969719720988 40.22765412061368 3.9173763686167664
27.192813067068883 40.161418362055 3.2820602925823916
31.027689881895164 49.45926280260837 -0.4250056544139935
25.745392403432465 43.77189647551373 0.8349900542590327
31.813923100582983 48.75304063531275 3.222659958388594
26.018806796108787 40.89577605458058 3.196024541833784
25.809967217392845 41.694630751610745 2.6143741284570634
28.089612971660905 40.40429386327879 2.7314593284337487
25.86997250632073 47.8975304529334 0.2615234478588535
28.3525600338129 49.58895734694634 4.8461363411965745
30.019655415325087 39.210983301263 3.1660981038162603
31.160037489058293 46.049634040788504 -0.31405355530005674
25.723520295588617 49.160103628054955 5.935137883560879
28.217489856578588 38.98448861319138 -0.00036025607746514865
29.735031344378754 42.706899737723745 4.841563087582749
29.507341919659044 50.24509787350482 4.357883132870391
24.733631175619596 41.67244722139443 0.6445707095812947
29.625355998382283 50.06497219588548 3.008694021773224
30.36714776868686 39.235532029175786 -0.23823417496833033
32.18162614776219 39.79417227439898 3.1649660793077663
27.875750079816587 38.57772812967324 4.38857917089036
29.53423500817542 38.58792318765021 -0.007454796094803484
31.31301416392269 38.7805509203153 3.415650534581115
29.490071486587954 50.55986869733008 -0.092592464363358
32.26935198378289 44.597354478047045 3.9203031795150665
31.82317818211726 46.593435404789126 2.816016525560947
32.47818372581459 41.86081412219145 0.9119046157374167
24.70127275166027 47.43724689520682 4.7442731821630595
24.68931164233419 48.39920633019941 0.7053363049012051
25.34701702677137 44.267748297050474 -0.05018113283846937
31.997206118755358 50.15970261735335 1.4013762674146601
32.73341464121772 45.92667317560669 3.6161140583710374
32.317329575159135 46.77935947154405 -0.17466909628496063
24.720749043581165 49.14459883702446 1.898743600927263
25.650664847362123 45.311644684593354 -0.12878350613105272
30.713184993285466 49.83222622103834 4.910819661052437
32.55642372407253 42.42002141472808 -0.7655779358050308
24.755961848374326 43.34694146944805 3.25706345855827
32.28715294600262 47.73821679318576 -0.49055199807986005
32.428705293143416 41.8415170790795 5.658028537814123
32.50578850141832 42.150448114530064 4.61557000419614
27.33902955784052 43.56082597935484 6.02047688864916
31.7303669155217 42.521857118300254 6.145430775655739
34.627853020098286 43.879610563136865 0.2944229742026083
40.4409841556884 46.8874136996824 6.15145420248993
33.966333705968864 41.69284158022017 -0.13559017382168248
38.53090320447955 47.90638053025189 6.097471852203694
33.12260355768997 42.31638944350462 0.16005741914873473
32.913784961304856 44.77401707994479 0.2544846696638825
33.319381302573056 49.50971621884607 -0.40695353405802326
35.77100185856342 45.605458776687264 5.6897952195090475
33.63895109007985 43.67236687262793 0.7033520949127292
35.226352795804964 40.19146346309396 4.90722503351356
36.368277475930356 49.49879425311797 -0.26315900271801085
36.02846804369845 40.22166282585902 3.9239693856624824
33.73443451859038 43.6022690052193 1.7868968350741643
36.21804249581705 49.77183925263648 2.273458257720292
34.610197331005395 38.95526737557374 0.7207528921068707
35.39118443709653 43.39322155223305 4.252300362406771
36.77075663050084 41.88921924138672 2.6290661336359045
36.22009857814694 41.52230349800299 3.482616686563688
34.77396023250238 49.86008045408854 1.3953508203275522
32.846947905112955 46.68229031629719 4.773467728890307
35.25890815447456 50.40858043375152 5.478176198399215
33.35387241807556 45.99850476239045 -0.04700482065494782
35.37300797684742 48.28711942384138 4.763667884900393
34.027931753964836 45.80692799711695 3.061250347657851
34.3679743040972 46.17804162990353 -0.3722184088617042
34.5313082134122 49.335181599362556 4.995095394692539
36.36910428130149 47.23293516780708 -0.4748196246438485
39.82302848721905 39.91010997824431 4.693117749390073
36.392922419571185 45.3892941355387 0.81760684110879
36.25128727206013 46.477380558809976 3.5726386728391466
37.094680926204646 46.543738414971024 0.39072750428318037
37.21532044968145 47.333809132467245 1.5421303712214685
38.49341027378924 41.081415771307896 0.45785417694644615
38.31718246717343 46.19888674690363 -0.11816067837501443
39.53376379255175 41.03872329748219 -0.4041119589624864
37.768846268371874 42.20249806658896 0.1713537914522567
38.8753952880482 41.14184506980402 1.7673684690963176
37.859588464323934 39.85331078390382 0.19997791571089607
39.34826614958645 44.58783564898544 3.7278535115130804
39.370738726850846 43.827255330946 0.35042800104629457
38.13675917775874 45.3035526557588 3.6614259417437522
39.101970371851145 43.252008276173655 3.895048064413614
38.78563290892134 50.25527530784608 0.6439798924465434
38.766714237136966 49.26202772940959 1.067655867295394
36.358906383713375 50.49183079294779 0.18616339172687013
39.92095218580384 40.2695836878581 5.706818691903858
39.8493696791527 51.035219269766685 0.6251738610878044
35.710053327422735 50.39917007103958 1.5409945732664376
35.46771978791908 42.316001787206766 4.264129040653927
36.452643275061135 39.391676101326155 3.5349997079894258
34.83312464774731 39.26375370037379 5.295974592481947
33.79912091952618 49.7219366022179 3.9636218483868135
39.51050772445639 49.771783641787174 5.694123791750575
40.43580180653223 48.94124064269467 6.094786308051487
34.87163441618998 41.390746574683114 5.153899559126903
38.30473185479702 49.10307501715339 5.566509822263322
39.91498553421314 47.746374393243414 6.2263673324546085
40.10689579076166 44.793336037995765 2.577005462379205
40.10370332588585 44.962520645181115 4.763238403539837
37.441342595848255 49.6683007168346 5.247952298559832
33.52953639901822 49.00771670833755 5.972752083409814
40.76305842857224 50.76678777371678 0.9616517964983917
33.908865158235045 41.7778601080604 6.177837066638498
37.71951053217359 50.95274368211338 0.1918478044210703
39.21160750371564 42.35667341050962 5.874290004373263
37.88682009461246 47.04513269525279 6.1965128239147855
42.26609812391562 41.14934351593869 2.8989876203881804
48.35764718810657 49.02793270443692 4.598874984444804
43.56854235881382 47.70157396492303 6.040013427847319
43.04655168209529 43.45634720587114 0.8542104781727866
46.28808954533805 43.57201999468772 5.689743987114401
48.391983853164525 40.65797757287518 0.2851195310110588
44.573729623840514 50.93055983494368 1.9394373858749825
42.96279118834694 48.220802711361856 3.0026933501354525
46.823355631925565 40.48775817287679 0.3924843223687269
46.36406789659532 39.754571242946945 -0.2705327987196804
46.306638412509486 50.80856978669269 0.4595748917700071
48.863854559084295 45.699487857882325 0.22113653775476583
48.75937300836883 41.42912223504196 -0.39197803967916944
48.03172635160822 47.681876941775805 0.506418481901385
45.32260495796587 49.99688721250408 6.032142212417419
48.2075539618205 45.065080721306934 4.247276182650462
48.95418077425753 50.243740816983916 4.456509182766288
44.64994440443053 46.0125105160864 -0.30210650106884396
47.503065897850306 41.26330460236928 4.721837411901637
41.24080479805375 40.03611467519874 0.9084437827369607
47.88285820657532 48.75142075351932 0.5241472761248644
47.66030934962438 39.340744456410945 5.752460253247844
46.89053431056316 42.296330668197655 3.8802697061128812
45.64493116898135 47.2076565209766 1.1059786647986225
45.08339293338357 46.91928986599088 4.626741836496226
42.81255489512677 49.52598684511701 1.2272898518399877
41.724463764594226 39.525681067153826 1.7281580840739452
46.525402419661894 40.36479657730499 1.4337356509751642
43.793957415136155 47.554902884171845 -0.12458326243456663
43.04482727975992 39.446200090864366 4.6231601162951055
45.70747455745041 40.18209715134157 5.17965445122196
42.04812942932589 40.164053360536464 2.856644290284698
47.04766866112079 46.82966408344146 0.7268827861228699
41.311661083334045 47.94988605025395 1.7156979929289806
46.96834515630169 44.646875330191754 0.7512079681040351
43.04943454919242 42.29430311693948 1.5939217259477279
47.582942275101644 45.53141372177323 0.6720738104803003
46.784854910185956 40.22655999808634 5.240273181882679
41.49896146568586 49.12233351260441 6.152205045753172
45.18022433806733 46.528115109791685 1.8203812349533188
48.894596795106885 39.82556056888257 5.516280802216559
41.71759304393336 43.716943744464615 0.33517325533900966
48.76234720981308 40.95701361950197 4.87512577529677
41.941604188733706 45.96968765770393 2.8147577573556437
43.387287877014224 44.616675742368784 1.5698845613772383
42.135460704113605 48.94076266652183 2.213268872574241
46.566206065984716 41.50326177414491 0.09127586232884011
45.930524518665415 43.2251080495554 4.720259921045847
44.93187592015575 42.79087422361866 4.76760927422804
48.77584687861522 40.878658295337885 1.2811361962408996
45.52938496372452 48.222171374569726 1.4874346735082333
44.776777517046156 47.08417392462538 -0.14864347517571597
46.36942461048394 41.999686001767856 2.9700243417574157
41.35599569783321 49.948100893234 2.8905516849705815
44.12822047379849 46.559149791094256 5.515741998761881
47.75677175173635 46.561391354642375 5.810435999870557
43.25266692298775 45.70622405643139 4.947445001228078
44.02686064354571 43.44604289194885 -0.11984751497999602
47.30246098539255 48.828222239353096 4.48442933038975
42.55931514639101 39.17485546225771 3.6973901335989376
45.81171856065012 44.09105231063647 4.069010597857236
47.800749841793355 42.81974053097044 3.5876098300541392
49.059869054697245 45.71390815130438 4.4489738487821135
48.79716118009289 46.76603288838159 5.557826260120905
45.59299965038962 50.75022501563626 4.042759424628352
49.06638688658353 47.02338135116899 0.2052815959835108
47.46735754542913 38.39427569961861 6.235540467767504
30.408195376199696 45.40364782714684 9.94245566007611
29.953215155521633 44.12646978573151 9.532348123663823
31.0306396860322 46.07345052775741 9.513471484061615
30.27245225927454 43.67594483381477 8.604169833048225
29.542945410984572 45.85612078816172 10.850495004305122
29.59679562607586 46.832641204891395 11.308652215333037
29.073987672332407 43.77704126798576 10.460206815385915
28.375439040202775 41.126250611657696 7.870633831037298
28.68683142002354 44.90155283541214 11.148553655004083
31.58702034068879 50.01776218464243 7.099799897780143
25.7263599200046 42.56592616440415 8.93868690568252
28.08013198408581 50.20731205186121 9.152258843203208
27.327411004439405 40.160265167280535 7.7077091943806515
25.248951260963672 45.337089212333446 8.492939850646696
25.37699666064472 44.666522776717976 9.748266274072284
29.28890318787985 40.94657697461877 6.861922306891861
30.48912406822707 45.70977516964835 7.260296100913778
29.94721773423847 46.88962770599817 6.698450775958782
26.87691245871585 48.62033088871702 7.869270998748657
29.049056225460024 40.95047565295984 9.08051355732385
28.82366516488025 47.32026246760712 7.490379406203081
29.570440433990598 50.85794068126225 7.621085211368495
30.982376671444293 47.75571064570144 6.780803967414566
32.17773983946453 47.471872118982006 9.364570099276676
25.724476628242734 46.635667338331864 8.634978287617562
27.703871825899636 45.92019663479978 12.682057114304147
27.830417233716673 42.4083482315261 7.856428019759343
28.035002542891476 38.82449274270058 8.36800585404868
26.22814791443556 44.67189443682256 7.7664937328872465
24.948337186447237 49.76043558064422 13.276774511769913
28.563879947223057 42.825558476528286 10.489712853960606
27.761887985645387 44.926419118279156 12.238052188906213
26.687915764033036 50.38873913998141 12.09280721206701
29.22264973058583 50.25759492400666 12.264047685261184
26.787858355296695 44.69720011247635 11.805819696512987
26.104381334601342 48.74795641768793 11.682179038110949
31.982532770244333 48.834540777634516 11.068347909858169
25.062360066262404 40.2385622162656 9.636338743104618
25.164119886507745 48.562606697976975 12.645835439093732
24.879318696599007 49.83741308112751 9.175707551637538
27.432799508416515 43.10785765995797 13.056469111182956
40.730840005398846 38.55184675225871 6.371780487815444
37.55061579816208 38.408644887820664 8.08759242447987
32.896548638777 48.14211307241449 10.263528202653447
33.747037369671176 48.897266174239356 9.435738235206086
40.456116324711516 39.48363581617825 6.648178822492228
33.61363321793394 47.238641351740085 11.03010703653046
34.44933682695741 42.65180776422327 6.5414383183333555
32.97837460249471 46.31339740576219 7.120660985519213
37.11035623676863 45.11940529698431 7.544165753824535
34.71224680959581 44.9292109496365 7.559034782955124
37.34694623941228 48.41021116085492 10.561504038156917
35.90860653759841 45.68473389825742 7.076158471842784
37.37622705497883 49.283462584690696 9.926701246262276
35.69419535839357 46.95512981153285 7.5284555024370725
39.27366026587936 50.391889216514414 10.199739499659959
39.46198648135183 42.2081104985907 8.686753248712867
38.31231150975479 50.23338857285918 9.733814489678645
36.27145831252095 49.712066812028546 9.15745389035987
35.33993852828653 49.343978699151855 9.287384765187289
38.3821049632767 42.3562384662587 8.69049657108771
40.6916054598081 39.56114668689007 8.676641566994238
39.872408711174934 41.23490410051447 7.677862708908147
40.262648590049146 40.00067784176529 7.788267564924465
39.7776154668808 42.03121244045069 9.714948473618977
40.216728146531 43.5225375223558 8.418520640753401
40.1791153845219 44.135710120833515 9.318912024807402
39.67073296329482 44.096382996151306 7.669727857631563
36.555879360777794 50.84940790805776 8.551836724328307
39.59103212953417 41.44138700583022 6.3040431319499
38.90760827189434 38.37345276579195 9.97853313776469
33.87254635404075 41.04818949848415 6.98676335909955
48.956224443075314 49.73996276263961 9.307035703505115
45.00450971647779 50.73633940304007 11.777298785259996
48.19608064138229 41.47537933157073 9.580352220796719
41.65642092008218 39.215198552383555 12.85520706441062
48.381302183019194 50.32717928362872 10.007778989137933
41.2911749844233 43.48730212483372 8.23845826393764
49.02513148907915 40.3802349353406 9.71760188658748
48.76564303907029 39.60379033522074 10.42201620157464
48.57073401020731 42.21396001638648 8.53465049505244
43.48240800810924 39.26177047978631 7.09495580111
48.15691864647662 43.176757221494626 8.273540582264225
46.44163852051403 38.42540837731932 12.138626623881724
41.28809988095875 39.24281782953872 11.267506636797247
42.17599687497576 39.18818824431792 11.897391178941652
42.736009026806656 40.12099842162772 11.963357556201853
49.03840628054671 46.946262365912986 9.863794540309103
41.59965810109471 50.19247017049841 8.53506709497644
47.25082741747867 50.04036561975775 10.699460607783525
46.721884561792756 49.10378780165361 10.79662770816211
46.27115440229822 43.01287663779144 10.613539321937788
46.92707100258782 43.883435686534156 10.614136098300994
46.90108632068727 41.60053040223502 10.486058090648404
47.23398751071687 41.207075510644565 11.446511133256266
47.868637903601 46.67227492939554 9.079736766033513
46.15619963612176 40.91344092447296 10.084620825351454
45.5900277302857 43.11695632465159 11.458130273502313
47.961347996032124 45.47761270803332 8.335603310698605
42.31569006623831 49.7366914263735 10.65210718731138
42.698657059227735 50.12085480678944 9.369257661283608
46.85619897810271 46.48938886666976 10.017513665579816
45.19473581565549 48.24068331478874 7.490802933692544
47.63264227379834 47.64025040337026 8.192790324362736
43.59548962599756 49.25667211786829 8.942120087192116
45.70063192898929 43.168393952121235 9.697887383485728
44.79605722981179 46.023018882540605 6.660513447534843
25.55565098501982 47.59522783468201 13.50820149616391
28.93241790898183 43.8469648782544 13.865215230641269
27.96025421386283 43.999136288986655 13.396342527550168
27.310610861681983 44.25126362760382 14.234492466409115
  
  
