  
  
1.229950656709214 0.7102494597414614 -3.349999967204794
1.2299459082210853 3.5405443835971746 -3.3500000459015777
2.4590053294374403 2.8389194105201354 -3.349999959053449
2.4590436240586384 1.4204752422762268 -3.3499999319052365
3.6809567780668835 0.7097305009436414 -3.3499999305481354
3.680994677971222 3.541081836314587 -3.349999922297439
4.910054033286461 2.83945681347648 -3.349999975344268
4.910049271007944 1.4199571602358867 -3.3499999388761017
6.139999994279175 0.7102807019507914 -3.3499999343911604
6.139999988573902 3.5405102599505924 -3.3500000960458065
1.2299508821658722 4.960054277096059 -3.3499999865164765
1.2299508954516207 7.800000265744213 -3.3499999312409168
2.459044308783427 7.089473643770787 -3.3499999628036523
2.4590440163662333 5.670528935031733 -3.350000035313796
3.680955478444384 4.959536559746872 -3.3499999315492013
3.680955643647888 7.800520206019657 -3.3499999246544165
4.910049107877416 7.089993804569141 -3.349999926088938
4.910049232765991 5.670008656696806 -3.3499999174555937
6.1400000045446985 4.9600852046877915 -3.349999922654984
6.139999870825661 7.79996906409375 -3.3500004120851976
7.36994597919182 2.839456822769214 -3.350000061156112
7.369950723600412 1.4199571552882864 -3.3499999650191716
7.36995093587183 7.0899936234215515 -3.350000844019841
7.369950775204609 5.67000863386699 -3.349999934369474
1.2299499422485216 9.219935124694642 -3.3499999616907594
1.2299499423454885 12.050064878618839 -3.3499999108559955
2.4590402162173364 11.340803681758237 -3.3499999248941137
2.4590402175630004 9.929196332209541 -3.349999916255485
3.68096023354851 9.21941302597613 -3.349999931807112
3.6809602722894046 12.0505869452717 -3.3500000025758836
4.910049636463658 11.341317076833146 -3.3499998973551004
4.910049621234191 9.928682973506168 -3.3500000227482865
6.140000025878671 9.219966871561791 -3.350000181938091
6.140000002609818 12.050033145134698 -3.34999991959273
7.369950365437568 11.341317058307162 -3.349999885528386
7.369950381703093 9.928682951351492 -3.3499999134491034
1.726458064025411e-08 5.669977359044772 -3.3500000034414166
2.2509336820838812e-08 1.4199261238318637 -3.350000207810794
2.6318588063189622e-09 11.341348134327713 -3.349999953009646
8.599043214709035 0.7097304954079318 -3.3499999430211824
8.599005319602957 3.541081843666109 -3.349999939913971
9.820994668657592 2.8389194347224036 -3.349999934615683
9.820956366957638 1.420475244279867 -3.3499999519823076
11.050049337726854 0.7102494520262835 -3.3499999558580407
11.05005405712647 3.5405444071514447 -3.3499999397525437
12.280000010792165 2.8394909861649555 -3.349999927185656
12.28000001364473 1.4199261482134427 -3.3499999388607007
13.509950680425149 0.7102494576423674 -3.349999932333879
13.509945953009536 3.540544402098082 -3.34999991407124
8.599044510761152 4.959536576232562 -3.350000025520299
8.599044451216862 7.800520210412316 -3.3500001779141986
9.82095569336927 7.089473613625623 -3.3499999892233365
9.820955988827407 5.67052897381009 -3.349999954620505
11.0500490859184 4.960054282806472 -3.3499999198219523
11.050049107820797 7.800000276843947 -3.349999959870175
12.279999989915202 7.090025064956586 -3.3499998957661536
12.279999995412513 5.66997737086725 -3.349999902686003
13.509950916279529 4.960054262840988 -3.3499999087952226
13.509950900392521 7.800000274750386 -3.349999891896045
14.739005301464637 2.8389194270840274 -3.350000102219707
14.739043632537777 1.420475237480961 -3.3499999358007115
15.96095677767485 0.7097305112723044 -3.3499999259340028
15.96099470552751 3.5410818717671027 -3.350000088156656
14.739044305768036 7.089473659376816 -3.349999985289982
14.7390439860024 5.670528920587896 -3.350000244278771
15.960955474810062 4.959536529652425 -3.3500002356412373
15.960955606262594 7.800520224846455 -3.3500001906566124
8.599039774056465 9.219413036523123 -3.3499999369163413
8.59903975674794 12.050586954969887 -3.3499998848854693
9.820959777390147 11.340803662441928 -3.3499998853559934
9.820959784395056 9.929196317318404 -3.3499999042758555
11.050050058725745 9.219935117756977 -3.349999899978803
11.050050051913278 12.050064845846725 -3.349999905157431
12.279999988001233 11.341348099653496 -3.3499999766193245
12.279999987168246 9.92865187030321 -3.3499998864211546
13.50994993510321 9.219935116737533 -3.3499998946345375
13.509949951675226 12.050064854746896 -3.3499999359721047
14.739040226585148 11.340803669606714 -3.3499999113370125
14.739040218517154 9.929196324562609 -3.349999940957975
15.960960251787071 9.219413026171553 -3.3500000148940714
15.960960248584591 12.050586931161627 -3.3500000486201778
17.1900540591081 2.83945682656586 -3.349999910645024
17.190049275022343 1.4199571746325101 -3.34999991133588
18.42000000470045 0.710280703843026 -3.3499999141314287
18.419999986453245 3.5405102402599593 -3.34999997113579
19.649945955691795 2.8394568200751493 -3.349999945707527
19.64995072728152 1.4199571654108307 -3.349999910431769
20.87904322971041 0.7097304878900217 -3.349999905288378
20.879005328266864 3.541081865498398 -3.349999878831361
17.19004917694481 7.089993781804563 -3.3500002595909084
17.190049281366058 5.670008661462466 -3.3500000416785483
18.420000010505493 4.9600852172670615 -3.3499998709015752
18.420000014328025 7.799969065474158 -3.3499999321546725
19.64995090695087 7.089993795398754 -3.3499999556874216
19.649950781448545 5.670008658188977 -3.34999986563005
20.87904452614319 4.95953658915997 -3.349999833423265
20.879044367168426 7.8005201877285915 -3.349999875357621
22.10099467702636 2.838919438853406 -3.3499998929208163
22.100956380356987 1.4204752357133004 -3.349999901710322
23.330049324825517 0.7102494506423076 -3.349999936075042
23.33005405787158 3.5405444012789107 -3.3499999343283857
22.100955664187396 7.089473633758214 -3.3499998869226877
22.100955940490977 5.670528951878503 -3.349999924925199
23.330049042001068 4.960054230694445 -3.3500001454800596
23.33004906897445 7.800000285565397 -3.3499999396843148
17.190049621156685 11.341317050258379 -3.350000046241721
17.190049639558847 9.92868293584569 -3.3499999113089474
18.420000003072772 9.219966824815602 -3.3499998782961384
18.420000019914983 12.050033173745186 -3.349999994751168
19.649950365659496 11.341317059424139 -3.3499998782177745
19.649950372329158 9.92868293697027 -3.3499998746484385
20.87903976449626 9.21941300150161 -3.3499998737529713
20.879039688393686 12.050586916641066 -3.3500001199928917
22.100959776165713 11.340803617358313 -3.3500000383460593
22.10095977254979 9.92919630349378 -3.3499998654395946
23.330050042471388 9.219935096321315 -3.349999865366402
23.33005007766005 12.050064847435632 -3.3499999877521622
24.55999998551951 11.341348117257338 -3.3499999061514574
24.55999998746988 9.928651865555842 -3.3499998981916814
24.55999998031125 1.4199261684894238 -3.35000001795155
24.559999998897734 2.8394909868192766 -3.349999896591165
6.520484956912622 2.080291253792311 5.2551503713638255
6.701596759096652 11.740122128082527 1.453472526027637
6.364184488805581 2.7016099854264994 -0.4037430013994192
2.095034134487905 1.7926984443900291 0.33111788293709976
3.363694896068361 4.427123907097525 1.1771684754226353
1.315929804147373 5.088284032301006 1.5930981308509118
1.753672986430874 3.9998702687578462 -0.3195358942554982
2.2093084013248854 4.916417431028283 0.6182515051530124
3.282941609723055 7.385244728466748 2.4115552746001945
3.4027375109732874 8.026930969351705 0.2166312481571342
4.921137480051628 8.224377380756929 3.7124254361648146
2.450366420620981 6.040425059942133 -0.20682143056799163
3.6434864267235576 7.732790378769643 3.703170317687743
3.596046945987941 6.508433676216947 4.412249560194731
4.612054415629224 4.672754264651858 3.05385549690674
2.711655126574034 8.602839271290685 4.171105984403559
3.04510821497249 1.7835692644413272 3.8212243343037136
2.249731850079297 2.001850992758628 2.6845123003323956
4.390994822545613 2.031595673583725 0.2851942153997422
5.530356081046537 9.09526431354027 -0.369322033135
3.3700711190328274 3.0645670557835594 4.254317940108986
5.801560311666339 3.1311701428021563 1.6050692465089045
5.681209224505855 2.208742822569653 0.6412449520464714
2.2375799180916545 1.1612634390436476 4.759546919513529
5.494202449306395 7.090986348349254 0.46526308769523794
6.312721864997148 8.165679286586796 0.22866289314761867
6.269007327540208 1.0251184517433198 1.1144018956467794
6.417800651353455 10.076084493950631 3.1213862608725327
6.816462995947208 8.523763579574817 1.493730408041306
6.420017583089637 4.640960704699328 4.643356033603415
7.248675868245496 7.727945866808437 -0.6799607279173092
1.28018521446658 5.903817907242874 3.8010256779398777
1.0952658394815267 10.068342141177467 0.5581705378475821
6.748672606089805 5.047370875701345 0.2899650546944277
4.135885387456259 0.9184398523901472 3.540239366673552
1.9651756464000263 10.808916739945738 3.7089199813912366
3.1728622616656854 12.216620175739077 5.485352524686695
4.522260673752031 12.25283675990818 5.303839888640076
0.8007437605687939 10.041004176307371 1.8742096454043
2.426122167359396 10.358614144045733 0.48682807234772363
0.37941274322526763 5.926986683957192 4.396401326476683
1.0505923861914437 8.809657395633728 -0.050057191688545055
0.4784466134728892 7.934381278087916 5.110478094715464
4.806414803358763 11.049826515677657 4.6749485478193895
7.016768847870465 5.173708978496121 2.5191765128038934
7.501013402735309 4.683547232506624 3.759471709604152
0.28100519847358674 10.980050226195933 -0.07529135182640423
7.89002512269245 3.3517429157824226 3.6457366872027896
0.23223868640118633 3.5496507738213112 3.1402250484611773
0.35428276828721555 9.812976718582497 5.167854525213263
8.107676497079687 2.018523190223926 6.016465618078843
0.041524140665650335 7.025912902280192 5.048156646111149
4.658849273859858 0.3025590687697298 6.0965759262280255
7.044820958064351 1.840703524176991 6.180228464354265
15.358092406689606 10.931401023205698 6.1093116516192065
12.550912892853757 11.496958398169962 -0.4899463250419278
8.370437884233471 12.261766848557263 2.7423297351522113
11.508570150397608 6.566537579495819 -0.23673289527761265
8.328336830912797 9.447167694227689 4.605172521350274
9.91311900484957 0.4304781522133412 4.147816050650785
15.55194914270605 2.9294326683547403 -0.7526307399896914
13.54799346826472 10.721257613953776 0.8103464843770036
13.763786066557248 0.9856573911689004 -0.15617011366305888
12.707184513583535 11.376243344739237 0.5820177865271847
11.28408058234621 11.091118190433273 2.1300465095724572
11.044122190130999 1.1587407472342015 2.2614878216684597
10.700251959228366 11.886286838193593 0.670785003077432
12.471718417095083 1.8442036653860956 1.8565984816484937
8.946924775995571 9.916424862722044 0.400118876790051
11.300288075390112 11.054921068572941 1.0407682688879238
8.56274419767181 5.484188577679743 4.163659249904442
9.014911457024654 7.4560473820250115 -0.3168709422575766
11.268408106628128 4.2033828714316 0.11085688679735028
8.220408693796667 1.406894352555511 2.1495676483156534
10.410129976863988 9.981056000464857 4.569329657248132
12.933949267181495 8.55930343059053 0.7436332824295211
12.67879266893241 6.8587874148813786 2.9043421008774017
11.891412240826062 8.610012838504487 0.4662434761222567
9.887309864897027 8.06014255587356 5.587741123917958
11.813902602468177 1.535937744464291 4.200671625315588
9.126692664411658 5.019820804493451 -0.25114771955170534
9.404575195668018 3.349812592709796 1.2264379386190905
9.563465742009429 8.869254386569535 4.501052600867439
9.833938177201988 8.033399664334954 -0.1905397356550742
9.715578840573055 8.23069273850736 3.3111231089305013
10.012598717200934 4.431296662590248 0.6355716626365882
10.635286364348765 6.154937657931068 3.706273586968929
10.156349239283445 5.400589558292796 1.6282175692288336
11.160641139897566 7.557719896001429 0.014071847750649624
13.437209795715127 3.95492654291783 2.674009670049112
13.336234470463719 7.9227153762673925 3.59343484825426
13.375032627605519 2.1714092475205016 1.5450540319619999
13.210674854085667 9.127976973539395 2.946096465508682
13.922353727777208 3.3071609875874373 1.9588627267361325
9.811822075718121 9.284532016897831 0.26204609762267017
12.785350042049393 8.11179630833907 4.848982934343135
14.417940818263151 3.2004724302063132 5.254064473332736
14.669854437290407 7.658476593404448 3.770872236522643
14.121799536285902 1.8029505679650961 0.45231835678837595
14.902258230478795 3.7104086598309114 1.143957313096784
15.154220791815678 10.443714115792286 3.8860687264754046
11.012080980840288 9.648428720744635 0.6590840289970612
13.470210927375192 11.953339627105949 3.75310336391548
14.93523424724392 1.0793702941983647 4.336958251889116
11.328772385715139 5.451919522361854 6.004949729769376
15.58828662077996 5.02825604090524 1.202676694923237
14.926648854787219 5.777037133315655 1.638179097499597
11.160782475614669 0.6106189343039259 3.5353344942368237
14.943853288272976 2.779695505645874 0.12725460136639222
15.330909050230554 2.1428134173305033 5.223765535802513
16.079534594876414 11.155135722521782 1.2435493383730667
15.087359183029355 5.950707532124909 -0.7426555751412445
15.932201222529093 5.599163408215475 -0.15040676150468002
12.965691583064508 12.322961344306151 1.0563585125330988
9.606856531239846 12.33243304886841 4.479488771886947
16.320222080131938 6.598718995135009 0.04562497763089146
22.322940156108988 2.1741655695709348 4.845085300746723
19.75241649091661 1.6016013890496203 1.0132882748204541
22.438373613719097 6.457035428660713 4.419994960778459
21.787138496304717 7.486770076591002 5.1707846010603555
19.646094011448625 11.665981865622472 1.1393437158929298
22.293678858591676 4.576607469867982 0.33648322234481887
24.38815863257279 9.17469820970507 4.983039289257807
16.627064252670696 4.944693423011562 -0.6766523391970469
21.534610583510332 5.617823809317935 3.858825209155686
24.20335450058637 1.3467409109814397 4.16738457555169
19.08361741401697 5.389715449760397 4.878203210952007
22.19894787696407 9.830302843067573 4.710253215091328
16.630674514209613 2.5458557693183357 4.958614262979868
22.39700036673876 5.901264018631047 0.16644414185500778
19.968511217037236 6.4387171264232 0.6500310792855135
19.715486324104663 5.8935447437519235 -0.2592903584578543
23.059804126848118 7.074573887044611 3.411259826935039
17.80111627200056 11.465526575478908 -0.30863350426174163
18.841444272606914 2.647618665282906 0.9044426944710815
16.78313170375879 12.067180679543746 0.43751793877146894
24.32265868171879 4.967373163049321 -0.4077085592095764
23.33788077988236 3.8945273873338206 2.8818279949154615
23.97707382169283 7.151434337013328 -0.552627044045485
23.346606864682276 5.823081310051165 5.354178728810925
23.184965878109512 2.2020184549008595 2.313037118687531
18.964411400330334 3.53540210636417 -0.19429305356058024
23.677609017315575 11.312003240829373 0.6394356903666087
17.51577767241312 10.65292214263889 4.325028656240029
16.454846961002357 4.928737838933143 1.8563350955607871
18.330746487177986 5.991362499404207 5.365651869968879
24.28259883687853 2.9296489261517613 4.935964912500915
23.746229656268863 2.8861727649713482 2.9494456756299527
19.54108202147854 9.393290107168777 4.440556038265954
16.9938884042535 0.4793952956534121 2.601328653956505
21.07086505982757 2.073945672645476 4.221559943470589
24.29589403361118 1.489147126652585 -0.007626461850813726
19.083440724373546 2.1315710932452916 5.1245477094583425
19.920997476529838 5.874850009082542 1.5816406105130432
23.52585330376708 9.101011021806128 0.919987987604588
20.16174062561789 2.166041381124302 5.174358574590454
23.668821033933515 2.2866287007700716 4.305170335501909
19.035107532617474 3.458815349290196 2.032983690726579
18.803065757805054 10.435802877497643 3.8251351807024934
20.999447780640086 2.007779206688246 3.145957056213571
18.747302285155918 7.976161007364901 4.740541380593818
21.42731553618825 7.726995035726955 -0.35486256975371777
22.90515907138848 10.303524978849422 2.523112633445531
19.62055014522255 11.59130635317808 3.8103069109936083
23.683351296644357 2.983179329456194 0.09224951226749267
23.440957607870786 3.963578854401608 0.10498022882710178
21.376559465292424 4.097369860714244 0.6457134479535553
18.135611087996466 7.350990948189073 5.245611946438342
22.079386041254523 2.189785174298441 6.1532101280269345
23.665540982966508 6.145323668204698 -0.31369480971851993
19.269234498594166 7.272277987893565 0.7155166608902619
21.386990415247773 6.943222507438935 0.4015596065780902
22.91761280401531 10.263044882129623 1.1764877106196325
21.61390427173242 10.34319552633193 0.7606112577652602
18.72395467964176 10.089258789421764 2.4943856756681493
21.82932685495179 7.339272705416838 1.315661742596227
17.568662773618627 2.0384125584704935 0.9471615846015824
17.092166480623998 7.698885085811332 5.915788042027056
17.31583849012135 5.555381314632945 6.123638477573415
16.59798540441185 8.647026429717917 6.068146356211399
3.105916677259016 8.664240525871621 8.569927620493907
5.419826211736956 8.7795555547075 7.511826005678444
4.124589701083214 9.480862349205008 7.67204957924322
2.0897266867705664 8.501091510974597 8.21098430714447
3.0190909897714007 9.141493922814616 9.546037499114158
6.5916098802890435 9.308623114784186 7.742574436906393
3.391975264273193 7.6170937758033075 8.668690815271994
6.677476192003113 10.36773064392128 7.935753675978248
7.541037903198979 8.435230447181157 7.5511566508691725
5.19007106809244 12.431423363304143 6.564257258445619
4.1909588277062495 10.532613790882472 7.950463021697125
5.6377608632220175 7.637010265822862 6.789622657164202
6.954695778210444 7.359383428446565 6.838438255304409
4.866175631460484 7.039938088374381 6.326415311532083
6.7791765652284415 0.4677094294672015 6.525981144024701
5.905380592861937 2.324461207574065 7.900249188019833
7.466034366565925 6.461189174700372 6.525101486633532
6.774916547241802 2.7249031098791785 7.379045286395365
6.444830250353057 3.7005933221021787 7.0224339483313205
3.764601076819862 9.430271914265873 6.64445588571852
7.579478839258669 2.859266619063718 8.102043188529489
8.481295164374858 8.736899809480324 7.763316681641969
11.74863559816973 8.60015171339722 7.007180932716172
11.067955426763994 11.90048835994973 8.59167370288953
10.0884589297086 9.889416702170308 8.16628098989715
14.439281456696056 11.924561374172939 7.836234218316803
14.775342875179403 10.696715735611383 7.290246511566764
9.97824850261302 11.258010050668428 8.083526723409122
15.665299428900013 9.903580137028666 8.05312535815658
8.786904313596729 11.658630253122563 8.722561338297645
11.955512805938936 4.2662715913184 7.8743376539870304
14.684999798476175 5.3472873113488015 9.214075672792124
11.40186746788799 5.420076479869734 7.4616175575341614
11.450656743560312 0.5164241808579885 7.5191596717630516
10.157330321909114 5.72463447618525 8.050335097273255
12.287010789140759 6.416364130581479 7.78343379895923
9.85950887984044 11.582363193590552 6.741969765026843
15.606051224743617 6.684402766336041 7.686270647852158
13.588612073830166 9.957599413127971 6.999898881682347
14.719721902969466 7.15886282234806 7.265072370547891
15.220469441256089 5.339121031296256 8.264704526422403
14.540642243892648 4.8263286879105385 7.584278928497781
15.308345683135114 1.5575774678098242 6.460752484332054
12.540682162324792 2.357191293243952 6.433509904613165
16.01528272225706 7.354531184304479 8.442284857485268
16.037796014558122 4.665308061193277 8.521712997585722
18.41025814851101 12.295616168757089 7.747332514464338
21.37645413349334 0.09903950473819731 8.28083739439493
17.146058347963955 4.54536906556856 6.466348209089117
24.31734921787496 7.733581437973527 6.771827155580327
17.66450414381032 11.7224663589075 8.298195710093628
18.018650338197414 12.45268497587513 6.742308777059103
19.500848488804028 6.100700642757146 9.881403779916866
22.860888906880664 2.040721336538127 6.8835752718515755
23.96386245606531 2.3166270794997543 9.334471030012438
20.355134175482505 2.134957538618344 7.275387334134107
20.704287809582837 6.361375316354516 8.073699631010928
23.89751505633377 11.100491615904893 8.128370200259546
22.590139555141263 11.25134960535579 7.846977832077918
23.31875870442458 3.5463844664442483 9.45040631587535
22.336073150129 11.261616844538725 6.467379793557161
21.953416424238092 3.212084209575745 9.269868137398452
22.37027855690586 7.97394369617406 11.731609035887379
16.778276410217007 0.4081193040115438 8.289163078424387
19.111550523444933 2.9205920526263274 10.320738611842973
22.37721972254855 7.241872186903118 7.035930106917119
16.54576261115775 6.607539933298634 6.55760086239871
22.686532296977607 5.946555617989464 12.70235163786597
23.746861028838392 4.446179877670813 8.493189488379917
18.47682380669669 4.130744028355257 8.500122452956237
21.48632090538894 7.386496739525737 11.483365316803967
18.446740729438343 2.878479478621485 9.093143923788006
21.968420666357073 10.183546170796241 8.530976244226082
21.100047443426224 1.276813723231299 10.298616080832474
20.234329715255562 5.995635132758022 7.172714887639264
23.558424065696265 4.096288824091159 10.711011534408092
17.12222931839208 2.5619120139994584 9.147517885287993
20.615407687761472 7.914789238991004 11.871330782768384
21.647991998049736 6.09739741472319 12.407765827149912
19.062424030994666 1.9422049362396059 8.254012697279913
21.42342209447123 5.090943934649226 12.054608990830696
22.286110212813245 7.280138402567155 9.175720659393857
23.13359945281232 7.89574886386539 9.438752497861806
22.889382339435183 0.3544490869085803 11.757118880860709
21.90774337854029 7.016135435387721 7.901224785878843
22.17188012449227 12.49124412142839 8.412925715760567
21.3885423259521 6.998082504326673 10.049586241796717
20.375558754342357 6.435603103626478 9.343702847081998
19.271870314724843 11.688864553000563 7.468806120894329
20.787748449493517 2.220764011658936 6.366771827380633
21.100361624491505 6.239607840538299 13.339418750061645
1.2299508956267318 13.469999488495366 -3.3500000631403513
1.229950382855062 16.30868295306915 -3.350000085354672
2.4590397886273414 15.599413041672358 -3.350000058196758
2.4590443392477 14.180520488811032 -3.3500002128000803
3.6809557340911376 13.469479596626467 -3.3500002473813772
3.680959776886585 16.309196314979527 -3.3499999006368375
4.910050086572267 15.599935195691005 -3.3500001275177405
4.910049122026787 14.180000473081835 -3.3500004189763963
6.140000057635088 13.470030717773344 -3.3500003236154328
6.139999991056438 16.308651872243285 -3.3499998748633164
7.369949921876739 15.599935128576714 -3.3499998794039545
7.36995088425964 14.180000501402326 -3.3499998768954575
1.2299503674751886 17.72131703929484 -3.349999913881747
1.229950904331047 20.560006192680632 -3.3499999239089018
2.459044375449917 19.84947979804226 -3.3499999003020164
2.459039766362203 18.430586963686626 -3.3499998954871426
3.6809597840723347 17.720803662546114 -3.3499998854581947
3.680955662764089 20.560526374579656 -3.3500001323317843
4.910049135793524 19.849999709749984 -3.3500000026104226
4.910050065251631 18.430064894610222 -3.3499998983712462
6.1399999963326914 17.72134812100921 -3.349999886139897
6.1399999430439784 20.559974917568578 -3.350000214347637
1.2299507891629053 21.979991351260647 -3.349999911825919
1.2299459588286006 24.810544353778017 -3.3499998985103083
2.459005346125367 24.10891821401074 -3.349999894153747
2.459044539859549 22.69046344301442 -3.3499999460000707
3.6809560053136274 21.97947107099807 -3.349999960236383
3.6809946917827565 24.81108176611922 -3.3499999059419583
4.910054059035933 24.10945562566917 -3.349999836672237
4.910049089268961 22.689945753014328 -3.349999907982706
6.13999997688096 21.980022687253893 -3.350000251686376
6.139999990028737 24.810510140475866 -3.349999860449062
7.369950909623621 19.849999694838296 -3.350000098235336
7.369949929609567 18.43006489652171 -3.3499998826279374
7.369945930902595 24.109455628129307 -3.3499998791852823
7.369950896037456 22.6899457634896 -3.350000010458051
1.1047240874718485e-08 19.850030902108234 -3.349999994248729
2.0366842631999478e-09 18.430033143041797 -3.349999900954729
3.5369193840402545e-09 22.68991481226314 -3.349999924370366
4.3989285619189925e-09 24.109489837949088 -3.3499999181190643
1.1072947339067016e-08 15.599966881154893 -3.350000426527857
2.828915966836493 13.004673542527767 -0.879899832064005
4.41226281882559 14.840677285733745 -0.8363520267238445
8.599044313546914 13.469479563549942 -3.349999881753062
8.599040195066923 16.30919631690346 -3.3499999379885237
9.820960227583948 15.59941303181359 -3.3499999644538447
9.820955651289145 14.180520434439034 -3.3499999081102736
11.050049101734176 13.469999496483984 -3.349999921294712
11.050049644463602 16.308682944436036 -3.3499999658696247
12.280000001399454 15.59996686752441 -3.349999922165945
12.280000000254113 14.179969287951378 -3.3499999333915853
13.509950901937048 13.469999499859243 -3.3499999256240387
13.509950381673155 16.308682951965544 -3.349999906324813
14.739039773840664 15.599413053019783 -3.349999929401628
14.739044351237927 14.1805204472819 -3.3499999244021685
15.960955690144976 13.469479593711455 -3.3500000511362993
15.960959750272593 16.309196361779623 -3.3500001724005224
8.599040203919468 17.72080368905023 -3.3499999248427392
8.599044315183905 20.560526362716622 -3.3499999661114166
9.820955616471597 19.849479804178046 -3.349999900587728
9.820960218994525 18.430586989574046 -3.349999960005915
11.050049630626443 17.72131703784639 -3.3500000606761517
11.050049096361656 20.56000619811164 -3.349999920837947
12.280000002135074 19.850030934832514 -3.34999995976852
12.280000027277651 18.430033149496253 -3.350000039438399
13.509950378149883 17.72131705040574 -3.349999905355927
13.5099508882741 20.56000618926096 -3.3499999276001247
8.599044019574645 21.979471073202102 -3.3500000567130517
8.59900531876873 24.81108177360302 -3.349999883232899
9.820994666132101 24.108918212603665 -3.349999892737099
9.820955457415115 22.69046344355113 -3.349999895097474
11.050049211010084 21.9799913553345 -3.3499999120773936
11.050054053495856 24.81054436059336 -3.3499998918080367
12.279999989044333 24.109489844584655 -3.349999896784489
12.27999999035938 22.689914820490493 -3.349999924684426
13.50995076705589 21.979991352068485 -3.349999925450551
13.509945927828944 24.81054436425161 -3.349999904410482
14.739044371187509 19.849479779918713 -3.349999928964756
14.73903977690003 18.430586963858463 -3.3499999061931685
15.960959781111326 17.720803675330565 -3.3500000436880786
15.960955703452713 20.560526349690157 -3.3499999364742603
14.739005321065042 24.108918218875235 -3.3499999248200716
14.7390445218778 22.690463442784893 -3.3499999252491297
15.960955983028805 21.979471052701573 -3.349999930755936
15.960994679425674 24.811081792225554 -3.349999918635281
24.55999997538262 19.85003093356387 -3.3500001867337517
17.19005004256639 15.599935115979466 -3.350000655507299
17.19004913359944 14.180000456586571 -3.349999987969098
18.420000001980945 13.470030723120905 -3.3499998900728745
18.42000007688932 16.308651928641975 -3.3500003963295266
19.649949966697587 15.599935130328731 -3.349999937171609
19.649950879158474 14.180000505373227 -3.3499998946403133
20.87904427126106 13.4694796072947 -3.3500001864443405
20.879040209413322 16.30919630399009 -3.349999881528445
22.100960228155433 15.599413034801907 -3.349999866399723
22.10095565289023 14.18052050144207 -3.350000136964677
23.33004912233965 13.469999504850584 -3.3500001775519728
23.330049626075443 16.30868292567598 -3.349999887402233
17.190049087305365 19.849999703929836 -3.3499999559596008
17.190050072047786 18.430064887872547 -3.349999994606161
18.419999982075772 17.721348136732498 -3.350000144674281
18.42000000217827 20.55997495746906 -3.350000023511278
19.649950905224017 19.849999718121396 -3.3500000372373187
19.64994993281886 18.43006492250074 -3.3500001767991727
20.879040235679856 17.72080367025353 -3.3499999860744714
20.879044311391418 20.560526362911354 -3.349999917806552
17.19005407063315 24.10945565859608 -3.349999908768101
17.19004909921584 22.689945739866044 -3.3499999134361556
18.42000000692056 21.980022635421562 -3.3499999098908653
18.420000016019443 24.81051017481636 -3.3499999071266098
19.64994593792242 24.109455669867277 -3.3499999530075133
19.64995091586241 22.689945745198223 -3.3499999426689975
20.879044017680982 21.979471055774965 -3.349999914047893
20.8790052973458 24.811081853776507 -3.350000160305102
22.10095562470386 19.84947979777922 -3.349999945533775
22.10096020036176 18.43058696838713 -3.3500000005889827
23.33004963465773 17.721317010243478 -3.350000058805853
23.33004910559522 20.560006198478014 -3.3500000016891365
22.10099476374307 24.108918268326015 -3.3500002950411547
22.100955494316832 22.690463419030095 -3.350000000868315
23.330049231795748 21.979991353417923 -3.349999930629859
23.330054061934202 24.810544367708392 -3.3499998776974804
24.559999989625172 15.599966861571875 -3.349999922101378
21.399765147657128 23.84081914192645 -0.8734143209072043
4.3098596090909655 20.612318303243022 -0.7551521173250741
3.1781070070165733 22.76068670835062 -0.5370224523021494
5.793994134873445 17.05239725354577 5.6008658720555715
6.94979504195191 20.035792240703547 -0.5854137340332621
2.96729872706199 16.60079861538082 0.04106823500502954
2.446986637158421 21.54231164588981 0.37116737752756146
0.5364090493919205 17.615173655673303 -0.21294248758609857
3.3727579322847863 22.52856401087271 1.3259051875260675
1.5669897535961093 14.487904224282934 3.5541068076732643
0.8448240054164643 16.58197359347682 -0.15147829963888526
2.577913442943016 18.90452006908914 5.311824513727333
2.0528799386923073 16.03281880724706 -0.04632293801986487
3.57010309749707 20.841334227039155 5.564103997921305
3.4370346949303237 19.994791968621225 4.890487634510526
3.123168331470122 19.869009835394078 2.7195500789769245
3.015130185729676 20.618759734864557 3.5033248217918267
3.645213048185824 21.462885205080795 3.2230610585000683
1.2581508017807956 14.51951084081249 4.930168921204255
1.9740889705696172 20.940848622138283 3.4789950651046397
4.622860568050619 21.253887163966404 0.06857101386291031
1.820037785336295 14.709779689332898 -0.15904916668036395
4.628186705944964 20.651270506841026 0.9768247211825432
5.154220167808151 18.337594975577222 0.07740401465247015
5.266311963231916 15.36892143851225 3.7225119661075787
5.135318125093976 17.227383185965454 2.09534497057166
5.852354535097546 17.478005421722624 0.9424195897806309
4.421363910053172 19.573439168689976 4.686385174051074
2.8218616397492426 15.089747705042376 3.3109645944454877
5.8552537672113205 21.841590457594382 -0.11631971165849908
3.373773856840727 22.11357189833089 0.3179962062946895
6.33431234915483 21.383204488000445 4.8380446654477005
5.905932339342361 22.61889582121548 3.008413472624273
6.826372745028152 21.84630563897638 3.6217734886000406
6.192826237603267 23.129633883067093 0.09264526995235722
7.0203172641087095 18.045795317820716 1.3852848883800217
6.1541222536968325 16.3376253323221 0.27702284325926807
7.018553103538364 21.0805981272766 -0.32073848328571963
1.4994921474871044 18.40288255247912 4.628915731332204
7.031544652204432 20.692726371780857 2.9055773105482863
1.2413907501945705 23.588791096646027 5.452819044542147
7.967824827548759 22.593787929943307 3.8907421777991447
5.512399511637792 23.94419021015182 0.29243881501671676
4.65009565477036 24.485477539078083 4.1042014388494055
0.6810004595491186 23.15805126428933 4.2441346416365455
2.502905329252694 23.968056117815852 5.035526306340536
0.5537269206241676 15.053706886978256 2.750726872397795
2.8233259045535593 13.658382428870322 -0.007699486015739776
4.451119122108005 14.845245256673124 0.9588101417705353
4.250459847419647 14.252037112222299 0.06665547308636555
6.835622345925621 13.896747998649198 2.1317072274831794
7.543956575443532 23.137050467535758 0.18488827112826067
0.5245033574658465 14.43138767434577 -0.2022335314505197
1.0466062922027284 18.766482217377114 3.7183721103122247
1.79319097935105 13.13775421344078 3.136538280066772
1.0532565971230632 17.32691394187153 5.322825466374259
4.894991503754604 13.284237102355618 4.403944955888441
7.377373923544389 18.44416567018936 4.892088272012002
3.9666734706171503 25.06619574422817 2.082028937342375
2.5233333092291783 13.061882997057845 0.8538647142224198
8.037986249796687 21.918907862187883 -0.3158094284985469
0.5852230637148657 24.67597472904422 5.9601516107246795
6.713398153479568 18.038908581983346 5.9658801190858215
0.11937737179028647 23.96990890280529 2.214934607245982
0.6552502446269735 19.524612913758205 1.3700601023008319
4.970740196103994 13.435482966793042 0.016301258715809563
1.7864774820795584 25.3054077437314 1.325346183141961
0.2161493598267893 21.711799669147165 1.6599502436391533
8.00027650287409 25.483173801644085 4.490881470861455
0.2641084651954113 16.649531662822728 5.031623691102985
3.421387007538939 25.101643790678665 -0.07282727029548908
5.868182684532971 25.52316802326919 5.9649344147367875
7.5591834204658435 12.787422167983726 1.720824844658363
9.066114950785666 21.64223548796413 -0.49692754342249623
8.192039741142606 23.857054595726602 0.47068936581868615
8.439162035326234 13.088012745090642 0.6642165541239353
11.793829265236079 12.822700482421872 5.05926346653018
8.252928544238882 16.009551011688814 2.867055285173442
8.409458263337646 18.908588951349806 2.9798722285392856
12.18216727342912 15.883562529922596 5.886626871480367
8.401230673437853 14.664422486641424 4.801377142147025
8.259914472609278 15.35588256302087 0.6189192644048436
13.89099699153579 21.34092431409198 5.812250527816921
13.866917354163668 13.534366450487669 5.338996726651393
10.350717259545043 23.789085477930843 0.2140580954471505
12.579451767723645 24.263029529294943 0.7249438026625599
11.515181630765289 23.32745722952457 0.7582422361259689
14.617848312865645 16.56463890177473 0.05479873273093738
11.919287989362987 22.152797711245995 0.19343260892329628
10.103585676120796 14.873113299818822 3.286281423503452
9.059468714895416 15.486132179224962 3.892035649523514
11.838037658814622 20.84924919627597 4.710964334006107
9.498432575457906 16.64614993371957 4.497120158731561
9.884808099979068 16.851482497443442 -0.3137497288900071
11.601221993761722 17.124778983866122 1.1860858470475188
10.663159033212548 17.772610932917114 0.41659644788243244
11.143332099125377 19.90863959042975 3.9852092933572636
11.609439604542619 19.935437391898102 2.72392127371363
11.414981152817791 18.664696310213635 -0.3500629748570372
9.81847937515744 20.320212222510126 3.893412329284338
11.197118062225629 18.683487161719704 4.5897368780703385
9.778179537370988 18.505392886900246 1.1686778282432109
12.311057103385169 16.307717615438957 3.6028859717636608
12.921490787777664 20.168638498917353 0.778010418601931
12.801439199442296 14.143490738040429 3.431711012649875
14.133365762848877 18.670202795616415 2.0045522982668453
14.294048084176612 17.336443413804144 3.8591477970570387
10.377793917252918 22.758624974756476 4.1235496949729535
14.671792621496369 19.614924836773614 4.024063495054441
14.77923774855601 18.519420425920867 3.183311204742557
15.685478754584981 16.605070738596886 -0.10309523956610445
15.68889985061437 21.88327871583732 0.8791677114178564
11.294802602131183 23.142524781326635 2.114792853463646
12.48972268824664 24.38254564486747 5.571528362949564
15.653159291072654 22.732517080154118 4.889846123877889
11.156534732390778 24.46962778349926 5.623883690352468
14.622968039853534 24.325823045962704 2.6663979841406205
12.779175860787047 24.108880006343032 4.282466818729009
14.683995764638436 22.074382079661394 1.8434405782935726
15.29855867734072 20.873838379366237 -0.035254962759379005
16.101620476813558 14.56070071982841 -0.39898278420512634
16.25118855022186 18.731219748335842 0.10263857525996567
16.093894135578903 18.2793216490545 2.962333726511044
12.960702421155998 13.0928469614661 4.352045370079596
16.018603156655953 23.121315716609093 0.37106810418155
16.07655502106852 14.936321559459468 4.471093993904737
15.91848912991768 12.792028061298888 -0.32784088015342383
19.726689292041293 17.639211877697022 -0.7762288619766844
18.1586589231185 19.835523097871672 -0.6325635525882578
16.474886300031805 17.69033687030613 -0.07880604711876127
16.510656574676396 15.479082194512605 -0.30221017633556335
16.541364340809906 13.578738894308458 3.4620354034110656
16.48140332676862 15.079721471013906 2.811866389395936
23.03617245268309 23.880216928778772 5.692257107647508
18.818205535526655 14.465508350825177 3.1178263120478613
16.872465963626556 24.3910869274505 3.9985780302887184
17.46462083823614 12.978420825035318 1.2114136985052437
24.524254892239135 24.65360751165809 0.35825624055521144
24.513818627526984 13.35717125716955 1.3021872499465736
23.94832119707406 19.703424371881063 0.17700810013872692
19.427521498511528 19.71637350224393 3.508175664974962
20.764601922800814 15.780959093633165 4.42328384540026
24.241324088080287 14.323426076431863 3.2667791845062712
18.240988415716824 14.672066742863551 4.019077679642198
19.986064802782803 22.177827206221046 0.4321505134693715
20.65580122315859 15.415133484168788 0.6049661128123274
16.80544052509949 21.35743007204246 1.5660230264788089
17.870372919504405 22.474108682838203 4.644510212541091
16.956111755176018 20.069276038129352 6.119991601817899
20.7662099564544 19.68255840195497 3.2708698416223636
18.968315628068325 19.531707754120532 0.03095152420798719
19.93720411194318 16.326302765330723 4.852717358693871
24.075980517061904 19.435214929839468 1.5088275570904486
22.550950151224754 14.383248125756648 0.4801808271282404
21.231235906430122 14.196588334819229 0.7090348733622476
18.688081233097066 15.90791303395461 4.720837984449365
22.131337071014237 24.116873304287527 5.310987266176824
20.90972776209763 24.076188168875447 0.07134214631906
19.435163803696113 17.575644484457133 0.9597334820954428
18.988307174533595 23.193453303250642 -0.4318679320111263
20.337609465648608 25.348104210474293 4.910062455495712
19.90791275197915 17.454351097660233 5.654768343731885
21.89340741207204 22.676179784387234 3.8102838262651884
19.39252893538197 24.161335414501398 3.443171963817646
19.852327756635656 19.932702193798157 -0.4648569226679955
19.12685349103851 23.56040892861412 1.2156024995409653
17.777563871312747 15.867265396618029 -0.3381930730247984
21.027837918183113 20.81846964255683 2.4353261166705
17.811764270695445 17.22339393116503 -0.14457492703809138
16.80677186791034 14.600084480382433 3.73500433668871
23.265976906020605 18.67597728598421 -0.4072684639934554
17.87670502260721 16.848845285265984 5.179707827883772
23.712914787572277 15.13072401426345 4.265839185582304
24.08288115015769 19.386008127600345 5.468377580680769
23.170688119538962 16.26062869981063 3.737337623790784
22.75958580798274 14.353251573435799 4.990463662320281
21.41027524373034 23.514987207257306 4.289225801121319
16.85249112772343 23.983730281692598 6.214122912164348
18.509220679304914 13.924172692394958 4.765271985646017
16.84912553837829 23.424208028655443 4.9756766089051565
22.757807682194837 17.158335005927196 1.424859530899547
23.131070778988565 19.510268810384087 5.154186078488516
21.47156452636488 25.189211826209483 5.649073235196106
21.00287102261385 13.76804096821533 1.988689451080694
19.728650354384396 23.234992966869044 0.3670478535903543
16.7974046158958 16.816033116624507 5.200540342950635
21.582550814412105 23.783947107087865 0.877570589394634
18.662795175880674 15.334487375735517 -0.6526976327393141
18.59286872524296 17.73518519655042 5.812146719862541
20.61635635637074 13.372478373683036 -0.22586061895219278
23.247697541464223 20.91381909478755 -0.020963470806919515
21.46870498319534 19.777757637716082 4.434510525567575
17.1619028116472 20.39071683406326 3.7341397330200055
18.84989157943396 19.844462986593655 1.0683809961592394
21.131327985369268 18.597501838913953 2.5238045113416074
20.714957673267293 17.98109077592818 6.1422350671041865
20.264318157640254 24.241956807517877 4.075535579938743
20.246890806649905 21.24208949717629 5.933972039187473
19.05072981973085 17.961769341604214 0.015689994196603774
3.508688270949896 21.03027942865878 10.420418381812924
2.0117474538323705 20.14168358174545 8.9550340597121
3.3857626606685605 20.28188258079597 9.242523067487486
3.933984849037198 21.120988945450797 8.242259673360115
2.0156395070022226 14.242722291168622 9.6123207242416
6.12343122635322 21.49980488522262 7.177589878307025
5.597554788206139 15.583972109897237 9.014972928101592
4.0134824233823 19.046690841235506 9.331698393833989
1.7690251059818822 22.658429706051454 8.598638962873228
1.9058669425958008 15.00834849696963 8.469058725738076
4.638364053216778 16.063068521340856 9.144663955169726
6.7849451310667686 15.814681942341558 9.53384880906058
5.454341744364072 23.504264131567343 6.768784916127438
3.3069630996623056 13.829597603788892 9.671093063478258
5.6724805556236015 14.513240685663414 8.299505276248457
1.9363021057376353 16.303200564279628 6.97968616929752
6.993839280823481 17.058288571479867 10.383174993835107
7.306730886695727 16.726155965312593 11.373067298709607
6.124468026495958 17.703883192628805 10.507678841341267
8.042955571023437 18.017279665115737 9.814584230678314
7.659721819531516 18.43301311248174 8.882705701771986
6.0804989410701875 24.71652719153457 7.063080418121494
1.6674947961783353 18.009971375035626 11.54123321518042
2.335345236347006 17.92529818797661 10.683966488306783
7.771013655834184 17.429024766680513 6.750915057495672
6.207693620921052 19.18558380256421 6.619991210169362
1.6384191168245894 14.908918193908953 10.772779332949495
3.5625997191907 18.252258422640402 7.135149255341538
1.6160630585335034 24.836232302704982 8.859875820293219
4.889681316740003 13.9631006772753 7.975975798791656
7.734426815561754 14.99320545419068 9.023927622643551
7.005733345166032 14.23960091483757 8.238254645858692
0.6767977190895004 19.873339002967004 11.053812775442127
7.398282303001515 13.39490932598434 7.691627318108896
1.861563818867434 17.12117036615154 6.391945076864014
1.264854708486715 22.568376456984403 6.401821392790456
0.37421292191668487 18.86989950362891 11.353231565611539
2.178253559757046 18.176129828150504 12.489714556140134
7.4717019220281715 24.489638673916197 7.3019420304307285
1.2853909911207888 17.019772278524893 11.789431587316987
1.1422947351563588 13.25505191020898 9.287166820975557
0.7428828846764802 13.276790283924303 6.953360728151657
2.7840753531830664 18.088331258070664 6.404787908983995
8.17606611074491 21.03864095778663 7.941702171217628
5.528032921571752 25.417061061480833 8.10643491394152
0.11339633713650699 18.902248350079873 12.411072887092597
8.222368275888494 18.835027140279102 10.512581471527788
8.786920026619493 15.110948344689957 9.235575094905627
8.985715509311913 17.55462839803019 9.522595354451035
15.47825732064615 18.712312557436626 7.326978146294967
10.063783002047305 20.23427412092121 6.981955853500424
13.353054755064134 15.902664780952689 7.794278668923403
9.399041868043762 21.3849962730962 7.385838175777801
12.083553416809965 16.065448035483666 7.256478400943655
10.021666618730519 22.014814933248665 8.42839323378019
11.57023326032467 17.32311916994746 7.493188338632429
11.298281390404155 15.073492453253055 7.828520277762586
9.821047980945448 24.4827062960741 7.702296363144035
14.917886304640618 15.87658082749811 8.12550347079415
15.87752177468469 15.722791863640738 8.400364743551647
15.587557011874415 24.033067498777328 10.155320050477156
15.867387341825467 13.71672714114813 7.996510217608813
15.719461546497024 23.607740316532055 11.150205964478792
15.414991173495105 21.063047497933024 7.509031828527432
9.881321817127658 18.029499756777927 6.289786589016009
9.225439832829078 22.31873387807449 6.367279809997547
14.7122754690859 24.972949828541182 7.740114501897626
14.820849879473908 23.58822475165507 9.520989613138255
12.592193813177758 13.002460223445302 7.242270335579057
16.192260334164743 19.920043482557926 7.301208956087967
12.862402221888397 23.36157674702303 6.418461203116439
15.72714265603774 25.51742929816529 10.296676596564131
16.41240661848624 17.528887722668077 9.521623395402163
20.36092537465147 21.433475085358253 9.20039524356769
24.353403006435126 23.035347752333397 8.268398512201605
16.54263278292445 23.81442387625271 9.67769547203469
18.132826779083533 18.474017159279548 6.324580850877477
16.467018983572306 14.574992867694274 8.261504249417094
16.6253007249296 16.508073293739628 9.240529103115291
24.481531107252636 18.905794797323725 6.62432984616372
17.6841108155703 14.611383955255635 8.770183873432009
19.258998940218483 13.600513544461368 9.312356926686991
21.199124946286407 17.864038799936072 8.338390159079536
20.394259427671628 20.865924303746294 12.60292520799421
20.154390638807463 21.350746806113364 7.004503359774954
18.780739281906882 13.743258096770518 8.34334108946178
20.01776243814759 21.32054652505998 11.686590851559732
23.412832695444397 14.231475954502383 7.293138164107706
19.673341548337106 22.32817666457338 11.919304737868165
19.275122876407238 22.083833941513568 8.828256962859344
23.86253870494162 18.540756259960624 7.430552688928182
21.899701263910426 21.794799695739098 10.660928847751961
19.32725629214025 25.196403112798528 8.404423854266945
17.174134841522754 19.79516639268907 8.275332834252556
18.303289246721402 22.47866561054867 7.053463069413216
21.31737443259789 20.14222029491478 10.48073459375018
24.145097800838553 23.686505991929323 7.094795703737175
20.901658865978842 20.951810723634644 8.029131502120768
19.50086955825641 14.22862841499029 7.684608943265635
22.122356210755818 15.899094601461892 7.7142565722156
18.667067413097417 16.28730883880512 9.804783783562863
23.59373260645218 21.85672527287379 8.21288792040174
19.10130286831994 20.80330890122687 11.402571314551459
20.807691646850607 15.937383779255482 9.579549642470049
19.048526422309237 21.99915865886945 7.538019191476812
17.78360161442369 15.850878675621368 9.36272395133583
21.794039811166403 16.68815751499754 8.806786044484674
20.963565644403104 24.52018971164447 9.84211557944645
21.005147507866145 21.185221026745477 10.533306653765134
22.93728803152796 16.944447738286495 9.530352823362922
21.788703145193164 20.337853260279868 7.978056264344108
18.63010347141882 22.562349383222465 9.550318552511335
23.998474376467296 23.70905799167478 9.347439416851465
1.2299508965506885 26.23005422123679 -3.3500001417854772
1.2299508906328933 29.070000297121627 -3.3500001285119554
2.4590443220405938 28.35947362661626 -3.349999975682562
2.4590440561616167 26.94052894409433 -3.3500000059354185
3.6809554748723423 26.229536544759327 -3.349999893276512
3.680955623627269 29.07052019960238 -3.34999991958133
4.910049105857018 28.359993804273845 -3.349999919792471
4.910049222199646 26.940008632166585 -3.349999899976991
6.13999999587829 26.23008516482307 -3.349999893685488
6.140000005526537 29.069969076637715 -3.349999921435284
1.2299499251819677 30.48993511314745 -3.3499999309197226
1.2299500145433526 33.32006484079711 -3.3500002238821667
2.4590402276804864 32.61080366907378 -3.3499999418707302
2.4590402183139424 31.19919630530062 -3.3499999697767824
3.6809601961524345 30.489413010398827 -3.350000046360324
3.6809602365043204 33.320586966831485 -3.349999923175221
4.910049644635003 32.61131706145649 -3.3499999310108453
4.910049653211785 31.198682968317364 -3.3500001539559965
6.140000008255727 30.489966824450253 -3.35000000558078
6.14000001423372 33.32003316571654 -3.3499999052091454
7.3699509063017565 28.359993808700477 -3.349999907955471
7.369950780215304 26.94000864391583 -3.3499999047290716
7.369950375798739 32.61131707179753 -3.3499999327948906
7.369950392666628 31.198682944226274 -3.350000012249419
1.229950930206213 34.73999974548902 -3.350000102929531
1.2299509002460236 37.57994576513865 -3.349999936148839
2.459044011979258 36.86947108203041 -3.349999950083189
2.4590443209317367 35.4505263717446 -3.3499999622564824
3.6809556346760046 34.739479795808286 -3.3499999296484786
3.6809554593209275 37.58046345257444 -3.3499999255597923
4.910049232791646 36.86999135206269 -3.349999925330589
4.9100491256182925 35.450006190644 -3.3499999298378578
6.140000012090469 34.74003091843151 -3.349999967025512
6.140000012784363 37.57991479969906 -3.3499999274542116
7.369950770487515 36.86999136447623 -3.3500000379723014
7.369950883956617 35.45000617289205 -3.350000138474052
8.599044532985689 26.22953655616271 -3.3499998979656107
8.599044372447166 29.07052019488006 -3.3499999576558634
9.820955672107765 28.359473634165948 -3.3500000750081913
9.820955972682375 26.940528938665118 -3.3500000353871773
11.050049094828038 26.230054252751373 -3.3500000320040124
11.050049064265853 29.07000030009593 -3.3500002171286902
12.280000030205851 28.36002502462509 -3.350000334575123
12.280000001701612 26.939977340551533 -3.3500000455814973
13.50995089199308 26.23005426829232 -3.3499999081131424
13.509950906065919 29.070000269692517 -3.3499999432830374
8.599039762134801 30.489413023618855 -3.349999954352195
8.599039766380772 33.320586984990705 -3.3499999251153714
9.820959776917025 32.610803685405784 -3.349999892788719
9.820959776624768 31.199196338872685 -3.3500000149768705
11.050050074251377 30.489935112881934 -3.3499999687931368
11.050050035948914 33.32006489142884 -3.3499999257289206
12.27999996751015 32.61134805710401 -3.3500001087112152
12.27999999272307 31.19865187101002 -3.3499998963514113
13.509949929422763 30.4899351146966 -3.349999912537669
13.509950048024077 33.32006485043717 -3.3500003775515763
14.739044297206107 28.359473627166672 -3.349999898834428
14.739044006493009 26.940528946501676 -3.349999902304186
15.96095548060722 26.229536561969415 -3.349999918999451
15.960955638208896 29.070520201735814 -3.349999915309587
14.739040235651618 32.61080369334948 -3.3499999018418913
14.739040215652338 31.19919633325129 -3.3499999179884012
15.960960240373144 30.489413030661204 -3.349999913925006
15.96096023748556 33.32058700725755 -3.349999871038052
8.59904437891204 34.7394797850962 -3.350000003182619
8.599044521209583 37.58046342725684 -3.3499999824363593
9.820955970342546 36.8694710383113 -3.3500000090823026
9.8209556799344 35.45052635962461 -3.3499999833374883
11.050049089983975 34.73999972246208 -3.34999994876376
11.050049114019986 37.579945734037835 -3.3499999813836356
12.28000002815683 36.870022645900946 -3.3499998819915513
12.28000002899687 35.449974967707625 -3.3499999476281808
13.509950960553684 34.73999981262424 -3.3500000606221914
13.509950894321062 37.5799457136227 -3.3500000092431828
14.739044019911152 36.869471031012424 -3.3500000503734206
14.739044321040177 35.450526381498165 -3.349999906476974
15.960955602963134 34.7394797957351 -3.349999994077714
15.960955413810204 37.58046347498546 -3.3500003434998216
17.190049125019215 28.359993801702963 -3.349999903640847
17.19004924515924 26.94000864853243 -3.3499999008224615
18.419999999238055 26.230085191701868 -3.349999967184222
18.42000000995329 29.069969058557835 -3.3499999140970216
19.649950891160653 28.3599938013143 -3.3499999194668986
19.649950782994512 26.940008659841958 -3.350000027740121
20.87904453031576 26.229536565401293 -3.349999994696755
20.879044357677678 29.07052019418893 -3.3499999015726187
17.190049631406 32.61131707630809 -3.349999896177885
17.190049632503825 31.19868295779352 -3.349999925490846
18.41999998700422 30.48996682848487 -3.3500000643537096
18.41999998360396 33.320033177322365 -3.349999907164074
19.649950355725544 32.61131705717181 -3.349999941821904
19.64995038042316 31.1986829534444 -3.3499999854342724
20.879039758705485 30.48941301392493 -3.3499999067634025
20.879039749526378 33.320586976896436 -3.349999922797368
22.100955687068062 28.35947362175184 -3.3499998974978427
22.100955976732724 26.94052893465837 -3.349999907158506
23.330049068305097 26.230054248648784 -3.3499999188668816
23.330049107415363 29.070000261901598 -3.3499998924175656
22.10095977331791 32.61080367348892 -3.349999946444945
22.100959778685187 31.199196308756868 -3.349999945510145
23.330050068661546 30.48993510613232 -3.349999908815814
23.33005005845012 33.3200648757474 -3.3499999336573847
17.19004924910694 36.86999134948054 -3.3500004768294933
17.19004906342801 35.450006182645296 -3.3500005311017977
18.42000002251688 34.74003090934228 -3.3500000518413673
18.420000015988048 37.57991482989781 -3.3500000235940397
19.64995075829293 36.86999135372826 -3.349999904172616
19.64995086809902 35.45000621276561 -3.3499998880340707
20.879044341389516 34.73947980884125 -3.349999911039996
20.879044494887964 37.58046341855481 -3.349999993934386
22.100955967531384 36.86947106868036 -3.3499999201108155
22.100955674552697 35.45052638340709 -3.3499999194453443
23.330049092807776 34.73999973380082 -3.3499999325777097
23.330049076105368 37.579945722738664 -3.3499999806650727
24.559999999895826 36.870022660485276 -3.349999901575865
24.55999998869089 26.939977368995997 -3.350000318957834
1.2585994134648557 36.04840790042981 -0.7426007077762575
4.296210096262777 28.473213814691096 6.125094273978871
2.794085066576253 37.84082985490082 -0.3845103269267669
7.298326128425722 27.433754262876953 5.99289112311118
1.5297608366964406 26.696443576317456 -0.7542268014063391
1.6659512894297481 31.685085892804555 -0.6192754459965877
0.5868717714483327 36.008694268820456 0.8785823088214706
7.488659456048774 32.902432957945166 0.14317167958584065
2.2671059059621843 29.231387126923426 -0.24763609506027962
6.042619630822632 34.91101965158922 -0.35226358616445075
4.458534178410744 29.112577439263287 3.9257875176656154
3.7744555123817074 28.28625726287165 4.841218233011854
3.763231891033706 32.21046404543671 3.8406284185510686
5.183269770119561 28.372433920264488 1.686796455079338
0.9407962038719528 26.941613729456936 5.579789492400307
4.034030079759798 26.938880281463383 4.4037080362565675
5.473779282446842 31.37639289866921 0.41250297108267553
5.1380191695916935 32.27893328860283 4.352273579188911
3.6182348461140834 31.183168440561378 3.5063536840930896
2.417487248661535 28.646813959787902 4.815687741564087
5.474850103344926 30.68761641187359 1.6690776735878865
6.722976501652007 31.37498833644884 -0.262850243713596
4.516527487809128 30.80666558400012 -0.36925427503577746
5.162589458612167 32.698736886948055 0.6320335991569059
6.051827136308905 33.18207572750104 4.023512294492066
5.90405470077528 33.95624963622592 3.285123463081968
7.113332470235958 34.926167554558894 -0.21174826115362366
7.4575081126716585 27.5850407983632 2.2674360398272952
3.497952275648582 32.87025311109372 3.014550265386794
5.767505923959042 36.54046571181851 2.127861639018241
4.8615731621345875 36.65441545248466 3.1670756825363577
3.9931278314311296 35.622687811301375 3.1774634410833458
4.162828600271732 37.8748135867878 3.1766221617149846
1.4775054951550393 36.26215580987419 0.30357898933851435
3.2355403214251934 27.059217931597484 1.1856207464698199
7.1095032878471685 26.3637649330962 1.850461558654094
5.717690696720244 31.52787233272839 5.339635712785142
2.8093920326465893 32.60603835250535 4.988743993770632
7.018572024350294 31.887980201557436 5.495591136233784
6.327894037238297 26.573163692739865 0.7075175365059005
7.885552521982161 33.829386794963206 0.0854440583373095
2.121627687638446 35.416515865055075 0.5446177524662199
5.51956745826704 36.65395320198635 4.417822089481252
1.795373381332079 32.59748384669003 4.589002833487036
7.5025882047025005 37.58246714609657 3.504914712849673
2.0037163085479373 37.74135843283325 0.35948070987930514
1.0710998912639411 32.775212511443925 0.6212032955900715
2.0994925876447477 31.394546365182084 1.0995520333823705
7.788056035265584 36.9980012722949 -0.4032252739680797
1.323322199037868 31.735184451960606 0.41425996274549903
3.119999766394532 25.65185850621718 1.1189179060137011
1.2796349467803187 28.809034871688343 -0.1339713366674944
0.9358863293570979 27.526376199315614 -0.40077961886782365
5.1940299137426775 30.70961079387655 5.811469834560966
7.925467523796596 35.95155421827781 -0.17416928519122798
3.001924881464799 33.610447878922 5.36582834195973
2.4453206479460614 37.91747017738612 1.3403325137715683
6.468905653752867 25.76023875034445 2.903291275845098
0.19616953725973177 29.47129144480151 0.4160317586186235
7.223458710069591 32.93309623865848 4.619057808111484
0.051840165204661975 30.91161989805953 0.541572220764015
2.8579802755708394 31.867280463480625 5.788728971208937
7.7666675917080745 31.495231805565332 6.16827361672173
8.098003762624062 33.4271645926863 4.513381828629411
8.16661117382198 27.366927563399734 5.4813099738996485
11.169454820199944 36.017884096385266 -0.7403304143849687
9.591280303624826 38.12378856904309 -0.6826616957589671
13.07266774667152 25.560053226767575 5.916374659508521
8.306137775113454 25.728895829501468 1.5016514606061193
14.09739799488022 37.801344416853915 -0.6629482187205249
8.692227609797406 29.490127363628705 -0.3932236883803697
13.808483238738607 36.13136652856401 -0.18305729352038558
13.514315656908204 34.17303365819417 6.108894017499443
9.219670451798311 31.135755675036766 1.5927657826950137
10.108989164135874 31.479988168166525 6.139358407612699
8.541797825495939 26.41176669164499 4.595140292021417
13.310934625909912 26.8683084034004 -0.350464837317751
12.51839146005109 29.48800078578335 -0.3201265285917476
10.052060661600546 30.58851686955293 -0.6099902638459653
11.073228470295351 25.58977107963665 -0.04075901882460875
12.82608193578339 37.72245230836453 1.4154926188396044
13.886684909029741 37.48062450272078 1.4843449653404994
8.53991434094411 35.75503842431074 4.946636704731979
10.670021843577032 30.234058255429197 1.8991982287696596
9.088209123004034 29.485324713348653 2.064245267455914
9.130924108583812 34.23169784993438 0.27836095343003686
9.890359718784847 33.52689934715776 0.583183236817657
9.074773886869412 27.23629956179124 -0.11574349723395994
10.826665260044997 35.91381564816412 4.733212541376352
11.992828816130013 32.50386337694908 1.1090356431312032
9.585435280898917 34.222417450977936 3.5886055409473316
13.920784909713532 33.51326313330394 1.3806832337336639
9.653634696541756 35.5110439202064 4.152212553795684
9.246798148311345 35.50310589156573 0.08524291067400491
12.8963003953196 33.29182904304179 4.387256244871298
12.840685253045727 33.70172067613697 -0.5827692758060632
11.1620868676251 26.594691172440378 -0.08913041934841326
12.332127329286807 27.30940829069445 -0.23313127211725182
9.681415724485625 30.159322859228837 1.4462384492465574
9.661951875608784 29.781551600303118 0.010269511923900465
10.505157700186007 28.58661199294497 -0.09732567360400401
10.122851865360659 27.908113354616102 4.875620110612987
11.905055783921727 28.599939547471006 -0.28054641465272256
11.399392329864256 28.67466424065467 4.8030593752828175
12.383031273515964 28.32967142931537 3.65082986586744
10.140026571715167 27.401461157853994 -0.04972558579943609
13.41858802505757 28.55620050684086 3.9046147979670764
13.158078880641392 32.82382610971666 0.4754363310132559
9.841821285166652 26.66311349182081 4.309911526237931
14.024434636194483 33.626548738510024 5.31565202420636
13.790031007582666 31.62501342763741 0.09478057447383725
11.986739157777107 28.403150224834917 5.680216056461877
15.099466254341655 34.56843018354794 4.854888263094389
12.169630670657037 28.892235859042877 2.741939638622033
15.923061980510338 27.026114621529942 0.13276882055422878
12.129335342858006 32.65227819873303 4.824107851098914
15.56615998498364 27.682726082347042 1.2708364230100933
10.98876270851424 35.91809515875823 1.0089510702446158
10.501289182975983 36.24484643545214 0.09041791024943291
9.4586846999396 36.35881882055246 3.1591360293618553
14.354754098780173 37.03927479186115 0.07265882501233834
10.319473072746145 37.77221424437607 0.048249232696288
15.06481329375772 26.825661681295966 2.259974330865011
15.873023453928756 30.62612230679172 1.536643768790713
15.760383238933276 34.50475950382809 0.07821047707628037
11.206331253321105 29.746402273392285 4.850016911329323
13.229530578107688 32.785768786083445 3.48118744927834
12.29571098311627 34.14186124210375 4.063469866469348
9.044894299533276 28.350714758151824 5.505149376705788
12.259060339223613 27.270279560300473 3.426285715420563
14.040533964854967 36.70076855294661 2.230170122937362
10.57253555135234 26.103420145256067 3.744933633704189
15.907642218447082 34.3939722444638 3.764591158963273
15.352593915961812 35.765140745290964 5.397670418648022
16.175779834625594 29.237880871215083 5.184649696108492
15.605914424333754 30.797781071549597 3.8766392313160125
14.686610421313052 28.731652030140577 0.9516389443829698
15.948415069371375 26.411958029296493 5.763646121049261
15.767648148070455 36.684350344905084 -0.0488963603581527
14.41985855887497 32.70645204209754 5.745956557036491
15.86253939621556 33.508291229429275 3.1482025842221617
16.26680998717942 35.443829516668615 -0.08935879120694157
16.35032240356599 36.29598160028198 4.761629505888896
11.41734322448896 38.1835515818856 5.138207818921181
9.042182043137961 29.358617607318266 5.893124234576495
11.280556293279394 38.15119745603564 -0.29930043067719403
14.856894955256983 36.21621694170805 6.244554593381128
24.539669533706064 34.27225381197266 2.1214594164038445
20.661841262571578 25.56463442670186 0.008017538454124784
16.62869238560627 35.5506930552075 3.6446451428806146
20.58468498993628 31.791385287812975 5.327517301295495
16.739522392455818 31.290947073556058 5.846253381458798
21.80671967697609 37.50126050472989 0.372604143598938
18.62258920754168 37.92696772391471 3.856287420318416
18.518868094640613 26.051453998296488 5.616091363490304
16.554245869774313 30.439471810000857 4.747554714994113
23.26441719621612 27.265841396111703 4.013742723660801
18.606025627261747 31.728648406013434 1.7435620909674354
23.543124671518942 34.389665663162546 3.0198521776451637
18.982485703534728 37.08666713676485 -0.47737672232788686
18.170734838222586 26.31906407525041 3.122825541790287
21.006949490520647 37.95315370479394 3.9554229290295915
18.239249837093258 27.8535743035969 3.9651330587521274
19.510595998922867 35.462981651388624 2.4973073792405054
16.726202155008504 28.305870085786573 1.8711279426916916
19.65428483064305 27.298380520821794 3.056703850947332
19.401776235123837 26.158635310451206 -0.07978000960639942
23.702639488428463 29.341794764230144 4.618800234520678
20.23683286280425 30.65921073982174 3.303754311758258
19.711807060433763 27.346706067723552 5.573525128181065
16.860434944382284 37.1503387225642 4.93471648805418
21.57286472659062 37.92664274129593 1.6798264337538105
20.867169216901818 27.766984241186794 0.08001404140833834
19.3600594374078 26.455887491997657 5.05312540147785
24.14257885345748 33.86255077757434 0.8452834214636673
17.93102101057135 36.8615006256929 -0.37676836388147894
20.048632442424037 34.62572414072306 3.46951997198115
19.160899660172976 34.03382005072139 4.3664298061079805
21.56225214701763 28.771088024699434 3.934617593929808
16.777436408940417 37.55151222963295 -0.26870355333449725
17.167584506746845 32.091722841324184 0.24373687382351017
21.72183988855306 33.95136547609293 0.5745999364289678
21.25813632629811 28.69137660661797 0.19290103856309138
22.709284192554776 28.351577482303117 4.609104985798672
22.24460805448383 28.102341685308787 5.873453180845861
21.343337170771264 36.22725159221384 0.18799515934642574
19.29898752861723 32.878839574053785 0.015241999949665574
23.15174013405811 37.5756019979007 0.32900203241045034
21.209681550059873 30.136348253562918 1.2593735834115516
18.827569760420722 26.97797223686491 3.690723349325599
18.793479208903843 28.25703125896302 -0.15120104909545184
22.408818884939596 30.76909377998576 0.9392932622593342
20.759571906929498 33.58801828147176 2.812402913002492
21.675879565653176 32.21511914254765 6.030243706318494
18.443589517264183 31.850627026198392 0.38669561425890286
20.849171200764026 35.39298406993656 4.2634125330299995
18.212593738490032 34.75568235395515 -0.3788572979565097
21.47319320900976 26.564337263127904 0.20052849396344996
17.54788175660075 35.51597399392464 -0.36420795236713155
23.340609606962207 37.30378134254906 4.954903038103843
22.545961019581387 26.579233630186966 0.3244128065218932
23.031017907489826 31.256705529189684 2.08489036769957
19.542211470773694 27.479910345999944 -0.10780650116235746
22.619212574930035 32.53838213160953 5.039147219365388
17.714938551755584 30.26896077246376 4.006286921604972
17.306160085410266 35.93126306412578 2.894575823377601
22.049069393423583 31.73122606538962 -0.00042178533772641025
18.80019779251952 30.6838204158162 -0.2838562779270837
23.246806894805207 29.82370798142495 0.279824208229037
22.77177431401749 34.84094106117107 5.612572945742789
24.51463774606836 37.936822007023714 4.788444610034423
18.477382065824596 25.600723183710517 -0.054690596564113125
4.590450596115712 27.42189864180645 8.596890719529089
6.848567820956224 29.636239022072296 8.68082858057503
7.398170244209041 30.793137362040863 9.24805902354212
5.730490118702477 34.03340332376797 7.99832194038142
5.082030167725088 34.38970084485529 7.197914688741744
7.579060079993436 28.57145853794268 9.26599505696679
5.590458295577641 29.566940039364574 9.053023899925378
6.381617593648201 37.14373121920671 7.665751661786739
2.5294452204575357 26.81046687932865 9.550373991007177
6.987884833167449 29.528799419649193 7.3330739245140455
5.370201489832334 34.27270280936725 8.998835738481933
1.8077178634597035 26.149389836906412 8.591831407885556
5.543037409161256 37.01390419321974 6.997673659215742
0.5562816890254645 26.77070919790596 8.344997677734472
2.473699713537029 26.254657054370227 7.365871448123192
5.7091483997624115 32.95306523403562 7.855094349084887
7.183275545815424 36.148498030316205 8.147485939185408
7.078947281960831 34.64530584869566 7.781367174325981
7.771389369849016 34.10538649268269 8.427208520582193
8.060029709745157 36.705775870330065 8.95402473626254
7.412848538117015 34.514903676810995 6.751995897624483
7.915322908998641 38.00816161045171 8.895092687625525
10.391809232827068 25.581281935100655 9.804751084754109
15.346760252992388 25.83965847326274 7.852565309674797
12.183075050991233 37.994234732482425 8.876908959351276
8.741580111371167 36.250769835297504 9.65748657469735
16.01669486671832 26.421285575583987 6.841445205378137
12.747215987993233 36.140530688715145 7.69974612063775
9.667593199620464 29.81863265550394 10.128499001494326
11.742095610477406 30.686917046988057 11.49682159333411
11.575660833291058 32.11738069356853 11.423712810707338
12.06605395736812 33.77820009732055 8.654812654794412
11.013864345124494 26.594927891813516 9.125432718763113
10.726806892235514 27.85324939737919 9.693999975128138
13.121760512704219 28.87299477894114 10.168946818557819
13.735987036840493 29.41826195718615 9.467655522834871
9.82146686541368 32.4392229047265 8.131343115174325
14.730726267230935 30.283217706822533 9.811147950664042
14.00227560450938 28.993823663817956 8.230544335717758
14.618414689619879 33.833523680748094 8.694034607464722
15.07240702106978 30.748930958000365 11.202802097021902
15.407942642677542 30.522762751799593 8.704407274029087
12.43367740319165 32.75851585242418 10.549866245039425
10.515111404776938 31.48507666397142 7.476749699505293
11.8255351225857 31.836427500706446 7.560912588766225
11.823881428886164 32.6520774607914 12.75682788103831
11.11798128518186 36.01732429348749 9.178258614337857
11.695409204893354 36.853957963821365 8.219816449325188
10.780314416945435 37.30721546686414 7.214394821563265
14.29824279368232 31.34821415191488 11.681998719395857
14.121997301275615 36.718694237095434 11.61053934883208
12.920217719005898 36.82414794911523 12.238649468858073
14.996477416916262 29.780209909865786 7.718056242773797
10.340970986766921 30.25905609664218 8.068416322034777
10.476492187191715 26.585993556565672 7.81871879853321
13.977756610465313 33.80245684518516 12.785968449640029
13.553783764500217 28.254909189862623 7.583041077280322
12.387566324776586 26.35586939566184 9.109146581370164
10.248246384251999 32.39738653381191 11.043518728237776
14.649944056938784 35.518799593982585 11.794968907195054
13.770818377269002 34.840240474412745 12.570140493665205
14.617220385368322 29.23788253764076 12.634713609642468
15.341420921636258 29.67700794339085 6.774412595648423
15.556042972020412 35.204732139123045 11.47803612267737
12.743513413669818 35.65310996070244 12.896723516123549
15.947821746553602 34.285997112531405 8.688707050595028
15.485208998546804 29.674541409921257 12.140724948975505
15.790681513950345 35.65395926627746 8.60373180330759
10.18143573031749 38.11922180051466 11.461554897406565
14.667599696644062 37.53741789942855 11.16510743382445
15.974916165187148 26.18034444505775 9.034143879247923
12.194485870877088 38.04873176340521 12.4459450214774
10.570353796493462 37.900268264159635 12.455990459446973
16.11876188719783 30.05379266056959 12.94252244597253
15.912447003146704 31.4066255156532 10.979484615037094
10.218217288124148 36.950545931284324 12.858640891045734
14.73199358844018 25.904354622212388 10.515918761686171
16.07136866928083 28.980816360088987 11.538012417451348
16.294766310861156 31.13746035209439 8.65868373770343
16.588074725689854 34.06872448612086 9.900192335204004
23.62937683549256 31.909101820738954 12.306937955239482
23.90643239588578 32.93806060845787 12.077625874410113
16.76628883364679 33.88776044542576 7.631146713890635
19.245065785345805 25.606569782267364 10.601865900415786
20.745330259490977 37.26341996852322 6.477035511010836
17.635163969153126 27.804939707332938 6.938640885732104
17.020865713531137 27.179348233948474 7.440011967458898
16.979266793850275 27.0077959479592 8.722621663079458
23.002981530646178 25.66432293151387 10.298922150236887
21.45599019001238 33.405732069634325 6.7476199349605235
18.918558587657174 31.223297954532256 12.143335651741056
17.5824490700475 27.427045443852275 9.514329312336935
23.03896883403112 29.19216200285187 12.314858253582337
17.40335045931817 35.365354008797716 12.227937570176788
21.00139520994247 37.46839758292618 10.867229686923375
19.312516167926127 36.64984492361521 12.227723315120787
20.400857611316955 36.640746281152616 8.616794344340196
17.89272945188935 36.64196745994486 12.273952911564338
23.59917367673639 36.44814809429836 8.67224412761097
20.77229029046003 26.704307552617596 9.18419064469672
22.33632415954651 32.65246169638899 9.004874600310691
20.913536977015944 34.55280329898327 8.823023693170095
20.907735744343103 32.04333003274165 10.566757771715292
20.67911522807744 33.853731813233544 9.513274011131351
18.982710601251522 34.550121694560076 10.485442197081813
22.491446530146085 28.670790136335484 8.089873419112134
21.071182130189406 31.016791865675117 10.859852757321121
21.53555607781632 32.80054594999281 9.714269788573425
19.182433516198973 31.560839671993012 8.200451544152912
20.439066204899188 29.66425926511885 8.597370231631363
19.197000451083316 30.182718136736675 8.437613633510614
18.386339597197768 29.98548229064591 9.632384402627107
18.89683418021478 32.31296205106078 12.159466587253975
19.754945383202124 33.79866469337445 10.412190460411686
18.61823918144141 29.521642375840685 7.378555182117755
19.777835916370854 32.66762727025522 11.024393301380718
23.467947709725443 37.71457637824923 8.13898625001754
22.90954250032552 36.368842796760404 9.864379239664471
19.874641207215337 36.63109057202595 7.309824370627141
22.165416985339732 31.20696151633343 6.856048397554455
17.365486211558263 37.3134458101068 11.149554066084587
18.690742279042034 37.37270185311904 7.311329806920254
23.065760621976615 35.472584000677834 7.865433704925455
23.735996220863356 30.062263186341283 10.280353712685004
19.641008430200962 35.30912668895611 7.078628123878282
17.88058097614263 32.629488007160724 11.924645922699602
23.895173714296796 29.06361870373619 11.18635275515725
23.54894504158996 26.23761083683798 8.007425179215607
20.104664544234065 25.527420668860263 9.475947897513144
23.68648979692664 27.86023242130018 10.587389844154462
16.855575343238215 38.208831663677714 8.717017795136872
21.688535947761075 25.875000283815485 6.454689517132856
23.10006891177788 33.37725906977768 11.490273643418087
18.648916775621565 33.177536494000655 6.49685943445072
16.39092499861215 25.828986300025196 11.1031660487296
22.720969619558076 38.10636277680473 12.396563328004138
11.951483090635191 35.3486411595137 13.564845298868114
19.295908404684322 32.901050382829695 13.473800792590929
18.84120520037043 32.17700349881964 14.149893320107813
17.426578104454222 37.33518611015898 13.36264879138957
20.377041562981585 32.88905238589164 13.612029379038113
18.975425747600344 33.89807271682426 13.776021460409606
24.168322936765026 33.80935777546935 13.365437503602513
23.228412494973163 33.93734427466876 13.902361909344602
1.2299459496948686 38.99945562058383 -3.35000013689156
1.2299507839957362 41.830008649045524 -3.350000025158658
2.459044513121275 41.11953656078752 -3.349999968840831
2.4590053323050722 39.701081765946284 -3.350000044073198
3.680994646481221 38.998918216908855 -3.349999900595051
3.6809559569087553 41.83052893696209 -3.349999909965643
4.910049083048716 41.12005425898219 -3.3499999233598823
4.910054031491828 39.70054434761738 -3.349999952506999
6.139999997475895 38.999489804974225 -3.350000089059578
6.140000004557376 41.829977364273184 -3.3499999182038454
7.369950916689425 41.12005426577211 -3.349999920210318
7.369945971963916 39.70054434588973 -3.3499999887718945
1.2299508847085039 43.24999379211858 -3.3499999078728795
1.229950368609298 46.088682936806954 -3.3499999250184165
2.459039740458032 45.37941301086407 -3.3500000089439954
2.4590443506990725 43.96052020045719 -3.3499999613467466
3.6809556871268465 43.24947363321 -3.3499999520801307
3.6809597820451243 46.089196331530914 -3.350000274586381
4.910050087677933 45.379935105268856 -3.349999975401361
4.910049097183039 43.960000279814274 -3.349999924799726
6.140000007378851 43.25002505800344 -3.3499999586479836
6.140000006825686 46.088651871201385 -3.3499999169462846
1.2299503680397808 47.50131701152454 -3.349999920313822
1.2299507488543715 50.3397480829637 -3.350000037748609
2.459043474865728 49.62946796843005 -3.350000051402552
2.459039767494543 48.21058577102553 -3.349999924352228
3.6809597853032767 47.50080364477559 -3.3499999576973103
3.680956498007633 50.34026691996361 -3.349999969183183
4.910049285569684 49.629988300108955 -3.3499999378254355
4.9100500622090495 48.21006372030514 -3.349999928108698
6.140000004996742 47.50134806709802 -3.349999910595254
6.139999998523292 50.33971687438549 -3.349999929414179
7.3699499594026285 45.379935112022075 -3.3499999110459977
7.369950926609153 43.96000028368834 -3.349999920333281
7.369950716558761 49.629988293886065 -3.3499999551107518
7.3699499458922935 48.21006371138943 -3.3499999406163217
3.612106369387404e-09 48.21003202233771 -3.3499999404239222
4.197682499157785e-08 39.70051014651097 -3.3500004336628297
8.599005326222994 38.998918205109284 -3.349999936493304
8.599044030450386 41.830528959620565 -3.349999901020957
9.82095548715103 41.11953656229762 -3.349999903913875
9.820994684111401 39.701081780359864 -3.3499999154902094
11.050054067472665 38.99945564239798 -3.349999916439806
11.050049241700956 41.83000867126118 -3.3499998851398693
12.28000000371564 41.1200851989441 -3.349999892252514
12.280000003869645 39.70051015825512 -3.3499998882035764
13.509945946917172 38.999455634571554 -3.349999901826415
13.509950772893415 41.83000866712096 -3.3499999001772416
14.739044524842283 41.11953656190362 -3.349999886279469
14.739005337182006 39.70108176557144 -3.3499998799039963
15.960994670592914 38.998918207962866 -3.3499998996845037
15.96095593829426 41.83052891023173 -3.3500000375795755
8.59904432603897 43.2494736532193 -3.34999988041625
8.599040235628182 46.08919631003092 -3.3499998874349224
9.82096027177142 45.37941303708976 -3.349999982827349
9.82095565669164 43.96052020773292 -3.3499999219066376
11.050049101673268 43.24999380990937 -3.3499999361711854
11.050049640682545 46.08868292600313 -3.3499998524174712
12.279999989051996 45.3799668723157 -3.3500000661702742
12.280000011719714 43.9599690613962 -3.350000308065165
13.509950899276442 43.24999381107505 -3.350000006709546
13.50995036598877 46.08868291923721 -3.34999995453897
8.599040217465493 47.50080359759079 -3.34999994538671
8.599043505594882 50.340266910639585 -3.3499999408432792
9.820956533637945 49.629467984820714 -3.3499999716276596
9.820960258111839 48.21058573745956 -3.3499999949552697
11.050049634636778 47.5013169745292 -3.349999887562679
11.050049215720762 50.33974807373904 -3.3499999460440657
12.280000003995902 49.630019574126 -3.3499999325056873
12.279999984327286 48.210032013415415 -3.3499999992718377
13.5099503918727 47.50131699162866 -3.350000022239449
13.509950790514935 50.33974808480846 -3.3499999363576016
14.739039746349723 45.37941301730736 -3.3499999020543534
14.7390443496016 43.96052021212861 -3.349999939233231
15.960955621128084 43.24947367045927 -3.3500001146447387
15.96095977375739 46.08919630762043 -3.3499998816453114
14.739043461270592 49.62946797790911 -3.3499999941862004
14.73903976446313 48.21058575576035 -3.349999903583055
15.960959790671005 47.50080362142938 -3.349999890377667
15.960956507704083 50.34026692229504 -3.3500000322784373
24.55999996512057 49.630019452831775 -3.350000469727059
17.190049054636752 41.120054225124726 -3.3500001310516314
17.190054044102084 39.700544323140036 -3.3499999109183354
18.419999993651412 38.999489809392976 -3.3499998793881947
18.42000003750037 41.829977382743095 -3.3500001814331792
19.6499509201878 41.1200542579967 -3.3499999306258577
19.649945934786512 39.700544335847674 -3.349999896558664
20.879005304154163 38.998918232265765 -3.3500000634944427
20.879044013747762 41.83052893811867 -3.3499998972547482
22.10095547825276 41.119536544856565 -3.3499998989659785
22.10099466211894 39.70108179787137 -3.3499999340529794
23.33005399044201 38.99945566969718 -3.3500005804823174
23.330049226564306 41.83000863686392 -3.3499999011449577
17.1900500617003 45.37993511717032 -3.349999879505552
17.190049112316334 43.96000031764077 -3.3500000098380847
18.42000002179935 43.25002506897288 -3.3499999498464925
18.41999995466974 46.088651902898334 -3.3500000279099664
19.649949934451346 45.37993505037974 -3.3500007525765674
19.64995089210626 43.96000025111941 -3.349999910196224
20.879044300866674 43.24947363665999 -3.3499998991273303
20.87904026323589 46.089196348314516 -3.350000027451352
17.19004929961179 49.62998828528652 -3.3499999071355746
17.190050070895253 48.210063718758526 -3.349999897686109
18.42000001642089 47.501348071808 -3.3499999457235696
18.420000008267046 50.33971686195824 -3.349999906207456
19.649950703423812 49.62998828458428 -3.3500000286913223
19.64994993667507 48.21006370864362 -3.349999962940393
20.879040184362673 47.500803622831576 -3.3500000630142934
20.87904352678736 50.34026692241229 -3.3500000039511226
22.10096022937864 45.37941304166546 -3.34999989944307
22.10095562882454 43.960520212042404 -3.349999923674112
23.330049107476164 43.249993804317434 -3.3499999183653486
23.330049622460574 46.08868295377105 -3.3499999139842886
22.100956533928546 49.62946801176061 -3.3500000475603384
22.100960233411026 48.2105857692794 -3.350000217423669
23.330049636820675 47.501317018132944 -3.349999963154894
23.330049153761383 50.33974807958391 -3.3500000404085686
24.55999997206468 41.120085195652536 -3.350000006886148
19.69198725371337 45.644252173329626 -0.9012818819418056
24.55999999871272 48.21003203035153 -3.349999960789385
0.4600284757893183 41.96107010684061 -0.6063435026204844
2.525049617740988 40.40774714217015 -0.32030720245885935
5.069528521087653 50.247628907237264 2.331484762518581
3.2688973947491102 45.16109167256633 1.7362565151655185
1.4958818285099473 42.69195111769389 3.588891945748692
1.884688545560541 41.413915283006176 3.1664519460183813
2.1507029349553908 44.99166831719526 3.899414632085003
3.6830957402763986 45.924767368987666 -0.41469880614361965
2.964185176420067 45.042300497687464 0.3686741217070688
2.639973901553344 41.46733801426097 1.9772098338304855
3.110818710355846 43.726975951579035 -0.08323729553749937
1.6246988870786645 45.2876402560218 0.2713264461662068
4.010332219584634 43.70180157730532 4.416344422416049
4.785970145074377 42.60843785315894 1.036732319225676
4.836295029753185 39.998864131786796 3.9946140878435257
1.5114882095811832 40.05722086823979 -0.1929313680534528
5.226468370340637 47.19544376147857 0.6447277105497395
5.175543344125468 43.05814268467847 4.761996339515571
2.706593122995329 40.85793305004784 4.0729480374687235
6.557032567571993 40.00457335376214 0.9660805428517438
2.8922936849097285 47.224356150212095 4.280846801935491
4.2157497139710705 48.028439410007415 2.585584781480166
4.192042099195793 47.61459859828473 3.9561452813760587
5.725091094921529 42.65978955789418 3.575861298873714
5.301863612431674 40.28889671188637 1.4814040917759341
1.780564713472524 48.565493361515756 0.707393325527006
5.989699259932294 43.92149046143919 5.403377816177119
6.376822606590383 43.94609829831421 -0.14202893868569322
5.17031006806981 46.64952210538491 4.132025492688557
0.6691040461550197 40.68406546658455 3.1007418015240984
6.326782094490573 39.44561935489029 -0.3015069294224826
7.051261876391413 39.70311336558 4.3453191580109305
7.148498985783689 46.19894672253014 -0.001996156796176818
7.100885923149108 44.93789082789296 0.577442410368626
7.252112004106832 45.601914715738346 4.0605258045316255
4.502570097483256 48.77693854884569 4.7051793246250835
3.8675620695237365 49.043591147702664 -0.08542116179039771
6.742366420695082 48.81731658439558 1.5840800509084296
2.671118508113954 49.57400156820152 0.4363172519121572
0.6162186651853991 49.24820688606696 3.898194606212433
2.971402817356275 50.190949048095646 1.662239838470021
2.1491562936350532 50.589051604402826 -0.362053163887035
1.673100737749968 49.13341130341317 3.7078731441129733
7.299613975650118 50.44139420245635 3.093168774051638
0.483674918076297 40.904722576522474 -0.38280213962483933
6.468159910582172 45.06352877420265 1.797499532652238
0.028741689977161 49.04558500504548 5.0411151887035945
7.325340421575102 41.222614055394246 0.93262056868187
1.1124161669591999 38.78772991193302 -0.011672838079314074
7.728456691757812 49.25651643850054 2.4947386830308185
7.076346168753289 39.02179723523578 1.8071023944050224
4.8246533957840185 41.90693211470231 5.434885472925821
7.934927350568608 48.27735066489756 3.525036558603553
0.32126383062225006 45.989323947405595 5.016929031295032
1.648877070243577 48.011595138386596 6.107226681951921
8.134188439660564 40.93143879878962 5.954856163601743
8.349425807590146 44.35873382925517 0.854783376725724
12.660741318025813 47.27060241810212 -0.7266850560037463
8.881848056474777 49.54923845321139 1.8726734096984432
10.37716330185885 46.30573245362012 -0.07137518832505574
14.983453409954663 45.60275488752529 0.45561908421598574
8.242078218671315 40.231016360736454 4.713324749563871
8.56654130601735 41.0659636327159 3.710474935349899
10.758157392048194 47.97209642386332 0.35288834261593127
14.485929088673021 47.646580064453175 3.799773413490559
11.019607086572686 46.93199066407662 0.5476293653177244
12.464327088648494 46.77857529388872 0.2259065457696341
12.859112087031946 42.1304863783614 -0.2625606581648443
8.49224427953397 43.75836478110388 3.6350918369531104
9.006989023455889 42.421172249593596 1.8916960777639502
9.539737980449758 45.742064662166726 3.7002486718515604
9.703514510853454 44.38556953448935 3.830701063083003
10.109838037472764 44.08890444401426 5.133515313742484
10.621581507527653 43.907320546233144 2.8908993010340334
10.96458729069351 41.17037784311183 1.9962358675807013
11.090029728394274 44.35319343219757 -0.42544956539044554
12.037153471591514 40.788329929224986 2.731451771159128
12.084555875423808 41.508936098223465 3.9346284677001107
12.150911805786032 44.23134438878515 -0.2639502511016345
12.871880164168989 45.41773001288385 -0.022293306206468966
12.59779794340861 43.69923429997296 4.3676649626373845
13.301625986870286 46.9625225647702 4.187167386591958
13.229239264997982 40.85802827861825 2.0232342305101603
13.138306951473798 45.789235634037084 3.457454743295789
11.795288408415532 39.436009855273554 3.1196432889816403
12.988984602663209 43.20135581857556 -0.20991303966400365
10.774607107427212 46.61089843639154 1.5600397522842335
12.978675073088707 47.3421462481695 1.0043241270068837
13.271096156908504 46.69724697773063 5.529847427218607
12.280320575644906 47.959056835725285 3.9598445928012014
9.991463223388484 48.662191100233 4.481235410403171
14.117049642072002 45.01949754084474 0.18074569759472414
14.263247496536128 43.696240587808404 0.0360543213747988
14.985817869040181 40.209458255483405 5.208717612225432
9.23265642640656 39.203791009813834 4.7117981288789235
15.415922442591489 40.66060116669462 2.913710429899824
15.451662080973499 50.153064855134716 -0.24177325426198437
14.164584228049389 49.92277228454111 4.248569861847268
14.619478944427135 43.38396218692547 2.8118179247310495
15.300050482054328 48.229869665118414 1.0327653163343364
15.076181042642064 43.87388988339445 4.9100932792779375
15.658629105573507 49.55851159797479 0.9814237689488203
15.136718793673085 43.19920467289489 0.13656895894103904
15.626133386447936 43.829865836923766 3.6199034451185277
14.470411519249907 39.283493321331015 6.091252162397315
14.998713842401466 50.284215436891515 1.9147528317724838
10.056389837637495 38.344970789844524 0.9375394840041107
11.922049510543957 50.54937761836003 3.580633533381911
16.30099650324766 40.85609542420224 0.6773959461103773
8.507096054921837 46.48698371003683 6.140664586882699
16.034592219223608 45.08811675557797 3.213159237048233
13.702535831207175 38.31810567227761 5.480851845888645
14.310270046235365 38.42295620191597 1.8317447354271188
17.388658090561183 40.82282790408271 5.990923605579926
21.19570023047924 38.4893246494546 -0.35260336829077255
17.84537956498892 50.52359002100021 6.1382445855681675
21.93373253803819 48.94095482254542 4.361108571405371
18.642313609955004 50.673401041142945 4.075760848314011
19.469266182339403 45.826587191550686 4.798808186206261
23.354598446807113 48.639018648029264 -0.40565130836183405
21.74307290050088 46.55581926536311 -0.07025484507024671
21.987643583518686 39.830814433187065 4.9389602160862935
17.924455606731563 49.89273560797413 4.976901011053463
16.83968701857878 42.718438270813955 -0.5254785654258032
18.369594128259244 47.74703927281423 -0.41482711355146806
21.584909528459264 47.623302270764746 -0.11343332433812914
22.63685838770225 49.42949559499344 2.856120244861684
21.64059768000958 40.30429712711655 2.7448482445032365
21.715557996350306 43.173986181825114 0.9120340538473837
23.755806416314684 49.17577258534923 4.186563061856124
18.239580855197364 40.83920996170576 -0.4272688085951637
16.687167513083832 49.736503765722965 4.405584432964594
20.15111941240279 46.619556909826954 5.7630311354787676
20.523318564534126 43.12355571594114 1.6533896836443995
21.946927348286465 40.9156047766261 3.9958551576474766
22.0548870218447 50.78836437589778 -0.1192023127420927
16.626932068019556 38.610528894193074 -0.11959906793027497
19.76388555046644 45.39970474484449 0.8554281426107613
17.102407356047078 49.60744581092318 1.1803310389347421
17.973124713735825 42.16404310283541 1.3548555786747807
20.097025160462618 44.60135745025246 4.527108411917013
20.34587524245371 49.47455607676838 -0.11226826886015728
19.199412221021017 45.86291498380511 0.04616543193662004
21.90669502936138 42.02754185814524 0.1859318129801646
20.78380611035999 41.61360073440074 4.293035151186264
18.37450563378716 40.118589911219956 3.941392542585528
19.09989936491967 47.38699188810207 0.3098246255707171
19.03972453478836 42.90943235462471 3.465274466996334
18.108462972795998 39.04073254836261 3.1080580087389444
23.79894525242498 47.103140259960135 6.008868986790907
20.36753301845513 48.12710763993914 0.057865398695545744
22.921934594006046 44.47157074754816 4.349139534167471
22.857301345582247 43.28430098559926 1.7823903386117956
18.35133766534037 48.62547380079886 5.232640464220686
21.830233435423576 46.92575390022961 3.3154610816134444
16.547099667760335 46.89664296133142 4.658242015777645
18.275430134868405 45.47932918822962 5.410997666438355
19.24415492142573 46.580844692957776 3.6969954525675988
18.160072691110454 45.54504858201871 -0.0365043465234105
23.28479886928501 46.55635888220593 4.818347306493088
17.328437301468437 41.662148265447094 0.21646125240858294
21.639291473790056 49.791690057977746 -0.13710886009239864
18.738154224057816 39.20111563773729 1.899329549638672
19.444273311817778 50.05718319131325 0.00630493280406208
22.828534994479202 47.26853591797931 3.587480356502514
21.844425995599767 44.290678198787724 0.14269515849335557
23.17998461556836 41.55497561295411 4.021971806855596
22.367593649758682 48.65887730030793 -0.19228035311194325
18.69420477521784 47.56113790201894 1.3064113335914274
16.725082605060514 38.88383539684162 2.8860343014206946
23.497953156212635 47.03565997303249 2.759381256592385
20.3234344943951 40.41311424061103 0.7016673429356568
23.22466455161245 45.22385256282327 5.06246038987718
22.824086917588968 48.82442873187692 3.7432163889720558
23.9748087795009 48.16867066838441 6.019684188220378
16.627465668873096 42.97061199688996 3.5865889835888174
6.7431412052732345 39.29576664798186 7.63702893495222
0.6857266158744864 47.72335966301662 8.193215861586602
7.076306134509135 49.60642384880296 7.516277758495359
7.540499717488287 48.91696338968209 8.090097061827635
7.6921589538664215 50.67258459977379 7.005629322868266
5.7520720130439695 49.700722586193635 7.003412123559421
1.1178929258022128 49.60474187546705 6.638764542322582
5.012598559568694 48.932041916932405 7.172849546595445
0.7722273076216819 48.63754719405364 6.273867667692937
6.956332121958012 38.303922756619684 8.007427812208483
5.551551603626575 50.93078796650199 6.536206193780977
8.388281641743664 38.66273521668797 9.501676095866491
8.47169829284475 47.47054689846146 8.200400670070666
12.480698742223089 38.82809434825613 11.739704160341258
8.731745796168516 50.923761704557464 7.155860010171279
8.538903350194053 45.146385752849824 8.099567442522066
10.323434877954588 46.5252506845129 7.381539023736235
9.037007764436927 40.01701474500072 10.359385240553468
10.382263093834027 40.669742840938596 8.590297297905629
8.925902053057328 46.39467099872885 7.484855588963874
9.741599625599298 41.01687939876319 9.814472930275501
12.970102711435334 44.959418283562236 8.669265625547206
8.803252879443363 41.92692068802816 9.459490941451632
12.814751953922878 40.50146958749033 9.127826937190582
10.708127875542113 41.4758784306861 10.69323129634975
12.485713405395057 43.75703684812814 8.140938883094266
13.11277343397828 42.69211833378159 8.801832813290678
11.118187681414351 43.64957606158997 8.245824589936873
12.699613069020186 47.202341511511776 7.6944496495709735
15.00337850591854 47.28046317264817 8.407857280255236
13.701928474430199 45.94455750350534 12.060985255346452
12.6409230957644 45.08058330798272 12.013055143817287
11.24476037793541 45.488047230218534 11.922178491566392
13.074970355921971 43.86370543882438 11.824122920109257
8.98365861545719 42.91060226016965 7.360356303509972
15.258089729993863 40.44642132804664 10.731353503758237
13.965525068805436 40.68261313505712 11.155650154550916
14.739305264201175 45.153882908654026 11.718008323185332
12.469506559188122 42.97592149651059 11.71617264118496
11.074377709574279 46.41515348407084 11.374872598224893
12.190856137676898 49.37027780304519 8.081153427545873
9.67423724862444 46.09012501198836 13.24056362727202
14.388970215838608 43.86501408236902 11.67262037490331
15.554158658541354 49.39810090937461 8.456274956825805
10.670585352434014 44.70160698723102 11.432347107266583
15.175205881195813 39.57961364903017 9.676161044753885
12.89467444735788 43.76786212545467 6.755722894733812
15.592499411195837 38.64556484414513 6.606109333959901
13.727928038369626 39.97144300251633 7.02630343178515
15.861122341307947 41.63535321618388 10.29373839847644
14.94161053840778 43.02772704651621 11.555833845286623
11.85874443969088 50.294902045966616 7.055609313127487
15.790662403915988 48.24864932617992 7.752445236420727
13.66661603553533 47.02380365166073 12.041471584113898
15.752084604263526 45.44491504202506 11.481410973812679
15.772593484178971 42.741518513167215 7.262455410461732
15.907602068346499 39.80643398351989 11.812648872807666
12.993341291268294 50.50218724714205 6.3168702649246935
15.31678562694107 48.26406781770787 6.4373148504998134
10.139641185994755 38.69553752683606 13.064376395397652
10.83060126264296 49.758471872647924 6.263701818319937
24.175076989721525 41.367020592922565 12.063582554907807
16.729684310727357 45.33961422476951 7.854069950764117
16.55508187737976 44.344217381437716 9.296738415210275
17.48315932351176 41.71793322996389 13.141845371925347
23.885864228198784 46.151386094251954 6.951303073603029
18.125014907654613 50.301100151536424 9.647416885674428
23.82062865462568 41.71030250519842 7.359448864729225
23.16277759467313 50.5599800409925 7.189087189204598
21.682320327915843 41.20818230395684 7.1559474798423235
21.96895851406472 39.01078166476945 7.269646109685434
23.50518870662595 49.38207851141853 12.524990614339002
22.92610560357268 44.261277170235886 11.839731460853832
19.163913157156834 45.693022478427196 8.621577434769016
17.968228705570482 46.39660170793555 9.699327173067958
18.783611362074073 44.829628572995304 10.08090711628139
18.346560882055368 45.45466741506437 9.302181667917399
22.13733954242061 50.02197011858802 7.870776863976726
21.10126326362144 44.86387293455471 10.974573570843017
22.3292591119812 46.428082157419496 12.029098902397177
17.259500672788963 44.66967193558051 8.531249359692925
17.723115652925593 43.51661241858026 7.814653711422213
18.913367762225 43.13545981908954 7.4685964304446815
19.536697718819894 41.41707792362281 10.048280557838758
19.37652966899258 40.11198997009414 9.721389062681432
20.52180794462047 39.56453112219076 9.1771168435686
21.278127007428377 42.46846815879051 11.341403951546447
19.080989824638205 39.33760288005323 10.75764097433489
18.347083610637593 39.95357364178351 8.839912604499041
19.398113302317 48.21839716957893 7.3670148959289605
22.56768812904869 41.970926666879926 7.899302245666591
22.02516068737416 40.35492757646204 12.401495048663937
22.369785568962428 45.308809079184286 11.232607903028121
22.39888876059629 41.596594967553656 9.271598907928098
17.183969039924644 47.972639002896 7.654170989018382
16.848936285572915 42.676023489881466 7.202483951955782
19.68119514804702 48.69089983999862 9.840216955980228
22.524026078164557 49.26741240141087 9.005220059260004
18.87712412771317 49.57218004383139 10.480348526344391
19.440411983402395 42.79120173881158 13.05141876665678
18.138011366166012 49.014989761261376 11.480652167684871
19.691873126010517 50.41435358344742 11.199839891707374
18.908358135689877 48.19099026773629 12.846011355448683
18.091335096286215 39.600094287025 12.884775978728937
21.23625459875432 49.368228965563915 7.054497283750298
23.037404897141048 45.690243855770404 10.102700707618004
22.05223868069703 39.17323212290586 13.154220597786384
22.099816070123897 43.18391941436101 7.744446539131204
19.8077951182398 43.67505925782046 7.74288122868345
17.745904361760363 43.83866788137484 12.071094604973041
23.288288636045255 48.0380782152714 10.60366709090675
17.542348148102647 41.70115155063646 6.6002896189001214
23.239569046823 44.09492061606578 6.772707790526784
18.090359945837157 42.96716594764802 13.0907804708605
19.113828222671074 45.50708273389871 13.24986116502629
18.87226718625388 41.98108965605724 6.876282058375299
24.197108068945376 46.185884544017476 7.984907025124368
19.680111095877322 41.43950303176985 6.603936421179741
24.01094318248069 50.71173750856531 12.060455751752436
23.44597009210105 44.99303748988491 6.359325776522912
10.693178937308904 45.715335180579416 13.337467793727585
10.690245164942622 44.83307310268531 13.97754983461362
11.341585540216217 46.378590515745124 13.909972149789152
12.394549368704958 38.420034374170214 13.451036543874764
21.108331432476476 44.94730708715107 15.076506627580116
21.60554338288043 45.09720117612874 16.477775407985405
17.850806214857347 43.679602219996 14.278758189575298
21.566169647327964 44.1441393557018 17.005243772354287
22.634321564429282 45.446355556306855 16.56613078284574
20.91735675738074 49.38109646238262 13.721054019968243
20.635474797959287 48.35674052712285 13.915057831448312
19.50471680393927 47.6520696314621 13.457583826018588
20.704963047122593 38.83768094176276 13.374534249478526
20.23809364698711 44.29132453814839 15.054755943767432
21.099076362961878 45.84749658707323 17.084939268949473
20.678960821081112 46.203533960564734 14.462259172218344
22.745461622578134 39.51287520088595 14.325898738340207
21.964201229464933 47.581274342544 15.449156782842557
21.85859008847272 44.52789454587817 14.406204405119729
21.104139095746977 47.52225048551042 14.798611388204913
19.61741824561394 46.344151431390266 13.71041852788929
25.789950608555024 0.7102494632012278 -3.3500005564093627
25.789945937238688 3.5405443857676855 -3.349999915565176
27.019005327673806 2.8389194280376615 -3.349999896100088
27.019043694516654 1.4204752992504772 -3.350000244110606
25.789950932164757 4.960054279270095 -3.3500000463756496
25.789950852952114 7.800000286094416 -3.3500000925230324
27.019044347107723 7.089473606302821 -3.3500001613102826
27.01904402186696 5.670528937388291 -3.349999894423793
28.24095679397729 0.7097305008173906 -3.349999918758395
28.240994639076565 3.5410818299768207 -3.350000071973626
29.47005406139946 2.8394567561191884 -3.3500001333531957
29.47004927736554 1.4199571668250333 -3.3499998835247826
30.69999999505246 0.7102807211165765 -3.3499999247934973
30.70000002825485 3.5405102017842687 -3.350000236339228
31.929945960515607 2.8394568142085426 -3.3499999985573514
31.92995071650355 1.4199571740000765 -3.3499999101171998
28.240955475448256 4.959536570484782 -3.3499999062371066
28.24095564316139 7.800520202023431 -3.349999907154637
29.470049107658753 7.089993800824116 -3.349999899006991
29.47004919771608 5.670008659185737 -3.3500000187796752
30.700000020568268 4.960085191120525 -3.3500003774271034
30.699999981951926 7.799969064976351 -3.3499999151466495
31.929950747598987 7.089993724022902 -3.3500005252540555
31.929950784545046 5.670008637168606 -3.3499999965110927
25.78994993611066 9.219935105368098 -3.349999904651142
25.78994993379113 12.050064864691748 -3.349999921983681
27.019040231270832 11.340803670984988 -3.349999915542207
27.0190402249027 9.92919630860106 -3.3499999002646277
28.240960235625476 9.219413017620514 -3.349999890234623
28.24096025235412 12.050586956796687 -3.349999902914923
29.47004960746826 11.341317047518924 -3.350000020541166
29.47004962906831 9.928682944661817 -3.3499999195576056
30.699999995462534 9.219966837342007 -3.3499999073048725
30.69999998317609 12.050033173833487 -3.3500003463100914
31.929950397811588 11.341317034967352 -3.350000095695566
31.929950360140403 9.9286829454319 -3.3499999154397972
24.560000048411304 5.669977367307658 -3.350000281088119
24.560000023560754 7.090025081981251 -3.3500000728240975
32.56393260500527 7.411906371851674 -0.9416899196720074
33.159043146102135 0.7097305537809668 -3.3500001525019405
33.15900530818407 3.541081837379902 -3.3499999007189576
34.380994646659246 2.8389194440570464 -3.3499999920521972
34.38095634591424 1.420475288816645 -3.350000226563151
33.15904450764858 4.959536559133949 -3.3499998981920207
33.15904448147583 7.800520277648993 -3.350000537085809
34.380955690708866 7.08947361756381 -3.349999932877444
34.380955968595366 5.670528938897166 -3.349999897595062
35.610049375960685 0.7102494615579132 -3.3500001889781093
35.610054069095646 3.540544404044293 -3.349999941265731
36.83999999908098 2.839490966431384 -3.3500000325411228
36.840000017896706 1.419926157469928 -3.349999946101838
38.06995066821432 0.7102494718395328 -3.349999903744804
38.0699459529525 3.5405443824166656 -3.350000128712791
39.29900532709869 2.8389194071788872 -3.3500000133751273
39.29904363193324 1.4204752553748416 -3.349999890308287
40.52095677228983 0.7097305189888315 -3.349999941398414
40.52099463580221 3.541081874614537 -3.3500002210038007
35.610049100699406 4.960054257077588 -3.3499998994073046
35.61004895364082 7.800000276648221 -3.350000381971875
36.840000060826505 7.090024875014039 -3.35000071087719
36.84000000242337 5.669977333385305 -3.349999957444326
38.06995087910378 4.960054260084335 -3.3500002185101385
38.0699509800787 7.8000002696138235 -3.350000082001724
39.2990443092107 7.0894736233642845 -3.349999904012868
39.29904405045459 5.670528963248093 -3.350000100365791
40.52095545420121 4.959536558056224 -3.349999996686713
40.52095563097009 7.800520194583588 -3.349999911743101
33.15903976528913 9.219413037582234 -3.349999932337239
33.15903976052566 12.05058696610978 -3.3499999240220504
34.3809597821669 11.340803684381843 -3.3499999066597477
34.38095978473068 9.929196323933114 -3.349999911594659
35.6100500417522 9.219935146039198 -3.3499999983590065
35.610050060366895 12.05006486454137 -3.349999897837288
36.84000000193768 11.34134811711681 -3.349999898452781
36.84000001134275 9.928651893934662 -3.349999974468977
38.06994994931046 9.219935131681995 -3.3499999471131714
38.069949938490936 12.050064855678844 -3.3499999064683292
39.299040217570024 11.340803676931285 -3.3499999049884543
39.29904020942294 9.9291963262345 -3.349999901828774
40.52096023265518 9.21941302746896 -3.3499999168074304
40.52096024613584 12.050586956221338 -3.349999902230465
41.75005410682471 2.8394568047270163 -3.350000243512703
41.7500492518898 1.4199571768381778 -3.350000031624102
41.75004910676229 7.089993803892791 -3.3499999124640425
41.75004917060719 5.670008734695056 -3.3500003566857695
42.980000018315465 0.7102807058887364 -3.350000091769081
42.97999999832153 3.5405102082465167 -3.3499999363807786
44.20994594461694 2.8394568152592186 -3.3499999134309464
44.209950722014845 1.4199571645263978 -3.3499999261262703
45.43904318470935 0.7097304973126883 -3.3500000339787017
45.43900533578984 3.5410818405377853 -3.349999900941026
46.66099467540027 2.83891943087973 -3.349999920998903
46.660956367737846 1.4204753204275633 -3.350000277081553
47.89004937295013 0.7102494369973399 -3.3500001627684717
47.890054063787446 3.5405443688977822 -3.350000070117558
42.98000007833301 4.96008518277701 -3.3500002003249385
42.97999999901017 7.799969072338345 -3.3499999171694297
44.209950891233476 7.089993802433482 -3.349999913922439
44.20995077946383 5.67000864715419 -3.349999907748539
45.439044536046076 4.959536560358955 -3.3499999002216327
45.43904436993619 7.800520201854851 -3.3499999079174025
46.66095569209882 7.089473623666675 -3.34999990327847
46.660955962335684 5.670528945045961 -3.3499999674570615
47.89004908996716 4.960054261415552 -3.3500002184634825
47.89004909779216 7.800000262183013 -3.3499998977571686
41.7500496465308 11.341317068009346 -3.3499998861446914
41.7500496418748 9.92868295988987 -3.3499999076525278
42.98000000632769 9.219966849941697 -3.3499999119966706
42.97999996812378 12.050033143419613 -3.3500000457672527
44.209950382773606 11.341317045603025 -3.3500001518808418
44.20995037453586 9.928682953831592 -3.3499999315886098
45.439039759011806 9.219413037292204 -3.3499999012792445
45.43903975074603 12.050586972276355 -3.350000023576393
46.660959782178985 11.340803676987308 -3.3499999920386268
46.66095977282401 9.92919633077609 -3.3499999058545726
47.89005005824539 9.219935115757266 -3.3499999073882947
47.89005005777574 12.050064872432163 -3.3499999018756945
49.11999999856662 9.9286518819043 -3.3499999400843072
49.11999999498484 7.090025048315031 -3.3499999068958775
49.11999999806974 2.839491011919735 -3.3500000085539683
42.054657758258976 5.043490896561858 -0.8826622585337607
31.05784835928812 0.24971354391106168 0.02313297508861556
31.530304307736337 11.901263888731364 -0.7051172355979973
29.11642377438787 7.350952051600055 5.66945763156963
28.054332877502517 12.197133332327502 5.66003314582384
29.471476902576786 9.93969819880671 -0.17538584571475058
29.037238771918698 3.6154901447348253 -0.7931967160878406
30.211772237002055 6.005374573764527 -0.46803671501158384
25.338097746341763 4.710126116289957 -0.6705915426756004
25.944949210472323 7.626757189236453 5.140216784147597
30.720800023582036 1.3160607185167756 5.020310425437508
31.81840558912836 10.641644516722945 5.140216495735492
26.951713950275373 7.269965528200752 1.823690995844307
30.96622883681423 1.8206514501789648 -0.09151178101267754
26.48422789786603 7.391606186525059 -0.4369958590581091
25.170872224206903 8.950871781972113 2.7398392886814724
28.526370306962598 7.942690257217308 0.38252438017297385
27.15665847114066 7.9425180448527195 0.6276378738309785
27.68866162216298 3.395385457105573 3.54236472395808
27.6162447558548 4.206348554464344 2.817661576272336
26.7517207413302 4.7549656535969005 3.1914496270420556
26.862472966603615 9.262358070687995 0.948027533948721
28.985265142055862 5.035407252165876 2.947914648795209
29.01845141383752 5.760597863527146 4.211400019627211
29.044720997245232 5.801970634527402 2.175292112906516
30.035446735595173 3.7793565389594455 -0.41487322210171484
29.830748836318197 4.36070067394807 2.813644931287164
27.31522417728461 3.8312457567940634 1.8395079571003936
30.604206938972194 5.021922349078391 -0.2553944650943918
31.00486170785984 2.829022567356435 -0.13388147938318773
31.90823437987492 4.858642806360325 0.13324386189282889
29.025487916365115 7.751441297034461 3.5948837892728047
32.08979338663361 3.528434482825076 0.22907787808873814
27.461965455711997 11.061750313127705 3.4983312014594925
29.561232424098698 11.00697024531978 -0.03655384258424488
26.50045977344839 11.965146298967204 3.292552721050078
26.39499402039211 0.8221441967713343 -0.5474110074732952
27.645412994625655 11.359486003122514 0.8365113168868699
28.600397572371175 11.660765450292484 0.704848296314019
31.99653192830914 10.664719038592974 2.5324921283610626
31.86516233997388 1.7682272035093274 4.337733814959738
30.566919357323954 11.912416536439936 -0.21709566252935075
29.014794801092215 7.055455228821194 4.420649524904813
31.713093925437494 3.124373365713202 3.929782254506786
31.8189562101735 7.823780212599085 0.6361835369428359
24.77379507699592 2.9384259873068075 2.589613899801071
31.738547378195015 8.382919650489335 3.289552920470401
32.655873547810245 7.330967756423936 0.14140555338654104
26.31521650138193 12.098595144413185 1.935705250330152
25.182151627138854 0.39794692713098667 0.00720411799230547
27.872633168486836 1.997264755081105 5.826594084147195
32.39889774575267 8.240437042513106 5.520478795679922
28.12506003138747 0.6223746707294446 4.855816730192437
32.4682707397145 6.44018887352578 4.191277778654347
25.32874960123952 0.0740872980383707 1.3371193754512811
25.36810262722091 11.361076898745623 3.8006422235727264
32.00798802322426 0.9266487064018177 3.2370172608484173
25.16828880851876 8.441856043149999 5.907349936077222
28.958894854482455 4.106156614153958 5.659928321304369
28.933348639470633 5.172099707645643 5.488135677815642
29.341954758897838 8.240033881804717 6.092268788282826
32.48111516097273 12.320401843364126 2.176842406624738
32.588136672007934 7.805909994866704 4.222958057501469
32.59884482022941 5.967669783886922 1.704659239769576
34.10609993510424 0.1158538277628377 -0.5699405549618908
33.67706702723315 11.272456299171475 6.0622853219497195
32.790437571894316 5.915142999999007 0.6329161943824668
32.798272380966 11.088300415978836 5.0579998423095995
33.55494906536945 7.759185909636684 0.5845674053593386
32.94517676882752 2.9425977658016857 0.5315916967191792
33.01330147395358 1.661023492720512 5.107724935911625
32.83065452505162 11.365427192316842 2.5692014882832503
33.830590592955986 5.620177921921169 0.4944340784629053
38.856251417584744 7.4812029475858335 6.010130339520286
35.0400535521812 0.7359152431437364 1.4084898741289098
33.34139335132986 10.520675138574003 0.5807636071874556
37.561499984147694 0.7983370594580658 4.0565971227127875
39.346536334238756 5.906268412050074 -0.1962442059910685
37.63574535892859 11.853828972158402 0.5626788306703279
36.64979407017774 5.493370024397023 -0.23589064612013377
33.414612110445134 11.498742675705962 3.9121165935382054
34.135231378368786 9.671857835234736 1.9196049047792096
34.66797951092376 11.246299259754167 1.5499028936094417
33.34714439995215 4.512225609361982 5.019484492295083
33.7637969138546 10.63824885842944 1.5786872770961247
36.62743991037693 7.762709113165034 -0.6654103315779902
33.89174550379681 8.129788174081371 3.978368274991494
39.10560061853046 9.964161224864151 3.0482374269129386
38.38277225050921 8.89622579312417 0.1914526983063114
35.58687183240329 5.3906727368783365 3.234889184973291
35.18381156251301 3.2977620728080015 3.9945823270277794
35.73242182305833 4.072104217451785 2.94653900215619
36.394318565189124 7.555122741007455 3.6511420082353228
37.02880763510339 8.703971203947157 0.26244080176262674
36.68656339602635 8.366816559494604 1.5665806747162836
34.97814798725842 3.822465794793775 1.7753803354485953
36.45325403329187 2.8817852758143614 -0.0849274829485458
37.12298352589316 3.7621758405320924 2.7764748254217197
37.42642175360314 4.742884502535453 -0.23131649614263727
37.328097134630184 3.3824447245188867 -0.1488779674728491
38.51679694120366 6.690281452928521 4.128400367785979
38.75634093966644 5.002476084062738 -0.23129879389820363
38.66020673411138 3.727316946704083 4.297901372957339
38.486540058722014 2.8670397659209943 0.12003906336293224
35.210083253360935 2.0361910619254746 -0.3948211541954405
36.425433011576175 9.951237177018655 -0.08418143577219817
37.407930963974714 9.587757268314393 4.518978057259593
39.46100798175272 1.7265483905842 3.206737519807338
39.423904840900676 3.7422033465290627 -0.09752668278850796
38.684411707970426 1.834626295782036 0.3677672150342548
39.64618773044493 6.836917292411184 3.3367480941241325
39.37171566307324 7.415246399418674 2.0722459639775757
37.967000647660406 10.52051834690791 3.6618559353013156
40.28231611786923 5.547116384143146 3.1045313149807683
40.20293490303496 9.321169236062781 1.2250307896019241
38.366842678504966 11.690599291088034 4.275051955980444
37.135202116652685 10.8831802147013 2.575100280689182
34.655816492236625 11.949306595066638 4.242145205586065
38.67354885015474 0.5901596111225558 3.261032515635981
35.186673801943414 0.7073806101947028 0.0462693346551557
35.35477673908964 0.9026223713998522 4.413776326340404
40.09439928036697 11.565738884183904 0.2605721207836831
40.439397278186966 12.710824056091809 0.9054395148443806
40.648604774103795 7.501041520786888 4.0412737831369725
38.277279733173685 0.12124086356376712 2.0179569082056545
40.844043313992444 3.5100801129513677 0.06064571906214011
36.41978204112704 0.11971975153740072 -0.19512893495987726
35.93774349609266 6.852254316814941 5.7000884698312735
37.21044542808363 5.0317228014079785 5.680300071777008
34.88351429782244 11.759571278048515 5.545166708494377
35.3104519516978 12.401055602968025 3.511545965846601
40.75019387089492 4.330813433371077 5.869885671067916
35.78381881598169 11.861935073598271 5.991343162328752
41.04712251281086 2.917891872413261 0.9529303864529715
45.277117061342395 0.7607812631610712 5.609827702453947
44.09736953411273 5.235134051927928 5.975020281993331
48.27180481138344 3.368949544843771 -0.4483939544194526
48.927834211296236 5.821322967923122 -0.39869075883286476
44.64820457857955 0.4346321162712378 0.9440044296044781
41.44300219113809 5.5479164091983835 0.6870531673033364
44.67746434386155 3.308415062101509 5.902266197149353
41.127102642014286 2.9136336383815813 -0.8066656554111751
43.773392378577775 12.56898674613202 -0.68660933105958
42.79429581196768 10.182657159649782 3.428897348519213
47.518649605054215 1.653657087678445 1.5132217392916414
47.65394991242683 4.118566962693842 -0.1719359092001116
43.70493247332017 10.069907651092725 5.220344518231492
41.16497610594806 12.356016959328622 2.0341554501621073
41.00577591754962 12.322301062336562 5.769914579199472
42.60338667182399 4.300581559066016 0.7436524901033492
47.44013575687207 7.525372991042907 6.230791235408303
47.946956483055914 1.7028645881710112 4.085623799636897
45.942968884715434 12.618383103821554 1.1643758616582578
42.19186553436001 9.180355566494494 2.3583698279032497
49.10405087431597 2.339534937960036 5.312734095386361
43.20262480209625 7.135408515188335 2.4329283969233497
43.258508179193996 10.71657577290118 4.149687049158732
46.097010612630605 11.658470776027773 -0.5923261356729648
46.74019238715276 0.7321035678481488 -0.5005190501907009
45.452862850927495 11.561731082501106 0.2816390200707253
44.954359265443834 7.278475550544736 5.983249177942317
46.02499048168192 7.870007073337278 0.23535580643814336
46.92567760523718 6.01328148423415 0.29213424586933545
48.9928889362565 11.991133765626415 4.881957931308331
47.978400193588264 5.3781168974875655 -0.13688276587560777
43.97909524214826 11.686638109950945 -0.08060007684607684
43.52915089657405 10.805994755510303 -0.5389856877690846
41.66953735000238 0.18299370126805056 4.593126310356874
43.658449117871214 12.020227331699218 4.292350638557406
44.30825668139925 2.3347827984034164 1.933736017991211
48.49342498548377 10.82071885509429 5.401020753172661
44.938329651849536 5.569584968574388 0.8857305640006541
47.22262806877182 10.47579045431561 4.878708235870581
42.36754439204157 0.6945502513564289 -0.3408162404411952
42.99115687881522 3.6142521974143302 3.3968056297169813
45.00310119600999 3.261580085888892 4.016371612248861
47.86701767939613 0.9517961352226485 0.31174517691924364
46.57002572976009 8.560662071031565 2.505582862371747
44.46650840476385 10.856514500375514 5.951187137054817
41.80132651655359 4.690699366000076 0.11706841419721226
42.14153263318404 7.9113218262592335 0.6303581398652436
42.942570531700895 8.263056934408098 1.6854864038627293
47.64425563590653 11.674044631084563 2.110893576676489
45.82308676070638 2.9726446515935785 0.21991912037702344
48.80926655229639 1.7309968782547265 -0.4087841753174515
46.30636767098989 3.9383874703577977 0.233349301571677
43.423098617375175 11.85122560339976 0.8423726802120646
42.30150273157024 5.55394978938525 4.340441130389118
44.409697312800795 12.117939473908425 5.383100857320521
47.517775756831064 5.5794436995203185 5.136749207726318
48.522999040887164 5.032705618385775 4.42150470277824
48.23561771834797 2.561121998980152 4.692393037535193
44.14440665279846 8.758191721218191 1.2326212285422045
46.65552930251138 6.839468422115843 2.772302572264448
45.866344137256675 5.154762444815496 0.5208862291502425
47.00561756390588 12.53202411059452 1.9611851074997422
46.58557891586219 5.049165159722573 5.26408231391691
47.596968041251195 3.6615723902261883 3.0448746521471937
48.44399307310809 3.6693581613163855 3.7308688056138397
46.939289513579794 7.441204500439724 0.6455821275399676
45.554560815301805 10.544414580046412 0.6595605180898068
43.56481744276559 1.607724667256613 4.023783186834326
47.378653584857084 2.7423455910850665 5.341138352511059
47.91680680074155 6.835961824927334 5.549691418940517
48.09327971603213 7.589362970947416 2.50671678515058
43.44305452544058 9.027475438843599 5.325961861891725
41.5666438160731 2.1413453373380165 5.772984024631301
47.06010972624213 7.64876236938126 2.1644720135592896
47.781709176421415 7.998584659508963 0.23600128007739252
44.010716808670374 2.668617651334476 3.289014886985332
26.925645858745522 4.21523709555099 11.078239158193856
28.037287918391634 3.7057103945979137 10.605087582452517
28.17046701188134 2.5080457822918327 11.158506366188842
28.67388477066338 4.212879025685213 9.895211235952132
29.252214101638526 6.189853382666974 7.413299142460108
29.385075718962874 1.6467266445787412 10.820615944974929
29.620936747825866 9.956557772028244 7.672462715204605
26.58978778028314 7.286042995859081 9.643389538387726
29.90423396304696 8.593734853067792 7.888593090030394
26.132526095131244 10.60201029044992 8.650537698996912
26.524521224369753 5.0943879065895015 10.784482661808486
29.05641122335264 6.188126350473814 6.351198276147741
27.90770927519906 7.3025636987367735 10.169276989478945
30.804223404843857 10.61829288922217 7.991368019265713
28.49966796796211 10.388753110391887 8.429583364650057
26.20690238401937 3.234413974728028 11.73064059361003
27.06510921467561 2.1876601781063285 11.904961476725367
27.29134580122435 1.7644539332480709 8.027725719305321
25.27017043936592 5.4349775682382235 6.777159241806948
26.883466891310842 1.2823588193597437 12.465171719602274
31.856726979469606 7.6124647025884435 8.497985513802522
32.34635813984051 3.9790376375480396 8.434745783332751
29.266923611501085 1.558530538840789 9.740633756608975
30.31839454476728 2.176405261945953 11.01155188416101
30.409680433262146 7.677009476904251 11.867465682266818
25.164793472915978 0.2685985628256593 8.554081195871836
26.043967862955476 8.575402924084118 9.664571170010333
26.64866289152069 6.691717733772712 8.34681102442255
26.81706687229134 12.511888108775524 7.556435241686032
25.725426454336073 1.411163632133287 6.479345032895773
32.32113997724351 9.201464837225826 11.5680056161981
31.103598665258556 3.7459344355225395 9.019929268720091
26.8837418112508 2.167518501108656 6.803338951781754
32.248533103746595 4.341662038684336 7.070653950843898
30.456440423896904 1.659129654889456 7.799825058254131
30.943016273833877 7.65837314682021 10.917041793442747
30.427631977198924 8.417832823447187 10.329079187152532
30.736432401201075 6.679294275560823 10.484806131321783
25.21142725447657 3.4388066349447595 12.096226297538648
30.862789136152927 0.6594972548889695 7.7549275201199865
25.740466428657324 6.396684850822015 10.328308539458018
32.19972295778195 0.3915918510714844 7.643882734733865
25.82022784146333 9.36469761680528 6.682705569296694
24.731444743250893 0.30417864587606824 13.08886484227549
26.410644980922914 3.486103623083819 6.85603481361051
32.34045681666977 8.164060732994272 11.234060135049765
29.313982530741214 10.123618050799054 6.340680345295563
29.364429819804162 0.2068678987155944 11.470265323341591
32.67627684186715 7.550989691124828 12.070402653612543
29.464984306350292 0.2664662931823116 12.553979689162535
32.93578947830931 1.0570861012240746 7.455671469377227
33.114206521769525 2.8533424000323504 8.477837955464697
32.84979873779782 7.848595334030857 8.850761374238756
39.24778417605991 7.8617749829270025 6.859816766984932
33.5991073588145 11.051676154577656 7.1165995150983274
33.22372689569672 8.043791510190797 10.076867889097574
35.01756757478783 12.243917701577343 8.582167057732796
37.3807327409301 0.30828863624418085 7.810378246732675
33.01487064907901 4.9984224144891405 9.081181727328362
33.755515615546685 8.081877719775637 7.010854691432481
36.49286839697034 10.639100176649812 9.462130829182477
33.80934014885731 8.052879049292521 8.019002496437558
34.96854373337486 8.347433441885734 8.728244090990309
35.3994273903568 3.936404894847302 8.927480220742126
36.65231955193327 6.190102866298246 7.632934934589336
38.15333266951132 3.865599068440157 10.221495985905301
34.60172266977662 8.315969720628663 10.037120637485785
38.831608758606905 5.068033581991491 10.056338336285084
35.964272329135596 8.4165540691324 8.315755421441228
35.30101415417661 8.402124753869108 10.855636813348323
38.906893884965264 2.839503617789118 10.785753206397386
36.95652863467001 4.100224721185344 10.843472652202177
37.8664860845884 3.3627958382252623 8.93846076775801
39.46095338924572 1.605294440282738 8.699726183244085
39.21430141205137 9.213176556818558 7.079441494907547
36.23740245670882 5.717796436120351 6.3799062445146895
36.01118640558023 0.4054193807319944 7.855605237476358
35.750980990665596 1.7602910561432685 8.154916285359672
39.790835799234024 7.275011125396705 7.894330665146602
37.111170482708744 11.810753403923371 7.629607041580119
39.83419552737607 6.204588126726086 8.031131753966473
39.92799160717564 9.385020387055635 8.192883164287776
36.36351557121752 11.848721239386904 8.81513311904729
40.30391559218528 8.196890897134896 8.647775739350834
40.185368840698 10.322241663777344 8.663811224754019
34.98608870677258 5.048637416151993 6.489040012695185
38.690176372139476 9.92064502090164 6.453996601354608
39.6064758119254 7.787183854825308 11.303910653247847
35.477509506999446 0.14522397585303642 6.588001153415892
40.74352355620458 3.0613692547377513 6.407661172589481
40.63882867385079 8.079074259840231 11.111173630391875
40.50487759344053 9.151527837456118 11.252596514226331
40.544483104656805 12.568915823158866 7.927092389561396
39.48451116747617 2.622355895068658 6.342969575724346
44.33930522240619 6.350545353277591 6.797179710507562
40.990834354579476 3.07617862126405 7.791289629055036
43.10855311023679 6.8880915217877146 7.336048440499798
41.43544127860906 6.787919109161182 9.628563349498037
44.45088772312781 2.9519478249482347 10.75807976317657
43.97778554546769 1.62393659607692 8.437957793484122
43.279147089079565 1.4912670709171496 9.728484973574188
41.3385907731605 7.8914995626636255 11.925574476286307
44.95560827332785 12.403661998457705 7.958684337320382
43.44094034583435 2.054888165725259 11.828562367913499
41.22685171014303 7.849080241939803 9.764678899679456
44.729728354859944 11.400654021571775 8.320697128527293
43.12931564128085 0.41596932792020275 9.825362739671409
44.659609749615946 9.465620496367983 7.620080330653952
43.724914339369334 11.445197710621823 8.74077409078382
42.16171542249805 8.392636764976668 9.62801820316178
45.298265346870046 11.161805162184509 9.21948348307206
42.29703451139053 1.963010861434756 9.696662318851281
44.068085821400224 2.7599361172796586 7.799174783931879
44.08112140350751 1.9453189228391699 10.953197989792022
45.275607545388326 5.881686184691261 7.730620440335447
44.61365575694237 2.5819759247185963 6.601061334482531
46.14335876828036 10.236508243026709 7.066172291572247
44.92140221462171 1.2744388894261904 11.13193841424759
45.07504415318005 10.389953536458343 7.2186794241298085
48.41681590483153 11.094316595469245 6.725131023756299
43.6753268027724 3.6686854153830017 8.230817073945223
44.43456303132268 0.6562191854934443 7.597868623527396
44.881489826088035 1.2010622029035365 6.51317247873073
25.78995088563006 13.469999508246193 -3.3499999208259243
25.78995035750112 16.308682942816766 -3.3499999150680217
27.01903976424674 15.59941304409134 -3.34999991624082
27.01904433767927 14.18052044013962 -3.349999912917825
28.240955686035345 13.469479562752873 -3.3499998965141407
28.24095976775544 16.30919632955575 -3.3499999550977098
29.470050063945198 15.599935151433971 -3.3500004849636253
29.47004912193513 14.180000455280888 -3.3499999691274294
30.700000002057703 13.47003073589695 -3.349999947914968
30.70000003621167 16.308651897796906 -3.349999970612061
31.92994994503082 15.59993513703125 -3.349999888181702
31.929950889302738 14.180000496212502 -3.3499999210846845
25.78995036023286 17.721317052423995 -3.3499999150030204
25.78995090816405 20.560006221967345 -3.350000052491003
27.019044371861163 19.849479803157763 -3.349999931525666
27.01903975869853 18.430586976943097 -3.3499999264414058
25.78995077618115 21.979991356423703 -3.349999911049867
25.789945943517555 24.8105443599086 -3.349999913433759
27.01900531922725 24.10891822910621 -3.349999910944966
27.01904451298839 22.690463446312123 -3.3499999344970233
28.240959788136244 17.720803674318635 -3.3499999198483943
28.24095569375793 20.560526372185766 -3.3499999269807814
29.470049122299002 19.849999738414095 -3.3499999109974543
29.47005007685892 18.430064886375668 -3.349999901851045
30.700000013257917 17.721348123763857 -3.349999895520417
30.700000029661993 20.559974960618515 -3.34999986638704
31.929950922353097 19.849999746200943 -3.3499998568050615
31.929949935033843 18.430064949547535 -3.3500000322947066
28.240955963871073 21.979471012290354 -3.350000081938629
28.240994669258335 24.811081812619864 -3.3499999190443708
29.470054108956095 24.10945570182022 -3.350000057627506
29.47004919338096 22.689945691634918 -3.350000243367639
30.70000002073582 21.98002263532086 -3.349999870962047
30.700000011921993 24.810510166569824 -3.349999852421944
31.92994591255442 24.109455659626235 -3.3499999606402255
31.929950851291466 22.689945734085146 -3.3500001343389174
24.56000002119968 14.179969294629101 -3.350000232449566
24.560000002428524 22.689914819823574 -3.3499999111191334
24.56000001784647 18.430033142365172 -3.350000026907277
24.56000000437683 24.109489849792844 -3.3499998906646433
33.159044315290714 13.469479569623338 -3.349999922628296
33.15904022633727 16.30919631410431 -3.349999958716061
34.3809602169741 15.599413087219443 -3.3500001281358385
34.38095565105762 14.18052040787994 -3.350000082155696
35.61004911008339 13.46999950028003 -3.349999934806572
35.61004963708227 16.30868296818196 -3.349999917655958
36.83999998966687 15.599966858953762 -3.34999992662937
36.839999993414494 14.179969292392025 -3.3499999054104346
38.069950886846506 13.46999950184038 -3.3499999054689997
38.069950374343044 16.30868296091969 -3.3499999345626286
39.29903976560738 15.599413059605155 -3.3499998974730802
39.299044335535775 14.180520437973458 -3.3499999070241815
40.52095567384688 13.469479558695339 -3.3499999150622086
40.52095977822643 16.30919633463747 -3.3499999114457446
33.159040305732454 17.72080372391193 -3.350000266528461
33.159044315016345 20.56052634902551 -3.349999928721832
34.380955615910196 19.8494797964113 -3.3499999124649293
34.380960244165784 18.43058699830893 -3.3499998693109303
33.15904404896357 21.97947100470917 -3.350000270221194
33.159005316431276 24.81108179446158 -3.349999955210764
34.38099467683261 24.10891820830227 -3.349999987902492
34.38095548783876 22.690463424932215 -3.3500000927065043
35.61004962143487 17.721317069765654 -3.3499998701010814
35.61004909426052 20.560006133620618 -3.350000315354016
36.83999999900987 19.850030918919114 -3.3499999573788344
36.83999999535786 18.430033164560847 -3.349999916045948
38.06995036780773 17.72131706405908 -3.3499998802524447
38.069950874676756 20.560006176760968 -3.3499999026813407
39.29904435033324 19.8494797889253 -3.3499999355156227
39.29903974969217 18.43058696403522 -3.3499999626184627
40.5209597558305 17.720803664513507 -3.350000027245741
40.520955679537416 20.560526356224344 -3.3499999435726933
35.61004921893117 21.97999139108586 -3.3500001985031647
35.61005403436538 24.81054432679847 -3.349999910154872
36.83999997963554 24.109489812148727 -3.349999916983617
36.83999997812493 22.689914798259505 -3.349999905653982
38.069950749351854 21.97999133239415 -3.349999914792068
38.06994594167044 24.81054435012152 -3.3499999318919684
39.29900533227008 24.108918219533333 -3.349999933078469
39.29904451729365 22.690463433497612 -3.3499999340523
40.52095598150284 21.979471042070706 -3.349999919900335
40.52099468478516 24.811081804502624 -3.34999991424084
44.20994594924857 24.109455661777982 -3.349999922218471
41.75005005892055 15.59993514440448 -3.349999899762471
41.75004911998754 14.180000490752068 -3.3499999043629582
42.9799999934472 13.470030710450065 -3.3499999612445452
42.97999999910592 16.30865188300314 -3.3499999096295574
44.20994994085275 15.599935132053027 -3.349999901463925
44.20995089552858 14.180000486546755 -3.3499999054500695
45.43904432593213 13.469479556112274 -3.3499998791903787
45.43904020464909 16.309196311206364 -3.3500000176962255
46.66096025174158 15.59941302506503 -3.3500000182511904
46.66095566775624 14.180520432178232 -3.3499998897660808
47.890049108415504 13.46999950879754 -3.349999904148344
47.89004962574196 16.30868296000878 -3.3500000048655956
46.66095548740905 22.690463441056536 -3.3499999813577785
47.890049226979585 21.979991356294477 -3.3499999386959134
42.980000000337725 21.980022627330282 -3.3499999414334622
42.9800000061809 24.81051019973218 -3.3499999633952138
41.75004910193694 19.84999973063379 -3.350000155626006
41.75005005302342 18.43006489136671 -3.3500003050432072
41.75005403947805 24.109455680426027 -3.35000001784463
41.75004907992218 22.689945723212347 -3.3499999906470435
45.439044018718434 21.979471058810965 -3.349999946796979
45.439005321644736 24.811081791092985 -3.349999916767965
47.89004909655088 20.560006186395352 -3.350000010972909
47.89005406287641 24.810544351081912 -3.349999970784209
47.89004964572774 17.721317040499198 -3.3499999019767635
46.660960279776894 18.430586960517118 -3.3500001210385753
44.20994992466159 18.43006487964585 -3.3499999376442844
45.43904019913705 17.720803653943907 -3.3500001196224183
45.43904430698195 20.560526360849853 -3.3499999541040992
42.979999999322736 20.55997493768678 -3.3499999307311357
44.20995088986385 19.849999714132704 -3.3499999132798433
46.66095564861807 19.849479796838402 -3.3499999760548285
44.209950911406416 22.689945744532665 -3.3499999271861283
46.66099467460369 24.108918221536907 -3.3499999746118703
42.98000002512064 17.721348110321163 -3.350000025687124
49.119999980752105 14.17996925169804 -3.3500002294997246
31.684136760828782 14.275440048636009 -0.3938450003100624
29.476269270804977 15.480475873855346 -0.8146691828777752
31.550272070238567 19.223011191557042 -0.06356606969381673
30.595308384853634 16.615989818334462 -0.07195944580393632
30.477284737510296 15.777129729863628 5.579082281514181
25.54668132462344 24.265813097369513 4.1735924254074686
29.380968802246755 15.73335184549462 0.9108551563248968
31.45869936089809 14.45504401224218 1.3438297617401862
29.3049577903419 20.988447725440626 -0.12179036179562064
26.233340779528028 16.077415805086783 0.9626215389523896
27.004875083647782 15.48260320747698 1.9754430290288283
26.96050355161286 16.945352322741538 0.1293220323054689
27.439631813216906 19.152929234091047 0.2834144640396097
27.113686588358377 15.678186920049487 4.369025526726053
29.321115267638838 19.938075425075983 3.554108907463698
28.34552859958072 17.881548390867856 3.880993113514273
28.582635707515863 18.91695486512093 2.958778599587121
27.28241579136002 21.72193423062067 0.5107467530843102
29.3214203534385 18.528421004586743 1.8711603365658835
27.331238600887627 19.43625297978863 2.6006026869326093
30.93852727578734 14.428783895844008 0.3863166242996008
30.0774723626859 15.668169750448694 0.07495200116598322
28.60676016255105 22.0763571833791 0.29300585974269877
29.62059611155867 22.2944082697197 3.8049777933310445
29.07720152367278 22.47478326349071 1.571114574911383
27.000610446001087 22.64786481930055 4.392081500689846
28.75328053190015 23.16416497136248 -0.5495539614984801
26.20622802086746 23.264914277063525 3.5202743460577435
31.57151011742755 21.811045994345847 -0.1890608082702172
32.1429626117111 22.200317143174047 3.321908628580906
26.954637887447202 23.75091796809519 2.5100387390301746
29.689216021755765 24.61199721199375 4.255761269503864
28.486104588093472 24.805248313474912 1.1448711170311676
31.85502246064605 19.913090993078505 4.581835145208517
30.852337310140474 24.803277464268955 1.4879080640163544
32.06223479978044 19.091994093885525 5.268102534031122
31.30019706739853 16.92029705306467 3.613941638926117
31.598927303433477 14.263685077027956 4.15263355798267
30.393032541418375 14.650166424110278 4.740222360212291
31.846949238718484 19.757529293740667 1.5872348086494636
28.223475831760933 13.573617134520894 1.1952688194415961
26.26872832816676 19.557307241671623 5.560032665006716
27.31744727597764 19.760267675972997 5.400672598912742
25.256866594480513 22.43223181175763 2.9839573603412193
25.662679748563118 15.135881510208295 0.08615176408414804
24.795704797809677 15.550168146668852 4.999245223286301
25.12670525276742 22.56321430877738 0.5461142933627772
25.220145270113342 19.836941127156923 -0.37772726967608694
25.206458147733024 19.706899424408878 4.757184336003068
25.04017810130252 20.110533190014046 3.769342886449647
25.149819776375878 16.778607914432378 1.4702376490024194
32.68448573814776 24.03507623959819 4.5347351674253575
29.484740705593744 14.914789519744303 3.776053297555908
29.870629073685322 13.538217423178052 5.395875784188028
26.81301411581398 13.105687594252142 3.9927218204296597
30.196046963244925 13.102221268389204 0.3912190909406421
31.108405879828023 18.65117705003689 5.5579140689668165
32.439921124504735 18.21575521208108 0.8493975551829369
32.30782606895389 19.289628987660908 0.7173142082031836
28.979336032340022 12.873625647936242 0.8710971428519687
32.34034286302329 17.210803911492537 3.62406532674222
30.509566621281103 22.470293693786477 5.841531189144993
32.098708960471626 25.50347184764677 6.082446306361681
32.611561103835534 22.101958726796216 -0.1970437775669065
32.48415381652319 24.13587680702518 -0.2965615639706165
26.43859197801261 25.473992438209113 0.09797661224382082
37.142870719689014 17.70393280796382 0.24117587322974865
35.04344387378038 24.20072619895577 -0.08999547537175023
33.142497528329436 15.082005838240384 6.095054892024042
37.50485317278493 16.135021572954013 -0.4260284569137984
33.119594319837226 23.103318586579707 3.5922684705051298
32.78148715097695 18.22152749462818 4.369450403177122
33.85439544954313 13.005447633382953 -0.06522954575860496
39.31595555410673 13.38034536332023 1.3949246724366915
33.41824315838865 15.858353909465778 2.4405602752137643
33.40088452016832 16.74013111113566 2.9327671872898717
38.38647081033024 24.740468784131135 0.7865791567644642
33.564720053633266 23.82197399271603 2.445622443593951
33.0755230619914 23.3183364787855 -0.34139712275764733
34.0421364309822 19.168945383905232 -0.4318223025232293
39.24731658462736 15.902178437284558 1.5004442474470603
38.78227127451125 17.51951443004766 2.0205887771725384
34.11208654821815 22.379949622780533 4.230340034719937
34.33233653051334 19.80101014120919 1.186470386854247
35.81344946913788 21.685248148658797 0.2286780750333195
33.677940489499996 19.87163825983012 0.3176335259375995
33.630533399280495 21.319942562474097 -0.03729610805820682
35.46263925352599 25.071384907008856 4.434929118776073
36.718909316566254 16.277501594823867 1.1467315763168628
34.51118076926214 19.50871185224177 4.197759277619718
39.18324975019952 19.53126897163151 0.08575189123610993
35.853451560274486 15.52089723201786 4.370839039807136
34.40509000073126 23.334337520300355 -0.1809624488793471
37.6650299551307 14.256778469834504 3.680925989755001
34.03011983589834 18.592593646544348 3.888392486178014
34.34773997362214 17.72548775382365 2.980634493333063
35.1909449912542 17.61587301679491 2.3147591989475735
38.434259971921286 19.56285661888264 3.0413430255864182
37.15094328972279 15.144236570677403 4.644025785733579
36.97440836298593 19.731404681443273 1.3525583336159075
34.76287473205437 13.889391382394468 0.3532885046409351
37.5096324156886 20.41818658512334 2.4570466646725677
37.488594778806025 16.704054355824564 0.503507640660833
38.13512719128544 21.620081179104385 2.286711427062883
36.47822140813571 20.572392419365574 3.3898394066612725
39.09123856156299 18.253311248374448 5.073596346691934
34.82715088504927 22.077195165237335 0.028696477582963453
38.91081468923641 16.87758560580704 1.149093523926542
36.54915039792294 22.443168385752045 4.939797915201851
39.914237918834544 23.093124075628218 2.65275823907293
40.142701799130705 21.748861205231663 5.559229597593333
37.916049813610584 16.28598423668641 4.706789127866981
40.037078475503435 18.88300146368736 -0.045113482355990664
39.96517581914956 17.53615504537926 0.3308448384136109
34.61839761976554 15.064407291122185 -0.3986848590047798
37.19173034889225 14.631593476993672 5.898704395664294
34.518868785943894 14.166275284504872 1.7368843030145054
36.03785833716945 13.321807635708392 0.20773688179172245
39.90386905177234 13.461009772552135 3.924543670788019
39.002416915232345 22.420096748363 5.180114705014137
39.82061531047828 20.491607047427067 6.150394029763607
38.21560392218737 25.248774954487246 2.9965039577683648
37.1708233785394 24.86751449723826 5.983526702391988
48.23252064800801 19.553781088132173 5.434730481495435
49.11070345618634 13.492992863969121 -0.23177748721712965
44.06539955960952 18.001285137897842 3.4183862191054972
40.93526999954859 21.52358973812745 4.454043914365776
45.292833606508474 25.27844295585387 0.6101423474218903
47.63886417158947 20.24250785052346 1.5719498680870958
48.87442168474064 21.23489721525754 5.4533394596705
41.143644188048896 17.069743048135102 0.22064197857894263
41.465316470288506 16.113481604823633 0.6059872716665848
46.38607765477469 24.423833265751995 0.511641260685306
41.83435208350398 20.05941262799758 -0.6357897087434972
42.61587329602824 25.307652479110168 -0.18756592605261635
41.1370427447861 17.220953870881605 4.149177918699013
48.686826338600916 20.609512995395104 -0.25175869938528495
42.59094590006375 20.082227218035364 3.4905149873322516
42.6729084057412 15.675554189399962 4.7521273062536125
41.157211185339996 13.453466866591754 0.097664791919988
43.30194233392773 23.22583365432506 1.7700514883290919
49.002391707210826 15.572547070969316 -0.29975684976014993
48.396099775400366 20.46138278931424 3.9661906442432304
41.180438304647865 25.246553627021047 2.6960889833083233
45.375702010649874 13.863320533978058 1.391007717319629
41.91653539265375 18.02350422356469 -0.2612141169712101
46.78516239787796 22.17686550569161 4.916934301227425
43.43575502938983 12.863981217773498 3.656043540760562
41.45687847053445 22.289219906301096 1.1077531768932314
47.43965910756661 25.14925625344967 -0.1242079881888547
46.135883198696334 23.189212550135768 -0.16665456177176075
44.31594844540612 21.031480295446404 4.43350111077094
42.56992652140833 23.553155535509696 -0.34620842410161834
43.439953551676446 21.50810111832548 0.34359481425031535
48.895239692279475 20.557189722463136 1.0989677201110526
41.21317660010265 15.214651131284944 3.010113839962112
41.28641755279897 19.173033910059374 -0.352063575881133
44.6666758518838 24.39337413144549 5.36680546991369
47.17675860275311 13.707720096488258 2.5579131611554082
47.90724536538749 13.94887038812168 3.212386710256132
42.70341944469456 22.610276453989336 0.6724030775345746
45.99446289598785 18.53631351077207 -0.37845601276325747
44.07425350091457 22.049445285138397 4.701327236422882
46.30926011054687 14.820351160231953 5.2137403695892335
44.337279747373 18.891507513493952 3.8104133680769947
44.90903394114522 12.968387512078438 5.823329282108487
43.61314516231259 20.10020072806058 3.8386322394675454
45.64618036838141 17.27781467050599 0.13890168943854642
41.922096038367954 16.18591292247641 3.653056362447271
44.45184245709542 24.955491653095343 3.0606482295951096
48.02620635029361 15.768993262234904 -0.46878655981313466
45.55369195761403 19.185500495702204 4.201798837523846
45.835581320903884 15.429654650740558 2.79698514488242
46.04910925415863 14.49550659220639 2.298815267746651
46.72766544163844 21.148573156757873 5.2738781986812935
46.4407438867383 16.203891597839917 -0.2710140224801527
44.56205899190381 14.273073573201259 0.8109323041488414
46.367370293317975 18.508596600287937 3.9870229487741016
46.83358685122758 24.120168168953658 1.8122267920496127
45.907361972364725 17.38975829892673 1.485503723199224
46.11391929438533 20.874369581219998 -0.20376962015156708
42.89977037967113 17.81735288891362 -0.3653802704967257
48.13795574227196 20.55768055086611 5.020794076513148
42.901925563903134 16.640508578338263 2.7377911581016012
44.33047163801448 17.162372078884918 -0.07585020666334485
45.5719362962878 20.462874211610433 4.636909242189042
46.85002107048423 16.6536411768155 6.129878515449038
25.908272380739707 17.540822753707513 8.693042908091504
30.114264568511604 21.65260883988683 7.774421601473697
30.06657921002075 22.841103195611996 7.121123312588469
26.651381425778712 18.5335722043374 7.761599995872985
28.756215882939713 23.14577243333594 7.030026560019637
30.849926461224662 23.806086113482955 7.694882715015485
26.548817648725766 16.75994050483731 9.102951035710182
32.028046654181345 13.847807968266272 8.320343126570492
27.82616810827507 14.09323283666318 8.786882805924424
26.996731376866055 13.918961350470061 7.734998394408414
25.73100029273325 14.390184764683182 7.842443626576216
25.72126089897446 22.699557872780773 8.27456205398336
25.787374815221884 19.051585896290558 6.730358547657101
31.384805327741635 14.694351587006507 10.157167996418172
31.450993768636497 13.716443259507935 9.680288144269685
32.43826380736279 12.884477860168696 8.017329941743313
27.181209587506814 19.20709359457158 8.435210459369141
26.667383536557228 24.263458142429158 6.567040235271385
31.166305935078142 14.057219963589192 7.6865848529628265
27.39597437917597 17.99314282827997 7.177119522653265
27.52809460811471 14.358721675544407 6.510998657379464
25.483476997967916 18.09153281683198 9.532308842866634
25.15130818596171 16.84491041971408 8.331364554806905
31.991483753884356 12.998257818855011 10.296875728239485
32.2885790590407 20.363518114144437 7.09073499494906
30.49341437195909 13.197481017529833 9.637627969411344
29.571969747497086 25.125801479335863 11.27343208736679
40.85304007209851 22.611433450238707 6.376810164008954
32.8676434451354 19.653128704048907 6.500708450771352
33.299737625665436 22.074768496560868 9.073134156822935
35.21614543609689 16.571441524653554 6.7438966391895425
33.08966472107828 18.883718332944383 7.240177337121563
33.110068493705406 14.792165039431998 8.227245873378058
34.717023403303564 15.960549442741215 7.3746010554392125
33.87148038442037 14.90275876751773 10.244140024402485
33.575906189225755 15.286746546653804 7.06285558172881
34.02676356071852 15.10207297383065 9.19411098556559
34.374018020297115 22.591309071213114 10.3659394440405
35.00417641703833 21.65847856236225 8.944667202634397
34.30922431176575 22.423511923428414 9.29088321641473
39.81335635643382 17.633473877338734 7.24983901674238
37.87005644281482 25.088465077216348 9.892113466872392
33.76883543565535 24.43121613987578 8.885432993303118
37.02225569440699 24.077931688249347 9.470100882197443
34.65528122003037 23.803096230868938 8.797232928513274
37.292550256786484 23.165715145982873 8.959021798686974
35.003810251577065 15.822321597275714 8.689058694782993
35.93155442851974 16.148468322652583 9.135510322315557
38.97265387639208 16.016328629322437 8.707027886783239
35.75680994818056 18.96608163954963 7.87191988591736
37.63562539004058 20.0411533941133 8.361521853799921
40.022830690105806 16.89949236507411 8.37090728811482
40.17720702066652 17.813457671334046 9.397207949951444
40.27222869824541 19.96566581809081 8.622542359651874
34.868905152343764 23.675361843770368 7.736031372694687
35.769374694231644 24.541604858540474 9.442376370729475
38.85979672131317 25.088424396666337 9.690832122658646
36.795564182433054 19.583793149599284 7.2919715477257
38.36423125459632 13.847040301002542 7.978095376082443
40.91129165033242 21.68193629448644 9.839413795857613
36.31600882239204 20.671232831749943 6.598117423214153
36.897916653670414 12.777035921332388 9.739968130801643
40.46462516498027 23.38421325228575 11.354246477850422
37.44764610748542 18.717341561844076 6.4331301805376455
40.26202982898452 23.828769330121318 9.179607619380846
40.180203284949656 14.235353637681916 6.5385947767518795
33.8474853734297 20.06619898987396 6.261161514709256
45.76150640968019 15.110323702357542 7.339202009983804
40.95799126298802 24.854388884480418 7.304920541966568
41.048454371192825 13.22396345117484 6.796262614931825
47.88422323338598 24.142369194556785 9.622493900156874
43.13488209354379 19.050077995978352 6.857534273839424
47.678869241963056 22.812857061071227 9.37571749643202
44.54781370428463 24.551233505714972 6.78785004615826
46.55857042921181 21.17846384525693 6.35026726604277
48.42572240777826 16.350170820473878 11.100083230091542
47.069691520030496 18.255713645093934 8.859753236455836
43.350854267789245 25.22231595012717 7.00494163330256
47.58352414093768 22.676957818670893 7.9765596580233264
48.04589735538965 17.116409729749904 10.440529696631277
41.241030208385446 16.176144972009283 8.176711394768365
46.40802006770268 18.53432637726667 8.149354873091012
46.559602274659376 22.362920325076555 10.099058220605135
47.854662159081045 25.119794966600548 7.635327188499779
42.39181017015948 13.734252783729417 6.888908202645388
40.99346117613093 23.020210802926922 10.122078758337857
48.11199510658714 20.058514197003053 9.080283974223866
47.90500149128203 19.04779356051679 9.399654352066474
44.70968658993827 23.357885840959927 7.467553072786449
45.56831478589172 25.309850698353358 7.21979185332041
48.84466727155962 22.204310100026337 9.76584402489856
44.25476204141753 21.936520314266044 9.182143400790903
42.73696980104508 19.565103105427305 9.041897336534028
47.95006713402 14.78902380842016 6.833233098794893
47.1021565494497 17.032490758550278 9.500097958525478
43.70458637704851 19.012506976608222 8.183842472388552
44.05774893257652 17.685667880105978 8.51529798659636
44.84184691421365 19.756227473664286 8.187899423116496
46.785794343035185 15.313070969723208 6.421635311961301
43.09068607735175 16.046013124450585 6.957710526944201
48.41699226013376 18.427480704845717 10.472878489706122
46.49479979375196 16.16298566317877 9.29643485320149
42.333111513211044 23.462355530298776 10.056160603341059
25.78995094582264 26.23005424808498 -3.350000004001176
25.789950903785172 29.070000243805815 -3.350000091003956
27.019044309569235 28.359473618865874 -3.3499999813028936
27.01904401784981 26.940528945146045 -3.349999876585229
25.789949949968218 30.489935125332718 -3.350000027642581
25.78994995615207 33.32006486812305 -3.349999914749847
27.01904023087368 32.61080365621908 -3.349999890757691
27.019040227238413 31.199196320240265 -3.349999942895389
28.240955473524497 26.229536563810452 -3.3499998624774285
28.240955641451325 29.07052018874953 -3.3499999756242795
29.470049111876943 28.359993804851 -3.3499998689920387
29.47004923194151 26.940008650883165 -3.349999865122987
30.69999998245924 26.23008516475047 -3.349999926320274
30.699999993446728 29.06996907460071 -3.349999894810083
31.92995090102277 28.359993856181116 -3.350000105338393
31.92995080839003 26.940008590418582 -3.3500004373176075
28.240960238626556 30.48941303361617 -3.350000000791631
28.240960202100485 33.32058698827621 -3.349999999769256
29.470049665351993 32.61131703436268 -3.3500005697774613
29.47004963148042 31.19868291033536 -3.3499999410519097
30.699999969216286 30.48996682022222 -3.3499999218684753
30.70000003248193 33.32003317491731 -3.3499999369287603
31.92995036228077 32.6113170872669 -3.349999947581713
31.92995026641888 31.19868300063634 -3.3500005460598437
25.789950913818764 34.73999972891534 -3.349999921132322
25.78995090032066 37.579945754331284 -3.3499999182141127
27.019044024998863 36.869471047200975 -3.3499999905722087
27.019044324557402 35.45052637200753 -3.3499999002039105
28.240955643125698 34.73947979467149 -3.3499998939397555
28.240955485608175 37.58046343888548 -3.3499999381048804
29.47004922952368 36.86999134734112 -3.3499998960396726
29.47004911576883 35.4500061902268 -3.3499998937883877
30.70000001314 34.74003092510396 -3.349999894936065
30.70000001485172 37.57991480246652 -3.3499998979964127
31.929950790044778 36.86999134378137 -3.349999893739354
31.929950896456294 35.45000619963431 -3.349999949830016
24.560000009589924 32.611348101199816 -3.349999918980936
24.560000011210022 31.198651866153224 -3.3499999064595154
24.560000007154684 28.360025067318112 -3.3499999392176036
24.560000002818906 35.44997495846319 -3.349999926155279
29.322185175088194 32.65704065510056 -0.8506150808153234
33.159044519088546 26.22953654128522 -3.349999902050466
33.159044359483396 29.070520190547658 -3.349999920556633
34.380955671513604 28.359473644021122 -3.349999904574892
34.38095595532464 26.94052894541397 -3.349999907799026
33.159039861309786 30.48941296531356 -3.350000354909821
33.15903976091761 33.320586962819725 -3.3500000461411994
34.38095977764881 32.61080367369407 -3.3499999081515694
34.38095979937229 31.19919633411262 -3.349999901841948
35.61004907944735 26.230054253482443 -3.349999924910553
35.610049089241755 29.070000292360746 -3.349999973735107
36.84000001513762 28.360025068797814 -3.349999945043151
36.840000003690456 26.939977369953525 -3.3499999231024056
38.06995092068541 26.230054270828756 -3.3499999181508477
38.06995090398163 29.070000289320166 -3.3499999094391963
39.299044317461906 28.359473626507047 -3.3500000866507538
39.299044041887505 26.940528956433123 -3.3499999008368997
40.52095548655133 26.229536574143673 -3.3499999262476097
40.52095566058107 29.070520200212865 -3.3499999667119806
35.610050059969595 30.48993512885197 -3.3499998904382897
35.610050044616855 33.32006488190968 -3.350000025728741
36.84000001722212 32.61134810495918 -3.3500000588132517
36.840000003525454 31.198651874678255 -3.349999896539205
38.06994994458355 30.48993511963801 -3.349999876498617
38.06994995188286 33.320064888571096 -3.3499999008650594
39.299040225568575 32.61080367767591 -3.349999888548023
39.29904020486324 31.199196324000948 -3.349999909804348
40.520960216565136 30.489412987626572 -3.3500002043521904
40.52096027173765 33.32058696307255 -3.3499999649511123
33.159044310021805 34.73947981025611 -3.3500002012033248
33.15904450524299 37.580463403443595 -3.3499999695848546
34.38095596869367 36.869471087751954 -3.3500000344299927
34.3809556712721 35.45052642415595 -3.3500004935447834
35.61004916109091 34.73999973072251 -3.35000010873711
35.610049093609284 37.579945729535616 -3.3499999030437175
36.83999999800986 36.87002264150767 -3.3499998705957443
36.84000000105746 35.449974949042996 -3.349999877060188
38.06995089603506 34.73999972760259 -3.349999924102547
38.06995091895373 37.57994573932631 -3.3499998709869416
39.29904401282983 36.86947106057496 -3.349999918785762
39.299044311893915 35.450526407194076 -3.35000013267708
40.52095573047735 34.739479832095085 -3.3500002014888097
40.52095545827664 37.58046348622847 -3.3500001023004486
41.75004909930918 28.359993810694302 -3.3499999505214193
41.75004922680848 26.94000866839761 -3.3499999809907965
41.75004963864183 32.61131707755431 -3.349999859269243
41.750049664392925 31.198682958229245 -3.349999982965014
42.9800000016321 26.230085197935402 -3.3499999742053097
42.97999999103014 29.069969078570118 -3.349999939727706
44.20995086717409 28.359993797273113 -3.349999927344649
44.20995075925744 26.94000865304178 -3.3499999133755143
45.43904451492957 26.229536558430933 -3.3499999041500805
45.43904438335296 29.070520095629938 -3.3500002248690586
46.660955705066634 28.35947363497278 -3.349999906834179
46.660955982109314 26.940528946571284 -3.3499999078604037
47.890049099499834 26.23005426927444 -3.3499999356081425
47.89004911053499 29.070000283292437 -3.3499998917995057
42.97999998708391 30.48996683554572 -3.3499998932638664
42.979999995451536 33.320033185357836 -3.34999984205861
44.20995036033888 32.61131707349174 -3.3499998673201037
44.20995029761701 31.198683019353584 -3.350000091544464
45.43903985867947 30.48941312849733 -3.350001041426677
45.43903975306039 33.32058697596328 -3.3499998649617666
46.660959768461794 32.610803673971816 -3.3499998868923573
46.66095982486693 31.19919635481982 -3.3499999416379787
47.8900500671244 30.48993511902365 -3.3499998766292993
47.89005000484006 33.320064852100025 -3.350000090131666
41.75004928446657 36.86999133686149 -3.350000096485679
41.75004913057117 35.45000617037066 -3.349999924709773
42.97999998359695 34.74003093052518 -3.3499998467406877
42.97999998664006 37.57991478958116 -3.349999911552816
44.20995076299774 36.869991333293896 -3.3499999137171677
44.20995086766339 35.45000617670313 -3.3499998792334673
45.439044341476304 34.739479790138404 -3.349999868662672
45.439044517799964 37.580463434035345 -3.349999890076215
46.6609559806705 36.86947106001313 -3.3499998892417295
46.660955672699615 35.45052636716665 -3.34999991525423
47.89004908070455 34.73999974450512 -3.3500000425543677
47.890049100081114 37.57994574588431 -3.3499999058278473
49.11999997894864 28.36002507168419 -3.3500000258087095
49.11999998146064 35.449974978742006 -3.350000000714135
49.119999981429174 32.611348015184824 -3.3500002070633537
49.119999985584826 26.939977351942805 -3.3500000460390735
49.11999999792909 36.8700226672184 -3.3499999063000887
49.11999999677049 31.19865186169678 -3.349999884949093
27.2731218183837 27.8926488206777 -0.43554396174847354
26.158811113259922 33.73043010829983 6.147945491295948
29.11823918149191 32.16559010013477 5.9885918999123255
27.836032889695705 25.76088430712281 5.116903650390362
27.08443711111361 33.03683456941796 0.45700423184673267
31.84169001015582 35.69905985057052 3.346456978339749
30.702367026512555 32.28012726818997 3.5113773244697146
27.89918171172249 32.36799157552605 1.8681858179616562
29.74436791005322 36.57091938665213 3.7958799823134823
29.49362578602055 33.842912182660676 0.2511702499652013
30.1668439723625 32.28934791570974 0.7301119521506294
25.348496115911022 31.48205901070911 0.42576623768262545
25.89079703991106 29.475973436640572 -0.1798593594353315
26.084304862342883 30.736455847677355 0.1629708572428168
27.010587356303382 28.469763743659637 2.7909761211226494
27.660295577956653 28.874413142110807 4.875108769294818
27.121744251812338 28.934362308148145 -0.19405308734058435
27.32227673020122 31.04727211159028 0.24232456128028823
27.46553676398751 29.456507250607686 3.6573731099160667
27.856508909409257 32.33823026989019 0.7794281325971486
27.964403423465825 29.939961094380422 -0.05635983398037503
28.73138218480508 29.849411689235833 3.1360980943146965
26.52425529507398 30.457525470559318 3.6772020245788606
29.32186147684736 32.76666997048789 0.2338577444438683
29.044192829657824 29.922511659304117 -0.044097880142554
30.46783298219048 28.27145349157734 2.5026232374878896
29.868870028840387 34.45747844713928 3.106002108765421
27.26111888181621 35.00956876260118 3.0422636973891404
30.55630673457077 35.46274312529888 3.7824744827100654
31.40817188775947 35.517800284232564 0.34468186604231454
27.755790830662463 35.59629441127721 0.8227088430057139
31.276273027677366 29.69847099906445 0.948736996941627
32.42816702888311 35.290809940331656 0.07176192192755892
25.181630332444964 35.50555105238817 2.036965199955947
27.808842372974603 36.91332461350526 0.7534667483435531
27.436265564572945 37.512337139512454 1.9455247002769827
27.01971768483347 37.4995003557174 -0.20852637035885024
25.538111138078733 37.02361586098902 4.956612793369811
24.987240760036535 34.16222067976552 5.6502236757810405
25.595607847118846 26.689232166365123 3.9047813166524667
30.612075957878755 35.000624432148946 5.08027253130377
30.27404432237592 26.716756722368768 0.58084835244547
30.06445479966448 26.47862594552619 5.2899895017051985
31.41288200849462 32.16633366168008 4.316746479268337
32.229655191239026 28.78605108037001 3.802410491426058
32.43595151647918 30.90759332802312 -0.5924434146662694
32.53616474704962 30.156721536945245 0.5090343287328303
29.016313129856393 26.510726654562266 3.2141891514940966
25.156218474442813 25.839838934629284 0.46054445828625834
32.06139710799772 26.624180654612985 2.021505520784207
25.000883127773793 29.001647165390246 -0.12357599246763051
27.07180949018514 33.82800845120585 5.1417316731126625
24.715693299833383 26.84146479146273 -0.46047432696307067
31.34529641402398 25.994555295260913 1.0156449294983427
32.706755504703125 32.25716231415021 3.9613841780262513
29.10101139084589 25.85288162145334 4.4684599591295395
25.54352588915546 33.500816101061716 2.7307678078186006
31.2628029974197 31.756398356102572 5.570620793033432
29.154334268102645 37.18777616441544 0.6517936261573731
32.17870047048473 25.68744998162457 -0.016618434777421198
32.51783791142806 31.52128731489946 6.034151398423219
24.86115644714544 26.38347851940536 6.043159977919861
32.548597943257256 37.87640783852307 1.3942343307820215
25.09114657434749 26.37588618424811 1.7518253880064971
31.965514988235416 37.94621548179317 -0.2664084196438077
29.68773019486821 30.50368317588035 5.860769582780476
24.605619217107655 31.512364923488807 4.1625136945461865
25.01459454995208 38.238894502433695 1.2166882010254498
36.131134592191486 25.63258040982797 5.568600008168483
40.78165150760467 36.75985243803285 -0.807616599234684
32.90596323845292 33.16937604461116 -0.4995344788027356
33.13790070663343 30.939018080496158 1.5175360763544488
32.826509691012994 37.700198318734394 0.35509273006653075
33.13549945552878 34.203791823339984 -0.29049591341099745
33.086056556519935 32.31795689525021 3.0272885024977403
33.32778399166986 36.33103088286838 0.16884659532325097
40.625060732357696 25.598632182466634 4.812477399596401
33.38157238661683 31.926021504041856 5.1282989363373845
39.8975753698154 34.306083047286506 -0.8128708160560727
37.81528859875135 25.643863609823338 1.689653592956033
40.26337939664726 26.0872087013337 0.15026331502104862
34.35149066028196 25.912992656249674 2.643843457339148
33.24017973198988 26.936907223526024 4.710634412228237
39.42315864090465 28.647298825044214 -0.655843209728525
33.47593971314373 29.22719857320527 0.19008877540273028
37.92173364573629 36.743800289199804 5.778295013546475
38.65751332157894 35.57907260370261 -0.40209900408313737
33.42812417059423 28.233146792849038 4.2606705817815405
39.360597293778916 34.55114042333858 0.8062640995322023
38.27235442867611 26.88534076317805 1.519459267764427
38.07743598296297 32.52457985365527 1.2375834891418647
37.52435694653813 37.06641195537561 3.466100763953812
37.0788140094974 37.221636687315524 1.2008508727419442
35.35352607762135 37.095724046357326 2.832818095814992
36.63126482617742 36.686679775065926 2.4649217803764656
34.35808794630943 28.198702655904647 3.212348253749248
37.189805069642645 29.609579689670593 5.459232301999312
36.62111260828844 35.33280332759799 2.3135823351138973
35.246788818581486 34.01432804411833 -0.5865078597160567
34.030067410916736 29.06130262321357 5.263863020155918
35.378012985401526 29.634704825334897 1.8559911115140215
38.89793951200587 30.04055356578937 4.069075714557044
35.80415233493793 32.27671396444405 1.6981124987724183
37.57686194920565 30.213402767286553 4.309816537227491
37.640290616440616 33.52733097615065 3.1966687828436644
36.83478917008088 32.10618502905604 0.7411284871579693
36.44160589904885 32.87791761196946 -0.3162134781844206
37.09807196898396 29.567646802406507 3.1751513095422768
37.26258305100164 31.54202913969965 4.2081792428503135
38.82875741451752 27.43416638048439 4.437498079450572
36.81546104770338 30.75184240177293 0.43960829136333035
34.423412584340156 34.563442561116425 -0.3849518523231743
36.54494611579681 34.66690217520712 5.243326539439388
34.48420856649416 35.88793431500035 -0.19483571364131036
39.58630069499565 35.085025707492505 -0.1168417872189953
39.389126918551696 28.858899270082297 1.0924875020001534
40.542293226631294 35.11519336587922 4.134935565342591
35.468066586118326 36.331584243168486 -0.23481243864207468
33.760148952912836 36.72745109017316 4.593862226125757
40.00891438510818 28.9742149419544 0.20329360171624455
40.75095005162327 27.299236183201188 3.3625132929178605
39.67795052858427 34.34618922139064 3.3889682493141593
34.446203392701264 31.74508708923118 5.143250806558591
36.58262138490527 26.807637086906556 5.111250268428246
39.7545116940501 35.591943899815 5.1260209556850125
34.40242884828388 35.0815364473023 6.1628782163462255
40.725719200501594 36.10664018351592 0.06317920225268558
40.48544157740152 36.72456602952444 0.9283579774149031
39.43260126704771 30.993789074142 0.45640711590389293
35.49549962963508 37.605799199476344 5.856742872395735
40.331538360598685 30.44205114822846 0.1814573621828608
40.78317385876542 30.8172469966527 -0.7368854127223023
40.82247217019995 31.609911602947815 5.2934886525444345
36.410648814786626 25.543651800424946 1.647989591394886
45.19965905194219 28.450055860606632 5.330673045352425
48.142481132518064 27.892452149967426 4.108651881660937
43.51689233279399 29.78159989527515 5.242172384035122
41.098898359836404 30.717711469049757 0.9048314142023406
46.70890669124483 30.566656008141837 4.432132852249601
47.57665075044033 26.673311040253527 4.201815812549224
48.755561325284816 27.38475368733961 0.008355068799087428
45.9664770269681 30.473288595334417 5.224711378228694
41.1550827837796 26.696515552103218 0.15346190825945238
47.68255212888062 26.416196653756007 5.578975487117734
42.10714447130297 35.5919702954304 0.21902467530193537
42.490762473494506 28.391736687189823 0.04086961112516385
48.712427352541 31.007068874735953 1.5254062314799999
48.45328541693445 31.265941349171587 -0.19750516580891442
43.81262296066155 31.46673153048698 0.6911665937468447
45.33188044219708 35.75634781227565 0.13699295777658604
42.41950418488691 26.28225936922678 -0.009575527623006952
41.36798788139053 26.145235552317775 3.71458788045133
40.99401316733425 36.11466826369947 3.2969172856650273
41.164976631444574 28.020525868566583 0.2630759945997452
48.19597696227692 37.97591467854182 -0.04157357412345464
42.72046563853837 26.294500008426745 3.994694455998414
48.35078331992682 25.686586381732592 3.5903619769563555
41.88056305597594 33.4646001249277 0.7499113729169493
44.93411613657171 29.346779367927134 3.838035415033038
43.22576854473768 31.668530104056213 4.23438673879733
47.37981597873853 28.83402079239234 0.7744485307087479
45.12781318408616 31.073585435072363 0.46753968446348826
42.506991237650674 34.29754578593784 0.4667342921766682
41.46262733091993 29.680556270284722 6.009620949682618
44.26180372981606 35.610971888908736 0.1511940328664363
42.67285499052476 29.0882492210705 5.994452548900507
43.203745274304794 37.47364380474325 -0.12157700986867637
44.91903905338011 29.42218792598158 4.925319293085652
41.52060796073668 34.224253270192555 4.559160842059196
43.808943602530775 34.32329808859869 0.46846168512554853
44.32499651651884 33.45782212276905 0.39960863456458995
42.85981064959571 30.956722847989223 4.959511037937366
48.163646096746675 26.56652501386223 -0.007078665256009531
45.643365403282324 31.507674476071767 5.3419492919069445
46.25454925460659 26.686896433607473 3.6491337413512683
45.75900026100226 32.29272055842356 0.24617892160113342
43.21153945858137 36.403043163356884 0.020386074999835246
43.320382028422976 27.34964703077455 -0.061118653447092
41.603352267298895 30.863939370206552 5.30580538651892
48.37641714530233 28.605586253297307 0.4265925602454401
44.39938327101669 27.308248051740346 -0.040084323432462154
42.77767137403801 29.432850593922627 0.05371935807236383
45.170180100693315 30.224788983556873 -0.6604515463929406
45.784045583425524 30.524179880215282 1.6261853249045966
46.64579081684741 30.25227395969947 6.047988552546716
27.084368094456874 29.30074628540112 10.192758153514845
27.544469997323613 29.21800381677281 8.010100067738906
27.583625100106044 28.88843544557713 9.328384268157139
28.40358624791539 28.452170220015933 7.272705584282559
28.977863115399696 27.663126777180175 8.157015541607995
28.401169671301133 27.8009148513552 9.367203392271614
26.827007943179794 29.943931980116666 7.657004467985081
26.84538432265879 33.4676591213293 10.118981876123986
26.388370949883225 36.963306437425615 7.290242514416199
30.232573534095085 36.88547929803322 6.90693067040476
28.587332494493687 36.51339534128345 9.730942600883385
27.636138429266172 36.46920807401731 10.819183334871656
28.727389019199354 35.20524573579265 9.27976498212664
26.429169140614007 31.6304488245713 12.67868623400594
29.852087159333596 36.9264702510815 10.202156876575323
27.284002225011733 34.088140378040485 9.453611794277299
31.08618009029706 37.25918250027645 7.452917633475798
29.29275496569647 32.18429490482506 8.128107827353823
26.028928797277988 32.400902481057955 6.520685017939238
32.27489585186211 28.069744466490476 9.788337121009128
28.44275913945819 32.27987209391301 11.016345839943384
25.255378470021604 32.90652802563445 11.41562212052277
27.403347249503426 32.57296922596135 11.005529452592045
26.42001391151398 32.29359569418061 11.826305795980467
28.54712872658465 26.972190466219434 10.622141114068135
27.57564075269944 26.48362864230656 10.697097514163573
29.606328640735377 26.816343783282868 7.923799665689698
31.772693956542977 28.758043813882196 7.616537980878617
29.51073075017556 30.5379906399095 8.242274403276246
25.193815194244106 29.222789485706663 11.686915582593029
29.96279382829463 31.40612222527285 7.762601051134882
30.946011481449666 31.48632113233253 8.226229330994087
29.930570523517645 31.489917864270232 6.256332112356877
25.59593977724067 33.4376005096678 10.28997556381778
25.821054519323493 26.22910092983897 8.133670702812672
24.742834136359484 28.068070912391267 7.548687433257469
28.08347824899189 37.34686935451869 8.798439228260099
24.673543590786256 26.70647408885152 7.386961425841018
26.71193770592507 34.46729042920308 7.225169083658633
30.79220474057062 34.64634201601639 7.924285821698579
31.874675067810514 36.44621275703414 8.157865427684607
28.444540690951424 28.371175113589683 6.266791807455199
31.74354228998485 35.02349866127922 8.29953205049355
32.53743069483056 34.58691834441263 7.693529717327312
24.598842798364977 34.79804145228971 13.20651225029049
32.567824125372105 27.908805948712434 8.445394210036751
28.63682982495728 27.66552456825985 11.458407540921975
24.902834989697016 36.20881308366225 9.04243593916862
32.23365055447239 26.6030384980054 8.135567499138949
31.031904483325174 34.488795799448916 10.30159323363954
31.953604760019466 34.56243234752895 9.724404998537246
32.256723780645636 33.52067078514968 9.619754597109642
24.838090352316154 33.90392608318406 9.677925967254884
32.723571473833246 35.08393887430187 10.292984106813552
30.54399490099831 26.54567453078185 11.121086663862139
29.76749209028979 25.972123695362747 10.614941601362002
32.735066750933726 31.027527496771217 6.969786409164537
30.100085418708133 25.632936485798833 9.633904540440751
40.657054536622226 29.301559764290534 6.486605353651772
33.73278221437403 36.82606661564083 9.306507420668606
32.947811308037444 37.211821220050226 8.672934961199877
35.220720620533086 25.840152832585076 6.597283204159367
35.80252730824015 33.477351397251454 7.103337951035288
39.756679759984884 26.562108165612088 8.548485516114479
37.88463974666515 27.680291342343242 7.813417907052034
39.69174847077883 28.727760052796306 8.444112301732778
33.90929139083291 28.08731378611532 8.215623107761202
35.68917158121618 28.517838471957386 6.81981711837736
39.30304420445686 27.643008946124002 7.841895984989426
36.47466803327588 35.59222274369214 7.242143708076519
34.89759372448635 26.395261538714475 9.970861945646423
37.50976641346603 27.10087352199196 10.457696022540988
35.75006340516757 34.69884247904176 6.394050402732221
37.075194129602025 26.156402036761325 10.165257065320938
35.78793233584722 25.784582800422307 9.943137664753356
39.80003190157299 27.62139166881709 6.520919212512957
43.013897663649885 28.236674926890043 6.564462300222951
24.883863157756778 33.34715759393185 14.045491313530968
25.78994594258983 38.99945564306769 -3.3499999144788575
25.7899507688532 41.83000865411509 -3.3499999533502045
27.019044519108757 41.119536551752766 -3.3499999166603467
27.01900531609546 39.7010817771998 -3.3499999023658464
28.240994665095208 38.99891820720429 -3.349999908127921
28.24095597837619 41.83052894791187 -3.3499999131465943
29.470049098319173 41.12005426721683 -3.3499999098373956
29.470054057676958 39.70054434547728 -3.349999914423104
30.700000013229296 38.99948982331595 -3.349999904014529
30.700000002899586 41.82997737182131 -3.3499999160594616
31.929950912847406 41.120054254134 -3.3499999162912317
31.92994594952341 39.700544346937924 -3.3499998882849793
25.7899508899861 43.24999380976154 -3.349999917956259
25.789950388151663 46.08868294052188 -3.350000069159864
27.01903977195788 45.37941304244797 -3.3499999006843426
27.019044369833725 43.960520223435665 -3.3499999059437133
25.78995039491361 47.50131704265048 -3.350000029240814
25.789950888605706 50.339748037660854 -3.350000324285207
27.01904346987002 49.62946797680715 -3.349999879304999
27.01903975995583 48.210585779381084 -3.3499999128307225
28.240955698003134 43.24947364768931 -3.3499999092139565
28.240959747938476 46.08919634325296 -3.3499999603399244
29.47005001815396 45.379935087506524 -3.3500003831190615
29.47004910404171 43.960000265454624 -3.349999943809899
30.700000005228112 43.25002506612844 -3.349999904885441
30.700000049984013 46.08865190649766 -3.350000262634647
31.929949943907097 45.379935110838225 -3.3499999425161575
31.929950890845575 43.96000027740482 -3.349999892182719
28.240959783950945 47.500803627889184 -3.3499998913418914
28.24095643439323 50.340266936185266 -3.350000014694934
29.470049283092347 49.629988261229556 -3.3500005341659955
29.47005004767587 48.210063683980984 -3.349999936071022
30.69999998774648 47.50134808102628 -3.3499999884044973
30.700000035329378 50.33971689531105 -3.3500000306837343
31.929950702259873 49.629988298329245 -3.349999908259018
31.92994992992931 48.210063719430046 -3.3499999134541616
24.560000015822943 39.70051017960826 -3.350000127136452
24.560000002487875 45.37996684254494 -3.349999936426906
24.560000000595462 43.95996908420401 -3.349999918419082
33.15900521022921 38.998918227260056 -3.3500002551065524
33.15904399856805 41.83052893198637 -3.34999997913405
34.38095548021447 41.11953653059613 -3.349999985415474
34.38099470680997 39.70108191512806 -3.3500003435881887
35.610054102896946 38.99945565183591 -3.350000012079668
35.6100492504891 41.830008631926496 -3.349999958629298
36.839999989467806 41.1200851800849 -3.3499999281131143
36.83999999958655 39.70051016398929 -3.3499999291595906
38.069945939162174 38.99945562915582 -3.3499999499683417
38.06995076304169 41.83000866007801 -3.3499999716398143
39.299044536655714 41.11953657681251 -3.350000138952786
39.299005337331806 39.70108174479504 -3.350000116462927
40.520994665579835 38.99891819647174 -3.3499998960768353
40.52095597590509 41.83052894450167 -3.34999992551357
33.159044288123475 43.249473646922056 -3.349999930517069
33.15904020406682 46.08919631250976 -3.349999902654427
34.38096022562299 45.37941302135847 -3.34999990646061
34.380955631165776 43.960520213126436 -3.349999927132602
33.15904020159958 47.50080361997417 -3.3499999075958877
33.159043457358415 50.34026688568375 -3.350000097572281
34.38095654033571 49.62946796606362 -3.350000003973922
34.38096023330417 48.210585770498476 -3.349999917696933
35.61004911590171 43.249993809146325 -3.3499999493053245
35.610049583569946 46.08868292776783 -3.3500000537881425
36.83999999617161 45.37996677257487 -3.350000140355429
36.839999996163804 43.95996906456034 -3.3499999260033455
38.06995088794876 43.24999379515652 -3.34999991703954
38.06995041222963 46.088682933045945 -3.3500000513374184
39.29903977135972 45.37941302533442 -3.3499999184878204
39.29904436763763 43.96052019969064 -3.349999918254427
40.52095568964898 43.24947362954613 -3.349999911892695
40.5209597874325 46.08919632272652 -3.349999911832393
35.61004962037841 47.501317026521185 -3.3499999730984187
35.6100492349956 50.33974807057329 -3.3500000230249194
36.83999999934168 49.63001959482002 -3.3499999250280235
36.839999999861476 48.21003203375399 -3.3499999441787685
38.069950376951724 47.501317027383934 -3.349999977076429
38.06995078628457 50.3397480965058 -3.349999920944188
39.299043475853836 49.62946799825791 -3.3499999201450716
39.299039774794686 48.210585781055435 -3.349999950856203
40.52095979744841 47.50080363447283 -3.349999909853948
40.520956489589295 50.34026691915164 -3.349999991026633
34.17692746070602 38.80531516995747 -0.9594688213701896
41.750049077991626 41.12005425682711 -3.3499999165137915
41.750054039958954 39.70054433656499 -3.3499999090350707
42.979999994185484 38.99948980683777 -3.3499999106045397
42.98000000234409 41.82997735920704 -3.3499999490575494
44.2099509147746 41.120054260781615 -3.349999917338388
44.209945950131385 39.700544339529436 -3.3499999159208906
45.43900534014221 38.99891820854567 -3.3499998983462764
45.43904402631859 41.830528917958105 -3.349999961530653
46.66095550010428 41.119536549865245 -3.34999990597293
46.66099468796242 39.70108178368844 -3.3499999055000473
47.89005403085326 38.99945562680935 -3.3500000957161378
47.89004923895654 41.83000864249984 -3.3499999093636634
45.43904022645395 46.08919631249674 -3.3499999378492538
42.97999999771376 47.50134808570205 -3.3500000353137205
41.750050061075335 45.37993512939665 -3.3500000029597956
41.75004909533174 43.96000027427874 -3.349999978545999
41.75004925575105 49.629988297159514 -3.3500001323402206
41.75005005706263 48.21006371774587 -3.349999935261506
46.660960219474724 45.37941305059003 -3.3499999424502125
46.66095570570574 43.960520288393255 -3.3500004101347045
45.439043504808545 50.34026690086581 -3.3499999225765063
42.98000002289564 50.33971688017556 -3.3500000475476552
46.660956521941415 49.62946799816773 -3.349999935482726
44.209950718349916 49.62998828726425 -3.3499998992817934
46.66096018207349 48.21058577902185 -3.350000150387944
44.20994993822293 48.21006374015372 -3.349999972344071
47.890049648620845 47.50131697742338 -3.350000107359757
47.89004922042457 50.339748080025686 -3.349999936464295
47.890049143365935 43.24999378856116 -3.3499999523420043
45.43904022023555 47.50080362510254 -3.350000079709785
47.89004961966659 46.08868293792908 -3.349999934615475
42.980000012584874 43.25002507118299 -3.349999972237038
45.43904421013976 43.24947362296804 -3.350000394512037
44.20994994436376 45.37993512005971 -3.349999926545759
42.980000009686336 46.088651874033815 -3.3499999680296733
44.20995088807003 43.9600002953192 -3.349999910443339
49.11999999350164 49.63001960123409 -3.349999914593591
49.119999990837 41.120085215628734 -3.3500002394895088
49.11999999433979 45.379966830834796 -3.349999921603204
49.1199999972472 43.959969059631916 -3.349999905986727
24.813235336370337 46.965494719235835 -0.42712269028082117
31.83584026485964 41.91595124321199 -0.3871159620557685
30.909222691829473 47.6839857127206 -0.4737217029738128
24.59132923696916 38.386925589934386 3.491460846088452
29.355250182860935 42.74627841163521 -0.37876584912094335
31.37921013284476 44.239800846239035 5.258408161749973
29.126754979465854 51.045084573218126 1.3286177966073498
29.070070671454797 46.62415775320503 5.133349203972713
25.781969131253096 43.19817275940024 5.833259821019574
25.101634838295485 41.22831792635761 5.287159984086655
29.05784230804836 45.64114662039745 -0.658339442642254
31.666528060730478 41.89745977181534 1.3343427880010772
30.63615528464591 40.92204282730436 0.5522283090134816
28.123703992204483 40.75913976559868 2.2238996885930984
25.180826996482466 43.580709581349765 1.4888464183138428
25.83765452240638 47.007356257600954 0.47720245976297093
26.16507069476029 41.06346768656871 3.053734871170124
26.464947256555504 43.994187848143305 4.911233345587553
26.895326814993005 42.38270677131455 1.2871642156219976
26.828028374461894 41.162489161924945 1.8452763734274713
29.611588200003098 43.04942413483748 1.3373304988518686
30.09561816803433 43.051480401275015 0.36069814101015285
29.163058905454733 46.713142796093734 2.9089619635681374
26.291859909628094 40.26798598343211 0.9726579869295693
29.792839227950115 42.58323472554342 4.5332321369742115
28.33979306391906 46.02603189286086 2.7134831645926925
30.075712279165774 45.64009460207721 -0.297313660692079
30.64644253754514 44.458754646116205 0.18399581091135153
29.33571372298193 47.26905775700154 4.29571100373672
27.014500887046637 47.37724468912807 -0.12605036770991562
31.09107048888443 41.902111372823605 0.40863930109257485
28.592525005780345 48.50481729025807 4.369831460313965
30.406506275847725 47.46474665270862 4.35236049657828
30.069697855727725 46.14350619290163 2.704952272186306
29.053447922659505 47.55737017133403 2.2282523547785704
25.766015805257776 43.8927768348376 3.6861035499581885
31.890081296688074 39.74101805329549 3.6899844827413277
30.956781223496183 46.64419511492874 -0.18567014707694174
31.875189036247292 44.761066392062375 0.35518202993443326
30.81792626197181 49.51719036460889 1.2113752548205148
27.262793079947542 49.657547861435624 0.3224621829955121
29.029314749538493 49.69690328280929 4.632361158174056
29.439927819986206 49.80011717964417 -0.5291188925724866
30.098011849500075 49.84374661007463 4.6845487602108316
30.088901101876356 50.445512733680125 0.504982876742367
28.08515186280469 50.69163115993665 4.6097100903274315
25.495560435548036 48.035741064031555 1.3004050357620645
31.15497357605189 40.69803798351533 4.411212773893723
31.259907641323405 43.6825619657305 3.1577071803523724
31.093207366395887 39.22996948292563 2.6878804161753123
28.53102200065625 40.73797024877576 5.091686824180201
27.77206357755982 43.59526747535992 4.822992836999042
27.199734471037942 48.646540371494005 4.3715920686014265
26.89747823533793 50.00904744913426 4.58702961461602
25.960456537866577 45.80522644380541 1.1764558652353718
32.103858841572496 44.07492763529013 4.093736624298351
32.07130190401184 46.01815753999966 0.2602043530434517
32.559311867078385 45.278488552449595 3.6973543342154502
26.457753758822218 45.37772660356218 5.179985114026629
26.47950654390091 47.8591964065061 4.204975101276256
28.948788543243538 38.90935412251888 3.427383006743222
25.920568661733245 50.46939380150708 4.598383951731591
24.650181372396958 39.03049534102178 5.635702161398466
32.34070607856781 38.769005138052904 4.546185759238788
32.70225266673052 44.11953776736662 0.6212774542445954
24.74067279251112 50.34380684912986 -0.6116235867247932
28.24557642439308 38.605023186684804 5.670124061508359
28.244671968422335 39.91762673483164 6.116693804597819
32.788319056267795 48.62876974524519 4.885109947032805
39.46660789198116 50.71449711878223 3.926037266853406
32.996885081761675 40.32329994051622 3.0886458586508816
32.997970254601036 46.39766341998543 0.39196570973750733
37.74646390689706 39.99946803095137 1.6918943829777144
36.0310720685023 39.64391653701143 5.065319319309626
32.92032760606188 50.42029702824245 1.5763391121590709
34.28850388090385 42.252418515815236 -0.3716179001298059
39.692694572834114 41.24850097558954 -0.43125486568098115
38.053102117836964 40.58277270922394 -0.6953532462159451
33.13481701549525 48.31621935708693 2.7403953261726075
33.11076381822998 43.10823249395751 4.157745095863557
38.022113868298945 49.695152122746784 0.27872154197381427
38.56494750341073 48.95695614921408 3.876356179067052
34.71751975636258 47.60376691256711 4.112839007284879
33.80232577319143 48.61164576937794 3.919598436382643
34.78378841189108 45.55653044987055 3.0917870845091344
34.91975025256126 41.32828824273916 3.823967864243114
34.77567638710135 43.66919069537183 1.4085323106660186
35.347805637307765 41.473760271770765 1.5993241114193502
35.16001343229403 42.561153057111085 0.7150040502889721
36.43264109174509 46.344557510308285 1.7346383004929222
36.378785707335226 42.84885426825321 0.1297538430206857
37.05380247451674 42.317186197651644 3.9375757986762547
37.52605831238705 43.56986125963426 4.033265177547638
36.46320332205116 44.529507613433815 4.373582855978078
38.066633616550774 44.677870617755225 0.5126203616456082
38.1700348195216 43.97248210396013 2.840815064236911
36.83929521903407 46.40629880051682 -0.5079524309081351
38.22340447403216 47.05551568342541 4.781609787456152
36.01969536413059 46.937259070613855 0.5058310567725433
38.130337295382056 41.70834297655244 1.5048627660734781
34.624611505015835 46.77534394008864 0.2656722662616928
38.26168262894938 48.411256970989186 4.670297501159087
38.54144530801536 46.37080087573153 4.00933026548151
38.529315308427215 40.69943755512983 1.3998561156092715
36.24426325565321 48.257400232132056 0.605927591844615
39.47279199904385 46.201433349703706 1.527822872930349
39.07015419551678 48.394849938553776 2.09897948848357
38.9974450584143 40.45168900128848 -0.1670224103444773
39.188985238071666 47.80668061065815 -0.035572540598625135
39.73238888926621 47.54525998241908 1.2230832784704226
34.45567714239059 49.85887639552082 3.8154035896061558
39.47386892044194 39.49558997817932 -0.38380562496457493
39.6815536139627 40.50255745888087 2.278589013583759
33.264205838971264 39.65282664744408 0.3358992275765449
38.52064297640388 43.664708561929956 4.9592153490776925
40.383478392323156 43.78595616229828 0.559548078626354
33.87495235699092 38.78480090633349 0.08766545933613035
40.20809111343283 39.2792848100484 2.6413193240394928
34.75211461400408 38.68052134733015 0.7262671728619963
37.9541211205787 48.87900807758318 5.841542941545738
37.97881653735612 46.78394768369968 6.046658051169337
40.550774809397204 44.78629162542125 3.577363377850303
40.45330597175155 41.397171499855716 2.8275753680454105
35.901501400624106 38.825332286187304 6.213289248776724
40.25051103446909 42.44992639481629 2.6972628799098475
37.6442443439936 49.910781230677934 5.91783543065686
40.345533063806435 50.76333876833513 -0.1275335091976071
39.73511886643514 38.35453633365464 2.3454519399320217
48.9832599651162 49.831892824071865 2.1681090211614373
45.62090187293542 38.44006024594757 0.8234271290938322
44.563008740762854 42.8346001960962 4.278170699682981
48.90672233820331 38.783198533533216 -0.1392146932731897
42.34406853380357 47.85676219788298 5.844876172361015
44.26310115940213 42.267235991810175 3.01979707192599
48.90203002358571 46.169906573215314 2.912042878553259
44.34007239802049 42.3677006211726 0.8077188825206394
42.13196839092093 38.79622107457166 3.610940432427374
44.06182840504407 40.06507647017142 1.2187105442311463
49.04941828988124 47.03570872976717 0.5563482264625963
48.53057241002503 50.773725972293235 0.6181223386655921
47.335810201758456 48.07235879251508 -0.4089369458750869
46.045251950505595 40.573415093739584 0.25005339758431777
41.46427987099344 43.721809779756825 6.014961361026825
48.54128277736523 40.05337338787824 -0.3318072922078197
45.3849575877977 39.748108822776516 1.1891748406332203
43.988984538545154 49.13028415792678 3.6961429048253667
45.05299459852838 47.45387681203582 -0.2722449567906893
41.56482026924149 44.71585767019388 5.604887684844412
48.79452067562445 49.56728613017249 3.1243834473696266
42.44581236176769 44.0951622766493 1.732027628264523
41.046807383925334 45.22381197026693 4.431135966380339
41.23974669772263 47.17741019660747 3.6161565759904066
41.710349460523815 50.701062482748334 0.24556049930475443
47.77634240282918 49.15754827141387 5.010116684651164
41.3895571691135 39.511853946285555 3.2898560654942086
47.162102857079255 46.11735653718343 4.5233203782012605
46.036407050694656 44.222378300289215 1.4858956650808575
46.895505681625096 43.991789666901774 0.4169833532959022
47.86043478068448 43.12171853628578 0.8872987023225432
47.58786675187911 40.38644633803804 -0.34446795077238135
46.16647523456107 43.3922947002717 -0.5748817635415615
44.53819034228483 48.97655726631275 4.9657149823257205
41.97737707126141 46.8735866128564 5.589331381061317
46.19987303634115 47.990972630997554 0.3396595973100258
42.07329334435753 45.0501147161893 -0.21051810311818353
41.302172862254885 46.58815858049709 4.434071918122132
42.764227913507206 47.20460439022688 -0.2806456466198526
42.283217988763916 49.584531627740105 -0.36314059937341825
47.57322803269287 49.45935298424343 3.7675432740558734
45.84785068583005 42.45593489811092 4.676011505548464
47.91404268609561 42.206710202699824 3.2841544808794065
47.06345119870709 49.02030865177513 5.809711218091564
42.62039226385497 49.21035055696633 3.8452882941293742
41.76502666213783 43.93465465722166 0.48157494029177794
42.33856090349622 42.7897670180145 -0.18731841731639887
41.52211883652854 40.86219760410802 3.4481082026712393
44.417458812502765 50.34529092074285 3.0293560902479957
45.96328697827241 49.22971537497993 0.8856609808787297
46.59866121676165 49.55581476976752 3.3122250937935185
45.98274983481985 39.94925760718407 2.4086645804159854
48.37090186352897 44.207854156439744 4.012872755861627
48.450545519474396 45.601599817355186 4.112480813674355
41.09643703489128 47.707312121386025 1.1776124563746693
45.28210509363555 45.93490212708385 2.9258857655100243
42.27260600842814 41.42475849508669 3.8228004081017675
44.37969903887327 47.982179053688114 2.9028441497786552
46.43633239724832 47.161181984414256 1.3842722100632476
43.55310515670966 42.44312142146241 5.162100136053737
47.41029343650839 45.12283671782986 -0.08696069452824529
44.488618625832636 44.1767895071978 4.118439127164159
41.95130704138577 50.68548095061278 1.606762440905951
25.866547737136354 41.37856034889815 10.700428257424674
26.964444472471712 43.24458069825471 9.300287625800397
26.692538776332878 44.22971279787762 8.921233488845903
25.883345524213187 42.733112420696806 10.248972748989235
24.889791587574422 42.92545184512542 9.84405779384728
25.938881790818037 43.20094883753053 11.231899404555696
27.95342253455818 43.2956605489007 9.755714065077909
27.035795579491328 42.59289332191697 8.429476174871969
26.75282287937679 40.46822558542126 10.32522390038978
27.571882439591448 40.596591124844586 9.633079605374842
26.335468367588444 48.459384664536046 8.627354858115629
25.143303537162716 48.0000530082451 9.249952236610943
27.354440673663643 47.56362201574078 8.776305705056807
26.72855610062281 49.72063646938173 9.144580143496311
31.226607668216335 49.56227210091789 7.76873899822177
26.12863956964831 48.57963165322943 7.2371643892534285
29.18440414109686 50.35788120695967 7.750648920416783
30.2511651510933 50.51490679047414 7.689298177067769
25.4194348878242 39.546771659209654 11.798406326678473
26.50662750161342 39.3429504530039 10.943832705302857
29.142028912732027 40.080501042871695 7.13845921280163
30.91116823640732 48.13451043799273 7.937944168389689
30.22579565659112 47.8719239422635 7.132082667136234
24.983873628629972 40.789319201554754 11.641079182947049
32.40260001900316 50.13026703137691 7.778378733928184
30.35830984675846 48.08221801165405 8.875874391367697
31.253689768702166 39.319517361713 6.9582578069310035
30.21914495741892 50.71944139362145 11.056888387086676
24.93224072870853 38.737166429334394 12.321456250772048
32.160852285788216 47.34754666412744 7.9922638022805845
32.02851067546053 46.27716071393594 7.8345944777971175
28.473261098128027 50.661169066904804 11.266697136239396
26.984571083802585 40.22914770117549 6.664816125888086
32.672286357321134 38.470824084283464 8.33976877369256
31.569154951053946 38.536451788131416 7.512685463423998
24.724642454031663 50.61147165133412 10.89100494397394
26.99770788435145 38.462550126305366 10.881902724386809
32.78060617013582 47.696577233069625 7.166320229817788
32.881062056228714 47.47763825765351 8.80002246918478
40.72151722496054 50.40221261411963 8.737637530169902
33.34639390110937 39.2387281046797 8.689486423905642
37.14577758819859 38.74242531114717 6.752637301921557
37.77705196689408 48.303826012036346 8.169647555884636
38.004585068617445 47.12728338070477 9.12853322956098
38.888841817217866 46.53783521014887 8.886168098428861
38.17611848409549 47.4357609594025 10.15980325767109
37.10705269660316 46.50915705493485 9.149875362450077
36.70896699682969 48.50657508438097 8.248307015481904
38.308664760386854 49.232485705877195 8.377202394501616
37.948691966629234 47.995995582643154 6.75194609216838
40.73334131506355 48.3132962654015 7.790100611921524
33.34199929267175 49.63946861493814 7.985853838682726
34.99095897978184 39.265212643780444 7.055959154592833
35.50557150889976 50.70381155445129 8.881271084097493
37.85408420917446 45.84254633946306 6.561056102746471
49.090814833142204 48.0552271568865 7.440311412479792
41.39930065798772 49.50515997556219 7.919810390010065
48.550003647740745 47.159513563639145 7.134827500223961
43.28772720495206 46.57167506975222 7.930565514708016
41.948987478851 45.53910281915775 8.42469472537459
44.48932434333926 44.75240850764942 6.979551781297811
48.37634271828658 48.78164291976534 7.827544851848685
41.51020983160532 50.15891346356417 6.684866528855307
43.70783079843605 44.50925193046431 7.699442549799804
44.1172697176962 44.393050938506626 8.702915071081938
44.32886464793426 50.6591708560764 7.849069421574383
42.62782637601573 49.25908899088299 8.58186418636179
42.71346405511797 45.68512796986562 7.661574669208981
43.17338997396278 43.57544454547668 7.524866569183313
41.99927862411733 45.83010450907921 6.351874697525805
  
  
