  
  
1.229950679695944 0.7102494497674495 -3.3499999421412863
1.2299459471455216 3.540544390304445 -3.3499999581925586
2.459005347087247 2.838919411772649 -3.3499999435846597
2.459043612867715 1.4204752421741274 -3.3500000047415757
3.680956760701013 0.709730439643142 -3.350000848063155
3.6809946998559253 3.541081832300938 -3.3499999261947258
4.910054062302912 2.839456800854714 -3.349999910996794
4.910049345813803 1.4199571754564324 -3.350000061838286
6.139999988396971 0.7102806992262235 -3.350000013820058
6.139999996115554 3.540510191630452 -3.3499999396731606
1.2299509191467097 4.960054270542028 -3.349999954806412
1.2299509153831083 7.800000290660783 -3.349999947017217
2.459044318891785 7.0894736393937965 -3.349999934763729
2.4590440444348487 5.670528962440586 -3.349999930261273
3.6809554704520977 4.9595365587779385 -3.3499999368658537
3.680955421985577 7.80052008254185 -3.350000513392425
4.910049066293591 7.089993736311055 -3.3500005093125527
4.9100489771826314 5.670008578687035 -3.350000814495192
6.140000078698231 4.960084973033238 -3.350000663291021
6.140000093065014 7.799969081347656 -3.350000121565777
7.369945933217801 2.839456800070461 -3.3499999224745123
7.369950714838004 1.4199571439811018 -3.3499999367413813
7.369950906018409 7.089993835171744 -3.3499999668450977
7.369950852534138 5.670008649198877 -3.350000079252662
1.2299499611596492 9.219935129813885 -3.349999932431589
1.229949965837774 12.05006485316723 -3.349999907534831
2.4590402385123067 11.340803667555257 -3.3499998990892053
2.459040218371964 9.92919633783425 -3.349999954143942
3.680960085232992 9.219413155351823 -3.350000448020519
3.6809602557974093 12.050586912406715 -3.349999934668718
4.910049619626026 11.34131707378323 -3.3499999446290216
4.910049626156577 9.928683055567914 -3.3500002314817934
6.140000066249723 9.219966863232022 -3.350000113676872
6.140000011503268 12.050033137968533 -3.3499999134623524
7.369950357057983 11.341317060918188 -3.3499998722888558
7.36995037246287 9.928682953364342 -3.3499999093397315
2.5783713293133942e-08 9.928651880092055 -3.3499999178913145
1.4725927842588751e-08 7.0900250689905935 -3.349999938785111
2.162831636739032e-08 11.341348112918965 -3.3499999246910694
3.1288511991413737e-09 5.669977366058799 -3.349999953324404
3.800310936556059 0.8543773391190556 -0.9094973827896236
4.691976893075483 8.397825997491474 -1.1360935441409425
8.599043209118875 0.7097304773930179 -3.3499999143077663
8.599005315824625 3.5410818363048233 -3.3499999335031863
9.82099468149313 2.8389194126506703 -3.3499999263710634
9.820956372542842 1.4204752253722062 -3.349999918327997
11.050049344986244 0.7102494500326073 -3.3499999283698925
11.050054059429534 3.54054437979088 -3.3499999754234997
12.280000020328274 2.8394909531766253 -3.3499999540407774
12.280000012950609 1.4199261442014421 -3.34999994215229
13.50995066270136 0.7102494693670521 -3.3500000485777304
13.509945948851321 3.540544381762485 -3.3499999079842158
8.59904451798792 4.95953657237495 -3.3499999173679065
8.599044362773622 7.800520224738331 -3.349999966279016
9.82095568105005 7.089473647069864 -3.3499999037199846
9.820955971361395 5.67052895689877 -3.3499999119007917
11.050049091187057 4.9600542645149135 -3.349999934317458
11.050049097763665 7.800000253496872 -3.349999976194702
12.280000002215681 7.090025061479344 -3.3499999154361926
12.280000008682585 5.66997735733207 -3.349999919396839
13.509950917854196 4.960054252000256 -3.349999906839728
13.509950916300845 7.800000278377676 -3.3499999177372097
14.739005326728806 2.8389194300193337 -3.3499999906535924
14.739043608540573 1.4204752321183938 -3.350000116391112
15.960956783108923 0.709730485633984 -3.3500000443698563
15.960994681710442 3.54108182546977 -3.349999908024474
14.7390443181604 7.089473650853407 -3.349999957975661
14.739043977134944 5.670528948583321 -3.3500001217580633
15.960955513575513 4.959536504340232 -3.3500002380083505
15.96095560903197 7.800520220635639 -3.350000176941217
8.599039756182458 9.219413027828976 -3.3499998845102774
8.599039741033673 12.050586889193564 -3.350000138996422
9.820959778973348 11.340803675145127 -3.3499998926016605
9.820959748330475 9.92919635409069 -3.34999999367306
11.050050101058138 9.21993514936405 -3.3500002982850874
11.050050045722417 12.050064870893449 -3.349999891160703
12.279999991896082 11.341348122214185 -3.349999903366686
12.280000002530073 9.928651889178765 -3.3499999139514856
13.50994994025549 9.21993511261712 -3.34999990410048
13.509949925979361 12.050064876316034 -3.349999913510141
14.739039992998414 11.340803769975656 -3.3500004593412838
14.739040071007144 9.92919622310579 -3.350000288042847
15.960960243999256 9.219412838014431 -3.350000352990772
15.960960224063312 12.050587293248318 -3.3500007469288304
16.051398844119255 10.776069818633992 -0.8969771464958354
17.190054062027272 2.839456818103429 -3.3499998916972284
17.190049274356745 1.4199571708294658 -3.349999930002645
18.41999999742636 0.7102807184609853 -3.3499999385327683
18.42000001083208 3.540510232690458 -3.349999900401368
19.64994594920337 2.8394568294040545 -3.349999895950966
19.64995072000531 1.4199571914302558 -3.3499999111273624
20.879043212855443 0.7097305198197508 -3.3499999488351406
20.879005311560604 3.541081857397257 -3.3499999481771248
17.19004918730156 7.089993789956927 -3.3500002507921733
17.190049287753357 5.670008648110296 -3.349999963335403
18.41999998550302 4.960085195250084 -3.3499999636047315
18.420000024017213 7.799969071062413 -3.3499999134508207
19.64995090127273 7.0899938250533525 -3.3500000100306915
19.649950770645038 5.670008692374618 -3.350000412672909
20.879044550447265 4.959536551142471 -3.3500001479945016
20.879044251658456 7.800520232963657 -3.350000338442457
22.100994647395286 2.838919448302497 -3.3499999047569107
22.10095635502369 1.4204752588948584 -3.3499999246849543
23.330049327232302 0.710249452656219 -3.3499999453986007
23.330054034240757 3.5405444216713606 -3.349999901872316
22.10095572893276 7.089473590174273 -3.350000499175081
22.100955963302415 5.6705289308221465 -3.350000041104181
23.33004904661928 4.960054240080834 -3.3499999758993457
23.330049079193614 7.800000330195772 -3.350000030755209
17.190049956011112 11.341317198211176 -3.3500006854491913
17.190049855983816 9.928682784535509 -3.3500004069729483
18.420000027273783 9.219966813798656 -3.349999854529373
18.42000003162203 12.050033146258569 -3.3499998872176473
19.6499503662212 11.341317041879567 -3.3499998692503263
19.64995036524459 9.92868293019145 -3.3499998856089777
20.879039716979747 9.219412965479618 -3.350000077135853
20.879039694270322 12.05058691619542 -3.3500000981461953
22.10095979500196 11.340803649445192 -3.3500001174904726
22.10095984011232 9.929196286625439 -3.3500003204696247
23.33005005304912 9.219935099162576 -3.3499998695217315
23.330050058668103 12.05006484023191 -3.350000164386616
24.55999999147496 9.92865187734083 -3.3499998710412227
24.559999993210994 2.8394909964463557 -3.3499999334105537
24.559999999649747 1.4199261444862574 -3.34999994919614
23.78836972872244 6.345003387098404 -0.9625977244043638
21.52217023445757 7.580419251043466 -0.8880507529720738
5.484705072262795 10.765430928980457 -0.5965399293273033
7.007359766477453 1.266243935631781 0.11617414942781346
2.0099440964862083 0.6537229450796168 0.7577165670013053
2.3755988777347095 7.317969639805571 -0.009529522616569253
5.786149847619035 10.181533500901677 1.0572100877628754
6.774108238843903 9.55527801914811 -0.3379400253458087
1.010807274607621 11.272166674235676 0.26380648207470325
3.548072116956932 11.306517683424632 0.03553755261015756
4.836476313438022 8.037732089535178 0.5820582188941115
2.9424086644846192 4.236111665265823 2.271556565460633
4.708615066524617 8.8430306156396 -0.14129908262670798
2.91843564710284 10.454762502740168 0.24641910218625496
3.384229897217945 9.293898512354911 -0.018594927730539723
3.656435888581903 6.927644946312752 4.125870041300143
2.3185925723574266 8.396456351434132 -0.005443724935836336
5.302224229812227 5.025614382134807 0.23350454432211065
1.1371890735522934 9.120447574381824 0.2050339982668603
2.882275116003381 7.555330646860922 5.0764057106762035
5.204880553536577 1.8011381984177448 3.652912848540316
5.80124048231477 9.910855099376354 0.0014613128609208825
4.343714262221387 2.5640273462930736 2.9131869118416844
5.775340494710498 5.52826923381738 1.4780049841894116
5.802649502889781 5.9353021490256825 -0.7580050194770249
5.944475141454687 3.799534663909297 0.13506494522660506
6.955389632965064 5.318489071320499 3.565657606061685
5.802430482328418 2.7938609061458024 4.478109052494031
5.964954406309861 1.1083973724062048 2.7411783699830217
5.01142453964716 6.925555416521319 4.506633710970313
1.5634378109371478 10.42679423074519 0.25710408810984187
3.9320609688404415 4.894921483723308 0.49400204467676234
6.608652947907092 10.943933105100735 3.4537034277842906
3.2676190269991783 5.622286184091164 4.009840449789628
4.090942303802283 0.7267487910965004 0.13326067301599465
4.410520192068984 1.6978399678870484 0.5113504778505118
4.438783403430907 0.8449389519165272 4.2693015199195425
0.7851747424364703 9.43881887608935 5.019060199644506
3.643891768835092 7.572671649193007 2.954367047704569
6.038028568562937 9.447947547266038 5.421346110094424
4.3617772800977574 10.909880213035715 5.559354968929471
2.0715969962249616 11.469080388422828 5.763976501680915
7.278457406098641 11.970847689229831 4.231243813372486
1.6685631566023933 3.1229364047102393 5.654130360526479
6.656592438512302 0.2612709963172121 -0.06655973597171183
0.4622514055955524 4.763843707861102 2.088614020955637
7.027426615308857 6.420869731758223 6.145263614497769
7.734732045997781 11.32927092773267 5.390588710190166
0.13250593906827615 8.745346368047132 0.33274807046498767
7.483566475680282 7.314999826698004 1.0480505717952882
7.9972053842197655 0.32642601069193883 3.4209098407787177
3.409799674822886 11.722656968423363 6.146728097952865
0.046577022493529796 1.507298220689453 1.4565141571943663
2.9008507807949395 0.0352677234301737 0.8667964396288619
10.645270341691921 8.970961085027652 -0.8191216714942806
8.506653832400835 7.2695910876487595 4.548352676625137
8.231095949477313 7.148774581750743 5.925867457671275
11.18515810943511 11.462911580404944 -0.2547634784685604
11.43095147779353 1.2522139239536043 -0.3380686955196488
8.442461446420777 7.463134371973538 -0.5136913527929843
15.08363339850781 0.08291399527809562 -0.12923549295079328
13.71173730933248 0.14435315084765948 -0.05196038653101587
11.982326886702895 3.8338520673490053 -0.5774144561506389
15.604975764417027 5.775714375280767 5.910269536727548
12.10015652375404 3.9617125698092814 1.1239459255888007
8.372494920195386 5.983275757346624 0.3578863820655642
11.735379884450678 1.6382125939620298 1.3533571986844306
10.53958199498579 3.30745384951266 0.46807724458546973
9.898038775410717 0.18575309738412046 5.1350898890349
9.790836951794308 7.031036292583333 2.194546604484172
9.169632352119947 9.74481959945337 2.9840246824033914
8.578442942482063 3.924551193483268 4.429922053123696
10.785543867659989 3.6303167672192904 4.347758763872601
9.861696833431163 11.879040551376413 2.017125445365653
9.664766535869237 4.4770170427881215 2.6236444458125896
9.602744065638095 3.509621945364021 3.6146220000605833
10.389028822175293 7.021783136621353 0.5378408222840547
13.050791094450643 7.951926949797816 4.415867234084871
13.368013938858413 1.4579005308005817 0.10334945073403379
12.299465101480061 2.2694689039761653 5.25801058497089
11.620233315625654 3.3734386789450617 0.3418285789282083
14.522543721361725 2.162617790443743 -0.008807738354388306
9.360817219191413 2.239828211900204 3.112801424717132
10.066156780365423 11.014568571013076 1.5365171587489979
9.56567375461189 9.855114293302936 1.9853323934601907
10.790210883876204 10.733291921613327 0.43666391648838787
8.39125161955427 7.063904521925756 0.4992711739429456
9.889794658662497 8.908949193711784 1.1242010145956738
10.46177677731217 9.503253244104657 0.10250470028352221
9.630274598030587 7.442154430800555 1.1979014279577826
14.079813771305343 10.291906249432715 2.7685222759203376
11.982731814081498 1.9150130527752378 0.3285164649295502
14.015287424180977 6.822147600584736 0.000252743493324159
14.541002291878188 3.242236275579572 0.01317424660637001
15.581939097086346 1.368230865652626 -0.16051705990251297
15.098954724440825 6.224961649397823 0.550001595796441
16.02823203940593 7.111609568253877 1.0393857813433438
15.371909067876878 5.463188532945428 3.4603982464912617
12.368955778365196 8.93096165127619 3.773071649680765
12.986229639958907 8.172185572202995 5.802134204410695
14.392290519446584 7.8661658374062435 3.9154612700674605
14.70670915086414 1.6120854448395114 4.4643410277741955
12.44344761481357 6.715027873021649 4.25344689608391
14.128893203421017 4.270980604209455 5.30933504567632
14.629896060739904 5.23800828123675 1.41977214229018
15.863768233045702 11.691827055325266 0.15950453692363586
12.50472068792065 11.93338986673516 3.046527116458768
14.683013190978105 12.36024601058568 -0.04070141848126818
8.469995993223078 12.40662672519056 3.607783010141863
15.663412761053431 10.864241362315205 1.2482603559350658
11.746160058420097 0.4975320633391588 3.904129500653818
15.858649355599619 2.1077222385228667 3.8439734140121615
15.729400946102883 5.600498343836121 -0.4908086280304691
15.550422912463468 3.173510266750902 2.8838298701928644
15.982924224820312 10.370898584843117 4.056591963239784
13.104352219172808 12.164170829947711 6.1000938611899755
11.870760471236196 0.10395710887945564 6.173514912444482
20.335512893576542 9.652291373116414 6.193959345926661
19.143199788831733 4.042084494837481 5.818762115819539
23.192675225536345 11.399465634492117 1.4428768898972266
20.020970490188507 0.30566132362708076 5.5652040505439135
24.425270004326684 12.243486952282126 2.246125533323421
17.31386644840058 9.146494585505863 1.0049342305372166
21.58317060605819 10.038811361381272 -0.5177359570881912
23.764520607923522 7.267016610409476 4.5334132387346155
23.262313614149804 2.8934396133777747 2.8088188475013753
21.17044540871372 5.6291338714772685 -0.15253536592202743
20.465627090472633 9.50564715265203 3.844456681664786
20.5045833411908 0.6969896982950176 0.02292924914630956
19.35924824279784 0.6641680192328413 0.8107210455748015
18.725661808150917 6.537303437700939 3.394998389663897
19.623873319534763 1.5589356629671116 1.8419198287867855
17.088000431319315 12.44594869980753 0.2545411703447342
18.47168116885213 7.577887890983437 2.47230551942905
22.872508072431053 2.135996040639472 1.65318783792184
21.130295350113546 10.058557910191595 1.6708915625525866
16.56068555074612 1.6147893175745862 -0.1974536165401264
19.7496395749786 5.414519821485177 -0.30121913464782435
21.54699839978579 7.1925889073746845 0.8299609964846633
19.594577607811903 4.092218066348956 -0.1984867227630549
19.396710676005252 5.531760154647864 2.704254155993555
17.612680064767304 6.2186524355030235 4.039093517041895
21.926937163092305 6.891791727751017 -0.1463932390181133
24.126608738997156 3.8302534516843347 2.3751991763203972
23.814441669390966 6.366770454898851 0.8501385544456574
18.774810261644742 3.3936072326959312 -0.27801282702593966
16.815764918952173 2.527002882069895 4.799499009663397
19.45896900395175 9.388834274559686 0.14469444767821527
17.435566059004117 11.956317672677818 4.695306989201503
23.85871885678618 2.0218883942033172 3.7360833298895377
23.801632964514194 7.867253917515347 -0.06567244550375495
23.23491561165077 6.098621908181694 4.132966393124282
22.65457848254394 8.055296159464334 4.5052768522998266
23.437874526540732 6.839780665470365 -0.056811569738941525
21.46855162546524 0.47356475257540614 5.431362256492567
18.99118773892917 6.156378674044277 -0.5031999635899365
20.812107724465218 3.49917760809718 0.0959881025897813
21.600310775707534 12.06299078468843 4.271069781299692
22.004712748283747 3.3958084169555978 3.366457012622901
23.880714082093476 0.6169269781766886 5.616583794747005
19.45791447102693 0.9782665860746252 4.5103101698015715
16.419205875553125 1.0342255020482067 3.0799780782610853
21.679732079692478 4.414019395901854 0.16354615241787274
23.678013230497484 12.375230819880176 1.4635970243643115
18.085486000104556 9.910151313329276 3.8136906738464504
19.47369167708506 3.101340954451844 3.593510643931046
17.18167977527972 10.57664590038936 4.570380149834228
24.352987105098382 6.9622009918236305 5.790039822503116
17.11986452188006 9.940065661593925 5.807387048439335
20.120882569455443 11.60719912733406 0.21717881051148358
21.015343881728516 2.5166994767009054 -0.020338100870329612
19.60826711590349 7.211448655416446 4.213835636901074
20.551176684692713 10.276178997496443 0.3855664313324647
18.314130414387304 1.178206667421479 -0.008557674608006272
22.725381845006307 4.170836772746606 0.2813543867595958
24.4834870970219 12.614207440454564 0.10905755449851173
23.85446530989976 12.242873304251702 -0.6999804864008696
6.867008976032518 4.32790560288975 9.139842253219006
6.475028389166566 5.299688560865071 8.839693786305727
7.741470927543172 1.9890581715974667 8.4272526509516
7.214978931399749 3.326108559388153 8.033553139179338
6.339985545573811 3.1062799666532293 7.421865338574128
2.641329155674309 1.2994196946941394 6.789061057195073
2.8974862219907043 2.1738748029403228 8.303238804715482
7.739360778985094 1.8093196170081576 10.58292753777761
5.976465505934887 4.014697343910844 9.684757764463347
7.733877312208131 4.364158569972538 9.799633894676207
0.8662636176636551 12.69629413280076 6.8988582383518935
8.022959731334861 1.4108255328068429 9.620028737758652
2.293624022434284 2.1349175077961053 7.396633723545318
7.926387231111424 1.1305833385042254 6.453090045871489
1.2831982462288911 1.8007113956992966 7.632103520793523
0.5453715652043819 5.351296344322356 7.7713493373308085
7.964925337932584 3.7853359556355057 7.389510758801441
8.054049677753452 1.0582938990768733 7.523079081635888
7.98308734419049 8.382756500077349 6.374801714843237
4.83949567317535 1.050492688066698 9.756762593529908
3.5555284936061278 11.619948679634215 7.525459620566407
1.3979796376996978 5.780896195698233 8.276228968888123
0.6692853204116453 4.212812512455713 7.023711467264354
5.049106665058165 0.2473563285831422 7.628531783045678
1.9326433975439101 3.488061746701471 6.646624749515984
2.800969042613626 4.138604668079132 6.542200218113859
14.833364735375167 4.690008798504276 6.4342485171800785
16.224288967621106 2.497056691392666 9.99765646882401
11.648836952456593 8.907688051667332 10.773945352332397
11.141348484663856 8.27132472895826 10.0489645410693
10.26834100994579 7.71386736652911 10.38837467449048
11.88252673851678 7.491028278960936 9.876070798734464
10.811272916361673 9.051769373030831 8.707603817844545
11.626840767145879 10.137353680897645 8.284282645284765
14.882814161149998 4.132975171418136 9.416805225377749
10.890195000291511 2.342179500460458 9.189115112305107
11.870041919185274 3.050229616158641 8.632694708074009
12.865307326409372 2.166317038512209 8.084999610368378
11.495093575219109 10.852500056025569 7.078016087960779
9.892386162766018 9.612898621145044 8.877548225449315
12.501974877584573 3.8672910727413274 9.55069453514774
11.413019966471888 3.923655871343476 7.651105288248747
12.843846363356123 10.4603898955698 8.770145061474274
10.623063485220213 8.339641252809077 7.90414208809344
13.306087274352441 10.291167636023342 9.731444789443112
13.558272360645837 11.19007035401779 7.937328799372323
12.67920105750476 11.567730818713096 6.893759913580999
15.640542870276224 3.6772158430343613 7.031443485047096
13.869283401201475 5.081306831919339 7.318305511769307
15.10694997995072 6.420991738582702 9.760567609823367
15.631800650751439 7.634032586809815 9.465114364285338
16.085118919595338 1.0896877674445509 10.0012429060181
14.804037921094674 0.5955406477988753 9.88043537039498
14.403136481910751 11.675536534660823 8.203086591394174
15.453499012721192 8.331453671524262 10.593494767702825
8.565474903085487 0.17261089979511343 9.43829192463639
9.343871841179906 6.5239964760678175 6.571076914044125
15.154069249698871 8.200154784355231 8.358522643556334
10.612861767794595 10.684995892707287 6.478008260343876
11.686448803666917 5.70068992611373 6.380846844013869
23.964582845890494 12.46954497251011 8.472334195558055
24.537969503993946 8.979179628924433 8.937962270354088
16.7837883898144 0.5732410767232579 11.09897324978957
24.205513221789086 2.315349706224186 7.116782560834278
21.751495731501794 0.9228456314360988 8.35347307318924
19.322105009000605 12.486898580899174 8.65005491342584
19.330772231887003 5.957996297408626 11.375920744950555
16.740849916494433 0.800341251635971 8.790958934789092
22.747127264482 12.01704129307036 8.879880309267822
19.60316713358626 11.904907347944448 7.7847860033070955
17.004446558989322 7.434565230886723 9.244998493593204
20.266414637224212 3.255131707967908 11.376469395776104
16.636836030096166 11.09892027424804 9.736550332475018
21.15640546111367 5.57303770520779 10.356251187638895
20.474809129277396 0.44068968417323895 9.98971265296024
23.625403085732696 9.605881020400593 9.6707531447752
17.109892560065834 7.686357774553046 6.484802411543943
18.47127572321483 12.109217358420828 9.575636274274466
21.365541843721285 6.987086671548029 12.087696204322272
22.182685771499116 5.862510652996654 6.370889090432367
21.88696953890878 3.381513351214452 9.551266987375918
20.376450316343995 5.071278143998151 7.494052042989035
19.154066704204322 0.8514560596443144 11.640950022059162
20.921890933010054 4.69249763392077 12.451867260851786
17.69385699086088 10.873060613455678 9.595858816504055
18.230817310095777 10.584626244733236 11.747351842470538
19.14958616561193 9.533196132169376 10.576729511903245
17.607078807155535 1.7484937023135962 6.960146933480894
19.109441164155108 4.64826927158105 7.110887168090617
17.514939288167206 9.288737594867657 11.12883816424047
20.397851879449927 2.4038934977347646 10.84900587986445
18.216980365079625 10.053150453366943 10.795804669593704
24.317767451232754 12.024817309704826 7.254394879189583
18.721284823040275 3.7044560646083293 8.071621598751221
21.379210516114938 2.469543401059058 9.82856030637749
20.68082006245122 5.78662510419418 11.654046089272654
17.785909022409264 10.249924864870845 8.70629248245528
20.402074472291122 8.914433744171204 7.321461911819737
23.62792559617845 8.874662971203499 10.83663473859146
23.66658529663109 4.447350578293571 7.448146916169165
21.355173352633305 7.864806800997422 7.171241114966705
21.329695781740206 1.2589256515506424 9.289173357710514
23.074162734974255 10.433489993803406 9.493842255408584
22.888189868365387 8.971734264058165 11.61751130827992
20.726129278086404 9.554757670612144 8.483533228548568
19.37536771732987 7.057681357204152 9.329054402897633
18.294322691206034 5.79406629087184 7.184879572142584
19.933629441035883 1.1725270566221957 10.965971982373201
19.18884495940347 8.292861488765508 7.4740833279956655
19.55372640834952 0.8477191939579801 6.694077043538109
1.2299508970472308 13.469999497530207 -3.3499999421950957
1.2299503760865993 16.3086829428093 -3.349999925578798
2.4590397741567256 15.599413046350506 -3.349999928906512
2.459044282181744 14.180520481456417 -3.350000218633875
3.6809557553779118 13.469479532305483 -3.350000493070504
3.6809597912170524 16.309196316879554 -3.3499999018471005
4.910050064084945 15.599935134084774 -3.3499999305585537
4.910049108618462 14.180000524844965 -3.3500001536887245
6.140000075399754 13.470030705533212 -3.350000317918209
6.140000003755393 16.308651853921802 -3.349999989416963
7.369949935663105 15.599935133775713 -3.34999999794233
7.369950876566767 14.180000489341822 -3.349999986779124
1.2299503715875784 17.721317058543427 -3.349999921576139
1.229950889552001 20.560006209706444 -3.3499999123626143
2.459044263207854 19.849479826448576 -3.350000366802556
2.4590397508696804 18.43058694472794 -3.350000013623695
3.6809597825147593 17.720803664683384 -3.349999941558275
3.680955740115545 20.56052647697828 -3.3500002686934547
4.910049130278734 19.849999779603053 -3.3500001097776035
4.9100500409157295 18.430064853206346 -3.3500002525188046
6.140000017852619 17.721348115419975 -3.350000028394456
6.140000006632841 20.55997494876142 -3.349999915327593
1.229950783749689 21.97999135629165 -3.349999896073853
1.2299459553358076 24.810544335757196 -3.3499999001740144
2.4590053379508148 24.108918209367573 -3.3499999049809803
2.4590445119650517 22.690463444669195 -3.3500000328798696
3.680956003093145 21.9794710599205 -3.34999994342561
3.6809946878574094 24.811081765322808 -3.349999870066127
4.910054057503358 24.109455638983302 -3.3499998524552375
4.9100490893607 22.689945749999545 -3.349999866694815
6.139999984645063 21.980022635192398 -3.3499999945580705
6.1399999899628765 24.810510159790663 -3.3499999365080635
7.369950895935923 19.849999734632036 -3.349999880410305
7.369949928702789 18.43006489487034 -3.349999958797747
7.369945931989092 24.109455666029834 -3.3500000815707223
7.369950923497798 22.689945715916867 -3.3500001776346586
1.3209217255801213e-08 14.179969288272684 -3.349999933587023
6.6350008319863495e-09 18.430033166078694 -3.3499999267529934
7.503235228244304e-09 15.59996685729108 -3.349999931234594
1.1418866880377736e-08 19.850030931030556 -3.3499999204760424
1.9417967814860113e-08 24.109489828980355 -3.3499999413184645
2.3815346918852586e-08 22.68991480572593 -3.34999993798875
8.59904430102493 13.469479637448773 -3.350000411120766
8.599040227262016 16.30919631194864 -3.3499999018786575
9.82096024161915 15.599413036196648 -3.3499998628214414
9.820955683718708 14.180520462879434 -3.349999920046909
11.050049101442408 13.46999951516564 -3.349999887594425
11.050049640455386 16.308682938231666 -3.3499998715843162
12.279999984289756 15.599966867845572 -3.3499999371233304
12.279999986147683 14.179969294313313 -3.349999937232402
13.50995088474225 13.46999950958762 -3.349999921701876
13.509950290913393 16.308682903553454 -3.350000082727761
14.739039747825489 15.599412984076427 -3.3500000212256618
14.739044328733007 14.180520436983839 -3.3499999129117097
15.960955664941356 13.469479586131994 -3.349999906870039
15.960959822223519 16.309196281001753 -3.3500000382612782
8.599040225427263 17.720803650304525 -3.350000037286862
8.599044302959083 20.56052636731222 -3.3499998911239937
9.82095561726317 19.849479807094717 -3.3500000234382554
9.820960247882441 18.430586959554912 -3.349999981275923
11.050049640525893 17.721317039078166 -3.349999877368491
11.050049113850731 20.56000620238958 -3.3499999536338776
12.279999998679761 19.850030920588296 -3.3499999119419743
12.279999993857146 18.430033149739074 -3.3499998777023876
13.509950265478032 17.72131708521541 -3.3500001090996756
13.509950883849449 20.56000619123721 -3.3499999272774392
8.599044023710935 21.979471051055704 -3.34999990110989
8.599005328654055 24.811081778531104 -3.350000113523145
9.820994676347023 24.10891820584002 -3.3499999133841585
9.82095547297612 22.69046344019491 -3.349999886115852
11.05004922177569 21.979991353184047 -3.3499999196298544
11.050054058305347 24.810544345772936 -3.3499998928067622
12.280000008305398 24.10948982533354 -3.3499998852721937
12.279999993113613 22.689914835137188 -3.350000003490602
13.509950779004427 21.979991355589895 -3.350000058510252
13.509945945543437 24.810544343182034 -3.349999885176315
14.73904434881918 19.84947980040573 -3.3499999103024267
14.739039749684048 18.430587068255324 -3.350000133709514
15.960959843968036 17.72080370651871 -3.350000094975493
15.960955677272562 20.56052637396319 -3.3499999231933586
14.739005319602231 24.108918214909046 -3.3499998984506862
14.73904452018182 22.690463460207322 -3.349999965404159
15.960955966512108 21.979471067848067 -3.3499999272707583
15.960994671007594 24.811081785676496 -3.349999904962239
14.728020358651676 17.105117051881837 -1.0234799951847073
17.190050060800466 15.599935131502265 -3.3499999092238464
17.19004911582224 14.18000048261012 -3.3499999006823424
18.42000000872488 13.470030703252323 -3.3499999137724865
18.420000008829373 16.30865187278108 -3.3499999219659395
19.649949937563754 15.599935118555253 -3.3499999908623366
19.6499509027499 14.180000486207089 -3.3499998944723552
20.87904427959508 13.469479593565106 -3.3500000629639946
20.87904019856156 16.309196346506397 -3.3500002245144387
22.100960309258923 15.599413015523258 -3.3500001318082817
22.100955679637135 14.180520481098979 -3.350000137767851
23.33004913694344 13.469999520756579 -3.350000189991915
23.330049648876113 16.308682907146437 -3.3499998737243586
17.19004909352147 19.849999729767116 -3.349999929844275
17.190050056989282 18.43006487644429 -3.3499999263089117
18.420000002975453 17.721348105069872 -3.3499999282394555
18.419999998125395 20.559974950168282 -3.3499999328119334
19.64995089861891 19.849999723977504 -3.349999934129909
19.64994994382401 18.43006487172032 -3.3499999426057325
20.87904022260418 17.720803665451697 -3.3499999468461072
20.879044309674498 20.560526371596772 -3.3499999381569534
17.19005405752849 24.109455665990208 -3.3499998974701928
17.19004907361204 22.689945760253607 -3.3499999920719583
18.420000011828467 21.980022646572703 -3.34999999445853
18.4200000009851 24.81051018109551 -3.3499998989776425
19.64994590341549 24.109455663356147 -3.3500000670318633
19.6499509048975 22.689945754194646 -3.34999992687137
20.879044020290525 21.979471072786417 -3.3499999220821453
20.879005344609155 24.8110818197431 -3.35000006875521
22.100955635074577 19.849479790703604 -3.3499999448955196
22.100960234176373 18.43058695616677 -3.349999931031191
23.330049634517565 17.721317020923635 -3.3499999165006744
23.330049108705172 20.560006198312827 -3.3499999475972464
22.100994677202657 24.108918234292766 -3.3499999403324034
22.10095547275744 22.690463457197495 -3.3499999345745
23.330049226751175 21.979991365381032 -3.3499999341112616
23.330054067418146 24.81054436337139 -3.3499998852223856
24.559999990566208 15.599966846690421 -3.3499999182522378
24.559999996578437 14.179969293921289 -3.3500003275466925
24.559999998922496 22.689914837779593 -3.3499999233661293
2.946264864753475 25.38205750297918 4.549222990361241
2.9634553342255856 22.52485595100631 -0.6586855982715811
4.698078050328607 24.02707817073128 4.680201037198862
3.2308983241664855 13.592080347132592 -0.5518637297784046
3.8374709489462298 19.40788157464542 5.133184514379101
3.9168363171524736 18.63407450008252 1.2934363604530574
1.2474647859133228 13.321156887974027 0.28995847041526135
3.2666655725420433 19.71381535899626 -0.5883191600150361
5.228773301527728 18.80092592987622 -0.4366355028375113
4.28689900579633 19.470166841294763 0.257377924991804
4.845682749987779 20.660075664641987 0.6718362242353426
1.7955377969843769 23.207250107256378 0.9124330425968652
6.256576538170449 16.867935347730494 -0.4378610687697482
2.035916422440991 17.694687623266507 0.36951127059492883
1.668569281653897 16.148174676228496 4.014497899460636
2.9661273990673487 13.846147652140067 1.707202787247326
2.4206091239818726 14.071346708821336 0.41379050667527895
4.6117775327301285 14.193309863238488 3.6250566887685354
6.692122299329593 21.59458326247291 1.582947722207113
3.019568771226103 15.82624402669301 4.30048229856093
1.5912959381227405 16.92929656497186 2.967933592954657
0.8093556974732122 15.019736256419804 3.8011885693916723
7.287357842563849 24.271619906780096 0.175345820774101
3.1244308162660785 24.676872255596844 1.7644920883105963
2.8718972074813967 23.19870901736486 0.180325220700156
6.813517928608735 17.243487875542975 1.8012562898709439
3.6985942569774326 24.040558719991854 0.6693060100632686
7.314249908469502 16.901112456786358 3.05913780440364
3.744222559634954 20.659702264054044 4.296761448982269
7.081365708358222 21.807162949040325 3.7109857653098866
1.2864314822380398 16.916845155073613 5.067864666480563
4.629792397640977 24.178632223647533 0.3033746908701829
1.962916727763009 24.058172740532676 2.0241466276860667
2.8829911912981077 18.90804633921575 4.968159880567161
4.612718051792289 18.813925182248774 4.649131073538639
3.0745749814344405 21.304670900295285 4.865696927927025
3.0991717731364035 20.46111941477057 3.4408558847993396
4.67532925655289 21.131218154744595 3.982415964085342
7.104886169940048 22.982396743451517 -0.4043413890315617
2.0916700101567254 15.450591220469033 0.2623421675304527
1.2665618018808245 24.163344583281052 2.8429437336044105
6.643642136039176 15.755607942177837 3.670755100153519
0.6706726008959709 22.19480430862382 0.7155809658232992
0.9474121937471792 21.48093696944484 -0.06024673509157141
6.107724078304093 25.0350657623619 -0.03863114530304412
7.6286398792511285 21.946512117333153 4.963715075917243
7.376416720805011 24.05415540069952 1.5659935673095071
7.137189371095161 18.012324538486993 3.9279703425740777
6.725288357900586 21.491064001602677 5.908706665981077
0.3577429034538694 19.891203990309755 3.776228946850818
3.7956670317429744 24.590790104463856 5.401268775420314
6.926578719415098 13.44118244309792 0.9302387641651721
3.7334622292214505 13.010292885285965 5.77117753444014
0.6591878753279743 20.389373993866965 5.92466564113288
7.649303571750321 25.36387657437416 3.7817056101353064
0.591325560285359 21.65026116394047 1.6564724645377438
7.787887015209007 15.019791698488206 -0.2847652522737254
7.838443609830142 23.25951175052999 5.22678758083811
8.12306292586471 13.905875487765197 0.33632032517469934
3.5862659570441577 25.46820578197584 2.336243391541495
6.424012655712291 13.02469780910631 4.380443340340258
3.0418463767776673 23.644717182301868 6.138319067402566
13.845202569088862 14.463877037718941 -0.425654608880045
15.016127916912671 24.14871814805784 0.29887894730286413
14.889548328776765 21.66977755708932 -0.48193702897267543
10.26249979839167 16.449961251174678 5.984884159400448
8.444834729006342 24.972760432244144 -0.31747117843982875
8.661619756796883 16.53561800198372 3.03228484238669
8.559967024055055 20.399173251643642 0.7511469134914117
9.7616164375334 17.783662984871267 6.06147033289206
10.381794056303539 19.530805800375337 -0.2715185743548898
11.173277589054093 13.884413151607792 -0.29693711935843803
9.871153037587563 23.01295716947519 0.42744734675581597
9.325186154971034 15.480019585415809 6.165733302045929
8.884248716461533 21.231209928104494 5.127342897020722
11.927232607290662 13.075589591955 3.5692014068090905
12.774112768521508 25.014097319073997 0.9345067228684101
9.277476385700929 22.39936439876894 2.46316418128405
10.623660296428973 23.1779383463693 3.244089059607933
11.797570536686994 17.90252500111805 0.7703186989090549
10.02105413388853 15.819834300143238 0.47047770808107625
9.483121256003107 14.609157914457512 3.90556085589149
10.809161059679152 21.5729939909524 2.454670735345635
10.704250442409224 24.329611671104118 1.2490085566331344
9.250191520795093 19.23367190865903 0.4174071730675988
12.045403827735115 21.20658509986548 -0.44900010059876205
9.775059041329166 18.67967430755574 1.549175817782461
10.352831299959886 22.560596832132635 2.3875605373417006
8.496930338505532 18.28374952494947 -0.2940036627095233
14.239175751199257 18.18183539991593 0.28200908292314364
9.474470693169327 18.84467524476926 4.032823560617739
13.08507573316187 16.341424214829807 0.22434064664774045
11.933463983551643 16.842556826329766 0.6141122986095526
13.370787043301771 19.193653985570123 3.6262922828078437
14.089235781797969 22.340796838740587 -0.20692257336143882
14.176806350350965 23.587284131193027 0.27811473368714257
13.00032639274333 23.985451833958756 0.6955174718187673
12.084830491836382 22.98366294376562 0.6725068597252104
12.68238130228086 21.999196217835713 -0.08509446376658958
14.002309857873202 19.183531334655587 2.429029589493318
12.126972783531441 19.630600317746783 3.339743631085621
14.093867335778167 20.059644391560564 4.471007517323562
11.01816547165699 15.895727812224848 0.3286709563917112
13.003114966936321 15.000733000095758 -0.014468342169444703
11.682608590336953 14.78997865767074 -0.002093015924392594
15.481641643923506 23.722291037025087 3.671675381136208
10.689237895185302 23.24887244832616 1.1080214776296116
14.3307028635509 17.135374427691033 -0.008924279818263159
15.333474571715909 22.489530317351424 2.9965136831801176
12.830060236007057 13.881617148717764 4.1713315170925735
9.038634509196665 14.305309270442168 1.317582369907253
13.296379709801199 17.84339478482867 3.919673329222255
13.521484946328444 15.716606109733169 5.357539905167901
12.87281719898513 22.014769333409834 4.84797573385204
11.938943077062422 24.455809524148833 5.09189041979724
11.308583037456673 13.697554837175307 2.5291931056666117
14.899735459119011 23.757394131316996 4.950712652017108
14.93923935687387 24.767655806619643 2.9431999864664284
11.712487228224388 23.67672536862353 5.693426476130964
12.13817401960507 22.38687876419548 5.546713145542985
11.068836587492887 16.15691554181235 4.9184449296011294
15.456833145618692 16.626474419441507 0.8987103831381693
15.697848477123737 17.227203754967455 1.7757143029754574
15.271080786935606 15.618034303047612 1.2683650774497313
16.236512811537008 19.88555994578863 3.5370095966222594
10.995007084435287 12.797178882226016 4.499145429992043
8.77250126340198 12.99659241001573 -0.5366744283054958
18.004562462563847 13.987779872835741 5.494253594762945
23.020439924060238 13.09298226695031 1.9540358149252746
16.41409736946905 15.920031280543318 4.802440840266362
16.38257403295756 16.596785894740716 0.3240605758587545
20.99162102296952 16.8232088880465 5.78638478414555
16.820125414650047 23.771887384936047 3.9423917040478154
17.77818899457914 22.348077857173443 -0.21368014499163035
23.387420876704002 13.651294871952837 5.960999240560792
21.450032653460152 14.399134560012987 4.364222355005163
20.478238781037838 24.027111608741237 -0.7547347215782385
19.751710911986887 13.080424092252246 3.39152135921947
20.289187350870275 24.591704840724876 4.502505949078859
16.6935045662206 21.11059820323282 5.544300975965561
24.461299308954185 24.635839885379877 0.2778929752846049
17.155210746322826 17.697817540821642 3.7761360572206657
24.421102965669196 17.71263718498432 5.6027700956537165
20.211780143464498 19.96973750700073 5.438928173826323
17.625353872079483 17.38465427942339 5.911457555416563
24.410827939120814 14.620171239051555 3.7284003546454834
24.442482478597448 15.149534670500708 0.3789377343190792
20.073302622808278 24.85588197192766 -0.19298175731452205
18.624346264805773 20.348850740752077 3.718517081237356
20.918980268089577 19.4973350958079 0.33506078748701484
24.090858459979017 22.737103249253202 1.291830317820235
18.992499103852428 13.439045102109798 1.2995911985654018
21.0814596849107 16.808216601667148 3.6409419813649224
18.778897584746733 24.86194672347081 0.29218690804874936
19.035588194178484 20.57101393768357 0.596568922161369
18.589962476050513 16.013422231795907 4.3297537914366435
17.46063231071951 16.755678971795206 4.704608612223765
22.010470264884894 23.043578876112033 2.1061900615477045
23.277074304784197 18.26821019022025 3.6849774213235498
19.932441717806547 19.933024909339046 4.039258045564477
16.894674172136206 20.893083171782354 1.1828664246892817
22.959257949984544 21.64988663404012 6.183941900417333
19.880572486795366 17.40692705437488 -0.00868662744727855
19.180563511588964 15.131393802604682 -0.012288212960125389
23.163456153492636 21.86711043161569 4.085353690337026
18.183605626700746 24.047313460963267 0.24635970800318874
22.339652902422195 21.324133034438024 0.6061373585164653
20.555962366883783 15.726470862616209 1.5292095045060006
21.116099843247554 23.868583510838796 5.32980293996284
18.08191687040097 21.534626908340194 0.9122223515435968
22.541992403183734 23.638183024353527 -0.015613209723935872
20.739857931851194 13.184044263638603 4.384368108740332
23.397928344203606 15.14148793105927 0.6532403232535677
20.63703620855619 22.603952346681243 5.15414160093915
20.158613757822444 13.176357669866514 5.631703340444812
20.17303301850031 18.72500992571097 3.5469922178504545
22.57501081232611 18.538726158801992 1.531866894567343
20.188361512287475 16.08846564199066 0.19815518945451416
23.562151941687457 18.83937881599672 2.449035062752658
20.868536264643176 20.732690757022358 3.384112275540395
23.915225554004415 20.1624536015151 2.757637635623312
18.583620921442378 22.35034593882415 1.92410243506706
22.370962178762547 24.01096672278597 4.772221083566912
22.68106531079035 22.64756223129262 1.0325649308837004
18.75136179472157 22.58196701636108 4.276750009790654
21.34075370886265 15.747053806668395 -0.4679676634819796
4.283985277893956 20.17113233099688 8.590006963879082
5.094746675210726 23.712314073005324 10.254193655103606
4.5199348102367685 20.82253399730897 9.324924433586968
4.195145130174949 18.839407483689957 8.674357809416248
4.242698548293172 18.283806958985114 9.599261441853617
5.0643785398203045 22.390148841344743 9.747186436940725
6.339002521979255 23.84778044127911 10.9409864058732
0.6946199664203991 24.668242838744042 7.863990410466815
0.8606721710963684 14.610573493815892 7.3971038441362165
4.628564743757537 21.364716645883195 6.843675389092619
1.3938128000709449 16.63387579657669 9.718590376739662
0.450044849767726 13.371592610897062 7.524025338151694
4.021580623378722 18.4534613007265 7.424782790716387
4.3443444410636385 20.443612556854404 7.3306929213056975
0.7198940901155694 17.321744202825457 7.293034837730156
4.039207173837019 23.85631864566996 11.150562246672738
5.168244983737768 24.57442470053107 9.189434297080394
1.7896839162894576 22.243768534170528 9.259978184252297
1.3230806109835203 23.058197372652533 9.814132515223228
1.7987338194496096 23.06939433411249 10.794810165252585
1.6829038108437668 14.969817251672145 6.796038911694739
0.25284401261888045 22.949001370337196 9.989545902993843
0.3029769402328082 22.689046139661222 7.115632187349371
1.5986738139412924 24.341391289934563 9.077428157258131
3.722299905146843 17.477706320551587 7.071606814255636
0.2561475449339262 23.763831104165703 7.020530726760164
0.09058045985754107 16.90532530907587 8.079584048118113
1.4083642786769974 25.19523482508211 9.727684644052726
0.7020717370095599 18.324985296736322 9.52037000589531
2.632507450802095 24.40498407949638 8.737952136212332
4.09299719490768 19.432600266679696 6.586874754571958
8.090905008995334 25.1513681570255 11.98302337746551
0.5285800949997331 17.24989527977143 9.473656993004807
0.03227746549124789 15.377004309565608 8.05576797375066
10.860675887676571 23.748421317777233 6.774611754324038
12.086821891304963 20.747142350765568 7.062659636589626
10.238475642067709 24.898456376470023 12.054856531525187
9.072603994908256 20.281342556575616 9.506255031066864
8.956948204000666 20.09318358991291 7.848735949973565
9.21943646986774 22.721577953220805 8.734600082736096
9.35367552157762 23.304632167104185 13.034726093013258
10.735914407647208 22.14285797188902 9.418684164719508
9.635591417191668 20.49943064258252 8.598740431129297
13.559143267182417 22.323497548816906 10.049445459002404
13.37959790268575 23.482350395271894 9.298387901513328
14.842063045959572 22.369341545797266 10.486090416226197
12.698661272239349 22.144667608481267 11.135601513087067
13.390957905201937 21.245271007058825 9.210809668433487
10.068143892671213 22.059972823346595 8.56118046672507
10.769840040185747 22.510796639678166 7.310090278516558
15.798878620964555 13.98029290896304 8.173446170789251
10.521386885101915 19.86484586279819 8.571017762605187
12.743986335740983 18.355629668381113 7.371988604695323
13.974961019957108 17.84084240126041 9.139022617578886
13.7237576109082 18.257619188386382 7.815657618804103
15.316950663103121 17.893570538318226 9.254081281944654
14.864421329356661 18.728447825499515 7.248645987750637
15.138849869697387 19.275396321215567 6.35873794802206
11.222717937235654 16.29681031395368 7.016702640650769
13.430080863139878 17.756117915464767 11.67855727299332
15.450193144034055 23.995887835633734 7.329285863546181
12.081911250385216 17.49367172392299 9.999284752548858
13.108457963021644 18.776569611827846 11.886732790438892
14.918957608731002 14.394196830028477 7.186934891213666
13.120925755563896 17.25606949388741 10.227525937610002
13.069881438069828 17.026667860298602 12.403994376542505
15.461085730535732 12.793009229184468 8.80206136180061
14.505220240055582 17.676641719536352 11.839364158544392
13.227808264496701 16.171593068247226 10.203297607486698
9.033824820268217 25.46521100189532 11.560170095318139
10.339711130393495 23.764223410173244 12.966831556083608
15.972136988832471 15.021340770485065 9.069029043857244
11.774042370464775 21.696322518072503 6.653238116236064
15.779983357887687 17.252449200777882 9.989583935948765
10.252396617937467 24.612611413911857 6.997259026318678
10.999935319757583 23.062667272151142 12.456907046799653
11.219708143864134 25.489307242899972 11.381068798310018
15.861167678036084 18.438408567846693 8.203489231950492
12.266735447752787 25.517212404611566 11.644422413885021
15.971005295796838 21.62141862235755 7.624390851984305
17.11205733373912 13.933214346825169 7.577015925280055
21.023923829821523 24.269800992822898 6.68726133404264
16.86373721704666 18.45830478053776 8.08283078778382
21.683701780149583 21.257549102538135 12.629695752175074
23.936824951967314 19.716061057155244 6.6202000120532905
23.82328679850088 13.859779235450674 8.23346854521819
23.04685762959214 18.782487075907845 10.479399849555456
18.994577746763973 25.056144893830595 9.17255071981274
24.34287614374229 21.44908978911565 7.991730124651055
23.329667398797813 24.583071215530765 12.062838958502109
17.857563845628658 12.97999811336363 11.375550588028066
24.461460121816753 17.357942607395156 11.256749169433496
22.641470511836307 24.229590204539267 11.309289876074923
18.427489917096118 19.554981523685733 9.421532990823897
17.928169931392986 19.992538941355605 11.543345100965011
18.356378895869092 17.84389569526589 10.782029713604992
23.294450906070505 21.916294284013023 12.901973593545419
24.27400556357109 19.484875626004865 11.59024412354471
23.81167064216168 16.48795367568759 11.1619183150996
19.994579728089434 13.549397204560787 8.96975724487021
18.011755327099667 24.51024400492123 9.999100773830211
20.809698530654707 13.984361044276328 8.561728084421848
18.57705594782576 23.401340242413603 10.66694357847694
22.11561057404971 22.977828356608565 11.534634264476441
18.73257838037874 19.122984499989645 10.749261592411221
22.24627555744536 20.374301575328662 7.884771410551434
21.01881867263931 17.347183172155397 8.04101979037402
21.310267485400384 21.766795380110946 9.960800476233103
22.995969532515037 18.66506417418219 12.240283561441464
22.12117718256648 24.81827224425555 10.20085984763718
19.98455613871733 19.49805577150916 7.711960956579608
21.483698546862197 23.738729194788323 8.572827619291271
16.992792179918254 21.680567349913552 10.049545559540585
22.23906010586125 22.17603376949613 12.819598482141718
21.368960065935266 15.228446886449344 7.311096705754458
21.54262185560268 16.59207683622953 6.99754915262943
23.377509168440575 20.838135112235424 7.190260213483434
19.74280712950285 14.916865416847461 10.661739685406408
21.596929345114358 23.750636056860973 9.576389781272518
21.724717499616567 22.69190885061558 10.333354166848519
20.141893843592154 19.298848946654456 10.874651822787364
17.078397568599737 21.618954824086792 6.770689797310237
18.11107608469649 20.935301646435917 7.414527694803798
18.573313934961185 13.022848222800262 10.56792092188119
19.46913339363057 13.990009972087892 10.179617635704911
23.651769979284573 18.617215487306396 11.370952624953963
16.928205994501607 24.01532141628675 9.159866632101528
17.571798421182933 25.301239194576993 11.015494217393558
22.950385971096228 16.76506070331245 6.698516582540435
17.494176769298665 22.987632700878372 6.653794999355514
9.904471628157614 24.484698578442664 14.92931154511097
10.754684291471158 24.0402417766733 14.411917518767407
11.242730727668492 23.36114948587485 15.111020041103195
11.470034604372401 24.86172159635103 14.451221916797358
22.13114124083705 22.376801088367078 14.948078394288778
21.68639253962585 22.887908594808312 14.094223775720714
20.60051322993885 22.805288395445174 14.047963342017617
21.94664195528374 23.943231137166453 14.175860614369771
1.22995094238552 26.230054232563965 -3.3499999401186575
1.2299510768931885 29.070000330698917 -3.3500005279843945
2.459044311111823 28.359473619952684 -3.3499999431198924
2.4590440201459285 26.940528933654175 -3.349999922209977
3.6809554859612446 26.229536532035823 -3.349999901803634
3.680955636947277 29.070520197467843 -3.349999952148793
4.910049127123987 28.359993794983932 -3.349999935885115
4.910049241827647 26.940008628043497 -3.3499999103122793
6.140000010917443 26.23008517327097 -3.3499998991092683
6.1400000241203365 29.069969067141628 -3.349999918325336
1.2299499192844785 30.4899351446548 -3.3499999455122396
1.2299500455106114 33.32006485271397 -3.3500003563708414
2.459040210507206 32.610803676819515 -3.3499999279086543
2.459040199106478 31.19919632925312 -3.3499999403546745
3.68096023371475 30.48941302481212 -3.3499999574803754
3.6809602292047185 33.32058697961954 -3.349999943509995
4.910049643305188 32.61131705956542 -3.3499999430856553
4.910049646838467 31.198682945736845 -3.3499999472122024
6.14000002355327 30.489966831994806 -3.3499999214180143
6.140000004704912 33.3200331714103 -3.3499999431769667
7.369950893997532 28.359993805712282 -3.3499999693387217
7.3699507752721605 26.940008640333676 -3.3499999046321927
7.369950355514032 32.61131703415001 -3.35000007936464
7.369950381126633 31.198682928980634 -3.3499999136604144
1.2299509205720787 34.73999976187347 -3.3500000618774872
1.2299508964742425 37.57994573592609 -3.3499999180919806
2.4590440211787015 36.86947105704323 -3.3499999363971424
2.4590443054867688 35.45052636488141 -3.349999924314915
3.680955637179999 34.73947980190826 -3.3499999379695558
3.6809554897574674 37.580463451109885 -3.349999993359188
4.910049251291152 36.869991358734325 -3.3499999339829953
4.910049124758691 35.45000620713869 -3.3499999264649793
6.1400000104769505 34.74003093323196 -3.349999932029105
6.139999992316811 37.579914821949096 -3.349999982959994
7.369950788711728 36.869991373034885 -3.350000117929798
7.369950898583482 35.45000618149016 -3.34999999426564
0.36476966971606833 28.912643690589857 -0.9753983613923145
1.916056501029298e-07 26.939977094812672 -3.350001455392376
8.59904452025508 26.229536575198686 -3.349999946514476
8.599044369232097 29.070520217286447 -3.3500000054982637
9.82095569378825 28.35947363998179 -3.3500000395079486
9.820955979743855 26.940528941583885 -3.349999950510737
11.050049088598916 26.230054268821853 -3.3499998891790685
11.050048980654465 29.07000024501885 -3.350000321847091
12.28000002995192 28.360024954608445 -3.3500002236296544
12.279999997332633 26.939977358720313 -3.3499998872028502
13.50995090966216 26.23005425264129 -3.3499999024835816
13.509950917686675 29.070000280570188 -3.3499999772155666
8.599039764100699 30.489413012094918 -3.349999940063867
8.599039782222112 33.32058698573563 -3.350000021622389
9.82095977912443 32.61080366333644 -3.3499999222941357
9.820959780280788 31.19919630683504 -3.349999922049097
11.050050034502474 30.489935131295233 -3.3499999709452775
11.050050064124532 33.32006487885859 -3.349999924480249
12.280000017558326 32.611348115213204 -3.3499999085923484
12.280000003195319 31.19865187704644 -3.3499999102539215
13.50994995137077 30.48993512073285 -3.349999899327336
13.509949946956336 33.32006489297952 -3.349999946952933
14.739044334623632 28.359473651752346 -3.35000003383679
14.739044032345165 26.940528923667237 -3.3499999991268306
15.960955484188244 26.229536561365553 -3.349999947969362
15.960955641597469 29.070520208363554 -3.3499998941579934
14.739040221765505 32.61080365362403 -3.350000097623221
14.73904021087402 31.19919633025209 -3.3499999449197726
15.96096023272037 30.489412992353767 -3.350000081612735
15.960960248648478 33.320587004096076 -3.350000178695894
8.599044356460773 34.73947980772777 -3.3499999169943373
8.599044517972866 37.58046344686063 -3.3499999168667696
9.82095596202126 36.86947106277116 -3.3499999013497384
9.820955676149273 35.45052637441813 -3.349999910794165
11.050049104860934 34.739999731021925 -3.3499999222816603
11.050049087329537 37.57994574538983 -3.3499999049298324
12.28000001230526 36.87002263716269 -3.3499998993486635
12.280000024636488 35.449974943033766 -3.349999896391801
13.509950925888337 34.73999972857212 -3.349999902336913
13.509950920234765 37.57994572665535 -3.349999897510564
14.739044020140966 36.86947103280627 -3.3499999280516803
14.739044331797755 35.450526356491125 -3.3499999141222747
15.960955636072201 34.739479805731754 -3.349999920681974
15.96095547298431 37.58046345486824 -3.3500000632633142
11.911352726700924 29.23964075570805 -0.9162249255003696
17.19004910967434 28.359993805869383 -3.3499998895897622
17.19004923250442 26.940008647263298 -3.349999883221594
18.420000003565157 26.23008518656903 -3.349999874997037
18.419999987418475 29.069969069407883 -3.3499999168029193
19.649950882106427 28.359993788644836 -3.349999922342113
19.64995076312508 26.940008644186594 -3.349999894819086
20.879044520830014 26.229536559069548 -3.3499999493754973
20.879044355126695 29.070520191497287 -3.349999930290395
17.190049644861578 32.611317066353905 -3.3500000309638214
17.19004964652019 31.19868294632367 -3.350000087233086
18.4199999887149 30.48996683469331 -3.3499999255947843
18.41999997697113 33.32003316774866 -3.349999893219456
19.64995035043989 32.611317062405526 -3.349999911578144
19.64995034900628 31.198682943707926 -3.349999916160927
20.87903975218978 30.48941301801775 -3.349999929482993
20.879039760815875 33.320586983515845 -3.349999942310131
22.10095568421821 28.35947361711578 -3.349999909890582
22.100955975519906 26.94052893123044 -3.349999904630645
23.330049070244815 26.230054213001463 -3.350000059386052
23.330049107240566 29.070000253019998 -3.349999920378842
22.100959786780177 32.61080369668423 -3.349999917537978
22.10095977754663 31.199196330568537 -3.3499999332666786
23.330050061181847 30.48993511559648 -3.3499999362590804
23.330050060083305 33.320064893980664 -3.3499999028851777
17.190049254549976 36.86999133666806 -3.349999977326865
17.190049097734757 35.45000618158565 -3.3499998833930054
18.419999980171543 34.740030930481765 -3.349999882760677
18.419999995708288 37.57991480173818 -3.34999991181082
19.649950769588738 36.86999134917784 -3.3499998939754647
19.64995087501572 35.450006196933586 -3.3499999047403204
20.87904434397834 34.739479782172374 -3.350000057663347
20.879044522345733 37.580463444746826 -3.3499998848111256
22.10095598488586 36.869471065168035 -3.3499999060890797
22.10095570780058 35.450526374425436 -3.350000109026653
23.330049077640666 34.73999967405545 -3.3500002343906408
23.330049093218346 37.57994571072336 -3.3499999579801343
24.55999999976524 36.87002265097661 -3.3499999265463822
24.5599999967854 32.61134813824428 -3.3499999050434717
6.26813794443493 35.817667034406455 -0.3675941537417582
3.8462405962343706 37.220010742064886 -0.48339057346375003
1.2058474339774825 28.990619356356383 4.150580248477805
4.560571586292241 37.35563074264455 5.45976942469315
7.043470416143633 30.16752765439814 0.22536272730189655
0.8844204038543826 36.68352211317361 3.2822318977837863
2.4600786172669675 37.25488418987756 5.146602774957173
6.20685490758649 29.31173407018374 2.3014776385080102
3.8716510598002647 31.742138920962176 1.7910637315207445
5.765262072668174 32.10071987404643 0.4949216653863009
7.770447748007815 32.99185565419822 -0.3105066926991995
6.95715828067501 32.80148935064608 0.768955716979729
7.63617485906844 32.140363272182235 1.7891991354168801
6.550084640241287 34.012773352125826 1.2672955557976295
7.13182919778189 30.235836523316575 5.061257768741243
5.525403412714789 28.135262816890467 2.3090771752767147
4.133088581953069 28.282480243278066 2.7288078171291295
6.156583695968218 27.353791460472543 3.238448439548552
5.496324032646826 27.7138836591766 1.0195943058693158
7.037505374241648 36.54021569240068 -0.13868981873595643
4.941606735347245 33.06528569881982 4.430845549242655
6.059186401642489 33.910359783827076 4.625118980855615
4.326927671306252 33.35615199800674 3.245060096833654
1.8520712537217745 30.855374589197897 2.699660044776363
7.238001032355844 36.53985005511726 3.2790548842626697
1.3797529850203065 30.336062066763105 3.963298767240212
3.067160181881713 27.82613398256915 4.73330649672865
4.51777153715299 36.92798077857134 1.0885336634486464
1.3263835385621527 37.32889740617987 2.5231144373139025
0.8986208022303774 34.88147524530999 0.6768540670607504
7.995649209731378 29.66316223075723 0.1520751810527532
6.785059842183838 37.92609482400989 0.08916412368360827
1.1229751439878153 37.4489005691371 4.637728565610637
0.9689567135844781 27.607945377271545 -0.05972384403576836
0.8456145397569035 33.5233331944387 0.6565554992530798
2.1408961531504964 32.97992310024058 0.5868231741330299
2.8100020975035087 36.07511212348849 5.66927363555976
2.3208999073024397 30.849978134004182 4.868351025711081
7.837161340172296 37.24972598427812 4.222714767582099
3.5230963981626826 38.00052797724787 4.948050028269901
7.311260914309471 36.802201632203804 5.340492869722815
0.09509140458245265 33.16143486530431 1.7355065342837617
7.249176100482906 28.23686854796136 6.138907824873207
5.303769280476711 31.66045592906702 4.467009167689737
7.336154023632173 27.681977772240014 -0.13754426076341586
4.242534547985173 37.72484549458408 0.3976275741815605
0.43753955625633123 37.08324822647724 5.402304539416029
3.912935308218246 33.166034202435306 5.442369767474764
8.128858477553157 28.30044456553272 -0.04153137454607991
2.168890659157077 35.222059836746325 5.835640457805794
1.302580111066735 35.68725692496171 3.1383634353509304
4.105122340660428 36.208645628416484 6.013983109816761
0.03153482250984435 28.06624593660553 -0.374844135171869
5.506167375784507 37.63186067382264 5.236956435841687
0.14755811535634913 30.942080393233205 4.173878612791283
0.0956066033672108 33.15290876132569 -0.46254107353903673
8.143212709534264 26.10681176846376 5.933092327461451
4.292973121046634 25.554231144283623 6.235463799615491
8.24409284128337 34.17058283287202 3.12888423746199
11.396524383642301 37.34389931018573 4.420228150414587
8.307016385202196 36.331364482782305 0.013228967419952609
9.590482097833823 31.21355774110278 0.03135716046009929
13.791950867665555 35.183636071385955 0.07338160512517233
12.125550526056797 25.892369030494653 4.221091682860032
9.250942614767522 30.190097601663883 0.09170848528790021
8.958390617639315 35.47076720445122 0.051750828933351256
14.073532034708913 32.616389762403436 -0.22339430353935041
15.678354210829006 26.00418580276726 -0.0873088163970015
11.49792081417956 30.779892094309606 1.6956630331576694
12.006036024045832 28.343417835332964 0.5971860351852154
13.130635741009261 30.26261227366909 1.4686549436877983
10.109441972241054 25.932106567620046 3.6002155884615017
9.401897155565521 28.00639737409435 -0.05028750419620809
13.438284996843326 29.544685698616156 4.560363940969837
10.094509596968749 29.112961919798142 0.12494042505795555
15.634432835893877 36.58654231100601 3.039692933267155
9.887549665324057 27.058020206070985 -0.22670288598528487
14.205976815094884 27.8390657328234 -0.327149364951449
13.767760234440374 31.62874029008181 3.5507736906081755
13.984443207226347 30.85514334987571 4.720874917504611
14.35556810542208 26.85957862918514 3.987614232384762
10.304957549642186 33.79259854542433 2.3105091108463105
11.617780357505408 35.52863274108444 2.6406448022367024
12.491206951338762 33.591642723388226 1.8486375400954924
15.27990837476192 27.262408293829747 0.41112424043716733
12.36170293600062 31.280249083694063 0.2954408024355093
11.41761526364343 34.46021787531888 1.7799577983102555
11.331417207805583 34.83226123792389 0.45524905556767137
12.675184043808086 33.49081203823211 4.1535404055388625
14.744251569673061 34.68618683539524 -0.0364711624116687
14.889718324919256 33.322195068884795 -0.1778003466932465
11.582100964286797 29.22848003286681 0.122798036911409
12.191292311562 30.41600656471324 0.9374260728660289
15.821747561624385 35.57394202973506 3.9823199497827577
16.368008753927736 28.182382257750568 0.3120404960747314
11.25382108781944 26.70726145746146 3.584947749630408
14.90310721651952 27.308138943150016 1.7260543903855896
11.706983488772227 26.764981611031594 2.2859900621654763
11.145158204716152 27.96857843592106 4.189703509103801
15.749561142509469 36.048257184908074 5.226962116185412
16.021492139298623 35.04913193645936 0.24194584878842518
15.296407845061559 30.829859053552713 4.971305982312416
14.95858337002965 34.535652266702 3.776987639367725
8.882278307362897 37.55804784838993 0.4359503183241076
9.699402219277946 37.67349299868113 1.018256878341821
15.516344264883397 30.792944946360844 1.594732277345382
8.77793017857822 33.75110090210173 5.599822273961185
10.613060934041224 32.52115767983795 5.735734392915325
8.587184075489743 31.53262332197253 5.820567940618014
13.329063775880165 31.355872192082995 5.798241347619109
9.328676918794045 32.65164724815084 6.180635950377281
9.206661939411283 37.0129010846309 4.3623703328303955
13.371879010035082 34.552003685496636 6.129830474934242
16.269625041833578 32.96991918566723 -0.16890238202749708
15.948438834014622 31.15933208314648 -0.7002703335686433
16.321897909434522 35.94530728923743 0.5979319584632004
11.67906175271614 28.708764992998216 6.131285407653695
12.291155405757054 36.501249453954934 6.186226115320499
24.499155350005005 31.89215906831277 1.331994567385697
22.091207252416776 36.28071545285135 6.015584280053478
18.948117136900827 38.10328980449381 -0.051567071653777496
24.52173988948356 30.960578062130693 1.7215414419085462
22.26301170718331 34.2785663169559 5.030561028703525
16.50788217792209 31.851437447700675 2.237855201972414
16.457550175043387 27.67391547582451 4.504883911647614
23.659857428007555 35.305866531112635 -0.7952602603764558
18.421869250253902 26.714666913635966 4.841173457415255
22.730027969351564 26.66611374187738 6.128890129372735
23.495531220293362 37.67546927340559 3.374958940284545
23.594088495723955 25.746807633506915 3.6925667382503558
21.30072427277533 35.06365566018081 1.0156768231517965
21.51186629472134 33.90897259441308 -0.41364080011617066
20.84749502381175 27.85080727717513 6.19706465974235
19.428684138077205 36.604408169461585 3.5916918882403994
18.460543144830833 28.89489436083698 4.2072670741580165
17.820709504877055 27.88810617401526 4.897516681613885
16.559392022875233 31.08249957218247 1.4670236512147983
16.734496051532066 31.54616738308705 -0.051754718363689056
16.92213752933575 34.06723415857352 0.17255287470992142
22.05536421572348 37.91033945892183 1.571649319698335
19.23989417625439 37.163528086822865 5.964638618765611
19.41454627060086 29.40776934807884 -0.4781690277696615
23.87387810172461 26.955319684526216 -0.8185163244861471
21.244809748104743 35.654417760426774 -0.6728574182095104
20.37460043163031 33.73011354355131 3.1639282113086087
17.933849549745084 34.083609580004946 0.5501381409805561
17.690675268724156 31.200097427350048 -0.44425553652905014
19.372120231404796 32.39550586561673 1.5874574067198977
21.03807922839364 28.880562915983457 -0.013012103696534716
17.24137984566935 33.3917941502428 5.365718986196388
21.663458304100118 34.905992349870495 -3.2930374468387313e-05
18.414870963155415 28.33177461351789 1.503131477305777
23.427143425702187 35.7054819540271 0.9043705497592114
20.221174850982337 29.98396595953662 1.019457505477096
21.488584902397125 26.535266657728428 -0.01453774586846368
18.710401500674596 36.31801398539867 1.2869985793469219
21.616323709019706 36.38107438348521 3.1850024573876166
19.423631660092163 28.02388513145075 1.2279843833144533
22.208896994465146 37.641271798100995 2.9163276331781454
20.050490246869675 28.104451472666952 2.116048219551444
23.393324669686926 32.65435752080566 1.0912279994120588
22.392583181337606 32.27144480105651 1.2264845058203422
20.58915445524811 31.493432987856142 3.3281941544618796
22.462569987193156 35.26996188128745 5.9327172976834675
19.680537107844362 32.45646617220889 2.964616826202416
23.8357034666277 33.79343156934969 0.48349155481737904
23.41941540212563 27.752257668447015 1.9220658082382447
23.882865505730784 28.74073371307104 2.83507109961612
21.756980017587527 34.401658790979916 4.165182399479287
18.572561853423775 25.81234553158467 1.0959364862143561
17.940895613916837 28.24491589311807 6.185802335725197
17.272210535234358 30.261516572255324 1.544332656230848
17.751393473007646 25.813667937096692 1.7974211561349374
18.305932698616584 37.57748308306587 1.0351078576447659
20.53593468995985 26.04345141166401 0.11575168756990162
20.588327370486045 29.535547854522026 4.458444139554725
22.668152641110897 33.13952471111149 5.485210012062214
16.931740073102834 37.66976618502578 0.8731155587895212
18.582749102366346 32.3351416383179 3.7348940353896753
19.493210435427876 26.71834930437255 0.775763469527736
23.16899305586185 34.988704401977735 0.12482688345307302
22.430266286915042 32.20453804020365 4.9998132591963715
17.102607699913612 35.10440652926451 3.7267229238440747
20.046650236822295 29.12980295517331 0.3652047092604971
22.846954547181074 29.512189880974425 3.328053245811086
18.615475045642267 38.28166205232045 2.153437936540419
18.64945812713533 31.73202514809515 6.242862659789096
6.157217200532944 32.74414244298931 11.368096196343743
3.692189999811031 34.051642597208065 9.132625787177652
3.7610574267789567 29.101390814635913 7.399406129995959
3.9207403161653556 35.29166347838208 9.613422143976893
3.4534273137472318 33.26297711700032 10.231972782536495
3.7690432799901026 30.271081085379414 8.14453953944168
6.0427302176075095 31.39249611520687 11.143516848694055
2.4745592116218194 28.684814643980076 7.072136724036596
5.49056929434068 30.711766680446107 11.774488917372354
6.643635831268034 31.122890485219425 10.010278019692322
6.606231349075568 30.16267777506424 9.517335370008789
4.423859902310873 28.069337223502124 8.087153092450174
7.264600669271329 32.286281781332264 9.51334405785063
5.7922481639399095 33.53478559816065 12.550837607912404
6.827639089369126 33.20536626360378 10.312407394301905
2.5537055359476044 34.098756146287826 8.37774283656986
4.791897738230258 33.61757523001817 8.462842400146513
7.953026954424026 27.185713186910416 7.914701561301055
5.662579549408194 26.262754611318314 7.88278264629629
2.680360442453572 32.15127156972226 7.110926901210637
4.546430579848247 29.240627779198462 6.3183493825688055
4.748385902242332 33.82012943229789 12.420336744660052
6.384374004698096 34.448807761708885 12.596119765724444
4.670313648340095 35.43731840197063 6.5159921689076175
1.7111817104795535 36.851777358582545 9.739410170350872
7.182840220999887 34.211803535202684 10.147131339363757
2.702917916523232 38.021162162819564 7.995800461371923
7.690615216704656 37.79112622850489 8.507893837158955
1.1862664762276298 37.75577799288639 9.430627317369957
0.9865051815326156 26.820490974735353 7.7677695728630205
0.5295154441688251 25.94378654597642 7.333086096653397
7.812827487019692 32.55278064452019 8.708033116549492
0.24263022233053977 33.325142500725526 6.414102479428435
7.92377407055883 37.937900763847935 9.795466797030064
8.446562392480873 36.676506320610386 6.981151143191275
8.345713257859979 36.80549065912148 7.977791746601231
8.844175073046827 27.039108191631055 9.97286217363058
8.227466435382098 27.415511957702822 6.559381105009811
9.408310860858785 26.36173459415695 10.596813952432218
15.554693883578688 26.23702701912176 7.368983976609872
9.334461724772238 36.97450991330787 11.005359417701307
8.86763287109156 36.95240157154731 10.031715723841643
12.280750120878817 37.33400988457822 11.623921207057213
9.185575494377863 36.32488071705037 8.92062331859734
13.844691492416226 26.91864842295556 8.798765125819518
9.793691142230916 35.476335211403615 8.643917909047463
9.460101839134147 28.022205537723472 6.40932847263895
11.341084155952174 30.40147666204816 7.953010205247671
11.720501834015659 33.000558841593204 12.781629954366903
11.200347944446312 28.432376060247616 9.111947515154144
11.832907684693492 30.378556784994725 10.081467722440236
9.614086638071614 30.06150768712612 9.492693563513226
11.186754358991038 33.801347334882955 11.75155321690338
11.78980123202075 32.633280336838105 8.196490688029419
10.941271068119173 29.80541834011028 9.159991200872868
15.822709187258942 32.517176441420155 8.544705145000371
9.7945634549502 33.89329475002687 11.947542100724402
12.956683103051837 35.52068965811132 6.946700007603973
14.344594622455439 35.8614925497403 10.279179471884976
16.242974802249574 31.26931213406064 8.913604605956944
14.4645595802609 32.714560263750904 8.588757243611015
13.30229146453256 30.71914419582826 11.068940450686162
15.118126316129315 29.94471933487926 11.098594922695602
14.228923630650602 30.86982289428404 11.441430394895345
15.094363211428664 28.382719868558237 7.666030768298098
11.434610345073278 33.22877056928243 10.478011868863904
11.7193617758024 35.02676830950538 11.810507530106811
9.334626327074217 32.895795445371824 7.522520279435914
16.034194700687976 36.80810411632004 11.169846042572448
14.788687156871454 31.733143170041433 12.296739246222488
15.516315384764015 35.60371124119475 10.660334435430896
14.060133014111136 36.22522594796322 7.453204634353392
12.203485029616779 34.957218256020475 7.876866618050849
14.892202266018817 29.06162352443327 10.51937120681393
16.0852615869026 31.28519523534078 12.485906954355752
10.750435056823875 26.248725811559698 10.429527384642519
11.24184251331992 26.920416402753105 9.857294511252302
13.997769179652689 37.08332719283802 10.627831677117335
13.635195962959541 35.09635613484063 10.000396745569178
14.547678051185692 27.13408787615284 7.588619673496758
15.997240909572497 37.828573002528955 6.676925331522598
12.675470582033874 37.6030083964829 10.644158195841818
11.977212477214405 37.2367195906062 9.891583860795802
16.232099609560876 30.12850959630734 11.6955633013382
15.097044366293183 37.70708415525403 11.192060931385424
16.043188615858128 34.76004998138144 10.83566348902409
14.225101599048676 32.445668812534464 12.880758533282169
13.725707660470333 27.064620838372676 6.545682204193794
16.369174486028722 33.32087358769799 9.56156057064128
17.828603660913625 36.69220384788745 7.831299058818839
20.05571263595962 35.88336767981493 7.809408515268905
16.391132168759494 32.68985664160788 7.271737433017652
24.06361311771674 27.6567774618716 10.108279323607189
22.206505093958743 25.859097856645796 9.925539684691248
22.389358078900354 32.999664067827155 9.14193006575352
22.886765056341012 38.24166794200554 10.370882430611083
23.326855503985314 31.508220531774786 9.658615565815484
16.85474281310698 31.79741593712584 13.044412634815203
16.62029758049184 30.15338059404463 6.832501115440811
23.221808305101963 34.757554572247145 6.896454320321979
20.68240715829 30.828645783927925 6.376282147690952
17.029768540905646 36.948389672757976 11.564247730335671
23.633688405688886 35.193766860500105 7.794493084677584
18.922219533742737 36.257105853534256 7.041245701735541
19.43255256645698 34.95986408767668 12.93603512219913
22.105126117738088 27.730346352535587 6.814431800118113
23.315938820990276 32.42939715882341 9.076022699525963
23.230222072107114 31.379778321423128 7.411254615094045
19.46666018458064 26.29930384689505 7.172929474882016
21.787369794155676 27.391971694956514 8.190083510523404
23.12930031820375 33.38022035229643 6.733595896159615
18.321206517520107 29.978141952810173 11.464658746484226
17.459389054165285 29.32719772512495 11.61177187509487
17.601420663270066 28.793592107181944 12.55155486427868
17.451895607906742 28.249152449501537 10.409186523080633
18.238365042544192 27.495724218433924 10.452909845372263
16.68401882181359 27.495236943288425 10.582612734628666
19.54409610621771 31.224173330461415 7.136477556390383
17.490228125495328 28.59651755208842 9.376729209722686
18.673705412311744 34.415543554995836 11.893791948640127
18.524753757880347 35.22828729417043 10.785050033079749
18.910862505512252 30.114741836437826 7.738209858039127
23.643691483393752 32.36447162613318 7.629250352791216
17.364398173558303 34.154581402918524 12.296503473517701
22.756888983899117 28.902043891418334 6.846090950274205
18.540020875691948 35.108196881926986 6.407698469062884
19.81110499607322 32.24297432130636 8.00225728864187
20.31424564649094 37.513031820723725 10.538148699759185
23.80767556349041 37.445140205926776 7.845577663664795
19.143059073715104 33.205587790682586 11.25308531385945
18.981855428363595 34.111515996855225 8.855692804068868
24.18993422734627 32.89545276964833 9.531021817384994
6.988916103122033 32.72199202739586 13.974163497645883
5.650528752509993 31.727577637159747 13.793733281053157
5.430828332172866 33.257115950200856 14.737826848386284
5.9049598066894955 32.78412436545397 13.877839461348719
1.229945937319095 38.99945563925246 -3.3499999485431253
1.2299507646947196 41.83000864634231 -3.3499999618591705
2.459044523012243 41.11953654873874 -3.3499999633379507
2.459005332698416 39.70108177232056 -3.3499999532380187
3.680994684826092 38.998918205299695 -3.3499999251808066
3.680955979417768 41.83052893413484 -3.349999954464079
4.910049100154679 41.120054244193895 -3.3499999404256586
4.91005406070043 39.700544332303835 -3.349999971806621
6.140000014265581 38.99948981299356 -3.3499999536561678
6.1400000134201465 41.82997735236836 -3.3499999324162633
7.36995092473025 41.12005425285984 -3.349999913004229
7.36994594614371 39.70054433114645 -3.3499999043687145
1.2299508803263377 43.24999380898664 -3.349999954158569
1.229950359920109 46.088682941045896 -3.349999947607155
2.4590397592630695 45.37941302189706 -3.3499999734809904
2.4590443593742504 43.96052021210121 -3.3499999576716233
3.6809556897655287 43.24947363621569 -3.349999960735972
3.680959809515488 46.089196296895786 -3.3500000853621836
4.910050067582564 45.37993513155937 -3.349999942328118
4.9100491068753715 43.960000279329705 -3.3499999519697568
6.140000020703476 43.250025056718385 -3.3499999348560783
6.1400000129028705 46.08865189952995 -3.349999921278103
1.2299503634513407 47.501317011167465 -3.3499999553828177
1.2299508026908739 50.33974808985559 -3.3499999449278315
2.4590434993863237 49.62946800404311 -3.3499999165973837
2.459039772834532 48.21058580480452 -3.3499999985998743
3.6809598435942577 47.50080368392165 -3.350000155311946
3.6809565132132103 50.34026688518834 -3.3499999507955804
4.910049266823746 49.62998831437175 -3.350000042569825
4.910050068899782 48.210063742167655 -3.3499999365605326
6.140000004060654 47.50134808335197 -3.3499999378641645
6.139999974753138 50.33971692995744 -3.3500002534739126
7.369949965004996 45.379935123232826 -3.3499999083910215
7.369950933005527 43.96000027527031 -3.3499999054293648
7.369950794492785 49.62998833234866 -3.350000437681664
7.369949983080375 48.21006369087702 -3.350000097210489
2.0530173051005586e-09 49.63001959241688 -3.349999957954636
8.599005322724057 38.99891820398523 -3.349999899668612
8.599044045534248 41.83052895803325 -3.3499998866355982
9.820955488338473 41.119536571767995 -3.3499998803255426
9.820994674883357 39.701081790594515 -3.34999989206187
11.05005405137963 38.99945565844189 -3.3499998987960957
11.050049219797904 41.830008663862685 -3.3499999657903734
12.27999998657377 41.12008520087327 -3.3499999015311346
12.279999991503525 39.70051017936805 -3.349999906025871
13.509945937854653 38.999455643325554 -3.349999914726123
13.509950747508823 41.83000865857675 -3.3499999053350904
14.739044514692273 41.119536564267335 -3.349999932638521
14.739005323923381 39.701081777450895 -3.3499999304844366
15.960994682803575 38.998918200686525 -3.3499999142697168
15.960955984756891 41.83052894799729 -3.3499999242559344
8.599044344243632 43.24947364145673 -3.3499998821993326
8.599040237886827 46.08919632562538 -3.349999897978332
9.820960275559322 45.37941302715224 -3.3499999865896504
9.820955669014655 43.96052019484996 -3.3499999005908987
11.050049099471083 43.24999382936672 -3.3499998889792892
11.050049636334254 46.08868292414484 -3.3499998435407496
12.27999994384532 45.379966881599785 -3.3500001092689544
12.279999884932883 43.95996903370229 -3.3500002730436
13.509950883322874 43.249993709172635 -3.350000295397133
13.509950352695775 46.08868294523149 -3.3499999800880254
8.59904020959507 47.500803626991775 -3.3499999287034488
8.599043513614232 50.34026691434258 -3.3500000259637766
9.82095651648397 49.6294679983333 -3.349999936124888
9.820960238636538 48.210585761513315 -3.34999998179901
11.05004963478936 47.5013169851716 -3.3499998725311952
11.050049211861678 50.33974808894614 -3.3499999056853125
12.280000001265284 49.63001959693984 -3.3499999139191927
12.27999999473046 48.21003200011449 -3.3499998956512878
13.509950351996698 47.5013169975144 -3.3499999054195317
13.509950785375661 50.339748088339306 -3.3499999857093385
14.739039747403654 45.37941303005602 -3.3499999200460975
14.739044384469057 43.960520208200954 -3.3500000018752507
15.960955689299015 43.24947363693948 -3.34999991430067
15.960959767453044 46.08919631509357 -3.349999914009013
14.739043468426356 49.62946800720406 -3.3499999143657275
14.73903975625417 48.21058577356965 -3.349999908009261
15.960959775006527 47.50080362874507 -3.3499999157653892
15.9609564787533 50.3402669324107 -3.3499999186500973
13.39886841974515 44.012765490565194 -0.898079561592533
17.19004910710213 41.12005425214874 -3.349999939579924
17.190054071373496 39.70054434289026 -3.3499999041864124
18.42000000828335 38.999489830299616 -3.3499999061457197
18.42000004037855 41.82997735394704 -3.3499999783582424
19.64995091753122 41.120054264458325 -3.3499998576710857
19.649945950947608 39.7005443564582 -3.349999873507744
20.87900532822366 38.99891822005658 -3.349999872859486
20.87904401637707 41.83052893015155 -3.349999869308439
22.1009554750614 41.11953655125262 -3.349999871884447
22.10099465782244 39.70108180123177 -3.3499998885198257
23.330054004377637 38.999455672430976 -3.350000566757636
23.3300492243703 41.83000863241818 -3.349999881613641
17.190050065507727 45.379935109630516 -3.349999913781452
17.1900491157132 43.960000266952136 -3.3499999025040217
18.42000001313447 43.25002504881737 -3.3499999021044258
18.419999995176656 46.088651869404764 -3.3499999271530614
19.649949852353174 45.37993516856971 -3.3500002716870645
19.64995076488452 43.960000175292755 -3.3500002862741276
20.879044313483778 43.24947346440799 -3.350000239512365
20.87904023094874 46.08919637225507 -3.350000075462012
17.19004927244128 49.6299883137978 -3.349999917984513
17.190050049657117 48.21006372918372 -3.3499999336503636
18.419999999122343 47.501348063855296 -3.34999994331618
18.41999999245606 50.33971689268644 -3.3499999228497424
19.64995071039608 49.629988310969225 -3.349999937519793
19.649949939063987 48.21006372094687 -3.349999941268581
20.879040217756057 47.50080362214311 -3.349999936286032
20.87904350894421 50.34026693008409 -3.3499999426695637
22.10096028847157 45.37941304998767 -3.3500000316998046
22.10095571983893 43.960520153677706 -3.3500001099097387
23.330049111955386 43.24999379231265 -3.3499999066081463
23.33004964897982 46.08868293896455 -3.3499999202754704
22.100956539935563 49.62946799302544 -3.349999937929958
22.10096024609018 48.21058576908329 -3.3499999383737378
23.330049607488487 47.50131698814151 -3.3500001219373834
23.33004921964676 50.33974808010419 -3.349999943303157
24.55999997672953 41.12008519099931 -3.349999985155997
24.559999998862388 48.210032009980935 -3.350000601269345
20.816362685550587 44.45557637040808 -1.0472887793569574
5.382768866159563 39.459740037746684 -0.4484623714022429
0.9284337355233705 38.512094276696686 4.49675771385216
3.842348096747622 45.176129227350046 5.875990512943758
3.374829950480085 45.94820517702028 4.846262898757466
0.9612618636866865 49.85074545005765 4.813854930503954
1.2058159679832978 47.203631592201816 3.572599734268546
4.602358581705217 50.0329229319699 5.652740336654753
4.306066267304085 46.33918571350563 1.2656635897335844
7.011648863115569 49.70418245977439 4.897588443120183
4.656870294924476 48.89063146890391 -0.10029816778007294
6.934180559736326 48.328067598467655 -0.7978598772148315
6.198604659196369 45.84808850281857 2.6525014178557527
7.384693114990172 50.27440542361784 -0.3160247605641653
7.037218979423468 42.15289720557869 2.6267574091574253
6.650180247312434 49.216026073948704 -0.40930670409343284
6.019937220003826 42.80055054219097 2.018350460808639
5.475222736708043 49.592451409484376 -0.0358927953997179
6.624119006880833 43.90962542819236 1.3925810445408382
5.4625924735371925 41.957252626484966 1.0050907145644428
5.097813625050784 43.30727006219596 3.0439628724951495
3.1131874790736194 42.90393527508443 4.322272830350242
7.036777698150043 48.37431783771754 5.2407739060595055
7.8615839306558115 41.0752894656612 4.7459406297367055
7.305642090417627 43.65501544844462 5.198477412942571
7.277651987330569 47.58387657150238 4.160173181088206
2.5816930493466073 45.106023644431474 4.056862763334369
2.8441734815018016 47.947354955870004 1.639557034689083
3.0428337670407086 46.773642754809764 0.9210378744183045
5.911297941988911 48.06767874218285 5.96689868380847
2.096364033923418 45.774238695697164 1.2599265644095048
3.108833258841722 46.9789918169826 -0.4422924838149045
0.7859836387542052 41.56929580260159 4.0344584945463975
7.629838876905661 38.643305240780684 4.139002083369158
4.427546408223241 46.47696434817131 4.139322542529436
0.7609905666415224 42.65423353724314 6.014639307180464
5.4996785228930065 39.06467513776079 1.2640939168705345
2.2800188668751256 50.18182688770726 5.072900172482639
0.6136572418894817 48.82179567389149 5.641163928478887
0.437306324308467 42.801952106584544 1.8872407433144256
2.568510178662424 46.99021162235065 5.221245410219801
8.087167946339806 39.454629841501145 0.7830672673464789
2.8086784977271377 50.167458242314794 0.2829323591213251
7.949601838625033 38.451945036127604 0.4061073928449377
0.3320513481168625 40.503273606392426 6.031112862269401
0.19592433434194081 41.67514357718831 5.2829127463376455
3.5274770808146623 38.961054125534396 4.454319000293116
5.915662616826374 40.389733202987074 5.6607313216513555
0.8420088063318394 49.46247413279917 3.4411977877154722
5.452864392731653 38.63669622584086 0.26272361119416443
2.9502821342179755 50.78607335917782 1.9143326210866285
5.310550782205618 50.88457570598511 0.051193814460466225
3.7462782036027726 41.17966472154819 5.683498800283818
8.146079946297219 48.20516224300056 6.077557278207955
0.09404749214042295 50.879238607341165 4.959663694307412
3.442831457931921 38.30276461556096 0.8608601910962199
8.194904458255351 47.4339758123995 1.2781444198513792
13.014451211402852 50.383268123460624 0.1079568297580702
13.037340529217978 38.910656042060175 1.7035613655963233
9.002110683382439 43.27764194882353 -0.08780975745088626
8.241802467810299 45.128427410530044 3.7079862952611053
11.355310201048091 42.189006905209084 -0.5556202758581574
9.325032216816268 41.65266788802511 0.8280501286845743
9.404351228009855 43.20471231369698 1.5372501687361317
9.601386248184488 42.68233603447573 0.6010876701657342
13.729163805223665 46.518760848776175 -0.43948315241297053
15.875899912056992 50.40358877481034 -0.03068705253108428
8.474913168513242 44.19394574543561 4.7295735147900775
8.538882325469533 49.543078373049916 1.9972478116916637
9.006326876008862 45.00670902540858 5.8025372129987565
10.03230493957252 48.0167209300599 2.5512066826672752
11.546243179693969 42.39428091835158 1.183345037560748
11.522178736364065 39.98912803428541 0.44423041732624236
9.2673084191778 43.15877601790734 4.374969058474351
9.940130101647934 48.69548534756442 0.41517053993572195
11.896809578341692 47.141186651976994 1.3591290882510276
13.968535120338158 40.97468536157029 4.9666310895611385
15.86631715181798 49.062490383638696 5.087959579165754
11.714026088214153 39.39904975890494 1.667949133615536
11.998602088975307 41.77053689226669 4.684580609938952
11.613761337106487 45.86309137639546 3.764316191407975
13.70805349197926 44.92872176905662 3.4866976070185682
9.151160097451077 48.46317453720911 1.5524432186687342
12.701377030160051 45.20255698886239 4.4215151134939426
12.465356617004606 43.927795840001835 4.9926073188125635
11.283929014641682 49.49598540236778 4.798367654477904
10.191097026306306 45.348300075832086 1.4608337890291023
11.127253414042109 45.29927058163646 0.9245434513426076
11.065497411636239 42.80513806049611 0.2955500636990993
11.871593329551922 46.347446935719894 0.7350766837009848
11.636656651678734 44.184002738342215 0.3436899193395926
12.9366594504525 45.91547452474367 -0.021891894247566546
13.220031254372858 48.440633518134106 4.882143199401928
12.769519023587943 44.62491602181886 -0.26911925709185214
14.123707174923139 39.61982089902602 5.171836898129372
12.961887966365655 39.022489733409685 4.539607179829462
15.354472813322001 39.19020160868854 4.6598655580129105
15.140609966924531 47.79373491238493 1.7223799327650646
15.370170728640062 38.90077802843203 2.3817214907528195
13.212529877686288 46.11901222571261 5.362484994994353
16.346335874000125 48.32252911103904 2.149008067446668
11.491056523156026 40.359322889815246 2.6237035216235585
11.203309925645307 50.860188814504205 5.036178443980922
14.251230385135186 48.089789185860376 2.6911084028536614
9.700171167601702 47.05819697468026 4.921304911118237
15.22211360240617 46.423019386764885 1.4446913916578663
9.925056592414135 39.81595200588685 5.141881796879
14.759193384869313 48.38701183397977 0.5730310697660523
16.057106895862567 45.164521694755045 3.2041303062747484
14.724597135879987 41.997697252237344 2.0421142720617835
16.085093284266055 42.141706984861415 2.065101574780146
10.885538591438605 38.35198706318686 2.025678361383613
8.43372568223112 50.296925700965 -0.5718049590180196
22.227526925035193 39.13641873175303 5.6883934836043695
24.094481447388024 50.74150429186961 2.1340941800840385
24.40376143880584 40.988872518696255 6.015050826437469
22.060774586935835 50.049436441708174 2.550524907888436
21.529326815191528 50.96450844950627 2.7664102622255884
16.613956553017776 40.81553359284047 1.9803974200025665
19.874631895174222 39.342716179639346 5.564367635375998
23.754807713624245 47.60674178475938 -0.6013436672797146
16.560095188003668 42.906047522158985 3.1652018526058887
19.697999168903337 41.16073437052148 0.5804726204753996
21.901886669483915 40.84605415907784 0.5417837260681657
20.24039126419241 44.877302531100796 -0.22357525692455749
23.226328901613275 46.651679490725805 4.697915687336447
19.754440274634884 40.4260279242067 5.573835414307825
18.941791260556176 41.99559549024536 4.397807680232852
22.504100932049642 47.93304934540842 2.3633050398891333
17.549815524656626 50.0993469301736 3.572559306134444
24.146251303141298 44.54770486932877 5.028891629337431
21.485295729561987 42.261034314795175 6.016130380577684
19.463501172354672 43.93559487846706 1.527229890150863
19.38957079775008 45.549931610733104 -0.33208634261283176
21.11724622583272 41.004008972398516 5.8358762119849175
18.61173503142968 43.524813760335554 0.041179252435389335
20.281776817146064 42.35175294180067 0.5249837825749104
22.3699960218062 42.939161626204154 0.19231361014379278
19.10350997461445 50.38927456529038 1.2713497252403183
20.051140501877914 41.09199770230804 3.4410071527430786
21.55558378543344 48.76257893401614 2.6549283970619744
23.368482303360505 49.96805078603926 2.3368129930461534
17.844346391564617 46.00865756324223 3.9596311890099276
24.13501301097741 45.88011381059392 5.280555912681462
19.73177530430084 47.02763687542835 3.2744557234780345
21.404862477410163 38.52813973521867 3.50442867001048
21.63785689418736 42.16096011097401 0.3497134179023442
22.80085380286951 42.34282435809249 6.105242985511648
20.99343845672647 45.124997930097635 0.5245336356617436
22.296676952968465 40.20628293736923 5.818811485188709
19.598784575408086 43.68407353522399 0.47531001899397296
19.303952958578524 40.98182081417795 4.2269281592414965
22.4629682386163 46.8584654910299 2.4631931841835586
22.82609482613318 40.290144583313904 0.4851813704951746
16.61752626994905 50.8215534965886 6.228982021536245
23.390408264693384 43.157724994838595 6.1972347716790175
23.617276025507444 48.61854974066374 2.0201251432031664
19.03991522756332 47.332722641036504 5.488857791638927
16.384823673789125 42.88073203977548 0.9150645518529898
20.447938742345595 39.26947445538719 0.6368291438856544
18.69438312280604 40.8119247049085 0.7740873129085368
19.730107811391076 50.041015302791614 5.389878834219962
19.863172060780546 45.335204465832454 4.701115043612436
19.110124803818856 46.503752028272835 4.393023324935321
18.585496601400077 40.30410887905643 3.76581321069422
20.651098140476893 40.258651450690685 0.6556740603620015
20.82890274323406 43.11711838041322 5.964474596684645
23.328531371684598 41.088861753251706 5.998244407182648
20.565745728425306 48.567835977891 2.7038753264433235
6.530801538769803 44.78387564836789 8.260236575777077
5.430733217007619 45.51595302093782 7.987157545053973
5.4722851823276395 46.72340341078934 8.62171148143445
4.689870887747342 47.46185610299323 8.527289593163225
1.5575676873735338 39.38627564743911 8.00253285206341
2.7174029941718825 44.05140225762738 10.573994156122014
3.4097018618330317 44.84619039556341 10.851724409482367
5.380073695371326 42.066584724990655 7.159116915598167
3.106222147749831 43.05195153608942 10.37901230782777
2.1318216361156566 43.96457888020078 11.4892297401223
1.094611979201361 47.91866740615365 8.286478816794434
1.0438919871358612 46.57248294487883 8.188418482304094
4.843098924630884 50.919073049069745 8.97863617188738
4.943262785114146 40.90437846828279 6.456515851585029
1.7869612396073837 44.458641124183856 9.466152564924348
5.805376608200707 49.882973977722195 9.287665378992017
1.581922615854421 45.95282327744617 9.297476648015895
2.1012493201912608 38.67630260632558 8.625789270387891
3.567619410951574 50.37086844870487 8.949129572690344
2.0494653816763675 46.8986381187503 11.179291030711
1.5364465226192243 49.182314536215145 10.039497287152749
1.7623213944624374 47.047090895304265 10.148800805761631
1.4655476999093442 48.199477246356984 9.597451793431404
6.71141876130715 46.78195726267388 9.125187076209297
2.130351585412535 44.00620418071132 8.535838701848057
6.781539526739538 43.84963980181859 7.779888947284711
0.7172441195315201 46.145567814387775 7.251698331001881
4.807459620982294 45.32929690407985 7.214636012368412
5.531293244180525 39.94964012784774 10.519341486229838
7.175824601930772 38.55323357576634 7.941693330142657
0.7179880979078022 48.431319428676595 7.501977474726996
7.331152984809286 45.494751169729916 9.052973086405844
4.6922046339462415 39.935681165198645 7.387911591020732
6.5464769391584055 40.180798827447354 10.196746196233327
7.250416556681005 47.65024589378549 9.47440939735735
6.621247808998736 40.2683365997038 9.112842853937135
6.802733473284406 41.15430870479522 10.61473077421962
0.8361684215761124 43.99589551214769 9.730651178187275
7.540763182657234 39.105367850194824 10.731402696130331
7.15736878676783 38.80253890661086 11.705776017143881
2.814798358513385 39.19553996101749 9.26558637837116
0.9295032567259689 38.31562922825885 10.329926624242011
8.45392249450159 50.996251054467905 8.109452047931905
8.518759136985445 43.64003472059362 10.769374116136381
13.255712675374646 50.605544948103386 8.48256153439434
8.77832510065305 43.28225407809407 9.061214981259935
10.039463857698673 40.108906705018974 6.457287991142513
13.0035744949696 39.594525459553665 9.550959392008785
9.29896849739918 45.36811600365921 8.441516257921828
11.447322152017733 39.397320133671194 10.479607446544033
10.201388389765352 43.924785741489494 10.160230883027898
8.77148925087638 45.2161595519113 9.383203510923511
9.143159029408318 43.86741785989216 9.90535925382999
8.682758665858398 50.13353921340698 7.636734070739357
9.080615233104348 46.00471769221229 10.069291833947908
12.647834059236121 48.41390878211761 8.029228460634707
10.566832113367505 49.17620997773068 8.033906420831006
10.974824844030318 47.365613149478534 9.143420504256007
11.114158465244017 47.254593050898826 6.935383981720523
11.280739751055124 48.07630682870049 8.046166177249951
15.585913282243379 46.04725933964976 7.772604076021203
15.09488138632834 44.886099772275315 8.107065880746285
13.71992069183649 44.54407492406371 8.550872800575156
12.261495742555956 44.95313851152091 9.949203902649227
13.28862672674696 45.28843028375155 9.805393719212066
10.635866562606287 38.95457472515539 7.034809128014512
13.40546414525007 46.356662350199706 9.987956777265898
12.95616302408579 44.85512131865692 7.838114520490594
14.942287439421225 46.91231206996635 7.834487418700596
12.874245975809478 39.69269886361996 11.287912983716216
12.507521553019066 39.15255021353782 10.415071283564064
13.652018753860567 43.46176840878166 8.660881592957168
13.789693997567747 44.85787367469255 10.672372725036604
14.958938457300794 38.70519110609967 11.580788692889534
8.869833225652773 40.39786448083169 7.009758377155572
15.325648233959212 40.74078387680443 9.981788387695122
15.94699655831683 39.61181992043291 8.28514246444659
10.822749733524402 41.1791625727548 6.471594023074609
8.489430746022585 39.617808753020995 10.891196863233834
14.136136624664813 39.37981769299093 6.480281000145269
16.113482354074105 43.97888024362927 7.764801704048738
15.908966703532947 42.93655002493499 7.960047866218751
14.744289163725577 49.697656510756104 7.014896684680595
8.876594630717458 50.57383027590545 10.24531072213138
15.952376359709858 49.61849528884682 6.389946617028825
24.461256871685766 39.82489979432228 11.455787771132178
17.2126585314261 44.710334850437384 7.457736656833617
22.087258361642956 40.1514989356141 10.04159659806129
24.21066177281612 46.15900741608892 6.629983571386142
20.97403031869655 49.51921380713459 9.583097436176942
16.672683136142904 48.66981727705782 7.04918127775761
21.895869609749976 44.8510039109109 9.483103112087193
23.70477313707827 41.057909479758365 8.88195892209081
23.96576675462432 48.26257089308407 8.849149847191452
18.863206008334632 48.409239282116445 10.040826749489236
16.82246572929823 46.04460292177771 7.363449509156288
18.02102766121661 49.927957036513654 10.083015712575186
20.861608040503896 44.88278085026496 8.594015669930977
21.372755176897936 47.42959868206879 6.3957181389060125
18.21568339502979 44.33513899502679 7.317846724891609
20.68102758330272 38.50563685401577 10.322263872487644
19.952755053408275 39.67071781474796 10.005049185287152
23.264417102590695 40.909000566081495 9.867865965548749
19.02188141758513 40.67330197872959 6.342153748863387
23.577102586500025 49.322736028848496 7.989262861416716
17.270262898166035 39.30223663183929 10.120669573693124
18.98098637383752 49.46072913432795 10.302736803096632
23.06724078888044 41.89155778405337 10.296588270505389
23.62769807827349 50.54146876578071 8.640231604642704
18.99687661009362 39.75034852037661 9.688733911677637
17.377628034238956 46.70370587826056 6.83668760099507
22.31957959995417 49.038859111975476 7.526413285413836
16.487488171167314 40.23900500582675 9.372986083067342
17.337993059344846 41.31988936070428 9.030672945612604
21.30251110990344 45.43163689011225 7.370823035858756
21.989227415219876 38.84013443944356 10.319268148548053
20.51286479992729 43.57787616796307 8.4308804703142
20.92544014952573 40.661737256646745 9.952408301459077
19.866126772092667 50.29443452689734 8.454303499693008
20.864811066309986 41.69603812925184 9.647538133756084
19.797214325921043 45.620582738186464 9.207471967966503
19.211841024130628 49.41809845606593 11.367156248490579
20.080781112347697 50.13978580729142 9.51170942366858
24.554867292750366 49.430280395183914 7.011670864687247
24.557081995427758 40.53897769524832 10.63785727466673
25.789950670234102 0.7102494446919124 -3.349999941194539
25.789945946710912 3.5405444119174296 -3.3499999182966853
27.019005334212878 2.838919433602437 -3.349999913342768
27.01904363376577 1.4204752439301678 -3.3499999321841347
25.789950917890508 4.960054282727536 -3.3499998988308235
25.789950912201128 7.800000274334047 -3.349999868439112
27.01904427815954 7.089473647713011 -3.349999935046081
27.01904401419677 5.670528959601051 -3.349999910577852
28.240956780144156 0.7097304978621783 -3.349999926627596
28.24099467527793 3.54108185346806 -3.3499999012856807
29.470054046872274 2.8394568183843276 -3.3499999220564955
29.470049275758583 1.4199571636368158 -3.349999924683841
30.69999999102168 0.7102807235609856 -3.3499999949314887
30.699999994166863 3.540510224839203 -3.349999927953329
31.929945942899774 2.8394568124340847 -3.349999934302925
31.929950719811206 1.4199571635766228 -3.349999942047087
28.240955466978363 4.959536556863924 -3.3499999379487
28.240955528564676 7.800520310903516 -3.3500004702605457
29.470049044771645 7.089993841052922 -3.350001253820303
29.4700491886651 5.670008556461374 -3.350000197635574
30.699999984944526 4.960085134280067 -3.350000042083674
30.7000000470209 7.799969327014266 -3.350001087219534
31.929951133227387 7.089993924935706 -3.3500004977496567
31.929950874428858 5.670008577759657 -3.350000200718042
25.7899499277204 9.21993510135247 -3.3499999379461896
25.78994992968362 12.050064865610487 -3.349999891180162
27.019040209754518 11.340803676820967 -3.3499998901266457
27.01904023707334 9.929196323462168 -3.350000048512767
28.24096024108563 9.21941303353989 -3.349999977359083
28.240960228348204 12.050586948308453 -3.349999906131508
29.470049634478393 11.341317039229951 -3.3499998967849045
29.470049616711176 9.928682936067466 -3.3499999311183695
30.700000003439925 9.219966912956622 -3.350000225473133
30.700000010946923 12.050033138365306 -3.3499999030177285
31.929950350985138 11.341317054992068 -3.349999929080755
31.92995034019309 9.92868294043479 -3.3500000130187333
24.560000085250124 7.0900251461618 -3.3500002088396985
24.56000008299507 5.669977293589297 -3.350000235648598
30.850097086749102 6.573626363546335 -1.185423368524282
24.56000000688312 11.341348109894001 -3.349999942305979
33.15904321535143 0.7097305008516107 -3.3499999413941106
33.1590053170548 3.541081829159298 -3.3499999754731946
34.380994674356735 2.8389194287267965 -3.349999935795578
34.38095636955747 1.4204752410538417 -3.3499999421638216
33.15904451341687 4.959536580550757 -3.350000101438747
33.15904428897043 7.8005201853831005 -3.3500001471056406
34.3809557017967 7.0894735619491 -3.3500001340260277
34.380955997578944 5.670528962693601 -3.3499999576093775
35.61004933932833 0.7102494537848042 -3.3499999437926107
35.61005406065513 3.540544407781694 -3.349999931681186
36.840000000805304 2.8394909878764727 -3.349999923625153
36.840000004401745 1.4199261441762903 -3.349999933700889
38.06995066462018 0.7102494439767107 -3.349999935750998
38.06994593207714 3.540544407876218 -3.34999992084712
39.2990053196623 2.8389194243711136 -3.349999940040954
39.29904362423455 1.4204752325652985 -3.349999946193263
40.52095677577321 0.7097304895515988 -3.3499999386566373
40.52099467861842 3.541081840465207 -3.3499999443935335
35.61004908630886 4.960054279592615 -3.349999953555023
35.610049143499296 7.8000002635244465 -3.3500000058032455
36.8400000067236 7.090025061444256 -3.349999937514206
36.83999999975745 5.66997737577979 -3.3500000332828628
38.06995090473753 4.960054272356573 -3.3499999622106946
38.06995089308914 7.800000266582731 -3.349999883998873
39.29904429794682 7.089473635818736 -3.349999898063113
39.29904401067496 5.6705289566852475 -3.3499999208136
40.52095547072287 4.95953657352664 -3.3499999303150254
40.52095563031767 7.8005202060585015 -3.34999991404291
33.15903971748659 9.219413027818138 -3.3500001855989647
33.159039691229296 12.05058678822562 -3.3500006065228085
34.38095980804902 11.340803653551363 -3.349999995089651
34.380959792384914 9.92919635853195 -3.350000082940525
35.610050080678896 9.219935125423767 -3.3499999763095865
35.61005005118601 12.0500648684046 -3.3499998834981515
36.83999998871921 11.341348124489413 -3.349999888710281
36.83999999287126 9.928651881031737 -3.3499998960975397
38.06994993402821 9.219935111058234 -3.3499998935436706
38.06994993336386 12.050064865710645 -3.3499999161373726
39.299040223644624 11.340803683612643 -3.3499999063173957
39.2990402168938 9.9291963256922 -3.349999902564437
40.52096023557005 9.219413028011092 -3.349999908349197
40.520960249762354 12.050586960494465 -3.3499998961832267
41.750054059714266 2.8394568158421 -3.3499999576697737
41.750049276353224 1.4199571572027077 -3.3499999625038424
41.7500491090512 7.089993812689018 -3.3499999198126473
41.7500492306406 5.670008656369997 -3.3499999301657146
42.98000000632206 0.7102806884829601 -3.349999976294431
42.9800000098042 3.540510232448672 -3.3499999591244336
44.20994597212722 2.8394568328510035 -3.3500000352405657
44.20995075096974 1.4199571456792477 -3.350000050168338
45.43904321795317 0.709730503892158 -3.3499999486347196
45.43900531009913 3.5410818263292456 -3.3499999144121384
46.66099465516657 2.838919413265312 -3.3499999231094457
46.660956359698105 1.4204752419605227 -3.3499999298897984
47.890049324245105 0.7102494580756831 -3.349999943685823
47.89005404777193 3.540544386300858 -3.349999942828179
42.98000000471789 4.960085188337311 -3.3499999290407425
42.97999999665918 7.7999690792816105 -3.3499999237900724
44.209950881399664 7.089993810494164 -3.3499999411758727
44.209950767557906 5.670008644782433 -3.34999993950139
45.43904450854829 4.95953655175984 -3.349999927166122
45.439044348597555 7.800520206924221 -3.349999939054289
46.660955680219985 7.089473635684774 -3.3499999504261635
46.66095596636236 5.6705289395906515 -3.3499999471003186
47.890049085453946 4.960054259761359 -3.3499999518548718
47.89004910600631 7.800000279849061 -3.3499999471902706
41.75004964314372 11.34131707010488 -3.349999886576618
41.75004963666523 9.928682961374829 -3.349999898660563
42.979999996927134 9.219966847698396 -3.3499999065159294
42.97999999705612 12.050033150700884 -3.349999896452631
44.209950344716 11.34131706878711 -3.349999930960622
44.20995035242561 9.928682960809153 -3.3499999088091323
45.43903974785003 9.219413030993941 -3.349999935017298
45.439039740305155 12.05058696808521 -3.3499999217351126
46.66095976501002 11.340803684592306 -3.3499999357595667
46.66095977399844 9.92919632808481 -3.3499999444818442
47.890050071077575 9.219935123047522 -3.349999940972055
47.89005006071865 12.05006486102985 -3.349999941875317
49.11999999495762 2.8394909726147732 -3.349999950857543
49.1199999983041 1.4199261393942304 -3.3499999486224707
28.721394563769046 12.47549301864241 0.3431534999470731
26.326444636801764 8.004961203561017 -0.2234435879618879
26.243521574674443 8.27427537297842 1.9667883837483446
30.242320943150865 1.3317759065688453 0.982418168705429
31.497264572543415 8.950259196044618 -0.3055491333783211
26.965403578720522 9.84404208974233 2.0849090933361802
26.76438219824667 9.665407382108333 -0.6155180250040204
28.329327631974433 6.296641519170025 -0.78158807179318
27.22265045616279 4.806841568297997 2.3107295924606963
26.319612692561268 4.768441962528872 0.1667320379587678
30.1734029939447 6.250538305506829 2.5740303369073905
30.041004731473116 6.873237402947377 3.8130747808012666
30.624486314268204 5.979768436929449 4.716851159734025
29.57291265207279 10.11427773647753 0.6884471601277686
29.50099723990819 9.13742891814474 0.23348061244503504
28.419036931561337 8.459166424855631 -0.020900908144615427
30.586691113912764 8.513959181333853 -0.3300087650442374
30.240965825538677 7.223599278621993 -0.5747726367320871
28.87753794779521 7.159786807387543 -0.43395944668657815
28.68358876215747 7.17461371897461 4.008431997614736
30.866062987349252 7.970552846369246 3.702152411096371
30.059162972602074 3.8407900759705185 2.279488698741172
26.96890915692947 8.83749067282594 0.06332116502386853
27.263728957357824 4.215807320658704 1.0148838861635556
26.415264145594392 9.192831720532546 1.4056656470909346
27.034057006356104 2.9019483869551372 1.2795787959229787
28.54212013494649 4.271076762020657 0.4695287996497943
30.760822642716704 3.016192146863311 5.03193880935941
32.3895394672152 4.153164518460795 1.7301206983259465
32.53749682233914 1.210837170976505 0.3403320569933943
28.851289554544174 10.160054625713618 4.972830240974339
31.453940492431617 1.1119639150239835 5.998960497429683
28.181225526269756 11.316091345294483 5.185179942139748
25.757514222766236 4.796569245657264 3.918705458821484
28.764328250290664 9.683257146895931 4.007686782423953
30.835144775832187 12.048991999105343 1.11765589798268
25.49820432859717 9.75515550377577 1.2299008757713548
27.733803975969753 11.848490725315566 4.452742329482594
28.982086942405456 11.780049994890557 2.419726977087696
29.576739341121645 12.573518536016145 1.4215152536440845
31.376770411825095 0.5230030423881199 0.7097104703724721
25.398676920802114 12.02222337048759 0.11813765370342066
25.498867788120574 3.958742936070224 6.088458617900717
28.017428077681465 0.4269220863846471 1.1459779291579586
24.77651642059361 7.557083607401289 3.623553148414924
25.931055960616174 0.558724602352196 4.773486653895778
32.10207244810933 12.089818384646197 2.2839929663939262
32.14163747233616 12.137572211710436 4.3199409585249535
29.265957283239914 1.7499225635579432 6.248958981188569
32.375805088753424 0.1477665522518652 4.169518916971867
32.68036031921407 11.865395451798749 3.081061022023751
29.403761928842574 9.819178470747783 6.187990315247907
31.177607160099015 12.581112921518015 4.520732382098023
30.60788854512765 2.1510519447093825 6.141018472677881
36.47071725681099 4.52202106679474 -0.564973859927963
32.92770684570696 10.131041228484557 -0.3664509843615571
35.693382747038015 12.590037087766722 0.2490604441908939
33.14063465418136 11.95938760906059 5.202182093208837
33.515015161376205 4.8211859284158 -0.3073043378353113
35.11892801725214 10.95185229588257 4.943403997464619
36.64820550111979 0.16198633379028998 4.74564022291597
33.68876605397715 9.013095128082142 1.4316855672794526
39.9765984863007 9.408973636858693 5.353465085422171
33.481394029523806 7.636991015017405 3.505238821567165
33.5705710682014 4.709183136028877 1.073692199970686
33.62554885003653 6.337863809949109 5.666358302187099
33.9097455770682 8.613427431226993 5.565606930948979
33.73847529912306 5.9646037443449105 1.5739665812546277
38.675883924760214 9.74346748855392 0.5606019492211023
34.1936187939409 8.217253789321859 -0.5752476571671705
34.04622811994107 9.39047729235785 0.09669903241717903
39.059752737100055 4.861508207014066 0.27849102836146833
38.69213449582539 9.168034135569771 2.1327091369008344
34.25395780625947 11.421160067335327 4.498458214616097
36.594024964088675 8.358288571790055 0.7592010151700257
33.91138722544954 11.399929600745683 3.235883460743226
40.039383338411746 7.634738169763256 -0.10877073321677644
34.557257848360486 3.870726902356388 1.3609449217122471
35.70430488835775 2.864223950398629 4.113679950148486
34.59420380928983 1.7450201150310483 1.349300699088417
35.21760225831496 10.164865339122354 -0.06953766817310747
36.37133441286078 0.6551669578136241 0.385743039159937
40.15944984226664 7.146084032616987 1.5792441815960134
34.37871634197201 3.4352803668989087 5.756936960811321
34.561476144462844 2.548317866720692 4.706915312643786
35.28276656432589 6.460348852635666 -0.05602966079450655
37.55039456148553 1.0462946227334697 2.3006222915571395
37.45555806904634 1.397124507155762 0.9697050984044164
36.63070704014597 7.14606180388894 5.633939262330108
35.725611833423734 7.5134505960633895 3.58737660907408
36.82480414725141 6.998769133774679 4.285061564913368
38.06455438455516 7.55319339259094 3.8850672234405637
37.86101669461741 3.5906413430411357 3.20704791286496
37.0504416402357 5.365929394344104 -0.2212612271770753
38.23085215511847 5.549988471100249 0.20556125972591377
38.31425279152974 6.8923541177376055 0.5970550532539576
36.29117795076801 6.452199506987892 6.6112989083322304e-06
37.02506204031421 7.383099513867602 0.5871157449761333
37.0835764410997 2.6989913353208848 0.9196452653023546
39.51711056259678 7.636715017497667 0.8479566264306915
38.58136759456924 1.1434840232818573 0.2509568055579625
33.45165442684614 2.4678847746938075 3.8294026973299164
36.86642640040354 5.59452800858282 4.1999745264606965
39.306004880578136 9.160187066912721 1.2320418430548508
38.35697930856591 2.2696837683437336 4.959572603500365
34.63422782947628 1.2804404923874473 5.313948702206219
34.52612385104465 10.889741182366466 2.50910518720751
33.585703140376665 12.321058619540702 -0.831133084156217
40.02645483982183 4.075640454987912 2.9769055183571815
40.262121776231716 9.61876020038019 1.4843336648076133
39.05812913217311 5.893368265235851 5.837176314086801
35.080439969627584 0.09380936547551201 2.720132505755697
40.60365309005518 5.253137694370612 5.956312423170267
40.10117418732992 6.207537496340739 5.7990356916008245
40.24907036090537 6.58196054227556 4.786102275702428
36.810034001405015 12.347100648227356 5.830144964830898
38.08635305875823 11.075480178711162 6.113590277962767
39.32408561182018 9.35134843095454 6.212130494183335
42.09935999681041 12.64830434113495 5.070310434074864
48.51962705843993 2.8637813225541433 0.6924243680323594
46.83980956808311 0.724459124395209 2.0759247613732645
41.678356975414836 2.862807831977339 4.201444810864538
41.374872851156354 3.580621596538726 3.117532694158492
42.082368663562036 11.552788934140668 0.21463000351648054
43.831313767194395 5.066548303926484 4.616559236576723
48.238391347244615 3.230560936668244 5.85016727152381
45.78016104171765 2.3919065959953616 1.1713895105096206
41.07088764252942 11.48961951880479 -0.15862027314347604
47.41393980003555 5.438335461788122 2.864601313787043
47.98845793149927 11.03156894447372 2.4565972454371456
42.33261454400687 0.6478338313552975 3.29720329170198
45.669809208937856 8.056431845667166 4.856479041751578
43.30448925186909 6.348516361904056 -0.04754491553345841
45.12710118493966 1.6591973864434106 0.16986079376823393
49.03416482487983 10.549154048407452 3.2395602101961076
43.466462483227275 7.249811954422055 4.999394777761429
41.142985223953175 11.919755724469178 5.679708174777073
44.197427366693574 1.8406673118972123 5.943695986103686
45.416950306107154 0.6641842520092534 -0.13400817327400505
44.42000868552731 1.600727702831384 3.5618330909380056
45.21791758810257 3.5620746398168066 1.2380302452553837
43.21022245123878 2.0848620468006502 -0.8219055861965086
48.49215820149115 5.666850157505723 1.954748106577956
48.23650660985223 1.8606594947254254 1.0113121384080337
48.79012521017107 6.9786858074377065 1.995463656911527
44.026556857603595 2.3297244954731533 -0.15855008713529628
48.310094288577595 12.137841915413315 1.5983459219710694
42.80963887275867 12.625205852172193 0.2395080469196742
48.12196098849555 1.3613621706423853 0.04918871439696382
42.7709836551655 10.602137647649847 0.969960881221601
46.19336402283819 8.06545795008015 2.250709966440756
47.484531241157 10.047072525079903 1.6228288460436413
47.76745374836478 5.436096664874779 0.7594057380574948
45.38373113008718 3.335096430253448 4.554494489772237
45.319038402957354 11.156558096443101 5.204748194928955
44.13913725017412 3.5222312949671584 0.5624855324324773
46.08258946522301 1.0066868450583824 5.083536179132543
44.713314253161144 10.84894354317137 1.9401550435507031
42.08724890346667 4.796878332645811 3.1663928098930603
41.74543264555367 2.7905268577751516 2.0053663085634286
43.65839255462221 4.378056083781059 0.3246863137139566
45.02580471155134 1.9420507326194225 4.783068619538678
43.74129407980044 7.193188545659434 0.8819345075735263
44.67719255825093 8.160987196059653 0.5169365201133891
44.10570619239571 9.191113549530913 3.815961116681458
46.91616787108309 1.8027787542496057 1.9362960113328131
42.62886359434059 7.887109474414377 1.4168003827143094
44.33594340364343 8.379989657677395 4.982123504706374
47.09718678693902 2.2531519341391077 2.9122551053791277
44.26994380810127 6.426476642001258 1.8944684100116571
43.926513962764545 11.229368876396926 1.3056301276953453
46.847737796103154 11.383740980959852 3.2576858934427677
42.564795491464146 9.634496006738905 1.1730768478893239
44.281646898023894 9.184507291985902 6.0841084014076525
45.56549996808115 4.347117645621981 1.8932355322795957
43.23797632007091 11.98382274686346 5.010983459884972
43.847777442436524 12.484793821380809 1.0417779738044775
29.90657471060269 6.365507066999806 10.949832043576398
30.89567273782161 6.584361854734196 9.905165250173031
31.85974622157374 7.546235866176506 10.308716594482242
30.287319447461627 7.036795296029406 8.77196410200771
31.533620299606962 5.41073598355514 9.535065931094646
27.968381455167513 1.2161244210780409 10.26573139255547
29.1813556907312 2.191936602011495 10.22723820799826
29.46087078993415 10.912190975059609 8.464350104299417
26.866955122861633 7.542129101493204 8.527953903772032
28.390143378031347 10.236846662555154 9.426367133912228
31.689521627421556 5.252987004664536 7.253173197507571
30.09465220596851 1.6304474042549622 10.030465857398648
29.00189826747852 2.845932904220188 9.37390130379485
30.523819004279822 3.374087434246236 11.228343954977213
29.464550231573895 3.1606628689159204 11.371520846261324
28.32222908561199 9.175078661707582 9.189436002055459
28.900666726603816 4.0921805009859415 11.322426100875154
29.1029518203812 10.90143527549286 7.030796632558083
27.018781571898412 1.3356662450388852 8.253907521488834
29.227703510691146 2.6108967673590664 12.28243295199984
26.92836138920002 6.211978319368433 10.091415348051434
30.370751750371525 10.332888602516718 8.621274924924558
25.17305920065546 7.98662379758396 9.609707479042209
27.811185051783475 5.630014057006819 9.826764676172896
27.253433232587458 7.0455910168094595 10.713924920110152
30.78872228308532 3.0233591071754686 7.227845301658217
26.105241490739488 7.0150698136701095 9.102497940459266
25.437685176749504 3.7784911500874414 8.496139447310314
25.550277569641366 6.3776535600250375 8.414155317805763
26.33320120133078 5.491808383504759 10.652877381133091
27.1202742195763 0.9363594711405572 9.252232790518867
29.619647656745613 11.90351145112388 8.888818737448219
24.901720647611533 9.259963656012289 7.9605956883395095
24.72372753360528 3.5507222301828603 7.331997028872825
28.293040244531735 11.70462837220566 6.45152371716589
27.865149188248623 0.10933183076036115 11.14208734568152
27.783187243798523 12.55910743581198 6.871423047254267
28.740398626523625 10.329810636896537 10.454364682814306
27.402001168836083 10.661894923316298 9.250273549287817
28.583057891795388 0.0010903460916925508 11.941644019311953
32.06760691754737 7.690342250796513 6.758383070479212
24.941054791650878 12.216720453750085 9.435962442284357
32.20144858220897 12.58582219708855 6.81960321135647
24.60738756014135 7.891805114936525 10.799213767593166
29.951284389584067 8.92273536729954 6.439006086187263
24.901083132603322 7.07615150450193 11.443303899838604
37.87473563970127 3.825291931323338 6.68499321024571
33.081168133690625 0.5803415038629597 9.326143597184917
33.8222966871951 11.423109974840106 7.539573859025785
34.25014561206164 7.33025677503065 7.494286548422082
37.92649317967843 7.549783748989211 8.444649291474269
38.28503866802593 8.374141954953975 7.8460854427244335
36.673240588972824 9.99735084129323 7.8406353194513585
34.267158300320624 7.472263622948641 9.957088639612596
35.176898979725735 9.605010070466252 9.5554755154538
35.13384763858672 9.997117062221184 10.924506142878762
35.46177984450138 8.874768252228462 11.685557985016835
35.93159555572233 11.098573742436036 11.095947247854202
36.949787218061964 1.8897788106913185 6.6844902464785205
33.88429506638437 4.715360078784017 8.421158054192512
34.62397921952777 5.385464935875949 10.52084268649096
33.82185850557047 10.25259790093081 11.140430042802697
34.908309676253076 4.590318487326973 9.415669736808002
34.929190871393146 3.260928016638587 9.885538999605489
36.10598506875243 4.8992942077594765 8.836320831634913
34.8700225226684 1.5826615207275028 8.296428446587365
39.161002669691136 1.9298513308733636 7.07732522392401
39.50726348657968 3.9029617541941364 10.276815498994385
39.02271122697937 2.9510002287130552 10.117509624341173
37.88243667712499 4.970977492803259 11.743245937655777
39.22565512153595 4.869089106792962 11.106688883899924
37.745038100069685 6.042462586109304 12.865840874507201
37.10879918517711 5.034576710664548 10.978039971356804
37.69884347542208 4.070015615398776 12.328618666908955
38.32241176933654 10.184779216660507 6.527145693020008
40.606694997861716 4.155472034359901 9.626035856872443
37.596956237103484 9.523718291187524 7.542605775822401
40.1498904223109 5.886569326827874 11.023525593691625
39.386212707426566 8.345184734674628 7.015205131758689
40.22595144984854 6.836272243643484 11.532130636771619
33.45701939925686 7.545774972818225 6.380566353793764
40.38366068959182 7.165986344963072 6.9511114698458485
33.298365427599116 10.467468327183655 7.520997613645264
35.90425501192747 5.117536220002039 6.486574421711077
33.24700176194886 12.430678340067779 6.5534285843222575
40.37848266038746 6.672917722638956 7.923200211844011
39.982944295904 12.760490397911706 11.521751081595504
34.81691557522749 11.236093655623765 7.134779881979919
40.36260303470987 1.0478948979162268 9.85988596509792
40.38725331441301 11.952196015644473 13.033633217452099
38.1177245706041 2.5129692215150268 6.36630414893255
40.536250818152965 9.582578796503261 10.634646967689354
37.826989704241505 7.0510201414920814 12.460630321499234
33.85073817123583 11.843815737167002 8.544709543672976
48.07587134364677 8.535491658360655 6.344343407888885
45.462562007916134 12.567548591162335 9.37272876208572
45.67918760067068 0.3389073873856037 9.070869477297482
46.93546635632232 0.3075891233723184 8.43109933072126
44.68428061132059 12.741766621798464 8.31533973364693
46.75907918159017 4.869321581288004 6.840275104808132
45.09226695402721 4.185704459880385 7.6955441500360795
41.39740620622455 7.519033275456884 6.761961019034621
48.632251234283906 10.159967964993582 7.760504412426915
41.2136018378054 3.562747628973998 9.077910080387662
41.054172411575074 5.425142817435126 10.160980580559897
47.05225871292275 10.530497331882051 6.534487114839399
41.99830277365462 1.8895022173630425 8.56419367339786
47.84144164289331 12.338414084400112 8.268414984675408
41.98811334912514 5.8673262832479445 9.846929457832452
43.61638807267387 4.059559888630911 9.278219625692504
44.32465011010282 1.899308388512345 8.267790722544046
46.75689318397792 9.043509393305737 8.263237781334546
43.817417676998744 11.661696251362505 8.265369117413385
44.355507017845746 9.105904079262906 8.937092126866094
42.54561298932947 1.1708730110658128 10.612615745809014
47.573208069488075 9.500453816585079 7.24621677447862
43.125555791399805 5.24400307183034 7.494644869933968
47.06351346494234 1.6611095596813799 7.933711826881815
42.96080049267862 11.708435419288794 11.66859288610426
42.62509656195578 9.896638577935228 10.40337232255551
44.67933463116287 5.980171042468032 8.909015218722402
41.278603301910934 11.374137571524235 9.211507546999787
44.111836719746364 4.87855770872949 8.30570444722223
41.70298484497604 0.9657060010467875 9.542783027161693
41.64803727939841 9.26077373480016 8.710151246238842
41.463597594199506 10.067907012059386 9.768630532640113
47.74666320497807 4.816820136763103 7.045266312017301
47.775504342433884 6.646466183656979 7.974343461239832
48.37767911538387 5.782628934207389 7.734404408242009
48.568518448856835 4.003890672434081 6.5279409922762355
38.45726429459013 5.96197746346128 13.687032687056451
36.76374147330911 6.010982490962026 13.339302524460145
25.789950817692766 13.46999942609784 -3.3500002618393623
25.78995033631457 16.308682940479386 -3.34999998293927
27.019039781461114 15.599413077051235 -3.3500002306280185
27.01904440656346 14.180520440952208 -3.350000657215774
28.240955692142304 13.469479555432054 -3.3499999783689063
28.240959787791738 16.309196317429308 -3.349999960468436
29.47005006229887 15.599935136123742 -3.3499999028394845
29.470049107503264 14.18000049798785 -3.3499999090156685
30.699999962078234 13.470030686426615 -3.3500001546588756
30.700000019757308 16.3086518779437 -3.3499998936435507
31.929949950006954 15.599935160289776 -3.3499999767744857
31.929950837005272 14.180000573949133 -3.3500005161647395
25.78995037082785 17.721317022991244 -3.349999907379103
25.78995089261187 20.56000619447385 -3.349999953360472
27.019044373978723 19.849479787977884 -3.3499999394754387
27.01903976619051 18.430586954566916 -3.349999919713466
25.7899507744208 21.979991368159034 -3.349999940065773
25.78994595032463 24.81054437526664 -3.349999901020655
27.019005329130856 24.10891824753899 -3.3499998800892428
27.01904453382306 22.690463467283237 -3.349999914052045
28.240959778333856 17.720803667101027 -3.3499999224785704
28.24095570579065 20.56052637172222 -3.349999919089064
29.47004911830221 19.849999732071524 -3.349999901284133
29.470050069276592 18.430064884847127 -3.3499999293194516
30.700000015116892 17.72134811896086 -3.3499999144513204
30.700000021524897 20.559974954612667 -3.3499998897697045
31.929950901981666 19.849999743368762 -3.349999924467962
31.929949922104264 18.430064927622627 -3.3500000857301093
28.240955995329443 21.979471070868897 -3.349999907352
28.2409946691526 24.811081787367158 -3.3499998972642606
29.470054063842642 24.10945566596387 -3.3499998634907624
29.47004910941736 22.689945755808616 -3.349999891839952
30.700000022239642 21.980022650324756 -3.3499998987268476
30.70000000213778 24.810510176009238 -3.3499998431715214
31.929945891076738 24.10945563922005 -3.349999968424928
31.92995090618475 22.689945737221468 -3.349999953084122
24.560000007922557 24.109489860498876 -3.3499998889062477
24.560000003608305 18.430033138331492 -3.3499999324956087
24.560000000049914 19.850030920336316 -3.3499999533828184
33.159044238811134 13.469479642564131 -3.35000172389065
33.15904024420612 16.30919630147297 -3.349999962985483
34.380960229789565 15.599413055281019 -3.349999887592481
34.38095577975259 14.18052054277373 -3.3500003122100575
35.610049116548346 13.469999503217297 -3.3499999172966577
35.61004961597652 16.308682945076526 -3.3499998767268204
36.83999999167863 15.599966851786448 -3.349999895852709
36.83999999206055 14.179969287579691 -3.349999895582927
38.06995086727062 13.469999510003737 -3.3499999487638163
38.06995036860536 16.308682954751987 -3.349999918768228
39.29903976577892 15.599413056336154 -3.3499999380322354
39.29904433378824 14.180520459015696 -3.350000050230697
40.52095569136088 13.469479561679236 -3.3499999396113678
40.52095977219922 16.309196317870434 -3.3499999154043714
33.15904030724087 17.720803682011322 -3.350000326563387
33.15904427196054 20.560526392189676 -3.350000031540963
34.3809556245364 19.849479698398884 -3.350000356887964
34.38096027824807 18.430586958755026 -3.3499999642333234
33.15904400902089 21.97947105889288 -3.349999908968484
33.15900523643089 24.811081867729538 -3.3500006698971685
34.380994771530666 24.108918162657442 -3.3500003384595756
34.38095545833853 22.690463446407282 -3.3499999676879066
35.61004962281271 17.72131706953586 -3.3499998723380973
35.61004925143435 20.560006069166707 -3.3500008219566624
36.84000002977107 19.850030914741748 -3.349999943006725
36.83999999881605 18.430033177457904 -3.3499999127906346
38.06995033073881 17.72131705655891 -3.349999970705184
38.06995088080508 20.560006185439736 -3.3499998705810796
39.29904433832027 19.84947983243989 -3.350000002507202
39.299039697288364 18.43058702306804 -3.350000611234556
40.520959791415045 17.720803602505697 -3.350000392892439
40.52095565483633 20.56052637196328 -3.349999990857977
35.61004928366851 21.97999145888227 -3.3500003497051276
35.61005406050543 24.810544346454055 -3.3499999131699596
36.83999998673695 24.109489813488302 -3.349999914863014
36.84000000708939 22.689914800905452 -3.349999888671892
38.0699507617353 21.979991328078704 -3.349999873883842
38.06994592217319 24.81054434433408 -3.3500001419777825
39.29900534279308 24.108918194317148 -3.3499999765071573
39.299044511182224 22.690463429408805 -3.3499998882322837
40.52095595823887 21.979471046708802 -3.349999894923835
40.520994635876434 24.811081783571336 -3.350000011135884
33.65513760387325 24.500182012397424 -1.455069866158708
44.20994593272541 24.109455659771776 -3.3499999384352854
41.75005004893726 15.599935130896657 -3.3499999085450693
41.75004911339219 14.180000482061045 -3.3499998879950588
42.97999999664416 13.470030699992986 -3.349999915748686
42.97999998805835 16.308651869509163 -3.3499999188567466
44.20994993109999 15.599935130125607 -3.349999963400838
44.20995086981358 14.180000463423182 -3.350000010994161
45.43904431233602 13.469479555437639 -3.349999912330246
45.43904021636794 16.309196309414837 -3.349999933349308
46.66096022945799 15.599413038732626 -3.3499999320060225
46.66095564890366 14.1805204349221 -3.349999929567906
47.89004910631665 13.469999507712362 -3.3499999396108393
47.89004963774643 16.308682939803674 -3.3499999558422813
46.660955493036205 22.69046344534363 -3.3499999403089054
47.89004924558797 21.97999135159592 -3.349999936578368
42.97999998210909 21.98002264217178 -3.3499999403776815
42.98000001750545 24.81051019247305 -3.350000023790667
41.750049095934145 19.849999737588735 -3.3500000484481243
41.750050094568124 18.430064914092036 -3.3500003847690274
41.75005401243009 24.109455662335236 -3.3500003722285445
41.750049062527616 22.6899457086969 -3.350000010683253
45.43904402970192 21.979471061814337 -3.3499999544003423
45.43900532513432 24.811081791985526 -3.349999942782599
47.890049126212446 20.560006196473633 -3.3499999290939666
47.89005406678208 24.81054434892979 -3.349999934101108
47.89004965580729 17.721317060214695 -3.350000009347517
46.660960239844016 18.430586984765835 -3.3499999975280126
44.20994993113431 18.430064876066425 -3.349999948278175
45.4390402188364 17.72080366791948 -3.3499999572121597
45.439044317818265 20.56052636401526 -3.3499999584218756
42.97999997704214 20.559974939735536 -3.3499999384254897
44.209950889511006 19.849999721940005 -3.3499999542895154
46.66095565054623 19.84947979223372 -3.3499999456070997
44.20995089858497 22.689945749650498 -3.349999948505755
46.6609946843526 24.10891821563962 -3.3499999395366653
42.9799999978828 17.721348110443586 -3.349999973296046
31.231955559525925 13.749346919666868 -0.7790055580537869
27.307967402386463 16.293137227539944 -0.6317707393495031
28.470390825394052 19.885670691539264 5.94298801200109
29.10169443571499 23.766803987169688 0.3557726315206722
29.068232541881173 19.271651457332265 1.5167903955348883
29.469933233243978 17.661467752520686 0.01437872863938705
29.567209346335293 22.584175484753505 2.2427040918323424
27.167002094825918 20.02128435812732 5.339374553569467
28.97504666410439 22.01944329985621 4.42548941414797
29.189484900413255 22.49659008960559 0.8900436986865723
27.89762436877635 22.04027592331882 0.8459220439044957
30.099155727661902 21.800915392033883 -0.01575000672208171
31.13493205518418 20.278362548245948 1.3914175392555528
28.593363707133836 18.090701552088944 0.963122442205222
28.629426490198203 17.124892536084975 1.8547117381380651
27.251669149571466 18.20923553117295 0.568402260064812
26.55143015631608 20.327559371004746 1.7918998503374273
26.743710454804432 24.635784554013693 1.213756489026423
29.100875728777915 15.353972592146345 3.200112772041759
26.069026306331136 23.919606137128497 4.5574531377590315
32.19824980485922 21.142391003713147 4.820067293973612
26.419013787776002 18.85327750475555 5.459998760257225
26.46834590738693 15.69641130536005 -0.307188055090708
27.25427611173751 20.433943527183427 3.9680683734375535
26.360728820227326 14.400137508888056 -0.3798964859596299
29.62950555467321 13.867360130755118 1.7834121929893876
32.06405808229631 17.23489443697347 3.0903607868154035
31.77833580340349 18.273368201211174 2.1992377584664746
25.7539741632045 14.74884218806679 4.1388630689942545
25.09313871003075 23.085086544767254 3.970882434869829
25.279607465499193 16.158365221297768 0.3530841781966432
27.30189951634046 23.42341559891673 4.150089320191677
25.118427555605958 17.0748690175747 0.7456931796028132
25.93980725860461 25.19017365254945 3.9933053256007622
25.81353042876225 13.913519107726529 5.323094220587697
31.519619202783275 17.550397394662735 4.343217940251138
26.223492602566658 25.465231823913925 0.7579159328712326
26.67024465566984 14.46915304780049 3.1792043444859686
25.991904622861956 24.014589145515547 5.969898761541112
25.920674086158968 16.00328464838798 4.581873231227009
31.38830712076597 21.802104800240414 3.911405487432144
26.675202501431663 21.06997152473676 6.105234891691658
24.787295080177703 18.28498869895887 2.080342372173505
32.2360831684941 14.010914878326755 -0.47948936838816847
31.35417989305091 20.503744524385628 5.672408544289022
31.71237816620705 23.337652044466545 2.0327178003457558
29.32633219444024 14.657054160284002 5.265185115963513
31.45554558536843 16.061698021389425 2.6676359936495473
25.031686980761638 14.051717356698529 -0.03007344069587914
27.033293151909078 13.646441559388085 -0.7619954723506817
25.076517627486748 25.426578647228432 0.1500703208145926
31.857471492057012 16.021010824237177 0.0023987462196084497
32.51668859285085 15.256143855903124 -0.02021396557394195
32.28620875314862 23.824162020143593 1.2578458747964416
32.07856921982282 24.563798216067934 4.209332049071641
32.27497603122722 22.63961729253354 -0.5587477779772365
32.59977954598411 23.501349482873593 0.00545104240603389
37.728016241808476 13.34306929096006 5.967086861880876
33.86797247752602 24.48208327942347 4.2152589815789385
37.07280130429494 13.640422309875197 2.191544385211742
36.36630812578042 14.144005938713203 -0.23565125237012707
32.946864118713926 22.123678731821435 5.50644192412582
33.42931724650367 17.029057646614522 3.2986816259690146
39.11186858629284 21.256984749810368 2.141101212665366
33.736080428174525 25.2253126075492 0.5365591978401874
39.92049057338863 22.30061264231584 0.975097572793665
32.88761059382884 24.97614370525667 1.5257366906328929
33.40362533126065 13.34329103572173 -0.5339991776502517
33.16781385305739 20.24072229500508 4.235809299799742
37.755017708058276 19.050679369214954 0.16137417835530465
38.92944355705713 20.376559935401904 6.029126084653291
34.29936215702039 16.164280823563924 0.8739494868716136
33.84106762767583 15.33838839640348 0.35024363142438175
38.40579144739703 24.82662692199847 -0.3517809820632978
33.41193223786552 19.19818412290221 -0.46553928776561726
33.35153709174293 20.9457612737716 1.040922555280509
37.805625797635656 22.680391972844067 -0.11195956038886568
34.769695418214255 20.944259174950663 -0.6405132428551152
34.3726062936453 14.139633401171768 0.1276117651558728
39.514002312249225 14.603519914736054 0.2748298328871601
35.11296055482664 19.4986641892728 1.1554283510659469
39.33487428596891 17.223126978550326 -0.5923911052522857
34.99441399096038 18.713378364264553 3.386664559028155
34.221567317615296 20.112589447726283 0.3045869599637585
38.89592395193864 18.253260835452082 4.813341099527708
38.39217254310997 17.71257346345692 3.6685168680215763
38.021340322966275 16.4358509924245 4.009957363477529
39.56112195109215 18.18766734602892 -0.3959887795832273
36.17980387536157 14.170650576621558 1.8606160288362839
39.67791528696145 20.217521259255232 0.33499161669533817
38.82366851909282 19.183093952041386 0.07859844327940069
40.17560070119042 15.16553657899265 3.755917158320222
36.953414090427216 21.271464651002223 5.06842809149593
37.32415381607954 18.400662145967846 3.172471869152905
39.42191057084073 17.60363614392301 2.726896238736739
38.295785507824135 24.804585658285745 4.449533674329629
40.16555172071494 23.525549408182172 3.409265183085628
35.67067688222459 13.66100657693208 0.45057669083994334
38.450496426298436 15.480854515913181 -0.028166207520117226
37.90632817857239 22.033726141979958 0.7596953796145434
39.232731676608566 21.46117569773918 1.0772411793368386
37.14393204714849 21.286939243789597 0.5379715245754435
37.39205547365295 22.442952272481207 1.6292685847509736
40.83128064679159 18.61569379711574 -0.49667361215012584
39.47069389879948 14.385664377561737 1.6558811294479114
33.49934713772032 24.418704596779477 -0.4604891699206237
38.50726307544152 13.434281841981127 4.7985384968744835
36.707344884706444 22.392540758297102 5.817249712612017
36.48524241574185 23.520860225841776 5.050392525610836
39.26802016410884 13.386504508821792 -0.30932977071918444
40.34767636366111 21.587683297258447 4.542348056304886
36.23697719080702 15.237171210065275 2.0782509308753907
35.4984448657442 18.5084256250252 5.732846036689131
35.47470716240717 13.919013638879585 2.6528391520790153
33.0016813780874 25.142526109510438 4.177114528782278
40.82650687394399 15.119602815315627 0.06837218607162132
39.45414018181193 25.503718113980668 6.14956107495649
47.91577368082461 23.34160737690635 1.2156660625084015
48.31866301260687 23.448410656748386 -0.5169331193017357
44.356883540536096 14.213815151506433 2.2950315431491184
40.96459854160137 19.843960417936476 -0.056250579081329466
42.8313349855918 24.89950575404174 0.9026694707329941
46.09255813547363 14.374305907474815 -0.11063987730201563
41.06298031581115 22.74649927414396 4.133426947573163
42.202792986285246 13.786539493443026 5.843394129114126
44.81021152472352 20.82665537967462 4.396335584413709
46.69158529406802 15.708018326461335 2.8297369035540756
48.33446883569912 22.806117318266903 0.363583458348562
41.6468158080192 13.031324020229956 3.818408976246893
45.908009312329476 24.141990652915975 2.7785127285243574
48.18233987276114 21.544766401049536 4.812061970915629
42.467178203447475 13.620373445240363 -0.0029010115990757424
41.75389936145516 20.5753164241622 0.03606739234621181
45.215451011263525 21.462989651877386 2.4510057940902774
42.10627435267411 22.41063022719355 3.292615923947851
48.877134386052255 20.315364837639343 4.963411985374843
45.07921317555352 21.931826229995856 5.10307807929566
45.22038186029255 15.622658552167254 0.697223615395085
47.079500705084996 17.483568984157955 -0.23931907844243372
48.59871743512833 14.54397002910763 1.8037368832920087
40.99721371073464 24.01812701283352 0.5188564661922968
45.119114003499995 14.604073012715308 0.3226193975518976
47.95758755178798 19.375888773117612 5.381985843113899
46.728502201754715 15.259525729856847 4.169803626111247
42.095305824894126 16.493658280575435 5.779306184902718
44.528039333121 14.633048971020736 -0.5927445345169324
44.11392043085944 19.50895232177826 2.3419259326582575
44.68251445053522 13.600274687297768 1.4550121325962084
44.01272407873801 18.507708522983375 2.7606981305124623
41.4286650192186 23.402961025380748 5.259534279713653
41.64798752896485 17.96982147317187 -0.7834467101894582
48.51178859536268 23.907514423064303 5.219509228310546
41.42191109061062 25.419725501280865 -0.6434496952579916
47.433764251087496 16.205578639656135 4.8755188216746586
47.59006722166389 22.013803431084913 0.28481200781451
44.59096840488909 18.783352626343508 5.046691075313168
47.96235481567512 25.132543488454196 3.0928532560425923
45.054942866298184 20.529940243885747 2.99115016181293
43.09135023993607 19.885776464223923 2.3632278173950305
46.02355487648358 20.045540515354233 3.114631646847897
48.35958404137239 17.897412791113005 3.6695899511415853
47.391267002404206 14.091603325690027 4.32698323361878
45.535396969938866 13.00773242521854 1.7860484999092363
49.052229535949095 18.657626950933498 0.4566494340520011
46.66305963485253 25.392187186129455 2.6757533389374766
48.55870273614987 16.822205165175415 1.3088817367462968
48.79857862847183 24.43821423003386 6.029576627837601
42.13149472412438 23.775353669256482 -0.7580107409907944
42.94087703290397 24.011132985850082 1.5246778027478103
43.76377779569487 25.040628301968148 0.3561030672582677
43.206037685926226 25.110682858136695 3.7142759792494697
47.25160362113805 18.506643618526518 1.857521124404865
44.45505621916837 19.31504576617226 1.3250057678233595
45.432920170161786 15.11291299823866 4.677384953153898
47.94980956383956 17.933371319679814 0.7968108645497363
41.739789245396096 24.53876940143206 -0.08580300692048959
44.656480292021826 19.827960323649926 5.312967156387182
45.42177836718441 22.87853904765837 4.71220222904279
29.808797446673818 22.74920166762883 10.086783212672733
31.326804198034708 19.56438972621562 9.664912087038608
27.85545465941075 22.680775306580756 11.501628262772618
26.436923682397772 22.601605399258542 8.00673310819246
26.48447445561767 22.895274974285826 11.401045649796265
26.268884697023562 23.574661831356863 10.225257664570455
25.82978847337041 21.72872541673662 11.234441091459335
26.803620745450676 16.63184313517383 8.77380423545258
27.259292260324116 16.023753987080983 8.1084539078349
26.89886508011873 18.0052817889332 8.750989561898683
27.698347966942247 18.513084257020136 8.231986896169422
26.072217827506368 18.461235153953105 9.656586697419367
31.66424398531495 18.737833598659893 10.775864227302597
26.01064405269768 23.624213391723632 12.52794994324478
29.479821345203963 15.005031150605076 6.616997048503457
25.35772551179762 17.396560905664042 10.13309386407874
28.206287471853997 15.099292164413608 7.154575698031813
26.102124764172466 19.44792157920479 10.094713931622138
32.39631978013915 19.801706424900207 8.783287877834141
30.292492773577372 18.939458047770742 8.803985303993665
30.121917536697833 14.10477631294086 7.494617111431032
30.57788778426688 23.46634413810786 7.973905852474282
25.84733319232626 16.263373415083127 9.66225714859916
31.523871190889047 15.411684332963373 10.418183662496274
25.74134656680638 15.241789866393963 9.996224045451498
30.845805282789406 20.855088516913575 10.289364125308829
31.63952644549502 23.91176668328786 10.983041112255727
31.433672607078005 15.041475894989517 9.396954046207876
30.186276462002322 16.272265871292607 6.715762894754411
29.343839251315448 23.06922944234179 7.531466042865668
28.40813333693183 23.674322293251837 8.315258171283407
30.49296928021823 14.757659604641141 11.32600477532296
29.52950408520338 15.054266527441772 10.911445791067614
29.140217601317186 21.715257631920398 7.779120350575516
31.190318698257563 16.449356173787038 10.42712159563809
30.67863694553365 15.257699059807548 12.276577266704598
30.546079790028234 13.66937179448875 11.35615301402624
25.04806970550914 17.237998008611505 12.167574339025775
30.781146597819415 18.446067653541903 6.434573169318851
29.09308142479487 23.413224917099814 6.255434298603678
33.016763752572245 23.844489912220258 10.77802869115242
38.48957614932944 12.905796568421758 7.106008768142917
33.55941193285441 23.158479033661877 11.830785281535874
33.63129446428882 16.944159027354594 9.923131333157619
33.85976086635195 15.98293421768709 10.359307866638995
32.960438003406466 15.198920969352942 10.785092766019861
33.7371258075378 13.40424562366795 6.546708106503528
35.82252535556771 15.967881535580952 10.20232112387943
35.51972496853059 19.87464583492451 11.447909233156206
35.00874880145935 15.529543147832092 10.609417154005037
34.95393734393427 14.204525247803213 10.921916269035115
33.39382480587351 23.29559164024084 9.554066537655405
33.70465415862742 21.778300319903035 7.620613412459479
33.59657972231219 25.139486713906294 10.801705732493962
35.78438369468558 23.95152174734266 11.901480096366436
36.145894908865586 21.590670794429528 10.198729168753704
38.23363458920605 24.43330260375187 9.798893193156434
37.830693925527065 23.203068664665977 9.485690469249931
36.78827535238201 22.88664782943544 10.250011559692298
35.69172505297834 18.85885920630519 7.06769334044947
38.14179627140902 22.605988186469787 8.641231925025371
37.65053603991476 16.837835503178724 6.624139418358951
35.182498033406105 21.581878997314398 9.688935911279238
35.688732268488614 17.70175844649476 7.7544780483105615
36.843505452962795 21.001998957883057 9.602990133541006
37.48847047638572 24.856449674332268 10.858803442436056
36.54524146075801 23.935339172400617 11.135168420880557
36.99271865822437 19.320084814766137 7.1893060890796985
38.91799761795374 24.99843245183983 9.316839773254014
38.00450350556422 17.585592241836864 11.149313462662612
38.3665721112422 16.790811074647596 10.028588443927543
37.1499999573223 14.539772623318319 6.266197939315915
35.95012391433868 20.871995152461228 11.538192599639585
40.058351298211754 20.701079487580415 8.032888707682256
34.685855869565415 19.80091196913521 7.403583043667926
37.38477821075721 16.11157167791101 9.400756221794342
36.96333460059677 20.778663271371624 11.929080390732057
35.75213228120433 13.481479000785487 11.002470392358571
33.58496732189636 13.973460460075554 11.05828460217316
33.130094657675784 13.031885138501046 11.328334177428955
39.385167997685116 15.915218968108444 10.441571566622335
40.60526895693521 22.788166168383754 8.331130619436495
38.90136360744976 17.552965083320924 9.060130997269445
39.198068057117894 14.560300940348169 12.42819299519055
35.24452017141408 21.32156964491991 12.236838528956085
40.87545840835384 18.004427594908798 7.086787596057916
34.372297495701304 24.886870128250433 6.79498913809244
35.79292115895974 22.158677691830253 6.883033108756427
40.88507570260553 13.162910710794508 7.72399530539259
40.45669094671202 12.896650755424282 12.493926203948684
38.46504668793097 13.336908603947627 13.318877315857312
37.90243534885743 22.671505559555683 6.379338321086998
39.431101505773285 13.827760105851016 13.200966789824424
39.99220703173714 15.974237772209872 6.636704927421317
44.756339406788534 21.775598551066434 6.388180272060389
42.84550069511907 12.781546260804294 11.707823976986283
41.052999922262785 21.485943021203255 8.446689523020247
41.22481528584127 21.25300683540026 9.878048060013265
48.8104755567687 16.982555861698373 10.117248803573327
41.65243490325838 24.360506640446356 7.3003044253587674
41.12394492180472 18.797461438466005 9.305673144682876
42.12679281201376 14.76965179746952 12.112333093524112
44.134390759504356 24.098449545432292 7.928733963086944
41.76636731188757 13.43999445540741 12.17423236371904
41.194679738065645 16.65775406031783 6.874604271063013
43.87902070447583 13.686828120542618 11.59647200465963
41.33735584460484 15.483089170143474 12.297255752253667
44.78321405219228 13.35480904313576 11.292666602919514
45.30447664212605 12.992868058655434 7.058867471868098
48.194180721783745 17.26451348249445 7.91829105538981
44.38325161728404 19.983078250964084 7.5341303906513
45.18411140491639 16.401912629167626 9.50726187479721
44.089945988530005 15.552250870635183 6.5180501436361125
42.149924695679786 21.19783893856468 7.727546117581756
48.09035318525583 14.576627278894714 8.440021503467923
48.336195034056374 13.275315312466853 8.059046480050355
44.157228148537335 15.71289678551592 11.828428561368703
45.69635848284678 18.55619498687623 9.042558958612844
43.552982299643894 17.975901627447772 9.188498107663893
47.23208558359018 14.99932064276461 8.94112732469188
43.45152420525462 14.925059250163638 12.04681803525736
44.30419791763874 25.42889283377004 7.592016991501596
44.795848802270235 17.53221500541691 8.825192369688438
44.68940943719026 17.355040457232416 7.4220771489817805
41.68443539206957 16.132596881172173 8.089832359393084
44.54440107737079 20.419170499263792 6.559320459230386
44.65777555162796 22.511630857787097 7.072754307413746
43.7446359695749 13.760095551105541 8.51168816490278
39.69197239544286 14.424793330405233 14.07480756925879
25.789950944851633 26.23005424126687 -3.3499999807782963
25.789950912797426 29.070000248627792 -3.349999907195272
27.019044305533736 28.359473613312982 -3.3499999150919346
27.01904400817848 26.940528923246134 -3.349999908686944
25.789949948502265 30.4899351054235 -3.349999921503475
25.78994993735044 33.32006490016229 -3.3499999046097706
27.019040221162463 32.61080368824421 -3.3499999103257174
27.0190402229464 31.199196322409048 -3.349999931294386
28.2409554037635 26.22953651528196 -3.3500002875223647
28.240955619564346 29.070520237938236 -3.3500000322157764
29.470049239126656 28.35999390064099 -3.3500003703099104
29.470049355937757 26.940008571113932 -3.350000468931963
30.69999999167291 26.230085158191226 -3.34999992741033
30.699999997271743 29.06996906448839 -3.3499999040461423
31.929950900489814 28.359993843951177 -3.3500001145516913
31.92995080649395 26.94000857996571 -3.350000423486572
28.240960243007006 30.48941301129099 -3.349999975738862
28.240960236749554 33.32058698610308 -3.349999906878023
29.47004962784442 32.611317062148146 -3.3499999183977547
29.47004963509825 31.198682937549908 -3.3499999264662064
30.699999996655876 30.48996681816684 -3.3499999059192156
30.69999999570268 33.32003317377055 -3.349999920548669
31.929950372897157 32.61131705731851 -3.3499999228200537
31.92995037322968 31.1986829365812 -3.349999916229156
25.78995090390242 34.739999740271244 -3.349999882328505
25.78995090509057 37.57994575127206 -3.350000006813824
27.01904401675926 36.86947104939498 -3.3499999476207254
27.019044287281982 35.45052637541812 -3.349999919698102
28.240955603071463 34.739479742552945 -3.3500001383214952
28.24095550078923 37.58046342644192 -3.3500000097364113
29.470049260079573 36.86999139299397 -3.350000007278534
29.47004919529899 35.450006185293844 -3.3500002843919763
30.70000000692438 34.74003093976544 -3.349999936052488
30.699999996160166 37.57991480357122 -3.3499999537370417
31.92995076504961 36.86999135606122 -3.349999893082376
31.92995088417931 35.45000620378608 -3.34999989389393
24.560000015882352 28.360025045805127 -3.3499999400644143
24.560000056357165 26.93997735318541 -3.350000328279826
24.560000055499867 35.449974959238276 -3.350000067482947
24.56000000421879 31.198651890623605 -3.3499999264526927
28.535226237664432 35.95977297372975 -0.9007917648597252
28.73494690498089 27.775340427447723 -0.9757240449822024
33.15904451867444 26.229536575462486 -3.349999926881675
33.159044368153694 29.070520199904276 -3.3499998900625694
34.38095568171019 28.35947363529329 -3.3499998899699746
34.380955964317735 26.94052894250189 -3.3499998850055634
33.15903977377426 30.489413015771472 -3.3499999062419006
33.159039759546545 33.32058699162771 -3.350000011312958
34.38095981774578 32.61080366802524 -3.3500000176517206
34.380959794062214 31.199196320336533 -3.3499998918354223
35.61004908301186 26.230054257360315 -3.34999989602061
35.61004908828835 29.07000028418619 -3.3499999590997653
36.84000000205759 28.360025056665286 -3.3499999312862707
36.83999999834584 26.939977361260205 -3.3499998966852127
38.06995090282871 26.230054271797382 -3.3499999568749605
38.06995089272135 29.07000027917153 -3.3499999017366133
39.29904430477149 28.35947363639697 -3.3499999127099676
39.29904402191203 26.940528937669207 -3.349999927180164
40.52095546098492 26.229536559786364 -3.349999949090182
40.5209556356676 29.070520211405 -3.349999919503098
35.610050060514546 30.489935123434524 -3.3499998849849533
35.61005006996178 33.3200648814315 -3.349999893623318
36.83999999945065 32.611348124220896 -3.349999869776018
36.83999999545766 31.198651889586458 -3.3499998745311563
38.06994993190964 30.489935126617482 -3.3499998932576003
38.06994993750625 33.32006488461877 -3.349999881098651
39.29904021611421 32.61080368974753 -3.3499998723420985
39.29904021142969 31.199196335579945 -3.3499998994377855
40.52096023921424 30.489413034748043 -3.349999940811741
40.52096023548412 33.32058698620544 -3.3499998631255545
33.159044370417575 34.73947980018597 -3.3499999040725847
33.159044519684855 37.58046343877966 -3.3499998999088754
34.38095597708027 36.8694710515346 -3.3499999170637738
34.38095567435364 35.45052637327371 -3.3500000011894526
35.61004912568693 34.73999970772844 -3.350000032464646
35.61004910579371 37.579945732452124 -3.3499999365756503
36.839999997877875 36.87002263608322 -3.3499998694209077
36.83999999586023 35.449974946791244 -3.349999916281984
38.06995090693518 34.739999719265036 -3.3499999468952923
38.0699509009566 37.57994573423603 -3.349999886936409
39.29904401692315 36.86947104451893 -3.349999882612612
39.299044316186816 35.45052635708118 -3.349999870437148
40.520955638624756 34.739479793366094 -3.3499998605116477
40.520955477766805 37.58046343351886 -3.3499999131097336
49.1199999533264 32.61134797363123 -3.350000546105801
41.75004911376611 28.359993813688742 -3.349999920500295
41.750049225391685 26.94000864926252 -3.349999931849408
41.75004963912319 32.611317066172326 -3.3499998738178025
41.75004964096775 31.198682956984754 -3.349999905274524
42.97999999527651 26.230085189354266 -3.3499999304579564
42.980000010343424 29.069969088408516 -3.349999915653279
44.20995089459437 28.35999381994198 -3.349999939389167
44.2099507702863 26.94000866211818 -3.3499999252935964
45.439044525513225 26.229536573244086 -3.349999931789578
45.439044386209346 29.07052020239048 -3.3500000584471
46.66095569186477 28.359473654377325 -3.349999908213551
46.66095597591449 26.940528970813826 -3.3499999210161913
47.890049032102304 26.230054191830245 -3.350000113796626
47.89004901076685 29.070000327315146 -3.3500000562222763
42.980000014944345 30.48996684998135 -3.3499999034370473
42.98000001165667 33.320033173116464 -3.349999852569349
44.20995037178891 32.61131707030527 -3.3499998795266714
44.209950349328274 31.19868294988368 -3.3499999543880743
45.43903976222795 30.489413012388397 -3.350000215989619
45.43903977157053 33.320586984531424 -3.3499998505925643
46.66095977504048 32.6108036838463 -3.3499998626603347
46.66095980528339 31.19919634955399 -3.350000048984932
47.89005005922385 30.48993512679447 -3.3499999554728643
47.89004995729503 33.32006486681917 -3.3500001392760934
41.75004924695269 36.86999133891036 -3.349999920240365
41.750049124143885 35.45000618009824 -3.349999884875221
42.98000001131789 34.74003092915908 -3.349999847229519
42.980000009428956 37.57991478717879 -3.3499998832519617
44.20995077742087 36.86999133461051 -3.349999879383627
44.209950895080276 35.45000618248233 -3.34999986059507
45.43904436297306 34.73947979289511 -3.349999869379668
45.439044523101266 37.58046341859003 -3.349999875628158
46.66095596631355 36.86947103772427 -3.349999874038022
46.66095567722029 35.450526363016294 -3.3499998883474893
47.89004905944892 34.7399997454248 -3.350000002450373
47.89004907336887 37.57994572329638 -3.349999893563431
49.11999997299878 31.19865186420627 -3.3499998921156227
49.11999993414484 28.360025106513085 -3.350001732833184
49.119999976983856 36.870022630175725 -3.3499998936521003
49.11999997126729 35.44997496238069 -3.349999950689302
48.70985290151458 27.322592535231134 -1.0381666052442196
28.660279803260742 26.074219853316603 -0.722243441062137
25.667943829186324 32.5692469647109 0.9246446965102173
29.92956679871413 38.1899995913628 -0.45915546254864714
26.682431558395812 32.53737267875859 4.015307825620144
29.72934383854927 34.738887218637146 -0.488494119238605
25.778770156783473 34.56735330124211 -0.04652729169024261
26.619212328406757 37.998006172543775 1.5177270774946083
28.034250649266944 34.57103950127802 0.028355527917223178
28.418733302274514 36.6002645296203 1.2959364523165995
28.80717389125842 31.75942202258863 4.275244561930645
29.358275592377044 35.2255366579309 1.870372479610103
29.257895461717784 35.946276670569205 1.0588568213057281
30.528481914187893 36.73380891511619 0.9908051942950835
28.855094537394557 35.27334879018325 -0.11682358235924895
29.050962490068333 30.879945492958655 0.8746634468888659
30.08344473713877 29.931826584142442 0.9634999259474131
29.5576550248716 32.04357812997406 0.3494102346287409
30.787347871951695 28.596059146617193 4.399086539019849
28.199089385518334 30.430258893463755 -0.09387762669684108
28.454527591756808 31.003696566727992 2.1505820984727486
29.976535364948113 29.70653583609432 4.605673197258417
31.314603579671513 32.807086658227675 4.447169551588644
28.919807628974123 27.008185827743976 -0.22379297576980095
32.09172323248827 30.222545797986992 1.7558246408582556
30.162371860481766 27.80003817597254 3.442531844498704
32.51578972291915 32.768861999636286 3.736910892449653
31.959038490961298 28.927343636734896 3.9110235847411023
32.03625906503326 32.59719746562403 2.462154698366674
28.051049028641792 27.071094091723584 1.032754177642966
26.124052293811758 34.54295182117569 3.2502421480216315
30.000810221227084 27.12050372798847 -0.1406179505134708
28.01359414986093 37.34398620666117 4.962688674617172
31.883856202443422 35.798297434316694 2.2793958141585327
29.062564414711208 37.87737557565857 5.701355493337386
31.718479619283446 36.56346542003883 1.535373946641987
30.729446997530975 37.752980419139824 0.12015957319021608
28.120423823295035 28.07460056936837 1.452589725627298
25.8213435239672 27.395711696972405 -0.0005737926008664296
25.947366216225937 28.467942775782838 -0.02953574411429072
26.651550359095154 33.839777288770996 4.272599163501147
26.66461375412929 32.15337537609982 0.9146505737043775
25.836589898571823 34.04380210748112 5.348266324392133
32.64031976242912 37.488805595142175 1.153138609725537
25.722264756569924 37.35909191953451 3.686698603344225
30.19699725491438 37.006416961946094 5.783260335955951
26.688481876657992 26.665555796394873 0.7266254213169077
30.96229616179773 27.89796798777277 5.520051909560716
27.816209426516828 34.328918080459026 4.618375189978131
27.84083041872575 26.793287535209203 5.305886589493916
25.5600233295733 37.148796075521446 -0.21707619957901936
31.910433101869437 26.314253312573342 2.7436742447844322
25.222972234366747 33.784081640227924 0.44741012791385093
32.586665421910084 34.620568133882806 5.463136187775751
28.487811146711458 26.37811805242502 1.751866867935774
26.23693095056237 38.275967374398306 0.2791232956414269
25.107168714223864 37.23798728330883 5.984397565375259
32.014803245584545 38.21911861776108 0.04194330636103305
24.74012578522719 29.560709409932 2.0898031848658682
24.797126983595742 26.607765889466865 -0.3789507871011144
24.57578294924275 28.18365737299324 3.922751297412974
33.00883776080062 25.962126091050983 4.895657955836445
33.62795354525035 37.4497662679679 1.3608774890009445
33.20115928155276 33.95269250516801 3.966940828803791
32.87273597311891 25.804523247800958 2.791092021824646
33.65237726998735 26.54874071527498 2.6286118388022683
33.83564398451945 32.90121784560793 -0.6308424813666091
33.18358890713912 31.616425412589948 4.012082830653934
38.18350161575427 25.91265859978987 0.514358763694821
39.87241825417331 34.2508866455627 0.05309636187560973
35.07826119643612 35.17212156469009 -0.6502275841352034
38.58038461179661 35.06685128669413 6.028867775710147
39.51012448348224 36.633383390207506 4.924972689549697
33.081628964965596 34.06923456310631 0.4226874902453581
33.66410847631182 30.58901934434098 0.21007593756799947
34.00394194831196 33.512920065416566 0.25549616140284837
38.808149630964415 27.051872631127665 0.07858721985231298
34.16488486601918 32.804135057606885 1.067789944444022
35.05512918201169 35.17075394243795 1.1110379334476206
34.12855454103623 28.392138345936164 0.3786241109027011
34.87285535032528 37.837179310580325 -0.16168781985941183
37.002143738342546 35.91227711951618 3.366259969180935
36.887723976418336 26.22449935331975 0.6700695958525626
34.5061575566664 29.639546528347573 2.081927655166922
37.747046244944414 35.869994415564 -0.25250550629800306
36.57808456189225 26.159102404640844 5.149280756848002
36.434917342708445 32.049818917479534 1.0596343381206874
35.92164046817966 29.819730652234885 0.4445161131552955
36.6468794544239 27.331461984002367 4.539076992678773
37.675086445253896 27.180203097025046 3.6550914631384623
34.58486909751683 29.630235544195937 0.6930843901176886
35.18225417409118 30.2570011676754 4.2917402958907385
35.20009450267067 34.543222241694785 0.23166939817861
39.00599269420868 29.621098030845516 3.8066059924622007
38.83356730527054 34.033186712421376 0.25258431898461
39.32018823466561 31.820032154607404 3.176424084905496
37.72425897720715 34.8389783691889 0.0682539868878429
36.57002811216142 34.02679207886116 0.1489332225558171
37.024902153671306 32.864151095876785 0.6657041082636328
38.35900777108919 32.72939883961916 0.5229135000184504
38.545498705894126 30.85868276797579 3.884637448182934
38.534497080826824 31.328233897924637 5.220036341410161
37.23689758643252 30.93794070650663 3.405501870748745
37.77015072138049 28.363571996927316 1.4551519869709995
37.003361281514806 28.32422929353501 5.398551770064079
35.56733909017445 27.702188123568522 3.7408709809807306
37.193926803064706 35.34570378160347 5.5752392814902905
36.91221089231908 35.09400473433994 4.080712478002218
38.926642936261736 31.8940005799212 0.5231719245297073
35.936469506858245 34.64735318800798 3.889581253790415
37.67573226731053 34.392248188701686 3.7450446949656646
36.47108946176008 34.81302595597893 6.1931879144440725
39.557029481905104 35.962820619947664 2.189576572461286
40.366292498783366 30.59011197459902 0.022785299211155463
39.62078140803834 35.859335797293944 5.66995951421164
37.016848961288495 36.41383436614156 5.701098302293456
34.24245004595879 26.169763275867474 0.40238488854007715
38.73905455504387 25.690906917463444 1.8098436790964911
45.346654627229185 31.573814302172778 -0.783293054448363
46.698966617781785 25.72849172513566 1.2815011003196641
44.8766506630485 33.21225101439029 6.239110032467464
40.94902271557273 35.898613021040326 2.160150628157045
46.493536454287735 33.80653577593574 0.17001359621040324
45.77258350887575 30.675125553096358 -0.36217178925508464
45.772456803919276 35.098518833827946 5.537224295800534
48.99597771335436 36.66727632044362 2.8688562640551183
46.950462227548854 36.72412588601153 4.377473056104995
48.93529660925893 25.78207142241409 6.229094025586445
41.33023508595173 34.6019733169124 2.4322650017009195
47.9553358391709 36.32427999073013 -0.3411070744903244
46.04339524807397 26.398413016941266 3.361919354103419
45.815736776555084 28.428616159534528 5.340483918851638
48.51873007504981 26.584859085050375 5.638836207991753
47.15772050836785 38.16142778131617 0.381765479211027
46.59922060993518 34.682044679032 3.504217215699218
41.94764331861246 27.34980663000988 4.788781285827807
48.35432821001048 28.524340246151883 0.8430389967109841
42.63476978167358 25.931178304703103 3.30581520550807
45.654487939264335 27.82910872985393 0.969691487755
49.02483687969057 29.231418119458475 1.3314640219799656
42.82922183277572 35.83101388812058 0.515714592087726
42.08379969238974 27.042275365071255 3.7624840759738865
46.04634769284384 35.65269388392834 4.288051902939153
45.93199456321321 35.79347398449102 0.1737752438994744
44.73478600097535 37.44913285810774 0.03012078212306868
44.099717423816244 29.470327141807005 -0.05975180634834043
43.75496589970569 33.389904993603125 0.5761062540395834
44.37203551160756 34.2702079848903 0.47270539559176705
47.18969994418101 29.196400622926852 0.3418080460100903
41.512242799925076 30.947646592109425 0.6153009340245397
41.645577177835484 32.3258978654184 0.5079488656732711
47.04036576126485 28.949142968075478 5.827763625194255
44.77311905794453 36.38889805479458 0.23219190467036244
41.43303058612763 30.5653011970571 1.9751079288129658
41.90183491565299 32.02946259763935 5.247541611402502
41.48632261768614 27.387346360552552 0.656613463441974
41.42108414635183 32.49464038270648 3.1083908951886228
44.88442978435788 36.28959355936657 3.874185299493761
42.652944832138694 30.295803045752972 0.15492335804412116
41.11180550903743 28.652917737349842 2.547236144282272
43.30903091875084 37.91733768727093 3.9220986603824484
47.926234875299855 32.7822497071228 3.6566391983566238
45.105443570364265 29.518877735166082 -0.13885779817649602
45.01466685924463 31.809389954123915 4.3699302394398964
44.84019896333768 31.506507976442432 3.0639970715731515
45.659860102796905 34.4820882619011 0.2925394285837679
47.88515718323881 29.19955941733496 5.203248569162056
47.85036373354972 31.243945136470494 -0.0546735944309118
44.684600328469486 30.084385624114045 2.903309070801634
45.98284636690805 28.66933813309716 0.37589413776830005
45.54141519232141 28.231001522273484 4.388750698061914
41.60411505676512 36.64689993444877 3.0857887501355776
42.31693914590552 25.850476338172747 1.9419448865133426
41.95820470038346 29.922228023082724 6.131826231607233
47.642223693920904 36.38916085761977 1.3910431621127606
47.294013056797645 32.5063137469274 6.002246000808636
41.75921000862474 26.98595073782877 1.6214004999763654
41.60223187716569 27.777960540822942 2.6656923879402674
47.08057981571395 30.486546275045463 -0.04126894949709192
45.982114518456136 31.903119555617803 2.3104230050460908
41.390166659118464 36.26555661460184 0.8626073133256729
43.728097870040095 32.163686724629684 2.6455458866394164
47.20888885321699 36.58306128233064 0.40985839778697186
48.020258520752904 27.808606724745538 1.594186764769675
43.78862933943513 35.5217085257062 0.45272706303450816
28.905555264029378 32.42512675294949 7.631293360204539
30.213294211347705 32.072469298806624 7.983070265577796
25.592933611943153 28.43870413934307 8.919373073938587
24.83044904073402 28.912993109206013 8.301499905847061
28.90393224406936 33.766506212478056 7.151371061079805
25.936465283081024 29.173611321536487 9.647382294102746
25.02719282146615 27.35457288208415 9.698051890973451
26.65963597644446 28.12822087605996 7.989259494333195
28.47653052954762 28.897929774048695 8.85457351815475
27.956628785733493 28.325739221912812 8.100451413465436
25.566303022002263 27.04225872191007 10.592434391364229
31.398006827485897 26.7715278783615 9.983080457574578
25.877098644287575 36.582270000363955 8.0209761426885
31.79850909135232 27.72624386916091 10.323984129523865
31.040511093720475 28.326184536117307 10.827581420836827
25.095255466647995 37.5250839533618 7.320336742806962
32.4871586569958 32.9221539834509 7.276891883568785
32.6242351542618 27.595030086980586 11.023311958512952
32.058321519080586 25.75265865954863 7.99353142633581
30.28121591969142 33.71892130503822 9.862425706956152
31.029750634343124 34.142729000164195 10.531890282936287
27.955339128555146 32.064226964852615 8.637588709339148
27.728420784089085 35.561980554108246 6.704699556534173
32.70331668740985 33.97096505384586 7.417145384305261
28.572302979473907 38.04543673915216 7.024030504042638
24.72597182506571 32.30424760227013 7.514610355167296
26.520201445787738 27.30237845635153 6.926101678878628
28.61798780612423 31.65716703372136 6.471392050215945
32.67970110083623 34.62539785094113 8.540104271230938
28.558049280689588 27.923954709408612 7.024288381630564
31.648968560477112 28.71769494407345 8.399665493943669
32.415261269876495 28.411027816719777 9.111600011125802
25.52843157556798 26.936697170279583 6.704584813805356
30.927752828164028 33.5011790106101 11.407167415385517
27.693550627303146 27.12902290347776 6.321755884986944
30.83588448731478 35.19542603296322 10.73766898528771
29.476056198822157 28.191964871310958 6.699428640569748
32.64679924025965 32.98033442287784 9.848888019059652
32.46213859633811 34.053471331080246 9.897648898048303
24.83259102250368 26.467127419878075 9.095830427224538
32.94232259015321 36.08510817215262 6.950692577705201
33.04228835410568 36.9372478089453 6.294746783161277
32.846734864560496 34.83440844788086 6.415363159097707
32.932818645265094 35.9066707357926 8.276102586783319
32.95964106205224 36.57029882706174 9.127735321244334
37.69731199892645 25.8271063749016 11.283786722162084
40.08842428019246 25.723020815254497 8.314540688333
32.95690131853733 29.30404984592966 9.42342963335914
33.157705467239644 34.47873143703507 10.621140826708732
33.000580060606374 26.25965093931368 7.846876494222893
37.93322008908425 26.37084742831097 7.589650845556228
35.053938271829914 28.622149582164205 8.53136986126921
34.56016718191367 27.735254895916945 8.162577336744764
33.3169765705229 27.573074090957455 8.294000721980588
35.56487859007239 31.265766635802557 7.584384098981513
36.93813258734911 31.02228063230364 7.7145527541225745
34.79902258736316 30.913277760281563 8.692661494180136
34.13992246546543 25.825688368560098 7.275636781300562
39.296777986112325 26.265581458277065 7.290105449948797
39.84095145976109 27.551130884560177 7.102138487812813
35.315512009523104 32.66146224627516 7.404269977881417
36.05113913132527 26.74019832442931 7.225902405514296
35.066146821583665 26.8168531944064 7.435697974213664
38.43026565320148 33.371067727376285 7.36478101434604
39.32887856720636 29.858716751028247 6.711780256552425
39.07861883226846 34.147213709801 6.985788179258858
40.28883970732186 34.61413872782373 7.325898873603825
34.98535089321666 30.501057368333704 6.531613046923404
40.678550547889124 35.55327075663217 6.393869702673156
47.4182943017662 38.04069928854274 7.269928314711791
45.51546288588051 29.731497782713923 9.836634443847785
41.04735188710426 34.202561825258044 7.975255267486653
41.158901582639274 31.659706150718435 7.322327553165286
48.72888286562883 32.02981038994917 7.96862139205798
43.075734602930574 36.98735531272875 6.9564203234213124
41.54183626095423 36.06513966443133 6.28060894673596
43.74311259721407 26.170114977551098 8.587413967161014
42.04972039895129 31.31158729205419 6.403780189720868
44.015708373861855 28.030789192406516 6.348399286081133
47.56217377269431 29.401709334810267 7.912072748597621
47.70753666649835 36.71526735146759 7.241356830939388
48.69920057927003 36.46167286956982 8.082288107456513
47.50783469916013 33.90821993640443 7.623744441750389
43.97976467272742 34.981123497547635 7.439712541547246
44.67093334253278 29.180018279204834 8.746975609583581
43.218573950995214 31.769738190700938 6.988892469400604
46.859323980265465 29.08439389273725 7.15595564162393
44.784527746444276 36.96548790602525 8.423942931904882
48.20643415696216 32.90155660835268 7.034927799466736
47.231438512193314 35.96736384498229 6.75754809557232
45.556237706900205 28.85601344818898 7.482958057585524
44.2351957892984 28.287703525349563 9.196427681595164
43.69335460475804 36.26852654978089 7.960480665324887
44.989931521521314 28.496920281524673 6.345072695129922
43.86261901410369 29.886259218868627 8.557366319202275
44.95873729683058 29.773591144496283 10.772788687230392
45.8091448801979 30.76224565565489 9.63811565569404
42.73457449371612 36.05955087815569 8.9972154379813
46.44915785195717 29.182144055430758 9.95715080226301
49.09105170477603 37.56752786220037 8.683071526918113
45.5887868105523 25.607015224236466 7.188128474896287
43.49618855695983 25.553429689219566 6.4673118577758
49.01520439943281 35.48826904405353 8.427290394545782
25.789945919551883 38.99945564980329 -3.3499999755082808
25.789950770774688 41.83000865143041 -3.34999992946695
27.019044511308344 41.1195365473911 -3.3499998960121733
27.01900530015951 39.70108182683007 -3.3500000534030603
28.24099472572196 38.99891822632766 -3.3500001016131975
28.240955961692958 41.830528932743675 -3.3499999073621547
29.470049084728224 41.120054242766535 -3.349999908651461
29.470054056500906 39.70054433125349 -3.349999890168621
30.699999998282646 38.99948982384461 -3.349999912587175
30.699999996268897 41.829977345812544 -3.3499999250591648
31.929950907172806 41.1200542399082 -3.3499999212972598
31.929945932982843 39.700544339506884 -3.349999928241286
25.789950887764423 43.249993802275334 -3.3499998999811997
25.78995036560634 46.08868294178514 -3.349999992723708
27.0190397491024 45.379413042939674 -3.349999937947379
27.019044324804213 43.96052020658802 -3.350000052088199
25.789950421518075 47.50131697721861 -3.3500002053330045
25.789950791493915 50.33974807121502 -3.3499999323174965
27.019043462326767 49.62946797162727 -3.3499998988889548
27.01903976040942 48.21058576552693 -3.349999905516449
28.240955684195736 43.2494736127221 -3.3500000031289234
28.240959756346548 46.089196326962636 -3.349999896137552
29.47005004192117 45.379935121823316 -3.3499999277971106
29.470049092099668 43.960000273508854 -3.349999941410493
30.699999997208923 43.25002505003003 -3.3499999324702046
30.6999999964215 46.08865187628924 -3.3499999353889045
31.92994994843168 45.37993511741102 -3.3499999326683607
31.929950906607374 43.96000027477884 -3.3499999314699878
28.240959762913533 47.50080362721281 -3.349999898027253
28.240956484091438 50.34026691006854 -3.349999917869062
29.470049274042452 49.629988296058144 -3.3499999229924473
29.470050039404594 48.21006372645443 -3.3499999133170997
30.699999991582875 47.50134807657243 -3.3499999345161235
30.699999977307993 50.33971686424776 -3.350000084602872
31.92995071844772 49.62998829489202 -3.349999976448026
31.92994994067254 48.210063726616774 -3.3499999397004334
24.5600000145192 45.379966848377386 -3.349999899312086
24.560000025861797 39.700510177683505 -3.3500001069709384
24.56000000906315 43.959969075185825 -3.3499999077330624
24.560000003305614 49.63001963353024 -3.350000170993538
33.15900533832415 38.9989182062807 -3.349999967387568
33.159044025715055 41.830528934102574 -3.349999926634636
34.380955484941815 41.119536543092984 -3.3499999142652817
34.380994679128506 39.70108177204243 -3.3499998967279057
35.610054059363435 38.99945565013554 -3.3499999324482355
35.61004923562594 41.830008641882046 -3.349999933586382
36.84000000053123 41.12008517413624 -3.3499999039725346
36.83999999790382 39.700510164966424 -3.3499999109216194
38.06994593080763 38.99945564029004 -3.3499999272713623
38.069950759031556 41.830008648245936 -3.349999911639597
39.29904450922473 41.119536549195224 -3.3499999266732514
39.29900531789963 39.701081774807356 -3.3499999389869095
40.52099467156583 38.998918201586086 -3.3499999096971256
40.52095596981414 41.830528938869435 -3.3499999376314693
33.159044318688636 43.24947363596917 -3.3499999302937358
33.15904022945473 46.08919631086746 -3.349999941960362
34.38096025354873 45.3794130263252 -3.3499999203694433
34.38095565092089 43.96052021202703 -3.3499999292447677
33.15904021958537 47.50080362360653 -3.34999994505338
33.15904350706155 50.340266923094994 -3.3499999441719366
34.38095653266742 49.62946799254673 -3.349999945611101
34.38096024529707 48.21058576084909 -3.3499999342732556
35.61004912182259 43.24999381823373 -3.349999923369923
35.610049640984606 46.08868293829787 -3.3499999401799787
36.83999997773167 45.37996683492058 -3.3500000757119386
36.83999998590922 43.95996907725611 -3.3499999777250835
38.069950882123386 43.249993807402106 -3.34999994968767
38.06995030490311 46.08868294985046 -3.350000397576065
39.29903978686041 45.37941297723412 -3.3500001882720785
39.2990443493919 43.96052021584302 -3.349999927260585
40.52095567802946 43.249473645640755 -3.3499999350386824
40.520959799243705 46.08919632415902 -3.3499999852583686
35.610049655557 47.50131699607073 -3.3499999152376403
35.61004922614434 50.3397480839185 -3.3499999418050685
36.840000015962524 49.6300195772505 -3.3499999172153117
36.84000001701208 48.210032000642265 -3.3499999080776224
38.06995034902409 47.50131703796212 -3.3500000197257993
38.069950789389594 50.339748073727954 -3.349999911955922
39.29904342663217 49.62946800720622 -3.3500000115736994
39.29903969153574 48.210585732701105 -3.350000102400348
40.52095978512454 47.50080355708163 -3.3500000876126945
40.520956483625724 50.34026693236699 -3.349999978227051
40.40207180468921 48.72801282706103 -0.938013639782278
41.75004909127983 41.12005424678342 -3.3499999315003937
41.75005405079239 39.70054433552682 -3.3499999323090037
42.97999998341831 38.9994897898534 -3.3500000538796613
42.979999997675435 41.82997735316722 -3.3499999376065936
44.20995090738777 41.12005425063522 -3.349999951515936
44.20994597271284 39.7005443333679 -3.350000059110967
45.43900532616464 38.998918184078484 -3.3499999143252435
45.439044022143115 41.83052893923379 -3.3499999498750297
46.66095547916651 41.119536542247374 -3.3499999436579655
46.66099467225754 39.70108176581343 -3.349999931298746
47.89005405218652 38.99945563185162 -3.349999912105044
47.89004923155815 41.83000864670702 -3.349999945194726
45.439040225716596 46.089196322285865 -3.349999926078293
42.97999998465713 47.50134807681675 -3.349999990307164
41.75005005477064 45.37993513447826 -3.3499999126671054
41.75004909515553 43.96000028891005 -3.3499999336397
41.75004930164779 49.62998830255133 -3.3499999715353477
41.750050091639146 48.21006369933503 -3.3499999935702354
46.66096022834925 45.37941303534417 -3.3499998986242687
46.66095563774126 43.9605202245977 -3.3499999231228648
45.43904350480971 50.34026692318027 -3.349999930915363
42.97999999986445 50.33971687309385 -3.3499999254511357
46.660956520758766 49.62946798811063 -3.3499999383706047
44.20995071304534 49.629988292657416 -3.3499999217575347
46.66096022092877 48.21058575796424 -3.349999921581065
44.20994994387872 48.2100637224444 -3.34999994053758
47.89004962282794 47.501317005504134 -3.3499999535510785
47.89004920857914 50.33974808983327 -3.349999953051923
47.89004910871499 43.24999381654888 -3.3499999396426796
45.439040215048216 47.50080362039595 -3.349999925874437
47.89004961956688 46.08868293267639 -3.349999949670627
42.97999999993068 43.25002506363268 -3.3499999365195956
45.43904431256143 43.249473648497386 -3.3499999393228066
44.209949941768855 45.3799351257413 -3.349999944497849
42.97999999446849 46.08865187711345 -3.3499999430645544
44.20995090149318 43.960000294088 -3.349999924250706
49.1199999943173 41.12008517897147 -3.3499999520011245
49.119999988434245 45.379966841030395 -3.3499999325558916
49.119999991793485 43.95996908004992 -3.3499999447910724
49.11999998642594 39.70051015491053 -3.349999938177073
49.119999995049604 48.210032008298576 -3.3499999466761676
31.985948040395673 47.80545263514186 5.958456268779562
32.54857767986706 38.91171567639778 -0.59192905274147
25.757574362916184 44.89760461372333 0.5260514717471243
26.7196946846928 40.7201372105736 4.054853361880861
31.888889916742798 45.05727237855622 0.5348480292612701
28.584833702337495 48.20688783471048 1.3861751858282034
31.054978137121804 48.202510467101966 5.007943559102017
29.658651968524026 44.8854531921577 0.9014077049989888
28.310195404485384 47.037989401333256 0.640660956497936
29.29991673930407 44.59971314620837 4.3127868261581
30.193809438166856 42.24032137974125 1.8824219840309009
29.980057427426893 44.8744545472904 5.458649910821455
28.867126313757968 43.261443699912924 4.444395887438067
28.214524198746844 49.311923511181725 0.6412531238160502
29.926031233989175 48.38162482624288 1.4508403427740202
28.18573733711108 45.40379346343271 4.384096153040585
30.107618047747742 44.77039213012889 3.195787044120478
27.982638496759144 48.17647560586323 2.6311477484780643
27.367995684006665 47.3286370946072 4.881647765681198
30.726596951000744 41.236477140639415 1.177658022709388
31.295665572230803 40.44492968256464 2.1483830008531646
29.705946898061296 40.54722104741501 0.5822791395156413
26.72726818641633 43.92366222253658 0.633688640437452
31.650507373347274 41.576774240328426 0.1953358916863801
27.51261223319226 40.552379229348624 2.9101283227298103
27.575372002809278 40.89307724761951 0.334909986440618
27.431441743979725 41.20180484014349 5.169816788574078
30.06358837422452 41.107435063627385 4.223485190406996
32.15645066416887 48.861972638351766 0.7456120317110726
31.40011408022266 47.57233250962705 3.77749090979673
30.98466048475128 49.560244238011734 4.932229413134427
29.743992543515002 47.724265355933674 5.374818509837147
32.23173902620313 41.669864747156254 4.695156419557981
32.288463884454906 45.2811744551273 4.0929794611092865
27.674552906316347 44.09567928593451 -0.3230067755763655
26.483030286971758 43.86790827483912 4.5326953985111125
25.799820908123007 49.52636080836816 4.149375086434333
27.32823982256979 43.93575183331667 1.8267731045726154
26.150532625559904 39.48953208259491 4.390401051731738
27.634219385014642 50.05617103125359 5.293561259969611
31.122164021761513 50.71814864760063 -0.30897554909393166
25.810669795449524 41.659664218922046 3.874905455085502
26.242413472145994 42.65763939639851 0.5223277668622539
25.393544143686366 39.36503192720774 0.22390595282057668
25.396681135149887 46.167039230801244 4.856387736993647
24.667379906833464 48.135355023831735 -0.3258803563562751
25.598206466894613 47.662565379874046 -0.6391404206746032
25.750837321219812 48.57334246313118 1.3506207884175658
24.772000239739025 48.11551008068945 1.2079061148247283
29.52054465845966 39.11626466186622 5.227652567816683
24.861130407641742 47.05635710539476 1.4494651937984537
26.704820947069393 50.544361045952584 4.304486809531149
27.315254520313715 38.589763069220766 -0.5145044734275273
31.65892099548544 50.92296019035567 1.8719839404359173
27.432342285564594 50.88172834158054 3.182159239845339
24.621272788063607 49.17230186397522 -0.658619570299317
37.51468252421793 46.48058946275225 6.075818894510993
37.67552351567923 44.27039959162696 -0.6399451521148303
35.870281875843716 39.37809974042128 5.845139009841075
33.40351613282473 44.989112673703076 5.895730454834213
38.275599631775194 49.59365167771721 0.2618391709148826
35.556051362461304 38.679830019925596 0.6877497474379834
33.272546354444565 42.888744541142266 3.261351916085368
34.498540388309415 49.26895237524668 1.5188983894363361
34.042170263623845 44.49019478905614 0.1510544469330144
33.61609530136586 45.38970220217202 2.048586887169772
33.25196495341432 45.383246508555786 0.6603320080370023
33.54265841777166 46.630228756991265 0.10478066709240341
33.4891731486912 41.86913398882082 4.16876795874672
33.97118918451352 40.75325450390896 3.4857464369437485
38.26596693332436 45.74000626242185 4.9723656804855265
34.076594084009294 42.10780697488873 0.8160871770889155
34.41352462671421 42.26191303357148 5.144349761823842
39.74813280867863 46.18642223724471 -0.5775007809115451
33.70845727563943 49.61960074089777 3.444304586315666
38.96669471134502 39.10591973266496 2.959206830552219
36.2785888589915 42.36903350726123 0.005055916782172876
39.505366926198604 39.813650853759405 4.004139820593401
36.41092420202434 39.95936885408696 3.720322341551343
35.73255080579903 45.425924053324195 0.22675488494858342
36.18689180280583 47.77124838912799 0.9296727456318787
40.70384464620695 45.4011837970474 3.1787782695110947
39.81538694905247 45.34649964645573 3.6560125557011283
39.22067184123261 39.4376931889538 0.6808800372679558
34.861180673694065 49.79454733892097 2.759490080613719
36.56969643610176 45.93591465498048 -0.016548998844533314
36.32777429462126 41.33375294555331 2.0484438835988508
38.14747160802184 41.40461993306852 0.7129141865583177
37.71581819463185 45.30868626288366 -0.3454334765102418
37.062093472507165 42.054584927295274 1.0993623011208664
37.55968833310516 43.246224233141234 1.660934779177673
38.701939653187345 46.21912485802334 -0.31139850742398667
38.13873785918881 47.3939266796422 0.17613111632620138
38.82804625188602 48.699737818726646 0.5513573014880724
36.871394500221015 47.18821954493805 0.33139737086330334
38.553857740879444 40.67600145045713 4.529769543699237
40.32965334193744 48.81767644699576 0.1458756544273898
40.33689068719115 40.769696871767394 3.313905252226015
35.09889175339914 39.94527713217148 0.4329617989130896
40.597087491837335 49.897326697348156 3.544707397441841
38.949451992790394 48.71924074823199 1.634399444908785
35.947319652415295 49.263137756955395 3.2940577879022372
39.30136226004971 43.272058884534815 3.2345870596745008
39.09772377926271 44.18458015403383 3.7751759069840363
39.209476622283816 46.28757928384635 4.250965375866488
38.226573573561886 44.41537855142512 4.728689244159286
37.564101381878615 43.72088020783164 5.223868651893696
40.13113521989686 39.08604297407239 5.004557365033605
39.93594322379551 49.18082406752357 5.652556123179396
39.5322544788306 47.30728481120685 4.400682084210934
36.94244259996439 38.57285973990351 0.5131330978726656
40.78517279537904 49.799993800558894 0.27099417613933086
37.68077377204134 47.515537005857844 5.776825114036051
36.472643811726854 46.23702642005699 5.868617623051846
35.204866623897736 38.35787914042103 1.9624918781040301
46.3168175711762 45.76612788062947 0.8303732449785772
41.01712178598657 48.04289141964913 0.4852799853497025
45.51346844725068 49.41814849783509 1.6422252144100735
45.60388710002981 45.48129680768434 0.05661527031299407
46.006926363764556 44.483115800798615 3.1127996252290657
41.02366420046937 49.496977292267836 4.839679524758957
48.597318483524354 44.44530101148469 -0.1583616209026939
46.097404791051005 39.633156117295236 4.021776732983887
42.72870067354339 39.54760433241238 0.8401398424221906
46.19707945183518 43.13324794163552 6.105233803200623
47.02330497022088 46.51668430883522 5.002374324902826
45.79848331155532 40.90778752739288 5.829865128432693
42.47569446291867 44.349803086731086 5.646257962413378
42.34374391220129 41.80269339412418 3.6345560966877533
47.16646634253174 46.95684025912319 0.39572740479373647
43.49720066346564 39.50463419614542 -0.3310328183925648
47.850495050681445 46.66061928191221 -0.3995447870349933
41.64073595822773 50.50409911332352 5.496355608011127
41.899499726954126 48.460604179790785 4.681086366615871
43.60105376649634 48.2725821045627 1.5547320939980025
43.6928981592054 43.82982134539644 5.186032531168153
45.45118302290691 41.78850685493096 3.8573479073508556
45.74979113030457 46.101745002084904 1.6986716747510722
46.51320163868598 47.72021372086157 -0.02689084446447998
41.85413760464662 46.16662916847891 1.9547707799757785
45.86246001232196 46.50267849695734 4.255852563493637
41.40541495527 39.27253665167936 0.6389458029738515
46.958212589194744 44.620592989957075 1.2648115717778852
42.36952691815972 45.60963351482119 5.098944199992184
41.38499412563013 43.47307225170391 5.2514695705057415
46.80309169774397 49.82287556743657 5.112618114302107
44.2282598959985 49.43511545549218 2.0857815194081084
45.394418287405095 40.621223562453174 4.555900773782801
47.699099673960475 42.55756281529109 3.4652801260706756
43.17117624763058 38.57516293963863 1.7298963022845593
48.64008740354496 43.36093987774495 1.7748035471703538
48.05201449738469 42.112733569112656 5.207470871238847
43.53802898548191 44.81881840221288 2.2133389776406185
47.658350939919664 43.17722333007939 2.6687499087840716
43.34160145715574 46.97666297592557 3.4841341662125913
42.74812926324986 40.81436909155147 1.5037222121632166
47.721758862044744 47.485205129303765 1.170698876380979
42.31948264645062 44.917833776905056 1.5249828924015751
46.94631845006796 45.35394941016909 5.758797638692438
48.1483318601814 46.69290666751007 4.131241026217005
46.972481651419805 47.585764701693165 5.8308456707849174
42.50745606082076 44.92281028339587 0.17848613314858763
41.52928087048102 43.876472479372765 1.920938648116366
46.74445782919174 44.05079868527932 2.452838073979562
43.504004008795896 50.56679626480096 1.6284611556552975
44.04067788090946 40.27432615144347 4.653581759300654
44.31647967099122 49.38675128603105 3.474182619759001
48.120338551625274 44.17229440241025 0.7713466860125617
46.92441131676318 38.60307689956938 1.3505858329632614
48.18629345039857 38.509016443083766 0.2852262378396253
46.59059236913436 38.48375129530349 -0.4914889087817975
29.76428273214214 45.02089439729557 8.065983921435588
29.09355254279675 46.82891698298077 9.232695892180278
27.99365915213652 47.472980176023626 8.711924385961927
26.950518055628216 47.510268013039195 9.59810236942092
28.21337422059779 48.77417664597557 8.280453475049203
26.692639064298834 43.36916161127905 8.081408558650512
30.48928740821962 41.471466105223726 8.046285231344628
30.75976144386708 42.78995840415038 8.309737523112904
27.69834340879176 40.1466552055426 7.2104988502319625
29.802669745938196 41.28174116658315 6.840608853119852
27.854583493829676 43.512702932787214 8.804564090186767
25.69970213550019 44.12539898767022 8.664475460900622
26.268327031698732 41.978563224400986 7.941589735807529
26.399884837617602 49.72257049215259 11.41920907515763
32.39644561647406 50.528228748184965 8.908407148510124
30.99977240062728 50.74235168305537 8.747117860846648
32.206042167527436 45.48975089436508 7.723821092801089
26.733853008060173 50.57236610019342 10.842396553051337
31.69672176699954 40.7666640400781 7.969728785488279
29.62019262163563 40.96030551521968 8.965450140796351
27.61372555986497 46.69900863462019 7.628048365784265
29.620429024821835 50.18765629818171 7.060555492490997
25.740791585980823 38.739427115593315 7.463346066484666
25.156614985631723 46.242016150251715 8.758245896478416
25.436672157845997 50.641847285418976 9.219595993382402
26.844301473604055 43.89677620840584 6.797966451459566
25.146192771614913 41.42688108140845 10.86736995492274
32.64225090264398 49.323024864433926 9.615018661173464
25.260433359209195 39.97958013259699 10.021033778058456
26.255628926629218 51.04583947275186 9.651105116620936
34.64474971865604 39.41507615399468 7.717293209011195
36.21987526989964 40.9274027419586 7.568529311356419
40.40757688137307 38.745821947860186 9.037966391816827
38.10265203378449 45.08215860029092 7.68172664680613
38.91629330945276 41.14012058956183 9.329023997866933
33.47268336599567 45.013307269439984 7.253043495132099
33.82432866989792 41.66563055976317 7.2471780992448975
33.777927905507966 43.759697894191575 7.720567232450683
34.45729949218485 45.91414118560971 7.6219767952774955
38.08625175749807 49.35135751979345 8.74418281649884
39.0529119265243 46.56240328772021 7.7028406054931775
36.87389868954005 49.672548741834035 8.09945034993444
38.0565665332218 46.15931849008815 7.521406035362913
35.96847763959586 48.685325921510284 8.345150383448006
37.363927097842584 46.560948347614456 8.261030311662296
39.35841163565439 41.89456709506596 8.67829989624107
38.6419137494893 42.561284461524686 8.198488753826744
33.72154804324397 48.0292897552083 7.942376136971269
35.91406147088065 39.611519824097506 7.2402666708894365
40.140608483574354 41.16912783118042 7.5766766911369405
39.48570830301623 40.40064658443243 7.166015848458761
39.954493174842234 42.68986493658701 9.125835528239696
36.33131403065942 50.83902290022238 8.48510883729225
40.49488915435764 41.78253040775593 6.7482308655435865
32.89875897178352 50.379297529026836 7.630303047407998
36.740173708136126 38.68326528530202 7.881845674199117
39.91902010415853 50.74808618695274 7.462184825780303
37.00772006400957 49.80643774746881 6.703230466303256
41.55513708712352 47.14926701195188 11.002482090106215
42.98411879854947 48.72561764014275 11.34631488566527
44.58080196357767 46.25981721625227 8.288677722757763
40.984575272463715 47.19679435098004 11.930005872939237
41.12015906725445 47.73917884937593 10.195699500760634
42.91856708296163 41.61432432231446 7.326649348636471
44.79051864508401 47.61271465177734 8.103570697020352
48.35235589230745 38.55794772701801 8.088749405261082
43.53594591364551 45.262108956360215 9.977446717865794
41.82170792716537 50.719073821591834 8.870848025723795
44.33197663337943 40.28933956116041 8.917304835566295
43.00150637585191 47.642397736506474 11.226180323776653
42.49066404326823 44.465654938238856 7.065371169852983
43.44964110415222 47.214825152003705 12.123095565407379
41.46047396927393 46.10716683144778 10.697250853335886
41.300642394005514 39.320255953636966 8.84083810075723
42.55365496481882 40.78287095086384 7.911392400856942
44.87622742256626 45.434642317470654 7.657638750459874
46.76797299547338 50.49941408567972 7.312288297058033
46.62385181645684 38.49580845886684 6.697096069997047
45.06911631415087 42.900475162107846 8.342388289016466
42.554024123306036 39.17250071247523 9.259225364344335
45.78016508951577 43.36618521735871 10.354779810439625
44.04569308207662 46.09036008176551 9.507810797787247
45.89669915620304 42.464304584878896 9.381090249931965
48.56157452496295 39.608142240272244 8.22917393288507
47.86470104786234 50.90749393907519 9.283926450664584
42.912587966704066 38.420182568384774 9.946138299335281
41.32570642305481 40.47532446995887 8.074394094042761
44.1952997375943 49.225786364387815 9.376357182568743
45.27215339599698 48.05961692351214 7.336494217008828
43.94596871490533 47.34033647385241 10.068191052813315
45.476528784776114 41.26581333896476 9.752767377924235
43.37208506700216 40.10489644636476 8.662964673353345
44.41140991893557 48.18547510004632 9.18284009597252
47.167469181146366 42.477553977417145 8.87090917224291
  
  
