  
  
1.2299506770492565 0.7102494511368089 -3.3499999535807854
1.229945947518068 3.5405443821120413 -3.349999916321109
2.4590053380244847 2.8389194228916965 -3.3499999588273788
2.4590436246225633 1.4204752341308835 -3.350000108268115
3.680956798277387 0.7097304996191818 -3.350000058039785
3.680994684008133 3.5410818200089755 -3.3499999093182717
4.910054047825071 2.8394567935245387 -3.349999910291518
4.910049261811262 1.4199571779750615 -3.34999998930959
6.139999977487945 0.7102807804277428 -3.3500005886141473
6.139999987723126 3.5405102046972665 -3.3499999110252174
1.2299509079293356 4.960054259830289 -3.3499999216759058
1.2299508974281923 7.80000026709844 -3.3499999380638865
2.459044316317083 7.089473626284525 -3.3499999760096633
2.459044030642076 5.670528938276097 -3.34999992312445
3.6809554820043773 4.959536552334226 -3.349999913949957
3.6809556597660444 7.800520206316836 -3.3499999512856005
4.910049115987923 7.089993808614826 -3.349999921029535
4.910049234617636 5.670008655142706 -3.3499999236617493
6.1399999995273165 4.9600851995000355 -3.3499999148389694
6.139999961236083 7.799969070853086 -3.3500002910870954
7.369945930419165 2.8394567986876447 -3.349999917904243
7.369950727197984 1.4199571684933057 -3.349999948702307
7.369950920891369 7.089993799168293 -3.350000031407223
7.369950758743664 5.670008660523256 -3.3499999793358857
1.2299499423758111 9.219935118341057 -3.3499999422898794
1.22994994076669 12.05006488584991 -3.349999917315211
2.45904022278632 11.34080369207215 -3.34999994130748
2.459040229857232 9.929196330178222 -3.349999936351109
3.680960256300274 9.219413025984798 -3.349999922561313
3.680960257752588 12.05058697493741 -3.3500000020523437
4.910049654830931 11.341317068952549 -3.3499998967869047
4.910049648993865 9.928682954047618 -3.3499999001930956
6.139999995971236 9.219966867149388 -3.3500000063821425
6.140000011602263 12.050033142685363 -3.34999990315898
7.369950360296428 11.34131706371277 -3.349999865875711
7.36995037126159 9.928682955963133 -3.349999897345286
1.9562039345018062e-08 1.419926156303663 -3.350000134992064
6.1954521662150395 0.3757308923674899 -0.873801831222839
8.599043211440344 0.7097304875424029 -3.349999907978459
8.599005314114066 3.5410818392632373 -3.3499999333185815
9.820994673222751 2.838919415733484 -3.349999937824454
9.820956371202747 1.4204752260945788 -3.3499999273628625
11.050049315704268 0.7102494395565003 -3.349999968923536
11.050054063316113 3.5405443982326226 -3.349999933299934
12.279999993526916 2.839490995600519 -3.3499999741627304
12.279999906341251 1.4199261722071455 -3.350000439301488
13.509950744940447 0.7102493869537818 -3.350000376932761
13.509945939864934 3.5405443954654277 -3.3499999708960173
8.599044524990573 4.959536574165037 -3.349999938142779
8.599044357946077 7.800520208301706 -3.3499998948793683
9.820955671785702 7.089473640740237 -3.349999911376723
9.82095596982977 5.670528959513365 -3.3499999128601656
11.05004908405066 4.96005426535037 -3.3499999569356396
11.050049088753369 7.800000289837953 -3.349999940603393
12.280000028643279 7.090025081705635 -3.3500000106239702
12.280000015708058 5.669977359994781 -3.3500000523892357
13.509950922972235 4.960054279133692 -3.34999997464137
13.509950919771484 7.800000288365654 -3.3499998772272965
14.739005334295252 2.838919416035277 -3.3499999669167235
14.739043649651736 1.4204752329609334 -3.3499999602172634
15.960956780460739 0.7097304963886918 -3.349999932202782
15.960994689120405 3.541081842111665 -3.3499999351201226
14.739044315114217 7.089473652605093 -3.3499998904085073
14.739044031621617 5.670528963847985 -3.3499999034454464
15.960955486497072 4.959536583123132 -3.3499999238818745
15.96095560372727 7.800520230006815 -3.3500002207348114
8.599039755243638 9.219413019510402 -3.3499998828411357
8.599039751379134 12.050586967298624 -3.3499999041544215
9.820959776725836 11.340803683472817 -3.3499998905942627
9.820959772704823 9.929196322944778 -3.3499998904501807
11.050050060153643 9.219935119754096 -3.349999896691819
11.050050057693975 12.050064864478099 -3.349999900405747
12.279999995785715 11.341348125645917 -3.350000042995127
12.28000001532298 9.928651873947627 -3.3499999424946223
13.509949961791323 9.219935126528675 -3.349999871166205
13.509949968535889 12.050064861086916 -3.3499999958886537
14.739040219362817 11.340803665304446 -3.3499998731788683
14.73904020387371 9.929196329783494 -3.349999936766955
15.960960223560493 9.219412998236532 -3.350000255324356
15.960960223287904 12.050586937656789 -3.3499998780407
17.190054068981244 2.8394568097326336 -3.3499999261309132
17.190049284318455 1.4199571626862906 -3.349999922850573
18.420000013184985 0.7102807148150067 -3.349999934096748
18.42000003659222 3.5405102088121043 -3.3499999571414394
19.64994596066671 2.8394568184765547 -3.349999887378905
19.64995073558558 1.4199571765507217 -3.34999990318144
20.879043227306013 0.7097305093676941 -3.3499999490083834
20.879005296336214 3.5410818392585672 -3.3500000307159707
17.190049172653186 7.089993798020844 -3.350000242121572
17.19004923697445 5.67000868465454 -3.350000003950764
18.420000059348492 4.96008522920702 -3.3500000862693713
18.419999999413395 7.799969075287456 -3.349999928555818
19.649950892457657 7.089993798489275 -3.349999966959322
19.64995077894212 5.670008654144279 -3.349999861832247
20.87904451227871 4.959536575503192 -3.3499998805360987
20.879044362616614 7.800520198380337 -3.3499998675763534
22.100994651232035 2.838919408337184 -3.3500002691430097
22.100956365037696 1.4204752199084665 -3.350000104015567
23.330049318604413 0.7102494548696263 -3.350000075690592
23.330054084115748 3.5405443965538574 -3.3500000286550846
22.1009556611112 7.08947362412851 -3.349999878164154
22.10095596192982 5.670528948520021 -3.3499998545668754
23.33004907805883 4.960054266074608 -3.349999893841008
23.330049082278475 7.8000002163288435 -3.3500002062060306
17.1900496291828 11.3413170441779 -3.3499998921324203
17.190049669840523 9.92868293136935 -3.350000020559455
18.419999990227303 9.219966819421959 -3.3499998608817627
18.420000001821265 12.050033136784176 -3.3499999029007297
19.649950366309348 11.341317051236487 -3.3499998765717534
19.649950366358446 9.928682932132487 -3.3499998745520876
20.879039764851086 9.219413008968619 -3.349999880595853
20.879039704122953 12.050586921912496 -3.350000096313286
22.10095979855444 11.340803626573589 -3.350000024076359
22.10095977361603 9.929196323124119 -3.349999878120933
23.330050047244235 9.21993517618426 -3.350000122290304
23.330050091952184 12.050064860500868 -3.3499999895302626
24.559999987032008 5.669977359749956 -3.3499998979470957
24.55999999014602 2.83949099104797 -3.3499999379501535
24.559999999520997 7.090025048257438 -3.3499999056990335
24.559999990894116 11.341348140170474 -3.34999990744669
24.559999995061933 9.92865189698463 -3.3499999018148263
6.5156500736071425 7.700288597730161 -0.7788191822703183
0.9045367616751075 12.18834855640474 1.157326930234397
0.3661615587951839 11.656388617691032 -0.31849535011367336
7.948006641828302 6.030433934359716 -0.5567625549188304
7.777334580009317 1.9932685409570083 0.09965639214612354
5.252723941720404 3.3142405354733446 0.6292188064289306
4.550105570533674 9.752119216989941 6.089522146553583
4.903326074758653 9.776048875262148 0.12279370921288613
2.6019305363436995 5.81866608301375 4.839056026675493
2.861881226540275 3.829736617041728 0.11660625499700594
0.19531317235306836 1.7810368781571722 2.8625809697081306
3.259706597932889 9.765292199454851 5.880013079946497
7.023498037771604 1.820258327259168 1.71681664301079
4.074026020378987 7.253636499672046 1.76874266455758
4.795869653532869 1.3449694143323765 3.205839192461999
3.601529867129419 0.6781661093874061 0.013229048169619562
6.092340194839319 0.5954338216843005 0.18883571015546607
4.8140448043951745 1.224723414664431 0.1100003371266911
2.7051202496825266 1.6126310245454432 -0.14451245305684424
4.7194253961733645 2.511552559299451 3.9358057118367396
3.6862610676900176 3.3765459908217137 3.573536182021746
4.540060923140334 2.558998645848673 0.3323668077249686
3.2772694396696735 2.833220650864791 0.08817104205364301
5.80594643219414 3.3506176725443586 3.6683945810317695
4.751291832141105 2.325763270770122 5.352341628329185
7.265892033095159 1.314515665117798 0.7821672377727029
4.355219943313338 5.648369362564079 3.3213316367003562
7.019480575254562 6.7922652204845795 4.579221602243509
6.202761271265154 7.215590342498325 3.565423573037222
4.454439315902951 5.882711648745525 0.16999223405921748
2.5856114905815897 5.668021788059048 1.4084556962978
3.4486297836088937 6.5815411716381185 0.7378111250421893
2.88662661698282 7.4613627483485905 -0.07826216969679223
6.68976242716967 8.506765524498098 -0.08191183198953733
5.946210798692884 9.538726515250577 0.2726921748831601
5.192084672819559 9.779779229375201 4.934001827926677
3.074631802986054 9.804839004162266 4.54010777973128
1.8454851389221134 9.947880516934761 3.784468719626737
6.193764751398535 9.86920335582171 4.840512012165103
4.29070221196565 9.818979791031413 3.9789612780422434
6.409058892538598 5.602322446780349 5.145798755547468
0.5056280336849341 5.443982695787562 4.500787094234092
1.4095690870281132 5.974254351349148 5.372941159485625
0.8063549396610618 11.003186402761143 4.263976992499434
4.611711356027817 9.800854740962468 2.94793042892761
2.1895040291169323 10.13759937550482 2.767729933949189
1.2350529420543281 9.045020693140135 3.766673440334094
6.974101100201674 3.4949956890270886 5.853613606199616
7.317589071168032 7.756697030778313 5.508091315202499
0.5329686951118123 10.777479059956715 5.294712728067927
1.2673927006845056 11.938849234086808 4.580330036951525
0.24983644982047218 1.633613623352818 3.9310815995414505
0.7037365733239257 3.544973105232458 4.480203655831438
1.733724487081463 1.3868425064268883 0.015205476733213263
0.5833565916349658 2.580092826608982 4.753360584645181
7.563391754229443 5.836132171404409 1.0492047423426765
1.1194567260322419 7.269856322818849 5.765148764563185
6.821409480264116 10.265343747625264 1.1700759627819568
6.901647064526434 11.200450733860917 1.5432205112978525
8.110826922289759 0.636430368496292 0.9021062362673504
7.8934054264069795 8.579359321104073 0.5824213250375376
0.4414224299127205 2.0987008078620306 6.013008083884288
0.10703942861184379 0.7907284835389582 5.990696498743194
7.935540425571081 9.685267772708283 1.3149955979456884
3.593681038854853 12.055754451438796 -0.1763306642368223
0.5189561054357205 5.847035083093118 0.6999878299091611
16.29589476641282 9.935076155552611 -0.7242806093023813
14.984501388705423 12.724528122612428 4.924853495193647
8.263363009707547 10.330212465768245 4.7237841862079275
8.270405287602076 6.3973044030156965 4.099217917530806
8.377123671487968 6.2115374457572265 0.4287119971797304
13.87327222727633 9.025729933924186 -0.0006731514865998545
9.522438783666045 7.843923823229803 -0.30570665363018446
15.973500297365158 8.160104039181668 -0.392352758323532
12.203309188182775 10.621497940178898 -0.4720703875796606
12.360247782766029 8.69163629937029 5.467724915415239
13.14338731314759 10.112651778601426 4.724154742938528
13.859547708499603 10.818682136266204 4.817618223255408
9.19403517043804 5.5002100896848525 0.5502397521863067
8.963317023435154 7.637770686769571 0.6069727761220833
12.648848610960163 0.36533309251599644 1.5239826786927646
8.604686386148963 2.974604851715712 3.3469442384680512
14.986462400743351 10.570339236222878 5.533814775066723
9.67093957300056 7.626975465183035 1.4359804907264528
8.699642589660712 10.038484271526029 1.9915944360413584
10.995860234396956 7.3313265826091065 4.146316769702995
12.220278144724565 7.908248899259537 4.284867839998282
14.59751273967674 9.238657617156633 1.5907823662533427
10.558405277610555 2.545545608483315 4.298349134529253
12.58723733175283 8.671226477149563 3.2541815870088286
11.486164210376248 6.465540591731932 -0.36039518793528846
12.00115199400128 5.55153182087136 1.7459230158072259
10.692342976046717 5.0724839761379 3.6562592589101186
9.384832637794151 2.006229284902018 4.031140976306049
14.358634844141362 3.097434355461251 -0.18818198055995272
12.084929677390901 0.3609823972735243 0.25686438169860715
12.914616168421691 1.1803777852309252 -0.5615960607195902
12.367248385577469 0.9616065951268615 3.867214281871687
10.729895188791254 0.7437498887373426 0.3080918232886176
14.400562570753422 3.7461722079913224 2.180605295954451
14.389161550667717 3.2008620722149397 3.5287639044953
13.05046151517312 3.2113497719092847 3.8443915107519757
13.605333413341896 6.579551035489251 0.5032990251090519
12.437562854069267 5.807223624506694 0.41571628403573757
14.702545012616108 6.302186522629138 2.5026350920200233
12.638304316293631 4.610669919746092 -0.19439959973437726
15.116821754664668 4.140388479749255 4.263186826429585
9.565462525571652 0.8295542302489016 3.2414150046534274
15.983020312340866 9.17871079689126 -0.004474371392126919
14.631210040984636 9.577523515471304 0.5553431381138318
13.075945876215998 6.853760091299068 4.365975972170123
14.148726952875759 10.988983464603631 0.3944180075348058
15.356934529398124 9.595724074595939 5.815374162397423
12.87996848210517 11.35001882932181 -0.050419449350580514
10.110923888918727 11.826288540007244 1.5771799156925759
14.77542694927467 12.114597958816445 0.6725056066615087
10.172425839611083 10.854268375721322 5.631111470811553
8.850683117747328 1.6798295665115672 5.272355065020339
8.889109588042327 11.18509919648013 5.62520645393985
15.625701676320585 11.732141808360497 5.630782692993867
8.543599988695316 12.50542658104265 5.367126274695988
11.071111422855148 5.131741205500313 6.214197583801955
9.436324278788243 8.358464722953213 6.147982055227452
14.963018235192441 1.924450927170829 3.7043622402222995
15.809402500222745 12.207044842305484 0.9704118560334585
8.574313754975739 12.105923838297638 0.010472474991747305
12.905685572096107 12.695514949346805 -0.215998729308573
13.870588228014068 12.145870350699399 4.391948067950041
16.095095345940393 1.32484489863086 0.22308680118117263
9.121157665661421 12.634284655352786 1.1674277875628836
12.99977053257945 12.499525270657799 3.859966170973764
17.451078227746994 12.526291418314838 5.628923425355027
20.70217474119742 0.2999508921685777 5.798721563285518
18.016396217827406 12.708579542994848 1.6739335113967635
16.417892194809014 7.094744366713335 3.9741746154330357
23.386171521228857 0.40600567345567296 -0.5196223640945086
17.43995690377679 3.253234989568597 4.040806706596105
19.820686495638316 11.766364369594166 2.5577254684069217
16.821860887292242 5.8703910614330965 1.35390944747257
16.770272555007452 0.14402796676008375 0.48070783874614054
23.35660757755927 0.436878652386855 1.9382168952700263
22.4001344196365 2.077963661297334 -0.1686605862801538
16.76678123981345 9.182025231661608 0.7530266672753205
20.205931841265304 0.3845758065933597 4.49853547346031
24.422136475515387 1.8288293543231364 -0.5899257806885605
24.06265467854944 11.220931647087982 -0.40394252443355927
23.31627949523359 8.408926747527197 -0.4606957302414827
23.6484202901854 1.330751516642572 -0.0056469662515723495
23.14461397370844 4.173154094004612 5.478864107681578
17.188922654989828 8.95019175033385 3.1315180209285964
23.706583617532566 11.937069972037195 0.3366378555477756
17.777104987019694 4.677185105268742 -0.4086551830369378
21.090557825051427 12.208177706508625 4.806318252765792
19.326100572179428 2.6439366011671566 0.44140231743275415
19.982733193298003 9.879276201725727 5.976390862950916
23.439777503116368 5.542303427727899 3.6956243704208225
22.799259342114397 6.35334125535573 0.5538291605424306
21.167093751236234 1.4830455720560647 0.01772579581688527
22.307154325111448 3.389522157348344 -0.191639558262221
18.220480328056848 3.6145366277444486 6.01855408785668
24.412663198580688 10.358907178568211 1.564492374401143
20.849776041354158 5.327881507800393 5.122165779829471
24.374039746297075 11.446869589703423 1.5102151160830468
24.171739364229904 0.7723638601977078 1.2970384133911839
17.50937147697726 8.429915830438828 5.323162812063992
21.058807743684287 3.741234363778962 -0.03176419934447505
21.05197009195519 9.719164681556956 5.837838506162462
20.962216228630677 0.48316030838481705 0.37079046434027374
21.466169979372186 9.430755220074463 4.441385629690644
23.900778668303385 11.825356807974071 2.4162346399888976
23.189121420487503 4.012278782755705 -0.16502700201169174
19.898761481553144 4.832821649948008 5.252115938731411
23.25089427889893 1.1849093639643389 5.2991211755043155
22.94782714149466 3.367628869717713 3.3037009986977637
18.707074364068465 10.918729178183034 0.7720335630644726
22.482787059060342 9.795116649209323 4.29363427710896
20.345187807427155 2.568475261610605 0.09187865160868114
20.822798683449154 10.094070227524995 3.863296901967467
18.84013755850861 0.6408709339228025 4.38740470756652
18.03877084435624 5.564705035157397 0.6622274090853308
22.57942952133101 7.7186663330013205 0.5836384302685516
20.629797599576744 4.633988192728894 0.16582349501037652
19.189356862655686 8.927048688991286 1.2515569107332047
22.907649648522995 8.053785754370528 1.8530051067965603
19.075502028137947 5.003916261838393 1.5109064779125914
18.494815846297715 6.7786373624147815 0.1281898165771378
18.11247437434391 3.789002088001867 4.694315594921746
19.29865562187868 4.845188398747305 3.265069119794112
18.606044221695882 7.206730123432016 3.705873084345183
17.472588501144987 7.916212754193192 4.0290673474581915
19.198526683346078 4.5444379595162046 4.224039071715771
19.182036114732306 12.046599483295262 1.4649614420397294
21.70833260023629 12.06333108902417 5.680259775148105
20.9784711038937 1.2641266255798764 3.8006178645977187
23.56702438532888 4.294278973165684 4.155770879027948
21.447914526042332 8.381401217844981 4.147067916146311
22.628484578155525 11.808545970142365 0.43299159132092147
21.28009890693438 8.025243956885365 0.5411944596576435
7.240263311610691 2.3574427702531846 8.995362657879046
2.3305570974444136 4.748234676091166 10.06456661752831
3.4100672956851246 5.181104955515612 8.30037316491309
5.437842850378442 4.3544690288223435 11.584372476480548
3.2516187335262607 5.064240177029637 9.597462789862854
4.875815849960758 5.285534268360356 11.511275481686553
4.458434024159257 5.324647777649161 10.153777719998617
5.210156266189053 5.920818244773688 9.153319310448175
3.807290559872009 5.232206427036866 12.583528161789205
5.5391415570704625 6.099085140323104 11.804931717739864
6.09345763284424 2.170782039086492 9.780681305881927
4.545735212674525 5.874616254628106 8.014329505743342
2.555271563948598 5.045931327031907 7.779650256679238
3.6208288419825188 4.163109191366226 12.685327613227534
3.1058916569699875 9.892918477384148 9.041866552875991
5.049200306764135 8.866112692084545 9.45517915370454
4.7265445386230285 6.234316007726484 7.012169800375276
6.179701938548818 6.349180228923539 9.360411559630323
4.251446129017261 9.934467737020086 9.850478703955412
3.9319317231826645 9.912119210624041 11.205822029238128
6.917391995462075 3.298465081937476 8.013691283305214
0.26569813153721494 2.5435372450119886 9.951435718900747
4.852584914163095 11.174348941215927 9.714003543256101
1.4897024536340486 2.163349678504799 9.458809448874893
0.5803623265148972 3.122199599396404 11.176082152210682
3.7705935366753245 0.29820813367640686 8.196288511140388
0.8882780680417859 8.224633227159542 7.852256517822757
2.867306040209922 5.767877580247231 12.450917761045186
7.444813506127936 1.1247657486176181 8.375617462371075
0.6746237190555003 2.7192475919485544 6.865615172455865
5.087630786832673 9.637363658188429 7.0191983285960955
0.4426989806054282 7.599379412281026 9.367971229715755
0.2345491614649974 8.434301876571404 8.698883693435594
0.48992118428728687 9.356552299455176 9.220745061368214
1.432696178812804 5.326905436157654 6.641066653802344
3.351348995611615 0.3990460363731337 6.568934581214641
2.443945238424094 9.661266298978314 6.580093086989896
2.370394933044479 12.286737613486173 9.313976797881384
8.460719258119518 2.673759459133175 9.607343254740163
13.918962402214548 8.12900224057942 7.416403895211655
8.398847434004901 10.783223241826885 6.854880894303955
13.22797000237637 0.28358939489314494 6.738659879851032
10.376568321815784 4.445130164387639 8.183658585638796
8.912059628498579 4.573547553994851 6.444028466656228
10.006944708494993 5.191156495161717 7.098284354013722
9.748291540787335 6.484921747871594 7.429563735370705
9.913124478071731 2.1888811575786877 7.781950356923094
12.12153688204878 0.31530630972108276 7.552680418152918
14.815330572272373 4.137211655455461 7.835100116451131
14.021892896344077 4.981928256278353 8.47092028077093
14.926111045508401 3.060515997521022 8.603193622809744
13.419827685761014 6.184651128371758 7.879133082966364
13.993301265147808 3.0684146312137757 9.584011421531777
12.534001355725184 6.572323014562437 8.382245616860704
15.154912897627788 7.149246425714237 7.032446290280384
11.999637711386699 1.4538746404593559 8.364882633206827
14.441210432618835 7.274493660141468 7.846720151743648
14.95650241539839 7.556661106630526 8.764846343876016
13.414065047689245 4.258295690341755 9.493200115174236
12.600487314825466 4.614558040427942 10.107666070615492
13.729362478462773 2.2455885293460667 10.231848996006994
15.359440798922837 4.333374811106697 6.923034286840188
15.533923987339527 2.2541282937724745 8.583136238614532
10.98714518916504 0.0878343274505128 6.863160560990441
15.923630094500385 12.408656998857179 8.358059786498181
13.139167458425428 5.934134332965387 6.856112471274299
17.690538760718223 2.92411545956488 6.657991766791901
19.240389028233373 4.550780802341145 6.38139627833991
16.713464610035302 12.639352188412099 7.643188352279477
21.682183198101985 10.924564339840915 6.356628114958534
24.26577983594608 4.445751550212486 7.486644232809995
16.876128146497102 11.892129723054241 6.30373550941802
17.421965633875438 10.95687907897395 6.4281045997882735
17.624027504865523 12.474893499683732 8.219320762522052
21.324365433516405 8.808381243506968 6.371106081510707
16.60884020260283 0.3183582241848084 6.90357322233398
22.701227087352738 5.973509732229201 8.16011354311476
20.526110931777847 4.485329880103561 7.928049984932471
16.83171560801417 1.1054120262823792 8.989069152076146
22.532505100589407 11.029128305842832 7.4087777145896165
17.75360810120295 5.296663175806561 8.679984870366686
23.93664748214255 1.1226845303105997 9.499455078880418
19.863274503511214 6.084159163252644 7.600962877192751
23.05069074052482 12.285613816888622 7.346451285608195
18.6349228783886 4.683557458825567 8.868361204247936
22.787372845567887 10.2877476828445 8.151608249691495
19.23878273931578 4.885383618554578 9.75307554808459
19.61241933395975 5.026547700156075 7.682385710401381
24.132495682947567 2.0569121455893846 7.4570277045091125
23.085668827254587 3.1512544137312313 9.097849711876298
23.328634614739467 1.8875654070553678 8.574603566278121
22.54473846646907 7.926756095230116 9.29583654277008
23.398324417730457 6.988599362886988 8.78127545942831
24.31510007973889 7.7025321610153945 7.930859359484913
18.277866306299234 3.654932177963471 8.918765925892435
24.05439859039854 6.452399780859018 9.86323545857146
22.140123810150506 1.3720536296402897 8.192109788387844
4.165074903800761 5.598437880730796 13.545798854215558
1.2299508950947307 13.469999501803443 -3.3499999381006527
1.2299504987436032 16.308682903596086 -3.3500005862852156
2.4590397776251653 15.599413038971978 -3.349999901480288
2.4590443391465744 14.180520440984909 -3.3499999002765932
3.6809556760514455 13.469479576028432 -3.349999927527121
3.680959790728034 16.309196314764225 -3.3499998765872863
4.9100500733319645 15.599935138966588 -3.34999990817737
4.9100490934116605 14.180000528872181 -3.3500001155889194
6.140000070707382 13.47003072431682 -3.350000312584589
6.139999989620338 16.30865186598818 -3.3500000472653033
7.369949945170504 15.599935107366855 -3.350000062149119
7.36995089535781 14.180000505356997 -3.349999858126661
1.2299503946567225 17.721317145006125 -3.3500002679599064
1.229950912659707 20.56000617131425 -3.3500001512339805
2.4590443605867107 19.849479800097807 -3.3499999099537336
2.4590397594183746 18.430586982194118 -3.349999893019394
3.6809597866820414 17.720803670336483 -3.3499998889103813
3.680955682824962 20.56052637595217 -3.3499998829801605
4.910049109171045 19.849999725228713 -3.3499998781442986
4.910050076638084 18.430064876596244 -3.3499998775203688
6.140000002245685 17.721348117981965 -3.3499999617719354
6.140000012406224 20.559974938647287 -3.349999907382104
1.2299508466351023 21.979991359329507 -3.350000253808413
1.229945950212261 24.810544318096714 -3.3499998921260223
2.4590053265397995 24.108918191996224 -3.3499998894052894
2.4590445292746645 22.690463450170313 -3.349999915342182
3.680955972411128 21.97947106771578 -3.3499998720610114
3.680994682100425 24.811081765039187 -3.3499998735564196
4.910054066440081 24.10945564470046 -3.349999845333911
4.91004909309204 22.689945753763737 -3.3499998682598675
6.140000013096853 21.980022659007016 -3.3499999412957404
6.139999992106593 24.810510161935255 -3.3499999070066098
7.369950899100175 19.84999972654952 -3.349999886247723
7.369949935007594 18.430064884139036 -3.3500000431940946
7.369945866915651 24.10945565136117 -3.3500002777616134
7.3699508713306034 22.68994571405505 -3.35000000742658
4.85652755404853e-09 18.43003318749673 -3.349999927859998
1.0322577646053628 17.09568452920808 -0.8572522290970941
8.599044314272296 13.469479579320447 -3.349999852173452
8.599040208588749 16.309196300925638 -3.350000037358752
9.82096021684988 15.599413022464255 -3.350000007927585
9.820955650189678 14.180520442474698 -3.3499998646156213
11.050049086680229 13.469999509384206 -3.3499999420864013
11.050049642634477 16.308682940912085 -3.3499999394316893
12.279999989614565 15.599966854592527 -3.349999908554997
12.280000005922043 14.179969324238465 -3.3500000275320563
13.509950912656164 13.469999508707142 -3.3499999635260846
13.509950325615618 16.30868291903154 -3.3500000566629415
14.739039760338986 15.599412995686572 -3.3499999989118576
14.739044322889981 14.18052043301031 -3.3499998812888987
15.960955655641548 13.469479558608892 -3.349999893407043
15.960959736595438 16.309196282397554 -3.350000197690025
8.599040211852648 17.720803684039016 -3.3500000852911995
8.59904430346999 20.560526364174383 -3.3499998759868923
9.820955624898316 19.849479789518664 -3.349999881062696
9.820960213549311 18.430587005436355 -3.3500000638991345
11.050049652199109 17.721317050135948 -3.349999986322567
11.05004909313028 20.560006182426378 -3.3499999367564612
12.279999990169987 19.85003091790983 -3.3499999276150727
12.279999989369385 18.43003315409486 -3.349999897216888
13.509950307967937 17.72131707203236 -3.350000048002193
13.509950880849535 20.560006185649264 -3.3499999267067526
8.599044017158555 21.979471043628514 -3.3499999332436903
8.59900530887382 24.811081776185215 -3.3500005869047667
9.820994729308202 24.108918197186586 -3.350000356318769
9.820955481215693 22.690463422237425 -3.3499999800821554
11.050049197164594 21.979991363276866 -3.3499999784903967
11.050054066735857 24.810544347292645 -3.349999966939391
12.279999985071553 24.109489844479047 -3.349999893258487
12.279999988593698 22.689914832387544 -3.349999959726885
13.509950767831723 21.979991354530444 -3.3499999368252373
13.509945943786592 24.81054436427338 -3.3499998978120726
14.739044364338039 19.849479788552124 -3.349999920361195
14.739039766718347 18.430587028843927 -3.3500000746021596
15.960959825621583 17.72080370953422 -3.3500000716455047
15.960955692880884 20.56052635853323 -3.3499999299787317
14.739005312833276 24.108918227120878 -3.3499999792087145
14.73904452572833 22.690463456203243 -3.3499999204845166
15.960955976237107 21.979471062901766 -3.349999925219139
15.96099466832117 24.81108185355202 -3.350000227752483
17.190050062256407 15.59993499077268 -3.350000357813535
17.190049111991247 14.180000490176395 -3.349999893555599
18.42000000586849 13.470030714432172 -3.349999919980511
18.420000084311347 16.30865185061974 -3.3500001435495728
19.649949945795314 15.599935133266811 -3.349999879244697
19.649950897438135 14.180000497811898 -3.349999880684069
20.879044289623 13.469479598148451 -3.3500000668264973
20.879040226587577 16.309196311195244 -3.3499998842119205
22.100960256158928 15.59941302934005 -3.349999869180512
22.100955677387198 14.180520493405078 -3.35000013460785
23.330049128491407 13.469999494290235 -3.350000268822363
23.330049630904725 16.308682927233054 -3.349999926202709
17.190049098780076 19.8499997100319 -3.3499999254134263
17.19005003735288 18.430064886870078 -3.3499999758555967
18.420000003964372 17.72134809580683 -3.35000025982417
18.4200000055996 20.559974922157036 -3.349999957163843
19.649950905015906 19.84999971896091 -3.349999920173193
19.64994997745718 18.43006487734186 -3.350000020798171
20.87904021496169 17.72080366856395 -3.3499998977721166
20.87904431261026 20.560526357905598 -3.3499999126171653
17.190054082333155 24.109455668963264 -3.3500000095559592
17.190049081498696 22.689945761200324 -3.349999951602208
18.42000000769379 21.98002264547809 -3.3499999987714366
18.419999987391613 24.81051018031149 -3.3499999361528774
19.649945937702658 24.10945566748663 -3.349999921362544
19.649950911962218 22.689945743594503 -3.349999930580428
20.879044029625955 21.979471053030924 -3.349999928356718
20.87900532670298 24.8110817977388 -3.3499999198166486
22.100955639121555 19.849479791710152 -3.349999921242733
22.100960239631366 18.43058696465506 -3.3499999178031548
23.330049638815286 17.72131703148782 -3.349999895949758
23.330049112201973 20.56000619566026 -3.349999911699295
22.10099468018696 24.10891823373309 -3.350000077079156
22.10095548466508 22.69046343698106 -3.350000022778673
23.33004924489265 21.979991360229874 -3.3499999240136322
23.330054077734104 24.810544351130403 -3.349999910302408
24.559999994685544 19.850030925412476 -3.3499999298308936
24.559999998454636 24.109489822206136 -3.349999951346978
24.5599999860862 18.43003314322662 -3.34999994310317
24.55999999351797 15.599966869306193 -3.350000148842105
24.559999994509283 14.179969292419788 -3.3500005194411733
17.170285457823923 16.511097018482875 -1.0052556971380455
2.71605134489474 24.58139686017932 -0.29919842834456034
6.204779336793969 24.917626319778844 3.5408520255529474
0.4527197756465335 25.308788908795986 1.0991931809264233
3.21935185428352 21.470847282573793 0.2266451772155864
1.4538307660049004 17.866042917026835 6.091497918663308
3.6567142025848747 24.239451635528656 4.867986414291402
5.1503471979828985 16.135486465693017 -0.2048184495330163
5.368815201123314 18.79615363374148 0.5187966929091425
5.681031997426632 21.682691862975208 0.18985666709567584
4.309668689106642 13.058419158853782 0.47589649617605256
3.9175914029710124 14.34845022824046 -0.031283248880069614
4.142593837740648 12.974394438688975 1.8650732359562838
3.533139738935756 14.558542964272572 3.249355966377143
3.8608703708980934 18.651095143448565 2.472582069068797
5.933555522470945 16.748978566662046 -0.030714565501356317
2.889809183595147 17.828223132550267 1.837726277364432
7.578305182603267 16.830520909888673 4.360639507334985
3.117680899462967 16.50919770896716 2.1691653834104487
7.1883871892762405 16.67600909933324 5.722801302666888
1.61527351599627 18.264851271324524 2.2125714401313723
6.129454579100431 18.106915273796346 0.18297200699746607
3.0135552229685603 18.008326853794607 0.4009300831263296
3.5034944329552795 20.544190092111545 3.8783172094952336
4.922414303538441 21.555646466144253 2.327720955750533
5.9354237052059915 21.965133717235954 1.496219043773821
7.216942979613929 18.028923121678176 3.9545334890313812
2.163006678154666 21.621277017761535 0.05959499431236748
6.2114245829529775 23.318914967140607 1.6925670010878957
1.5816098160481449 21.51127519046263 3.1329757910928
1.6083190877626126 22.87035167022693 0.17877082189742155
7.1569441936610705 21.403144361830247 1.8253568876454196
3.5708552452907254 13.483724717695702 5.310862425899293
1.3914598557357367 14.412973434889384 -0.18147017213907435
3.193797167702825 23.73053591642771 1.1672216228663435
2.3380506076104286 24.104410310738963 0.6050688300277096
3.5808871286252377 22.913647539198905 5.263029662054946
1.134724153667484 14.282193291557414 2.799006487537871
0.4818242556768441 14.982562659302916 -0.3020155596232632
5.422121863003199 20.45007432778838 5.399180788412715
0.38131669786478734 22.74837696114727 -0.24194374917175576
7.3239482913805345 20.49030645311792 4.013225147557313
5.7324964706106964 12.89382136858753 0.1551865065710767
1.2714201861274628 19.662593757604263 -0.464561417227054
0.6330981299434534 22.698146172449352 4.735368439109749
0.32061390404559503 16.312033337797743 -0.6431171644109268
1.2169793118084133 24.241102843046274 2.2899643432122008
3.9709750385816176 24.28277385568494 3.4616205560345756
1.2134757240188987 20.730468879733078 -0.31394547426641495
6.36754744300691 24.356326546234662 -0.33355974690759904
1.406538099123683 24.98252101945935 1.513777153287077
2.29671557694458 19.9407132412514 5.841372264062667
0.3452825676809981 21.767543914231943 3.78682353035504
7.41617889647075 18.362065932457483 -0.047381837944935334
7.411493797854625 24.632714923475326 -0.3199408974395579
2.4590220902748263 24.95739485862272 5.253481612654615
7.011971011335736 15.86435021337666 3.520575006235631
7.163280990371247 16.266193693087974 -0.1527035001792576
0.11757042891500252 14.765459100652059 3.544857263150961
0.022536932550575036 21.4950204970111 -0.3983706538475307
0.17934852623993683 24.841371794510067 5.374930625318023
7.412964272070432 15.250520395384386 -0.42189861725524747
7.849601212876474 19.3498274585367 0.006211660745976122
8.144478757618641 17.21003497604553 -0.11087487884335223
8.00991490303989 22.63673474026041 -0.22723695414553102
0.6867757261356019 14.997056278232057 4.82386301120985
4.700223526218129 24.59839892128836 5.6337589161560855
8.071732099482427 23.088908395942923 4.612804955591958
8.13544680026318 12.818718908283357 2.112604405186489
8.245241072340367 23.608453693331132 -0.37035882296685974
10.084723860740056 17.869039377526725 -0.6707690608428807
16.192785669979596 19.96758441060632 0.1872704791592017
11.36582924794736 15.884661244018258 5.762604653777633
8.896386135113287 16.7002284470922 4.356312999572839
9.481654573457714 25.380044585956885 -0.31004101717285404
16.19125850475839 24.33381601072539 -0.7493236891248845
13.953614468570237 25.044794696228738 4.187984111664105
8.761486696184217 25.1026713124023 4.094734250144728
9.937619824438347 23.92918305882098 5.65329026124691
10.92414243579564 14.07636350809283 4.6846418777469605
8.838296211222321 14.119910530046736 3.6685742764766838
15.844533629233851 16.544884252097873 5.956687923315992
12.231788542842743 13.342550121944221 -0.7578550565541198
9.90871729050602 16.117970231147 -0.5974770726127654
9.464305841292733 24.053646833609008 -0.21361182625870168
9.665421356993969 13.840119852836784 0.9079616903870169
10.05668296292833 23.24235446550564 3.5032123504752644
12.94010905952318 15.1448853113603 4.441203115883212
10.08696691491851 18.039860707662772 1.7699879914001648
15.441745840797548 13.688619414400396 4.7579538483848225
14.239550084759196 14.06340008645485 0.5524803620447771
9.886630941956412 20.3956979308647 4.740287443494089
11.992332985589444 21.20399571444946 5.094943966099979
9.646984853982174 17.051074145713173 -0.09856503980816722
9.660315065537127 16.34565795772823 1.846485966965713
14.11309354940948 16.917493287118035 1.6403186499963651
10.23762750546666 17.077300818259292 1.2812346326046231
14.354867075626666 16.25569876042203 0.41298357555198173
11.298507381175561 16.847820841617224 1.1813705773298189
13.247733882324267 15.699993380129975 -0.10424569812819362
14.526977758844048 17.150614249779018 4.0234682020380665
14.581410597136948 19.09830389861176 4.939603120665614
14.018508756083035 19.019128794497526 0.6929840615283356
11.798165660698958 21.6670641225113 -0.235012512900713
11.193816427090027 20.12966020200351 5.284430317497712
10.065802402778962 20.916533473689796 0.8350640061849368
14.668637168463581 19.721123481785092 2.790892516297986
15.2167407911742 20.05401335235999 4.078948222480737
15.377697386053578 15.332361395556829 0.658876585833017
11.732167858220512 19.00234514657041 4.715625524866058
11.420560037757367 20.716788995435063 0.6312966434814682
15.019748610908602 21.34325846314219 4.4005360514745515
12.192201405408644 20.83742656264806 1.7497790825137438
11.744153230827413 19.45769251068996 0.14700383953465734
14.72822553221038 17.129647374034608 -0.5799573146959525
12.744221253602982 22.265106205019098 3.163959471405877
9.229766223744257 23.862233170737802 4.446684194059705
14.157674600726189 23.95156149057072 3.333657822988344
10.262120622095454 23.43277617691973 0.16640291443180688
14.551029234171532 24.332691120940126 -0.13236145383800912
15.548959348730222 24.738909567631264 0.032629637051690974
11.970332943762385 14.717545465485312 5.315479533873163
15.973615464284428 24.251450898508978 0.910212242342785
13.181792042457063 24.593798809210327 5.2441416399624705
16.115721367447936 21.782717185577273 1.4047817894642411
14.031628895613823 13.097456993787448 0.34314159239160813
18.3306952425496 21.59450026197183 5.3284182699393865
17.621323175679613 15.168455850818214 5.965702542493323
18.82388789642895 19.337369963599127 4.905314652318883
24.29721374380128 25.28626640571367 -0.20310726464602968
23.96625624599245 16.44062870864748 0.029174364414137344
18.553584555616734 17.869729789539758 -0.13222906939200807
18.827859247905515 25.24624820252077 3.342718240411502
22.184844387752456 22.10570648458695 -0.3554997604369392
16.979256825860006 20.91794820091107 0.8499590812207825
16.431532595893596 22.985407403018694 3.587805107300822
22.331248398678145 23.90459447149514 -0.6096192530761146
21.466514479766406 19.02932777501492 -0.33467524477065913
23.864089862475684 17.132129144307118 4.204487810941507
17.117801301491948 16.31582376095278 5.393037764006436
23.464732436336945 15.742743999305864 4.028731079213022
24.000230889460315 25.447402401925487 5.053487598304427
21.759535153613314 21.534000862161253 4.882296264488457
21.920535802278668 20.17387653511897 5.3315582249218165
21.226754272954445 18.03860754436093 2.065069652174504
18.53837030070128 18.754983164105752 -0.7506908621426267
19.82926318399485 16.081614726763366 2.2012402453558835
21.00869161481499 19.372703786735052 4.536890964554086
16.9619320357779 16.19055725254069 4.016074617952602
23.789984342649664 18.068657140463287 0.272170545035062
16.816391150043508 23.028424678541654 6.091655595080885
23.407712601627 14.40022729774551 0.014451860587760823
19.843040508432875 12.820500892504576 0.5035873789967549
16.567344136973738 19.734882100007052 4.04652656450453
21.160511040110936 19.56336213268953 0.564918663465287
18.057939023784787 24.3246905343275 2.5512967591072346
20.48067576467725 20.36135929338278 0.2663813463025022
23.2163887892953 23.9735721677902 1.8178249104473199
22.7390489316134 13.866838513525682 5.86403552443028
24.493305102170275 14.867533152679481 3.57982514979708
18.230319133354623 15.953830819597103 0.8013838647753624
23.27656844886059 19.845198024305795 5.044514704935993
20.478935317468522 18.621680015056533 1.5275816948721077
19.50309470537959 24.44742261523802 4.331648941478909
19.410813946372222 17.734982179659088 0.9677326157033128
23.01224541508373 15.278367821304029 5.243751079238149
17.95620315845564 17.40452150323613 5.6584624459476585
21.61991806458749 23.181375467956013 0.7824469679851076
22.671106613798624 25.072728179968447 5.023220756735545
22.416459057306376 15.70674666893949 3.0973756996312343
24.151011932925577 15.465925764733118 -0.16035005808954672
18.04208744720848 25.353139429559768 -0.21622768865943942
19.26077049457108 16.47453730128359 1.3712836727167843
17.78891279162925 20.23730716793962 1.6904750161998072
23.51731393241191 23.193574699925374 1.1184337400936062
22.44684860132638 23.069423470489188 0.08119620134235617
22.107306681308984 20.029531979506913 0.837615725275066
17.681733025698197 21.478542549878068 -0.24470968287363504
24.108267511532475 13.330762621473928 -0.05262615587740105
19.977900732239558 19.267062596440752 2.2490702037511037
17.870038082600193 16.756084657280198 -0.2199358128330875
23.63434561122848 22.267868696780255 1.6818802612404626
20.80539132603907 23.443948285514335 5.761037584777764
22.365347836337403 14.377075499605477 0.29612488050690833
17.885194115462255 15.02711699747041 1.0067864301959095
22.513495432368654 12.955431768324997 6.236276525618383
6.962834705248325 24.015706093373197 9.181889638968055
2.882526114415715 15.50545816586536 10.11491219221812
2.3942394311101336 16.269739385759312 11.133603497341337
2.031797990818322 15.5952141102639 9.081537247175222
4.072165683028109 16.016321525918205 9.660687942337285
2.939769044411832 14.142875383703451 10.355586067892947
4.18687649555495 19.207050586589244 10.03221676014976
3.813801298638416 18.419855987650905 9.393828508598254
3.557525351792984 19.891468251705238 10.93234844344167
2.1323882877883786 19.682800226622785 11.097500307739113
6.293775669764835 19.153024693925325 9.77629649951214
5.468041314698992 19.492943427103793 10.24822661039764
5.587051615192284 20.66524137142778 10.896139411087061
4.301906226210396 20.94794277694456 11.380884938531326
3.9187214690018624 21.7344250914278 12.014142398434975
6.562929450434667 21.087344030367873 11.085590713431055
0.6381095798193813 23.586608391277274 8.94443970671923
7.269872814080134 13.645421907198745 9.09859479544794
3.9480022797986845 22.96129263372544 7.69424091690056
0.9849010014673258 22.319169690519423 8.316951833592375
1.8920119577047285 24.185892468390872 9.403242225439337
7.698685481330643 23.611490876663623 8.025997365280238
7.051241948648053 14.89132792991983 11.253988950930612
6.445197729635932 15.62016832178268 10.715842049230865
0.5583228792043151 20.127216497195626 12.6020165238675
1.572369067257916 19.728793543712378 12.56931363830779
0.1659178690037768 24.271829620583752 7.819884178382615
5.42159974595448 21.296868293794383 7.513340743257771
0.8188804753240255 15.878249509082286 7.079347583397443
5.616393877588681 23.717047511616585 9.043891717888107
1.6150572707522277 18.898996549755903 10.544218809282471
1.7446533909930206 20.642759444930636 10.75656050362699
7.797154683931671 14.365425829157369 10.070309377870338
1.4456559090116288 19.140885097802343 7.829164480933195
5.999553365811481 19.23380055981122 7.16536954614441
6.06919795178259 20.431181216718375 6.620854436673655
6.18553139891395 13.806350087121055 11.8349325038075
7.04746537135194 25.418066488389304 9.440017213651002
6.231314056893063 13.35577604666605 9.036136944099297
2.232586416321942 20.31030144528451 13.212789832438732
7.450862504540524 23.312859690444004 10.191589596629749
3.3579735003468736 18.38138350722236 7.0571782045556475
7.66511884933183 15.434151376812999 11.972736372957202
7.383888308855421 20.74292770619096 6.414229791740016
5.33836162437275 16.692306501104454 7.3337251385260585
8.100639768949936 12.962912682743214 7.311810715218174
5.367392177713416 13.543340106491605 11.164429733519816
3.279762594833115 13.415765434603511 7.535291770018521
5.296747623676809 14.132468006953875 6.693246792819101
3.426301843678308 15.445605633212423 6.3596214781279246
5.888616269666585 14.089662559782585 12.844722307975719
3.893478143317083 14.136706077333962 6.476607222971355
2.1983606266140168 18.820485384466057 6.718640524559709
1.6724580428904965 18.745012598352993 13.02785180282248
6.8481131134842785 12.984424912519945 12.106086480125574
8.274516843742694 13.429980668335302 8.190283400965074
8.70720713762875 17.527180905520485 8.116725658917398
10.640066477077193 17.573684996667577 9.151905399587214
8.637618601859616 17.54556193670376 10.33122279946929
9.712427518893245 25.27010592192108 11.442355551054401
9.348759391099348 18.0553860400908 9.204210713548738
9.218744901010952 22.269767814814976 7.117913698480244
11.090091360201058 19.931945390725943 6.583514732387377
9.355440362326396 19.46644710204839 9.031324397797766
8.993795690347667 14.71825865529052 9.675662630742508
9.544447817842013 15.423899463469796 10.280024512446047
12.676811786275378 19.931302873008462 9.816284380430027
13.612416119255288 18.952179461501387 9.664050471969585
14.776111464618689 19.37410730884615 9.05163181667108
14.42503360093032 20.594635711786648 8.567517269873582
15.029107588845703 21.270085336418532 7.979926918256278
13.25870520446751 20.945241345138875 9.029571567635992
11.692310847274323 19.92712961911684 10.260289430768985
12.781768764661118 21.8154924615548 8.841702925462304
11.578017861087934 24.06207863769086 10.215479003468248
12.986482754291888 23.908244099930435 8.332730276029132
11.666092131666478 24.007637404274 8.837395833684834
10.882666442419662 24.86978509678011 8.158464547571521
11.031409393463719 22.822630585402372 8.622187345535314
13.426530881059215 17.909885462421894 9.8772871890413
15.930744236727397 18.5376962296925 8.629997430417081
15.489880575937546 17.55107763455573 8.487438738233383
10.072097135048676 14.552049785293615 7.780540083287683
9.26909639471878 14.289629200457755 8.45338868982931
16.25444331230898 18.90205152171334 7.655028645941362
10.242245993994528 17.761200453138276 6.378779074382511
12.369278376655554 13.969048769223814 6.408156359153082
16.509157733712822 13.705664139637355 7.5465574939221645
23.7350334898286 12.83126759135582 7.979173151527055
17.566265071613664 21.346421299627334 7.430489174238319
16.48468248524852 18.406837194603188 10.792449420597617
17.46456705577271 17.53409209479434 9.768818755673344
17.6660836114756 19.278378192497133 9.568104894921055
16.94930644868584 18.49372133137288 9.810270353377573
18.929380364174744 23.033298451549314 7.050731854780086
24.109529956154297 21.217390974444555 7.963570133132868
17.85979787946035 22.291421815401144 6.497796608495649
21.74837740903309 20.18824817070374 6.768307810931499
1.2299509138133955 26.23005423679448 -3.3499999197171837
1.2299508813466147 29.0700002497994 -3.3500000911508887
2.45904430948716 28.35947363604391 -3.349999935090189
2.459044030672178 26.940528931335944 -3.349999921811552
3.6809554883622457 26.22953653308923 -3.349999895863467
3.680955632126129 29.07052020687397 -3.3499999328790864
4.910049118482322 28.359993793948327 -3.3499999286802717
4.91004924345164 26.94000862786628 -3.349999899150753
6.1400000054964075 26.23008516499744 -3.3499998926600183
6.140000011331787 29.06996906407517 -3.3499999267042426
1.2299499065845811 30.48993519284418 -3.350000215537082
1.2299500470392828 33.320064836686676 -3.3500003489010286
2.4590401994086397 32.610803672975834 -3.3499999004237146
2.459040198886375 31.19919634705663 -3.349999927565812
3.6809602159193764 30.48941303182961 -3.3499999279212247
3.680960211583126 33.3205869754741 -3.3499999124111577
4.910049629518492 32.61131706051642 -3.3499999303602843
4.910049631269361 31.19868294767854 -3.349999937395264
6.140000011315237 30.489966837280615 -3.349999933660027
6.140000011532294 33.3200331630702 -3.3499999251908097
7.369950899096424 28.35999379207365 -3.349999906016076
7.369950753169065 26.940008661594554 -3.3500000176624223
7.369950377742879 32.61131705110977 -3.3499999378890966
7.369950375961034 31.198682957968757 -3.349999966253102
1.229950932947202 34.73999975816067 -3.3500000827013943
1.2299508979427476 37.57994574551428 -3.3499998884833992
2.4590440207483844 36.869471060219595 -3.349999903034866
2.459044300853224 35.45052635864016 -3.3499998958713184
3.680955623268025 34.73947979381394 -3.3499999131353455
3.6809554820546633 37.58046343589198 -3.3499999671597425
4.910049230779552 36.869991367554945 -3.3499999262195637
4.910049109483837 35.45000620190558 -3.3499999216993848
6.140000006320093 34.74003092860564 -3.349999922294079
6.139999994368448 37.579914833402015 -3.349999902503323
7.36995076599613 36.86999136158894 -3.34999990963069
7.369950896055582 35.450006190417824 -3.3499999155456983
8.599044548297767 26.22953662209917 -3.3500004095869307
8.599044367521168 29.070520195960718 -3.3499999013848623
9.820955683198175 28.359473622708236 -3.3499999097036373
9.82095596126151 26.940528952358157 -3.3500000712108227
11.050049105055644 26.23005424710703 -3.350000070309033
11.050049099901246 29.070000262707598 -3.349999902521895
12.279999996539512 28.36002504121748 -3.3499999027103877
12.280000003085934 26.939977355210083 -3.3499998935383477
13.509950909896531 26.2300542629556 -3.3499998960044164
13.509950901261517 29.070000272137694 -3.350000009265491
8.59903977634049 30.489413027251747 -3.349999933795541
8.599039778269118 33.32058696894698 -3.3499999946775416
9.820959779851815 32.61080368060746 -3.349999898426075
9.820959775767005 31.199196333048473 -3.3499998912123985
11.050050055703975 30.489935118181634 -3.349999909239493
11.050050051397973 33.32006488919549 -3.3499998947594256
12.27999999582155 32.611348124865 -3.3499999043275697
12.280000000029366 31.19865188231461 -3.349999910555619
13.509949943126097 30.48993511294324 -3.349999929757418
13.509949945085788 33.32006489341191 -3.3499999213735663
14.739044340870906 28.359473617938665 -3.3499999288049143
14.739044037143682 26.940528953501257 -3.3499999917598613
15.960955487872974 26.229536569018258 -3.3499999671710667
15.960955636008869 29.070520194252094 -3.3499999199806996
14.739040220400693 32.610803684258 -3.3499999037162285
14.739040225234275 31.199196316248273 -3.349999912608521
15.960960246216086 30.489413008025632 -3.3499998900438466
15.96096023041089 33.32058698614363 -3.349999913728605
8.599044360191272 34.73947978860819 -3.349999985909288
8.59904452100994 37.580463452598444 -3.349999904534804
9.820955983463666 36.86947105613364 -3.3499999090943158
9.820955706350233 35.45052636512256 -3.349999997543999
11.050049104980188 34.73999972584526 -3.3499998875583947
11.050049101549034 37.579945743463206 -3.3499998965228794
12.279999991532492 36.870022642894526 -3.349999941442597
12.279999997713478 35.44997494272215 -3.3499999143224315
13.509950909815753 34.739999735104504 -3.3499999578387882
13.50995091548719 37.57994575588966 -3.3499999565906835
14.739044018123481 36.86947105614447 -3.3499999695014893
14.739044317108414 35.450526365584246 -3.3499999335951203
15.960955624011065 34.739479803481004 -3.3499998852171764
15.96095545641087 37.580463476317874 -3.350000064685643
17.190049085990974 28.359993798171292 -3.3500001619716957
17.190049191816062 26.94000865765733 -3.3500001593560524
18.420000014796667 26.230085183068407 -3.3500002164679
18.420000004043548 29.069969098931008 -3.3500001784406077
19.649950896090175 28.359993803775005 -3.3499999812798107
19.64995077136964 26.940008654100513 -3.3500000040954694
20.87904450707626 26.229536561405066 -3.3499999169011763
20.879044344699658 29.07052020322739 -3.3499999002414316
17.1900496318941 32.61131703981698 -3.3499999863792453
17.190049633239347 31.198682931707037 -3.3499999095607436
18.419999992353247 30.489966820686313 -3.3499999657749155
18.42000001868994 33.32003315970647 -3.349999950298803
19.64995034836597 32.61131705215899 -3.3499999432646166
19.64995037568721 31.198682941427656 -3.3499999712865725
20.879039754604715 30.489413025674118 -3.349999916208659
20.879039596283068 33.32058688271822 -3.3500006498866277
22.100955671156377 28.359473650698355 -3.3499999803613556
22.100955957943807 26.94052892156052 -3.3500000978529343
23.33004911322582 26.23005423382631 -3.349999930182191
23.330049094066013 29.070000273615697 -3.3499999248497794
22.100959849391778 32.6108035773092 -3.350000460769482
22.10095978760829 31.199196313735357 -3.349999955018327
23.33005004936908 30.48993513452779 -3.349999909739969
23.330050103225442 33.32006486406917 -3.350000076849783
17.190049246849572 36.869991352878614 -3.350000009745716
17.190049102989256 35.45000618673329 -3.3499999138121215
18.420000000297765 34.740030921199455 -3.3499999117314374
18.419999997694877 37.579914817035416 -3.3499999069428164
19.64995077410137 36.8699913522941 -3.3499999128602975
19.6499508770146 35.45000619260052 -3.3499999110668153
20.879044202512297 34.73947993443553 -3.3500006344413737
20.879044529844585 37.58046345052654 -3.3499998997288003
22.100955982370504 36.869471061254025 -3.349999891477519
22.100955721525178 35.450526433661 -3.350000069590715
23.330049065468266 34.73999972796136 -3.3500002442593124
23.33004909062006 37.579945721684005 -3.349999966940014
24.55999995720226 32.61134812320368 -3.3500000507851335
24.559999984343428 31.198651898034967 -3.349999930329275
24.559999994403206 28.36002503755833 -3.3499999187635665
21.494643966506622 34.23497335349116 -1.018191030546426
5.647949875657784 36.818943158929876 -0.17718540622951084
0.33708516105071196 36.401327510533605 2.71913030147948
7.22823436687678 33.462069168279044 -0.17173989950974966
2.4707045553976807 34.393779304339496 0.46084201787523815
1.6205972827130912 28.430520726062998 0.7332491828617327
6.3858077229750565 28.882026620235965 5.229534225900862
1.511552101293121 29.932168270288294 -0.7677122876377274
1.7331462320624669 25.85011273608628 2.087111035679307
1.6942310855110305 33.66522331991713 0.2800240771894247
4.580885441743903 27.844553675861974 2.4654643307153847
3.015736849571256 31.86543054853985 0.5574879325762838
6.592100413613011 26.916874378290647 2.0162045167145237
5.4151578968099745 27.360506420313488 1.4551307110214773
5.731224641297522 28.294200726124174 0.45554103606822993
4.75639664171288 26.338078940922536 0.8367215071480905
4.43653840848243 29.77877212725989 4.878291431429741
2.0844855986252933 32.34557659422636 0.29551296796445414
0.8631929665056862 31.70199405335765 0.17708961328762984
1.281508328892742 29.33960549322471 1.2299216780114364
0.8615811519722444 30.222949215704556 0.05756597280946796
4.940436595148288 33.34689582632524 1.8641844174221034
4.873570830099697 31.96836601802305 1.91632595358605
6.199697109723702 33.84118681075942 2.4061241335177064
3.9178400699200244 33.85220652866196 2.5798104470453587
2.1109018439580995 34.30467870038053 4.350477093234062
5.010167186079731 33.808591837072065 0.5790672243424166
6.9977583603976266 35.75943974083249 3.477092220146779
2.551683411584435 30.245089732042146 4.420682764838057
3.372280373073167 34.750982855187104 6.179788014420805
5.733311136895462 29.982737465572615 4.808148304583408
4.920716023575838 37.12857419476597 1.4461402757196684
4.0280871457940925 36.309975962762444 0.24760931468723157
4.7525703985490795 37.11522288373678 0.3692703711673939
2.244416217260236 29.739168891520748 1.5481314969795157
0.465799532175106 32.50474409085689 3.758781589377256
3.378501834655739 30.791297216705757 4.87469672850496
6.196000875776859 30.927640884571442 4.564271831508585
4.791688581116185 36.12258427280668 4.890298227382033
3.5763583375467323 31.668623666880972 4.25886306244566
2.554171970749022 36.01508933625368 2.55924628144123
1.3164745233418058 36.91598701770851 0.8451300291389263
1.5454331599527265 36.84257844722509 2.1505973703099013
7.232789916531985 31.155781229404834 1.1699215543561925
7.387520111306534 28.866668000924708 5.357738764366028
5.474801632617215 27.897159343507184 5.5274032895021215
4.266245879847266 28.430039743509752 5.326013614879235
0.4331598640584452 33.831008779879824 -0.16766781065366776
3.3340509649300003 27.95884668019584 5.600585531859517
6.832475839675266 38.05530979432066 3.4390450791781113
8.085660922407103 29.06669147458419 1.379795541690293
4.345130858648517 35.76171340127506 6.172953285377836
7.862318629856708 26.799263524915617 -0.360187882536408
8.101422026589704 30.978908368578928 0.5356548529837479
7.742693937084582 30.795976275852983 -0.4772370500878065
8.108016237793576 25.748487149172377 -0.31657947116028984
0.6356950046244688 34.8689493845233 6.077613664534014
0.586589670543629 29.06204196868975 2.022478646432017
1.7897683620892297 38.09662513981551 2.7089500740105246
0.3692098083162476 27.299106141444234 5.436033360019082
5.892609886758425 26.99968415534566 5.95911447643905
11.36367192213099 25.83781729936214 6.068335241386852
13.129275790457775 38.238433789351866 3.017730563801014
8.444134075106833 34.814311481165284 5.455570615630655
9.509955710787766 29.981607422182616 1.886957791098145
8.845957005174213 29.773731101807677 1.0479147919775766
14.38163948138605 29.287530331161502 5.86439640395347
14.7885056520519 26.60200367646687 -0.5586576163082368
8.284037582386478 33.38283061659951 0.0413347865006608
9.69527202985726 26.96407116978105 1.745032671517257
9.434693972789349 35.23194090645072 -0.5929138520149524
14.99860516101158 38.25489993596404 4.275545313827628
9.438513115167 34.400093967850424 3.6008907209345518
9.517535365516435 29.3587867743547 0.29631402628640724
8.733064287649638 36.6854344932183 1.4516418144805865
10.531376241936666 27.208271386140645 -0.5920931054421241
10.198015356642358 28.4810403687824 5.108296993101743
10.611501829296135 37.24305062261147 2.5541058611060663
10.054029227426769 33.27035976798714 5.423410537907492
11.441308977058972 33.96004164050587 0.41049886041127137
15.004688429796197 35.05108804071303 0.5405767667590533
13.405310457592757 36.4812643167602 -0.3426178338807362
11.832619955796417 35.4137236836909 3.5607540151711348
9.624282620252679 34.454239414238025 4.956423393277127
10.496249197736699 35.46327915357175 5.335049986854768
9.303812763635232 34.265052422158384 -0.12988386672080798
11.573404514045047 25.81404400070568 -0.32209262117821047
8.829159372643012 32.2482474626711 0.5049337419358091
10.497559515390021 33.60241456892113 0.3712581821256977
10.7732168853629 27.61661386384533 4.2862515099507705
12.137474393877104 32.8101066681601 2.591790741295843
13.284224698178189 31.43248249754545 4.127618939757979
13.094233468829138 32.699212352854595 3.588430117811968
11.327805956171309 27.632658547996183 1.281667260141106
10.129561093845917 32.408040171381955 0.6764387862121957
11.938559031827438 29.917948890080655 0.1340493275588739
10.696513194835479 26.7486756376222 1.3719095091539701
10.625494857283242 26.272734337414956 -0.04072016724695482
13.252372851079626 26.047102271146215 3.4922273262146164
12.884947787736378 29.10767055551911 3.9940531231889773
13.25776669565533 29.7911414718048 0.48798036431306313
13.806118235508151 28.72272850459466 -0.21924073498125307
13.336072679761827 29.522666523490656 1.8467014777225943
13.926839069341906 30.962415523002658 0.18904502137136125
10.677675984124457 31.651562414537263 1.218390324986408
12.824629121367153 33.597534463489396 4.662829066490089
15.06369136572437 32.78674359918412 0.8129099376625959
14.362849885387071 33.14191804489124 3.127481197812573
13.607326550676147 35.348110876878486 0.4090615231933925
12.968908257826035 34.16899757577115 -0.09466885384020185
13.006120767146792 35.586760787183266 1.6065379135163005
8.980095727625725 28.7763065018814 4.673709091762862
9.935800472062482 37.4298624630529 1.3646118342393343
15.128766989577828 26.536444258587363 1.1683390160252705
10.777890822671202 37.17151595504591 0.22039573444035176
13.330299295838104 36.76502846380308 4.71013928931329
15.537746701360145 26.32058514219063 0.18130282755888683
10.899954566165674 29.629531298851926 5.259512555765361
16.282772698008085 29.085455572411927 -0.13008083013570926
16.140082431499728 31.820385659236376 5.708632561595227
13.629984356294488 38.0830687577401 4.3233978990357365
11.235142238482618 26.088420245988384 2.051645907236664
15.102203599660347 32.11800200001492 5.733773046074221
15.127002594170367 25.52680374281632 4.700931268822237
18.956953346434563 27.33236402237618 -0.23616378330367116
21.15543789127924 36.99670605110692 5.770152829181506
19.11505198443953 35.54805063804681 3.7896084307455924
17.037327406356415 28.315659115409062 -0.06329305558113951
21.302977832516454 30.529617340084094 4.8427459714905865
24.42858950848882 34.77706229635605 0.9150509895041159
23.914656121573316 34.78475358840613 -0.7697061152683615
23.72476186316147 32.00823760662403 1.732967831612937
21.205291076997792 30.611437905133034 6.224201934046469
19.996862392728275 27.09795617742528 -0.40949046031718117
22.984465908254894 33.355580153000666 0.26174366093087653
24.092389992928272 38.26604252433191 3.918037359266285
17.159577786397424 31.609561646356468 3.739803234114639
17.86959544035939 25.90605423954492 4.157775683101631
18.622300253302814 34.779410817089186 3.2127301450061685
20.142132109221286 30.152462133580553 4.259141142348786
18.134767414170643 31.165067841420075 5.574120925641415
18.11678739053408 32.33382644829417 0.5681083802716536
19.889483159681816 35.43601743240008 4.957221432141619
19.02608962797046 30.858530417916295 5.211244198499685
17.98872989711389 26.431772270286295 -0.22643389843810868
21.446045210466156 28.218868917020593 1.486992049254342
17.066773824381016 31.556347417473866 4.814491872964544
21.202185276735232 30.83006430489223 1.4304114956556513
18.756377074626656 37.34742850392966 2.0623087995950087
17.192534625995254 31.625841159826766 1.2810606524233659
16.823603031292304 27.006073103398112 0.012520289346018565
22.442648510443355 27.247993801274912 -0.3289967560109053
24.317759707832884 32.06553701245783 4.930385329572743
22.838456161224236 37.03049881942457 0.9498913883136206
24.12908569054927 34.14017299060317 0.08272324430734224
22.898072950574512 32.25960007976404 1.0850462711783182
24.134449707843952 26.850611810613763 4.8641044986110895
21.833320075077047 33.43307594282526 -0.37892658119130895
18.953863268660815 32.956436163517616 1.51990946663901
19.032800828031675 36.628948421999596 1.2906377033517802
23.30611777129759 26.906121986866157 1.6899382344613134
19.40345454208095 36.726814024937376 3.2367685249023648
20.315710789308678 27.1761672251935 5.721949711050206
21.852595197055518 31.686494696747317 4.358019077886964
18.73434032583782 31.38324394931016 -0.24327813142931198
20.04162681642486 34.54542102828151 5.548905767302463
22.693096865623342 27.844541439883436 0.8921090630227202
21.195753677009133 32.2402972531835 -0.18911178024802688
23.705954045023343 36.157706382252634 4.789160319860262
21.15451193659983 27.569685480020848 3.657538437643797
17.412293363443613 33.20622421479988 -0.1890431464569553
20.243197844387083 31.97625899084254 -0.3965272608510928
18.69000016407115 29.505698683190104 -0.03682366491485567
20.035767554662186 37.457609495494694 4.125141747758864
22.179442883430557 29.50363355661185 4.633089562505509
16.727965576814572 37.95414904748154 1.293489268940583
23.880100424684777 34.14189675635681 3.690926793290724
20.51431003652325 36.67560483525863 5.058851850525384
23.48468032752992 28.983448739343636 0.6576263726052611
19.690290623139514 26.06097080798529 2.575767293958484
17.200085787550442 37.32172682945503 2.045316805678312
16.864230224860897 37.690218935093576 3.014602423367271
18.324363216821148 28.587592670623703 -0.24536855802666846
21.709592173874466 31.66354267189769 0.9675378065416051
16.778865549434816 36.32831778175413 1.8910055134223036
2.299377454920726 28.43817401020556 9.513299529290085
3.6174857211012656 29.016438183016774 9.621576829054103
4.778852926592273 28.082247652319396 9.468468170724499
4.9391976382544325 27.865599476517502 8.41231801986823
3.702453338288993 29.284941875926744 10.674566036673529
4.762123595357456 27.174842153853323 10.07215301476008
2.014112636359839 33.285321904624375 9.35364451092233
1.0167427610398663 29.744625288753017 10.770071657680521
5.845046406367482 33.85529502169516 8.569982179250152
2.700013721094065 26.710165864190433 8.365241770455924
1.1090347452419036 29.00061897100923 9.99268064370414
1.973670322034222 27.297943620572163 8.906852862992396
1.8302919342132677 34.382375999985925 8.512159436650666
1.3037291045696844 32.2124796385863 8.98373559521087
3.3734194752838307 32.94262589338583 9.22096284229868
1.7441117295008626 33.54225377535008 10.683693250989101
5.540069283906425 35.820587618077795 9.668683155814588
6.809263333192535 36.21073488677519 10.097059519728454
3.7316401992920465 29.928027032897827 9.034998169124108
5.434658489596775 35.193436554012926 6.7192004211464385
6.6508359887567785 31.626237306376463 7.1481731523556915
2.322906535760879 35.77682670602096 10.696676147072967
0.6443680028814784 27.13560199849386 9.027211920383357
2.2329971372213677 36.83643496075156 10.508137964702051
7.632081344798323 35.579465706259654 9.20846464611818
2.058832488426267 36.781796446446165 8.41976424231929
6.989701344307761 37.58494582213754 9.834020947875008
2.0216787118185584 37.28722340130966 9.293413594187
3.084709150715095 30.57967332793748 7.058345004100892
3.0794632237632125 37.71819308006022 12.655825567118518
7.026356791616054 35.9816591265158 11.379636389840366
5.660777577877516 28.650835686408257 9.76345385999133
7.757812420529254 31.414154746981257 7.964068750823916
8.082349532159137 32.67410627144209 8.443537851896231
7.42068298810195 30.541376170613667 9.02142268174928
4.004388014568788 36.838937085957845 6.966459452906677
2.949307042882936 36.70960287116395 13.048133048286148
2.4335261124294743 37.86537764644743 11.352150950083299
4.148784508785306 37.895725717230775 12.541221235441908
0.09020766826132517 28.2010612631529 9.72393528850427
3.987313801763229 32.0491286229862 6.534507950477617
0.17664457436266762 26.27976605617532 8.764762622178514
6.07628590070611 38.11070642438303 7.6095079871146885
0.06758407477841642 36.36524445400019 7.730375539960054
0.13540613304779942 29.314684321932067 6.517454979164715
2.1775893526535732 31.654453352439095 6.409189490745217
3.209749285084387 31.329806091170358 6.277469980750335
8.33014337227863 26.442250018639342 9.827140015419133
8.78891289365709 37.359972399701036 7.383469004541499
15.506305896134018 37.722505597448176 9.57643069897333
9.32931570919592 28.655733959296636 9.047081195900187
11.002155149533543 31.581417156148046 6.626976582955113
8.993068724791137 30.898281114756866 7.486976468693712
14.201792106215343 36.707821544011004 8.172096544311882
12.403588497738768 37.86774737253234 8.566930302536779
15.020879967442138 35.575082212462036 7.616033630509876
12.531613455546196 29.631047140796046 11.573064941006688
9.691810892318635 28.019664674506984 9.841066779563924
9.395140874203413 35.06945149298728 7.697998957472496
9.152680612742834 26.893985160465125 10.200593961044156
9.976871420825486 26.253816607433617 11.083492471849025
12.015572376875253 26.976335393755626 11.691556424886658
12.084669412063096 29.5392885767667 9.468490648605659
11.570502888460778 29.466758581795013 10.426860194472752
10.799840566794598 28.241556265909463 10.496016320371366
11.07055609152625 27.042802235468358 11.172975303632802
11.394510588642637 34.28198359080805 8.271763610313936
12.15503444277954 33.19068321501604 8.630346559854246
12.842243891832714 33.3888326083003 9.85429742383512
11.240107090646047 32.18845247651166 8.878542514097802
13.22117972551245 27.397112255122266 6.305150040036841
15.440396986175635 27.70694209427799 7.0529810035869325
12.918671590552824 30.647736634101793 11.641097830764412
13.424612339356626 29.007843797806256 11.6207156144361
10.933464655581693 30.345128288622135 10.530537329299543
11.938175853995702 29.515612289722185 12.480041571372713
14.227659439606684 28.28889589601251 6.841648563528965
13.033988701002407 37.01799725341221 7.770298385300631
12.560178061959173 36.43351104895905 6.99552141444139
13.686133544519794 28.7786791631854 7.989490610161249
14.912887305604695 30.64265842226392 8.038334202776648
12.830597879388668 32.83158368976317 7.547425658908824
14.389680034318358 34.69663049378239 7.75023207702038
15.44433094476382 32.28398280648593 8.393601867848993
15.790860547535553 31.272321839422776 8.182511075530739
14.509101015464138 37.613253471628866 9.176372705128221
9.964657703403725 27.80174096001825 6.324693831878191
15.999470154918312 34.6751795159799 9.320162146721641
16.34258247258595 35.0743864516806 8.365694881809734
15.723641532696082 30.748761966902276 10.194344014811875
15.27678512063539 35.643128039878974 6.558686800690484
11.494376018320521 38.24487124985323 8.340633488212138
18.39499704305386 28.03402523603237 6.729227155050655
17.2260070239587 31.325381771747068 9.759444284082777
18.38959142006268 30.63165152344863 7.6177432998448875
16.73771270387383 35.991697612974676 8.802172067543063
19.57474114949771 27.317171203397677 6.855144200422766
16.986530470190278 34.48515725966361 7.712824345854404
20.80273389304401 34.3600804365861 7.985984986806588
23.781542351647534 30.80102261809678 8.854923315910492
21.98514929472225 29.80213994472651 8.085300989856258
20.743093627248673 32.063623486977676 8.550960111101222
21.598404498311623 33.61835123187189 9.89292046716368
17.839672657431237 31.17144310358225 6.8610304056764715
24.08212736887199 35.596542538946196 8.409346510281917
19.41383639079642 33.39710044434019 9.505253786613949
16.5559969764503 31.434623656096665 6.9454855685131776
16.424945269639565 30.7026515108155 9.361189230771519
23.95522164103009 34.28589263886476 8.798366070741531
20.486234955251053 27.813578243723622 7.863128483257574
19.1032427915873 26.064957546322415 7.13017190725386
20.641504058499557 33.36312601840193 9.007532287341611
23.197982755484595 33.65573178297554 9.021046481412412
24.355417558861287 29.548450506291687 7.123802156154375
16.833967914980825 29.709710549591687 9.174457543505328
23.235229078434156 36.26362242673786 8.47390430530189
16.962635682147447 26.100169942821086 6.397393599621268
1.9034684691098631 37.9174072112799 14.377274190676385
1.2299459345714612 38.99945564726455 -3.3499999040414616
1.229950762849878 41.83000864042577 -3.3499999231457966
2.4590445286115483 41.11953654366727 -3.349999918148394
2.4590053288487534 39.70108178196185 -3.349999923272006
3.6809946830790325 38.99891823834205 -3.3500001025996173
3.6809559844520505 41.83052892269349 -3.349999916049704
4.910049094249634 41.12005424661173 -3.349999999868155
4.910054063126704 39.7005443450869 -3.3499999801172233
6.139999993625244 38.99948983065392 -3.3499999579132647
6.140000011633725 41.82997735255069 -3.349999976854605
7.369950915173509 41.120054273429794 -3.3500000189599954
7.369945940106872 39.700544342205184 -3.350000025380048
1.2299508810229038 43.2499938042122 -3.3499999276472714
1.2299503877175588 46.08868298868054 -3.3500002420400756
2.4590397649882823 45.379413021077255 -3.349999972148633
2.459044350398063 43.96052020440247 -3.349999937049213
3.680955689620425 43.24947362003297 -3.3499999356541
3.680959772348805 46.089196320897386 -3.3499999431569414
4.910050064011304 45.37993511656484 -3.3499999485933674
4.910049109913162 43.960000257871606 -3.349999936692498
6.140000018520704 43.250025034286175 -3.349999909853929
6.14000001708347 46.08865188153988 -3.349999933801052
1.2299503514590902 47.50131701213956 -3.349999928410358
1.2299507830098972 50.339748101099254 -3.349999920968724
2.459043475472868 49.62946801250307 -3.3499999239953624
2.4590397620823827 48.2105857759719 -3.349999931894195
3.6809597846777606 47.50080363651382 -3.3499999369844193
3.680956500514205 50.34026693374955 -3.349999925884799
4.910049289537767 49.62998832176302 -3.3499999033962427
4.910050067035696 48.21006374208113 -3.3499999259166016
6.140000015659719 47.501348085680696 -3.349999921750854
6.139999996742228 50.33971682204011 -3.3500000870572197
7.36994996419157 45.37993511264442 -3.3499999076364095
7.369950921279311 43.96000025818574 -3.3499998930662764
7.369950719539539 49.62998830675045 -3.3499999265630853
7.369949952661458 48.21006373033072 -3.3499999287867386
4.128120382669926e-09 43.95996902642002 -3.3500000600593562
2.3725945108724298e-08 45.37996686966317 -3.3500006206240975
8.59900532338707 38.998918227246584 -3.349999897765039
8.599044015043262 41.83052894571784 -3.349999906864717
9.8209554743688 41.11953654702762 -3.349999956256391
9.820994673121032 39.70108179685588 -3.349999879964506
11.05005405640011 38.99945565784511 -3.349999887498961
11.050049231626723 41.830008653778485 -3.349999917289467
12.279999989569191 41.120085188389915 -3.3499998939099163
12.279999998022783 39.70051017128204 -3.349999898416449
13.509945943163943 38.99945564490016 -3.349999888228603
13.509950760293137 41.83000864541751 -3.349999904019776
14.739044503619164 41.11953654215077 -3.349999996810035
14.73900532508189 39.70108177846834 -3.349999902979585
15.960994672699911 38.99891821839073 -3.349999891318073
15.960956009581714 41.83052895389871 -3.3500000991660404
8.599044321410119 43.249473624789516 -3.3499998779190587
8.599040233666765 46.08919632276279 -3.3499999015653903
9.820960258351299 45.37941303441514 -3.3500000144347775
9.820955649969102 43.960520187795055 -3.349999927129393
11.050049104052087 43.24999381042929 -3.349999869029597
11.050049629014469 46.08868293425941 -3.3499998802505573
12.279999983291507 45.37996683122741 -3.3499998815651355
12.279999981557193 43.95996907454642 -3.349999878290948
13.509950875445924 43.249993806016214 -3.349999905010103
13.509950351125752 46.08868293224481 -3.349999903616858
8.599040215729959 47.5008036148773 -3.3499999478710674
8.599043503259734 50.34026691729792 -3.349999903962532
9.820956533606443 49.6294680000058 -3.349999941072709
9.820960248507713 48.21058575796259 -3.3499999882392952
11.050049628696787 47.50131699728938 -3.349999884403961
11.050049200657073 50.33974808625861 -3.3499999583513818
12.279999995059706 49.630019580211915 -3.3500000336841196
12.279999987774255 48.21003201021895 -3.3499999131162825
13.509950354219429 47.50131700544636 -3.349999917493247
13.509950795187397 50.339748077289464 -3.3499999757376164
14.739039759515228 45.379413020886474 -3.349999914573604
14.739044363018222 43.960520198677635 -3.3499999141188397
15.960955706620775 43.24947363373083 -3.3499999118393387
15.960959787633747 46.08919631390401 -3.3499999115695376
14.739043468255145 49.62946800290202 -3.3499999288261284
14.739039767374031 48.2105857747049 -3.34999992608254
15.960959793296386 47.50080362919564 -3.3499999148864745
15.960956491449025 50.340266925484244 -3.349999957376494
17.190049112201045 41.12005425608055 -3.349999932486077
17.190054056092915 39.70054436031822 -3.3499998899496095
18.419999999839515 38.999489843807574 -3.3499998957393906
18.420000024182237 41.82997735717022 -3.3499999837506733
19.64995091269667 41.120054274358665 -3.3499998817976606
19.64994594784162 39.70054436960561 -3.3499998802104125
20.87900533614474 38.9989182282452 -3.3499998862199973
20.879044027897898 41.83052894722181 -3.3499998910092033
22.100955478040692 41.11953656506181 -3.3499998600862133
22.100994667392705 39.70108181220513 -3.3499998848012735
23.330054006959198 38.99945568761673 -3.350000560335168
23.330049204996257 41.8300086348205 -3.3500001473238217
17.19005007250293 45.37993510498343 -3.3499998946207032
17.19004911932937 43.960000258713286 -3.349999884014255
18.420000005606283 43.25002504446117 -3.3499999472175626
18.4200000108175 46.08865186686297 -3.3499998933476096
19.649949941634762 45.37993512083786 -3.349999941786251
19.64995088206362 43.96000025400163 -3.3500001359297893
20.879044328343884 43.24947360793185 -3.350000026021794
20.8790402149743 46.08919628304059 -3.3499999223124997
17.190049291394388 49.62998830080321 -3.349999926633126
17.19005006328171 48.21006372904992 -3.349999918703359
18.41999999124643 47.501348058572944 -3.3499999200877895
18.419999994352292 50.33971688139537 -3.349999938613133
19.649950579684763 49.629988418270514 -3.3500003189789918
19.649949729680056 48.21006360678 -3.3500005391384278
20.879040229805796 47.500803422977846 -3.3500004658413984
20.879043531671286 50.34026704005366 -3.3500001121484346
22.10096023397706 45.379413007458105 -3.349999908888459
22.100955631613147 43.96052019225386 -3.349999948649196
23.33004910889896 43.2499938090273 -3.3499999458110494
23.330049640791415 46.08868292823789 -3.3499998964085984
22.100956608567355 49.629468054116096 -3.350000076569054
22.100960357078783 48.21058573570086 -3.3500002274910434
23.33004965553132 47.50131699875336 -3.3499999148418946
23.33004921361969 50.339748096972244 -3.349999924998693
24.55999997394563 45.379966810763634 -3.349999967613091
24.5599999994315 49.63001959488703 -3.3499999076075513
0.8712022782208322 46.371928808562856 1.4953449363357518
3.6484598600168656 38.70532670627319 -0.6468698371197046
3.9909604821872717 45.21907323041576 4.971084970455696
6.7861859992720115 39.40824234842962 0.11212735710638633
6.721822485016963 42.62433165640063 -0.2104514758306797
4.3382817851163065 41.27845938380277 0.025095178257605877
1.1330016197438117 43.823378255324016 5.080619411396389
3.9398003126678 38.81654219459017 1.086723264012699
5.344152473520184 40.88704934198697 -0.012618707690209563
5.485828970139391 39.55473507492411 0.09342412960237634
4.399938765941684 38.56739811780296 0.1305329929125676
5.2190706327553364 39.74993050414394 3.2975270018248337
6.373932087489347 39.20024696927818 3.95574909885572
2.975037716742866 39.54728717097789 4.3651586498489445
2.0783505340565394 41.685967225232616 0.8604029444438832
6.486322109560784 41.572217549264145 -0.14724167988470982
0.6010493449639892 41.608422682450545 2.358006809874346
6.599322981578893 42.500244258235895 4.970704428829155
1.8508232625508323 42.11988436082231 2.096441926407203
1.7885511392443574 43.548368035539234 2.2266856649001543
2.6123152681911934 41.53982874475307 3.1478654511225876
6.876947393038628 44.55253002891225 2.3443411311799798
0.5263953541992996 44.99182760344242 5.249431709780994
3.3204899391921963 45.28102908350745 2.783082738954157
5.561405266206302 44.81656240876073 2.0706466560608714
3.2845083894137637 47.54978642743376 2.728398136470367
3.268292886451997 47.868220906684044 1.3800239986417817
3.465407492404426 46.62685683048624 0.8310832006204338
2.068058843572383 48.51753188210819 0.9358257482703103
7.65152132594629 44.82295628106168 1.2653220975037738
7.878335094991613 49.03730345251629 2.545678803944921
6.8647077401079875 43.17590386883526 2.681958618635778
4.320056627421566 48.698864627326095 1.164300500901383
7.436844851959365 40.08308404976927 3.8476966735047338
7.420255004709845 40.50316443636706 -0.10995933294095206
6.901507051292166 49.57615277685491 3.513051980823766
6.9481702721252985 50.664379810377035 3.4720097125481573
1.305262848652332 45.84406726573941 4.509428837322382
7.387364026331218 45.224606206053245 3.42149439094273
5.939976612566376 49.26814236328874 3.1023345583365525
6.574005043729293 47.89330650057219 1.0596981884980683
7.5343943788021654 48.222075194031675 1.4284304372312873
0.6808623810449218 39.32424620044308 0.728175715280942
6.288245747658647 49.15938600218438 5.505263504172653
7.216913076806172 49.00539737085002 4.955750544380338
6.024277532380237 38.9257188998939 5.27923024333666
7.182890986347346 38.40512253566455 0.1648131620940818
7.412129867883766 47.93396298713087 4.910819865181173
5.531910526184363 46.54700648352821 5.949144664663635
1.134004748905338 45.730934658527914 -0.6997756403398858
3.2713133244252903 50.70019166251111 0.08202925778825643
0.2926259497834751 45.23629509887105 -0.21447838878182246
0.6280066944588204 44.27570517587687 0.1765289715431939
5.9837870048188755 50.69561666594874 0.7160537333830419
7.996553718091518 49.53205145410519 5.506110378604646
4.6036445162551205 45.51049172028903 6.103542809719029
0.5005953633581891 48.5794896349632 4.806027394450497
13.210359429190397 41.09736115972613 6.219243115078427
8.646824559492488 47.84201561046399 0.7960279896107403
8.85216611232938 47.374786305346916 -0.15577641419140198
9.223150131858146 38.73630663785071 5.647912477944193
8.411729530438476 40.69529236506782 -0.12280938378186224
9.655639376982384 38.827052069870845 1.2263456383773752
10.617958779498915 48.53295472202663 1.235655878884181
16.036454277959468 50.08026395236498 0.0015851624140894582
9.15671019719761 49.151427641871244 2.4615146439209545
14.444156594531322 50.50447604790053 4.424272765081829
9.19684528383532 41.9630123629412 4.713599266732771
14.219395461052855 41.81923270189627 4.265590139458588
9.627579832007932 48.48594573801073 1.428112875566503
13.976814924250341 48.915400295219996 0.6484314920951295
13.91418593743859 48.72051684490448 3.1482483808117943
9.956776970201995 42.86836948126229 5.380636759254051
14.646717942596313 45.9570447848657 4.433874592736034
13.136209888913077 45.285104498936626 0.7195031468119484
11.637547863211884 45.749922495049866 2.3343085241860475
15.785695624076357 43.47816005348505 4.4547052737749615
9.69970254241361 43.87937767885863 2.3019993099420732
14.199604272722516 43.66119467795726 2.8380451233741857
14.466439776309143 43.16617050072662 4.158788742118764
9.817394607719677 39.89460185868911 3.654617584153291
13.12380087164841 39.1228043549261 5.146038047797264
15.10630309449691 39.4913089019061 0.3494354744203987
9.808731689578156 41.80696464070152 -0.21807283033148828
11.82103265125118 42.531823781360956 0.23868877708987046
10.963809097643423 41.492670942525066 0.5448789381897012
11.527933001401195 40.27761372889823 0.0922033102208053
10.730988841128584 41.48613151037882 1.9217578922806444
13.7753949623379 43.84128052911955 5.134634102390555
14.325991960987363 43.08792519575197 0.5116135431606372
10.941075822886035 45.524043630360225 0.17938113246737664
11.986266634551825 45.97929233631517 0.9912395838185417
11.219835383222955 42.30011122681222 5.720144772878035
12.0777606338545 47.389309806702514 0.8706987938677535
15.965485058004283 40.57548165652667 0.5453637326803185
13.585963676382441 49.42452122328664 4.229469998596109
15.2897088877416 46.856951483242995 1.4683352542495232
13.560855944674024 48.536780318761764 5.2553619659275155
12.324247677560546 49.877933614876746 3.9648628479439663
16.127219273457868 44.90334803230763 0.7083458659649522
15.653825164145175 41.1820225131664 1.7585421848935423
10.055317327871178 43.94775436781284 4.581043957167368
15.656244104169783 41.56304276322612 -0.3327669560903046
16.202728532181684 40.22417853717735 4.097101126665042
12.240714960674776 50.18116280757803 -0.24379180020243862
9.78553607444816 49.570156188454156 3.2332946771511417
13.001408629809765 38.54584241928726 0.2380153904069493
21.608643232301297 46.2448995440451 2.824483013773913
20.314848636798875 47.7808418276061 1.1757821718034
20.138075492597242 38.528954628793194 4.034849495033004
21.955072858123795 44.47985285558122 4.091492746072499
16.383797827257492 46.094347444679656 1.3518878468298867
21.289781045326535 38.69759331403102 0.4532167181900748
17.93668309971808 43.601373267109125 -0.2448384747721999
16.885310755466513 50.902388046261066 1.8171797410373947
20.42426022668784 46.15109937770459 4.7790047868931405
22.322166898824438 38.554528183406234 2.381452187917353
19.944846676200115 44.76744078553242 3.0644869517895836
22.83824165898632 44.34651448737114 -0.4773163661074331
22.69187681269417 39.80088119711743 5.53713443055262
23.48646010023816 39.33785615591085 0.8089926122182289
17.952325677166332 44.55370828472642 4.143817687530333
24.05979465285296 42.77093798300453 3.497073217489647
20.684757777679028 48.76859085513659 -0.7962283694852779
16.58748982167181 50.97540843037354 4.1473196781663155
23.08591673218026 48.91005294468831 6.163435456954462
20.049850556825756 44.03100431785641 -0.1725615965465377
22.03039416223538 49.02522460918142 0.9418429838813458
22.58202994110156 44.0447264236317 1.2390381146880025
16.82119760250159 45.72749920596799 2.566789373570767
23.50559568122446 42.4090976618478 0.2403071093767628
19.53913789307462 42.058416123987385 5.113274837564454
20.95743185488312 45.441823715941354 3.6888277581109308
23.247654416728 49.2136496592552 4.765270067095846
23.618601904516844 41.90862187929055 -0.7213859728126559
21.252191245976807 48.127154670433626 0.26374409577027635
18.39545018096217 40.27898260153374 4.152920270399784
20.435130174598445 50.20524455956129 3.8559717970967977
22.458092778099804 38.34210470565263 1.062254248281892
18.03083249403092 42.42909803093917 3.584707203888533
18.80176539952503 41.2339299332704 0.38793541039323753
21.145982170123453 43.190903267018975 0.05525659288703744
19.027271352728484 41.538708086318216 3.970184876787509
19.35730780533745 42.019390198195126 0.08048654162948865
21.89342703838322 46.9942068924796 -0.2530257364075039
21.244967825597147 41.18574170022808 0.6677325864259187
17.317401129673133 40.398438873409944 0.30621996704704446
22.527739470929127 43.59436474776426 0.2479140528263324
21.966284422663183 42.05002253620464 4.411407110757995
18.97252954440078 43.324975524428396 -0.11435310967688017
20.07496893264074 41.497907402857294 3.0116463847941
21.85861089359369 48.44498661021556 3.147077983811588
24.383488239028758 45.6970443721462 0.6506702403869158
16.764862260974514 46.627456721157735 5.1438820352732595
17.016319971116324 47.76935794597626 5.8952711102579105
17.24244686174208 46.99928365866989 0.8404237734503184
16.814241611968203 48.96037785372692 5.162015701754232
20.619742074887448 41.987584080634676 0.3036700128698
20.158325667575276 45.10553168269774 -0.16765321218683127
18.298218884537306 48.70121108888266 0.013677244345930983
23.369101162652484 41.71768836037006 1.0718252536011508
24.51613342887175 42.780766357951684 0.4099415422988306
18.088648976548424 51.03517417744956 -0.04199904336275373
19.196581936316182 38.308356222771934 1.795967665030156
3.62867146178916 41.7169993758362 7.819341831315204
2.1449477008240296 44.11366358217225 9.603389566453629
0.828235110395658 44.04257437182933 11.405947973978364
1.3954188912297254 44.93432069151469 10.458578806521393
0.3581513748591514 45.59655043621729 9.796678890274165
2.1985089858849514 45.87727554124884 11.026439752386855
2.256425305745835 43.72180963020406 7.3047076378336495
4.459072411835139 40.789474350363655 7.349676101406976
0.8790833538795824 49.07695684423717 9.47740044468945
0.6173386625150453 48.20774445195852 8.53530175529384
3.729962915358004 45.97598122041728 7.115430823210738
4.8653578814138045 39.98618256332072 8.40551641213765
5.287909119788797 44.36027540703112 6.491662152126995
1.7151616143441923 47.58661458049045 6.7088064607843805
1.667362138293113 48.103072559390476 7.656111251221773
2.5191537223356097 49.04032612424267 8.014813253854637
6.486282481102145 45.318252194211524 11.51318651136668
6.796385777606117 43.455682400428884 10.502691838803763
2.0647218863600356 49.54687139234532 9.248687791488186
6.61835183957561 42.1391132101766 10.828344780811436
5.715499740598722 41.84184945511412 11.341075067559625
7.634066395728288 41.379321875638205 10.406619703579036
7.9026913696605146 40.34188634008445 10.540664967846554
5.465844219705231 41.27706632333926 6.560756596837009
0.17165732027206018 49.2455990578441 10.275841557554005
3.7506392676053233 49.41458818973549 7.25849136786016
4.611289740925309 49.04098270270867 7.813288360922149
0.4719769891156706 41.64308926453263 6.331497280641278
2.261640769167742 39.93386704697661 11.106839422858474
5.910159342334794 44.61825238350948 10.908056447498316
5.4438199067499315 45.337769767886265 9.66198755306654
4.7533768915957495 44.67020809707485 9.146478233580032
4.968743249682127 46.27610502434739 9.948220179361156
3.782023688679583 48.97717683116439 6.260600430611372
6.342850974043211 45.60481716984917 9.106533842022902
3.995832472571952 50.87735229011149 7.2384045830661545
2.3465220705682497 38.98375475368164 10.60039910607945
7.672310792800123 48.8977686603099 7.643845840666021
5.079917657406204 44.257720983807296 11.515358559163394
7.067961093637351 49.389320185641914 9.391843064831676
7.4553761613558995 48.65618788211366 8.684364025651654
0.32163306903548083 42.2386173779267 8.450652303613431
1.8408125479053496 39.38183610974531 8.520852471795545
1.9661674589359095 38.668272668480455 9.321797764075665
3.576737623490626 40.12384067439825 6.483556581678673
6.682910979790515 47.88836325929387 8.641435108500184
7.880125975641775 43.52608644457425 9.745684555850477
8.066459733284407 39.44420148686638 7.4232358784595505
0.44903727683317796 45.40181298240769 6.532520133783681
2.536231238101982 50.275482795474765 9.891497525560638
5.055285146362476 51.04279279850278 7.042727629643276
13.427543323731818 38.393357967429836 9.284151877605991
10.191476245361844 38.90474413134512 7.801325419130029
8.443520961411298 42.30459657181252 9.789516863426664
15.350911626096917 40.53009213012839 6.868068554729064
9.225056355935065 42.10354137186269 9.18216257343237
9.114048968622855 38.588757483672715 7.049797579755822
8.351809546582135 44.37972614283145 9.281773062193585
8.398762252778882 46.53749729952649 7.086651672421631
10.26044652234983 45.04434435656137 6.661266635687424
11.472801831415088 47.416548859870346 9.903080476892981
9.374587675871544 48.918817536215926 9.658222251771619
16.17272644195514 41.19454246701473 8.890778148034535
14.647958454683636 45.698046125919134 10.328614026854344
13.587445614982164 42.80646985923169 8.059007438206557
15.566381871106485 43.366864832451434 9.632354202855213
13.34760491085113 42.079926924373325 10.210822190710562
12.32901104200152 41.010132540387 8.500723774274444
12.721038185011716 42.22813345391215 8.96817116102934
11.694769485089807 43.09326687741516 9.020492516800722
14.574525792903744 47.087493957773 10.22058507378204
9.691132988287027 47.29602819300348 8.64100918548717
13.645000957350595 47.609842818936905 11.119166030531108
10.980738280858517 46.96018017650398 9.056912002512146
14.216802128544556 47.60009312962349 8.962830690462555
8.666165110553694 48.150230079284896 9.349174051653428
15.817209028687946 47.58610989495529 10.566611263885736
8.322110763766949 47.634346661596076 10.245606372485462
10.404875654881208 45.800802714059245 7.314727406504148
9.382179075982183 46.54519423604185 7.533005913882746
14.12283601835728 49.27244501803814 7.479951205297456
11.417688621689269 45.918690404056115 8.266054495296565
12.408910023648135 45.49745996547744 8.185773428375967
13.200802583951896 39.26621759815585 9.878378014560038
12.27182676527064 50.27721954756644 8.32520809491228
9.114530205154313 43.05768908602167 6.517398568896006
16.057673996161736 47.79586638494063 6.962209224703939
22.104527710436653 38.32144871793677 7.088151906774804
21.807826184547757 48.3823087595475 6.273087355692532
18.288600472426744 47.670938041189544 6.2907062773681215
16.461938491036104 40.451596575778495 7.727305991679708
16.89404792047745 39.23213752492236 8.062243582536134
24.01851938013686 45.63737584457429 10.150042967883863
17.51236683893173 41.125484815747015 7.123800588918938
23.545329116839586 46.28961490630264 12.538971140576699
23.542191425438727 43.037388519018045 7.669879126411921
23.084361811644328 49.99592767218851 6.942281668098008
18.73719026748898 44.54632703062418 6.518902438424167
21.05534785889758 50.246926070536325 8.091571777481677
23.361160828931258 45.22019913225097 12.641596401372935
22.139179214811612 39.735792644898716 6.764498251183808
24.186895787378912 46.37773363433042 11.226520715467514
22.58834066595146 46.802999090378464 12.632297370353374
22.233625642867715 44.89985273023453 7.767374137904777
23.013409859996557 40.414407776909854 7.5525727917225325
19.546319867276605 42.0705159383691 7.4980538449090925
20.880828246278124 40.27489939969631 6.758129960899132
16.694824396508114 44.59692574621252 7.316010032272974
18.322050892895252 45.86425048704675 8.345284687247712
17.589177311255767 47.9362751680132 9.090698189690098
21.34264848155629 46.70175108783022 9.419529125870723
22.240343915131707 43.51157901453683 7.842291282983529
16.387645763190918 50.00503847564861 8.818367857919304
19.952691750429647 48.227180641238235 8.592385416927774
19.61736534326666 47.507674415996 10.643170007525782
18.27334731117261 43.67130543305035 8.671206526275498
21.471010079002227 43.07847004965965 8.885876978848655
21.40655712636283 48.91234933741948 10.220928165901702
20.62745323989557 47.80002405446451 9.766494386962783
21.57767987858973 43.01930255054311 6.661927382363142
17.98829059758726 44.68844987135637 7.701331801188803
20.63854078561492 46.47034649814342 6.9367525862202015
23.970680339112196 47.99382252223261 6.631287141843782
23.52479444156512 44.67709104663238 10.172151597259097
18.52082468550671 50.765576711367785 8.142517116721663
24.55807985243177 46.23549010811086 9.041683003937715
17.122194528394623 50.989194698773225 8.170820595618917
1.7964143509846144 39.40991819275243 13.548513776246686
3.297337623391401 38.94763397400708 14.48777478531314
2.5069887700095226 38.625713228702224 13.809677650894335
23.971909039010434 47.198541891882066 14.388894040501118
25.78995066284615 0.7102494551406141 -3.349999901786742
25.789945933782157 3.5405443884839065 -3.349999897601913
27.019005322465702 2.8389194205878248 -3.3499998917401665
27.019043626165583 1.4204752367368758 -3.349999895790482
25.789950909720403 4.960054262579402 -3.349999944999137
25.789950904257125 7.800000273707294 -3.3499998854275814
27.01904432217801 7.08947363898219 -3.349999873099221
27.019044027791093 5.670528950248545 -3.3499998895971417
28.240956772125177 0.7097304912483487 -3.349999916809827
28.24099467051396 3.5410818386837217 -3.3499999015297943
29.470054047094234 2.839456809730532 -3.3499999144794046
29.47004927314295 1.419957153816526 -3.349999923417919
30.699999996939013 0.7102806985604436 -3.349999921262362
30.70000000031593 3.54051022521887 -3.349999919361375
31.92994593680278 2.839456800925744 -3.3499999429068827
31.929950726054887 1.4199571484456897 -3.349999910556468
28.240955475416108 4.959536571841711 -3.3499998969947997
28.240955647228787 7.800520205708656 -3.349999867685576
29.470049078531684 7.0899938216118095 -3.3499999968622207
29.470049221810562 5.670008658991217 -3.349999918842421
30.700000001751935 4.960085206149498 -3.349999913990007
30.69999996807904 7.799969107736915 -3.3500002367464488
31.92995090490445 7.089993783336431 -3.350000296059905
31.929950768190363 5.670008652960044 -3.3499999343583573
25.789949937188315 9.219935116089419 -3.349999892285751
25.789949914091768 12.050064862586293 -3.3499999206256357
27.019040201450984 11.340803677006834 -3.3499999074904583
27.01904021180108 9.92919631817476 -3.3499999408753456
28.24096025612246 9.219413001526023 -3.3499999515803527
28.240960225309173 12.050586951537007 -3.349999925988775
29.470049634353455 11.341317034981053 -3.349999922434047
29.470049632822256 9.928682921407177 -3.3499999079985407
30.69999996725686 9.2199668355667 -3.3500000873850766
30.70000000455589 12.050033137759918 -3.3499999284831916
31.929950369987893 11.341317042322379 -3.3499999170717762
31.92995036700668 9.928682965937405 -3.3500000553468725
24.560000004509604 1.4199261374009993 -3.350000071007627
33.15904321138655 0.7097305055332964 -3.3499999640637235
33.159005305935935 3.5410818039504854 -3.3500002573669905
34.38099469014948 2.8389194050546376 -3.349999960637998
34.380956365355246 1.4204752350900864 -3.3499999154386084
33.15904451022133 4.959536613789165 -3.3500000413973474
33.15904437068483 7.800520199801769 -3.350000040890605
34.380955675297244 7.089473623619706 -3.3499999321005425
34.38095597611631 5.6705289537671835 -3.349999908482786
35.61004932750499 0.7102494530641926 -3.3499999205853404
35.61005406304708 3.540544395625027 -3.3499999253363266
36.84000000174201 2.839490986669238 -3.3499999072659925
36.83999999856587 1.4199261499089615 -3.349999915828805
38.06995067047674 0.7102494494672351 -3.3499999187350293
38.06994593766254 3.540544400114106 -3.349999899968875
39.29900532431386 2.8389194265424975 -3.3499999078006306
39.29904363358719 1.4204752367855482 -3.349999915277219
40.520956781769925 0.7097304956927691 -3.3499999278688875
40.520994674173636 3.541081839495276 -3.3499999245474212
35.61004909162089 4.960054263657103 -3.3499999150951054
35.610049121641765 7.800000244323674 -3.350000018061603
36.83999999775303 7.090025053285056 -3.3499999107937874
36.84000000010675 5.669977357548876 -3.349999913898545
38.06995090736383 4.960054257983696 -3.349999908097685
38.06995089574598 7.800000285330317 -3.349999910030493
39.29904430985458 7.089473633951395 -3.3499999141945236
39.2990440139199 5.670528939599743 -3.3499999322610075
40.52095547864894 4.959536558435125 -3.3499999255488646
40.520955641207635 7.800520214474518 -3.3499999148304758
33.159039741600175 9.219413029711905 -3.3500000800735776
33.15903976923493 12.050586949816418 -3.3499999204459385
34.380959792951195 11.340803681558793 -3.349999903552763
34.38095976051474 9.92919640449127 -3.3500001910041166
35.61005015388895 9.219935154183919 -3.3500002027394435
35.610050073744766 12.05006485651476 -3.349999903946678
36.83999999433703 11.341348101843236 -3.349999994376712
36.84000000934243 9.92865189749479 -3.349999908892536
38.06994993915457 9.219935140825882 -3.349999895702643
38.06994996560344 12.050064861134619 -3.350000207509191
39.29904021852042 11.340803680401775 -3.3500001683731573
39.29904021277788 9.92919633342457 -3.349999919596259
40.520960230602114 9.219413042797488 -3.3499999011707207
40.520960242823605 12.050586962347127 -3.349999956041173
41.75005406456827 2.8394568161382874 -3.3499999720753273
41.75004927437577 1.4199571553486445 -3.3499999635678144
41.750049122727006 7.089993809030396 -3.3499999094732447
41.75004923924963 5.670008651099302 -3.3499999079547726
42.979999998910316 0.7102807065604533 -3.349999989387973
42.98000000267893 3.540510215314976 -3.3499999291990745
44.209945946715905 2.83945681753265 -3.349999908774499
44.20995072668464 1.4199571689208625 -3.349999922168021
45.43904321007233 0.7097305058897679 -3.3499999586184837
45.43900530561254 3.5410817955530067 -3.3499999791274817
46.66099466981205 2.83891943169894 -3.3499999819480184
46.660956354768246 1.4204752603306614 -3.3500001137708635
47.89004936396607 0.7102494745517761 -3.350000263561539
47.89005405741115 3.5405443880492524 -3.3499999300559824
42.97999997915417 4.960085201842247 -3.3500000080036463
42.98000000939922 7.7999690686777425 -3.3499998968626454
44.20995088754731 7.089993814006603 -3.3499999307116015
44.2099507028668 5.6700086991572265 -3.350000273302831
45.439044372941936 4.959536427174872 -3.3500010441161354
45.43904435640422 7.800520194196758 -3.3499999129633293
46.66095569629188 7.089473680526476 -3.3500000047422738
46.66095616086402 5.670529061393997 -3.350000987573427
47.89004914459562 4.960054262751311 -3.35000002316568
47.89004908190536 7.80000026171169 -3.3499999466085617
41.75004962250087 11.341317072689357 -3.349999904309432
41.7500496245371 9.928682951934572 -3.3499999527581146
42.979999997336726 9.219966835767034 -3.3499999077187184
42.97999999095075 12.05003315260936 -3.3499998879744486
44.20995035244421 11.341317065943972 -3.349999947256216
44.20995035703506 9.928682946773343 -3.3499999110192533
45.439039754950784 9.219413010062619 -3.349999914307653
45.43903975950579 12.050586975492912 -3.3499999217553453
46.66095977749667 11.340803695141279 -3.3499999163580263
46.66095977358167 9.92919632274922 -3.349999928644638
47.890050051229 9.219935109149773 -3.3499999304922126
47.89005006062914 12.050064886609755 -3.3499999121571165
49.11999998533936 5.669977361198328 -3.3499999103134117
49.119999996063655 9.928651889338713 -3.349999937121537
49.11999998874205 7.090025044896265 -3.3499999325831267
49.119999994669264 11.341348138996732 -3.3499999413475114
46.61011582821811 4.732742737154756 -0.8698360535055694
49.1199999960907 2.8394909792159257 -3.3499999323399754
27.82411223141883 10.03357639848816 1.044116427514471
26.51679012592803 8.909531196606281 0.5442098492243608
27.771016882824362 9.487735854993822 -0.5129359273810863
28.716690230629467 7.960208538623953 1.8594156054586675
28.682806669857218 8.0982973634456 0.7787290732623176
26.354169106230607 8.002714502987605 3.3062573548896124
30.23776607635381 6.020904335841275 -0.15598378091209897
30.682811416661313 1.8124147314256847 3.0064366135521583
29.04548218695208 0.5625501028435429 0.020123110458373228
29.19030582725822 2.6500928901710856 0.9354605780447389
30.29764205286875 2.79711501864708 3.940274659545624
29.662078329345587 2.1021378565606375 4.97438671627338
31.440853291375824 3.621126916633916 0.6288489584418122
31.24865734319187 3.6283841683283518 4.483741305623149
26.427829090897436 3.071095950311542 1.1677232388074876
29.31906019722566 3.534873654013202 3.221820691027153
27.297662956754426 3.7971013436689174 4.090315981575701
26.628860999498944 4.395732017332109 0.7111525773210714
25.624305108928812 4.899885539096257 -0.05517200681417811
26.739904005860062 5.120871529496107 1.8226227119206495
27.905731420697915 4.580906602498525 0.24317910617401073
27.95306648258335 6.558466892686069 4.118758700035954
26.46512217079435 7.467715372193671 5.487745591565036
30.605708842561622 7.03464824132922 -0.21378875327029756
31.867429230936285 7.451193443858645 -0.4498932411103662
27.200475623547923 7.670854278041273 4.402369720996707
30.006993840681794 8.153156785937302 0.2581402746606065
27.58486545775192 9.121820580480327 0.4967935705211479
31.612382507345544 8.938112620517506 3.9000833832990898
31.010474757948607 7.7014543508355935 3.6630496492131726
30.75179195259683 9.236641704658338 0.05076659650218418
31.03797458449667 9.95520288413661 3.164191563578369
27.97594727511025 8.797177642632093 4.574029328906501
27.43160683886014 1.2941639491253114 4.05194227291974
28.33204684257665 7.166724743864358 0.33461197382466445
31.382495543272583 9.283354783240284 5.215995211678791
30.63151199903708 10.297891866297395 0.21101898220211357
29.331948440108313 10.786014942399193 4.867961216105451
31.910299536975216 8.829598127648147 -0.27373246484659
26.47541593173883 0.5143336051279773 4.737909886951849
26.473369553360403 0.8471000439574347 6.093970340132662
24.865947340491427 4.053840255552958 4.204994328088373
27.805766541413142 12.513676432347419 6.173364641529895
25.746415833581487 12.565260038425842 5.144385927248094
25.185205968075763 0.5186386351112362 4.345452857582586
25.40076699639745 11.806049175701975 1.580366230615755
29.384402096854007 12.174361530819237 1.3092655916172835
27.718563240747894 11.909967217847552 2.8721896582404813
30.23171456006083 6.260939771370448 5.512044991971187
32.42084616375271 6.180066854697224 5.477481944920013
32.74462308349365 9.398808805760666 -0.27188224614297596
24.70927918480954 6.424001254296905 1.9196542056994226
25.028892417398687 1.258805271944383 1.7626169740754316
28.625032622863785 12.759390324748841 2.2931581556149605
32.78165388528112 6.882940891485919 -0.5375420724138069
33.34139338814517 12.521548165689493 5.651336001737572
35.10393279378602 1.4764176306239147 5.7014026046909185
33.92052260577968 11.966219956538252 0.7363218884376888
33.07710992444276 4.812289571064401 1.6598389018818638
33.467565694085046 0.7083370070340501 0.04386788886852622
34.4702979390791 6.743871645037658 5.190905596318652
39.390677447367544 2.752083753596176 5.402505666770908
33.428567176891974 2.659275785191497 1.4717199650449186
32.82404431170941 3.7186659099124553 0.8419905777050241
36.165889081418044 1.7431001977604115 0.40445567715765685
33.0071807423621 8.751946761243666 3.6546276499103305
37.48192123072631 10.258909349515413 -0.4557727474568396
34.141399027273785 6.468890790460277 3.0296808223096114
33.33049261752952 3.9010191700149894 -0.42965199257013587
36.79279043814172 11.576770890999715 3.3740144055387598
39.67878158052604 5.290622979900387 -0.35381755003191073
35.870743177343805 0.31701109435861524 2.476005130627037
34.46412586742053 10.820744460169589 2.9655081179245912
38.0015268918527 11.195229738084658 -0.3153658858220143
38.848072817414085 2.3138994420028736 0.7435426824271907
34.76977379012 7.283685160022122 0.9991856186744408
34.465084378436444 1.7126023620092856 3.4388415787055715
37.040083702041024 4.8142677429109035 0.26106026042424846
36.44428686270319 4.335790621180856 4.119400116803716
36.09015655295128 3.918835611829083 0.20818194645747634
36.70826805809724 2.6769230478748853 0.4185953322210689
38.016375992185694 2.9926813041120033 0.6254936480891238
35.13038879551904 4.074165873382258 -0.06534750637173348
36.56005550574303 4.707221850687231 5.4860895329627475
36.48424384959617 5.460683550730739 3.3357991026525657
38.166228169878664 4.3632310677725625 0.5206019413958307
37.52205042020783 3.4839984741904946 3.812955539417069
35.23238134592896 3.7473671602816934 3.8465778211177737
36.83245085314106 5.8638005362439465 0.11351529947825179
35.34579310839947 8.412576689060735 0.48981251168477735
36.66414676824258 8.109924519427356 0.09301113046676801
39.44864129864368 5.038945274132646 0.681457187952379
39.41106576708612 6.2618091416556165 1.5690500260531404
40.234748657402285 4.377879129455108 1.046322605883775
35.367480482937346 9.50509015241484 1.3824397700221236
34.63458971771659 8.924517606776867 -0.5715959503651569
37.80765191921845 9.825492989883257 5.608428479763252
38.975290611631074 8.31538818948011 4.251092672110942
38.7507472815214 9.279006483623657 5.6035666639038615
39.559391701816914 10.009882879925163 5.607294382330883
39.944571204136466 7.826896209044821 4.350946154277885
38.47954264026281 7.357450533608102 4.408221269536556
38.78684951555812 8.771010965538602 3.278982678220226
39.94687127189583 10.569907659733216 -0.34685890285875765
40.52957635718661 1.0554027996058446 5.37814060943132
39.35357501020289 11.372055143351439 -0.18982718550824784
40.23317300603431 2.3178435295549766 4.86423374513118
39.364839772417916 5.929994335252541 2.60628774779448
37.45430483561819 12.449997540345281 -0.20147689643197575
33.856316816087784 12.352661211920411 4.3767984759131675
38.56722191429614 6.930299682579244 1.3983223224078523
39.960781580061415 2.259208309102987 3.8104477980188123
40.38080166237429 6.7588594736051455 1.5434910374056088
39.69800179496329 12.659386918345302 0.040641499121901736
37.75917772474966 0.1830640760813273 1.3387901775579059
33.58812202378579 6.277850799001439 6.117976759318598
38.68516106157917 12.709178347577957 4.28354772078139
37.33791120108092 12.753618917343632 3.9252275801299117
41.769930255061794 0.21143861220734525 3.8990477705475204
48.99596673309485 11.140063325856744 3.712848610837681
49.1047390287584 0.5008098630030295 4.579438615557608
47.31412898814716 12.65493257587877 -0.2447032772037061
41.19422920405589 0.1084223448716918 4.806988268877505
46.44681330848627 12.581801798897029 5.040986329539913
48.245439234201406 5.055201355030348 1.6670847659705579
48.90204301471225 1.15994284643237 -0.3267256176414657
41.29806404665761 4.244307782721114 4.533819654965788
47.65199958289866 0.6139152106888248 1.4061347254578216
46.37644258003188 6.616466346886264 0.28849045048176203
47.82739451603508 6.867460876287699 0.4622020817341843
41.96166553128766 3.436273950351105 5.894113374378508
45.206067318220676 11.561732114734898 3.0384015886087545
45.05632901992635 1.4341303107233745 1.566854361265062
43.2130334394287 6.832121305839321 0.5744188451442722
41.49981300686732 3.2471553426102417 4.925079629861237
45.25729445585927 7.288024377524045 0.4693181084393261
46.00174787774239 6.7820669649336685 5.88683522572879
46.88462262126881 4.834233250886664 5.8794969073227135
45.78380405296395 10.314821689301327 3.18773223706307
45.92411590949631 5.482176763403145 -0.5035673655132844
41.82810796694346 10.336753034083541 -0.09756475988379254
42.18481239508824 2.8413836249661686 4.180616634651892
42.39599704015985 1.7412976172723322 0.4844352176081368
46.65901323511451 3.6584640632697103 4.55782221359022
47.541174906741844 0.9348044186698946 0.04810418138522565
46.5623595425182 9.95972285638757 2.0321472911580396
41.5806894294224 8.237411865643473 0.3240465834161488
48.58344814804876 5.586186251474618 0.7771943151278182
49.086802110565344 11.973817437487657 0.6447548642325729
42.99034752101402 11.445409865164681 2.5059460885904414
44.874033732720854 9.326612224282313 3.463682469726681
44.97995578272239 2.4252720989115266 3.6225462118777663
41.017866353332245 9.798259011443877 1.9315767744010803
44.58049549349061 5.438175970869023 -0.4012182723960056
46.63546144369287 10.463437862379802 4.287032583029566
46.69868640215238 2.0099983753099235 -0.1877850047092533
48.6501799427646 4.7720764203245665 0.05547965522208931
48.71586345729626 11.178420828772683 1.2911670781226592
45.32289219893066 3.3574371867117123 4.629970317443954
45.14894486841438 8.362127740220203 0.4382966191322468
41.303554368903804 2.3932752782581694 -0.12411406455092422
48.20857095129544 7.442190273769738 -0.3818895276315537
43.16397987354677 9.395505889680347 1.4036687837545803
41.885009536862206 9.399041880993833 0.8657324308194003
43.8639260225606 4.694818609118228 -0.7179958377015727
44.56254002048749 4.494926005242695 4.495106499826159
41.99118671990172 1.4385397420169386 1.744440964841767
45.40847493564459 6.631373083882571 4.997049537942889
42.80565726297241 0.653488578400429 -0.10750993443404466
45.05046242870646 2.7059813612084516 5.822372142026824
43.37992478829023 2.6822003184009464 0.6690180426199555
47.888440907617024 7.497885607790324 1.349297339324096
44.141616103043546 6.56551049883158 0.279880368666483
27.1729931594025 0.49159982261283725 8.463634952377909
27.613096299851357 1.0282419020276636 9.67422291291496
31.713949563107835 1.2209622722283624 8.459865118773296
27.59926931733402 4.02970523267986 6.382138450501489
27.72070496484181 4.747470257217855 7.552246206083942
27.912861749341527 3.8450768606239816 8.601301928011688
30.32146248475643 10.485635915350066 9.506834900743991
31.390914514062427 5.5803781278377675 9.798039346103653
30.41696777939342 5.202646011824615 9.523911262076439
29.705179221823393 10.00808457801602 8.303758440957626
28.33682565880922 9.663586609526229 8.231540845998364
26.843690055442266 1.0641502969337457 7.699537170629682
28.780432912464967 5.687223981566491 7.523017612665802
27.65143231746244 2.067274646599919 9.966355254556593
26.47633306483724 8.341594071540184 7.73242867073202
29.836447259279527 10.850881766382175 7.20304329449238
31.659550452768766 1.899264394689664 10.570574841066728
26.339982018020788 10.976125021877655 6.606385298354272
30.4567945027859 9.026639956285345 7.852219824916085
32.30867842621 3.689383219846945 9.988895321439994
32.4281399744082 4.685435524610837 9.871810972941349
32.41743048829548 1.2077895828334848 9.618369428367899
31.878229875950716 6.756374526984726 10.158465280518689
31.350117532810692 7.697702608102069 10.195865767518562
26.530885703287442 5.40511458776301 7.848252878034155
29.338227011148295 12.557445690938088 9.257410338555008
26.45910239043718 12.291837709276093 6.360613981330539
31.60171687009681 12.295945198521796 10.211968359575677
28.171032219776986 0.014952784541020307 10.243212140436873
28.843999487757074 0.16889201263619927 11.073764829803753
32.75711267905314 9.574837536403264 7.4242803824630474
33.71473580618413 1.7180282528940132 9.36586535698499
33.5590973949195 11.29930879993802 6.3080588419069485
35.79011967018981 6.5743731686078375 11.270059322642872
33.44643554248497 5.3098867850592235 10.401242511495042
35.13967678903934 7.015142195595177 12.025537133854849
33.14203044882959 6.539791287711381 10.68996439283078
38.19661768780814 7.470745259412306 7.251416965181125
34.46901724953524 4.992772792442553 10.543247326970546
35.09102661398214 9.796247074590987 8.307722245662587
34.034920114061464 10.891483987677727 9.977567339919304
35.81265066609415 3.6368856195553145 7.290390816779185
34.01228453257935 5.065621548738579 6.67702532837685
35.312055084020905 10.718645948323953 9.323810069625718
37.787284387199136 4.619058755178249 8.368790029542897
38.36468095708562 5.143010317955036 10.497266282891491
37.9821106560689 4.056787908472236 9.67794999450891
37.80901455366672 1.6125377643272938 9.558100344348004
36.712895503747504 3.588929936933066 10.054612155363394
38.8815972225338 2.9331569357845484 9.727036710218652
34.02158490240135 7.583005550868707 11.161930590427707
33.436431816674194 8.296291217584495 11.742378197043166
37.78944474954132 6.561798629643394 8.947314898254557
38.19187260744162 7.375260827305232 8.504109446878044
36.278795005116855 10.184211020722008 10.135567202392245
35.588271124746264 11.939847278821853 8.669766408072228
38.619076341261106 8.61223449872966 10.133816183702187
38.67847376541313 8.434285950293011 9.070234376873675
37.68378781632288 0.6178881981452403 9.680943759600616
36.45435279184321 1.4816680499806838 7.35412840797257
39.103259777034786 9.265675392616535 8.062632788292284
34.45975922496134 8.11860301828987 10.319767532494328
33.36265904716302 7.2994127874127495 7.1036580868495065
38.753476931779986 8.615073297747667 6.907031572691201
35.873849903878 0.5910003144067714 6.472430933126208
35.543072889204666 0.26145386100646373 9.595185654180744
39.4321549447527 10.286494533618379 8.189740023867214
39.190826070598355 1.0905912687699457 7.036272186406119
40.63976665122643 12.436443470773604 7.196876766209219
39.82047569061421 0.4387552601718027 6.4488616198610815
35.605513187645506 7.762018378460446 12.66839980747186
34.79333928931269 6.294755540120862 12.766612975319621
37.52659387454804 6.95742413488284 6.577644368291985
39.73627365505576 0.17405227797293288 10.124878154550563
44.03319176783341 0.08006910409471461 12.159958900590834
45.138343369961134 1.6250210251390438 7.110670708002921
47.94620275381606 9.529369773280498 7.694364695481082
47.89872534952148 8.648122333291484 8.334090297924355
46.75449223352506 5.685254887968537 6.407633494993281
43.71139103209941 1.0607775225308989 12.510323402927021
47.19310837420989 12.136585769324363 7.318215814618854
48.59212636984042 1.3717700892574807 10.162346760084569
47.35285644880843 8.92100927654903 9.237229191035828
48.98525822640914 0.09987616096018448 6.784840640901927
47.44308501432187 6.186142353466897 7.470603862395312
45.94856724951761 0.5613501514399847 11.795233339280191
47.22251089576101 7.551082066212567 7.4935663821306
44.83976372173719 0.1697156961596164 9.834803168694803
45.68718088945075 8.814692077321604 6.47723401650828
45.245216452777356 1.225469290119159 9.137147505469533
46.219438416361065 7.880728266998276 6.581222120951953
45.947513650374866 1.96811732773153 9.485934744693386
48.91479521190382 3.4652826996842596 9.031001109798016
44.91474546822457 0.9954610792000986 7.86813902600869
48.092613466077715 5.55601810165899 8.060058031594476
49.07208108587786 11.991861357847398 8.673819600775072
25.789950892463374 13.469999488490501 -3.3500002221533274
25.789950341231556 16.30868295407839 -3.349999983828754
27.019039771990766 15.599413047890408 -3.3500000202311453
27.0190443235713 14.180520440069698 -3.349999957155897
28.24095565154452 13.469479574026396 -3.3499999199946853
28.240959782131206 16.30919632432741 -3.3499999029601826
29.47005006823198 15.599935153267374 -3.3499999229766306
29.47004911140364 14.180000513123598 -3.349999923295164
30.700000006503693 13.470030726297763 -3.3499999224891583
30.700000007653916 16.308651900697107 -3.3499999380064347
31.929949943605823 15.599935151959405 -3.3499999255419564
31.929950882237975 14.180000522199123 -3.349999940628873
25.789950355976465 17.721317016089404 -3.3499999647083953
25.789950885760188 20.56000620471165 -3.349999927790769
27.019044371502623 19.849479799160125 -3.349999940904147
27.019039779214268 18.430586961062538 -3.3499999653282297
25.789950768765884 21.97999137354314 -3.3499998959637436
25.789945953156995 24.810544347247596 -3.350000029351169
27.01900532860327 24.108918216892587 -3.349999923383927
27.019044516602914 22.69046346472067 -3.3499998922243543
28.24095979392792 17.720803674070037 -3.349999898480922
28.240955699780795 20.56052636742928 -3.349999906875758
29.47004911932845 19.849999720807826 -3.349999883756043
29.4700500807809 18.43006487673023 -3.3499998769957715
30.70000000741534 17.721348121398805 -3.3499998797179007
30.700000010842942 20.559974943327624 -3.3499998727046645
31.929950904633973 19.849999719160024 -3.349999876285268
31.929949919342267 18.430064925397428 -3.3500000237415195
28.24095598127179 21.97947107200298 -3.349999895265545
28.240994672098005 24.81108178519728 -3.3499998623815497
29.470054029310063 24.109455639171436 -3.3499999149881097
29.470049104523426 22.68994575218634 -3.3499998751210383
30.700000006392575 21.980022642733417 -3.349999885503964
30.699999943266437 24.8105101050328 -3.3500007240474536
31.929945992417867 24.109455614739666 -3.3500000449183096
31.92995091683206 22.68994573540529 -3.349999945333316
24.56000000576067 22.68991483147519 -3.34999988479714
33.159044341001234 13.469479564374344 -3.3499999919057366
33.15904022900291 16.30919631705229 -3.349999949356095
34.38096022976756 15.599413059532361 -3.3499998852976542
34.380955677408494 14.18052044419957 -3.349999914108742
35.61004912307204 13.469999502012838 -3.3499999030623084
35.610049628474485 16.30868295212537 -3.3499998971756675
36.83999996684616 15.599966866228657 -3.3500000311505964
36.83999999779459 14.179969266429264 -3.3499999695349336
38.06995090730078 13.469999510132386 -3.350000061196936
38.069950373496425 16.30868296095645 -3.34999997951547
39.299039762008 15.59941302630513 -3.349999967341686
39.2990443380064 14.180520420847802 -3.349999937792406
40.52095565753261 13.46947956093281 -3.3499998980073786
40.52095977741873 16.30919631899197 -3.3499999713637663
33.15904028514828 17.72080370878441 -3.3500002843690826
33.15904431606937 20.560526362692148 -3.3499998704843135
34.380955620746164 19.849479780699617 -3.3499999007482115
34.38096022377112 18.430587008004345 -3.350000031899678
33.15904402562726 21.9794710585192 -3.3499998685530907
33.159005325575585 24.811081781885363 -3.349999875512971
34.38099466954457 24.108918207559373 -3.349999896837732
34.38095546403494 22.690463452355566 -3.34999993365529
35.61004964506681 17.72131705719609 -3.349999992849181
35.610049110174295 20.560006137400606 -3.3500003282383983
36.8399999990496 19.850030920762876 -3.3499999749883083
36.83999998669188 18.43003316305922 -3.349999936675153
38.06995035572025 17.72131705123757 -3.3499999040597883
38.06995086955071 20.56000619428773 -3.349999917262477
39.299044357306556 19.84947979515985 -3.349999914198072
39.299039760000205 18.43058697207644 -3.349999913450896
40.520959781177936 17.720803674529975 -3.3499999133289524
40.52095570041687 20.560526360092435 -3.3499999072372666
35.61004923182926 21.979991403145025 -3.350000177422366
35.610054050144946 24.810544342227153 -3.3499998908156714
36.83999999132756 24.10948983501502 -3.3499999360866117
36.839999994842515 22.689914807287852 -3.3499999597209396
38.06995074745167 21.979991349391916 -3.3499999073361275
38.06994592840985 24.810544351759532 -3.349999891928621
39.2990053121569 24.108918220421437 -3.3499999143965864
39.29904450808915 22.690463442296405 -3.3499999217501744
40.52095598619566 21.979471049864785 -3.349999918959552
40.52099465655227 24.811081769302177 -3.3499999877919295
44.209945945797124 24.109455638868955 -3.349999936373078
41.75005004198374 15.599935126183093 -3.3499999354186114
41.75004909400043 14.18000047787953 -3.349999897263242
42.97999998598974 13.47003067852 -3.3499999647925724
42.979999973368884 16.308651927200422 -3.3500000550225826
44.209950038757555 15.599935200354086 -3.3500003925310065
44.20995094821062 14.180000410767482 -3.35000020176633
45.43904434238057 13.469479570273927 -3.349999882561728
45.43904024162136 16.309196322180075 -3.3499999116599244
46.6609601754864 15.599413015325732 -3.350000132592771
46.66095566256715 14.180520428320946 -3.3499999268048586
47.890049103222864 13.469999507958022 -3.349999954698284
47.89004954046256 16.308682886433882 -3.350001200621653
46.66095555053167 22.690463456412633 -3.3500015515165202
47.89004925502483 21.979991327117883 -3.3500002218249048
42.98000000344182 21.98002264287232 -3.3499999702601215
42.98000001022242 24.810510166290207 -3.3499999227432187
41.750049103958816 19.84999973080494 -3.3499999194568577
41.75005006330408 18.43006489075055 -3.3499999073811795
41.75005406482335 24.10945564526368 -3.34999993057169
41.75004910521252 22.689945731506747 -3.349999913553947
45.439043944289125 21.97947102362722 -3.350000338643274
45.43900532015897 24.81108178667897 -3.349999979533249
47.89004909547608 20.560006176778387 -3.3499999712400297
47.890054079278265 24.810544322802787 -3.349999978880801
47.89004961885423 17.72131717044966 -3.3500002629191883
46.66096024033844 18.43058697924286 -3.3499999145295902
44.20994994652224 18.430064884730385 -3.349999941740067
45.43904022994946 17.72080367405691 -3.3499999065616413
45.439044342963314 20.56052633456456 -3.350000046909325
42.97999997770653 20.55997495360266 -3.3500000652478934
44.209950919773554 19.84999971769561 -3.3500000700564634
46.66095564386118 19.849479805684435 -3.3499999020582036
44.20995090508651 22.689945746455976 -3.3499999366481257
46.66099469131235 24.10891828408818 -3.35000023642382
42.97999999963237 17.721348127808966 -3.3499999136620184
49.11999997634307 14.179969220949033 -3.3500002330209133
49.11999997077925 22.689914866919274 -3.3500004577415785
49.119999997620596 24.109489840332518 -3.349999987028107
49.119999998294375 19.850030900699103 -3.349999966901568
49.11999998432767 15.599966753309792 -3.3500009242355313
27.192798378630446 25.47792959534999 -0.25135167980984807
24.69021574976446 24.95735335701107 6.147176301985599
30.196433467717775 14.70552068573537 -0.2873505874279436
31.251190011172362 20.192754408402735 0.14759495110461263
31.232128592148836 20.13347882523539 1.9106624213857093
26.33247394608237 15.50775467060085 -0.6793287511877055
28.976051369729962 19.499874046959295 -0.07741180692869998
25.02886423448853 18.57715588266869 0.7989148402207835
31.67376529669899 23.010271526525152 -0.13662567863904074
30.212992939972285 21.233368775161438 1.1949020136344934
28.833247598638 19.084307135903224 1.6283151375080729
27.11077091395076 22.302395427607408 4.757484631051286
28.45043754523763 16.679221750437176 0.21556708753869058
30.60491086020413 20.230638266295916 1.0245146010267026
26.761070813792706 14.326002915725931 3.967952510535665
29.48939953723733 13.288961531553033 3.2375649625984373
31.31794642426577 14.235641083351814 3.945917712402651
30.387049269173797 15.74875031936708 -0.08305289447045339
29.52912013548786 16.71642367425306 0.25377554256521884
30.253852488925258 17.857561514596636 0.5124832851703609
29.529559837763124 19.144890100463208 0.7919067617773135
31.50450924658994 17.599719485264107 0.5012567257071143
26.69612433350901 20.258194454146444 5.3654186756149835
28.788524066027403 20.978115123253094 4.426045765018612
27.352971939540044 21.037870858772227 4.423495826742556
25.463631180879787 14.927405843822742 -0.40600204447126087
27.069916854895947 20.842178167751065 3.107481220073016
25.93576330403369 22.700551511696094 0.5663906653678585
28.7354751478664 16.503221080376722 4.507321876553308
26.919152500794283 23.45188090868781 0.32627494395193524
28.208406289990155 16.171024189008385 3.3472004909404163
27.900673116947168 23.22719491278568 0.4052273541253082
28.943533069367906 17.795377263963232 4.821955341684109
31.637800366572183 16.327074979349963 0.029228901269593432
29.610247812327827 23.690658330195216 0.7418297167452315
26.899575073133725 24.60599706726438 5.133437969252006
30.586194008928675 19.48069520365326 4.984615586447566
30.947022874677117 24.049256854403023 0.3674339489235212
29.94511246989388 15.941762375867206 4.593707098609729
32.39700535019351 18.31843676511855 3.415541179988061
25.586960001955852 17.651518216956962 1.6565014187379257
31.802611957934193 21.75502700445405 4.102746423796586
30.719233547154033 23.66420625175508 3.5687594457923275
31.763670634178624 24.466925828690453 1.4330063011509186
26.510548486369384 24.644294644806912 -0.17397045639913733
30.92836161721841 25.084498466274898 -0.6003354259896365
24.80281874842439 19.823836676081626 1.4214565867662887
32.38558528863251 18.125784053012246 0.837948095573583
32.150401536199254 17.550018718260205 5.618548736659594
28.087402617284827 15.892918053773514 5.57836431163194
26.111566747367103 21.754956578842798 1.057657773958094
27.85549595888314 13.829327725629193 1.815170374670303
25.167013038980876 24.66589078264416 -0.04504629052269671
28.427554472780834 25.007522508160825 3.1290493940695274
25.43528256171672 13.661772005305812 -0.20818973845212807
26.270515878391326 12.98745864702972 -0.32687757077993207
24.844046998537774 23.424849589994164 0.5328127267324134
32.523322202473736 15.883381487500793 -0.1684758362260974
25.881186320790942 18.78177754918638 -0.28968920304630386
29.816794381554416 24.057660422338675 5.612786898678008
25.07158501675157 19.015736264525522 3.868408414686646
24.617860325321665 24.786050042008924 4.0033221166905335
31.9618758243203 12.769395140440901 5.47228000150449
37.68571583099974 15.143489143949454 -0.7529777007520855
40.83147286957705 23.216611684401613 6.103463259651498
33.92152931559904 24.94860807235397 3.5627841679684122
32.781193070008534 13.394146610901556 2.048851718970103
39.39053309811028 19.814374860810137 1.6837924255121428
37.210220838190686 22.7252730117756 -0.21593031940185026
32.83084298776719 17.499606711897798 4.354709462990717
32.76995824829511 16.22626414420351 3.8686019337376267
37.69047827748374 25.128296563923122 5.759289653641108
33.01153484849307 21.411979681306725 4.7494198025504435
39.89730316551127 18.372281162994327 2.351263229475855
36.71157015896354 12.90787698657722 5.196993385389316
40.33935181851403 15.892826741664134 -0.47762901133459157
34.618594383825254 22.24170267311402 -0.41616495793008745
34.01078977758782 13.533313189273152 6.2355493891215055
32.81618427294195 20.24868869154636 5.54419858062812
33.408321247131944 22.4066006266843 5.597609800196967
37.81259804458274 25.22007029670536 0.9027270365355033
33.36961648338288 24.287675353459605 0.3013483480676893
38.55528825009941 13.35211377426846 0.02105493308044326
34.14456404813194 17.948621719789397 4.576526690346464
32.87958338874962 13.857296386671095 -0.16194517633772887
36.44554701736783 24.584732463237163 0.6219869701844505
39.61437150468414 23.59137785090508 4.325935936922141
35.499263138238916 23.98112915264995 5.107398420662066
37.0742275289718 20.869807103606185 2.5032090249166927
33.54573173075995 13.323125894162796 0.9233633445610734
38.86620313691661 22.34948366711944 2.3491998999953334
39.373995243259024 16.756002741626265 0.5762505385396233
40.222366038454474 15.355926793754621 1.1243607323612537
36.873144198221695 22.819672789458988 3.7378000886726523
33.98370966166666 21.07282129654794 3.832953670964664
34.67115932854209 14.14278236866802 1.0825230801205765
35.245942093450324 18.327542401709984 0.851127612897703
38.347655134338645 14.858671721596082 0.06483364411528081
35.42437871708289 15.427095017517953 2.74190049786613
37.62874462755118 15.875835777622402 5.9469586810196615
34.72751436829147 17.970034955406113 -0.3380237062728453
37.17000467656367 16.727120736832802 3.897018180260834
38.129215302166656 16.597459356523583 4.900771798305804
39.19917814864453 15.960437377107588 4.378935268587558
34.680481151947376 17.4696444426335 1.795434293595184
35.01554065099546 19.700378997015346 1.1297752920671056
36.57869454815595 17.928645782436497 0.9587577277824977
39.60209554263266 15.724603674130496 0.3073895763000223
37.855611026831994 15.125510993659988 1.000135413680483
35.612537973029184 19.47745577884864 3.505130014185154
39.532649984746406 19.83892356229738 5.600211743000535
37.05603323968687 13.829784320087679 3.0912728920592993
38.422099085472155 21.272482756867532 4.261540324253238
37.74635944091041 21.8764933384295 3.1791057334293384
35.06206432681259 23.1780577647939 -0.11124931067287958
34.37960211508122 24.282925046263113 0.2988070534734144
36.37291281793714 23.364335965477583 0.02263585673823898
40.31011431915615 19.311521050173695 1.983139085561333
40.741680833969156 19.75531593573608 2.880299295797719
38.592877921139035 17.840012289145626 5.3067610609813185
35.79700705133087 19.89939418642439 5.661568235583802
40.68653824608881 13.08282591657311 0.1401156138807791
40.49757251564194 14.201587030011842 5.006090873445592
38.17770647067002 24.831302808244516 1.853335093387256
38.46809129733826 24.846411051266355 0.11608393800834893
40.59405578515038 23.46770842625321 4.763342594263598
40.74588248906134 18.558513063320557 -0.08174892387820543
35.24668200446146 25.193618086418766 0.7145896264758256
36.46687995316706 12.86552092073023 -0.33834333425212915
43.62357632931669 15.084215710191323 -0.5869806028227265
47.49530175463913 15.483419209014446 -0.18576941706857086
48.93542589932906 18.073757260614904 3.8586705806453203
41.2754211673617 18.906671082237374 0.8050852105726225
47.6775985610361 18.68074663544766 5.934020576837443
47.633902449864976 17.481066756596782 -0.6021288452687046
46.319575308548856 22.47656270598377 3.4145623630042587
48.85288668090558 23.58987736253549 -0.4364060528697411
41.057131641429244 21.604859645975857 0.9892867028173147
47.16177336386163 25.069276068361336 4.160133879725284
42.70227757340619 14.529747065911588 5.93477339665651
48.53007030272045 22.286440013325485 2.966692362882509
47.023936074343716 24.96412694405686 -0.23888655330325248
41.86258901497249 20.364333765930944 4.880346622057369
42.08439088645911 24.185272940219996 3.2727832903733978
41.98163373103677 18.129756374975315 1.0979458474691983
48.21635695318886 18.92954183728925 2.0125397810901804
46.974673004525904 19.32154790565611 1.5753723315282608
43.7987956960774 19.726498671108427 5.845128450334215
48.756688865499044 15.90781741656229 2.9309962941175396
47.46549921859471 13.243264467592812 1.4086405535224722
44.99118898173541 24.05938233210998 -0.0773683853943119
46.091587716511164 18.272177665757454 1.9869486108112433
45.025967906910296 16.66764990244937 3.304898192391513
43.10446836481819 18.63409575932332 4.007598100985099
48.897160905049326 20.697681129880838 4.459825357320161
46.54403879210073 22.640271673049856 -0.703795022442717
46.705558080130444 17.1725238092687 4.807926214042117
45.18048339133792 24.811659563044792 3.0584605690693523
43.03007887646705 21.859248132164026 0.1413781244583745
43.15481425797266 19.896826268083075 4.63611368066008
41.798582387506315 23.82939129677545 4.25158958258102
41.856015563293276 24.67545118767005 1.0811391994503416
44.551083858422544 13.184362758331833 5.952779279097152
44.29316734627241 14.698329555516777 4.372305550380416
44.89568520763974 21.290016625852683 -0.7809021325652055
48.36438302466523 13.675370317402503 3.7511173102980466
42.83223077173329 12.93514351063566 4.362223967684383
48.35195601582398 14.467808438875332 -0.07993284234117382
46.326695237617976 23.75630504675208 0.07723875851497475
42.706831524730816 23.595348365583252 5.237059709719013
42.81638177189563 13.98969211442035 1.2375425983478516
46.9075312510855 19.33179852311508 0.16295000225143186
43.92973358218305 21.013307827612383 -0.3849605989195315
43.947929989689484 14.30513629388209 0.4868712368397954
44.50799305101346 13.096239887517072 0.1833264493844744
41.95715819515346 21.216561102195687 0.5358813176182675
42.16292786404753 19.961560283481727 0.3320029406647862
48.000262054994145 13.112747729472938 0.4678461600702444
46.909868520466006 17.580957666578563 6.126581501718825
44.72702289660109 15.181975436975785 1.3111414348650796
48.20271321833347 21.18731089936248 -0.6036660256809578
46.616065067171455 20.44558650969015 2.2028511261414874
43.57339011734262 13.819533992372444 5.139370673810387
48.12000056164891 16.602244704508667 -0.49498209359620127
43.87441573518739 20.78429869137288 3.8387257820155805
43.004859142778926 22.867947220643316 0.18598881375792353
43.70508761141558 23.742518954090727 5.2809414042008775
43.43107803457918 19.81035957479948 -0.0640601442451838
45.47589065359718 23.287894342476648 5.738842558896775
46.56507797302898 23.469414649098482 1.4488243485048058
46.41857569860735 15.401964468569755 -0.1651266127445794
43.96556817030939 18.89953523993705 -0.2901559767630957
42.110487659981466 22.972291982838087 6.237892604443186
29.675195032454816 13.547228972351192 8.986889345343522
30.953969851280092 14.0406761287511 9.342044358281079
30.108379619714277 15.565762895574208 8.142642243085952
29.16598123384182 14.494507610949052 8.113883857740413
26.893690497510203 17.37607734923359 7.899076020684623
30.15801026669861 18.512451257949724 7.862562194629152
30.673131863243363 19.66413045534159 8.509583295081505
30.51595424286158 20.728920342568117 7.6604687652058745
31.10843166735159 15.26110276433177 8.89836016872594
27.18551346361755 20.61230563580879 8.256930641145722
25.922648016046054 20.19218794476671 8.197213551910556
27.976622773380477 20.0471002975959 8.727131646643787
27.291252963153227 21.877738576369243 7.920567154991517
28.183068631483945 22.35082655895869 7.889703352529935
26.015926628189618 22.278005627959065 7.770403824586335
29.844214399833273 16.449271895727698 7.73066095351323
28.339363579266088 14.39876035703972 7.425453965561214
24.800277838629086 18.754992237560828 7.4720940687525985
25.404480195784785 18.844788090987254 8.374854400402288
32.04719346128659 19.47051251538415 8.649217099255328
29.537827024814195 23.451466650539707 7.745132670383793
24.727654078579718 19.003659604958113 9.214357973414668
26.38107662460127 17.759992071965595 8.781083108502703
25.18457962589146 21.245261073704324 7.864114290774506
25.903175483831507 23.348311685683907 7.680225544649013
26.11761540712517 16.835699511599863 9.295253751089671
30.095935577769538 20.043490449897437 9.66721088770219
31.963249697771687 15.853949892220172 9.188564265552712
26.17401926144195 13.084470953599315 7.490657194763605
29.572282428935463 24.55823741512661 6.934014394238343
27.139255236988713 18.21595962725447 9.417761033292214
32.17514635464904 22.22007272223421 9.065151463633338
31.98497348553761 13.31469772050337 10.154022983288803
32.384842272770435 14.058843598391748 11.434718906721638
32.48596182771199 20.63131288153336 10.90527592915571
32.349250934257725 24.394245757608314 7.607567021809363
31.526476651836916 14.273706835719024 12.071226762010012
30.51791346679702 25.50726247910723 7.222631920771411
32.60690384628657 22.207435992164214 11.764508809157759
28.24594981644755 25.209860791939764 6.756163989553904
32.99126011244593 22.92170178376817 8.975290492433443
32.93514275937235 13.283425705676606 9.620824696467077
32.858877342843385 14.985800863348183 11.112010088541492
33.07010752548798 13.45534873498318 12.029954560265905
34.912307106173465 20.887061051564913 10.150677361055124
35.437923304635426 16.41678862670349 7.163468196979043
35.05893929489454 22.191938789301652 11.324724325354742
39.200618423308065 24.032512710714997 7.175028801044921
33.4452026841789 20.813169693242646 12.36106185752744
33.14355955652486 21.31526436889965 11.441816318935002
39.116791792238686 22.288967088838003 6.93920059017956
34.39222615306306 21.737257685195075 10.592017917402494
33.028111257029316 23.9683793143379 8.222291703555706
35.89376643263643 24.042146600156602 9.91551828771063
35.47706600728746 20.275873175923152 7.795153586068886
39.87401800546363 13.457686134434436 7.803597236233886
35.49170189308094 16.371162655680198 8.559387771351233
39.344722621711945 22.47178203945045 9.307645498294589
38.891878872164604 16.503911316219625 8.071114274454832
34.78085262341144 17.49612499047714 8.95347489620245
33.785715141345754 18.6955032139855 7.213729522852836
36.81715936687228 16.385107882868514 8.981054095912887
34.92237289007239 15.200409382217247 8.918059973545411
34.17496506302005 22.817723340052 9.610718906864381
34.979040800982546 23.926082984420297 9.35319608838688
39.78924391426577 23.11512682071267 7.170216263643667
40.15069807703013 22.624267763031934 8.589835168558627
36.12060199185687 13.695511188065996 7.177047793561986
40.109999710632984 14.617430642223542 7.1536255276740555
40.53796461220842 18.53432273886419 9.288497129669777
38.4570671691242 13.31302860908668 7.761437722508775
34.194507331264575 24.622471750943536 8.506126610229476
40.698848256329235 23.437121733533036 9.066175176930395
37.63909135383155 20.063897583753807 6.993851555850339
36.341466180570755 20.515688990298024 6.76813101468557
40.22661535776062 13.424624205814567 9.167521535624662
36.464142081183844 21.92281717107211 6.689973229400969
40.67367888142839 21.668714326735316 8.550993071394089
43.96705266661687 15.9377660096144 13.097836406436214
41.12755432112014 19.40214125500957 7.509797428149911
48.086095900190216 12.821336763529889 8.162246568635927
48.767609232256476 23.658310101478808 9.848494106309094
48.661378718351315 20.409269740208558 6.868851494222032
47.754362550039104 16.733349826685174 6.74382890215785
45.97192881915546 19.581091206952046 9.898823500661326
46.5855552165737 23.97983692148529 10.138144465430994
41.129934993817045 17.19006535475307 7.657953979827743
46.521101194575536 16.252223979710795 11.259735192793375
41.45426811824446 18.38224891561308 8.285513759172652
42.46686242840347 15.60053005919772 10.142623692315409
42.71332495616328 18.386322583878176 8.74445308439003
45.758177095948284 22.812919958367626 6.984103852040425
41.780461535360935 16.604440794968372 12.03635780508105
44.48412004913252 19.56737118395668 7.993819547188471
46.44610474166705 21.674075051987202 10.728279486560037
42.513753405490554 18.305041181442455 12.099773669938635
45.66847404527894 15.998827584313826 10.647185430755249
42.52017440726893 17.278979362271066 12.467545221838146
47.309283773292044 13.209463505792867 9.185095983740615
44.766719241976496 17.45620869479304 12.701026170547346
45.89428713428241 23.902360322935472 7.849473296226924
44.007145626325475 16.748051859474586 12.369873909750735
43.540833930765956 15.67383861227518 10.055382256404227
47.55004220387856 20.799320437936505 8.872857184202378
46.9285026210735 20.5424940739998 10.113625009793488
44.31722948424528 15.167607030372043 9.121824672485513
44.86625436674327 21.792322301141795 7.313137198539755
47.798758612913076 19.99618045684325 11.051748117935357
44.016839263456056 14.755013774938917 8.17001979713834
45.656774276833566 15.250073838945132 9.608724248914587
46.43870661891558 14.800881198199447 9.15385307685383
45.03867871693973 25.409735528971442 11.11472463183974
45.777675040623194 17.976654458063265 6.825918404358028
42.53845078658811 22.576988345003446 7.1472784390178745
44.395386008718766 16.24888595915047 11.021521847076878
47.03271204080572 22.27843242992971 6.818072490705771
48.530985362099436 13.978236977828317 7.576974858491372
42.245674307956335 17.189428162874844 13.518606722446227
25.78995091124556 26.23005423992775 -3.349999909852155
25.789950898968556 29.07000026505504 -3.3499999346704925
27.019044319561246 28.359473616432798 -3.349999925245355
27.01904402478552 26.940528914183652 -3.3499998940236875
25.78994993491347 30.489935128207115 -3.349999935068012
25.789949930815773 33.320064877518476 -3.350000237021459
27.019040224963238 32.61080368091896 -3.3499999516344827
27.019040219473915 31.199196334189267 -3.34999993030187
28.240955485811764 26.229536541763842 -3.3499998710583223
28.240955660944497 29.070520194755144 -3.349999915916493
29.470049140244388 28.359993796688258 -3.3499998801698903
29.470049242041288 26.940008646721306 -3.349999871933651
30.699999970748216 26.230085258522312 -3.350000168249496
30.700000008272937 29.069969071101095 -3.34999989644159
31.929950901851292 28.359993853312755 -3.3500001163491744
31.92995081903346 26.94000860170974 -3.35000043002887
28.24096025183801 30.48941302171095 -3.349999923488979
28.240960237551203 33.32058699120743 -3.349999908682527
29.47004963857658 32.61131705915431 -3.3499999111561074
29.47004964999648 31.19868293827821 -3.34999990419517
30.700000010408992 30.48996681606481 -3.3499998784447316
30.700000007482515 33.32003316560136 -3.3499999225044275
31.9299503718632 32.611317057532105 -3.3499998995711855
31.929950366748557 31.19868293033498 -3.3499998896405137
25.789950896550234 34.73999976050742 -3.350000013341287
25.78995091586826 37.57994576642027 -3.349999871542492
27.019044004512683 36.86947107259486 -3.3499999190914798
27.01904431346382 35.45052637569821 -3.34999989591386
28.240955627155937 34.739479793213384 -3.3499999243197465
28.24095539305767 37.5804635648014 -3.3500002386201064
29.470049390284334 36.86999142455916 -3.350000918971782
29.47004914186972 35.450006120444144 -3.3500002149693966
30.70000002659311 34.740030938637695 -3.349999996922277
30.7000000255575 37.579914826794344 -3.3499999115628567
31.929950769215388 36.86999133904465 -3.3499999270987613
31.92995089715633 35.45000620192122 -3.349999882489536
24.560000008737756 36.870022653358426 -3.34999988441672
24.560000004283058 26.93997733505048 -3.3499998990506463
24.56000002859525 35.44997497675023 -3.350000057694923
33.15904452202158 26.229536550466307 -3.349999873489493
33.159044356751224 29.07052020683021 -3.3499999090563417
34.38095567972327 28.359473636997567 -3.349999888619517
34.380955965183446 26.940528945694187 -3.349999878409853
33.15903976159887 30.489413008545498 -3.349999878464077
33.159039768268535 33.32058698715598 -3.349999910976089
34.38095978498613 32.61080368028133 -3.3499999010699346
34.38095978603431 31.199196317333104 -3.3499998844500514
35.61004908956834 26.23005425231638 -3.3499998800889976
35.61004908150483 29.070000274665976 -3.3500000011686915
36.840000012081326 28.360025051271496 -3.3499999438215067
36.83999999690541 26.939977361709907 -3.349999891172424
38.06995090464843 26.230054260885854 -3.349999891371448
38.06995090925325 29.07000027817675 -3.3499998786252783
39.299044300609985 28.359473641110313 -3.349999894598621
39.29904401473271 26.940528962264658 -3.3499998925862218
40.52095539431546 26.22953658476673 -3.3500002470200196
40.52095555562798 29.07052022651072 -3.3500003778154133
35.61005005591128 30.489935121678144 -3.3499999156581484
35.61005005368905 33.32006488644142 -3.3499999007326786
36.83999999158863 32.611348113092184 -3.349999889940852
36.83999999965414 31.198651873284376 -3.3499998910293227
38.069949948169985 30.489935110141584 -3.3499998807144182
38.06994994439606 33.32006488035156 -3.3499999000526746
39.29904024211273 32.61080366888847 -3.3499998826106117
39.299040232677584 31.199196312089672 -3.3499998802196043
40.520960226662424 30.4894130542819 -3.3499999967702863
40.520960241134134 33.32058696348575 -3.3499999453654206
33.15904436529243 34.73947980669169 -3.349999925053541
33.15904453243559 37.580463433050895 -3.3499999241649627
34.38095597064683 36.869471059978615 -3.3499999141738
34.38095567589225 35.45052636540323 -3.3499999737896333
35.61004909059709 34.73999972482357 -3.3499999612565112
35.610049084122664 37.57994573425888 -3.3499998934463573
36.839999994168565 36.87002264707877 -3.3499998833674693
36.83999999076369 35.44997494880944 -3.349999897511904
38.069950902566276 34.739999730425325 -3.34999989491655
38.069950915991 37.57994575382181 -3.349999881917717
39.299044025849646 36.869471063850824 -3.3499998808177525
39.29904432858638 35.45052636828735 -3.3499998795291255
40.52095564943406 34.73947979436354 -3.3499998866349
40.52095547963907 37.58046340562956 -3.350000076807204
49.119999980194045 35.4499749614713 -3.349999951245418
41.75004915834256 28.359993757504625 -3.3500002691898922
41.75004926432912 26.94000873066077 -3.3500002141225105
41.750049638866585 32.611317043641336 -3.349999934507064
41.75004962929273 31.198682971293877 -3.350000025442237
42.98000002077219 26.23008519863617 -3.349999965607977
42.98000002893616 29.069969067169833 -3.350000074076166
44.20995086957497 28.359993817979195 -3.3499999077460476
44.20995076292635 26.94000865809657 -3.349999911246513
45.439044518168465 26.229536549568614 -3.3499999201130617
45.4390442804482 29.070520249876516 -3.3500001463062032
46.660955725268515 28.359473589911026 -3.350000560052023
46.66095597419771 26.940528913661705 -3.3499999704793026
47.890049089919934 26.230054246939947 -3.3499999405155547
47.89004913895512 29.0700003120561 -3.349999989811576
42.98000001906511 30.48996686924166 -3.3500000237999714
42.97999999426422 33.32003317648992 -3.349999919918737
44.20995038298364 32.611317071275494 -3.3499999564794036
44.209950361422656 31.198682944719547 -3.349999895296479
45.43903975275709 30.489413049410363 -3.349999900855604
45.43903976839247 33.320586977538184 -3.349999859003141
46.66095978150918 32.6108036869105 -3.349999869341751
46.660959789432205 31.199196343542553 -3.3499998707970144
47.890050065802185 30.48993514715366 -3.349999878941584
47.890049979598004 33.320064884135 -3.3500001606999796
41.750049234060555 36.86999134635247 -3.3499999187199867
41.75004911900334 35.450006176258555 -3.3499998878594317
42.97999999670662 34.74003091161579 -3.3499998542106137
42.979999991450136 37.57991480551324 -3.3499998875952928
44.20995077344799 36.86999134227587 -3.349999895975464
44.20995087977932 35.4500061731079 -3.349999908418596
45.43904437208568 34.73947977663383 -3.3499999104031373
45.43904453538591 37.58046343923656 -3.349999877696556
46.660955982112526 36.86947104945116 -3.349999864009301
46.66095569069242 35.450526358108235 -3.349999908389889
47.89004907640632 34.73999973231887 -3.3500000110076744
47.8900490830872 37.5799457417485 -3.3499998654827023
49.119999984443474 36.87002263533393 -3.349999871053
49.11999998828783 32.61134801887791 -3.350000624090156
49.11999998905397 31.198651868238127 -3.3499999687621465
49.119999995718885 28.360025071191643 -3.349999921386325
49.119999998117045 26.939977356789147 -3.3499999316661433
28.95802143004163 36.68366990043636 -0.6715642511363129
25.11894779155983 32.41820603279598 -0.5691862855446717
30.8921200017705 27.958432751809028 -0.41091629965998133
26.225621927422196 33.859404638537114 -0.6636287543709563
30.24623112529158 33.36190123502314 5.367466401245185
25.972643573278322 33.12845104449004 0.810460086064827
28.286442229595995 31.971053685679514 1.194306649544573
28.666184508256908 29.222159345177037 1.0018074304303382
28.339504030927337 35.21016284785621 1.063131815970707
30.098314259776046 34.68283848879177 -0.2324640210622797
27.954936431862613 26.340798406519653 2.914259563651357
29.032152822320146 27.18292693353871 2.744695586005812
27.29651072724339 26.810925246437847 4.105996648968304
27.105991060930375 26.46306375776359 1.842660962478312
30.689502788082656 29.840430983833123 0.5988459761732057
29.33514333942422 30.05194028166091 0.8275728779593594
27.716507903757893 30.40854301620841 3.5482965434997507
26.49251324462523 30.829781304364943 3.0333256197966674
29.176665732044558 31.415219333957086 0.9394531840745501
31.20208002424071 31.049763815326806 0.6848596471564072
30.403301524875044 31.99482586454571 0.8657482198790856
25.32677932341022 30.424049464454313 3.6984540141994704
30.58878653191086 32.9756489900948 0.7118608957748596
30.32434601213478 36.35895718948035 1.0913248655909946
29.356636644178195 35.76473553281998 0.290907293188275
28.417002147848436 34.1187139030713 4.465142151726418
26.268010432918455 30.453849015088444 1.7106061544061946
30.27808596882272 35.2588819651342 4.4067104304588645
28.242513840107616 35.38776834166553 3.87539323378855
27.37887944396239 35.85652625868018 3.6419373600475833
29.321364167987547 36.06867865880506 3.956255136891107
31.227704726307955 28.44065077250615 0.5072060635585707
30.872929306177653 27.842586938369028 1.3465832446059867
29.401242291727485 37.10923986058425 3.6783129298281434
25.433919871663768 33.35505284221839 -0.10960969300679801
25.025233340047627 27.899700025719273 2.7213819499103877
29.53578247736 27.782251002334853 4.509607286294247
29.756586966160917 28.145898484172477 5.4256345164193975
27.574581419618962 33.44526629217043 4.408612232618214
26.258022604561297 32.12607047583876 3.1901009980714012
32.15314959763381 35.803203508877075 3.5624830502059455
29.676787225590616 34.124353214055716 4.856779976198721
27.629756772841034 38.20220045293383 1.9270601320224912
31.707048168478494 35.60252964204383 4.536558773445817
32.210241042843094 34.733710147383114 4.960881312608026
31.972124678226685 36.6801120572675 5.610516487444503
32.256754167789985 31.163343361279676 0.48197510508226404
25.290898726025432 34.53417581260427 5.3772234096362626
25.408444995342116 35.806898906701505 3.384524980780194
31.81733719063067 25.933697639787837 4.019987317749018
28.85716902792994 28.990829591681923 6.038873208385247
27.988266842374486 29.428175383558166 5.569684919895133
32.29764436780013 37.265468557894174 -0.45983945326519393
32.224067828694885 37.61438649753552 5.108763640718865
32.74525861560746 28.375257316381532 0.5695395561315475
32.39831351986904 34.49927191313332 0.7873252002323572
32.53215037470055 37.106937865729606 1.2786852476142718
27.94700963530286 37.84109538867856 6.20140335934818
24.582558343024363 35.17146660297709 4.317923143563704
25.928249208048754 37.900942425194465 2.125157779737765
31.765319288298006 27.67163982156189 5.783819607902267
30.85416112758022 28.140256248998906 6.125271580399085
37.078956913653315 33.91651658135449 5.986274992017478
35.63798626317166 29.35092039361219 6.109641202989804
33.57485780082946 30.768316911912006 3.9202770729206438
33.115960848934506 28.41737369333635 -0.454621595728224
33.67451218414654 32.70230572698773 5.075348114031973
36.41803789392652 34.1449627428463 -0.17864099277694057
33.667714366135016 25.863419232644254 5.495696051225228
37.46396942693037 26.989901490417655 -0.2278910443212745
39.63218938731687 38.13249403773199 0.7685966074422645
35.82713499478537 36.71803767167639 0.03546475196578802
33.048890071920425 37.25072724660958 0.32978867820111946
32.76629097335161 32.716076142571715 2.9598829957438353
33.190629924520806 29.136108274533537 1.2105155436983495
35.064010847408845 26.17946590454238 1.1160062776330337
39.0820555156533 29.22293516564209 0.39642181137269916
40.13674985448815 30.244354468716317 5.23443254324929
38.938249984426605 26.867229806920925 0.8320626138078291
37.86743239835852 26.686571943619164 0.7381880502140703
33.09389024883295 27.392737574785297 0.8876762273845218
37.48376183857949 36.62446484311714 4.346820642926687
37.48974757672558 27.218726360549155 1.6112664268520616
34.48096756657771 32.84920471441232 0.2670719390950682
34.29450153056072 33.82649176400187 0.09317415284980979
33.30458607109935 34.70050586653279 0.23544209801813154
40.068991403863905 31.907924843655586 0.6204173557540738
34.93308026102749 32.41122412093279 3.1149205493435304
33.70295889579819 32.11353761588582 3.787432998162439
38.59408808032745 35.12180071772366 1.7638917045897462
38.62528025065459 36.52374076692258 1.7729218102138278
33.72656014029464 27.124069469076918 3.7425631664991874
33.231530949056115 25.93889416387271 4.188474450315871
34.72806103936045 30.976174195957714 0.49390573523101833
39.199127633002405 26.249371803330693 4.452824646134378
37.00044046220446 26.793323943021324 4.425277816403499
35.518817828078056 28.808232377890057 3.9253997961198674
36.9323489262242 31.361373450853225 1.16273904962519
36.41224359335077 29.575107975178717 -0.18992321112323518
35.97937832602875 30.344136423099393 0.8797627104792705
35.72525598096971 29.53513302107569 1.9233428932660601
39.41743182620506 30.332892470493487 4.117173019917204
37.3089096902598 32.56697310648488 3.0259049246892156
39.37559760785071 34.67331743578298 2.8156739939746767
35.438892045653 34.594976368182536 -0.10679988462784173
38.06244329632018 26.310003712702205 5.23009321874338
40.33443710908922 34.28828192865233 4.969860033775985
38.98297028015723 34.58977633487326 0.5843174104658877
35.16392849538915 35.86598031809406 0.011897719394290407
37.02630670991067 35.25791228965073 6.00812359532333
33.77281484799866 35.9757243829139 0.11325357469316621
39.74804892016332 29.24806999924926 3.2473805459497007
40.02632733434102 29.67031744457705 0.1232921189525571
38.09613270820472 30.418912170604983 4.515823674704128
37.277659652678935 34.73414456961594 2.0816481830326463
40.44142525257609 30.96707835809582 0.2429244168862954
39.75483280275066 36.43231810160935 5.099441497504328
39.69671703069233 31.524151376817944 3.314799954393642
40.27679743602257 37.74614220218366 4.992968454166391
36.39700295414014 33.61868118718606 4.829507014087265
38.314312607706206 33.4886203055699 5.565386678375242
38.2884690622166 27.362990186547275 6.094253004462981
32.93504716287175 36.51308410473699 6.093198527201671
48.03750866340796 32.324542353958165 -0.5125612455568485
41.18854431332881 33.58769213540734 -0.5920252470214149
41.91803245455156 33.45953917413255 0.20767711661127564
42.77968297690297 35.290015089958324 2.8921047919396194
48.971766809934806 29.888159448634017 -0.1796908644534423
41.02559951113235 27.47649591589493 4.287163690212513
41.17041377925397 27.97647033910465 -0.5708150327763739
41.1034136413451 28.964853196061675 -0.3740656756432459
42.1683336212083 29.709593226153263 -0.18664784370470922
47.40294084438541 28.12447269745931 5.830503359852558
46.02648867867957 37.78673529086993 0.37229672974132044
48.740174702114935 28.494944482370634 5.514405641790941
47.44974308054619 31.49641516192108 3.776345041380047
43.859615784646465 29.798806883152622 4.3722351508318
45.37104901656763 26.348463225939362 1.0876506100531358
46.33458392214308 26.818887522121415 3.068042312234549
41.51403275470066 37.656298015901065 4.508727090552071
41.31425704932901 26.914880819922086 1.63220655788887
45.11118632875972 35.577260376698874 -0.1360460012375686
48.24402161673393 32.814940107903666 5.511700630213502
43.42366197853247 32.24947622418387 -0.6610083083327223
43.1264947711304 30.643528226052407 5.2490772559568075
45.4331531814999 30.534068533535674 0.297183539000232
44.87737814649052 29.15995296122316 5.04027030939616
43.17704635213924 28.755371912657107 3.8738468907927626
46.66650819595908 29.23355559423495 3.5407503069429613
42.11738486798897 37.42317149364583 0.5204222384954671
41.338262232460444 33.47947390199002 1.130482131759355
48.76332429307362 29.134882641701072 4.277978479678279
42.7090672556259 34.206529509289076 0.2737784216306294
41.90970508367595 26.095425854985795 0.7042058243347371
47.44394942405182 35.52961633060892 0.07192499341541203
46.101378820454485 35.21512442515251 1.8722488428845674
48.50446008764013 37.42447389231492 0.2833906536581121
45.434410318008304 26.194762985396036 5.057655436338793
46.06863237391211 29.356258352679507 0.580408543467722
47.05625666173837 36.11172037854269 4.094703308563772
46.15854535802737 33.6357514464297 0.09814226155034356
43.21228393143133 26.495557739206205 0.5430493672265579
47.03971236349361 29.959334158914473 1.3172974050483266
41.3455203527411 26.134105261875185 -0.5306701011617931
46.16612176787172 34.9576714536356 0.47897115045964833
47.78212134323693 33.74472663126419 3.5016416159100725
46.43606712458471 28.658073166878722 -0.548351924193875
45.73349710572753 32.18971616313781 2.0357756139911807
45.157629540002496 28.604613539141177 1.4297663380708925
43.60772434865055 34.599769628709176 3.6265596370544992
45.95900012098626 25.724996813291014 3.867030218777473
43.19918510582321 29.495374752701593 -0.4271798832555884
42.79916684322559 34.31425518650425 4.721175005873074
43.98026669513132 33.42943436102586 2.985001396784206
43.226992043808906 31.972229137890018 1.0672995848569555
44.45702901594126 30.487935832774713 3.3901857337218697
44.55308603340093 35.4405514510181 4.173288821704761
48.99161736083726 34.66946566598384 -0.1257146589898439
48.26376152457607 32.576244980203796 4.124019845580522
43.400468940683346 37.207669716974884 5.525800743604009
41.80133796928012 30.968230912702968 -0.02964472025117404
42.68729691678633 32.137190201980175 0.13476700240379946
49.045247281035174 32.58899266729857 -0.22808117570677022
42.620697281257364 27.05024501554673 6.107671885931509
47.55970585055216 35.8159397514795 6.21856633495283
31.508478336464 29.025022822169777 8.458846394511545
30.13050469891738 28.91226465742887 10.294210959788675
28.34417749159514 35.59270756172905 8.686692530508797
27.778741178711083 33.492317460449506 8.311791319197985
26.052110517692615 34.67936406355079 8.24088179663129
27.466377351550772 34.50827351257247 8.070208746098087
30.665868224956114 28.73938972387965 7.298397357006524
29.013187729949383 29.960512048646486 7.876279710292171
29.45163556666978 29.29207314266538 7.1500890171436335
27.63687694523541 34.66491271275485 7.005082439267303
28.210713589647995 35.741092523617006 9.758265808256695
29.407837919769236 35.42180879549657 8.520800682490293
31.06964617941482 28.536698694672676 9.887930899927264
31.557228696966522 30.110785667608635 8.541565474539688
31.918206044237884 35.65081557369018 9.25736667074233
31.115270007523378 27.457526933870632 10.034241449751887
25.798068508421608 36.84621028449854 7.961131383205075
25.3906182483765 35.8569653075911 8.108707332616696
32.311285971883876 34.30636785063382 9.219742308894666
32.5027268217164 28.66614102644967 8.192812925254247
31.820848327521745 33.644835094846684 8.090778543848357
26.05716690844005 30.337596956267028 8.591755203073195
28.179222484983313 36.61842409928875 8.356851007500609
31.86420525032499 33.59047669314583 10.301130566076461
24.853306807083555 30.55919608346483 7.921408446016577
25.158368715498728 33.87398511974427 8.771670342661633
31.14904050130383 36.77420970104662 6.3188794392514485
25.407966346203395 32.89570768665833 9.15517299760939
31.614487982484935 29.04561972126317 10.683070383445395
32.68879786269912 38.15731547518871 9.3136632162606
24.853692661175394 31.654204218005997 7.206353737766882
33.6961179638782 34.39142228265191 9.206603297147929
35.18003108060482 37.66645749887166 8.574008392839069
33.76345055331134 32.43775020114685 7.3158438461682485
35.08292426203605 28.391966767027846 7.9782169083043675
38.76303807578912 34.359683627010824 10.219591154888889
39.10802903796692 33.698027310722104 9.438827327122958
36.86704247290921 29.79117120410113 7.860250991926434
39.27620981097653 29.736450594838125 7.410678369741779
35.56123138684897 29.543900850418506 7.422091721660394
34.75015603306603 30.63773314849637 7.816983526454717
36.56659241195888 33.145802404107215 10.740004727801084
37.56342376797218 34.23773464986576 10.884149056747376
39.36933672283796 35.46339711083584 10.533168151072058
37.570363031872674 35.28173948664309 11.77332337005572
40.26246927910595 35.759449212082465 10.166061368062113
36.70705006136217 35.44757682832453 12.400689842687164
35.95897707241435 33.26329612724353 9.842731734581424
38.73741325559408 35.992747543846804 11.612487033638834
35.44682213466478 33.19471296593361 11.769142068890304
37.03528742056423 32.16258609037842 10.698644482471076
34.86511074792349 34.11632209407376 11.750474511212339
34.834709410005715 32.316511518496334 11.563763805181795
35.78223362163073 32.92656432648162 12.770988085772125
40.233072747599735 31.613268709284622 8.755456929793919
39.079522808290555 36.89176339197911 12.10353851619892
34.39951431603193 25.61608487696297 8.135849563059821
36.55709800677641 33.25631516265016 7.098371453075601
39.58313111705219 38.0000680100401 8.985905248820469
40.960710879482235 27.966646284995917 7.210291879302391
41.33382543339364 34.432209522141164 7.391240225707291
41.51850937791545 32.54346308695456 10.444154800199035
41.36547037252217 31.53475806521479 9.489183044035293
45.650744156438634 29.87371893463824 8.326654959347588
42.8905709103941 28.118053760581336 8.159984637256072
48.160592408067565 28.214080801703016 9.977979176220748
44.714332822098136 34.42332381537101 10.227246855256437
41.9236097222659 26.06658315885862 8.14138030215477
47.75781794021863 38.26869120125052 8.30484484604205
48.73280568436672 35.37343098958782 6.9256086798350145
47.16505667684163 34.523462601048834 9.976389885954639
46.040267143836445 36.21706200349922 12.420752437403229
48.247092752050115 35.86108615759911 11.912552224662452
48.52308960655288 32.045890712154666 7.465438858441989
45.521077180909344 26.55391414589758 10.410809602289344
41.29201703532548 37.267520666517086 12.597549365609487
44.91249189080417 27.70546268330576 6.772311963482642
45.029693944781656 26.468431959032824 9.064251130070105
42.429989933960336 36.368522300179414 7.393544705275019
43.29754206515412 32.318802773205576 6.751716402658186
45.96530651660179 31.012970015636423 9.038311462919088
48.2618286620953 34.36407027325556 7.854336590892074
41.63799038447489 35.59816068981055 9.336232907031016
45.57074916020813 32.16239359783789 8.356821138547323
45.668016894011224 37.51451981286218 8.09043012486111
43.46312372658916 29.188049793777385 9.994732491158114
46.6775851402596 34.99823654573027 10.815056209466091
43.35072047148688 34.39293007828097 8.233774206661753
42.14222888324328 35.19218636446335 8.072318279217546
41.261417616704655 30.24842908311983 10.183485607650665
42.505041465547535 31.514013801325007 8.657655727324858
43.901224412138774 36.0682157083449 11.98183829854415
45.10531134067455 27.752960260754868 11.009311227609892
42.106591356033654 27.274460815803522 7.4145458568938345
47.18392763012956 35.75145045185465 11.757439570844436
44.93900996927741 35.83018902220655 11.800884067194414
45.21041579627887 30.876834103920142 10.176016597993783
45.27589193001625 34.9375372214276 10.890824990321667
47.30818284688166 30.86918377158383 9.291395323552255
46.94566335247934 26.539493825365238 10.444165475951257
46.85145627698409 37.16897957437552 15.710249812497409
47.84979126461564 36.04754259347787 14.591167360354298
46.878621202395465 36.38802926711142 14.950329629478684
46.04870448182961 37.02289518800263 13.694191844224143
45.04303060149878 37.312356312740064 13.999039847936473
46.31810322320558 35.5597346894539 15.38374362045565
46.60547775996138 37.93386454966077 13.474559560620724
25.789945952598273 38.99945566561115 -3.349999888646714
25.789950718068365 41.83000865935989 -3.3500000266044285
27.019044396621197 41.11953645481666 -3.350000802430555
27.019005302766853 39.70108174373306 -3.350000016789132
28.240994653367647 38.9989182132545 -3.3499999408386927
28.24095603033622 41.83052891719811 -3.3500010780628386
29.47004913219997 41.12005422251554 -3.350000173766513
29.47005405587323 39.70054432966377 -3.3500000395309373
30.69999998621221 38.99948982728509 -3.349999881769803
30.69999998388731 41.82997735230364 -3.3499999291845417
31.929950892368844 41.120054249056004 -3.3499999051265728
31.929945934342577 39.70054433642633 -3.3499998907138853
25.789950883147238 43.24999379556577 -3.349999868703213
25.789950394012713 46.088682942190594 -3.350000450037127
27.01903977456695 45.37941301385238 -3.3499999199589947
27.01904434622493 43.96052020252128 -3.349999883000091
25.789950374840696 47.50131702618242 -3.349999936720299
25.789950787883807 50.33974809008481 -3.3499999035817907
27.01904347845117 49.62946798636204 -3.349999889377658
27.019039767255833 48.21058576487459 -3.349999884029524
28.240955663408908 43.249473723418255 -3.350000211792088
28.240959771074962 46.089196325294274 -3.349999874837742
29.47005005559813 45.37993512341814 -3.3499998926477694
29.47004909684692 43.96000027739864 -3.3499999199247767
30.699999983295047 43.2500250492326 -3.34999990364515
30.699999973964744 46.08865186092332 -3.3500000280465745
31.929949956476353 45.37993511820179 -3.350000074452887
31.929950895790192 43.96000028140346 -3.3499999197594987
28.240959784156512 47.50080363020983 -3.3499998807402753
28.240956492175542 50.34026691265238 -3.3499999079733636
29.470049288284184 49.62998829123471 -3.349999904761308
29.470050029025156 48.21006374271116 -3.3499999714776507
30.699999934910338 47.50134805935063 -3.3500005043568235
30.69999987084928 50.33971689168843 -3.3500002886482996
31.9299507964642 49.62998814882376 -3.3500008813734716
31.92995000470738 48.210063767488734 -3.3500003135416225
24.560000037424587 39.7005101990532 -3.3500000775885974
24.560000008513697 48.210032003883235 -3.349999893414158
31.640581696948015 50.09016340368838 -0.9658973538265847
24.56000000227325 41.12008518743479 -3.3500000019216616
24.560000000871984 43.95996906301044 -3.3499998693038147
33.159005323421226 38.9989181990788 -3.34999991557365
33.15904402524272 41.830528937646115 -3.3499999199378747
34.380955484729434 41.11953654852308 -3.3499999108418965
34.380994676433346 39.70108177967114 -3.3499999277887116
35.61005406282359 38.999455646165195 -3.349999945404414
35.61004924501665 41.830008625791656 -3.349999929393248
36.840000018538646 41.12008518041466 -3.3499998812263887
36.840000016083394 39.70051017203232 -3.349999904662825
38.06994595800623 38.999455657470385 -3.3499998972468967
38.06995077645082 41.83000863680864 -3.3499999009271164
39.29904449319825 41.119536532970635 -3.350000013195147
39.29900531881972 39.70108179071335 -3.349999915928893
40.520994670999464 38.99891827259954 -3.3500001698398583
40.520955978355126 41.83052896519206 -3.35000014454107
33.159044294181136 43.24947363295672 -3.349999945237192
33.1590402209709 46.08919633060363 -3.349999928235341
34.38096022134134 45.37941305881985 -3.3499999467528516
34.380955534671855 43.960520249098316 -3.3500004601241495
33.15904022578948 47.50080363775675 -3.3499999420916104
33.15904349012753 50.34026690784936 -3.350000260983681
34.38095653752849 49.629467927724804 -3.3500001549656124
34.38096021037521 48.210585770840666 -3.349999888408357
35.61004920635403 43.249993734560476 -3.350000421139824
35.610049630049076 46.0886829441381 -3.3499999145467276
36.8399999304481 45.37996679314721 -3.35000011147766
36.84000003244078 43.95996907268327 -3.3499999413721038
38.06995088976817 43.24999379787503 -3.3499999077132636
38.06995042483659 46.08868298126431 -3.3500013017608277
39.299039817185346 45.37941299898744 -3.3499999953153248
39.299044363833694 43.96052020573365 -3.3499999423174165
40.52095568909703 43.249473631333004 -3.349999927765478
40.520959782435725 46.08919632338519 -3.3499998906721173
35.61004963171598 47.50131701045056 -3.3499999056627394
35.61004922147525 50.33974808285821 -3.3499999485908005
36.84000000282874 49.63001958691458 -3.349999918267997
36.84000000555693 48.2100320118117 -3.349999909105621
38.06995037365218 47.50131706509429 -3.3500000088996043
38.069950791855796 50.33974808294057 -3.349999925492413
39.299043476866345 49.62946799839426 -3.349999994313957
39.29903977769513 48.21058575773975 -3.3499999712415205
40.52095978627385 47.50080363119188 -3.3499998826958644
40.520956495928075 50.340266909321876 -3.349999987017538
37.97124035497667 46.01029438337792 -0.9724060041359117
41.750049099411 41.120054247649186 -3.3499999838432304
41.75005404525379 39.700544350345 -3.3499998922849015
42.979999988525016 38.999489829196136 -3.349999891748622
42.97999999348418 41.82997731827808 -3.3499999608851883
44.20995090617474 41.120054256597 -3.349999913543038
44.20994594851705 39.700544342496535 -3.3499999071957633
45.4390053396574 38.99891821046119 -3.3499998830824564
45.43904402417551 41.83052893262346 -3.349999906985169
46.660955479772014 41.11953653819774 -3.3499999003325165
46.66099468066186 39.701081775635316 -3.3499998986712267
47.89005405370052 38.99945564835653 -3.349999873364907
47.89004922932117 41.83000863343494 -3.349999907849476
45.439040218525804 46.08919632539062 -3.3499999095911868
42.97999999031592 47.50134808452918 -3.3499999937729963
41.750050030440924 45.37993511748242 -3.3500000216224457
41.7500490060786 43.9600003056612 -3.350000178786451
41.750049276873696 49.629988293311406 -3.3499998954076835
41.750050053115665 48.210063722249146 -3.349999879848885
46.66096022491632 45.37941303939707 -3.3499999024350946
46.6609556367378 43.96052021589507 -3.349999918916992
45.439043495722444 50.340266907171085 -3.3499999604181943
42.979999993374626 50.33971686834357 -3.349999923435132
46.660956518360294 49.629467941362066 -3.350000030372411
44.20995071746215 49.62998828853471 -3.3499999042265385
46.66096022695906 48.210585762342646 -3.3499998843919765
44.209949948632946 48.21006372006917 -3.3499999175456976
47.890049625389985 47.5013170089839 -3.3499998871607994
47.89004927137791 50.33974804351676 -3.3500001597862616
47.890049111724984 43.24999380319444 -3.3499999250429333
45.4390402170053 47.5008036263594 -3.3499999000124547
47.89004958599268 46.08868299689937 -3.3500000632982307
42.98000004405227 43.250024991638874 -3.350000796657949
45.43904430486372 43.249473635771125 -3.349999913388122
44.20994995238695 45.3799351194284 -3.3499999698769836
42.980000016730905 46.08865189405297 -3.350000204984802
44.20995094500273 43.96000030461673 -3.3500000142155018
49.11999999073063 41.12008517202252 -3.349999909592376
49.11999999392127 49.630019595827996 -3.3499999174149964
49.11999998486553 48.21003200979361 -3.349999909387935
49.11999998398918 39.70051015894031 -3.349999892626027
30.995841162361042 47.25321558362323 6.236283751169548
25.586046881933854 46.08371707648994 -0.7898494570226755
30.83424000195865 42.88645922084244 5.811976171278708
31.562314878073927 45.458704215195496 -0.6367977122478485
30.54301521571758 41.48063710475122 -0.28256391637290323
26.313550660643852 46.82032890246595 1.047078532886535
30.355622217107772 47.880418260013386 -0.6681856653523777
26.36666042388267 47.74874567993992 3.3590980137915896
29.511143230198314 40.94667753384621 2.460490513989085
27.565837819853147 40.23202129845465 -0.07953605680889875
28.93518201202376 40.06244675219064 -0.1315662978418608
30.772136461179844 40.31804160231823 2.689721639309969
30.508479831973755 39.03596730684933 2.792141539030999
29.48537445139897 41.27253405481035 -0.21556291546927397
27.438681430852924 41.46393106689668 -0.43711076898048207
28.392302047554306 42.0689847903155 3.9800722135880386
26.42280719956665 41.819497428347 -0.526397432749568
28.515466925740785 42.23332438977799 -0.4119478638359819
28.846374316637583 43.18121671429103 -0.521949861471761
29.44445272712483 44.566752180383084 0.36346895849022287
29.7638783440244 45.96331642436551 2.289673333543311
29.72689918167755 44.62507296506953 1.7296440643229105
28.769518038285185 44.039482913557556 2.491127906738446
30.861835920094528 43.97761948263212 2.010049664858209
31.706530789428047 40.64093003660806 1.7658421973637284
25.954047239562186 46.03316600006286 4.532056457064556
25.87749598737928 45.601680877143714 3.2263207967214513
31.61128176376292 47.10299905485787 3.7553979829519446
26.21521011176297 46.657194262930574 2.4729076083502233
25.096674093551908 41.90515783908941 3.6802513636221565
26.32204871149222 47.387663814398834 4.596600451472421
31.343799610429187 47.584396240732225 -0.34837884363745464
31.18605058211115 49.618440320562804 3.377122717112769
26.155354710499118 42.198580089815366 2.808003471174465
28.94872474671477 49.456269489183356 0.014317442040632233
26.461665097030913 47.94070325227822 5.513690765815758
31.28425349893983 40.86938644467654 3.795341242598883
25.73127061150196 45.60475242843925 5.419148552343732
25.530415072668173 42.12548457248765 4.999311100045334
25.792046570992856 44.88776496215338 0.5355848673438901
27.315301558761114 46.72969958676101 0.6271005983091626
26.631945104200945 48.739938495143434 3.0221101189016397
25.66470196652592 44.568199195608535 2.996028984971486
29.44476440958955 48.577293489833 5.252187383364719
28.37692124821554 50.570996884820254 0.5932651447807802
28.19348595195547 39.86434381868166 5.235948609079559
31.591105827813347 45.00191695106978 5.11175874882529
31.947618511896465 43.817343865232466 5.7317952939377435
26.697115435329227 39.48141079099009 2.500366765240317
28.509585795862627 50.536038389758986 2.0007610976491197
29.328627330821146 50.89195445711488 4.143978528794378
25.63187117320062 39.63276091291576 0.1596966519549714
25.38716645687353 45.861101196230244 0.25847718397259745
29.501649617957558 39.16474104541103 0.06752894408818433
31.405504690774062 50.401534672852186 0.7517696451585787
26.62383160165097 39.19413814367408 0.267976733780676
25.928761978596494 47.804984666698296 0.781577692487323
26.206877077554545 38.61828767096669 4.988433741262983
26.919344479974093 50.26827724973562 4.762966955529679
31.93427653149229 46.399707246903695 -0.2592294102612158
32.13419298698085 50.1060405660197 4.263461709415482
26.64576307102618 38.652080295345 1.7949067284379905
24.81534858393501 40.540268237419426 3.5421030767529214
32.06051804898936 49.920278595307686 0.02551205375715737
27.286639611561515 38.94166913168783 5.821933279463965
32.23488043832686 48.450570706900834 0.10833427104083637
31.467012144920286 50.75206797104029 5.213336494723155
27.03522346803995 50.6369818331633 0.2515200070238388
26.695187544855838 38.35626671225638 -0.4255503342024336
24.602222229422935 50.85295664428789 1.0383730286222148
36.67253265952045 46.77886303275082 -0.15316119062754763
34.69702037402464 38.676496018420984 -0.49243764949281177
34.069510413686594 50.3313274941479 -0.7949670018525501
40.329603463770766 50.61884487824717 -0.5268747090163639
33.07748095245452 43.135853799500666 5.169890354369576
32.94366740416658 42.20671169064297 3.0304023253366728
33.9076982332582 38.610972460753636 0.2564129508027313
33.86998796029662 46.36349357428688 3.0597849016254832
32.808676731178785 49.04023177560762 4.781367901802485
33.08984530351614 46.557798766506124 0.3865351672511863
33.67695284680532 45.79032382763216 0.6804517371049512
33.26506218423962 39.40991244952523 -0.11347054815881608
33.29722227852859 47.80601734773841 0.5546335103690336
39.237702568620854 45.75386616245793 1.2951698476769191
34.01068223824259 43.65515621348125 1.3890450151956335
37.20554434231294 49.75850037069845 3.0478527379544698
38.038159090196444 49.05647951523151 -0.37916306746073714
39.353386748599156 43.19924975978462 -0.5405559247653435
34.865261939786315 46.18361791314723 4.9816382525632505
37.27019377715188 45.175859426464065 0.330241699627164
37.4284405676636 41.98012441082851 0.5288299745841385
36.58542990314037 48.855908433313274 5.038294950851652
35.03466748795421 43.72237820923415 -0.5826336731015203
38.94903642099952 43.991709965656895 3.2503189472458405
39.88674756500263 43.261840601536456 3.9707255672569697
36.8566220647044 39.01449380452243 3.0484605651293895
35.9107832799065 39.12049156400673 4.10655840430386
39.83238630209508 40.10245606282555 0.339601138887915
34.70240342142906 38.465036708342765 3.90921577723942
39.4435988057855 38.57292574047783 4.274917614170074
35.65541790312192 40.46857129399036 4.4362499731647755
38.56536729098805 40.332114208179036 0.6711491771317979
38.325808716732176 41.54466259927108 0.3700741378742445
39.39494520137489 42.162713362000765 -0.2401142648597554
36.28996620244853 43.06529345482559 1.3209143422299718
35.06277064076042 43.06327293115242 0.6317247182907237
36.94896647174038 43.184337186895775 3.7595816702515785
36.5434368075491 38.481010279560714 5.176994508964535
34.77091699569912 41.77554425098164 0.42029408087060904
35.104958249362355 46.32776897511845 3.642085280495041
37.56549382828591 46.179707117821174 0.024975107441316258
35.788217249357565 45.2719832334069 3.065057410173413
35.852064251283764 47.48523771077785 3.4760659835084584
34.22997574880003 48.19292075412458 0.9376174754004707
40.30877417555579 44.00089505532109 5.038911403706512
38.53109021927384 46.57026998512356 1.1458922981746555
39.029287214888726 48.8480770692684 -0.004151786512657241
37.94229458972351 46.672215545258474 2.05749901711708
39.34556841906319 47.76489774714656 0.8408803496049111
40.37130834629141 41.289140851918255 -0.175148710840346
36.131045791539535 49.621403062039214 1.0670972255045463
39.0587540355506 42.19988091946035 4.387991411240684
37.85126140632105 39.597451197530575 1.0127967232692636
36.76090504456721 50.46818221762183 1.9892222624264877
36.29723703117861 43.83580807214789 6.246810925754995
33.420302780142165 50.66778905811551 0.013378879768514151
33.1164073024767 50.791609220457836 3.545148929555185
34.18176141081373 38.94559667753239 1.2569208263494347
40.439283999597 38.68428573213095 0.28670012760922625
37.91115420201174 46.95264394445383 6.166478554503843
40.43519140526913 38.42408315947537 -0.7717789095676308
40.12158824403837 49.67754390389648 -0.039963891986203315
40.57699990671606 47.900424308551806 1.2131298837297855
33.69865915477807 40.61375892620183 6.060027809147787
33.85004850530407 50.43965969355451 0.9887637294210105
39.0305371107901 40.36385345586135 6.177851860625564
36.87406635092774 51.016076665751626 5.827339893438427
40.311850400309424 38.31000624464718 6.22605014403296
41.83116826224752 38.41876044309447 0.8595132266688166
46.43505426736591 38.331402477634974 4.235189492555213
48.51309629813089 45.20148443432499 -0.8290795792919081
48.20165249123313 48.1591429181508 4.037810475348044
48.14316761428849 48.865737971983286 5.586224714494053
44.70558775383141 47.48399858274233 0.465129930438104
42.07885310545843 38.63508414774127 1.8987226730449747
48.62523352752942 48.980762228197264 4.615409657169087
42.81511426687061 48.00313636669429 5.749999292603505
45.39411158829541 40.640660865205916 0.4768108341260757
44.199596553658544 46.265071649746304 5.412767842252981
47.451155599501035 50.630333927326525 3.6698318090753537
42.42077325749795 39.022441929320316 0.1695606104009395
46.15486963435235 49.443223466417145 0.37031359663370456
40.95154515592767 42.84600930245657 3.1412838161247194
48.75703118262124 45.138243592513334 1.73500235563674
49.085430113243405 45.93827672380342 1.0715258058776056
44.49065609191333 49.458283452118536 3.0440414029215566
48.45822494590139 50.380609178903406 4.003821153271226
45.968736582656064 40.21968553768337 5.294739895883456
42.78879288772673 43.485764918225485 -0.6032749924290348
45.77240673644968 47.36915008673149 0.5880407975116564
47.895915359199215 40.404632353672824 0.24926555699917308
47.92526706380685 41.47804454954013 0.36469837363350965
46.565946408240414 46.32761051331797 0.875260284580287
41.125163627658566 47.27134910370684 1.898827281659352
42.2169435828163 46.316818077101274 4.384430784463214
42.02234523760913 49.33374166809793 0.920652690377487
44.07941058385872 41.09719178653114 2.1275673161499764
47.86916144612448 46.84207719996265 0.9143997438836171
45.319956504673534 40.121827335367044 2.7695600788316774
41.13680529357993 50.10492383874897 5.431329400822751
45.79789058739124 43.511072645572156 3.5886951556554605
46.96758101600207 39.268604068765136 5.064004483147455
46.432719447555066 45.267764960340344 1.0345649632154341
48.61904243484569 48.8350075608326 0.5767188253568922
46.60954140278239 39.825234978683795 0.26222968053730034
42.756993858014845 44.57737276377396 0.2265180711946968
42.829699625236636 44.43459117751478 2.9945640214967053
48.765438336942815 39.45261274714204 0.44921500381840174
44.58807366590391 42.92218170694127 3.6060072881300775
46.654777539595024 43.06400911397543 2.6300574649183996
43.96793759739029 50.18839987397044 4.059501820661254
45.364364607782406 48.56051325525787 3.591903940340143
45.13639233958823 50.34982954440885 2.158742438270609
46.331161602970525 43.439768260514576 4.875184208336368
45.47029987186167 41.72247146042764 0.5862694215918096
41.62872931837516 44.51283176485578 1.0168151843598183
48.03721020152197 39.930601200096795 4.489480397992276
44.6827856044186 40.435985728598595 -0.3233287996477918
49.041546446066754 50.103995954467344 3.1255722409864317
42.8450878054262 46.65146193928702 5.551419625200459
46.7992034865312 38.541261185163805 0.3738780428330768
41.40264123718477 41.419112124968365 -0.46816737273874254
44.72906392790363 40.2624263743269 1.864475622577666
41.65403197022058 49.25647791552318 5.250453530876353
42.743423628427436 45.782883790365624 -0.3889410111929126
46.518274510564574 48.50620423442461 0.4704727434782141
45.62526492316173 44.895595248871196 3.3293585164391457
48.38810277560567 45.00597465912856 4.768101506485355
43.55668619509672 48.75117527921613 2.2530130847945418
44.04052302958462 39.42865034909772 1.7272569204714316
48.626880933758514 42.44599631292959 4.2098615806937865
43.85665541484956 44.43815984615307 1.0185219487801056
46.420253786771944 46.31663045893197 5.11975394818294
41.095692474730086 48.99540881192722 0.7039835063152244
47.79924827368481 48.13790560152271 0.6682960690933759
47.00987266470053 50.89789850495264 -0.5305357255748866
48.06458014121213 38.323440045603036 0.4192784299309882
31.33270581714373 40.065879501185606 7.492119737386396
29.289289822084527 39.76731719829615 8.170453381852944
27.257479434300496 43.82082989970282 7.8159196076520265
30.293441305013584 39.68921293199991 8.587202134558972
27.902322716729945 44.391200278056495 8.890868119513094
30.144516486777288 45.14123951882703 7.754449882264867
26.807983822246456 39.52352218673367 7.0700369440959365
26.61066990375278 42.70104011912432 8.251413735887056
30.29749994289995 40.38011417140007 9.430255516461832
28.161586390356863 48.03938127157239 11.225002343661547
26.413012992360702 44.74755062500909 7.258300423551893
28.835427828024464 47.212246817172506 6.954191945735686
30.40380148193005 38.66970798663142 8.956702198972227
27.181909481398755 48.05460050978667 11.702602101687322
31.206498533172233 46.416244700165706 9.130111244530596
31.265069164959495 41.14403226246638 7.346820366815376
27.98918951678702 47.722808984097675 9.188743222123911
32.38629954452461 50.17716391779661 7.470689170962544
28.32578541171779 48.53808698212173 9.829153239045683
28.72217351590849 47.169009591672555 11.566023183830724
28.73131347527817 48.69262970016956 11.885893816468121
29.404515940784293 48.63473439093503 9.706272302992899
32.735426408257815 39.61734195023141 7.699382389661661
32.44385557952298 47.01420920179281 9.430786367628382
30.920997317262408 39.58369509799547 6.6055001385735235
32.5098246680683 48.240722680493235 8.819778573337194
25.25658977971506 47.56315437103786 13.273371328520891
25.2684312270856 48.24379499197712 8.656530566494457
27.752972358750235 49.92797335682692 9.613226240766101
30.12834240128104 49.12900338895793 7.318253070157494
32.2287904722047 44.21523556085421 7.0080290039649675
26.68676500596467 49.71353828134936 7.661995690707517
25.13006564775073 41.27225117929463 7.132538281345316
27.10729734781947 50.27280652242451 8.484656972109414
28.168224647962973 43.404171649404915 6.807074762073535
29.857526827972865 48.044290202791586 6.443032437813918
24.7254414517235 47.57162342637062 10.760732649037882
24.607741802503 48.4444764441825 11.385772169181017
24.938836161203145 47.550166543887876 9.415903115593945
32.45802780619906 50.92336100050936 9.99790851953634
24.75396703631758 45.66526349149391 8.231393045566817
32.82422482606967 47.228214275094956 10.761180839599806
33.39271369814282 46.230829131159034 8.87556653153492
37.26967459641982 48.778252552779435 7.265042549125003
37.453248135905945 47.38481048453822 7.441001859368117
33.74267961791359 39.92303012891791 6.889097123067874
36.257402066502706 46.82433239178068 7.734544753398906
40.003564814652144 45.19196009478787 7.199745417519056
34.48233588503509 45.37467436737308 7.044433126492277
34.80587741476003 48.90453886257605 10.04449748471349
36.18421543136122 47.80848886417356 10.082601253231598
35.797008996470566 48.75041593200101 10.471117116530896
35.96059986642124 42.90759309181621 8.239289183777775
37.676969402141204 38.46457213330947 10.032794233355627
38.52820685925392 38.859199528489015 9.021697559921284
39.26269242828679 39.95656077689711 9.395832546207041
37.09144909970126 41.745104345992026 6.699505600861628
36.84378026649034 42.99975436725343 7.19265442907838
38.040274842145735 43.58537998919781 7.544171942475796
34.81306795760919 39.23638906230649 7.271973040921966
35.47207616897388 48.50860376994595 11.937652033723628
38.99625096815042 42.488986741113294 10.486208268468713
38.875649904436195 41.566967855428324 10.091953835687619
34.481650828732114 48.11232786852477 12.161533822229892
38.33986402602432 43.679313377879964 10.509840541819646
37.42300028808915 43.765771331935596 9.945672209158081
39.13917477835153 44.515206003257404 11.215521082650817
35.58721149432854 49.423276088983485 12.519217512108186
36.81569554249318 49.71403954881689 10.083549785940068
36.245788377618354 47.79165392661345 12.212337927461059
40.26827629135047 43.871052515003456 11.565490601878954
38.65701743500952 48.759637798956895 10.73148996116486
38.18041303314413 49.6468143380803 10.341405313306073
38.986267773609015 45.5573134338836 11.45433387731544
35.72259314690516 39.33387939182909 6.843767990248551
38.70934247613874 50.889494855001274 10.159776780077344
35.01003869863349 50.71796022062973 7.108928426051532
38.381073195571204 46.954602586947466 8.414230198882342
34.50645351990402 38.44681569454032 8.251930209874708
39.76445512531214 49.47413951150927 7.0531914505364535
40.157322207165365 42.67363032147251 11.134681795841992
40.18247820359829 50.221549704672775 6.395137722714342
40.63344526365 45.00297042817633 13.166277197273974
38.02191915879628 38.92456050912203 7.7417734097747015
40.76931782058157 41.78376568591066 11.133165580362846
33.291055618954196 38.75506172085988 8.645542702595074
40.84704868482424 41.29818124683917 7.234724157602289
40.76864137724905 39.50671926870348 12.581171469436134
36.555273184515826 51.003925615179035 9.815419741200701
44.18082988136813 50.666575640920975 13.136343441062676
47.22857010913865 38.806544571147434 6.289967817727707
40.9629363396033 47.29076815953511 11.334754366606042
41.7483141196075 38.67049224781653 8.519885930081719
48.56732833828012 38.405916118162004 10.496067041121611
41.244834204544716 44.30598126937997 12.593119560584425
42.26669682067599 45.90750686665718 6.611805929672741
48.56423099640758 39.30037766995404 12.49263522736134
41.28197844455362 46.758018129158955 9.213301877217756
48.95659710374008 40.061048284471234 7.924822674443693
41.1172758044044 48.885232803431315 9.75279396119889
43.970170568009486 38.712382277215326 7.369094380005095
48.40443134462641 40.65629694715588 10.639903750718748
45.677287732636174 49.96777417069918 11.217108001358957
46.627824209299995 39.31469396747045 11.298983187532937
41.5905604807155 47.65518139462707 10.168503002532184
48.05525803657363 39.46289526914731 11.253452000398044
47.55778818190555 41.73640743359566 7.343047518627703
43.183356499207605 50.693369461724764 11.633730587886056
42.779110741249376 42.3562936839023 6.678432767507311
41.799875806644735 38.51701369046477 10.800295544665431
44.28044421755649 50.35804835647625 9.012373834000256
44.09494906982367 49.32528076573949 9.268074153761294
42.9253861308904 38.82021372443135 12.59010909404993
48.88426050202851 41.389221682706165 7.5007580649065275
41.663415520062586 38.49180471756453 12.195350681026921
45.1747373882098 41.91790952238927 6.606469415134624
48.15130293100431 42.94470393610289 10.502497489942819
42.9006384865815 47.89900496418121 10.436488972083914
44.8768711821156 43.307349852928965 10.780502130410794
44.82107345279644 38.53135383835051 8.4174566401118
43.29526313144702 45.74159315757902 8.844641714246478
44.01471096885422 44.40352326303932 10.786798436600112
46.083402362781065 43.75889750844137 11.241636548693057
42.8503779352476 40.93397765150042 8.344813222065358
41.885531196588836 42.92971496573742 8.727870574558482
44.9771099441605 42.81184887088304 9.49928084050358
44.43989191111825 42.34660099657803 11.658386054561921
46.308435189306536 45.73130475756371 7.81325732164958
42.062326012434035 41.882603224897764 7.799208502031365
46.24272831261191 47.057687687651324 8.151914904064556
44.910139498224325 47.25945612530413 8.44498745795467
47.04721622542525 47.2397716820638 9.215168676411787
46.632733462622035 47.69149428812534 6.992229487461953
45.55687060667821 39.74374158431099 8.555138734991639
44.35766520062001 40.13725972755678 11.127308544260838
48.86704720107499 47.70476474832191 8.633811600632873
42.08396375670542 44.86332319422108 12.176788473083182
45.26085488339545 50.9749103327437 11.236093090084472
42.33371295520148 42.32032208621439 12.691366062529926
44.037724547159456 38.41495223924872 9.51566422502545
43.68880589595623 50.62849615762594 6.877406608050347
44.1068801942344 50.93291268393715 7.825533424229291
24.570095193896048 46.77483553931951 13.582205593260529
25.161716975451235 45.949772041899195 13.978884169737375
41.913833383050275 43.0622154043382 13.37062702077228
41.12604026786602 42.55116017357146 13.924074903302659
42.58909482946841 43.45537112200056 14.130594494169772
  
  
