  
  
1.2299506760231969 0.7102494497996684 -3.349999931329605
1.2299459553424017 3.540544392645154 -3.349999938743834
2.459005343590532 2.838919420008925 -3.3499999230550137
2.4590436360025176 1.420475235342497 -3.3499999365049304
3.6809567850936413 0.709730488504121 -3.3499999613702256
3.6809946829304145 3.541081835419776 -3.349999922854102
4.910054058022532 2.8394568028796554 -3.3499999326937835
4.910049285894203 1.4199571630774088 -3.3499999181131948
6.139999990959609 0.7102807236485232 -3.349999992319658
6.140000017398194 3.5405101976635405 -3.3500000123997675
1.2299509237265187 4.960054262516119 -3.349999947730684
1.2299509131604962 7.80000028447185 -3.3499999388650794
2.459044321857235 7.089473642998219 -3.3499999604091157
2.459044027412848 5.670528937038261 -3.350000012135308
3.680955460839928 4.959536557013974 -3.3500000140916706
3.6809556330034297 7.800520205554308 -3.3499999725254668
4.910049113846323 7.0899937875046914 -3.3499999697004568
4.91004921513802 5.670008743621456 -3.3500002148418098
6.140000075528444 4.960085214828422 -3.3500001588842454
6.140000014306168 7.799969056911416 -3.350000104174314
7.369945948630232 2.839456809557401 -3.3499999647579957
7.36995072245228 1.4199571622843505 -3.349999912724859
7.369950894775008 7.089993806013552 -3.349999995905395
7.36995076865398 5.670008648346209 -3.3499999160899807
1.229949964367303 9.219935139384317 -3.3499999254600823
1.2299499678039747 12.050064872777 -3.349999869225658
2.4590402033682186 11.34080368117788 -3.350000071012138
2.4590402312615667 9.929196353197867 -3.3499999096643607
3.68096022034868 9.219413061294782 -3.349999980445438
3.680960259609887 12.050586914154167 -3.3500005183954706
4.910049631289414 11.341317025383816 -3.3500002121956287
4.910049631360118 9.92868301166561 -3.350000023641017
6.14000002062986 9.219966880738017 -3.350000114203545
6.14000000906904 12.050033166043967 -3.3500001189536066
7.369950338362625 11.341317057508991 -3.3499999145161707
7.369950356909079 9.928682958255163 -3.3499999789010526
7.718928589523269e-08 11.341348211697909 -3.3500001843535965
7.482258158370552e-09 5.669977359472238 -3.3499999518704615
8.093123755838078e-08 9.928651831395214 -3.3500003456818774
3.1726183221375543e-09 7.090025063883378 -3.3499999505495417
2.9251432446263215e-09 2.8394909718944397 -3.3499999474237208
5.104953190774013 4.805444171049785 -0.9047347877984979
6.53130656666374e-10 1.4199261352352333 -3.3499999392779625
8.599043216879771 0.7097304964928542 -3.3499999159801543
8.599005317197435 3.5410818322586484 -3.3499999244830048
9.820994677017536 2.838919424778585 -3.3499999270937786
9.820956370668632 1.4204752390260982 -3.3499999247550702
11.050049337574112 0.7102494518628941 -3.3499999123769397
11.050054073831198 3.540544397768548 -3.3499998950347942
12.279999994200415 2.8394910074041415 -3.3499999367019537
12.279999996344268 1.4199261448729745 -3.3499999369239286
13.509950669301814 0.7102494400290984 -3.3499999530306903
13.509945938056001 3.5405444612710726 -3.350000044069782
8.599044522106702 4.959536561631821 -3.3499999212736107
8.599044365703591 7.800520207329604 -3.349999917266403
9.820955678037615 7.089473634741506 -3.3499999848529596
9.82095598087717 5.670528943371626 -3.3499999307465558
11.050049062970048 4.96005423149462 -3.350000085261322
11.0500491340517 7.800000240499075 -3.3500001614383415
12.280000046863803 7.090025093732251 -3.3500000069816305
12.280000072343276 5.669977368475692 -3.350000697933091
13.509950946604148 4.960054254277337 -3.3500000136176555
13.509950886880503 7.800000241666994 -3.3499999447149733
14.739005383619963 2.838919463037161 -3.350000167329361
14.739043652098129 1.4204752281988358 -3.350000111439856
15.960956777136593 0.7097304921877019 -3.3500000513100705
15.960994674982727 3.5410817941841946 -3.3500001570328584
14.73904431007312 7.089473620427739 -3.3499999128602784
14.739044011889336 5.6705289527121705 -3.350000041407162
15.960955463783637 4.959536602801155 -3.3500002422616157
15.960955628944673 7.8005201827630675 -3.349999894123794
8.599039748227131 9.219413018242548 -3.3499999359275057
8.599039748066005 12.050586946398681 -3.3499999673652403
9.820959775106497 11.34080367722385 -3.3499999336839403
9.820959727371745 9.929196363086584 -3.3500001475294705
11.050050157107979 9.219935122211165 -3.350000606182759
11.050050066191046 12.05006485365324 -3.3499999276686743
12.280000015416093 11.341348102775537 -3.34999990624107
12.280000039610774 9.928651875676003 -3.349999919619606
13.509949920835439 9.219935118203383 -3.3499999720585483
13.509949951618298 12.05006484957869 -3.3499999009864556
14.739040217861067 11.34080366115362 -3.3499998767589814
14.739040214582454 9.929196334874296 -3.349999959919133
15.960960240785584 9.219413017774526 -3.349999957985381
15.960960221949865 12.050586945121271 -3.349999895481084
13.704312588597384 2.2941286555561464 -0.883271219493097
17.19005405402112 2.8394568176289985 -3.3499999123300386
17.190049293572397 1.4199571776143272 -3.3499999789176993
18.419999998034093 0.710280716891528 -3.34999990031604
18.419999977924164 3.5405102135627944 -3.3499999126939253
19.6499459022939 2.8394568375992564 -3.3500001356544207
19.64995070184524 1.4199571436145306 -3.350000007761401
20.879043220116625 0.7097305048771196 -3.349999939324373
20.879005337625923 3.5410818561000377 -3.3499999917447996
17.190049088018554 7.089993803545367 -3.349999888038091
17.19004922593867 5.670008651712043 -3.349999937757225
18.41999996530484 4.960085192379489 -3.3499999505720393
18.419999987025335 7.79996906558087 -3.3499998984564803
19.649950888055326 7.0899938035529555 -3.3499999164366354
19.649950770423352 5.6700086639629985 -3.349999973763833
20.87904453807495 4.95953656365595 -3.3499999281093773
20.87904438289886 7.800520189560511 -3.3499999711732165
22.100994668502064 2.8389194314595074 -3.3499999163162775
22.10095633892231 1.4204752500696582 -3.3499999759002517
23.33004926584817 0.7102493647605181 -3.3500003536067178
23.330054018492692 3.5405444078190205 -3.3500000030468415
22.10095568832406 7.089473642949578 -3.349999929693228
22.100955970296894 5.670528943570754 -3.349999924727043
23.330049066318225 4.960054236721795 -3.3500000243334203
23.33004906710053 7.800000293252717 -3.3500000272612174
17.19004961501835 11.341317043392749 -3.349999911676779
17.190049613493848 9.928682930862193 -3.3499998899523087
18.419999989987588 9.219966827083436 -3.349999905746879
18.419999993418042 12.050033142548223 -3.349999933077582
19.649950370013205 11.341317047746813 -3.3499999293732796
19.649950358007885 9.928682935646352 -3.349999953355225
20.879039772813567 9.219412998434617 -3.350000104400687
20.879039764520243 12.050586949884842 -3.3499999327592
22.100959781961162 11.340803666705074 -3.349999924637298
22.100959800127175 9.92919630529194 -3.3499999471418027
23.330050057330997 9.219935101938773 -3.349999919331026
23.330050071016714 12.0500648651058 -3.349999920581773
24.55999995529783 7.090025086224339 -3.350000662860264
5.770205001388262 11.740287029351705 -0.7333793364496266
3.390755440850364 6.216019052124316 -0.6180782498952597
2.1481817921979247 5.112635261907479 -0.2785238888863528
7.154767320612558 2.8941075061736674 -0.48804708278739617
3.9875321248329545 6.211896230774411 1.9075805885239083
2.5148587859956093 1.0515395776346717 0.7235975873696465
3.1171263087302696 0.5378524751947967 4.164569205617273
6.3001825393167765 2.8944089952233445 1.44257990095499
6.380464080893294 3.3182606903881644 0.13400481959293997
5.703430785826041 0.22784208500387845 3.4038257050733343
5.291201395149873 3.534201049103241 2.025105650430632
5.404174626587235 4.269334979637371 -0.016222847964294518
4.962578431911464 3.4445166741427777 3.049978160022928
4.7385979860342395 4.389985494558721 1.2026194028151638
3.269369946677404 5.661780713755951 4.739079988628481
3.7314394729905773 0.9691427356275822 -0.0475559617496113
3.6256254675512176 5.303238520779701 1.426472765235428
2.772595444438118 1.1228036073893908 2.1030516752274386
2.814060539653702 5.818940587821465 0.2172969257716273
2.9203370604848957 4.824687992293545 2.1059267038363094
3.6259833722614148 7.8036785251790475 5.386160564437019
6.193289918979245 8.571645050188652 0.17999780537169552
5.971444129374496 8.56582452793089 1.5721672693275368
5.037955524731999 8.65261935641174 -0.5056286936965737
4.928415533756125 8.99374626237858 3.475491424762679
2.7270510518574262 9.438223130901717 2.874282836262265
1.6109886760820924 10.10762475553883 3.272492968579427
1.6775992438510006 2.116473853419108 0.32027963846086416
3.997298396695672 10.059961064924309 -0.12900467953402717
2.1127759708979705 6.613707795251156 0.47155081381553
6.026471244673732 6.887414489396913 3.7498434527864433
6.931896145119205 2.278832726550938 1.934620323747469
6.867728360389647 0.5257529259983765 4.028005883280707
6.790708760976776 0.49999788883012264 5.4274811901698605
6.820146693505749 7.343699354588888 -0.18908281336514787
7.416195221352891 1.6581136160854006 3.5459041421609516
6.377322703255628 10.72305650468816 3.063845524166787
1.479799534798239 10.120148645354478 4.670472297704318
0.5653619476654239 9.453108276405935 2.7177799003897762
3.4490590745134306 6.503224192033779 5.82219554767403
0.9866968340386179 1.411285423686926 4.868589233771385
1.8026909760505994 11.446798896687582 2.897041046512967
3.7788537259568935 11.043501237531638 -0.1999317870082462
1.7106014438032606 11.134022358754821 0.1561003816621831
7.326322718924804 6.372195741391178 3.7009998180817902
7.562240036075523 10.953081313298597 3.8025699608342665
7.29833151203201 10.441727446809466 5.092958853726848
7.027910052246048 9.651381098831397 -0.14988049301661088
2.640289724438783 11.65993582317899 -0.003570306437694626
3.8110740279276163 11.836341818252386 5.213209464375562
7.374477603027891 5.253780703730024 4.44843592343883
1.522719814478781 3.920689599132111 5.579343723854262
3.660888421532932 2.560071436788061 5.129910594717608
0.017578683769762342 1.8277624706270834 3.9601545661138937
4.763218207523432 11.98198308168038 -0.4268493789717043
0.35728651448583065 3.099410997040944 3.5254325496025087
7.507152799796716 5.97211712694833 2.4032498608148267
7.881609677806462 12.340013098751676 3.9227547389138917
16.316891067509523 1.5476259415357707 -0.6325136740878257
15.870217660233473 9.438545210862555 5.948224245498671
8.189580432758993 12.630379691633529 -0.12223306782015664
8.583756894882208 10.179950959657855 3.295571456356833
14.455414108518603 4.441296909951164 5.9085318622342875
8.340836126866826 7.244844134901926 4.044750013251637
12.099118793861377 12.269150115503333 3.8567103652390156
8.89972507451244 6.288807238431955 0.5527497281677651
9.26571076286771 1.981369686506501 0.10758194913396024
9.483957947119084 4.163871272362504 -0.007658889067068131
9.604575405240457 3.1799742670479314 1.9665437246027673
9.02010293263993 10.700589784937781 0.9450029802327942
9.160554416221473 3.6789305477320386 4.270972472653178
9.911430835233825 3.050186634146519 0.6360884356593832
11.132133546930557 0.8381355071732947 4.489025911295603
11.246380747479366 2.8219637658706986 0.5226782306935529
13.066997955263153 11.20945029584949 2.1072850905434057
10.65905340728885 9.153912360446421 -0.5666307078946808
13.008608160313264 8.482498628943993 2.486031889608048
12.63640834836278 8.151077237922747 0.3099396111320174
10.952654958777867 6.882177313162673 -0.3367627278652585
11.40089072446541 7.526857135464357 4.327721884243863
10.759278586816087 5.370551256214047 3.8885375403772384
11.810283516050964 6.193878925019052 4.22193204095747
12.459997710838817 5.810594923303897 5.4024954946204575
12.738313924805304 4.739271512086466 0.09925847169300339
12.73862439639661 6.1238129194148 3.179057258737976
14.326534460584655 2.317904652563057 0.011365379501462325
11.23887285373302 8.126849194464013 0.21958084059068295
10.72666093406875 8.161620824804473 1.4763666507887119
9.917168349989378 9.09780233968946 4.830400184978728
11.655324400989073 10.0857105478936 3.4141131022227142
11.355312967859158 0.08753256371886037 3.745261051187112
13.816025387406034 4.803057263036725 0.06977319866064646
14.683091623009577 3.787682620963231 -0.0019511055286791645
13.683376013948871 2.124174046158051 0.8698033009677808
14.443314722944672 8.652915232913333 4.399559118261279
15.467728166984726 1.296583117934022 0.0030961661661210726
15.142223046870306 4.4636611960792445 5.168333698966796
15.38172175135135 2.4964050599420915 4.305783107206319
15.097111353915212 8.728952902698106 1.5696936603734513
15.618832310431596 3.5494733055594816 4.270770926283351
14.554144746425452 5.961007115945382 -0.08078059771238322
11.93376955647942 11.328896571122455 2.8437468437743476
14.138070991197747 6.879546806067378 -0.023618828570940442
15.13336252448934 0.30704727668928783 -0.3085421434222646
10.845956800938216 11.70599782266886 2.082279644191382
15.967488770186081 4.302419764240807 -0.25374933299000424
15.878520887698663 5.613330669074947 -0.2569530430425848
15.767791974147203 10.469347039607928 0.40845702171424136
9.882887850879479 0.23739820140873472 2.0883567149833593
9.8951812436924 2.0936359283156594 5.849766105748378
15.047440426619636 12.489261457747991 1.1045437675053793
10.423754991042314 11.119329044431577 6.005452842472768
15.773321651660565 5.6164662960896 4.860313360585349
13.589508428065301 1.559840335695063 5.905964582508592
15.496861291322576 6.548449872804271 5.33081977061053
16.200693780345738 9.439311904002253 1.2314014397081852
13.809517960303193 10.279263163525666 5.812169695633941
14.549841320673725 9.147257514252956 5.680500261987652
15.885540825088132 1.2208918348966984 1.0069902902620775
13.26202604578118 12.648748946092349 6.071181082280255
20.680961169477136 12.586150845320219 2.0741743200589657
21.011156057952952 12.296279955854093 -0.051393095199055994
20.962086514732686 9.718230685958241 -0.6167576436279876
19.80561212775888 11.947122449192326 2.190392927929504
16.683502312037067 6.306220046727704 -0.4526804473353252
18.774604940820222 9.876196339545375 6.218256266029417
18.599243382259395 2.2105973374073806 5.529783072474407
16.80037352900471 7.191505884802865 2.9731173558998636
24.349798766457305 2.776835530824292 6.067403921774255
23.194563208075422 9.405053349704595 5.23571203381792
20.910591327030104 10.028064210507619 5.449990771247549
22.647695366732286 0.22228367631541512 4.055300973590567
16.814766487648104 9.976031120581368 2.378781606862402
18.065037575511603 6.945952963740081 4.174334154101573
19.046220147959485 3.098110889382104 1.34468089415003
16.557556542922597 4.128012003253823 3.509047133188311
19.38576323240215 4.2193195476934875 5.710083883584403
21.566736983084212 11.966903119072992 2.215713933719056
24.215290817312166 8.326562036001588 0.0036253843921119078
19.918221037562287 7.961191760918842 5.762151071835692
22.402210728176644 6.021237065030989 4.757561431442612
23.43919344293561 11.07226648371113 3.8153069985768817
24.48179049294647 9.37035958582108 0.0802060453951936
24.24224275795169 5.2062501675456785 -0.5194470611593205
21.77474496861339 0.1162561549694968 2.9953120225870844
18.268820713981146 5.385250484622258 1.5492439178993955
20.51300090538276 8.023782434108044 -0.45453021971208596
21.524532524836943 8.118400880840174 1.9640080425510298
18.580587510596825 5.983364961321915 2.405491859434293
22.240593073501042 9.661207364577358 1.5061886151974657
23.40542298928941 7.749392395398732 3.8072179809292184
17.155661668461732 3.7247931204188194 2.705253135124127
24.460385188872177 11.490513135585067 3.0010074369039152
17.13931728261091 8.604468632656058 0.6327419596091266
21.901334772911042 8.6991881041744 1.1221017130771083
19.865860825367204 9.341790189670453 0.6173766322442242
22.94245043834255 7.95033879759896 0.4075848306172414
16.85095275667685 3.6829072023949165 -0.2995267316913053
20.250773773513316 2.389774933604058 -0.41998014881641677
22.015953100060937 6.031027860189047 0.3781520117942361
24.02026688882604 6.180923924001218 -0.37509408420085544
19.260366876379674 5.445877149713754 3.0666324392187825
20.736167838794415 8.93263858592132 0.10428729547482529
19.08349930162362 6.873583173159576 2.027746885023316
23.940769227270614 11.890994298731956 1.7928294395482824
17.026254780352502 0.7168179183871418 3.291574738278137
19.518821913184187 4.563142598620725 -0.32926447201055864
21.904224973877398 0.8149986017292019 0.11499396248415339
16.653057369079214 5.439534380928264 3.9311193945383662
19.213696483872376 9.4195931962303 4.094944900797212
19.750534077171288 2.957198920189591 5.450156137577543
21.191755951165867 3.6553367539748756 1.0233543569625592
19.96775613524815 3.4689667057017064 0.40159501762197625
19.073856628203472 1.4517693933646447 3.0405574027435236
17.51177798537606 6.465774303390361 3.3672206055477902
22.851838321689574 6.661136523826871 0.11233446508440825
23.444373995011727 6.3779779410649295 3.9339241667059555
23.602047059327376 3.2774426814903848 5.001956720240276
24.272809406025267 2.5250151642709806 1.3807366361064677
23.84444051145533 1.4802536694195905 -0.608773622201717
17.274268673648407 10.735754549938346 4.587447804687845
20.344341288297887 2.9292143929982415 4.246527288337011
23.139001621632584 5.74646032033659 2.7639487918093533
21.505654562327887 1.2653439057325822 2.3816866795160054
22.53876856841379 3.357476531865643 3.040425729197731
19.732782179590966 9.308946336589324 5.364483987979272
5.04827137389195 4.608283332150637 10.021413232593927
4.458109717518325 1.558466813213603 7.044493015326614
1.7282478321896764 8.533344222263509 9.412914330866606
3.773924534054173 6.166187466687277 9.004163963800528
3.256119968208611 3.5647361031675713 7.094923290064763
2.086517114786336 7.386669465793688 10.045580181685555
5.6060389245112185 7.397904624777859 8.863323429553303
5.879389286443284 8.487681593644071 9.702981535182882
2.7034067043024015 8.766380369726429 8.475453620787803
4.798736408657784 8.783944665398145 10.440758022861736
1.8058726727666792 9.537498752564336 10.32125988475025
3.6104069204383133 10.677566045757345 9.274429017573333
6.285499018743525 9.588714942339776 8.9912072609007
6.272219261631239 4.014242801773374 9.74703285753234
6.116485639700735 2.72423246010335 9.31928337677522
6.924284931819589 4.790303522863176 8.840713588009475
6.5665340043269795 0.9628940729654456 7.861780285482843
6.917531361640891 8.073962737168538 10.426990395288787
7.0090457214491515 4.04982887991905 10.923300565757717
7.127913702886053 11.154243486143724 7.347856114294053
3.7003122802769606 1.456068142336333 9.412352520858413
1.3201470644820454 10.936281653147086 7.44640427829646
6.779732689552562 5.51056458912224 6.774306334543786
0.468291009791348 8.42738824423938 8.784488745730805
0.632701395603378 2.7619874688611694 7.352941281271772
4.219255381673634 2.7901382043498 6.410056759456875
4.478701719265396 11.474327365664097 7.296797028315174
0.9145460120608184 12.161929154385954 7.99858875439188
4.464484674481665 6.025108684712742 6.572365233955004
2.3197954533531573 6.512574709611527 6.634944404722649
1.1356476732508203 8.831788947130931 6.491342966432554
7.272970928867855 10.092772523115496 12.671681937580331
1.8695623373011885 12.484184827156101 8.977912726767999
6.914964443379387 11.64972960713393 11.929853669946633
2.934693948775667 0.6955333340398482 9.369745293987894
1.2155231681860639 1.7083305918222533 8.604246230055047
1.6256947087561413 0.8864198369845363 9.024153384540305
4.9052379809725695 12.53317980841384 10.079246831795302
5.451626345651691 3.4492834614433336 6.308810783660126
7.6911066690202 11.069728699156569 12.429155375228952
4.393758094589698 12.427142342257016 6.3104853526554745
8.193529770051157 6.267119201989794 10.300815118188364
8.624709436798124 7.0443490813179395 7.152993139045489
8.736247137282405 9.291082753486345 7.235981508234905
9.536777255352169 8.944618566197304 12.16627715960206
10.347992641307094 12.230869408946162 6.742072700022186
8.842700414547389 3.8717811755114933 6.615139384032677
8.614723420000198 1.9071076375088094 7.683379757255178
10.671641127299804 8.07300837668432 7.127819297415946
8.821608648175278 10.883287348417525 11.50835057397176
9.37145975767807 8.090094690224321 7.637883781767567
9.408971331539831 7.96223892215866 9.02555138869571
9.470865944033143 2.727127338355669 7.019849579872522
12.071559228506494 4.853317391629409 10.554840330750716
10.244637200144204 5.242037043626785 9.436005842700048
10.644996415236337 3.00505231085091 7.711373999968064
11.135012872991206 5.877366652100535 10.211586240448867
10.450123600348208 6.3836640421611595 11.34269132615935
12.44045268045423 2.9731158408649914 9.39424045650511
13.515776157203785 1.278583184446715 8.109456811246648
13.567134242137817 4.548197466953826 7.840235629547113
11.798815343041175 6.849948213965333 9.507362762142327
12.586120868327079 6.671551550572732 7.482391053552889
9.702508418244285 9.807509122713695 11.538301786658868
14.68533816638769 4.2335273377769225 9.754173426833377
14.799837724489391 4.6886382840213745 8.52613611843481
15.2842867045951 6.015733241620701 8.4711128316093
14.109044911679119 0.7898770229084815 6.958398137962547
10.667107568942292 10.036489367102 10.577418732485317
11.491243444412776 9.409421637221698 10.270847173468864
15.486609660091773 0.8238802080677723 7.146584368236502
10.327403059275222 11.290367498849163 10.014793809639425
14.154679319748677 8.138869383505236 6.502308101709212
9.25113601137262 11.762881853323908 10.62882125350151
10.811590469429612 11.71291722648571 9.235618425336735
9.185941419089646 12.144227923129659 7.55180168952636
8.72614836559509 12.670628114806739 10.370393900965492
11.451844676840803 12.245232297582984 7.6204294544642925
15.687988819481719 3.8464465375780597 7.880421866223745
24.540860799854308 5.1780148217905495 10.39050728225294
23.891985132492795 2.6868823641961095 9.726018969230324
22.250995067382195 11.21908869095998 9.961715592372364
22.99224524389128 5.76313415133565 8.12966045843914
20.99684025622038 9.790379486591936 11.159767734577974
20.143974114665102 4.911751437017779 8.406145359179142
17.317971846810078 1.9048796346514525 7.530556552058977
17.86751377761487 6.415639203734229 9.602026495880994
20.20344861720764 6.739584869065187 10.39548953050983
22.83739139933796 7.702049449911445 6.950811395542834
17.943212004376225 8.404393682398318 8.884816926431673
19.43498966622034 4.428223418045853 10.561939160493774
23.47862138284781 2.5316168868699416 7.150174305662369
19.853268121199374 8.803630166565513 9.736214216911083
18.374562476009867 7.284621241964086 9.513303135792803
20.84592226662873 3.039827709350601 9.402843095775072
18.793986206800792 9.402941745839719 9.126551862810075
19.578093930072342 0.2863081279219103 8.246593286623487
18.66552227742298 10.42724192366301 8.809209516882262
23.790090297424697 7.8560882637022385 9.009708219466857
19.805124122020878 3.919759309579354 9.31658464944032
21.165092592901058 5.801422501179036 6.638265362776561
18.764356835997063 3.143532250127409 8.789589904005338
21.892035697911336 8.768504426357262 10.0386122294958
23.598330285473526 7.019756826074688 7.887559367034289
21.711453182750624 1.3061392328593135 8.00789034684464
21.408456856192238 10.838987229854453 9.38400265162026
21.096319204971238 9.509901186520267 10.111180178708715
16.99394758090864 8.48448297112275 8.376011698312869
19.616083655311243 7.479763234200425 9.872480554238145
21.7319614087713 10.62912326706679 8.364492023106383
20.593947528918502 11.555331190103452 9.49136133299146
20.69397856142754 2.5095794848440187 6.328295411084813
7.51185900109278 11.717229536039879 14.597702775161405
8.208021269092406 11.742715324745202 13.75936598642926
9.101307910745716 11.22129127371954 14.10324959305439
1.2299508377361712 13.46999935861034 -3.350000318792594
1.2299503694871166 16.30868293832702 -3.3499998985380905
2.459039793834031 15.599413061234248 -3.3499999759551558
2.4590445275174435 14.18052039353755 -3.3500006916597638
3.680955669412555 13.469479605300046 -3.350000444611082
3.68095977450188 16.309196297125744 -3.3499998999070444
4.9100500409806065 15.599935109801867 -3.3499998917721383
4.910049118196059 14.180000495925011 -3.3500000092027737
6.13999997610325 13.470030696643105 -3.3499998861913847
6.139999985764128 16.308651874729552 -3.3499999187654916
7.369949919084811 15.599935146332903 -3.3500000330841972
7.369950851679221 14.180000459571648 -3.3500000172232482
1.2299503545415964 17.721317041805502 -3.349999930794929
1.2299508804317978 20.56000618781003 -3.3499999489544985
2.459044369829327 19.84947979081633 -3.349999941412513
2.4590397639194213 18.430586971514856 -3.349999968161846
3.6809597837070336 17.720803671955903 -3.3499999535108205
3.6809556982157554 20.56052636632973 -3.349999908867509
4.910049098374022 19.849999740667872 -3.3499999556171165
4.910050044534509 18.430064872761466 -3.3500000257946105
6.140000000029305 17.721348120831465 -3.349999932051735
6.139999970459562 20.559974925316116 -3.3500001079039263
1.2299507833059793 21.97999135133248 -3.349999943843023
1.2299459401041777 24.810544359275298 -3.3499998986921575
2.4590053240615397 24.108918234466504 -3.350000040844968
2.4590445286289824 22.69046344010268 -3.3499999633281927
3.6809559865303587 21.97947105980347 -3.3499999174668806
3.6809946895320858 24.811081809183666 -3.3499999283211226
4.910054064160141 24.10945569577137 -3.3500000811221864
4.910049097455326 22.689945719656468 -3.3500000302018296
6.139999998258736 21.980022668690577 -3.3500000193791637
6.14000000211581 24.810510181516296 -3.349999913118208
7.369950878990168 19.849999663035486 -3.3500002230318646
7.369949934653207 18.430064888998817 -3.3499999115330734
7.369945931365562 24.10945566440501 -3.3499998844185885
7.369950897698046 22.689945749120742 -3.3499999187314056
5.029784641450542e-08 22.689914880355225 -3.350000151942786
4.640364838499112e-09 15.599966852074358 -3.3499998944859257
1.7430177564376605 14.309576363886423 -0.987635186927398
9.953566885260923e-10 14.179969277078417 -3.3499999193290817
8.599044325616159 13.469479560702199 -3.3499999809072802
8.599040223452851 16.309196330098032 -3.3499999520247927
9.820960238574697 15.599413044681238 -3.3499999319387563
9.820955663540541 14.180520436727754 -3.349999929462062
11.050049112545723 13.46999950715817 -3.349999927322548
11.050049616140194 16.30868295801934 -3.3499999827524194
12.280000005884578 15.599966842176057 -3.350000229697352
12.280000011007143 14.179969273552476 -3.349999948689284
13.509950896682957 13.469999501278952 -3.3499999099658884
13.509950386474053 16.30868293722152 -3.3500000038935953
14.739039760516386 15.599413031311881 -3.3499999276207726
14.739044332012648 14.18052043818309 -3.3499999057526733
15.960955657892702 13.469479558453568 -3.3499999313438735
15.960959771902925 16.309196311045095 -3.3500001073038344
8.59904021307787 17.7208036813863 -3.34999994002997
8.599044349872662 20.560526369057982 -3.3500000601214888
9.820955632833625 19.849479795214965 -3.3499999281338755
9.820960239309512 18.43058697975024 -3.350000002298156
11.050049636786062 17.721317052963123 -3.349999939459302
11.050049106841353 20.560006184780388 -3.349999929025096
12.279999998605842 19.850030921301894 -3.3499999355329866
12.279999994739105 18.43003315959772 -3.3499999574803
13.509950348444505 17.721317056629214 -3.3500000622732706
13.509950885865216 20.560006193067842 -3.3499999409355907
8.599044013213641 21.979471061620725 -3.349999928722643
8.599005308392282 24.811081802226227 -3.34999989680325
9.820994663605106 24.10891821979364 -3.349999934781527
9.820955467225335 22.690463448520774 -3.3499999207433517
11.05004922528791 21.979991353097596 -3.3499999347607847
11.050054058260258 24.810544352379264 -3.349999942583178
12.280000005360682 24.109489839946235 -3.3499999183491926
12.280000004407984 22.68991482217085 -3.3499999318223237
13.509950777683695 21.979991357668055 -3.349999928479077
13.509945930829323 24.81054434997382 -3.3499999792154145
14.739044354216704 19.849479794293707 -3.350000040297647
14.739039772441997 18.430586975957176 -3.3499999940260183
15.96095978576938 17.720803683667626 -3.3499999764591806
15.960955691006427 20.560526373880517 -3.3499999602347783
14.739005322791574 24.108918200182906 -3.3500000502861482
14.739044519760707 22.69046345333555 -3.3499999657244284
15.960955972084953 21.97947106461305 -3.3499999331312216
15.960994683422793 24.811081800591154 -3.349999985720078
17.19005003038964 15.599935130643077 -3.3500001471303653
17.190049102911235 14.180000490385341 -3.3499999737044184
18.419999994160104 13.470030717820613 -3.3499999287147544
18.420000020299028 16.30865192478789 -3.3500001385808966
19.649949955913804 15.59993515039568 -3.349999951795816
19.649950887514173 14.180000500617506 -3.3499999295109637
20.879044334757236 13.469479565112858 -3.349999932035126
20.879040224271165 16.309196350986856 -3.349999901369858
22.100960248426066 15.599413062121354 -3.3499999111246073
22.100955678621553 14.180520442757995 -3.349999921392346
23.330049124690355 13.469999510796077 -3.349999920184612
23.330049640915735 16.308682970288142 -3.3499998950450993
17.190049104654594 19.849999718986805 -3.3499999307669768
17.190050066706 18.430064871819916 -3.3499999192523786
18.420000003844443 17.72134812188544 -3.349999941831964
18.420000021299646 20.559974933936914 -3.349999919023289
19.649950891183785 19.84999970279641 -3.3499999715870055
19.6499499656864 18.430064899814855 -3.35000004281492
20.8790402419194 17.720803694363937 -3.3499999132035176
20.879044254004537 20.560526403551354 -3.350000667426948
17.19005403725221 24.109455657943695 -3.3499999154708258
17.190049079810706 22.689945749002014 -3.349999922563842
18.420000007987035 21.980022634957578 -3.349999929249524
18.4199999845385 24.81051017073696 -3.349999935319109
19.649945942821862 24.109455642764715 -3.3499999466254913
19.64995092172279 22.689945724706053 -3.3499999296522907
20.879044039166168 21.979471070222743 -3.349999975944775
20.879005331733776 24.811081776193237 -3.349999948649441
22.100955730254597 19.84947971903454 -3.35000060365771
22.10096024985807 18.430586955103333 -3.349999976902469
23.330049635549386 17.72131707343614 -3.349999880903345
23.330049166588203 20.560006126379314 -3.3500003642120904
22.100994685961172 24.10891819450978 -3.349999928840907
22.10095548396769 22.690463421452197 -3.3499999112613663
23.330049228571752 21.979991390947827 -3.3500002052130617
23.330054067510883 24.81054434478938 -3.3499999243988468
24.559999960543756 22.68991476625507 -3.350000274823266
24.559999980195887 18.430033174209772 -3.349999917976133
23.237940389463137 21.26903110467006 -0.8488616935347659
24.559999998809495 15.599966912924243 -3.350000227355492
24.559999993490866 24.10948986695554 -3.3500000427987073
6.042805670719123 21.255101241890795 -0.608025150195407
7.6051000419438965 20.46060335831686 -0.7829611221059274
1.7907376000222277 17.478649537986946 6.230879013297459
1.7335837528477438 13.024957163098028 4.778027291672905
2.7287837793163963 23.82840227360405 -0.2559938019801933
5.301654776807225 18.885603250744918 -0.6474456386567473
4.568587148088089 14.208298613381265 -0.33896458586065603
2.142968191008447 14.88813963153599 0.6272633805652028
2.372586534429999 20.791487060140344 2.364349867407194
3.506921414776871 15.037508247662766 3.215261008788437
5.583840318497399 18.943339187549185 0.39343758325337763
6.084366817379175 13.704404573431104 3.497221601023186
5.387450459912944 18.024053255687306 1.3497526784056935
3.849193798297095 15.697105764135026 2.0321908288115234
4.659626139945664 17.32419023839137 1.3260141812456994
3.761405389453182 13.689334772595684 3.0378896599934215
2.129781626032984 15.271154867820403 3.5172253399019624
2.9656597153560367 17.560569361015812 -0.1068685539005465
5.864033810615689 18.59005452850653 2.5273930556495774
4.345914050818983 15.529224755710121 4.199850714510727
5.689974115864056 18.134620873977582 3.4910752693076654
1.9214443189523447 18.108571776395145 0.5955721720977369
2.887402504626992 22.23305083126829 4.857449056825961
3.635269092373708 22.055220364472426 0.8531047966083161
1.001629038997034 17.140176037287148 0.9524405180997364
1.8413891143404764 14.010284702279353 0.05584340819225986
3.6203712999215205 21.200378975186545 4.306072499374053
0.9172734486303424 17.05167125848936 3.371324219857966
2.3857545092649786 18.69429412504225 1.7681583964747805
2.3770288920680804 22.88943905024691 3.773330327999578
2.8448738276939047 12.942677912669577 0.02882948748848202
4.2135221417782915 13.193977415043355 -0.2318135344219352
6.427369839834479 19.809917673313258 0.8334114647777746
6.581573861732433 19.62826130189684 2.1731792150419427
6.926733371540082 13.837105231734512 1.330440588676416
6.910511334889764 20.888101190234245 -0.059848314904940025
3.8282338446484574 23.393014842969478 0.5074057028173296
3.6862720608009814 23.230928381951895 5.3577955010975575
2.6157992617815133 17.624081361769242 5.099860455602894
1.2593834526937107 19.110668108407513 -0.20659602158165646
7.186207011263895 20.273135438839333 2.7936275222977325
7.340320471661814 15.793505071137472 3.824925592185796
6.922118393648706 22.666774221904387 1.2507385962041284
3.833649847601522 24.172426086345443 1.6865501363970659
4.8882671607628 23.546074637124185 -0.35550393229620836
0.7667480731614803 23.468726435250296 2.223030098543876
0.640386126720564 19.529940140270394 3.8890581513831024
0.4276000178810298 13.742104684594468 0.6538780592527527
1.8325121483266615 21.695488307445885 5.601755288725965
5.047832904173241 25.381226222481484 -0.11190037016546417
7.58894615810569 22.125108092467705 0.5798894799159193
1.0547340130870306 24.30949791261175 0.024163212655939903
7.877567982400926 14.909596409328243 -0.312870214272426
8.052133108963838 13.848535056789784 0.5324905177417127
3.626604888205228 25.056759038407993 3.772156501645135
0.3535119708391125 13.66566650036798 1.7386675159213905
0.05065722302099709 21.040533057162474 2.3461998067021197
0.6956793452234488 16.819251699392197 5.781000431353492
4.7884076401111235 16.183974788072295 5.862982008811763
4.867769000284475 18.652130302095724 5.908938685796624
5.691399970447733 12.762703648565592 5.978597459383628
0.35760806494640746 24.733068030377215 0.6197333323969467
0.1741991932550499 24.27334426736853 1.8133033981399393
0.05763966143675308 12.832950649156501 0.17988620835958868
7.8769850050456425 22.782723457124696 -0.2402785851170508
5.960104392232145 25.203045541700643 3.369114591230117
8.347827509272888 16.952435933155208 2.049077617682782
8.365014510928185 17.723413983509477 4.225909169343192
8.357487157443934 16.648471494920827 3.423113077149732
15.932076897772596 25.424977736215435 0.747834694961319
8.518968864558135 21.859725004834935 1.082611651989408
15.116509084494856 24.70224455609067 -0.049735280300787776
11.3099529318909 25.01221226140599 0.5607707769520676
9.55644713966168 16.054161812607262 3.691859653514331
10.055525865510324 20.873998213748926 4.965490263628168
9.134466890244166 14.113953608984744 1.3665279365536775
12.578144784892027 15.239807423591696 4.901036988251067
13.952839848250846 17.575989654485653 -0.47965012257463524
10.757138883068908 23.076596517427753 4.9473526527028255
9.918465815437687 22.21793371824332 3.063186901167041
9.819966344262319 16.176124885045756 0.27647248538280267
9.73442851365749 18.37920805915048 -0.12993476520073322
10.549842895856173 13.958856482019177 3.6800337161483254
10.59649057538517 18.585774737445405 4.140004514804837
10.780563563817305 18.875568293987808 0.6934964328788207
10.88074235874753 18.22256961941938 1.935281757472529
11.598468458950865 15.236464867238093 1.6519650238495054
13.656052657883583 16.078524608575563 1.3606101721055974
11.969598170362657 18.606371917928062 0.03368580661399445
13.03103293072027 16.346330611600596 5.593721600499258
12.665958585506283 15.26328360942018 0.825241677751597
12.260976258773852 15.746667983373216 -0.3871552941425238
13.215937322441244 13.964924955645367 0.579685313740409
10.65899135882266 20.27389976182949 0.8488616593857801
13.999725057756807 20.564015061718177 1.6408909716809084
11.888467906589737 21.505483103549203 3.7698135246340048
10.636522124555093 21.91079245452583 4.226706635333436
12.08284423443883 21.846188664055685 1.4819022750470379
14.153802899159349 16.93737151866639 5.0742597571470425
14.981441516379732 19.83607701802943 -0.1944422242328947
15.088249935391271 19.838295073395862 1.1944634863331904
15.497715399689456 16.67229882912427 3.0620769073616074
14.921990152529848 18.467194052498574 1.6027538736438218
11.993839299142849 17.274778228891428 5.583488427382508
15.414467470015435 13.358581087066685 5.310637007012975
11.947995330980046 23.768919637192006 0.3311245353739811
16.02280064838731 16.544377967346435 -0.2793781483491986
9.71334573201775 24.81216039616861 3.801193336440484
11.025505212672028 25.058845005788086 1.9378335382687828
10.046615799755823 25.139555379889703 -0.08244497133504392
15.661430224640169 13.23863884590545 3.160379780331054
16.258947048294697 13.66623856927528 4.325412225743479
15.019895179519242 22.498274724408763 -0.4386862379191958
15.441744012804701 23.38039499171606 0.019906605298590785
16.371958086543284 14.290789246052094 -0.05011331899201221
16.226746883094762 20.400772985686917 1.555339672091628
10.448002542418243 13.334816422101484 5.950508884355793
14.332049927001757 25.16248375238228 -0.632147258516933
24.49777624875455 23.44375771677759 0.7809876354519418
24.08424237907156 22.32135392318462 1.5241852032096848
17.48763570566346 13.051568372904002 4.562410121240533
21.563113218229322 13.871048174976316 0.4112909677740395
21.09309640164287 14.564660327196979 5.068338305076746
19.037035923827155 19.957494703585265 1.0363372795433978
18.913474325532896 22.358370469913663 1.8040807000240855
22.73347285142743 20.430699263908682 -0.3915737889682225
18.09905351258701 18.559398543287333 1.5072423706797144
17.06731262232705 22.552360984298428 1.2049832062013122
16.447847433508347 23.319347252226017 0.9856776098161724
20.14002222528403 24.194743608119225 2.3288045533218495
23.28397972860223 24.747964776919485 4.180483953907182
21.970178364386264 17.24742596114052 3.3533043462680254
21.32487420762494 18.865899601663113 0.13451771841131221
24.034714573168543 23.891076038816138 5.026215715364977
16.798699279357027 24.575510295282747 1.262318761047031
16.463939445683952 15.037811862847864 4.310082023162385
19.212442326061243 15.012913926009125 2.4182116070028306
20.778401730236837 13.138495174769895 0.6002194798340643
19.816475404340327 13.554232633806636 0.3002859725316076
17.663284483953884 24.956945755132505 1.7851948591241396
20.657237710800935 13.59478194508568 3.1626026883943057
21.419434403122228 13.60615636865892 4.237725207736607
16.840661432425602 15.524993946716327 0.20078963825827967
16.983300288369655 15.692714517456542 1.5417225270379487
23.531304248117106 24.493400251149023 0.6664947016863987
23.056588570881146 21.569071047649338 3.5072941806555358
20.331617766182287 23.327027678361652 0.2440456921390033
23.563760399224577 14.91735490273966 1.5347712829127769
24.418913011846264 19.054276687292685 -0.03258278714634688
18.093374529881288 15.744378005066892 -0.39657145201598354
20.035718550559093 18.177112727668074 0.3816509601710272
24.15970996502763 17.668315388601705 3.8694504252190134
19.717813617782276 16.197633592874872 4.755555349072459
22.701208623222346 17.362999922403734 0.7277217368156297
22.510481315488388 18.337397039323566 0.3027825027866704
22.800944779572973 18.064035998837866 4.106790986624393
19.589267717355693 18.094921657226752 -0.6093214319190343
23.434677663322212 19.280872468080158 -0.03850991425521144
19.117520940960375 18.929944415046062 1.3909674623862722
21.58805871076126 14.8587174945517 5.898183287496925
19.94182898246155 14.753445602164373 3.1712529699380454
20.103747393756713 15.246131610672004 4.4207433148165896
19.582898542610565 19.026034845711056 2.3719314357443624
20.619569545654244 20.790252803446513 -0.6869617823627383
21.435440005928022 20.139302152268776 -0.40943945573316043
24.392072772099716 13.540766739349227 -0.20147253136600707
21.24359104986497 22.246347723262918 2.067891881018947
23.27149730772816 23.066405661727085 5.785693187276813
22.703460776376513 19.362415296615133 3.6477710214629067
20.168255978219456 17.168123586768935 0.7721311058999913
20.162907331132843 22.9850194674354 1.6139405443823207
22.48447880876939 17.983415690641483 5.477660966917077
22.173689734868276 12.87404987021705 4.4857553862719515
5.8871545942439525 13.464808066023366 9.680501791298664
5.116486317581331 14.558888116750772 9.255041644073414
2.7340589406943194 14.99474696131067 8.802249383601703
2.46604549184303 16.650578805420565 7.227435068171307
1.404904136877233 18.710444829234195 6.704087553896995
1.1958214155993871 15.782354482663017 10.511113529951269
6.5656417756402154 16.116304141740418 6.909544820795172
6.752490064057818 13.845318701092756 10.726432487108124
7.367858657600794 17.061312122753097 7.35746253147564
6.804879911573844 18.25325865089543 6.958177904572321
0.8312359374020868 13.062073872265286 6.933913869907181
5.63471447917229 18.06454426353987 6.391574448658403
3.724931011532521 13.553112079558534 6.687929926439642
5.512560720577076 16.671610202396256 6.370834368006397
6.675286336121846 12.981837051295154 8.621459548785671
6.760991889929956 15.054750592843861 6.946183538790873
7.376091977256292 19.14955888185664 7.149913847775285
8.667590333807471 15.099855480738485 9.3341628222037
9.024679026244048 14.850772464650577 7.528703243347556
9.121313729540436 15.475169435596696 8.416898130064018
9.3333410952918 17.49686750234756 7.731126163755829
8.316597067572994 17.284941637016665 9.153768843205905
8.548955470627963 16.879535146825596 8.169007374475903
10.188737645973692 15.49104071566792 8.63702147067105
13.28445499188969 15.861554096524708 6.85064862309114
24.0355237419922 14.170908199885746 7.3874270234589
22.78964303745263 13.635751828750124 7.4767738903999215
23.931881206428613 15.479845059167479 6.979741953235667
8.432263401051868 12.785961905422813 13.536987844080327
1.2299509051143402 26.230054251255886 -3.349999913634557
1.2299508977881397 29.070000268846087 -3.3499999100732616
2.4590443224428893 28.35947362521347 -3.3499999090998642
2.459044037446592 26.940528934144076 -3.3499999119102664
3.6809554926665906 26.229536553940594 -3.3499998872213843
3.6809556481803485 29.070520192325983 -3.3499999104180853
4.910049071747102 28.359993806203956 -3.350000131190108
4.910049220412811 26.94000862800267 -3.350000079091272
6.13999999819003 26.230085180388386 -3.3500001044817496
6.1400000142514966 29.06996911722101 -3.3500002569591283
1.2299499324728844 30.489935101153435 -3.3499999701630347
1.2299499426306246 33.320064911992894 -3.350000054302642
2.4590402245232195 32.61080368613964 -3.3499999767343605
2.4590402297336884 31.19919631417504 -3.3499999755968934
3.680960239187594 30.48941301078756 -3.349999940952407
3.680960223833216 33.32058697359731 -3.3499999328008356
4.910049624148914 32.61131704611564 -3.349999942369999
4.910049633576283 31.198682926776723 -3.349999931424615
6.14000000252869 30.48996681829517 -3.3499999282828465
6.139999993595097 33.32003316268152 -3.3499999552636672
7.369950914949067 28.359993815427202 -3.350000141729309
7.369950781376591 26.940008637177712 -3.3500001145204363
7.369950362269494 32.61131704251227 -3.3499999572338837
7.369950359373658 31.198682917863916 -3.3499999409337224
1.2299508818135552 34.739999734719866 -3.3499999393572697
1.2299508988216827 37.57994574121047 -3.3499999225444776
2.4590440054709046 36.86947105799656 -3.3499999205527264
2.4590442966604367 35.45052636928693 -3.34999991660733
3.680955627819852 34.7394798004708 -3.3499999318539375
3.680955460681681 37.58046345031152 -3.3500000568521324
4.9100492468723145 36.869991350421394 -3.3499999879913878
4.910049107565434 35.45000620345532 -3.3499999350318688
6.139999996089999 34.74003093832349 -3.3499999468958395
6.140000004535674 37.57991482486849 -3.349999904720277
7.369950770613428 36.86999137112756 -3.349999921593069
7.3699508845301445 35.450006208992775 -3.3499999511173217
2.9256899466818508e-08 36.870022636329495 -3.3500002043822183
1.982227653997777e-08 32.611348115647026 -3.350000299224795
8.599044504038035 26.22953655004777 -3.3499999239520095
8.599044326952523 29.070520227329368 -3.35000009615635
9.820955751946142 28.359473683504266 -3.3500002774572355
9.820955996923123 26.940528886623248 -3.3500000752503043
11.05004908565092 26.230054258521495 -3.3499999173145314
11.050049087079014 29.0700002611189 -3.349999931006825
12.280000008568997 28.360025040625448 -3.349999927140038
12.280000007482972 26.939977348746535 -3.3499999144185932
13.509950909316043 26.230054254221972 -3.349999940910564
13.509950910748135 29.070000255420958 -3.3499999384747126
8.599039753500941 30.489413006046767 -3.3500000516692197
8.59903975706637 33.32058697707143 -3.349999965848448
9.820959772364596 32.61080366771108 -3.3499999691688007
9.820959767710862 31.19919630299239 -3.3499999553902535
11.050050043304987 30.48993509975746 -3.3499999525940263
11.050050053754134 33.32006488939385 -3.349999976764143
12.279999997528158 32.611348114974156 -3.349999982052787
12.280000001014422 31.198651867475892 -3.3499999712090203
13.509949951607645 30.48993509515568 -3.349999959855925
13.50994994056077 33.320064885187485 -3.3499999825071356
14.739044241280542 28.359473670680007 -3.3500003571348334
14.739044015878656 26.940528869901694 -3.350000323089024
15.960955478851654 26.229536538069194 -3.349999954698001
15.960955652095533 29.070520311947828 -3.350000447185354
14.739040220483854 32.61080366375898 -3.3499999774891798
14.739040226521235 31.19919630583509 -3.349999978844922
15.960960253396802 30.48941301682934 -3.350000006755277
15.96096023548877 33.32058697029787 -3.349999984967731
8.599044360177734 34.739479810273615 -3.3499999543629153
8.599044527773522 37.58046346180893 -3.349999894583182
9.820955973584768 36.86947107931688 -3.349999919132115
9.820955686451121 35.4505263908091 -3.3499999423443683
11.050049094719416 34.73999974743862 -3.349999955443855
11.050049062700568 37.57994573561606 -3.350000118377295
12.279999962006832 36.870022659686576 -3.350000231264141
12.279999985992122 35.44997495638541 -3.349999985607118
13.509950892349556 34.7399997399224 -3.349999972791984
13.509950913785286 37.579945797946536 -3.3500000704122157
14.739044010435368 36.86947107821691 -3.3499999609158015
14.739044302896634 35.450526380675065 -3.34999997357887
15.960955632289219 34.73947979839772 -3.349999986399931
15.960955461405847 37.580463460553155 -3.3499999540500447
9.121332110881859 27.852655070366435 -0.896588400436279
16.131027623985712 28.06131446621596 -0.9536754578853623
17.190049196933884 28.359993828697167 -3.3500001873818777
17.190049230652534 26.940008624214393 -3.349999977135032
18.419999976606803 26.2300851907705 -3.34999993352742
18.419999980876486 29.069969063709177 -3.3499999347214704
19.64995088028483 28.359993804539094 -3.3499999541801606
19.649950762516166 26.940008648615432 -3.349999953873688
20.87904452718167 26.22953655691272 -3.3499999537295864
20.879044370430282 29.070520197502415 -3.349999959694856
17.190049629843816 32.61131704116437 -3.3499999806548244
17.190049623474188 31.198682920639712 -3.349999950716046
18.41999998517101 30.489966818927115 -3.3499999566735585
18.41999999780796 33.32003315932907 -3.3499999890120638
19.649950366757043 32.611317049289674 -3.349999987508351
19.649950363490795 31.19868293298505 -3.3499999779002323
20.879039772511373 30.489413012567624 -3.349999967675167
20.87903976706221 33.32058697214357 -3.3499999880522746
22.10095570604075 28.35947363291248 -3.3499999701186436
22.10095599430718 26.940528945193908 -3.3499999454677356
23.33004911043524 26.230054264043726 -3.3499999208628797
23.3300490588971 29.070000226434328 -3.350000072137884
22.10095979322888 32.610803666467184 -3.3499999762874855
22.100959796241398 31.19919630972512 -3.3499999579486337
23.330050007885728 30.48993514396511 -3.3500001049689763
23.330050076427653 33.320064868592006 -3.3499999662771094
17.190049221377986 36.86999136055671 -3.3499999787865073
17.19004910946951 35.45000619740261 -3.3499999878829767
18.41999999910132 34.74003092773831 -3.349999990433694
18.41999999637806 37.57991481958614 -3.3499999780983316
19.649950769446207 36.86999135578904 -3.349999983076369
19.64995088789925 35.450006195237975 -3.3499999883874167
20.87904436391735 34.73947979503933 -3.349999988624943
20.879044523556676 37.58046345019567 -3.3499999784331713
22.100955983393753 36.86947106307652 -3.3499999783742664
22.10095569279807 35.45052636747351 -3.349999983964759
23.330049111482953 34.739999723811025 -3.349999975981768
23.33004910973032 37.579945749623036 -3.34999995942162
24.5599999861492 28.36002499688104 -3.3500001796059884
24.55999998563212 26.939977347014455 -3.350000053565866
24.55430687825689 29.81510103726141 -1.0351950078412508
1.30737680157832 38.1480362649602 3.100123346574739
1.3771884544933408 30.575036263762318 5.771907958461561
2.9925515938643668 35.036574398415496 5.771609975088586
1.8791079916325168 31.872340922208263 4.083517170652505
3.98842565259329 27.619024068001025 -0.4461785802893581
4.4632648555122545 35.51641263922107 0.8177068182852654
2.990153759109192 31.733790975104846 1.8764243429372451
5.726361681070806 29.428213137501352 4.073199217181247
5.045548644515552 27.476229445541456 -0.2773571489002824
4.9290295887476 30.6487191453658 2.0079699891030947
4.149841649901174 31.412600636182717 1.1860069439897891
3.9357665319813337 28.090484224434775 3.1331698251341287
3.7656215640858934 30.65951629306599 0.0975126034350815
2.683726639609426 27.88812296531704 2.5818094845008366
2.1714736518646114 26.700448044690045 3.1394278613155358
1.8215284406809515 28.968598475197755 2.870591947065877
2.7098978548575667 27.818226875434902 1.2404967805097333
4.724014650124191 32.64478307467759 0.8586617066824764
2.543886243993381 34.10015579743772 1.3713914087242696
3.206735215319937 34.469190535164195 3.6105805900668297
3.375124416883681 35.50572037693957 4.563039605697135
4.706439898259088 35.82955439996836 4.590265343936459
1.393757790581974 30.161811689634487 0.9600524664050392
2.6029919799950143 36.61160851002403 4.313734447016614
5.550284516373741 26.256831617433594 -0.08095574757583823
6.346431507891149 34.320262462413616 1.1193335194456955
6.472989823738514 33.48182888737713 3.1479300898220552
5.980951877553149 33.819016429877756 5.584794321897805
3.839049425092348 36.74631351191522 0.8582661149107329
6.168665600991875 29.39034530346514 -0.35068778897022757
6.058406669354771 28.3170260253221 -0.30347873181394314
6.829618051079747 27.37720676552409 3.6088281236515596
2.4539989194757075 36.51849432937055 0.8675692922891265
1.3567053359002834 31.668817523415818 5.00659554837124
0.9267585941297191 34.16631414850355 -0.05445067291999339
1.1747295931076265 31.934081274799393 -0.4238588886844008
7.039364689591988 26.005572637322675 3.5407282743389326
7.380868581543792 31.365900927122667 3.6173985208552937
7.609079629468969 32.67734563493202 3.1525051672577566
7.159273040935458 36.979504389634705 5.716205441749404
7.617350596600556 36.08608075624301 0.16295525128359523
4.126695707756296 37.470020562070154 -0.2656440044583763
4.195461406422558 37.47002117033093 1.9794674503907472
6.879249033045986 26.336244424566466 -0.05839424909938162
5.705098807971427 37.71864675764172 3.773405724090644
7.241294849953676 36.735263260898435 2.2960710554981176
7.727143815308682 37.16375377664497 1.0444525162206608
7.23816358354092 27.609533757607412 -0.09672653323579916
4.34940212654255 31.591576323376014 5.449505521847222
0.34790305795020793 32.49024319192282 5.4502162810000945
0.5508611405425051 35.12186229717735 2.5284173784035167
0.310144894595581 32.882771628128005 0.060596840978554
1.801080080825485 29.581755840481673 5.761425122701414
0.20328523383510172 36.74160198423987 5.770896240108606
7.971838434085593 25.765152504744155 2.5633409870077015
0.429808166453721 38.20859136762557 -0.23256913258876022
8.07195829891865 32.65335489020799 1.833552684546993
0.23224661083456935 26.43068382350109 4.539392760056032
0.10592303386708492 32.50442394393708 1.4020024429966271
7.680324527045327 25.641821003233833 4.754547625609158
7.568689817496795 25.52853298655602 0.1382618912379141
0.02053766008398839 33.34450322572899 5.022230661128157
8.530398164726765 30.07517025185058 1.1541747339788422
8.417709447057705 33.45182790637248 4.035197752062284
8.49036600248871 30.224267078120683 -0.5666903837153126
11.41997310686965 37.43255267542451 3.895587104795336
12.123284660212578 26.074197116363496 0.3010630396730507
11.545537878423005 35.50317157350154 5.575482067713031
8.909671938196393 29.621200420444268 0.23866242007658633
9.076992045605792 37.42682108802085 1.2407874143229591
8.64245025599125 28.15851264733984 0.033585407088345676
9.119415989209426 27.614134062609306 0.8486042083309697
9.9881358427395 29.752069571030255 0.14984309782705707
11.376736465962171 36.50935673785726 5.959145329152494
9.819926346713228 37.11271958911902 4.559025380524044
10.835016084252345 37.41616004888575 4.815182974804875
15.82016560321519 26.8815154002671 0.9643027424435335
15.036222081899854 27.016800636131475 1.709440622685372
14.961636541326886 28.707266181099445 0.17990659855679492
14.562609793941759 27.314270345003106 -0.741199947721638
15.389017934776172 27.78169394568314 -0.2057891125404876
22.16516821102908 28.272965500511734 0.007715239985750522
24.4551317290088 27.300164879526864 -0.249047843724145
23.067951662173254 27.78312940787121 1.9383412259518662
20.921046667896878 27.414378765350957 1.7437244735521251
22.080143597723517 25.54860008602388 2.3490890174558476
16.72742512808022 27.3494432102793 1.3464332427568682
21.847928887220167 29.62278292302088 1.9267227516681151
24.492490902252417 29.439089770027405 3.7727543421411447
24.36764584531815 29.764568459974356 0.7155754804167724
21.922021902959475 28.342651158478013 1.4001143553788942
3.939206000720634 31.148608041306375 7.755121559216075
3.5945076640881495 33.36258281292614 8.146589050266314
3.1503242194837324 34.19657037545634 8.669624242847792
3.7678254977314865 35.44067600716007 8.735636598860534
2.0210574635691048 34.295120029089816 9.363660141360729
4.661124096463286 35.60201469421806 8.29281898227165
1.9689487137412365 35.594063685216454 9.886553755240504
3.03419020813107 36.25271439513983 9.46004406343256
1.2349008349975497 33.58280341047216 9.566052804725606
6.954467671408504 36.747169804268346 7.0307668901428855
0.9084911437612511 36.190965152460045 10.819693517072327
3.1532321854191756 37.308062292828815 9.656181317418364
6.261093419135149 35.53885296786727 7.241853732069224
1.130323168852111 35.83091888414746 12.3077281300924
1.4234861454274508 30.879733137809826 9.23644460450422
2.1878006105070136 35.984351490441824 12.522902235618998
1.1523234429266376 37.61221311552881 7.118311116888153
0.9673475702328198 37.27926786418763 10.83496208762125
0.8533633781595845 29.313286092571545 9.78402996691359
0.9815816202249793 34.75276360159373 12.367369880118634
5.932013691706448 31.88733054614857 7.014634344285148
6.363233743896039 37.86321600855782 7.51289865627321
1.1562346365447707 29.87736376320724 8.901881803439046
0.3089589818084698 36.23119990071079 7.458623877081029
0.24562264944072235 37.09759343790667 6.800254111901283
4.882979758822318 31.09770883646042 6.700315444197107
2.066454403437139 29.385634973886024 8.558657716711142
8.181512602255902 36.52172291617762 7.626596503300965
0.391752107674873 30.764991387822434 6.722383574588027
0.5155292399209962 36.32751440861165 13.058408694854029
5.253897989814656 29.828640584761157 6.364245872163826
0.07776729622401442 29.854688769179695 7.8250042105538276
0.0508182363350901 28.851606463731716 7.3993287038263365
10.728039969350197 36.390057868941625 6.82693599240555
12.345208744894565 36.85089097753485 6.324543479165686
1.2299459240249198 38.999455641485795 -3.349999916718157
1.229950751782495 41.83000868725933 -3.350000155618438
2.4590445682905497 41.11953655396892 -3.350000090455616
2.459005329023066 39.70108176501689 -3.3499999514458203
3.680994677015714 38.99891822181445 -3.3499999283949187
3.6809559885864798 41.83052893813641 -3.3499999244797394
4.910049102623215 41.12005425479192 -3.3499999108206637
4.910054062154139 39.70054434474644 -3.349999930320744
6.14000000128025 38.99948982607512 -3.3499999400995764
6.140000013778989 41.82997735119193 -3.3499999020766813
7.369950919655334 41.1200542604165 -3.349999889075187
7.369945962116964 39.70054435320131 -3.349999966470566
1.229950889521307 43.24999380518847 -3.349999951208048
1.2299503793318431 46.08868295268444 -3.3499999268954905
2.459039773401813 45.37941303762653 -3.3499999430422456
2.4590443714193797 43.96052021103328 -3.3499999418970594
3.6809556974628226 43.24947363541369 -3.349999930896187
3.680959786622854 46.08919632217662 -3.3500000894117257
4.910050060107508 45.37993512006361 -3.349999963415126
4.910049085857709 43.96000028530198 -3.349999989621102
6.140000014969014 43.25002502095064 -3.3500000686676734
6.1400000185155985 46.08865185919479 -3.350000075957279
1.2299503809728805 47.50131701367915 -3.3499999181529994
1.2299507965469394 50.33974808528454 -3.3499999281923087
2.459043488403554 49.62946798821069 -3.3499999074521067
2.4590397840090716 48.210585770814816 -3.3499999151529725
3.680959781900562 47.50080365030306 -3.3500000492033024
3.6809565033028226 50.34026690543594 -3.349999901397489
4.9100492913684555 49.629988288901025 -3.3499999011053605
4.910050054444697 48.2100637605566 -3.3500000449286524
6.140000031975732 47.501348108908 -3.3500001402523405
6.139999967523863 50.33971683289894 -3.350000111330822
7.369949946889991 45.37993512072371 -3.34999991119561
7.369950929376664 43.96000027386894 -3.3499999521822
7.369950710626143 49.62998828882213 -3.350000017835212
7.369949920119312 48.210063718390536 -3.3500000614828362
7.126155806718855e-09 48.21003201585606 -3.349999933134921
1.7742570443353095e-09 45.3799668445209 -3.34999994356169
3.488841165259111e-09 49.63001959277108 -3.3499999347418354
8.599005337543437 38.99891822547128 -3.3499998787886307
8.59904400140444 41.83052890149088 -3.350000059933449
9.820955496356698 41.11953652860037 -3.349999981453431
9.820994674144055 39.70108180001603 -3.349999926301778
11.050054029917582 38.999455711699326 -3.3500002645964075
11.05004926288419 41.830008617684406 -3.350000003320681
12.27999998616531 41.12008518674503 -3.349999853869413
12.280000004673356 39.7005102068261 -3.3499999352978573
13.509945922020114 38.999455674411365 -3.349999890771884
13.509950741642681 41.83000864536015 -3.349999867795969
14.739044492413194 41.11953655695868 -3.3499998949901766
14.739005297382068 39.70108179485867 -3.3499999192777263
15.960994650962627 38.99891822868715 -3.34999993259681
15.96095595321826 41.83052894203515 -3.3499999206011943
8.599044261755923 43.249473659112574 -3.350000118772003
8.599040212990602 46.08919631894677 -3.3499999063467634
9.820960233225327 45.379413075381706 -3.3500002169056966
9.820955615163712 43.96052021410554 -3.350000474762549
11.050049168723945 43.249993782675375 -3.3500002337535753
11.050049642130036 46.08868292387381 -3.349999912501469
12.279999955484044 45.379966825300215 -3.3499999846283988
12.28000000516599 43.95996906565499 -3.3500000041221
13.509950867225358 43.24999379598081 -3.3499998928479258
13.509950331338219 46.0886830124164 -3.350000291301879
8.599040210847988 47.500803626427725 -3.3499999216954404
8.599043509726952 50.34026691142056 -3.3499999296188845
9.820956527724862 49.62946799204228 -3.349999899974443
9.820960219765228 48.21058577862507 -3.349999915325234
11.050049544943304 47.50131693085676 -3.3500003337407316
11.050049214695695 50.33974808379239 -3.3499999214288856
12.279999998076507 49.63001963553742 -3.350000041754421
12.280000108004186 48.21003203293936 -3.3500006511787648
13.50995037682536 47.50131700397298 -3.34999994886045
13.509950783360626 50.33974809885442 -3.3499999222269263
14.739039816230731 45.37941301856575 -3.3500001749206265
14.739044347103075 43.960520188951115 -3.349999952173631
15.960955668027905 43.249473636090855 -3.3499999320520937
15.960959771226328 46.08919631813295 -3.349999940275612
14.739043462309814 49.62946800319428 -3.3499999216814547
14.739039753355765 48.21058576994572 -3.3499999198455255
15.960959774273986 47.50080362656202 -3.3499999325274485
15.960956484945736 50.340266933452135 -3.3499999242893033
11.677530810009726 48.00160399484997 -0.9021982418987251
17.190049078762037 41.12005426232313 -3.3499999382281267
17.190054040124654 39.700544355055555 -3.3499999442588315
18.419999993885956 38.999489840099066 -3.349999965007111
18.42000000104575 41.829977361804396 -3.3499999470585315
19.64995091398838 41.12005426770343 -3.349999946987076
19.64994594626915 39.70054436160501 -3.3499999584417495
20.879005328819684 38.99891822773323 -3.3499999659835655
20.879043993164508 41.83052894599255 -3.350000074524928
22.10095548902124 41.11953653242974 -3.3500000954733644
22.10099467916128 39.701081796739665 -3.349999956047892
23.330054071733045 38.999455661205936 -3.3499999501352615
23.33004925271612 41.8300086619538 -3.349999979575734
17.1900500443924 45.37993511912805 -3.349999937822
17.190049086418053 43.96000027633728 -3.3499999418676163
18.420000002521345 43.25002505658766 -3.3499999466793007
18.419999999796154 46.088651880250815 -3.3499999446654485
19.64994995595026 45.37993511841976 -3.349999934783414
19.649950914613317 43.96000027380677 -3.3499999363542043
20.879044317014497 43.249473652954144 -3.3499999602071098
20.87904023680613 46.08919631871994 -3.3499999211918876
17.19004926676943 49.629988319607804 -3.35000000567328
17.1900500491191 48.21006372505878 -3.349999962363761
18.420000003051506 47.50134807989051 -3.3499999454931206
18.42000000584558 50.339716907802774 -3.3499999939292713
19.64995071487417 49.629988303131334 -3.3499999967713245
19.649949950050303 48.21006373291455 -3.349999933771892
20.879040225493707 47.5008036285571 -3.349999914689168
20.879043517100325 50.34026693062223 -3.3499999992772356
22.100960243970267 45.37941302695226 -3.349999994960365
22.100955645929588 43.96052021277062 -3.349999944932626
23.33004911570286 43.249993825232686 -3.3499999271739354
23.330049648649307 46.08868294458973 -3.3499999514310232
22.1009565284654 49.62946799442809 -3.3499999306079653
22.100960240734366 48.210585762382216 -3.3499999110095713
23.330049641939958 47.50131699382158 -3.349999906386568
23.330049212770383 50.3397480809992 -3.3499999399691016
24.55999995418212 45.37996691623721 -3.3500002362495773
24.559999949921057 43.95996900660236 -3.350000297823321
24.55999999325902 48.210032006310236 -3.349999943007933
24.559999998979354 49.630019587829075 -3.3499999325304874
6.49469726218735 50.80275299535504 -0.6982199983836435
7.680295688955215 48.44232706500126 -0.6145642679269026
0.4640550379585329 45.98030494730971 0.6557629758194483
3.7251060476136963 41.263187407497654 5.415545538027404
3.524105742000484 46.014909407492496 -0.5764886284750703
3.6018606239879314 48.02599432231167 0.09594331270932788
6.287297837361851 41.741382399740594 3.9837099430807923
5.129527041966711 39.61513485247568 0.5662400880087304
4.922512780235321 43.345197972513475 1.5366351201619977
3.5728996412956704 42.322268378697956 3.082153211949535
3.1477458261495705 40.87097297676187 1.0562078508917716
3.2565224679314055 39.99793423127875 5.175325943703703
2.8184959641666976 44.62818067291613 3.272769291346198
1.605989825285499 44.3679395711431 4.015517490911442
4.125997849343226 46.873886178527705 -0.31903028669129974
5.430086248619943 47.02285802710902 -0.24261002296453227
1.7964033304394504 40.87441069654494 0.9026369577952065
1.4701530189005756 45.16449356196988 5.08725444090207
2.6067954874362034 48.19670853260672 0.06762313591389568
6.937205472350219 47.09244220850672 4.17027742530554
5.836883681605917 46.22586027620683 3.0754238223806585
4.8262247156434395 47.399889955505714 4.556105080407705
5.993884853928254 47.152517126448764 3.6274724740689965
5.71030441839425 48.30890840330664 0.12259569118706626
4.532007964760641 48.90154861830114 0.24819677759991277
3.9823863833775657 47.46806923860923 3.8695277326974953
6.237225178897631 48.036823426388764 3.038500612212436
5.19312507373283 44.519747748181445 4.657186839386633
3.010235548324094 39.88501641631364 3.848678222047618
1.2605165616594967 39.75875513664027 1.5024785723165412
1.4320005649078857 40.99828780934641 -0.45169444678876847
1.3577050398538213 42.01235135672522 1.5759265399144062
6.158201670398543 39.87794282882383 2.821050417965758
2.057819396621913 39.714609059051135 5.785356023370794
5.012301783903731 48.39690127212696 4.955409174120574
6.089851773286991 41.83268727317425 0.3691476029482055
6.087348279798854 43.15987705329834 0.7687435241901386
7.048164462281721 48.84448824331358 0.17712790658208188
6.872494454458918 40.5074868238988 3.8174548494715532
6.22648642429448 46.32591238456548 -0.45804802207336515
6.067137294791118 43.96391379820059 -0.3487392422622715
6.7524183893192005 39.78291442660172 4.991632041910284
7.156431852225025 43.32821836267362 1.5559248282644889
7.513982295266863 48.60032498230113 1.131851975992384
4.438015142355251 49.96298160505716 0.42405286628232286
1.2839297691825855 49.466691897386475 5.025087588445249
1.7089582990188146 43.065340657102155 4.390660893813324
1.3855705110650303 49.77186254361814 3.756743612140027
4.219286024895574 39.087396971885326 5.508855510408022
0.5150845976714902 44.6032171122149 3.2250834311967056
7.152997171138518 50.37687108313617 0.0589892374082146
8.143393600251727 40.776648540388194 3.5364794781568456
2.449009613712365 50.00604217654971 5.669082468976078
0.9874744479283506 48.13884413060729 0.35836564089571254
0.15823072836003566 49.99373526214917 5.579148581109389
1.1587164788842426 48.10191442576567 5.229376161624889
4.73917633854797 44.9915529102782 5.5160991951156735
4.570640325482618 46.377674884645316 5.602629776578417
7.73133857566644 50.52238354458623 3.8002948045422014
8.147840029700172 43.29633251600834 3.5927203328347956
1.8623584760679919 50.91662393874975 0.5447729916301991
0.02092540333959812 47.307359076330826 0.8939626750243812
8.163668744612895 50.639680804597084 -0.25337916817170125
7.083936109930179 50.75844198133831 1.0776816441043247
7.089872250582894 38.3266816133497 0.6371723806371998
9.90682712577124 44.85577279330046 -0.8014931382415313
12.584349033829119 39.78844874975345 -0.13589417520657565
9.937296225159304 40.1046046733261 -0.4387987659782644
8.324131648159968 45.70013309159801 2.467730551652304
15.23565677088504 50.71696479487721 4.266386339615954
13.088371097999012 49.122665588514735 -0.468013462099488
9.348030694065885 45.50417292632845 5.330759165795008
11.551680539626199 40.871300113563265 5.380113795128402
14.571071771698504 47.70852772875213 5.587506825037117
9.327439445076557 46.5245884184658 0.7064013913119016
8.707761810612643 42.38945330570782 -0.5337078823746377
9.511318502481801 47.62806157326207 2.5821051894362435
9.450749310323582 46.384224506880265 2.0108964464205603
11.956399768575661 39.670069237518625 5.01302091974296
13.509566362680072 49.24895153660839 2.2361299729791586
9.88545178233573 40.35237725229842 1.3043346444629655
9.651168961834374 48.831183181990234 5.099561922654592
12.931393731152985 39.45014923899129 4.60384862459497
12.22445236275265 48.548117840532555 -0.13388877840018965
10.143421620479131 43.486339530284994 4.671639072640875
9.723713541909706 42.706390805776444 -0.3498799719037815
10.302068769238721 43.912191855401694 -0.45531535604084294
10.644005954881937 45.717667992541756 2.342213588175288
14.834354953846603 45.41089853496249 0.33060478392383685
10.707441663001019 41.8363944138631 0.13633114779273647
10.51004699349274 40.46046574617524 0.4176003550287011
11.62842395511581 43.740346835191595 -0.09733972019612125
12.32537629177906 44.471265232827484 -0.08658163625280157
11.7770525589595 39.605050250292834 0.5731455923946016
12.269212646431708 39.81385192840756 1.523029957731118
11.866265056147018 42.451364100679164 0.13114355625949425
12.860379010594764 42.0321646431984 0.18022777354135933
13.203109093546347 42.92102778745882 3.0212420521859054
14.16333109686317 40.91472289616212 3.2934864121497354
14.325839856166015 42.24198970514644 3.4919600191708975
12.710575862904284 45.082853771431346 3.2546936091711274
13.720113878655438 45.416867730785775 -0.5182734210130246
14.300897489378004 45.22118797694022 1.5803772558197726
13.448102250201286 47.18167632481246 3.709448655689771
14.654915629006164 46.9896658351367 4.350199234448445
12.587892849458187 47.79540657096433 0.5657087896613633
15.36800418230772 46.67216115053078 0.18736278342545098
15.418056506663216 42.83083238356563 2.864539415211339
11.067500773515638 47.37700557844702 4.305790488567446
10.789111382480646 48.039183007870456 5.112276941589523
14.423626572759034 42.50396248763446 4.880163126641994
14.815196773839396 45.622252567499174 4.546546220802377
15.688703451748028 47.547088450801354 3.5866762169113
15.6922676834586 44.35329615779136 0.08090493006420174
8.94383754411044 48.9286980268631 4.385227882807988
10.215118062990332 48.982275935963926 0.4316242932036318
12.628992265400818 49.793244028015316 2.5439203935386487
16.008019401777283 49.94518415031434 2.2172975066631895
11.572597011043072 45.07367503510358 5.346500561144279
11.179597421311978 49.48357054047011 0.5127617515105343
10.316197209295376 44.55668761245698 5.570341503464057
12.045250909730465 41.8313042138439 5.345756595173494
11.488084947904534 49.96125191481302 1.866175080000112
9.989634065124156 39.48004923284722 5.881598863063132
12.464658218332694 50.33448524695363 3.760097911982354
13.26009596213439 50.524228014921746 4.3528680847466
10.303105799772489 40.71738295983937 5.959463346960938
10.930700236397294 38.828660698690136 5.233426267219676
16.27936779976877 43.845219901758725 5.103752017630382
11.14463772301769 50.37639499663105 -0.11153169731384249
9.079236846674416 39.01936599665662 6.235643860936571
11.45239438331066 38.567870113936344 0.48975234479096796
16.364283436070462 50.56357635820654 3.4581475253462415
10.78367481703491 50.90667251944199 2.5483020371800604
11.45602640303397 48.35317828102206 6.183894715704619
9.613675595695161 49.501548311349936 6.190937933875881
17.618172829529797 43.19901993518318 1.3715881828584842
19.151062023218266 49.8818193754107 0.528058775499376
18.11510968513263 49.34782653131067 -0.2835516403086258
24.207871964494082 42.5939454703216 5.652846458966981
21.011496999866367 47.9560393825362 1.5088235171332753
19.30485152182219 43.21099517615367 5.406461923454352
19.671777543677294 42.49058192705681 0.08110085915439602
17.301623603795395 49.83806633887561 4.1450035857931224
19.640738002802014 41.05652108050551 4.926513316264625
18.651834181301194 50.94303186661139 1.2150306340899397
19.53764339239067 49.02123243849962 1.5089744459276089
17.881442848573073 47.5694608071915 6.137178332057548
18.50582052697582 45.90851220478676 3.023413811781995
21.6981827503037 47.30243618311702 1.160447947030353
22.369987040403174 47.29670296527175 5.085919893237795
23.637292653655557 41.68071451829266 3.5736827869735666
20.603623032305432 50.64610665508852 3.5320695303617144
23.57414239141232 46.54404901397453 0.3357537622666973
20.91440927370785 44.81114733017613 5.225471078804709
20.792553979889625 40.95726089219439 1.190050939282481
22.576569708647 45.63176210689919 0.05623348693772123
18.34778985866337 47.25273736052803 3.1923627583586587
23.010332512307727 46.19713863386646 4.579836266320348
22.257635991299107 50.36960082651454 1.9572744577024526
23.40941958670899 48.56283684056159 0.9876361008175616
22.550146292731757 43.346500920298006 4.440187093809602
21.41163932272034 41.40816096919861 3.401860869175172
21.76545659362009 47.994163178809785 3.9927447773528426
22.7171033328733 44.7048409342488 -0.4799264144688098
20.92418043057324 42.11713596176619 0.5592537991545221
20.43147613145681 45.64427798869687 0.4159506662496326
18.75007122510639 42.32872445475198 3.3363382047067223
21.876012783065345 42.008266516981756 -0.3999402611684333
18.37719614039811 45.536797214110976 1.702283549441408
23.810625203561123 42.84104670554291 4.363604236870615
21.273347146836112 43.04698558907892 1.4883444158845027
22.978705729117465 47.582928466300196 0.8438823154384845
21.413212928260247 46.08523053141473 0.5062486000948752
16.825267243649147 47.96388514967775 1.5031834533496047
19.724732928365757 45.60263077328875 3.463535564286114
21.41419378788836 46.976746045769744 6.0372897288085134
18.762913217635628 42.13878510571978 4.722765678443267
23.41542271185202 48.05308848478707 5.5483983049727135
17.49230027108416 41.92657640977209 5.21480869686431
19.415476797105043 48.93591448363112 4.408439585951497
17.460597889380495 45.129429194688655 3.6102239575448323
20.350990014765955 50.21219345684576 -0.17278614528478675
24.39376133348445 50.34236962651109 5.358717730964734
5.648638536891915 40.05502656549996 7.21580777434339
2.9061373355687494 40.74128095391257 10.408057557815308
2.881692605310955 40.25660166976487 9.101352204424241
2.593606750558355 41.29258463375058 8.209209054762763
2.4505482217507653 44.95746154312575 9.685451293446453
3.981595600291443 43.41484785865221 6.86085027047352
3.80765552495115 45.48833758394197 7.435619568455368
3.3541890618787824 45.44621372023637 8.33711485236881
6.81200233532771 48.12880278607871 7.150384791142245
3.8161433084392358 47.66474730279112 6.99534076105942
1.8648113917792066 49.83094743091977 9.593407336934895
4.018996955392035 46.62985741412459 6.762417348358053
4.0720658616080225 39.64051727969595 8.828395532910584
5.971764101827115 42.21561677387705 7.4430542861266
7.272114317702338 42.71044307450851 7.395635091966858
7.135354742467888 48.43236295490719 8.442439882476616
1.4994240535932069 48.43626869961147 9.897715327178492
2.168211833387296 47.799700528044944 9.318402053563382
2.5221625502846634 48.287720637638564 11.870974776783786
1.5671593070428214 48.0626722242413 11.39618849114877
1.2531736480583358 44.27936815002068 9.468353655490908
0.47841275716596765 48.22074319618592 9.582779316942782
1.32512523366831 43.75956089827087 8.16420409471996
1.0653016664758423 43.29898003306396 10.47296780841205
1.105790652438092 41.95933833854829 6.700138402385222
1.2899945631470084 47.03206587632188 11.6178419605613
7.519656819404178 49.73605034607921 8.592578386782112
3.909976672225509 50.003850699049394 10.229948806715605
3.0522450686791114 50.48082133560141 9.779176682330831
0.985104035916196 50.76485863357973 9.223384703696643
7.690354225015459 43.40293052977909 8.506560657082378
0.9447905325171304 48.684532139411246 12.039653606291088
0.18403840845973 45.16154712228459 9.522519261173324
6.00667552938826 48.12260462961849 9.216459666064118
4.131937897608844 44.44345637215629 6.567999251167803
1.8806359419341272 39.292954854040744 9.12534511232899
0.3426243900832298 40.981787163383174 10.510240873954547
7.420941601582486 43.54797846456162 6.31337420159883
8.066435079704213 41.59141241946584 7.324812067791062
8.216528684920528 47.585158790916815 8.840141837410604
8.379575237123554 45.42567048647389 7.6911834099161585
11.614154564517083 50.59260353479977 8.180648485911794
13.756475583962565 50.49960537017364 6.685905301465284
12.704382474657917 48.396533660014946 8.707022563976427
10.152545545109868 44.118567876881194 6.856329460557382
10.657045357344225 49.243059633729025 6.931450832165141
11.256446243288446 47.78444894967474 9.339398533790462
10.93384088101358 49.745715716823256 8.270394327293001
11.7591894452258 48.729849915778395 9.1355204177515
12.178456320918956 49.18748976545987 10.031556719954217
10.03157292978569 50.0948650158282 8.772497216607334
12.381538225726796 47.934938649310375 6.551186801791735
8.827170338594458 50.222537770457414 6.358221167740442
16.140731351696537 49.1462529696526 6.4026426170145925
9.665938467445987 41.41094260360625 6.324282221339811
19.90824350051498 50.23940971369642 6.314305394355805
22.926530459966504 50.94388153929045 9.582014300263529
22.606769931425966 48.88174720118152 8.597540327408366
22.849520743049688 45.78124079751573 9.007250866232102
23.55666072929201 50.53551724608287 7.47271584944091
16.976708285988956 45.51831096965685 6.566972461565123
24.003448726053342 45.71145545507731 7.150326973250808
20.97543305011402 47.247081166744856 8.42963591378046
22.133556372498663 44.56116364094633 7.22885345766184
19.229429071239505 50.223680457480484 7.519104603909007
23.966053231389907 43.838773744410354 8.466420516511427
23.191813195811797 44.93209231744639 7.984037981748342
18.93108386570131 46.352277069596425 7.583030772550811
17.842623060824184 50.29765799871494 7.222570014371803
17.66065053561942 46.635273826944946 7.1256900076520875
23.427823783149815 49.95311276276831 8.75287143767321
16.86219595791089 47.3774089050563 7.9824224102592245
19.53478259802184 49.04184514136087 8.20172454370484
25.789950679727184 0.7102494536265623 -3.3499999505906675
25.78994598770767 3.5405444022118955 -3.3500000723641055
27.019005325785102 2.8389194234907804 -3.3499999143338686
27.019043624977606 1.420475246679028 -3.34999992833775
25.789950919614054 4.960054279337516 -3.3499999308084427
25.789950933856854 7.800000415685301 -3.3500006073067503
27.01904437058056 7.089473637103171 -3.35000004706979
27.019044018245342 5.670528952522238 -3.3499998977308776
28.24095676998476 0.7097304948544795 -3.349999965416144
28.24099467672648 3.541081836564144 -3.3499999269878025
29.470054058176878 2.839456822725259 -3.349999940158689
29.47004928554579 1.4199571672897682 -3.3500001082081154
30.70000000004935 0.7102807085496333 -3.3500000134577004
30.700000003567727 3.540510217273927 -3.3499999080415543
31.929945953771597 2.8394568109754355 -3.349999899440881
31.929950732165842 1.4199571773485393 -3.349999940316776
28.240955474243613 4.95953657508374 -3.349999926787061
28.24095561025884 7.8005201845954675 -3.350000092788228
29.47004912468095 7.08999380562522 -3.3499999303036443
29.470049229957937 5.670008663278925 -3.3499999008456194
30.699999997944268 4.960085200327735 -3.34999990559485
30.699999995900807 7.7999690720992385 -3.3499999220895624
31.929950882491973 7.089993829851175 -3.3499999244629985
31.92995074955222 5.670008661440224 -3.350000028850353
25.789949914689714 9.219935107530153 -3.350000000361554
25.78994994836797 12.05006486680237 -3.3499999279062576
27.01904023109948 11.34080369530185 -3.349999940926777
27.019040233146153 9.929196347862089 -3.3500003190912153
28.24096025590566 9.219413044209613 -3.3500000828219036
28.24096024479824 12.05058695598032 -3.349999893252127
29.470049641123914 11.341317053377704 -3.34999986059071
29.47004963861238 9.928682959068349 -3.3499998762919114
30.69999992630225 9.219966847559576 -3.3500001758492925
30.69999998846039 12.050033141388099 -3.349999953949485
31.92995036936974 11.341317045513629 -3.3500001046912864
31.929950386991084 9.928683049529242 -3.3500005060769054
24.560000018337025 11.341348116577782 -3.3499999053482075
24.560000053271917 5.669977296762445 -3.3500003361903987
24.56000000794791 9.928651867585884 -3.3499999099552245
24.56000012647135 1.4199261217600212 -3.3500005773237507
25.856654286642286 7.206501776965797 -0.935296522420811
24.560000006318948 2.8394909806310245 -3.350000372891996
33.15904323450252 0.7097305122555768 -3.349999911856778
33.159005333254946 3.541081830225585 -3.349999889233689
34.38099467625539 2.8389194194654 -3.3499999131846248
34.380956380857945 1.4204752476279017 -3.349999915674682
33.15904453445763 4.9595365400546525 -3.349999991927989
33.159044351719224 7.800520216978912 -3.3499999103768276
34.3809556660007 7.089473644714467 -3.3499999076145537
34.38095597282121 5.670528935338263 -3.3499999154018987
35.61004928647731 0.7102495033638692 -3.3500000583371223
35.61005405079053 3.540544378068003 -3.3499999743392763
36.83999996466906 2.839490995964098 -3.35000004429355
36.83999995841604 1.4199261588159373 -3.3500001696053894
38.069950688486415 0.710249453324272 -3.3500000904975535
38.06994593162376 3.54054440346631 -3.3499999599155283
39.29900533819315 2.838919419357611 -3.3499999363117006
39.2990436364154 1.4204752350025427 -3.3499999367232625
40.52095678036156 0.7097305115894864 -3.349999909413434
40.52099465185696 3.541081825481006 -3.350000013746545
35.610049079960426 4.960054247955215 -3.349999929791221
35.610049083055436 7.800000290550416 -3.349999920727913
36.83999999851673 7.090025061597123 -3.3499999363265354
36.839999993028044 5.669977344569331 -3.349999927893914
38.069950903816384 4.960054247584074 -3.3499999203560615
38.06995091464966 7.8000002975627885 -3.349999920404265
39.29904433040426 7.08947365390967 -3.3499999186536646
39.29904403163993 5.670528943669492 -3.3499999281881
40.52095548951499 4.959536562386155 -3.349999926241287
40.5209556579501 7.8005202170449195 -3.349999934670549
33.1590398012723 9.219413035061923 -3.3500001209017216
33.15903977706711 12.050586944300976 -3.350000172743516
34.380959749434474 11.340803694576625 -3.3499999973988217
34.380959739680726 9.929196320580616 -3.3499999979022044
35.61005004790936 9.219935121289904 -3.349999946601616
35.610050061152435 12.05006489215403 -3.3499999076426192
36.84000001823901 11.341348140675395 -3.3499998883434126
36.84000001539145 9.928651898949465 -3.3499999197483064
38.06994995679724 9.219935144767254 -3.3499998912539963
38.06994994413783 12.050064876415066 -3.349999857480875
39.29904021742513 11.3408037007051 -3.350000002083995
39.29904020472243 9.92919633517393 -3.350000044202578
40.52096025447852 9.219413030281972 -3.350000175812715
40.52096021895168 12.050586963316535 -3.349999928703147
41.75005406769763 2.8394567431028728 -3.3500001687425174
41.75004927378579 1.419957173531526 -3.3499999458590457
41.75004911584965 7.089993825833159 -3.3499999333729757
41.750049242758095 5.670008656688195 -3.3499999031071335
42.979999998319656 0.7102806971407095 -3.350000061338716
42.979999965584106 3.540510206190494 -3.350000212787813
44.209945959549046 2.839456738992815 -3.3500002451306212
44.209950722234495 1.419957165230857 -3.3499999866616728
45.43904320262035 0.7097304842594826 -3.350000028673845
45.43900532091729 3.541081832180662 -3.3499999629648727
46.660994659059845 2.8389194187422535 -3.3499999503818287
46.66095638046345 1.4204752299956662 -3.3500000191026813
47.89004932509016 0.7102494503564226 -3.349999936050091
47.89005404963398 3.540544386592528 -3.3499999470553044
42.97999999112493 4.960085210032282 -3.34999996401518
42.97999998093624 7.799969087822508 -3.349999962968817
44.20995086988162 7.089993805107753 -3.3500000002820762
44.209950755287466 5.670008654230642 -3.3499999211918308
45.43904450118606 4.959536559823815 -3.349999922613669
45.43904435254527 7.8005202143219865 -3.3499999416698003
46.660955670157115 7.089473646653635 -3.349999933039778
46.66095595871566 5.6705289446236185 -3.349999940077022
47.890049083832274 4.960054260825393 -3.3499999523595756
47.890049089951596 7.800000288666378 -3.3499999400271196
41.75004962323034 11.341317064009544 -3.3500000640176433
41.750049628062904 9.928682932244172 -3.350000130295
42.979999984798894 9.219966834327886 -3.3499999579949122
42.979999981073384 12.050033131539939 -3.349999906479918
44.20995035100474 11.341317038890436 -3.3499999059085517
44.20995034869035 9.928682948613444 -3.3499999279110515
45.439039757052115 9.219413033464019 -3.3499999383878176
45.43903974674496 12.050586951915768 -3.349999975911123
46.66095978083724 11.34080367434085 -3.3500001505936305
46.66095975420663 9.929196311577561 -3.3500000282677944
47.89005003658607 9.219935085483582 -3.350000068761948
47.89005007427013 12.050064895265557 -3.349999993245889
28.619443643021285 5.950905476671547 0.0195075053224969
28.270008940891508 4.285839499312846 -0.2978288725079714
29.613148809365843 4.851696552942032 0.7976456950456257
26.619536333485687 5.262320623526459 1.2758810418374233
27.583845297361094 5.036014649263265 1.7308467868167887
29.939195609109287 6.281891222355832 3.3257079483472496
30.48478649254662 1.2399636995567476 0.4611596417451891
29.53317417847241 3.248270268239549 2.4939248760822186
28.566274398243426 3.098115956641559 2.951044660859501
28.102282756289714 2.080011464638134 3.6880339438022594
28.240866991852545 6.392982990137524 4.820450603295978
28.573057708264432 4.970749666132846 0.4941051580099942
27.487311976050226 3.8431027417494272 2.5628825099292287
29.369671078121648 7.031149234948246 4.352131022938321
27.838399718784547 5.858829537848406 2.39888698549184
26.447274742024526 3.3748601022289857 3.1734933897622932
26.76628761675694 2.3316073494962963 3.9190442526034297
30.240190776870378 7.192219149939245 5.450713301896158
27.11919904396558 8.146221730241185 1.156312651903959
29.019972828329564 8.298845635787858 3.840711757912855
28.70912084164592 8.283874575962146 -0.39366870491723827
27.834768540201562 9.043926344914052 0.3939856552021903
26.043390969991773 8.465690010829354 4.914434144958485
27.352366182172826 9.765075188535919 3.2560053232650543
26.93601984846664 9.699621655920248 -0.4603046917230924
28.564853937600773 9.852642068449747 1.2243493908107905
29.356655017802424 1.3738894179395746 -0.28487191451665894
28.664154002152504 1.204338510156432 3.9776847332852574
30.08524175943815 0.6283773179089177 1.6322477608780983
31.07040114042723 2.4680113670373904 0.7360999333512386
30.76968226076255 10.076387612803622 5.394816676220061
30.195562200056692 7.595443937946149 1.8912108674768757
30.93738345854143 8.150435666016318 1.4889853061662106
26.842916236571753 10.449895923040971 5.336839463174891
31.249552847894464 9.347755764414332 2.001905674614546
31.968731332462518 4.740538685382585 4.443056138028517
30.718324474677672 9.836292919063085 2.805353161380504
25.258201304296374 10.383875772135637 2.736382115105166
30.441054227671582 3.6380366283205516 5.745744998023683
26.129637417770443 1.8996798376954183 4.573425753459922
25.946338736321295 1.8202662064908302 0.12681191767611955
25.418241938728784 3.68609408977979 3.0704162598024167
26.087223115592423 11.912224820718379 0.07352083931687847
28.948507749704977 12.118500245806532 0.3539937695639528
24.927420351293737 1.532911682032925 5.6581644466381995
31.649518263418003 8.014718820760109 0.32661330085479445
31.483521495981282 7.134508215012631 -0.27677244859154126
32.14715093923125 9.921736229596004 1.205544272388459
28.13762059768584 12.364154374921016 3.2952370123859067
26.358943490677824 9.328947092985258 5.9723298014954596
31.913825337936835 10.423808166625586 6.072422292442534
31.988253450338544 11.916885339737448 2.063246372929698
32.261638658225195 12.128187603109394 -0.014565295347990226
31.36406269144643 11.783570665004031 -0.5280792190918715
31.38682736039046 0.3884604225509794 -0.17387659517945853
25.138303660018316 12.508518046006262 3.6079086623212806
32.51393538902426 9.068029640369394 0.24072737054682047
32.54734326397587 11.35955267684441 1.3116488187502562
27.426040213793694 0.021139483331763756 0.5857419365040717
24.693254262655095 3.611105885157391 -0.4689793440260315
32.40865572647878 2.7690551193837165 3.417977311431298
24.86090365670725 7.2793224180838285 -0.5234982258411724
31.70349298131471 1.2141570676025317 6.100894557095876
24.693182005354412 2.359082820334418 0.07150652124676471
32.68157912693768 6.229113905633357 2.963291347974344
24.69206586293388 5.986009538660589 4.419555059258926
28.20557100194366 3.8912663134765113 6.214248502035322
26.796808661535472 12.722237705005307 -0.008743856307521503
33.11984920356109 12.042923579391633 -0.6811271499526395
33.22070386731946 9.319506827494175 -0.5362137741676076
34.190194404938595 12.001962029069688 3.674437229025962
32.85541609337204 2.6671055357730378 0.6569680231489416
37.902034479009465 2.1596983851347042 -0.7981238840882254
33.06194968803384 10.477064714070863 5.349937269414731
32.9965789599789 0.7584217786512241 2.5350434028353988
38.65474832891591 11.56990083886398 3.1286110628689934
36.92818780444757 11.809487789914561 0.6078495690160735
33.82346202060967 2.797787598447623 0.40023999341193717
33.34115261379851 1.225828458217602 4.678591802670127
33.975842426308986 4.98184957911946 0.5731495922740526
33.33230735486831 1.7451657398894485 3.419014167898532
34.48133049412985 4.038755573911145 0.42667259536520175
34.1315863867818 7.135710748725179 4.403297219445841
37.076039146686846 9.55035471475847 0.27628384934049066
34.76328044792944 1.888182272334738 0.21322687962908593
36.2445916195792 10.593676445755118 0.587358233723857
36.66000067887897 8.363373920563198 4.908234229496234
36.7243788572369 8.1879202412061 2.318839717347231
34.00899480660043 6.434296241170364 3.1920118618435023
34.619359958040256 5.170786144451213 3.3230265513732995
34.57261309362529 7.116503056755095 2.1328663374697965
34.633824460956596 2.232280351140349 3.260343017480606
35.737114510848976 3.791363613913255 0.08254722733068598
35.958853723458716 2.4420921468914623 0.10011494972782864
36.49465286915523 4.533109310644581 -0.12324139492070119
37.22352505289808 1.7800685876129783 -0.03418267183843526
36.32782002628012 3.619571619352824 4.089259999574304
37.672872881284235 1.9783755654339892 0.9388850914568891
37.734475292832244 4.396369736177565 2.405863483482309
37.70194219397259 1.5453256626203586 3.6925493856566485
38.038145002783786 6.376195071017538 1.41737345119052
38.637808703813526 5.149041668074516 1.7315440177755548
37.084893318355086 7.120877908685181 5.338871835196294
35.260978607530454 10.64770237877009 -0.41141969411789936
35.71709617093686 10.318487012326553 1.8517863585618777
36.93626158844531 6.139135053878301 4.409966596017539
38.64346476781697 0.6421213630764215 4.1057135018083315
39.04808749295738 4.525361547877885 0.5281284959098065
38.6584604077726 9.590363972913163 2.8185960160390735
39.71376928342465 5.342020839577338 2.5850926237664
38.31201866028026 3.7208939568992694 5.366006041008068
39.90596973836108 1.1665615959070805 4.330784198823548
39.69930502928975 9.868300706436749 4.862333670007601
39.84881015993606 9.661999178436272 3.5231079302722135
39.61040657963906 8.423104861619285 -0.09137198431951488
36.380118145521315 11.20246817340445 4.228716812735391
40.41388127917487 2.5942644630056564 2.0386173864123203
33.60514202224299 11.425801012864854 1.5661541139907542
39.033292189065236 11.058585089138605 -0.5582389445150837
40.31233932501094 6.031434294265496 4.694541291540397
39.952270521785785 10.529149946972407 -0.35433393181954376
34.52693086184356 8.630367075046468 6.243404855617816
38.473128896677025 7.286502771685567 5.608379277463827
37.192833577149514 0.2425553391503519 -0.10708142343761606
40.29724090185063 9.253834946848249 -0.15879704849387166
40.451448290015804 10.817858692900998 3.0801264467542513
35.834986238391416 0.3993349147996177 5.586421043478308
36.87476715338807 12.146997219238916 4.0567073929044355
38.04022704041787 12.309902761790399 3.4366057705511945
40.52499254329991 0.06217145103291116 2.3106583997467345
34.53297137746841 0.8418084475734968 0.07736094976730445
35.09969710815328 3.2458807565779697 5.985476923977634
40.648217287185346 8.533930966925302 3.3069619035493014
38.21537069219408 0.08388388645119563 5.296190276323179
43.558497328481565 6.8658183420046806 5.91388530381198
42.19546324024076 10.213244747325373 5.9402265896929665
41.65729795164238 3.565394519184855 -0.7927494558092252
44.28368422018526 8.776821122569295 -0.6012631450805639
42.10958563780381 7.122916728260296 -0.38674550156559406
49.0464470847694 1.0444091860961402 2.8504112926964065
43.24289142458449 1.6452274467215942 5.830790091411453
43.947360707520744 3.4275250990369197 -0.811709677075727
41.0153271368372 1.8720219117516657 1.5066130843516634
47.50896888332934 0.38565454016867357 0.4105014119128547
49.02735485135985 5.393378331270938 5.26679607129042
41.067945714026095 0.5696251691810758 1.6267047622069186
42.43339875562179 7.941488889519791 0.25604893037306287
41.10931409700875 11.203160413769709 -0.10948420506992518
45.781749206615906 12.288066074931246 1.858277821852532
43.25097265635472 1.2292214300013335 -0.6533622232075298
46.4927967945093 11.512128004670569 -0.29195531238340067
41.50160948409648 11.47234580371702 3.874398929317598
44.26267714005849 7.040743699417129 -0.4188375018391133
45.69117928676874 1.5918894035894626 -0.3110025556315388
48.144593737044524 5.787415631154538 1.7186677974736042
43.92863290028419 7.970851332549768 0.04096053694722768
47.91368381449821 1.9603858156465384 4.656553316812808
42.50523160452442 1.1223129768688733 0.12048586668252148
46.86499592996512 4.310563255639486 2.773312181501826
46.69777947780482 4.518077372450459 0.5243420261449994
44.32143530688073 8.126470035104495 1.0457436424628463
48.17087073651038 6.532142959895553 5.108595828700878
44.86663898298426 6.9308730922604145 3.868070442205982
44.170516431771034 0.938927357537084 3.447367302366091
44.30002374302489 10.316866203808626 2.067536333103155
47.33910979315528 10.481008851832168 0.09924025771240297
46.690853502917186 3.8394935260801577 5.309686118747434
43.18698110702459 10.560507254725756 -0.19823569584112022
41.158492616551634 12.17978036167087 0.1432903002613184
45.709740110632595 0.799701066331138 1.6982897611942949
47.49138058375359 10.714044569562455 1.4492073906798275
45.87745770171728 8.846212000717681 2.882480178541802
43.93328181920205 9.006103126167147 3.9071732815028106
42.134236399605115 4.462724901088466 4.760063638156061
43.30383170403478 3.052828589536006 3.336640505121683
46.7868400785024 6.198735444164046 5.0662244842626905
46.75709467695131 9.282744701853987 0.02726439248194268
44.13971168626883 3.8576505033492556 0.8929584317266392
42.02957761259241 0.08654788035811779 0.7779851266586091
43.64801129525281 5.100140147408117 -0.1834663066369835
45.424567458286596 1.7904646845851362 5.481421642594283
46.10771808290899 0.5192379866261894 0.41280710230451323
45.94387776201053 6.182856466515984 1.9180222937545588
44.868126110314655 9.75143013473452 3.1980569465808886
46.88350159689222 5.188361448178671 1.6904887016772008
42.10142200565406 3.608471911126152 0.2017344119213127
41.570376667958094 4.371334927855713 0.7710593342340799
42.20978362001149 11.790837048411204 4.520272539407334
42.55706955353799 11.17834472775736 5.6173908699644715
48.54118787512808 10.506197781524994 -0.5713221137966884
45.42466555836027 10.783784756661225 3.957902489569549
42.24594856090851 7.648211981917783 1.2889821712797478
44.402689610196305 4.6433447784115724 4.657233230065447
41.89029754584936 2.2516760660084816 0.6503314459278164
48.57306068626714 2.6560971627554464 1.2343887284219635
47.96488328165174 8.160645796241917 1.9255114668869266
43.54001197245902 4.031034856066717 -0.0005728320910480811
48.55307831486821 7.241154824950211 4.064980395791753
42.133167397556186 10.340101672324227 -0.11280710071866373
43.25660966104149 4.364862904700035 3.931074361442517
41.659230407736395 9.146626504283478 0.023678697040840913
43.094028378434594 5.358117219418809 2.974685826716316
48.44207237980122 7.331196699013178 6.215075135574671
29.637277604165984 3.5770859130744244 7.914816528578616
28.312733335883962 6.505908317126111 9.376271231497412
27.54596103356151 1.2198973577130914 8.836310591061325
28.775944972218838 5.44272751650938 10.10657154494387
27.551877511437556 6.071043120190795 8.296681549774647
26.718977094416832 2.226295524068572 8.940752009683157
26.867319985233625 3.121232590492201 8.35467860659751
29.31269616902631 7.324114343137396 8.816879653904254
27.511026207062965 7.383579721057554 10.120826090418232
29.664954262990605 8.879018682516987 7.026104798846827
26.006478607388367 8.591041711776102 8.86231426696114
25.818173768009622 2.0051676934002414 9.828203142455214
28.888095016215 10.671338371446302 8.15050356097967
26.067982454594954 0.7466464168167478 10.400150345144624
27.36343435128771 8.762320097660439 6.788386133453283
30.58282838162767 4.015225306974373 9.15863974707746
31.35702138197439 4.084610069351703 9.803551332452605
26.93719258467351 10.586726351764694 9.368122278512956
32.14032191572329 3.1022949740919685 10.213320730436909
30.453012656146296 10.670210316440965 11.400505056136899
28.284371385107708 1.1491558339636498 8.150857609845051
24.806784007306284 2.9628515601926355 10.250503498905069
27.91682712152813 11.41871465979411 8.785699546694183
32.03303213989122 2.053267817131135 9.980016362845594
24.92351595452683 6.812228727917031 7.492414745784322
25.286911358291185 9.514024340584928 6.876341545269354
31.302939918619437 11.10398517635764 10.894676014467958
31.969722623676635 5.286470881693461 10.137489490994152
27.33150237517864 12.208186856292645 7.864191259335805
31.60189413036339 6.246506699118681 9.80668225294847
28.43443798695138 12.223920860430374 9.799467449940124
25.228195013775498 4.441053676433815 9.975103925736304
26.161664961496633 4.482056403658559 10.536399421041411
32.042141086909794 9.45651455598153 7.0235377956446925
29.363561376217106 3.240226232177973 6.596021329913744
24.623267679776735 2.8554860718647954 11.319565896497316
25.517780480530675 0.24094248880214458 11.179856267197327
27.19427805777385 0.2839978593217063 9.768116120973701
32.36738220909876 10.45515300008042 10.268412080999571
25.352821475814412 4.783298728502228 8.947759499943281
31.475267690504293 12.39418023193758 10.55982724870874
32.56884609940721 9.465900311579473 10.298268725022828
29.19528807130321 1.8355433906765903 6.483573955238634
31.718917188048604 11.63491273093568 6.708562066444173
32.61217586845746 12.540516132594353 9.805495221047103
30.08800461686752 0.189221227081457 9.46205807046063
25.29684359837208 3.6936004954275594 6.44110771626862
31.979771979321672 0.2163441560823625 8.319215503760354
26.596029233818996 5.6512981703579355 6.2696438362655975
37.51460462675302 0.39781745514212524 9.32127260875183
36.31510693763564 6.794026909542387 6.458447694805938
40.356595595752225 0.23241815269456742 6.347922127061386
33.06489868694522 3.6258547552969227 11.002706843579936
32.968549175783956 4.990610995606863 10.934903368638732
37.949660127063666 12.052186941616656 7.207010714671847
34.94545340761312 3.4765252987471897 12.791229699156672
34.16128348708289 2.825207229693634 11.647719474914728
33.61981340692246 2.048343941939849 12.187528315918412
33.67127548068844 5.6480676038245985 11.425134486247977
34.77668551481822 2.3381811763629994 10.891289723947903
34.02231258059084 11.150826540618645 9.06730252145582
36.47989930251495 11.356621809134186 8.842989142795581
37.25426765413518 1.1607469466174365 7.361490812800461
33.33126048102974 2.629140926049825 7.171256466653735
33.2789161802383 7.957083197472992 10.314201502003854
38.321976836127725 1.0927876642732854 9.55206802458559
35.28433595828926 6.826946774088629 9.979341171845387
37.490324200348574 9.773330641814129 10.295027222030349
34.232879176257 3.6786572620487026 6.923720349412127
34.70928354072014 8.432428443045357 8.512124808861838
34.95418800258293 4.190989267224306 8.00078754053853
36.16154254095458 1.9650336391747876 8.484730737136221
36.77648145586167 5.604543079975859 8.477463793486788
38.185433671670125 4.095813827053654 7.6282315282015425
34.62160682438864 8.03614344355488 9.843086675891465
35.29105338592882 8.993228564379352 10.593291282130256
37.6267200766528 9.862768816187959 7.6859695807281305
36.61172337452023 1.0060423599353276 8.22826837367836
38.860192631247905 7.645719597828586 8.878366492930843
38.49627457956291 7.640583284625548 11.078917641920224
39.35211365062599 7.125655387449166 10.08608803073796
39.665027143910386 8.675631222869189 6.920381072776873
39.450679545319936 10.608196918288161 9.718305824375808
37.00471057862982 11.08844632092147 7.623492996327458
39.222050520850985 5.770808919738251 9.971545750404108
33.12123083943858 11.346224316851357 9.629682646282156
35.65577237583006 4.210289644865007 12.410261396437223
39.5079226066493 2.44782032064003 6.804701065309327
39.03625428737972 3.7374696132511667 6.573440406608957
40.092174021468594 4.643282513500766 6.51471637468952
40.62566978542107 7.641232894422385 10.253604145979486
40.74920270222707 10.883221703182878 9.16640010036512
40.73851940893594 12.180789114867215 8.644983478965928
40.62392716342149 1.1605516653960788 10.248153586090558
36.019489969182374 11.032740194069653 6.6644719458963735
35.5847190450392 0.15847832115183735 7.6806178294221965
37.051751533573444 0.29826521247483145 10.303085404051105
33.465107528769856 4.65403381114668 6.2949637821258975
41.02423417920037 10.008800774335358 8.1541047990149
46.101212390055565 10.834975163824218 6.493531142186319
46.181862849722386 3.2606988099702465 10.223284751376475
44.2320180157423 3.0651398050436502 11.859656072219334
48.85443941558492 12.0974319743054 8.60940197417053
41.56428492150603 2.8184855108065343 9.025571945684915
46.16783638126305 5.2804502269026745 10.057176683965737
41.63432831562569 1.45695264227743 9.424312034777419
42.606907245503336 6.9371802640160025 6.884238767111857
41.71993857791937 10.729814402507891 10.119773827035687
48.60216031707977 2.939167134694162 9.271636919113668
47.847405641851104 3.851342492016323 7.298073230006538
44.34621469632614 9.550554043759481 11.7302827145048
41.49915502555666 0.7552606253919644 8.272851138441059
43.498063161645526 11.897211464364204 6.283777379290676
48.51176854835714 2.809473488088621 7.898908342129387
44.44642349750019 5.395815796661412 8.800690340465321
46.21592894673326 11.077159485433977 8.189730633746763
47.85035726385218 1.6510498664100297 7.52422823898914
48.164573517369185 5.726172800766547 10.667625063149902
44.18323029987493 11.513455230755659 7.553517217546874
46.458905725181644 4.139120514374099 11.724689339656994
42.31658190036914 5.730575826206584 7.529655165117907
42.1659126351261 3.5965063570636278 6.955442132775094
45.50878653218646 9.684219647036901 11.048659952302476
42.92751202163893 1.160199599415555 9.918664157921347
48.07113165817653 7.530321894022741 8.939667951105726
47.29860742141216 5.956886295846121 10.064902901921007
46.356912892087394 8.744638331441966 11.581201382774447
43.74151613307183 10.563224701880685 7.853601434313335
43.88832106617461 12.264270545239274 8.28659627732398
45.37196960128928 5.866852922985758 9.097150178126071
42.734327509892914 8.611246455866832 10.091705937442532
47.30059020717577 6.928831977349605 9.193785546643078
45.843557297771845 4.1037615314656755 10.825692089769381
44.10015996995855 4.846782440061776 11.88720616925753
44.54368055675521 0.6798985255227739 7.258536307013524
46.02537599005866 7.454059277638122 7.642285540421417
46.09401892486452 12.475269585041396 7.182428893435068
44.537783160651855 3.012215007404245 7.121219176903958
47.42581501241562 12.6512347554594 10.388641845174039
44.43050862335755 1.8233418356541817 6.462074879815916
45.71628927439558 11.459553895790384 7.299654955662822
46.10414440680759 6.804725880408074 8.501681651498492
44.333816362621675 3.977670475287775 11.272267893571012
43.608803840183874 3.8719596449740687 10.465247408877898
43.066016793449506 7.801703883200125 7.8487595996130395
45.26611539001596 9.39589180487129 9.704830488509533
46.064844602773796 10.970534676156301 11.095858606854994
41.44254067702469 7.427177552595795 6.276217259193379
35.54478162661909 2.78695735014234 13.3857057122756
34.29491754897885 3.9951018608151325 13.495489200982087
25.789950888051152 13.469999494501275 -3.3500000444626963
25.78995037982784 16.308682947228295 -3.3499999167363894
27.019039735960437 15.599413082390337 -3.350000090996935
27.019044323241154 14.180520413286274 -3.3500002309453625
28.240955671877533 13.469479538421 -3.350000023520885
28.240959776849802 16.309196330431558 -3.349999914372636
29.47005004827656 15.599935135062758 -3.349999907648696
29.470049118813076 14.180000487855471 -3.3499999447457562
30.6999999998444 13.470030699750406 -3.349999877808798
30.699999990761384 16.308651871236776 -3.349999961771011
31.92994995743731 15.599935132960406 -3.349999922834379
31.92995089694331 14.180000480248037 -3.3499998882787696
25.789950352596136 17.721317032960354 -3.3500001405177624
25.78995086788799 20.56000617115395 -3.349999875662244
27.019044325139642 19.8494797988484 -3.3499999891727175
27.019039755678232 18.43058695812891 -3.3500000613839562
25.789950776791148 21.979991308925072 -3.3499999843126593
25.789945949908713 24.810544366050745 -3.3499999128423106
27.019005322335403 24.10891822844321 -3.3499999135692917
27.019044515005245 22.690463441317977 -3.349999928339751
28.240959768379927 17.720803653999283 -3.3499999142243064
28.240955675945187 20.56052636346025 -3.3499999467107067
29.47004909589392 19.84999971784027 -3.3499999411748727
29.470050050015363 18.430064868230286 -3.349999921378587
30.699999986124055 17.72134811603426 -3.350000008650149
30.700000006604395 20.559974943651387 -3.3499999373210896
31.929950912423664 19.849999716954464 -3.3499999535535316
31.929949959871124 18.4300648847578 -3.3499999417227224
28.240955970820252 21.979471050802704 -3.3499999253937975
28.24099467225698 24.811081809362502 -3.3499999019589466
29.470054068745117 24.109455669011965 -3.349999910260112
29.47004909785777 22.689945748163613 -3.3499999241275735
30.700000017427435 21.980022648608493 -3.3499999151215287
30.700000018438537 24.810510191662814 -3.34999989528574
31.9299459460266 24.109455658301595 -3.349999974831712
31.92995092690215 22.68994575392471 -3.349999910362804
24.560000004436134 14.1799692547039 -3.3500001210134736
24.560000002845754 19.85003091534514 -3.3499998896548764
33.159044344622316 13.469479568174595 -3.3499998981052768
33.159040228206905 16.309196316326517 -3.349999901969195
34.380960221681 15.59941297481073 -3.3500001616208697
34.38095567030777 14.180520433346043 -3.3499998844257792
35.61004908954646 13.469999453989907 -3.3500000531584186
35.61004975364301 16.30868294050228 -3.350000308155212
36.84000002723407 15.59996689670324 -3.350000009395211
36.840000115164855 14.179969269907856 -3.350000326780851
38.06995088696474 13.469999515417646 -3.349999880866956
38.069950338366915 16.308682949606062 -3.350000063171059
39.29903974656638 15.59941304791696 -3.34999995470338
39.29904431297678 14.180520436963093 -3.349999910356991
40.52095564503413 13.469479553415022 -3.3499998627051975
40.520959746700036 16.30919632043637 -3.349999870720123
33.15904024468133 17.72080367256351 -3.3499998889457694
33.159044300662416 20.560526358955386 -3.3500000318272027
34.38095566065377 19.849479734750332 -3.3500000353556203
34.380960271178914 18.430586963599634 -3.349999858351127
33.159044021157754 21.979471078765304 -3.3499999311987336
33.159005309838655 24.811081805982493 -3.3500001604459575
34.38099469165929 24.108918215158948 -3.350000288835112
34.38095548029386 22.69046343808782 -3.3499999696494975
35.6100496520656 17.721317060754252 -3.3499999385782733
35.6100491521682 20.5600061689898 -3.349999963517063
36.839999954224126 19.850030944538354 -3.350000135882756
36.8399999566829 18.430033107047944 -3.3500002137272555
38.06995036189271 17.721317022077162 -3.3500000256350138
38.06995089239796 20.56000618983154 -3.349999996837515
39.29904435162897 19.849479780392628 -3.3499998985059865
39.29903974278613 18.430586961081346 -3.349999898676775
40.520959747210284 17.72080367361304 -3.349999876466494
40.520955675980396 20.560526354758323 -3.3499998936311126
35.61004924043973 21.979991355566945 -3.3499999195766117
35.610054030569756 24.81054434954893 -3.3500000348380823
36.83999996049218 24.109489747583602 -3.350000258867174
36.83999998840452 22.689914802889746 -3.3499999000147387
38.06995076684665 21.979991339273173 -3.349999931281722
38.069945994701115 24.81054434865061 -3.350000093728803
39.29900531711385 24.108918207160688 -3.3499999321793217
39.29904451468185 22.69046343245998 -3.349999903655021
40.52095597398309 21.979471045834014 -3.349999901353551
40.520994682698124 24.81108177686562 -3.3500000121994034
37.021466217200505 24.779339458494793 -0.8381682448510142
34.840782541537045 16.3688312570555 -0.8697262317129095
36.15773983847458 14.443710851739949 -0.90098587833635
46.660955460763546 22.69046343015817 -3.3500000889580184
41.750050039339314 15.599935135694405 -3.3499999047069142
41.750049088046474 14.180000487604332 -3.3499998909773634
45.43904399627391 21.97947104168431 -3.3500000626437068
42.9799999826591 13.47003070478831 -3.349999905488874
42.980000005103356 16.30865189293917 -3.349999922217357
44.209949937915994 15.599935154108406 -3.349999951959395
44.20995088529522 14.180000503100942 -3.349999920080655
45.43904433465005 13.46947956866552 -3.349999926696391
45.43904022566297 16.309196374167907 -3.3500000473497638
46.66096024498595 15.599413057202854 -3.349999956895684
46.660955675283056 14.180520446549775 -3.349999914921221
47.890049128908004 13.46999950310301 -3.3499998971897096
47.890049648803895 16.30868291821107 -3.3500000604666145
45.43900532926373 24.811081788279623 -3.3500000795859917
46.66099470559816 24.10891823730853 -3.3500000299736077
47.890049088444144 21.979991408691525 -3.350001076912198
41.75004910449883 19.849999728880285 -3.349999889749321
41.750050055099045 18.430064885629548 -3.349999897148357
41.75005406148682 24.109455649549865 -3.349999912600783
41.75004909719993 22.689945734981414 -3.3499999103944367
44.20994994952522 18.430064881082345 -3.349999991739968
45.4390402235973 17.720803678471036 -3.3499999690266247
45.43904426636802 20.560526344478763 -3.35000036683868
42.98000001756956 17.72134812812882 -3.349999895594138
42.98000002060193 20.559974937884576 -3.3499999037751147
46.66096023692508 18.43058697551702 -3.3500000934939567
44.209950893367 19.84999972524392 -3.350000029217769
47.89004907922497 20.56000609614095 -3.3500001928286838
42.980000022184754 21.98002263104758 -3.3499999124263513
42.980000001743136 24.81051016923089 -3.349999922747333
44.20994593504569 24.109455644790664 -3.350000013380657
44.20995090534198 22.68994571290404 -3.349999931113122
46.66095563935634 19.84947975508835 -3.3500002703521403
47.89005405656404 24.810544354886378 -3.349999888461732
47.89004964726402 17.72131711444992 -3.350000129970503
49.11999997679767 19.850030905286914 -3.349999931704967
49.119999973954634 18.430033159907097 -3.349999903506522
49.11999999855494 24.109489854001485 -3.3499999007006878
27.37710406775935 23.24208310581943 6.024689755413622
32.37051571666707 22.953975329196776 -0.2811870183688048
26.564518461765044 12.778874880273246 5.22650810822612
24.730355133712802 15.175368730221503 -0.7638198964531573
25.627201994164892 23.791890853080638 1.4431606223787308
27.321285857554564 15.925667245975763 -0.3134376471552358
26.353042231582695 14.050447203814947 -0.09858752162287043
27.172120813744808 18.510096740230292 4.633109721013318
27.780387509635393 19.146661985819986 -0.3456018464249899
28.51474203988142 14.142417202377182 -0.06221374409667524
30.136943620546717 18.63219947541614 4.261281559975554
29.451183684907544 14.5184079908547 -0.019693486823679773
29.549039875466853 19.491449464545678 2.292908979932462
28.50837789496687 17.351565926108478 3.2534118955191147
27.425470589336 14.855450412794331 -0.21253436861482178
27.190896209566162 17.89541607443292 1.5114504509031168
27.07121957323758 19.771459143135168 5.228743451142256
26.74123187468331 18.680899573676886 0.41936180311751503
26.523700962389587 15.642544816425408 5.200932308454346
26.041883570335962 19.822897214132794 0.823226779442815
25.898206767894255 17.994000268180894 -0.38068885593036894
30.131541384319988 20.882356618524597 4.048243304713814
27.203974059606093 20.69639014971724 4.201308901344206
26.66807549574893 21.795012879022536 2.012469558847718
28.865261728425285 22.151732066112597 0.7398116153988465
28.444417476358584 23.29259115169196 2.6172565610747043
29.350756584655187 23.142912496485817 1.5303972076790506
28.2322113966989 14.597035458937185 3.255726596516971
28.944603446106104 13.43513093712223 3.3726608186117812
30.080212255882156 19.795158780624792 -0.009750580411059806
29.998033132322686 16.64560654650135 1.5457063927642833
30.370525580105795 19.661975710422197 3.3969833700211236
30.60419957412415 22.91264650804767 2.038120273535815
30.923495934028704 15.275107230085103 -0.14405822705609528
31.187811789118467 17.48318081872698 -0.22081596409904147
31.0394367565551 16.38861434347639 0.6415270326769906
31.688841083960682 19.59184631101328 3.0079902202968336
29.427930866116867 24.21820413851739 0.6850723992305108
28.66174577380868 16.3769229294059 5.791337783442896
24.989203768707267 14.432236544832584 -0.00959715792160254
28.60722497804573 22.158588040028487 4.787592659537543
24.822587958209017 23.087499085806442 4.239070924610172
24.905631875499047 17.488226620674165 5.9244818887406625
26.664398091660896 25.062757718401947 3.9444203159374434
24.62346624906928 15.097906343391088 1.354425256891264
25.73258054325572 19.753268041303194 5.75576960949907
24.724906711218512 16.183152675765214 1.347337894387668
32.378351075959884 22.15544022817611 3.3808373552130733
32.24703229935918 14.983007071346448 6.160571752290792
32.13864947131557 20.497874622573704 -0.09086027226583915
29.485629412130077 13.320934608122233 4.664103055956201
32.32295594461063 24.52119335414073 4.226969295537635
32.187250058061814 16.33006549546322 1.468105447439999
24.897083901414984 23.009585076838462 -0.45466038591666313
32.216418394881856 25.150046226413767 -0.0642204946546654
31.254480428544507 25.333643257423418 0.18289785569813422
28.14974464727743 12.798541580966901 0.09724235551266669
28.537896919347542 22.913173014590534 5.4553464587799025
30.547377968523104 23.61980426821809 5.665040334922685
28.050816969104833 19.857716573994782 6.140532660129329
24.878221712127047 24.6691634807372 5.793211986834342
30.033544723809605 13.355049810437421 2.4726423817338627
32.58768858710722 21.266240689135373 5.4238957036430016
29.495808559049173 23.7188750540973 5.890399506803173
25.115065483058117 14.738783638969997 2.2585607977920685
27.49026400100047 15.698163303326792 6.198199364849803
26.44867730678478 22.70684237488608 5.890745328916186
32.14116757859332 13.189405440087453 0.20315797280102577
32.862591712357585 16.26041263859098 6.12146289808805
33.17565629829978 16.69981039185197 4.813532842134842
32.853810169858555 23.919271607166532 -0.24910014882023934
36.745739831913085 24.82502756609433 0.8741864059728888
40.09952102942354 25.260520596292167 -0.2223187351917555
34.98451912633853 13.174527984941717 5.893626501134241
33.9021120838141 13.619917446967856 3.077733033402775
37.93168411392178 24.52908547042817 3.65235425347303
38.76628864775391 18.51768573947134 5.56509102687924
34.23375219661571 24.623277573057837 3.0635437280982436
32.978686742432515 13.068243943871677 4.416269280968555
33.28153258936611 17.814223847218674 2.810947605369385
33.50150215994311 21.401690433935684 1.5630948137689649
33.40726260153802 20.523772924065383 0.465724033545748
35.9108102127021 21.265549218492463 2.1337578013430694
33.97986606538054 13.024630018029217 3.987506189345006
34.97786192373413 23.480569292535673 -0.35504129020606623
35.950174978388866 22.977528479498453 1.9775667254271856
36.85004073340152 22.24512115017531 3.832763734074174
33.6520136830493 19.211850300371918 0.9564948428983211
36.5518229824553 22.130110016411326 2.306202736088631
34.15863604770943 24.174387812496576 -0.23720740118837957
37.515356174844804 18.603228344658362 3.5153004162921553
34.78385896263183 16.563544153088806 0.8799708218800728
35.42953503372473 16.293125093232433 0.04446142987323376
35.6903531663596 14.75165952104921 0.03433081441126751
35.78584608615375 17.20313449388034 2.9934846913215063
35.24878951706892 19.169126933257925 3.6339943416866785
36.194854557784126 18.174854906128004 3.8131342713162963
36.365669412437725 14.45237598836784 0.835877653248025
35.82376188823179 19.05364168103169 0.13372398090772286
37.26422467452821 15.31663773960364 4.420443149831122
36.69146246679631 18.420017811272462 0.024104194409600987
36.66223441537143 17.126733448086263 -0.06471124009037044
36.26356329452461 17.79090620341474 5.151325441399644
37.350947731776095 14.271181099186528 4.163734123255449
37.989332076353996 18.845219071454252 0.008515156048124473
34.38754116572994 20.891626220616303 -0.45211544759711897
37.213390894100634 21.267605017925202 4.149842387010615
37.97087733274593 23.206497310256335 4.020615650731571
34.73038867283803 14.248327457012467 0.14933083408777748
37.978385122021514 16.677175723148476 -0.033104597212918474
36.380552206371966 13.332000120312875 4.363436459847469
38.391753414158494 13.647507599345568 3.5459089825078305
37.46695884071464 22.0848080209338 1.7158011016384356
38.13303638366993 15.608389727379704 -0.01970749356708934
35.98172110464828 22.492054998367124 4.443619443231376
38.33651537671158 19.79357011545374 0.02244545660250452
38.810124797780226 17.732807165282654 0.005702379352980902
39.15840952231338 22.969603641336867 4.532099424239613
39.86508205753447 24.04714722030437 4.542369490630129
39.31654888557475 14.01609941113225 3.1272284214597548
39.10299313791881 21.19862332822866 0.3057282733568589
34.93746258063008 14.678572511911948 4.978078071916178
35.047833147523406 13.597668028677585 4.891107754064118
37.047150520375176 24.992992707162195 3.24151316794538
33.439726155490206 25.290359849997486 3.9534951847206345
39.99001696077539 16.531180728998482 5.5928453021993505
39.08407306659862 25.054054534540885 3.9263926737500987
39.45415140608729 21.987270548520627 4.869676723347828
39.82218310551468 20.558698257825082 2.3503797449502715
39.87597640104908 17.82093326388365 0.15601588662661037
40.54760732931967 14.367773018876616 5.995884042791166
40.1918600911551 21.047225179942924 1.1629206124292302
40.803800415528634 24.145692159164568 4.901808970067499
40.83629549630948 22.252250947814243 1.288808699715348
36.87379412246341 25.461780547782155 -0.0011693726119810233
40.60214319975757 19.77086796786168 5.258905887721208
42.915173045222254 25.406403415915303 3.213386262901037
41.035982684465345 20.10655810494092 0.5505327579203501
44.0883288933309 23.089412035251453 4.028645623989165
47.96557666114204 19.239894879368617 2.5781587198777545
46.8846189925076 24.77154355516168 3.930765045839273
42.60438870182171 13.81378377509938 3.8600548485978092
40.96613579933712 15.686405383953371 6.113209856331715
44.35329923054491 13.840786916069966 5.945598003239275
42.97202234525139 15.501474666164432 0.011070845403083895
48.81164238869373 14.480941258140598 0.33672370309956845
43.31670351386 21.129076519951887 3.1446995297248947
43.69166829138097 20.69539211917331 -0.294657456332329
45.289082595691454 25.451627178143692 -0.21310165737932318
43.650435732701084 13.095694953095055 5.603222668299787
48.629866625769026 13.981126272168812 4.336849719975337
42.45266203532778 18.64110523436778 6.11609492218748
47.919078133075956 20.78854352112704 4.267598126367141
43.34572847754471 21.321642870712335 2.0722370584130303
46.16900122905108 18.618289690967902 -0.12779657329426097
45.35927443418331 15.794172628909653 -0.6322843635269559
43.543306438680496 13.690427786900843 1.4701386688504148
48.02833741559058 15.640835888252937 2.949235658715088
47.4575150970787 17.444757855354776 0.9658191676954908
42.119900082618344 24.1372383407254 5.956665318866734
45.31604993682157 16.24925937080872 1.09681028503117
44.34654607002228 22.035126507729636 3.9291171533954605
48.3433180239136 23.828266944097606 4.222346174167113
48.67262809459259 20.149270427380497 3.2867187853549487
47.53360327034082 17.12689187789004 -0.765008667302961
42.84259116995113 13.015872673538489 4.547802955212044
41.48575600655278 19.045973987836554 2.925405646291086
44.96506710832234 16.713714917698034 3.1873790644875353
43.00328754905649 17.521599990470023 3.1265422034609927
44.088210680568224 18.050451187118245 -0.10064154784537482
42.45057444813763 16.71733404964691 2.86622600261731
41.7748217470729 24.274193315669095 1.2329796932009263
45.19009887643931 24.040267261443706 1.5620499712057934
45.8644042622041 20.761018448549393 -0.3249790075048753
46.54787553574502 13.892998768386972 3.3502805752592324
44.803338189755735 18.859607302519997 -0.08454725319298695
42.510850209563664 18.742155274047363 3.077970596578996
45.78176907509166 23.310541942465232 -0.4569367677381919
45.9436395926134 21.76604922260923 -0.3860928811224318
43.63680917753601 23.766735232267195 -0.05872260839685839
44.64715668470069 18.90101582601448 3.381406677839741
47.56616564413148 14.67624221181732 3.8090172734081316
41.54671789160777 13.709476826314535 0.45901148942957604
45.58183356155154 19.430911955317523 3.490902011187671
44.632862274319 20.16613216171633 -0.2737341709990393
47.057360456485654 15.480300916209245 4.843900251482127
45.35026986577607 21.875938728746963 3.5350387438584985
46.54096782213753 15.238167188765896 0.5967763712016927
44.943403286905 24.145967571722338 0.18938328551812322
44.488120861563566 21.663813749073366 4.944096667327614
45.95781960125962 16.083514447683896 0.23150090775978072
46.854254506657135 17.300759667841206 0.06947036140754648
42.31433847027636 21.369088831086465 3.4993238523707584
42.023528351516504 15.195291374067072 2.0577347537366886
47.874616287846905 19.874569537917292 -0.11169018220918647
42.52898215853102 14.53080539121923 0.9881497720321264
46.796343137521404 19.82015975514177 -0.13937752209851717
47.97313027359841 24.79408726206994 3.878468080369921
43.438658197185255 19.647674698301973 3.3053017211374724
42.179144718345135 15.836515987140462 5.459877976742055
44.328855666363474 17.582016344701195 3.27505821080039
48.35966026335194 24.9503178815768 2.4886900411995825
48.989152415861106 20.60967223089061 6.1692729230443675
29.720841738588767 14.86732707895535 8.585334401579978
29.570369585331406 17.116850074243004 8.621490487414427
29.59871444207564 15.973408917238933 9.406938173622342
28.46308782980626 15.730913406737837 10.12420340398606
27.06078819540643 14.306420180451537 8.941420436037168
26.963055128244523 16.40881770446542 7.279807725186396
30.628971071529225 16.07061153873294 10.359211302679022
30.843602130131462 13.255310716750106 10.720615643001567
31.53360315910091 20.19567024508849 7.121500599246962
27.607325160752428 24.307682373304118 6.832120698444672
28.971801639361445 24.57663719388793 6.761579696014714
30.038605701816184 18.299190176771393 6.760449609515609
27.00718919996171 24.87823551309176 7.525450304909233
24.76339730653729 14.269901473283277 8.566947081504686
31.908272645191907 25.27956700717735 7.237229101902864
32.74650925556278 20.743795794704074 6.701010165220229
27.806068739888467 14.439602268566821 6.518384066811112
24.74907135036981 13.426961627062326 6.499088474587608
32.10090685350176 17.221328648731173 6.696380164263802
30.32434159056127 13.710274892722747 6.660671533162716
32.57282870000748 14.608675391211676 9.218050483527389
29.862120658942533 25.140333249194516 8.65073635710234
32.95691100109779 21.71796984609521 7.593958855951306
34.00284077044569 16.233117475858165 6.919005678215873
33.22928875628865 13.489791641804022 8.026516793941989
35.48750925623049 24.431078900691958 7.479509766895864
33.14639785869543 13.690025876519243 9.094756163383748
33.85349819957667 19.846508456523626 6.815222390515806
34.61346280472444 14.5672210641119 10.5523576171958
34.85248221259162 15.053168619528634 8.981968629161052
34.5601592494428 14.164263119746307 9.54098052330332
35.37478439056657 13.478137684207761 9.309209588642926
35.29309068083639 18.158414710822512 7.284950125408872
36.45243580790519 17.00000516319032 9.085293138407586
37.71267387241162 16.698707874034316 8.587831037322264
37.69461885003465 15.393336820141327 8.203751822342085
37.96288407587923 17.5074602127518 7.485652892936793
38.640728539834036 16.978634618610307 9.588357462485579
38.54608606430813 20.40924285703427 8.915546680689152
36.45347132511865 20.299426983202615 8.177228052443926
37.6774276695782 20.874394875122633 7.957562763491843
34.860182743443374 22.157734114156973 8.34705532080308
37.541872542523556 22.23980740930457 8.073652752827385
39.33081153525717 13.751384588518198 8.013892234551934
39.84810595822242 18.84251269589364 9.713288688353769
34.52919671287875 24.019152562744882 9.474750791509805
38.168208871210126 20.522409067145226 6.695558675404198
38.77482604755836 24.544408990116835 8.640730409675873
35.33885855844061 24.913041406984675 8.802338997748242
36.60904465022975 24.907374884359918 9.303514927869145
40.62114270206052 19.200146737892116 7.429125240679859
48.92440656750218 15.778898401192562 8.810553211493362
47.83414473244629 16.157930810599545 6.891542053725334
48.25747275340302 16.981430393681954 10.558347950601021
41.00542642025726 15.935892561109274 7.4864044924165185
48.091636947271226 22.7396769217487 6.719101809043898
45.34790846347839 16.178666313404282 9.547660696725977
44.1240102527508 21.49095329494531 7.95912168973587
45.574213744111916 13.955523237714445 9.773510996488676
41.4508703358218 19.64756307546561 6.370249164696035
42.25803064230151 24.33506893513721 7.354755735668368
43.99170029328869 14.856951214320981 8.398407474850906
46.98599715595963 24.458790338720327 7.7490773790282255
48.99778452160078 15.903294406352593 10.126303973215634
48.34081697510699 14.8175919517786 10.692992295203442
46.85978072774091 23.124879135437286 7.259446131943852
42.14977250799073 20.81130540878254 6.681153874315099
43.090378185321555 18.991656628741367 10.420091654360345
41.06886396334591 24.02141593568476 7.996098212609722
43.002872857742865 18.03974096075559 9.436763932165837
46.194840529728395 18.082727459105588 10.66387349696435
43.45551750644 20.182232683196467 9.799124609394758
43.42525318718772 23.680622726699976 7.681457919352482
46.22326475718891 14.969242946259895 7.903346797492185
43.39395435022322 16.887075908765617 7.347490456836875
44.03893068922578 18.571004109729152 11.362072489198455
46.03158723807621 18.966163878637452 7.334640189275862
47.32840881079196 19.082310791676328 6.85088325278
45.59342422537282 17.653986544733176 7.088721764040059
46.36900146300129 22.281324806060496 8.305130548818376
45.272339994262396 14.989238433498132 8.912632340508393
45.180676116873606 19.898063216690794 6.731848981424001
41.82318893668742 19.095676822309763 10.984394562099112
46.09064909853938 19.156987643726307 8.680709112410149
45.00663104326158 25.357578675178882 7.045936470784433
45.84224785120086 23.117021299438075 6.279294783976152
25.789950923017127 26.230054239221516 -3.3500000255383986
25.789950975510724 29.070000252054 -3.350000356103985
27.019044337914753 28.359473624511736 -3.350000168423003
27.019044046666842 26.94052894395275 -3.350000033061077
25.789950039415313 30.48993514423474 -3.350000213138223
25.78994995788375 33.32006486739058 -3.3499999323709284
27.019040232664818 32.610803667625405 -3.349999932295018
27.0190402437235 31.199196295486228 -3.349999984297334
28.24095548240603 26.22953657878535 -3.3499998883281243
28.240955660558953 29.07052020397817 -3.3499999509571965
29.470049099893497 28.359993794351432 -3.349999911199366
29.470049239914413 26.940008667580933 -3.34999985766514
30.700000017967458 26.230085212206706 -3.3499998579325063
30.699999999365073 29.069969037931703 -3.35000036987302
31.92995091534654 28.359993780842316 -3.349999929543314
31.92995076908719 26.940008670838118 -3.349999873279239
28.24096023695358 30.489413005606107 -3.3499998843174628
28.240960243002714 33.32058697390536 -3.3499999178577378
29.47004964366594 32.611317051060475 -3.3499999260713853
29.470049639832137 31.198682926754408 -3.3499998985940516
30.699999984033667 30.48996686036033 -3.350000072602519
30.700000010119858 33.32003316409176 -3.3499998894168592
31.92995037391145 32.611317051268294 -3.3499998796029598
31.929950347578483 31.198682981227048 -3.350000126941958
25.789950923380886 34.73999972713491 -3.349999937103154
25.78995088322386 37.57994575997992 -3.3500001503147137
27.019044082905744 36.86947103255779 -3.3500002385365333
27.019044335540887 35.450526363997184 -3.3499999354916907
28.240955649524768 34.739479800876694 -3.3499999186165583
28.240955536752313 37.58046343109731 -3.350000011777329
29.470049235842673 36.86999135662109 -3.349999863043661
29.470049125835097 35.4500062085142 -3.3499998873855863
30.700000011160196 34.74003093835635 -3.3499998808069567
30.699999980291246 37.57991471480689 -3.3500003443046564
31.929950778799082 36.86999131125231 -3.3499999554305115
31.92995088938918 35.45000621200092 -3.34999988434583
24.560000021481095 35.4499749524516 -3.3499999561469043
24.560000020663775 36.87002265114461 -3.34999994732922
24.560000012873125 31.198651957470908 -3.350000159209743
24.560000018498922 32.61134810373691 -3.349999950168121
33.1590445152352 26.229536585063627 -3.3500000938784344
33.1590443404514 29.070520129325672 -3.3500000960485057
34.38095565607872 28.359473621730967 -3.3499998743233563
34.38095593463405 26.940528954339936 -3.3499999853033824
33.15903973500473 30.48941303373148 -3.3500006330612653
33.15903976305606 33.32058696800054 -3.3499999049202254
34.380959768553936 32.61080367925248 -3.3499998945126697
34.38095980814752 31.19919633394427 -3.350000054971888
35.610049061422174 26.230054202106434 -3.3500002149920824
35.61004906833763 29.07000026352478 -3.349999923675735
36.83999998239915 28.36002504532842 -3.349999925756344
36.840000022562265 26.939977348448178 -3.3500000288727563
38.069950908757725 26.230054260529347 -3.3499999359614785
38.06995089208309 29.070000262382127 -3.3499999364139397
39.29904429761865 28.359473640865076 -3.3500000280736586
39.29904399439297 26.940528912699897 -3.350000050664983
40.52095548530305 26.22953654986102 -3.3500000471984146
40.52095564549667 29.07052020698985 -3.3499999545594292
35.61005003188828 30.48993511350258 -3.3499999151021456
35.610050038048534 33.320064886624145 -3.3499999083913234
36.83999998656621 32.61134812540885 -3.349999921411748
36.8399999779655 31.19865188105259 -3.3499999265860736
38.06994993556618 30.48993511842996 -3.349999942731998
38.06994993920832 33.32006488522676 -3.3499999328050443
39.29904022700248 32.61080368958161 -3.3499999298025074
39.29904022500354 31.19919633016678 -3.349999938194607
40.520960245777445 30.48941302805015 -3.349999930709846
40.52096024573725 33.32058698673915 -3.349999937024526
33.1590443571717 34.739479806277274 -3.3499999945995174
33.15904456336412 37.580463407596476 -3.3499999986052718
34.380955958157195 36.86947105854666 -3.349999865644583
34.380955679020616 35.45052638069683 -3.3499999185059393
35.610049083728214 34.73999973415154 -3.3499999052795637
35.61004906986044 37.57994573091033 -3.3499999025007563
36.83999999015769 36.87002264045687 -3.3499998940033606
36.83999998441033 35.44997495118928 -3.3499999006105083
38.06995083716465 34.73999970862137 -3.3500001160950577
38.069950907622236 37.579945737957445 -3.3499999070221618
39.299044033162 36.869471083776475 -3.3499999568133565
39.29904435458761 35.450526424273214 -3.350000574017459
40.52095569341739 34.73947979023746 -3.3499999929747295
40.520955488703265 37.580463436694544 -3.34999989258458
41.750049112991434 28.3599938011843 -3.349999933487615
41.75004923141797 26.940008644400894 -3.349999964936523
41.75004959941671 32.61131704588761 -3.350000007569587
41.75004964171999 31.19868295471933 -3.349999916703549
42.97999999945852 26.23008517771497 -3.349999925520101
42.979999998092495 29.069969075642952 -3.3499999290888702
44.20995089086508 28.359993807223432 -3.349999935357876
44.209950769113966 26.940008640498583 -3.349999936695575
45.4390445307035 26.22953656129703 -3.3499999880989497
45.43904436930015 29.070520213024835 -3.3499999279719574
46.66095569531445 28.3594736296917 -3.3499999359433783
46.660955988680314 26.94052893709967 -3.349999903768018
47.8900490944256 26.230054254176963 -3.3499998988079858
47.89004910580061 29.070000275450436 -3.3499999159708493
42.980000004515794 30.489966850352474 -3.349999916157964
42.9799999549164 33.32003320249166 -3.3500008319737384
44.20995044630046 32.61131702619962 -3.350000117585049
44.209950374378444 31.198682954279327 -3.349999908102385
45.43903976438394 30.489413034652518 -3.3499999118654413
45.43903977120748 33.32058699386503 -3.3499998773629427
46.66095974703717 32.61080369708237 -3.349999994506639
46.66095976264704 31.19919632431411 -3.350000101017786
47.89005006897859 30.48993511306355 -3.349999966796422
47.89005001479293 33.320064956806746 -3.3500003158496225
41.75004923885009 36.86999134449979 -3.349999878990222
41.75004912186231 35.45000619626125 -3.349999872941342
42.97999999880439 34.74003098515997 -3.3500000017474187
42.98000001706578 37.579914802024064 -3.3499998816889853
44.209950783876636 36.869991351031 -3.349999863084844
44.20995090600429 35.4500062030312 -3.349999894797664
45.43904436639734 34.73947980876203 -3.3499998576294496
45.43904449476529 37.58046343405259 -3.350000010985913
46.660955970038316 36.86947103263984 -3.350000236580869
46.66095567783352 35.45052635894387 -3.349999952207019
47.89004908639925 34.73999974265655 -3.349999908971749
47.89004905488468 37.57994575397285 -3.3500002926783825
49.11999997575866 31.19865186330819 -3.3499999998545658
49.1199999957656 28.360025046710177 -3.349999895651269
49.11999999964731 26.939977354544375 -3.3499999135686878
49.11999999306676 35.44997492342499 -3.3499999782914855
26.50165063907898 31.482395444869073 -0.5591354286143013
26.441514277400437 36.81230742633014 -0.6957090238233443
31.06006286561336 36.026809722256914 -0.19276568856262277
27.014358128498127 26.091524391243155 3.8591729965867847
25.928201193252164 31.701852627445373 1.0580741037116803
26.59061732368865 26.65684796917902 -0.19662872251638985
29.100094735283303 33.36970652320935 0.7537384266173075
29.799129366327715 31.668962498555278 4.365998421985559
28.517604348681036 28.34891898147585 3.6617425715167085
30.160889188243857 27.29746848597897 0.4447919132300415
29.660459581415218 29.23276683473259 1.5456390838857947
27.62169343885571 28.939625577512388 3.7834362815030333
28.339344868849537 30.86394781195328 4.093916957329288
26.414723449754998 28.470266208112406 3.6714741268290174
27.541523530374388 30.24771963737722 4.031917371130579
27.946562606659757 29.582898311526414 0.00441328157275489
27.281385855148464 28.737949577670026 -0.09559435002944539
28.556012323072608 33.27189273681382 2.009106222844834
28.875304288302434 32.17523644302288 -0.010786782539478068
30.444998670083702 33.5520018830375 0.9804211813935748
30.11235428692636 34.11290010024355 3.3226574950507026
28.690965378027013 34.523807261244805 0.10039368370034607
26.249791025776794 30.58267070144249 4.18136795320633
25.567996019959484 29.52138338377911 3.8267589977115115
28.616360958659016 34.63980966939857 5.0295524621433945
28.391595527940922 36.00465067409488 4.7755083520502435
27.66633646217855 27.511873884503743 0.051084285442343225
31.09694172051919 31.302567976149543 4.158057292430949
25.963809087234473 27.060843921217284 3.403549988725577
28.63010501880354 27.23382287436028 0.16914276648309245
30.614721726474432 28.551410871046397 0.7419681631486019
31.38769458199441 31.294976081932848 0.7467807130495907
31.501599420417 31.821504746832648 2.9298932271759526
31.179099170205784 29.894213154205232 4.164467809907414
30.78764634227999 29.24945376952063 -0.47902460215326736
31.820391578954187 31.869443688956416 5.162943838487002
27.06284092333644 36.23508794049322 4.644097866546774
31.802820884747238 28.501714312476835 1.4087669637890876
29.030061610574208 36.16176938193164 3.508242477721436
25.99063574157391 28.765325460313747 -0.1607936686791711
27.909119071062594 26.08591950446387 3.236700956345816
25.52038987914856 27.47787643051717 -0.24243889659067874
31.687818508535372 36.63731879796752 0.45631175014254843
31.327323969122837 36.51679202443451 1.477887485984739
29.039544871314643 36.80400936839651 5.6582237824701656
27.283465570737278 26.460140417121472 4.849023192300846
27.954829419393633 37.220973569383226 1.3391411384940877
31.662755521184447 38.1441667010867 0.04967854397841087
32.72861488996968 34.84995195948308 3.1047267056199823
25.06125119355642 26.855992876398023 3.979332324658633
26.28483429753777 36.970287787162 1.8400065048892789
25.727085474246035 26.914610262718675 2.3496630647501338
26.95991728913502 37.66621718670258 1.3419651152063816
26.719737690583205 37.7283369346823 -0.17457403921961157
24.903219677784765 32.09470636444807 -0.20685624710707673
25.62924102661225 31.33284482781014 0.0769746884948197
32.47038097494813 34.005761362136774 -0.18248653851561603
25.091043298917448 29.892537048591453 -0.08966992638777982
25.909444947947073 31.57944599987405 4.420122118877613
31.094681625405762 26.035026347081484 5.999152870385665
26.651549685102967 25.5785841329327 -0.20248933381980083
27.522522842026973 38.23514563279247 -0.7100933610864435
34.339426446359646 25.558026531013777 -0.06984270758912392
39.970020116047934 27.059608683876423 6.129897129255131
34.3334824440418 29.884486041771236 5.925491324189641
33.65347279741087 28.779121584050625 5.552170476424213
33.019266279507704 36.013705765380955 0.3816915731866555
35.67703410740841 27.057399787601558 -0.7872437488602169
33.63618097589483 34.53753018015327 5.079875910624173
33.39711459331987 31.136269289382998 -0.3934468220763021
33.3377612373055 28.869760169278354 3.2212666817653957
32.951391638627655 27.146235150769826 0.018630116040554423
33.266007043968855 34.7111935609734 0.0065758086208456135
35.22526520728031 33.7396945880104 -0.2460986358940931
34.2185932146528 37.68302142123415 0.8099777674640063
37.196290181595984 37.359733711459356 4.027842424924842
33.0706309601121 26.44061334325453 3.342426072482889
33.13436417986311 26.08907177466287 -0.10517071280591095
33.94775679265825 34.66065888818974 3.7579936323733
33.73665667358278 30.43572946448993 1.6923473522631172
34.157536910875024 36.65467883231998 0.48565748231383377
36.15033484382588 36.0566107148524 0.398708427827007
34.300409757108184 30.578695346921997 0.4558472056603524
34.417780558503594 30.70367299747467 4.797204983617716
34.51090549420398 33.4766687450835 3.328584467609695
34.88100086480916 29.463013371279136 -0.06888055625173806
35.69936568850522 29.027230226672838 3.210609802183473
35.29685749693375 31.558463376503738 0.6330895742750686
35.68039369274757 31.50848885189514 3.1037405618741953
36.396079501620044 27.358379269016005 4.462841141174273
37.08198781171178 32.120510923526545 4.9973642075020255
36.832130842203085 28.353408072451302 3.6617426312709433
37.625218021536426 29.222210552355634 4.349865710458738
37.44445582474992 27.764980736195582 2.6179905098259537
38.259289305900325 30.891795454561038 2.1392819806031307
38.624853720916704 32.2365418073257 1.831013474607277
37.557011660310344 33.06896642509013 2.231675548590525
34.60603504804299 34.59762705878573 -0.029520969747134362
37.13396886664654 34.33832769105604 5.45759511775358
38.04225401854494 35.43279990850984 3.4000784939725346
34.8363832830582 35.74955917484824 3.5806603958089243
35.16699272400026 35.83607215081815 0.3316188084970739
39.93556745289051 35.58115509201413 1.488398356250824
35.54523422930013 36.42245733979331 5.619552729885074
38.85005014654424 32.32435321779808 0.4149177682606975
39.053785937818226 35.99968933261739 0.5513799266285735
39.05784423715581 28.874016484512854 1.5072194548503248
39.13453582746348 35.17380058148642 -0.5504352312390537
35.59045597020235 26.891928497868374 0.9642460917920825
37.84197454587227 35.881359899046544 1.1443754601845124
39.796311993078206 32.536728846784285 2.511832426520748
39.43254557238096 26.071034752307874 3.8228641784331527
40.06584862820594 34.730104615393635 4.927022881190454
35.61627501139376 26.335605177314765 0.027262772458624962
40.860306011527555 36.772918912287395 4.427484458933049
39.291976335683415 37.347971698903336 0.24587053277639215
39.93519445847022 27.55760249464408 -0.34462462516793413
37.80027099104554 26.029572008165907 0.08458300092312299
40.35976357632382 26.565482841164087 1.5553927322118355
40.564976496510184 26.503981709097044 0.24093395870682377
36.948631440100385 33.084305407155696 6.001175855870315
40.886669761501764 33.336842483472665 -0.1483251631258642
34.09522213457648 25.628065623258387 5.168342732379178
41.934686120970106 26.622621019886438 0.06557321939222538
49.0645765059851 35.70216727782212 -0.2597228111595562
41.06107060135629 35.62723954270081 5.117654321230781
48.3413858229569 34.28475073488151 4.039709490605806
44.60474233673961 26.279957690737504 4.592566893062359
45.752076369169416 31.579329944644865 3.7628876953186685
47.83258278969804 25.878462452511368 1.5695089873514156
42.79558671261008 36.04279047137789 2.4372107772990526
47.31824724154475 29.340143470111222 1.266458669984848
48.565512288470046 25.813817570406997 0.47148207664483244
41.16352259979064 29.55257306485815 1.9426590546963785
41.88235820380961 31.19623043586346 0.6518491630782264
42.260462816839095 34.986643269541595 4.6507816418077566
42.2619285149134 30.195909904484985 1.5648675012089297
45.34257329810567 37.604517380466135 -0.2036162658631968
47.60815028264864 26.776260028837925 4.739571153255472
44.912855186674655 29.309351298208377 5.643893097606628
46.29092891058583 37.84728455785058 3.9913272376829645
42.92569544170987 30.72300829740352 2.6935110623287715
42.75724066146091 33.881226366404185 1.5088120522403925
44.338767070461756 27.48544103301548 0.13817409880412357
47.05038406533047 36.18527359967199 -0.286507856546514
44.96642438173234 33.642116051212646 0.7559459757969522
45.02865902651923 35.61026419212625 3.5588431237480425
43.37078177391942 38.030379532299946 2.485599027687311
46.98819468602756 26.47078656167307 1.8897602638163125
48.37142358357274 25.998117222634253 4.736806854846751
48.42038577253236 25.527743855094496 5.7188718217019385
45.184099394323646 32.50189634662237 4.658738298265591
48.400644350674995 36.46326952190154 -0.26390218769815843
47.0254563182078 28.960509604017187 2.5905465202044886
41.227150150231516 31.51568364301495 5.46175508317987
48.42869315395888 36.62523251710077 3.565068850050971
48.58366140448423 28.955359353636016 0.874241133477287
44.004762510484085 27.304213042188188 2.529391910128007
47.09441017994502 30.674276085441175 1.0663356754476228
46.621229486726094 35.19425727404983 -0.297137530841487
46.40000980796428 37.385665220905416 -0.22183054225528354
42.05135275166565 37.37991496233806 -0.008339310618352691
45.86596062005425 32.53250788347156 5.873740388094718
48.646940452135055 26.46577830896446 -0.38567406404959037
45.34531635507069 37.74597558160609 3.479513417907337
43.54191885262551 36.76190618312483 2.7409556207053587
41.913308480771846 32.66512822720577 3.6262843246734278
48.569081571282624 37.759083045809824 -0.18239330052602587
43.84638688678859 32.16610700229372 4.886632947539482
48.44154596543781 35.28636898751161 3.0893247566821858
45.220048007188275 33.805729616801905 4.075197205705213
43.58699055329309 26.57434541950622 3.640610971094885
43.14798198792618 29.301302356420447 0.9350387434111762
48.17471920531464 32.845778918635055 -0.49992204324993295
44.72707167395721 36.5226246649361 3.24780705449937
42.73265801076252 27.4301089624743 4.411996430265495
46.94137167388061 32.8106972001003 2.1972185129798505
47.459314835323696 35.04234147787407 2.160436405955748
43.67399322832803 34.006158255784456 0.41883288682958875
46.44694735368513 28.606707613527497 0.44793658104960055
44.82715102640303 29.467873358531683 3.311197721714285
43.63841664922573 35.34922687205104 -0.013297788000193878
43.161956625849804 33.224407829603024 -0.6038716398484423
41.26538958031459 38.24135052867796 2.1208786205433428
31.403181473061633 26.814078705430976 7.706960591785315
32.01057399998588 36.36272671378248 7.520366711269414
29.10092736040437 26.432739306573193 7.727229709252164
29.70755237165061 25.53089084591431 7.644916587675533
31.083386296486744 25.9761621558268 7.087503651423976
30.580417659876456 38.08943677296586 6.742468161048495
33.09872506278729 34.581387768126376 8.274323043370543
33.12210605379932 35.961904322667 8.185248410311214
33.337132303184205 32.708115431296356 6.69597226239822
33.167980897200216 36.6182526879966 9.440011357810043
38.0181239750951 37.11494680941482 8.1313778892219
33.55589046196958 30.427884703398185 6.916556767560273
34.29705320385265 36.304879929259606 7.472006558731086
38.101369477202205 28.01143000521673 7.064513623408875
38.04750159150425 32.79446984394006 6.802037971067302
38.59170416654617 35.922269774094545 7.866972102834317
34.83169464420682 26.192073674480515 8.721065252340486
39.458187070879056 26.699912541070695 8.326476784752503
39.91425001925956 34.02539476238294 7.6205786853081605
38.942660744825176 26.91611392039914 7.08031471256167
37.30226015859789 37.477724257466285 6.9870457816643405
37.16290956991676 36.886745873023955 9.167176175418609
40.932384189172055 32.04715770797676 7.659272372761286
38.242037784917926 25.77749173290575 6.73678797711176
35.55296314469616 29.52707132080673 6.396000950515114
35.16962911890753 27.059819003281838 6.532982399347781
35.04657552762633 37.73550240930266 9.542316904268436
35.73505387652181 32.95537903437938 6.68500464554932
40.277678900471734 30.074496417724845 6.840550165197703
38.05058746345103 30.19681718947939 6.398698402291657
38.95593575652843 38.09752963749293 8.432987388885572
44.78639264395823 36.95805766322121 6.56054554206566
48.23214668537492 30.04368532253308 8.29400009458745
43.50694815466054 38.05756674458495 11.091835971687086
44.77797539580848 34.81696851477556 6.422731115085809
41.0415037305797 35.884945179545866 6.497606545558618
43.03440831025038 34.014923034572874 8.172484540467558
41.244814257477145 31.022458319255513 6.777795305578173
45.70508539359831 37.85240724316297 6.731504827482518
48.82730554846219 31.8812654758341 6.3808287182238335
41.10831091625292 37.62923063437241 8.188000920317016
42.652512378892226 34.99553347426808 9.107172463101193
42.55054428810094 25.68350637735944 7.477329303711748
46.76660483278623 38.04064901729923 10.012734979447313
46.5295056885277 34.59742948751462 10.403296007028413
45.65013925710275 32.561843583541815 9.933057720856855
47.88955331096983 32.203063522881365 6.809158915593292
45.388636986409566 35.70453193098834 6.498385618850237
41.97891854275718 27.835856222505733 6.6949921611055885
46.708159346692476 35.926356663283194 6.5511004736824106
48.14652098400607 37.98134078060144 6.966948675464224
44.379061785745535 31.931708214181448 8.153055240360437
42.87820098103745 36.20921572063921 8.560270905567226
45.05917154358063 36.46003181998743 10.649660408037677
46.51607764440186 28.139688401730528 6.943566526041815
41.30457887566774 34.86732426453625 9.307399050737935
44.277362917400474 27.91346382044925 7.303150884728669
46.72863477256873 33.36439164266729 9.769905835486204
45.2858309440544 28.79763740363539 6.926364119385477
46.902982456172396 37.28871386033665 6.71520071934101
43.38882031665548 34.89023205826624 10.257545097165275
45.39270038201748 29.810044836683446 7.835460821408265
42.41679895366917 30.479450363428548 7.211964829303572
47.539057521823075 35.23750904836547 6.512406986900512
43.79190401629924 37.12222160647571 6.624908335046347
49.05556934364839 35.915564714848024 10.412658174050142
46.887593365473805 33.629377703244806 8.417432133519206
47.90886660572708 32.794652502111866 10.238578077630335
25.789945954644136 38.99945566854744 -3.349999971463986
25.78995078405925 41.830008661023335 -3.349999910899386
27.0190445370408 41.11953655843579 -3.3499998960839505
27.019005340117868 39.7010817902472 -3.349999918608556
28.240994712212487 38.9989182295229 -3.349999965422957
28.2409559827309 41.83052894854044 -3.3499999152582314
29.470049104245906 41.120054252706176 -3.3499998886983153
29.470054057705674 39.700544349112214 -3.349999868419898
30.699999979815452 38.99948993167311 -3.350000447015905
30.700000004139703 41.8299773608825 -3.349999870789918
31.929950907068797 41.12005425029719 -3.349999863262465
31.929945950286154 39.700544390547115 -3.349999948041366
25.789950915700334 43.24999380606687 -3.3499999394953885
25.78995039725695 46.088682929982774 -3.3500000257765294
27.019039771071483 45.379413015639315 -3.349999876439731
27.01904437703309 43.96052021929679 -3.349999875340729
25.78995039211189 47.501317011143044 -3.350000068761495
25.78995078360416 50.3397480917127 -3.3499999355991203
27.019043474828734 49.629467985033465 -3.3499999343531295
27.019039767058644 48.21058575717218 -3.349999912256487
28.240955657672465 43.24947363562605 -3.3500000514267105
28.2409597129263 46.08919624358097 -3.3500002033648837
29.47005008112878 45.379935078647776 -3.3500000979426794
29.470049138391808 43.96000029469344 -3.350000094060699
30.699999995332764 43.250025061063916 -3.349999888362909
30.70000000649651 46.08865185546209 -3.349999896141591
31.929949925929034 45.37993510539546 -3.349999910378658
31.929950880813095 43.96000028605068 -3.3499999683315407
28.240959718748368 47.50080366889635 -3.350000235990497
28.2409564958695 50.340266918734514 -3.3499999377576595
29.470049291095535 49.62998829888864 -3.34999993682671
29.47005007450404 48.2100637503836 -3.3500000593024604
30.700000006017973 47.50134805840069 -3.3499999379454914
30.699999990729136 50.339716870989406 -3.349999939397698
31.929950712110056 49.62998829748823 -3.3499999261040747
31.92994993637635 48.21006371505128 -3.349999914593308
24.56000001085419 41.12008519396595 -3.3499999291196536
24.560000019828546 39.70051017130313 -3.3499999264673574
24.952357448377818 44.587627585856644 -0.8723323678549899
32.17526278322838 38.298961112017516 -0.8997818272572189
33.1590053631966 38.998918236963235 -3.3500000185751775
33.15904401716917 41.830528941110884 -3.349999918732406
34.380955480978116 41.119536577344306 -3.3500000009554554
34.380994659433355 39.70108176774259 -3.3500000100501506
35.61005403719036 38.999455644692276 -3.3500000845831677
35.61004921910943 41.83000865579243 -3.349999910930207
36.83999999349841 41.12008519115635 -3.349999913271142
36.84000000138781 39.700510181263866 -3.3499999465828556
38.069945937689745 38.99945565122111 -3.3499999145725843
38.06995073369964 41.83000867627482 -3.349999961672301
39.29904448262065 41.119536581324404 -3.350000662858811
39.29900532297704 39.701081731286116 -3.3500000471575153
40.520994681208165 38.99891820674717 -3.3499999126293387
40.52095601872552 41.830528978492026 -3.3500000606548994
33.159044298736625 43.24947362263217 -3.35000011121924
33.159040215060536 46.08919630314569 -3.34999993651801
34.380960222923974 45.379413014132595 -3.3499999341133946
34.38095565008613 43.960520230328285 -3.3500000571138555
33.15904020166068 47.500803617744985 -3.349999945763752
33.15904351770176 50.34026692660534 -3.3499999216401397
34.38095653429087 49.629467998661234 -3.349999915591675
34.380960235536236 48.210585785997466 -3.349999991410507
35.61004911094484 43.24999380381259 -3.349999911767977
35.610049611114434 46.08868298824271 -3.350000111633765
36.840000066941606 45.379966857787295 -3.350000295826323
36.84000001743436 43.959969041322786 -3.3499999990638485
38.06995088552707 43.24999381503873 -3.3499998824981994
38.06995037269526 46.088682937988 -3.350000103993164
39.29903977255538 45.37941301766957 -3.3499999909420977
39.299044350987636 43.960520200980376 -3.349999899608178
40.52095567636176 43.24947363700255 -3.349999908940098
40.52095976513616 46.08919631725389 -3.349999927266304
35.61004965500071 47.501317005326385 -3.3499999546079917
35.61004915754581 50.33974806184107 -3.350000107172643
36.84000000326167 49.63001955617082 -3.35000001911025
36.83999999510271 48.21003200954596 -3.3499999123381166
38.06995036398523 47.50131701084095 -3.3499999663013247
38.06995079879414 50.33974808140548 -3.350000010180927
39.299043465034686 49.629467999828414 -3.3499999277655346
39.29903976443404 48.210585763580596 -3.3499999209799345
40.52095978516092 47.500803620618925 -3.3499999254788424
40.520956491136516 50.3402669271104 -3.3499999227587707
36.00739194925198 45.13460055404712 -0.8558616806833708
36.5016040549526 50.95220189667367 -0.8789743535477645
49.11999997943641 39.700510148345565 -3.3499999267498035
45.43904020992803 46.08919632502652 -3.350000006789269
45.43904431198187 43.24947362781213 -3.3499999255798363
41.75004908977499 41.1200542500651 -3.3499999138188405
41.75005405977697 39.700544344534194 -3.3499999131155467
44.2099508998101 43.960000278716116 -3.349999947477209
42.98000000475769 38.999489813361095 -3.349999902606676
42.97999999708024 41.829977352431875 -3.3499999120239243
44.20995086365928 41.12005428638553 -3.3500000328115656
44.20994581280185 39.700544274584125 -3.350000230758191
45.43900534386519 38.998917988519146 -3.350000410913192
45.43904402658672 41.83052897469303 -3.350000001493585
46.660955526829575 41.11953657700206 -3.3500000782055626
46.660994785996515 39.7010817135312 -3.3500002636598336
47.890054053568036 38.999455654337375 -3.3500000480138192
47.890049222498746 41.83000862964838 -3.3499999248087664
47.89004910301512 43.249993793578945 -3.349999939123518
41.75005003968923 45.37993509623174 -3.350000060836824
41.75004909069875 43.96000027048137 -3.349999916614219
41.750049290260826 49.62998830247398 -3.3499999192493215
41.750050045671344 48.21006372791177 -3.349999972873934
42.98000000213993 50.33971688354278 -3.3499999146717663
44.20995071308601 49.629988314980075 -3.349999937776099
42.97999998210036 47.501348046423445 -3.350000182909959
47.890049209219505 50.33974809140546 -3.349999933590534
46.66096023412552 45.37941302143302 -3.349999952311485
47.89004963000779 46.08868294366336 -3.3499999366312148
45.439040208954694 47.500803627874625 -3.3499999368464515
46.660956525399804 49.62946800261761 -3.3499999362674604
45.4390435041023 50.34026692685841 -3.3499999639674294
42.980000029712826 46.08865187266987 -3.350000063650774
44.209949930577736 45.37993511780603 -3.349999943735348
47.89004963713204 47.501317011422756 -3.349999942126508
42.97999999705315 43.2500250554072 -3.349999922530454
46.66096022851486 48.21058577515746 -3.3499999353969443
44.209949972946454 48.2100637329334 -3.350000082342471
46.66095562698488 43.960520200284314 -3.349999930756804
49.11999999765654 43.95996906968572 -3.3499999516413146
49.119999963845274 41.120085167562294 -3.3499999887892207
45.375175666709175 40.08124774637739 -1.0628182345297288
25.33343521921334 47.08262709956203 -0.6816919014268052
30.662098401890507 38.55117962583388 -0.09566865652109402
28.9577831060773 43.67574822993733 -0.7204607231212623
29.23668771579331 42.00813923507897 -0.4027006643074471
29.459492385831865 44.38519501384829 1.603707621862488
25.269112928840283 45.94216017477211 5.143740971867058
27.948587582888564 42.972240134742734 0.5389617633096799
31.503368534870535 48.42665028973478 5.794931777485606
30.66949438429009 48.13024498873563 0.1923217662059984
28.283622022905103 43.604768598582794 3.9839272557524943
30.02501353550028 42.74597376273208 1.9131146397911591
29.919148696325124 43.510544117982256 1.1434882317106942
28.937297915367164 42.937713964906 0.08140321834047448
27.380002564188356 39.13904876154056 3.235570321716137
27.596672898299328 40.74722893579492 4.507674574182659
27.326521362676996 40.37378188384045 3.6089780474650626
27.890266494595238 44.73017069037822 4.64844622307286
26.76110334347948 41.111055001893284 2.600232794284306
27.383944893045555 45.72535850369107 3.8511656567208985
28.899220685138193 46.81965297801005 -0.557975004401593
29.00026999109617 47.62469821419605 1.5310378025414373
29.259881934871014 47.875414746495025 0.20771666127316624
28.49437546013838 47.89811232499984 3.7306264013623816
26.391559325998585 40.24337352401472 1.6063144983211664
28.539497392993724 49.05613891894189 -0.07839774687168233
26.858275756654226 38.97118100146416 2.025526439991543
30.523670047175656 38.9166265012317 4.412381681714832
30.9121846873193 40.00778797105854 3.5963104430191004
30.74095646455783 48.55543025319156 3.692371760246277
30.60118844425115 43.20383108016646 5.0781979334882195
31.471765387772454 49.21352069419109 4.656390502409379
31.226762257304262 43.880719499946075 0.6088507320586056
31.347517078686383 45.976284318604904 1.0982980931728048
31.74450925597187 45.10293440769351 0.6022566188967671
30.754428900534688 41.2202879285586 4.2822221246176575
30.162546404502788 40.11249340729379 2.4676947742020117
31.941871059386404 41.92310226666183 -0.07383850950865578
26.04373775243472 49.663720665357665 2.7795592360179566
25.9367339485728 48.51240620051213 3.6047894176975035
25.49173086527959 44.97601976231279 -0.008429691225616542
26.655157929978888 42.181497673743515 2.6968146535142177
25.65583397414058 49.41095264259354 1.4682043774681586
26.894222425126927 44.368988105860154 5.540118223991842
25.894489386187534 40.34756484203257 0.6531798571622438
25.581607587896467 46.78397945369651 1.036392276591206
26.577387603592488 44.916022400809624 -0.08491343567195164
32.15371786290257 49.72619778566558 1.2637786233602932
25.018442028002845 46.4649684109956 0.15936519194775678
27.38118259342697 50.12978855945844 2.779946794515644
28.92067315435909 45.253762965953435 5.37535264473846
25.45277652240415 44.38292173040522 0.9052536695607982
30.922373349608165 50.46033267213558 4.93149897373211
32.11369399406205 42.98894083161316 -0.04442707459369366
32.155530377587255 44.00074538190819 3.6021341692403475
25.272901179181748 50.6436664530488 3.2686259428959117
27.740059008229803 41.36313841669679 6.1295352826531175
28.378401898010765 48.37773577022555 6.022248378278353
27.86451825535362 38.39948062822841 3.855798925680708
32.2178427625971 39.76547098054516 3.263223463546485
32.107578392531195 38.83207989767702 0.7687112602370305
24.706783166056844 43.68712561065662 3.792206307111888
25.863024192096105 38.36399383962872 -0.39836474659925236
31.912748473501612 45.264090644352336 6.137668932808183
32.799760836563586 49.416016972495534 4.263782833445566
38.71184557218649 45.311848052355934 -0.5481526129479086
34.12956888076213 43.35609567863886 -0.705134582845911
32.915383507474004 45.07566761050016 0.002249541011105638
33.976858039727595 49.80871842540025 5.469846947672811
34.12404377385143 38.448050192975465 5.628098265765154
33.19726409564106 43.70586826607915 -0.2869636552197674
36.95443122826732 43.85853121514186 -0.04205775921815147
34.22359569906164 49.353867549111435 0.4660170062992186
33.54421991274377 45.862972127897805 -0.06715054679317989
35.832597779105555 47.93229462924911 1.2475788662845189
33.53712953788291 43.866275898273884 3.6410786258760264
33.764962245863934 43.44911374997087 4.950420855913983
35.988390072931885 45.16484384494056 0.8374807581038513
35.92100502762902 41.24608733392996 0.04794643821172784
33.88276292923992 42.76846394264078 2.8798311098858353
34.459930308655515 47.198052296172975 -0.2903344256770557
36.197422511601104 39.47694360858737 4.1016947710259055
37.911537454995745 39.03491171925847 2.5740724750816026
35.66919658408209 39.11963234556603 -0.2905401335994007
37.04252940760214 48.85716085706131 3.369736743088523
33.61700419473755 47.69375884363156 1.7563405486274841
34.24012697422154 45.06948367472526 3.3177807203149143
36.797329454785284 48.31884831965599 4.273338754596349
34.201306437991306 40.61097100283102 3.7185538516456287
37.62080739436906 46.69464452858182 -0.5582908261521313
33.84663646500275 40.48989614736166 -0.30552903420499433
35.0467145210411 40.198263381917386 0.28794803293040294
34.98181767962884 40.00436841008026 1.6262830822474361
36.6371243607861 44.900374125074464 0.0024360939384315827
38.23013399839394 44.00865985151981 2.14936314396304
37.962892008254265 39.60560304558092 0.2581353170581091
38.21774010240627 39.188550692711516 4.793894168301546
38.6130010867955 45.007175089418276 2.3002939635355735
38.40015763656451 46.01915494893236 1.3786690476628272
37.898000186647266 45.795532223427074 -0.007962543300785718
35.89759247153513 46.70219388931078 5.3768397311324385
38.089306231845754 42.55366523832816 4.355658951496975
38.768050167408774 47.166324879952626 1.905320922086804
35.92089864676821 47.2702018516831 4.184024029502158
35.2662081504735 47.01595290009134 3.4581880806730316
37.293548420036544 48.29813711825772 5.527344659218116
34.5391316823933 48.037098360701144 0.7681951486773975
38.808283221583316 48.11738507762073 1.3951583972655224
37.342227315372256 38.71897940963946 3.803145051238878
39.19929056225908 45.53849286067957 3.3769055384540083
39.47767840462848 46.892186462685 2.9577082215238235
39.46248483763686 41.034037845375444 -0.5600393600028186
37.78155312035459 42.56973147232862 5.70458095275412
39.57622567238229 45.08331765321405 4.2808609871659105
39.8540944864431 40.93839936588286 4.267100898662791
40.07620121667846 47.53544564310442 3.455792622245677
39.650359738103866 41.34318892195593 1.635560086160488
39.95515357068092 43.12657602592407 0.27288196452642577
35.337765276937304 45.78899686086915 5.514914708649513
40.123080753497405 41.77786335974493 0.4530739479011592
36.69088340385401 47.27225429815789 6.233792136301784
38.10120724156203 48.865239511926085 5.966072482561121
34.138484125317085 40.633611887263015 6.101813397827733
38.73849923745284 50.69581971196392 3.137325563261917
37.01440412490645 50.77269769194825 0.8353019315885102
36.530892881084334 41.975026043007695 5.970618592421143
38.21164290364898 50.951749818655806 -0.29506646388638647
41.50663636832796 38.9541280876457 -0.2670837764436462
46.26079794032831 49.233797863894 3.8641160357181406
47.948517690796145 41.68777342728805 3.025864443528933
45.059896041783524 45.71440331437104 5.507640597493825
43.70899623264926 40.19749309720765 5.73839354885421
43.35561950194019 48.02636585560315 -0.3926685780327188
47.40389909030767 38.363341772249406 -0.0854192736257664
40.94252173254992 48.725018550267805 3.9700082253354765
42.108421569124026 43.7202409366351 2.868440096466507
47.294839816215635 50.9190011121579 5.995756870746867
46.526523343967774 44.02787470412045 0.9093401695628467
42.29294417149058 38.409508925772734 0.25561117013185974
42.23295965002496 43.75507241139207 4.263945327216271
47.90403799346388 40.33401721919208 -0.5578431593995226
45.831664159468176 40.39954966455954 -0.12558712889549017
45.496441609466494 50.42959617817644 -0.007500695879740782
44.36200884470853 43.65756320246075 0.04856543491920884
42.18285769465481 49.16861253233993 4.503030212579341
42.27830003309477 39.66923473360421 1.9265791203438687
45.24442391674478 44.55501156422752 0.6081759329755287
42.170547521306396 43.816675054807966 0.5626011514781293
48.685007059426525 46.66719285210502 4.525376980790644
45.5470715163429 48.449108447461334 2.9013341430030226
42.26045184917424 50.08235340898229 0.700629575607038
44.485064172981616 38.6941715145553 3.0277580945661597
41.718956282397194 39.90932959091601 4.839794946117327
47.51699810903206 39.971531777887314 1.1218584856786251
46.684744257635 45.92051783741231 3.9501682537573357
45.52047851630671 50.37974498172777 4.362875745025844
41.51819653525949 41.4963580195838 0.3481996160344847
48.9707945512848 47.58700036264156 2.267024325108701
46.25623233470454 43.78944475489764 4.924230820956388
47.20007247217349 39.81301136471081 0.09106780881561694
42.36897967241556 45.02191447201045 4.717065581000014
42.16688298323318 46.012264736176725 -0.34057146209601763
41.917554496527494 49.7053051650363 5.719037960685657
48.67216505541393 43.52869141754131 1.6083067978304844
44.58303484354079 44.981647383173495 1.7044043406185871
43.277639089321646 38.70009221951068 -0.11049983512167572
48.2258454705226 39.539580869670786 3.496262000616659
48.570645452876015 41.13729515921645 5.050894921741161
42.652402020977725 47.082642715145504 1.6166778302301699
45.07968689861705 41.94925189745371 5.736854736410227
46.31831208691663 45.19098175466846 5.109697606858113
47.31939118608949 45.464065312728934 6.078960492022322
45.2317323155627 40.08670031148833 0.7289929230090086
41.111231662962965 47.96041719056729 0.1945394247547294
42.933426865931686 48.011419803895954 4.781132522215086
47.94818459236876 47.598699089119634 0.27233793315050603
46.51031493411008 40.601495183650435 4.473587388571579
45.37583283468807 45.68317677265088 -0.16290168100157154
42.81043809116464 50.167561147814844 3.7347492090612278
42.440276814604495 39.68827694371434 5.940278409216027
43.39350149038029 43.04379978419785 4.560572747575139
47.787097832470444 40.71635438805409 4.037926346973851
47.35797389036022 49.778678355406036 3.1951416003831845
41.141406600396245 43.14736734794253 4.755295142894015
45.87340431124311 41.48867869638733 -0.11310867869211094
46.76190511743138 48.5458429725539 4.910997403135698
45.54800420669034 48.0789881977463 0.3195772492518334
42.33555020333964 47.27116168443492 0.2576262631802706
44.661190698390136 39.75666870847379 2.9472648657490286
43.924474209384066 46.39960709022659 3.4311777380109163
42.237436393083236 38.590888353534424 1.7729586540770848
49.101919538313396 50.100119082493045 1.813867883920307
42.41967750305876 38.32412614228884 6.240156776475962
48.26455996084573 38.792395166166685 6.248368419862467
30.475147322475895 42.47963079996239 9.93392594408977
29.55898981905324 42.51703164143035 9.510420801359173
27.95612671911828 41.774639899693284 8.31144293708818
27.433872049891285 46.32202590940782 10.27578755495883
27.73090736255878 45.238562017380794 9.484468387166908
27.977098350212923 44.085496836663516 10.241817381829907
28.870275657906554 45.58590904706027 8.750093417461615
26.680101841271608 45.13307613757634 8.55488541157488
30.269070709810418 47.39598396663598 7.4310912735259596
25.969014331295593 42.79880859378507 7.546026868138712
27.447482341193293 48.58218065152181 8.073735750795201
30.603705092907088 44.48100601839603 10.655817112145309
30.98306328556646 43.46986735070164 10.646545848939049
30.980296222691656 49.234229018026426 8.855071284946185
31.372633290359346 41.448574975405606 9.938840326958086
31.134877669907386 40.45959433383607 9.575812014919924
28.59168805787253 41.192355075270406 7.188500776645191
25.59528199401593 47.21648677596131 8.908036139050981
28.779627934559436 39.846882638752426 7.506088028385767
29.852592744871252 41.83390043728585 6.944358051752891
32.48790182893941 41.84555290839414 10.575160666122198
32.188243652680235 43.148659558913096 11.008018886050795
32.057700538983205 45.71824746054958 8.375040488584451
32.57758519329238 44.97282513788049 7.320413347974641
27.81114006630623 50.45014851022696 9.858796811671594
31.29146943326113 50.512116458040715 9.266848394708498
32.084554329543074 50.43518903302552 10.394929567022965
32.46684300559205 43.65896275961908 7.583887370542924
27.227697265565098 48.5731548668377 6.695812462562374
26.401563007906372 47.50541960914808 6.474356596702071
31.953777572879588 45.841571829000586 12.029878105772458
32.660753651659554 39.35876947917662 7.105144128682106
24.654549268393332 49.4718891518667 9.200928255437157
26.588126770282653 49.72306463117343 6.294649805232698
33.0451379275817 46.06567360695545 10.661303177271968
33.37901726524997 41.33882237774549 10.91506866610641
33.89864440334312 39.41163507420289 6.6190776473970185
34.20814558159954 43.8347009500386 11.299421468746102
33.2019583102031 44.03405815631465 11.668127150355836
38.19967940022611 46.80073678211652 7.701502795682737
34.74107011558355 50.46436492655638 9.524026773576358
33.980186371981674 45.30903418555518 7.303435399098731
33.18783855176003 43.81139105673841 12.735047951311559
37.11519160696369 46.86988641655244 7.6166231486744485
33.12053070925485 49.104069719996595 7.7191592994163525
34.60727748060574 42.7509332157701 6.920745078602493
35.30784872062605 41.86865691764311 8.96021107239513
35.46030470428702 39.975298270306986 10.21967217516728
36.013139891757085 41.19705321960286 9.962388158476077
36.068498110017956 41.95847913821845 11.122493891978477
37.28127099787456 40.98200485420162 9.372074881026583
35.51804721218588 47.68249593766907 8.703296047522432
36.90374439675168 47.322564425940115 9.721769216744708
36.60755027080939 47.66239847230357 8.729357074203165
34.796748629618534 39.0927594756224 7.663106202037313
33.99106435358308 49.730499203026426 7.592048021954838
36.92436699566885 48.70117730550442 8.636267336507345
39.466881336491184 43.635964461977714 11.75148759509524
39.79899485314279 43.305689358989916 10.310710450727584
39.84394232698044 47.98809674013098 9.317218974440939
39.57067488019235 44.097958697067945 9.198467773901823
39.851244341288655 49.43661054247331 7.657858669997143
40.065089269425556 43.028621084060525 12.430738131530006
37.30554183466618 39.910542402281905 6.950932096034952
36.71455873102822 45.85628133085132 7.630695433741883
38.424633345038266 43.33955991799968 11.869654728351765
40.44334342571708 42.234282069447254 9.86727684083248
40.72862769810381 42.34027100659292 8.626819595170948
39.04289360029548 45.028404147833406 9.347189606904355
34.75080649481064 50.42009491764943 8.444978410893915
40.70069916586049 41.349210867982684 10.430141825840003
39.52555096474567 45.21083062398552 12.103020255971208
39.100075608681266 45.84254121721345 11.323268726454303
37.930829470125374 50.50818145016899 8.952903769184891
34.43077154346169 50.07271622503095 6.332614409291927
32.92330586783546 45.55983032138908 11.61910248800495
33.58016838078141 46.09244577306347 12.306817850425908
38.97952755491544 45.55459343597711 12.981533525657678
40.59001127839837 48.46337472773561 8.241092528234352
35.3477059898866 51.01848997500213 6.449583818916615
40.82935994972713 47.318173502621086 7.417270496841253
40.527233334959966 45.596631112095054 12.292467907296778
40.2443653540017 43.554652275230374 8.167596366856259
40.32708471398308 43.87049083228312 7.138128779551827
37.749719259655635 43.80054228659316 6.274909267201556
38.66313759344922 41.682142511897155 6.39029549618251
43.08083112749668 40.29876731489141 11.127236091634819
49.088958581212715 50.61926685392955 8.887748816790314
43.83389069250371 43.91614366880031 8.625289367434622
43.67331711457069 39.283265929754975 9.183396093178736
45.58747903476258 49.02277634426111 9.595484559617041
41.11215425086916 41.629085755824626 8.020830385445642
46.55823952031854 38.44053456641355 12.169409535914784
48.03418108017675 38.42596918110787 7.955778959988561
43.96189629772129 42.98636772276879 7.576582996555967
46.88543897923912 49.29183158117325 7.757710756156705
43.597291724046435 43.31947260913145 9.869005279849226
41.81761053003816 40.32014260553544 7.009920485147302
46.01849636018416 48.43642988924897 8.384718356324075
42.759543175725575 44.79722300695663 8.346102941042155
44.78509074762014 48.132261826545175 7.738843053953807
42.97271182736216 39.14280963910815 10.389846053225982
45.45361215823323 38.902541512031284 6.75097863570026
44.72350291621385 41.491745807619864 9.876052336784047
46.89945985561522 42.57613348431725 9.40756177300705
48.50431440363816 41.25319992104779 8.47808897100866
47.094944609251286 38.92276483153245 10.993598735816098
48.41670782831644 39.12320385002319 11.18688166638819
43.27285932207939 46.465077745915295 6.814834050148698
46.53323690874783 40.15863868774092 10.689651193142947
46.66592756129037 47.24742387795651 8.667564061476233
43.66946922719601 50.24572261899836 9.041805453012207
41.629303946142166 39.022970889654516 9.993338015213334
46.40537727407575 41.290277247315395 7.585028483528388
44.907263099294994 44.758054191729464 8.473406923639399
47.198851488291 45.11394594868268 8.423141905445815
47.72025403380798 43.06199910930433 7.408074765036856
47.38369722158855 42.018728608576836 8.228611950618292
41.865202521516736 48.89531339015116 8.600073936440406
  
  
