  
  
1.2299506700392453 0.7102494545019801 -3.349999952681336
1.2299459371926387 3.540544390762924 -3.3499999555235216
2.4590053442236206 2.8389194158421875 -3.349999945487383
2.459043647078783 1.420475233620998 -3.3499999396221822
3.6809567891637585 0.7097304931945008 -3.3499999395839444
3.6809946926926496 3.5410818199309997 -3.349999957411108
4.910054058157158 2.8394568122297197 -3.349999968835075
4.910049276416754 1.4199571571873746 -3.3500001127352395
6.140000012740972 0.710280679020545 -3.350000010546644
6.139999991759348 3.5405102220018185 -3.3500000203503144
1.2299509096801864 4.9600542644725785 -3.349999955556966
1.2299508999738782 7.8000002875339245 -3.3499999680783867
2.4590443187509394 7.089473646093068 -3.34999994652027
2.4590440319543383 5.670528952427054 -3.3499999437944417
3.680955476396243 4.959536565229063 -3.3500000016432727
3.6809556397603145 7.800520222288012 -3.3499999384494403
4.910049103666316 7.089993815864678 -3.349999931719292
4.910049232987734 5.670008653569768 -3.3499999602035424
6.139999997811701 4.9600851789212825 -3.349999934919249
6.139999992244452 7.7999690856171195 -3.349999939599421
7.369945965659676 2.839456800801349 -3.3499999975506234
7.369950735860133 1.4199571528853998 -3.3499999926826574
7.369950884322046 7.089993812034496 -3.3499999503915867
7.369950767472304 5.670008640408416 -3.3499999449952114
1.2299499313751785 9.219935148697926 -3.350000042060761
1.2299499790730797 12.050064789337114 -3.3500001100294927
2.459040210365775 11.340803663091618 -3.349999939848253
2.4590402217217653 9.929196372738838 -3.3500000267217667
3.6809602440349276 9.219413046318722 -3.3499999930754965
3.6809602770614043 12.050586900397827 -3.3500001911891175
4.91004962474978 11.341317057940609 -3.349999877943538
4.910049620464685 9.928682966898378 -3.3499999060113006
6.139999986920049 9.219966855278374 -3.3499999180031415
6.139999984071146 12.050033149204832 -3.3499998988858968
7.369950350896907 11.341317067718482 -3.349999916545028
7.369950355314288 9.928682957279774 -3.349999931857278
1.4038469088506432e-08 9.928651901380368 -3.3499999098934694
2.525771864926913e-08 11.341348107003322 -3.349999915868799
2.191600441349953e-09 7.090025068278878 -3.3499999418125803
8.599043211163059 0.7097304992842256 -3.349999911366135
8.599005311231773 3.541081823195577 -3.3499999264848723
9.82099466671329 2.838919422076612 -3.349999989045206
9.82095636011525 1.420475224500864 -3.3499999477324014
11.050049329432472 0.7102494433550913 -3.349999926497027
11.050054058082559 3.5405443896928026 -3.349999931035362
12.28000000041932 2.839490980810474 -3.349999928639429
12.280000001133862 1.4199261354996289 -3.349999935626544
13.50995066908909 0.7102494487025944 -3.349999964814523
13.509945941187908 3.5405444021314514 -3.3499999215060603
8.599044524321041 4.959536548254114 -3.349999936606717
8.599044364318024 7.800520212383594 -3.349999946532123
9.82095570351617 7.089473636911293 -3.3499999388043813
9.820955979101095 5.670528940987694 -3.3499999400654334
11.050049048709354 4.960054230062802 -3.3500001176557124
11.05004912383224 7.800000276567924 -3.3499999156436724
12.280000028521387 7.090025110242488 -3.3499999883896248
12.280000059577352 5.669977382391318 -3.350000731370409
13.509950948124159 4.960054263794554 -3.3499999708820507
13.509950883752328 7.800000251692059 -3.350000048971551
14.739005326332894 2.8389194194478162 -3.3499999268664062
14.739043626392004 1.420475231154937 -3.3499999299355867
15.96095677985427 0.7097305281831849 -3.3500000112568085
15.96099467690401 3.5410818414673164 -3.349999928935974
14.739044310605761 7.089473625971903 -3.349999954884436
14.739044018312807 5.670528968880794 -3.349999886482664
15.960955471022858 4.959536578696234 -3.349999912346704
15.960955638436797 7.80052020360049 -3.3499999256624657
8.599039759264372 9.2194130331961 -3.349999940731603
8.599039752878005 12.050586965195397 -3.349999912432693
9.820959779970272 11.340803684955352 -3.349999924354644
9.820959787283485 9.929196326677177 -3.3499999324753382
11.050050069199171 9.219935116022034 -3.3499999450908824
11.050050069115843 12.050064863503211 -3.3499999103269817
12.280000018265293 11.341348117703651 -3.3499998990523636
12.28000000516765 9.928651910575995 -3.3500000781157424
13.509949963204564 9.219935133276355 -3.3500001543165805
13.509949952559339 12.0500648576166 -3.349999885241014
14.739040214354787 11.340803669448464 -3.349999869230773
14.739040213410663 9.929196341871195 -3.34999996304067
15.960960239576803 9.21941302634245 -3.349999966722701
15.960960220757192 12.050586959738657 -3.3499998863007585
17.190054055875223 2.839456811468275 -3.349999931714045
17.190049276253497 1.4199571567324236 -3.349999929893479
18.419999998771818 0.7102807033031547 -3.3499999386746238
18.420000004907042 3.5405102212051958 -3.349999921634214
19.64994595161244 2.8394568131446514 -3.3499999199861543
19.649950727105704 1.419957163687226 -3.3499999240915246
20.879043231488186 0.7097305055134012 -3.3499999193348384
20.87900533089986 3.5410818352052327 -3.3499999124568705
17.190049100810025 7.089993820682938 -3.349999881055279
17.190049226688025 5.670008665810666 -3.3499999050248808
18.419999999031166 4.960085200947758 -3.349999913726982
18.419999990067314 7.799969075209454 -3.3499998934975803
19.64995088037956 7.089993814434239 -3.349999906175559
19.649950769520558 5.670008654655247 -3.3499999125894586
20.879044528859705 4.959536558912849 -3.349999912813151
20.879044353579342 7.800520204296055 -3.3499999161481497
22.10099462760666 2.838919366573441 -3.350000013772515
22.1009563922848 1.42047524484856 -3.349999901077163
23.3300493451999 0.7102494688145838 -3.3499999168440073
23.330054095591308 3.5405441527352104 -3.3500020147156184
22.10095568205754 7.089473633952245 -3.349999969916354
22.10095597292582 5.670528936679426 -3.349999948934077
23.330049094299632 4.960054443271623 -3.3500004391627467
23.330049100306724 7.800000263349019 -3.349999932958375
17.190049616529254 11.341317051152846 -3.349999905992144
17.19004962007832 9.928682934527009 -3.3499998886161197
18.41999996552236 9.219966826481018 -3.349999963608903
18.419999985257896 12.050033143074861 -3.3499999247677916
19.64995035618633 11.341317050951575 -3.349999946755494
19.649950357108295 9.928682972601386 -3.350000194159173
20.87903977377694 9.21941301143599 -3.349999987323539
20.879039752191105 12.05058694408483 -3.3499999478700104
22.10095977139869 11.340803666741966 -3.349999949953224
22.100959768781138 9.929196312978537 -3.3499999379155767
23.33005005787565 9.219935108392278 -3.34999993939632
23.330050062019456 12.050064858652869 -3.34999995647812
24.559999990364382 1.419926131852616 -3.3500000106797234
23.24112105855193 3.841723168018818 -1.0515063612681719
24.559999976252318 2.8394909284325243 -3.3500003988612193
6.476266597560802 2.9199612739469885 -0.6471566718360056
3.1169861596069706 12.013929966772979 0.38265250194477796
4.332354603704242 9.590345273244381 -0.36654493031153645
8.156510532170365 1.2070548409965174 0.4077938936474601
2.3779732348234295 7.867326153556933 -0.4057297918817171
1.0495766767184982 1.703030133081597 2.4135998204534195
1.6444614702814708 6.086268195684332 3.696186972488679
6.190633243842463 10.674220983126094 0.9480609248226024
7.851819843923395 5.332284615560692 4.400497849380845
4.288735168716625 4.574507762303156 -0.17340301053742513
2.802686392575934 10.994580518460475 0.21370766280852882
2.3281933630404845 8.857217587760502 -0.2114698812598692
3.300590382049028 9.81989794306476 -0.14480597861283195
7.379327667086139 9.94509840079776 0.7623923330017102
7.561558823715404 6.674200074921239 1.381742966108085
5.234879063769586 6.143557319144621 0.9883767068466498
4.157118227556105 5.2892062271207605 0.9863250730527151
2.9889484411655083 5.955496468277803 0.9274428273375257
4.219344135755662 4.386999634945905 2.0666478763211416
4.796684317405401 3.4484333500954483 4.26444061770897
7.278957445142614 4.397014498600621 5.235201100412476
6.312740491440215 1.8867869514864821 -0.37843742796452084
2.898693489370832 2.059269749502878 3.7337998186635044
1.5736987470302704 2.4299348707095945 3.475733396237949
8.038146260188695 9.90401644703036 1.9746360907532134
1.4366202309903378 10.693303685905722 0.5477281021684388
1.584401317796934 3.7971257546208994 3.1790192765956604
7.028520263084858 5.796558694273551 3.376429546618287
5.0906730206423285 1.3865229081847117 -0.08932083203567198
4.155688476913656 1.9248712173500444 -0.1381573042239237
7.182393813792361 8.639931026419074 0.2017827550408513
3.6391533715080486 5.350793698315674 4.67923304328817
6.28994654387718 1.5987295874419631 3.98176920338705
3.212615469340361 7.443687061026259 5.035921763627268
7.211868751775037 0.9853565178583108 0.12743383897274252
1.151150138575595 10.70230584125933 4.239876695524291
0.7619900779756816 2.2838757845082607 4.553091854204957
8.16830599186518 1.4767362770451449 5.126336396367398
7.130682708440965 0.7076621660349658 4.676965281467269
0.5610762780695621 9.081046038710905 5.739661351394729
0.4123893004575316 9.560554467902271 4.47762729058237
1.149581768873927 9.499620046057638 0.1326793400723525
0.9749085602775948 8.634747044500449 3.577035152039377
6.0624613910752 10.694548852967205 6.08289142562065
5.241561821038944 0.3061294702762115 0.7652432639112805
6.661831362727804 11.04648115682615 4.8958331167509
0.5290380323493635 11.84443215842873 1.025334827611516
0.17692091389289247 9.034906923547316 0.06655389122830369
6.067136949195233 9.318905966116487 6.143349191224353
6.483867281359398 0.21039503680445248 5.734616907616209
3.9611441071872147 0.4261687849319905 2.3340334193575876
3.466070057317753 6.222251933858375 5.692329010639712
2.30509847271873 0.17522785612282946 0.5501457530533238
1.1828392282594884 12.301055081628842 1.7683957290846886
6.959476367434423 12.498142893019272 -0.42146344572121186
4.703591857926054 11.040290978414877 6.084227391563946
8.336658371757888 6.368284984603473 5.269696802303393
9.918953148962704 3.936759065539753 6.185551389012252
8.542461493649645 4.336785557710121 0.4840389768095499
8.330513701335297 10.66128949071482 -0.007751609858416275
9.37120823356893 8.577175040897327 4.47057836857872
9.045753514442831 4.771029110669001 3.9356213616372604
12.639053487505297 9.276798084122246 -0.39132037017802435
11.720714157226716 0.6894649971523835 2.2728699387027183
15.68309672270262 8.329635340186508 5.985540318294815
11.709008812542008 1.3652393842755377 0.1961739897236403
8.715395136405125 10.803453374890445 3.8321947773309195
10.904869154540698 9.24753229797353 2.969743336249814
14.071375549698708 2.64010310090089 5.078054423094206
8.79769167415925 2.6866802353948476 1.9849257839092849
12.474911013078255 7.261070268133674 0.5148141864569211
14.450200164285496 3.383950813407947 2.593136135825227
9.362647183595369 3.354128974839056 0.8697832244928305
9.592761189545921 7.57976626978236 2.3835536496262977
10.652846041701267 3.8934613011500296 1.2810457132819897
11.212044655253594 7.240508069845121 3.8617658988378087
14.72578394524975 3.443337896781503 1.2935051337173897
10.341954944612075 10.670685810968378 6.191140904206703
14.680065328364197 5.100079665002851 5.844651989502783
10.280686833936725 8.13852366160396 3.47185852619027
14.434014315052552 7.912155748272403 -0.1884956857124176
13.363371014592639 8.355682005732845 0.4213000268444367
14.194244375516135 9.388940635525053 4.651634816011062
10.356223185858392 12.466821063685197 0.49606778494567405
10.586586188479354 10.081907432810667 0.6088491786141537
13.59976179247832 8.949387834535647 1.7082715589734276
13.590163009619005 5.799716868452341 5.307733789444702
12.598021049928668 5.636050078464122 1.9857305679522785
13.080246423831069 5.032013731908983 4.3067181922791775
13.968077063450819 6.980290648642414 4.593551482688861
9.63544928119771 2.4489503014128196 -0.12279997033917911
13.459140389936902 3.1936920425843223 0.748274714283037
12.586120485600507 11.045187400413463 6.121781364005675
15.666705862806104 2.55089909386431 0.8513519262948344
10.045707352515498 2.740282931288007 4.079215482746972
14.33514635195906 11.397678498145964 3.5604447241507775
15.059253328561072 4.753966093417797 0.9524630756835961
16.222088674880347 6.2167993133884005 0.9678182876680719
12.187560620601012 1.9014784374386788 4.121070279853841
12.092723412001613 0.5972946832146163 3.5692254671995673
15.6079283624105 11.37531711534915 3.2737120868939975
16.226222530253864 1.6978488554124205 4.039768695425462
13.549124920087266 0.021845616688402462 -0.0753307858944452
16.11276335732429 10.057103862469432 3.4142462720948075
15.907123877830422 11.777802147882301 2.022059173678603
16.21802163201955 12.105658749677966 4.150292765671443
10.440564589718354 6.810787327296037 6.010035065726434
20.449865888770965 1.133849179611279 6.184219795366626
23.13783194434376 7.129374761004209 0.9547233767117169
19.91410497865282 1.424497805493345 2.141540430261265
19.34117751603581 6.606075622639837 4.754786799639356
19.241579024349058 12.174961088168992 2.9618228871465857
20.358013284709827 6.804486266364606 0.7245288527553495
16.888090525060427 0.694596009965939 0.913596928504089
16.7291826233935 8.660962870517945 1.510668654473638
19.745669755848755 10.961228884791716 -0.029187214718062737
21.132452556098904 9.930523414214267 0.09027645085289304
24.420504610074417 1.4444256797543966 0.06493206590018952
17.537627794812913 3.591479938123325 4.777675701464549
24.150225810892863 6.818228158156587 4.821032470611786
22.97233099774518 2.7767766416234614 3.5575873203607067
23.23838665051221 1.039773165205783 0.3965553994154214
19.554930291855456 9.320560558423649 1.4383562723983734
18.115859684218115 6.042720781019087 4.44025479234999
23.82763000070799 12.16157545782676 1.261362960392991
18.20329610682337 1.1123343796611675 4.424903661728219
19.618337045507765 11.624693069262955 5.132613997078957
22.995916881634454 10.423504559912583 2.385654917903397
18.804562184301503 8.070065354191025 1.2366384223360483
18.491233759079446 4.980055389459646 0.403583614369617
19.4923241225061 2.770012355906149 1.849646342680784
20.04290371538902 9.923318904510138 0.12079560473415851
18.282139239746826 5.992457959810729 0.7161864255738182
17.487044777112228 7.912474183936667 1.3323160766186148
20.45348325489197 3.4080566102235657 1.048029106467332
16.975188030785574 0.5715516257181152 4.194616687581846
19.841620752740106 6.8951362170394495 3.559212902669956
22.640571479608024 8.3526349300026 1.3235449574191205
19.281102681266837 6.860576941234406 0.7838364273240483
19.277656576594513 7.792512124280862 5.47058032226949
20.265368706394987 12.012758486313642 3.9514115897360447
23.364366422185388 1.5030301675625735 5.380004310829368
17.137297965089104 6.628756413657908 1.0808815561505836
24.35527573478358 4.987982529121142 -0.38862436302131265
20.383066364326524 9.177796808927837 2.1325530439345277
20.218200924757575 5.741730994690328 5.387878057649052
23.923391112335228 4.002072335469324 -0.21670355860223256
22.36479166294169 6.575608633098633 -0.09886996252018942
23.563427074066237 4.189076105930506 0.7950056295393504
22.394644128532 1.713864505477406 0.38658436050379885
23.258211845122208 1.5403482813023412 4.009557488201038
19.596411304884317 9.396487239356217 -0.7225269456498573
22.202328326787647 0.7621704760871687 3.607473492298998
24.404412410282763 1.0638872029825017 3.5424212419639964
18.15688213181393 2.8170318003103563 1.3345780493316595
18.79472664097783 9.915615223334376 1.9444198605390606
19.513179153097575 3.577663450500597 3.0269394770929328
22.976256325718904 6.185600008523325 1.8725786410390088
21.597819599816788 4.636662223910831 3.3111203859372518
21.108204536003694 11.039030952461493 3.535950697854171
24.489403711433894 7.178239553914117 0.7503627643900046
2.306541512979633 8.21462478614956 9.016226392559082
2.7576537869702133 7.578385379328091 10.213741313757861
3.2094886568580967 7.96719115797571 8.077602792824987
2.1650684251612704 9.573979070424787 9.076048018788306
2.9308507873040988 5.236867146562117 8.754504663777956
1.0820045095312145 7.625277184227074 8.702898450909355
7.484254329982208 4.818705484966567 10.830339280978901
5.454998701580095 5.031922825347828 9.613771746749098
7.076920586215375 3.6687264156165877 8.942156539739903
6.832163190966704 4.822900556046796 9.57865985720857
7.329535707999218 5.869089856870079 8.74587137096627
6.778720061721475 7.198401887238827 6.9679677495728
7.298675019528186 2.291239943820125 7.386352095700582
5.283506613199351 1.7690295146415673 8.303426729989873
3.2439271578857425 2.978750156856103 8.425453161141874
4.214579928152743 2.2501305456360203 7.54486085403815
0.7674868929105496 4.423812794886935 9.470808979871412
3.815656228556242 2.7844512395531775 13.072174983143702
2.3054664112005656 1.7417560988729752 10.07501690295714
2.4461768470769636 5.728221051319441 6.511123421621584
4.395895349907825 2.8301963957979073 11.409699982555905
4.255833741574591 2.1838705403415197 12.276155773499545
2.4354080728206404 1.022706018232741 10.870304364264214
3.687942517547397 1.1326354173004827 6.871522179514705
3.3238363085647267 1.0627887688152298 11.849644077978203
1.382209796218797 11.707443199249155 6.974469195746034
0.7321456232255507 1.543830313739408 6.760535696260906
4.692580363981563 6.2234392338710895 6.250704502316831
3.4906905581908094 11.4980376073856 10.787982843801482
6.4880278246268315 1.5405923601254568 12.032693687113214
4.576336151946336 11.53820826997172 10.876639274364464
4.7866309940217215 11.371137236685792 11.933030939100966
7.11074371901697 8.99629600000102 8.807629126538945
4.913995564626903 10.686839463373216 10.285659345372373
5.73644416420386 1.7099420124140463 12.803759637920534
4.7315298880363255 3.2175459129424206 6.644470226418777
6.810515560875408 11.135384381630917 7.155611970636837
2.7925931607755574 9.96459557774179 6.886262501635249
3.8612996860924547 12.713003366582228 8.318206381453905
11.99004619223556 0.09590867305088457 9.155905280953666
8.284410285534948 0.27268010525311764 8.598001608938656
11.770247332440869 10.227723706871041 8.104353995234904
11.978392673800565 3.4446523018858297 6.876558749406035
15.762447548569735 3.5168747784122902 8.685766735359245
15.773013105011337 2.3410473039922186 7.917378515458359
15.01474833467114 9.576499153986772 7.7427429937935255
8.411783683294118 8.709605831250363 9.363462277889743
9.57253518674317 6.062229692636182 10.402200261563188
11.537629502840481 5.1716990359029875 11.738003464583613
13.565736796455356 4.979749535771106 10.788851975716105
12.033870945961167 6.577133645711205 10.171068989093431
13.099610980203229 6.836580874363592 12.204407236044343
12.580729675456583 5.833684732840507 11.272959523807632
15.818984740006252 8.440523788833628 7.368682285425799
14.346851665730691 5.295291191863204 8.502269245393002
15.445626528950466 7.288744910378415 8.14300815147364
9.164646325968224 9.786894377184181 9.67697110341341
10.684617885010379 4.787321733814429 8.241242675043306
14.580159864899999 11.729306142938015 7.846118075949952
10.690818309982117 3.7084434699575297 7.326493933682131
8.237286815880422 8.013856216009893 10.52033130138584
12.070879390445098 2.2269521850448393 8.86254372308022
9.043645390875989 11.394071176578995 7.961651429576234
11.929960817151409 1.3958495890963125 9.418880339482653
11.70494392819901 2.663521466373119 11.020736412839403
11.818110516553881 1.619566367340903 10.768246661439198
10.182133059485745 2.555254920457112 7.7886088216347815
9.151009941426882 8.054256429024232 8.382174896459183
14.554004587764316 2.063071986943035 7.4140291051375
11.743491008051132 8.955127986514277 6.322926833288804
11.575214889145938 10.27560767845153 6.705925955008695
11.801674656251409 0.3742086007569295 11.275863194822595
16.30415487662271 1.3360464843132047 8.573418968613112
12.596060283490194 6.105618996691255 6.269863771894547
24.32091167117066 5.903180040404556 6.764418656853556
18.06982895067464 6.839946604611454 9.817565778758436
23.839169715587527 4.925893787944028 6.7338201356970515
21.02498499685331 12.593149100640831 7.235603343746407
17.33138866712644 9.017619909471591 12.376387224215964
21.229623557036863 1.4971728001749525 8.214375897349791
22.933623616862825 0.26702246015344483 7.177216789996241
18.798878884729238 9.779503624237352 6.272724565247655
18.65519614864259 8.748280871831806 10.190413761632978
16.935956140589113 11.650403679773332 7.639304843320632
18.665166875038587 11.299402171800415 8.962247752143469
23.713136576377796 6.602349603809446 7.338762940280915
17.028371856605446 5.37215329140229 10.965085289734267
17.987297119798153 12.321202845254174 8.280293951321827
19.409731796814647 7.458923481188502 8.110941028277484
21.194151233660804 9.9343119376679 6.783855120674978
22.424093887331132 11.155555665643831 8.331422990333653
22.097506023793855 9.909330565637722 7.848873586971598
17.998797894062864 3.691011557041325 9.126332169187542
18.162060548560255 4.753390274572222 9.231673358784821
16.913172182287564 8.50855194379655 10.08806276989042
17.66733259189881 5.599120625579302 10.124481335438908
18.838856481661566 5.4865052476444545 8.267291658231938
17.154289728514087 8.809691443026772 7.642332250461599
19.453047783345106 0.11773588389416148 8.037397312499305
18.769585580713414 8.097595893827776 12.463009223305422
17.83826510310395 8.08865481610307 10.483017818740086
19.22834707405939 2.2358701564734087 7.571117717742231
17.31561963959752 7.154422697586839 12.511293578358213
16.682026810816023 2.586286154942492 6.834511651585168
19.227241742698705 5.373418197077883 7.341835982344412
17.75011414336306 8.056033069998549 12.079537555323787
21.572833795888712 9.102621273740436 8.894460800808776
23.253106034527217 9.324405735011709 7.317177995130927
20.12053409535564 1.222867032500227 7.488360979439824
18.771404247492132 6.753174961938031 8.621682613978516
6.076324434195025 2.4416664270829704 13.536672172349064
5.836912297871991 0.7806991730639073 13.364575026163838
1.229950938545144 13.469999562022734 -3.3500002737309265
1.2299503619084087 16.3086829296941 -3.3499999107668357
2.4590397610814363 15.59941301823505 -3.349999896840752
2.4590443341509367 14.180520430871539 -3.3499999064534003
3.680955687419518 13.469479591126829 -3.3500001410278646
3.680959776362017 16.30919629939974 -3.349999922856405
4.910050056421425 15.599935114732068 -3.3499999037596764
4.910049113672702 14.18000048115304 -3.349999895991073
6.139999987491003 13.470030704356821 -3.34999988791292
6.140000005584264 16.30865186687435 -3.3499999126561586
7.369949940990177 15.599935132444655 -3.349999918847857
7.369950874243076 14.180000485518194 -3.349999962777399
1.2299503508850886 17.721317045838042 -3.3499999294554184
1.229950876192651 20.56000619298971 -3.349999942249452
2.4590443511899442 19.849479794762825 -3.349999952909294
2.45903975389547 18.430586967312745 -3.3499999477016185
3.680959777708338 17.72080366148657 -3.349999946530632
3.6809556835025283 20.560526372213552 -3.3499999580812223
4.91004910082958 19.849999724170836 -3.349999957041031
4.910050062927928 18.430064872050327 -3.349999949041469
6.140000008620619 17.721348104903583 -3.3499999350240928
6.140000003866833 20.559974949204626 -3.3499999517582193
1.229950781021246 21.979991359046522 -3.349999949243853
1.2299459420099625 24.81054434193246 -3.3499999615140252
2.459005330719858 24.10891823278923 -3.349999902463481
2.4590445191861376 22.690463470723927 -3.3499999190430496
3.6809559742879108 21.97947107855251 -3.349999939073295
3.6809946653216428 24.811081792844206 -3.349999915518369
4.9100539133456085 24.10945561871504 -3.350000398269507
4.9100490857517105 22.68994575505455 -3.3499999358316837
6.139999999599718 21.980022660582787 -3.3499999368972597
6.140000109573293 24.810510281517985 -3.350000714855257
7.369950908520112 19.84999971975809 -3.3499999441123895
7.369949941904343 18.430064875284796 -3.3499999541626266
7.369945967973415 24.10945565532553 -3.3499999563847513
7.369950911519703 22.689945758355552 -3.349999925706819
1.6900310812777398e-08 24.109489856967443 -3.3499999059712318
6.442552426012054e-08 22.689914886108795 -3.3500001658185328
6.796542037356388e-09 14.179969302977534 -3.3499999522537127
5.675271168889485 24.442409302789947 -0.9499108387570199
1.5948893719973775e-09 15.599966846978642 -3.349999907693635
8.599044328179847 13.46947955408723 -3.349999943941242
8.599040217577725 16.30919630700843 -3.3499999329008476
9.820960236448265 15.599413040440115 -3.349999919217519
9.820955668967008 14.180520432018042 -3.349999934351582
11.050049114029775 13.469999504881438 -3.3499999188129213
11.050049638018182 16.308682936466788 -3.3499999282029727
12.280000006396916 15.599966823087335 -3.3499999941388836
12.280000020543103 14.179969289152966 -3.349999902298845
13.509950903045512 13.46999950996696 -3.3499998853195665
13.509950439856812 16.30868290202583 -3.350000157233789
14.739039751558108 15.59941304004517 -3.3499999773510423
14.73904432338368 14.180520444540855 -3.3499999658840816
15.960955658243027 13.469479556053814 -3.3499999970000935
15.960959699980572 16.309196335397928 -3.350000347006704
8.599040224606318 17.720803670559707 -3.3500000318501346
8.599044324789713 20.560526370931264 -3.349999939058743
9.820955638273738 19.849479795452883 -3.349999936541942
9.820960241883462 18.430586972992277 -3.349999938265799
11.05004964149366 17.72131704805078 -3.34999993190484
11.050049076981574 20.560006099580395 -3.350000290897225
12.280000008560744 19.850030909462795 -3.3499999523528756
12.280000007497687 18.43003316331466 -3.3499999583433224
13.509950381545316 17.721317064590306 -3.350000105209655
13.509950883452838 20.560006183637945 -3.349999936958732
8.599044020313947 21.979471064085747 -3.3499999642763365
8.599005323925871 24.811081788286582 -3.3499999021175997
9.820994676495667 24.108918217266613 -3.349999909083331
9.820955453158573 22.690463499788 -3.3500002127979855
11.050049209055139 21.97999144409022 -3.3500006375519065
11.050054046347167 24.810544342164075 -3.349999927046122
12.27999999181316 24.10948982550861 -3.3499999577556494
12.28000001086843 22.689914836866315 -3.349999999101879
13.509950756212586 21.97999134976924 -3.3499999411476757
13.509945933044913 24.81054434939181 -3.349999934839809
14.739044363756957 19.84947977935141 -3.3499999261446156
14.739039753938151 18.430587012807393 -3.3500002110947014
15.960959807144851 17.720803677496118 -3.3500000843121214
15.960955691614336 20.56052635019649 -3.3499999314827655
14.739005322790625 24.10891821791239 -3.3499999486062206
14.739044516941744 22.690463440188463 -3.349999950223025
15.960955981858726 21.97947104953826 -3.349999950122975
15.960994681433366 24.811081798081187 -3.3499999390291677
11.41960559225043 21.358881978194265 -0.8851320907077076
17.19005010125313 15.599935101576039 -3.350000370388236
17.19004909662823 14.180000475718867 -3.350000095231761
18.419999981742453 13.470030715825555 -3.349999947921215
18.420000002192815 16.308651881623614 -3.349999961196002
19.64994992010152 15.599935142106126 -3.349999941688334
19.64995086808181 14.180000505061395 -3.349999935422235
20.87904432254773 13.4694795645204 -3.3499999554446482
20.879040211386155 16.30919633644988 -3.349999940507835
22.100960235256625 15.599413056081742 -3.3499999477857765
22.100955665946636 14.180520442261965 -3.3499999576152852
23.33004911547862 13.469999507648327 -3.3499999551908335
23.33004964241514 16.30868295876765 -3.349999936698387
17.190049104573003 19.84999971469249 -3.3499999174048236
17.190050052265004 18.430064873279264 -3.349999916837496
18.419999996588928 17.721348117568517 -3.349999918576697
18.420000012761445 20.55997494020665 -3.3499999133870464
19.64995090953933 19.849999724154703 -3.3499999466565766
19.649949942645005 18.430064890903918 -3.349999902543883
20.87904021693283 17.72080369623365 -3.3499999097615984
20.879044335881133 20.56052635487044 -3.349999992261149
17.19005406510773 24.10945565747662 -3.3499999375819067
17.190049103946883 22.689945737589387 -3.3499999357798558
18.42000001386016 21.980022634091295 -3.3499999294067995
18.420000006976274 24.81051017158598 -3.349999937060575
19.649945951302843 24.10945564187754 -3.3499999131598814
19.64995092503829 22.689945743423145 -3.349999941866465
20.87904403892066 21.979471060972458 -3.3500000231900273
20.879005318545925 24.811081778236424 -3.349999950718896
22.100955629061968 19.84947980906978 -3.3499998929049815
22.100960231215314 18.430586995634627 -3.3499999167278958
23.330049640028243 17.721317072215946 -3.3499999157435334
23.330049094716376 20.560006192269608 -3.3499998904475383
22.100994677580967 24.108918209627106 -3.350000040886755
22.100955469419553 22.690463415810047 -3.350000029275315
23.33004921115984 21.97999133433378 -3.349999925548751
23.33005404896819 24.81054433959097 -3.349999934091067
24.559999988700362 24.109489824257345 -3.349999939436766
24.5599999834784 22.689914801949385 -3.349999935886795
1.0428785965064975 12.909692900684398 -0.8193791864837197
7.065050939011322 24.895671183926115 0.015845351286051246
6.850352937072995 17.865743461203724 -0.0181966210064044
0.1104569712083779 21.979368637124104 0.17989440533251133
6.238643314583224 23.433649172437523 0.33467971492175286
6.059406223034713 15.493276699892514 2.4264124109753347
1.3222023658913125 21.285000001252634 2.0137117331590417
3.171761262620702 23.28648950349035 1.1970923389514465
6.540888438784307 14.869970084181245 1.6874511543925252
2.335634739539171 18.367960198559608 1.5437990104812471
4.644015641993788 21.095506446423563 2.7763369565658036
5.132648253363067 25.12241583548999 1.1259419633757606
2.6632326371886004 21.710254802039792 4.000475648173883
2.874237123495873 24.2078756590232 0.7186292379326953
4.508889686195424 19.12146630744326 1.7748350357919984
0.6405384343553532 19.737728204895937 0.572260314650882
5.387376507204386 20.151873255031557 2.067101619898458
5.792215095330578 20.675629504879975 0.940427791415791
6.060613024594105 24.475716204295807 0.06915849397886364
2.8384209179672477 14.45568144040356 0.31656262858669404
6.357070520374653 19.764987883354085 2.928982355699704
3.677319569152078 16.59946307737203 0.3308532389584551
2.877968806325367 15.62857380527581 0.9979048605128937
3.5815692551206335 15.21642094201262 2.2039762702982912
7.015355590356614 13.456970479174032 0.07242639267912687
7.1574086074967 19.70202852283895 5.066677327772694
1.621281122082292 16.203323273775194 1.2231732908093806
0.23557841600180845 20.994277482031517 1.127719793672488
1.2489978335551633 19.64178274260087 4.258817934043223
1.6712718200230596 16.660519831960453 5.5601906654134945
1.1326659513967903 16.324993547364233 4.774426177381725
0.3432119627336287 24.713936161317026 4.372809857872149
1.480222803146155 23.86329835423786 4.341897309698713
0.7881366663059272 24.095354532320343 0.3405875645271017
6.106176981083294 13.824269429940175 1.044720200630117
0.07756470663862979 19.949758945162998 4.9170768360837975
3.7586358716107218 25.286552438664366 0.6716018870632223
1.6978555199598995 24.673014150371245 0.26902659059104717
5.1555549192665175 13.489440996798606 0.9790877699015155
4.240422680991781 22.03806228764322 5.979211917666138
2.878247722375816 17.25415761541588 5.472817275386438
3.354613747095536 17.306630850615477 4.50497329514906
5.151727798377676 24.542948994756774 2.0489555885965594
7.912066428017862 24.011363786743047 3.319934294258682
7.56386262927094 15.34566690903036 1.04345390867854
6.356540770637484 21.93765079545963 5.452683933091328
7.947518580743539 14.389607017826537 0.08934038222682683
7.859762765177444 17.736598521857154 0.37233299845062184
7.825335115552642 16.88779815076213 2.4694548065802446
8.15118021345698 18.721968022109234 0.7359575559554155
8.172571552016013 16.66682195195056 1.4601499080368896
8.08723379550922 25.438305060228092 5.41856137534487
0.2637380815318116 12.884784452102958 -0.05752642696659982
0.06419120807254332 13.846178583589953 0.41576245865223793
8.838481286433925 14.564550701315799 -0.49545031937168416
8.739541650363822 12.84753199403739 6.176624731244576
8.194409766608437 13.941128508048315 4.318174510582811
9.960312716281411 22.260994017341297 -0.7107873253669561
10.139794835394458 12.938844793963938 4.619634573708411
14.91901873614 17.82983030840189 -0.7904081670336538
12.843087888738962 16.637636440465787 -0.7814549237391144
11.911464166637717 22.802073788781932 5.891828606849426
11.62563620615108 23.961253114386366 -0.4312400291677143
12.282762858855074 22.960623975901452 0.8608586796872308
11.214635969723831 14.597777779550164 0.010141812384422133
9.25986656586891 16.596063290061622 1.489861282247088
10.559006545719429 21.109913665110486 0.5243823502663725
11.183301058012583 13.51438325954642 0.8554510636215351
8.438698040907099 17.534733953348894 -0.5288798745784906
14.666243660465645 19.141312832043187 5.9025806243925425
15.77132434796876 14.084720920996405 -0.08551310424208314
10.773079095195161 14.014832281765772 2.126167050915152
12.57793169594528 16.82653245056182 0.8492140520465397
12.285818255525715 13.663921372535384 3.896430913225494
13.891296634672665 14.790412479672606 0.4735247446684687
12.44408852220376 18.279973276117424 -0.08652543579591554
13.717483773046574 15.922124829150512 4.567095846020704
9.631845957211619 22.19018243736579 2.632122713409065
8.820677617468764 24.166776846523288 2.757197688677847
9.56912946870528 19.84848460731441 4.276589057698084
10.772159410801153 19.24297202331564 4.087737232097158
11.514430278266268 19.362701283387054 5.23422215465572
9.65085969311403 23.22236949754667 2.3149029935503105
10.83276875285826 21.916773528329674 -0.1554201322313764
10.054810151520599 25.077348532349443 1.2138527871095217
10.38793446660213 23.82523945120654 1.2940897862098144
11.367361124689214 23.2284448016657 0.33321138206013123
13.91718406257181 19.57289922606623 3.6809553413172678
10.606761314951799 17.907304402478527 3.989046950596886
11.514471718095017 19.859266336952146 3.0373072896141053
13.728487807609218 17.208711665331084 4.066702647506563
13.024627783738357 17.362702684732678 0.011906411356966684
14.602004344766572 17.37964997047602 0.15030408398673867
14.744980158638157 15.56710118382265 5.325979998679066
13.156522330221135 22.26198562283425 4.295872188258106
12.484505826272587 15.694499953272405 5.152676258636064
13.791728769963365 15.200431672054224 3.418684444623027
13.789139813283963 23.51390749630514 4.26592081342669
14.46483722744719 23.823851243512326 3.0566156897650867
15.391763116852209 16.17815991941799 0.0909860697167797
12.788698243961873 24.418231371968936 4.54958766655983
15.391818297277123 20.287686705632353 1.9039479918362834
9.20607339115804 13.724980660255627 5.175198564168716
14.93533531569855 18.02928268890575 0.9596048903567767
14.87971744393532 15.035414499890459 0.11380497330518047
15.62065644071405 13.097186563839456 -0.23442608281655675
9.766272607226576 14.89832529117796 5.746159454155611
14.62273169170456 23.45055038007932 5.308453616211379
15.829084105761734 24.20050484970629 1.089347491773457
9.216306305629548 25.42852582603717 2.238857069323691
12.49211327986709 13.034716687218912 1.0637663935308317
15.988671787445101 19.4118314405149 5.9658413789429385
16.269539370207475 21.664516840375192 0.27946077761963783
22.09306841426307 25.430654022738548 4.62413560035206
22.36414602204935 24.79809251648068 1.3509297264099773
16.49426048454102 19.462779637988056 4.639361782967248
19.63358007697204 16.282878978549327 0.04699098885720954
16.545253958553904 20.586833617684785 1.1276485953585402
18.663351152300084 19.413228552553505 3.8370151798527896
22.984250193384344 23.335032603004276 2.0319840684510293
20.378291394973186 22.853799912472773 5.228724476561771
22.45362060010761 19.381632329546143 4.298312912810879
20.697529719293115 16.659520946880527 1.9654577585724076
23.065656200084657 23.108443764326452 -0.456561793322644
22.776671938875065 20.75579362664034 4.2719541431056935
21.41169659120332 19.588261036231298 0.7312973177790194
22.08162404652365 23.172438974179613 0.007857558377043494
17.695864238815894 20.71686244881316 1.8167950790656917
23.217616419975762 15.647272398636407 5.27816539371959
21.56778658966221 18.620534642622005 1.1846642105949168
17.161957279931986 16.98724540373817 -0.5994192691124478
19.538412664435086 21.97952253723571 3.451502786575827
16.6380617152203 16.08411681666446 -0.32320885564414814
22.274176208299206 20.70067841934108 0.6941709333750823
22.97462251961907 22.8199460353359 5.361143958396701
18.168610320137734 24.718375196022095 0.2463961036483442
22.777971644826184 18.99940011183949 5.604169837818738
18.23579230132804 23.46720491317465 4.794705484452715
17.683947032783237 13.784535299637232 3.3422622337065064
18.434879353059266 17.009293552004525 1.7859347539417147
16.922868294215842 14.782471060465975 -0.34014603873828264
23.309421154006923 20.767727960615563 0.9944578984641272
22.691155803056894 14.309845599508256 1.8036072016839921
24.54133723813415 23.905397199566774 3.829994533532406
21.506448582736475 23.924354852431318 -0.5324161670653038
18.905334255467142 16.123215357907277 5.535226880158874
19.409756822354623 21.889504929659967 -0.35672786902674614
19.43528709893029 19.382340725706822 0.18250419375108518
18.788175279989414 21.258512375999967 5.411982081681689
17.837712268815544 15.405316166775771 5.1196780706694325
17.825948912514804 14.217593355726704 -0.5183553975141486
21.14859035963964 19.268149862232065 3.793692421483489
19.561474155711064 16.231667105173873 1.3926488168111073
23.242073703855482 18.674785591161577 3.4067224056958434
22.151009290936592 23.734071702885455 1.4535574133659301
21.741751042120825 15.309934563837764 3.3745204942194187
20.22294021490428 20.011860835660606 0.12413468050151977
23.916904376278517 13.583431902712698 1.5519327756393064
21.562845130769578 21.75304726260737 0.10561964842912275
18.908398240963763 17.47910862205789 5.298893808216095
20.1212820777341 15.564775422130177 5.1716402331108675
21.186557914135502 23.54901804623674 1.9265147976839436
16.900922278274162 19.43045922320471 0.3308499801442122
20.29026095686346 21.327839373715058 -0.081692830554565
19.4480713286172 14.892561728527857 1.6402115704481468
19.151929880704458 22.428225511253324 4.712497125381204
20.926538371363645 13.165209608071804 4.198325066867493
2.19528927962163 17.560663137347625 9.014300425874943
2.136236628468273 19.16464983544239 9.203423273610078
2.259087715042482 17.18473216054236 7.599195723019116
7.034274657486545 15.06390884111823 6.869271604560996
2.5046956983029998 19.581938464632767 8.266295686873574
3.0198747018349694 19.42577013496388 9.785746160533476
4.694644817646173 13.39982833826431 8.3326060339779
6.346141877689508 14.63551876501585 7.582962868394337
7.235924070455085 17.746720624063986 8.685908629429807
3.0608634311837504 17.13034151543924 9.517991493081531
5.393879183408175 13.514150183206546 9.310028394559222
3.2026023732512376 23.344104244440533 10.422841683742352
2.9570335655960722 24.233677434540613 9.842793840684543
3.6205070905863463 25.039129166202272 10.157675389316415
5.81679890740276 21.662959625604003 7.650451606985586
1.3015089539076892 17.102249640318796 9.437518804181883
1.4605780216440132 13.348843559334089 8.580731187261495
3.1119421894805788 23.91159262177161 8.320615997160179
4.140252950251629 18.159612833286182 7.053412505492382
2.1945257975535104 23.640304386093916 7.798265676516968
3.32212174209602 17.53332188932042 6.729651822630853
3.753941672249099 23.031076451549758 8.345674698693536
5.041791509095002 14.191366145000407 7.293701065784413
4.651931902076444 13.93552085659516 6.397792211461965
6.476614782338594 14.309194598457575 8.894856828037824
4.688059613052817 24.907990780550485 6.731585742515857
4.533622864976594 13.650249854106097 11.16524140610614
5.3526274785155135 24.06732220503878 6.597325181079623
1.2013312907344469 19.628492693320204 9.51790986380704
7.27222206023199 14.700071057458947 9.511804680910211
1.2967646307553917 16.697850078857837 6.815394143545039
0.3225236014079254 16.363238892583414 7.139877996427643
3.6562389020599477 24.94133177418194 7.493871129682702
2.4007110587451845 13.797064048978589 6.724283434537757
1.316886884628562 12.993134780020318 7.305869574155697
5.434812866242369 21.46075769713148 6.331599351642277
7.291571565219287 17.336493216395297 6.3586419876432565
7.959096240670197 17.954971783368368 7.470158607947376
7.856534573575446 19.303717218881218 7.19811888174414
6.153195924613598 12.957832041038243 11.176811212084646
0.1414435187150855 19.727046977066433 6.289529312539749
5.448618096209945 20.074344857883506 6.286425506987562
1.974099784177814 24.603732496247584 10.134342177500567
5.193509521591207 12.944887149958916 10.660154228901924
12.479755607867547 14.153324035764815 9.07520218231445
16.21227057624534 15.996987753429838 7.242071582377029
10.922742049684388 22.085718874059783 10.564863482282355
13.611535956077239 13.811781026392199 7.236082603662364
11.534243436571504 19.712673824663028 9.704591742440064
10.400751117960892 19.512763271803554 11.031244530565411
10.521036682983121 19.94026958375719 10.035820130326027
9.267542855371875 21.599771819198693 10.208823778431853
10.302824239491098 21.506007452877103 9.880950785361513
9.320293321360955 17.617785458520466 7.585405284127452
9.85156554276608 19.48384617098971 9.306720644043532
9.577850986300009 24.10225411218297 8.991556751925565
13.222460423770672 14.75984975499231 8.146871715876108
12.601749094805314 15.907352496165384 7.784653049497977
10.537511658996161 23.650826313551736 7.046534802789585
11.19467499460881 21.66675784928279 7.495276302047429
11.304217039333855 22.656693779911272 6.685689790814926
10.538420306772617 22.140263523090624 8.593241675605732
10.115840892112628 23.438639744346613 8.330812601674518
11.84920173583688 20.808387701076576 7.529851346393511
14.357674740159991 15.162806494416406 8.776646420239715
10.538965018099283 24.52509292290282 6.412456114043948
16.235993870815822 20.751442531469596 6.45770412651462
10.951338519482004 16.96444394497267 6.33989672691596
24.363310100479193 12.891897276047008 8.589370871823613
18.692332685445386 12.975411061167033 7.205445097604347
16.707878704958038 18.437345216523095 6.595628178525005
23.801091424035395 15.657554756362789 7.481846116349564
21.45463329199489 23.35979786137822 9.946085180195954
17.65035130850789 13.40680576476591 9.06917000630376
21.667724622496177 23.518906765561667 11.685365481615058
20.032592634151435 23.153374041057308 10.978338416477333
16.59852014345845 23.201809829500714 6.395505092324532
23.552686851745086 25.346445357695668 8.178912368944612
17.994565381322293 23.783502915920934 8.052123410951726
24.03033080196226 24.685835056337716 9.339641284497088
22.5001347897127 24.667996862567065 7.592106910269561
18.888514270794218 15.995935140570339 6.976082599639131
20.623642895854935 21.39187070914388 8.457337212573085
21.10856410300066 22.992139928035577 10.912089197003857
19.8550446087352 20.507772966123827 6.754028372806652
21.413230904946886 19.545050311401177 9.249271875468644
22.553607996761926 13.931808771507168 6.706068531773416
21.012060195777792 20.8784549968733 11.662668691729598
23.535982573962414 14.829705944947966 6.381194822409631
20.32198284008079 20.393671991913344 7.642313043278225
20.708072573920084 19.144104945991128 8.09318607228041
22.570041413874808 21.48998239957536 11.113740696863886
18.09059656855194 25.153350242488756 8.384405171685053
21.886764663330325 18.799695603763524 9.87105329966746
20.563683197949246 18.224750219870945 7.545154507762394
21.49803411629395 21.50806963614599 10.917340069268652
20.29441820206842 22.419431877317795 8.503479889808927
21.244178320865807 20.891748187089522 9.512411732080741
19.128353735821115 25.10814552514273 9.393944325010956
1.229950872924986 26.230054272809415 -3.350000121542732
1.2299508925760332 29.070000269462096 -3.3499998886268023
2.4590443047538884 28.35947361969211 -3.3499998996287883
2.45904402534894 26.940528971673206 -3.350000078465719
3.680955497490069 26.229536546727903 -3.3500000596689516
3.6809556289565823 29.0705201915585 -3.3499999251993784
4.910049105378776 28.359993791640132 -3.3499999169600434
4.910049225797804 26.940008633179094 -3.3499999079549045
6.139999993167148 26.230085204844247 -3.3499999144794423
6.139999980919227 29.069969055957625 -3.349999974993744
1.2299499230361883 30.489935128662655 -3.3499998911887308
1.2299499410162504 33.32006487530398 -3.3500000755003634
2.4590401747512853 32.610803617521505 -3.3500000870468396
2.4590402050221782 31.199196329601406 -3.3499999043878717
3.680960226463025 30.48941303063179 -3.349999922881979
3.6809602385050226 33.32058690512663 -3.3500006150544417
4.910049586627451 32.61131687955458 -3.3500006198309453
4.910049625365813 31.19868293013632 -3.34999993517463
6.139999981440091 30.48996684548799 -3.349999978329856
6.140000154876842 33.32003314789769 -3.3500004589808507
7.369950869251415 28.359993752569967 -3.3500000793613562
7.3699507609496 26.940008638014113 -3.349999930779528
7.369950383610729 32.611317051954856 -3.3499999382371293
7.369950359328168 31.198682988614188 -3.350000040046041
1.2299508887742396 34.73999971231172 -3.3499999413785773
1.2299508994484505 37.5799457484853 -3.3499999322255247
2.4590440231022246 36.869471054367295 -3.3499999419550397
2.4590443019234884 35.450526362208436 -3.3499999594170715
3.6809556583699243 34.739479863199364 -3.350000182277423
3.6809554859929823 37.58046344893533 -3.3499999365383184
4.91004924591005 36.869991355283055 -3.349999925776048
4.910049115819726 35.45000620453328 -3.3499999558615134
6.140000031148232 34.74003097125613 -3.3500000259767617
6.140000020700016 37.579914824688245 -3.34999990536493
7.369950782734158 36.86999137678109 -3.3499999115782577
7.369950896417689 35.45000620395375 -3.349999926460827
5.254982369803606e-09 26.939977363256943 -3.3499998941332687
8.59904451612046 26.22953655369322 -3.3499999194246777
8.599044440079489 29.07052014398399 -3.3500002934862563
9.820955689950384 28.359473628351598 -3.349999944484845
9.820955968974896 26.940528944844502 -3.349999917917039
11.050049083075148 26.23005425413511 -3.3499999162860226
11.050049091244201 29.070000275721846 -3.349999929486126
12.280000004774214 28.360025060223723 -3.349999922301421
12.279999998370155 26.93997736012597 -3.3499999251088974
13.50995091127483 26.230054265720707 -3.349999926273146
13.50995091041929 29.070000280644585 -3.3499999222301344
8.599039838786753 30.489413085880475 -3.3500002119073313
8.599039767535654 33.32058698326293 -3.3499999441185615
9.820959783516479 32.6108036749074 -3.3499999495566666
9.820959785122263 31.199196327552738 -3.349999916195523
11.05005005464392 30.489935122325935 -3.349999921534239
11.050050062456243 33.320064867078045 -3.3500000157145147
12.280000002592613 32.61134811773106 -3.3499999149571758
12.280000009168898 31.198651887995318 -3.3499999147694193
13.509949950853224 30.48993512327552 -3.349999922743445
13.509949895855202 33.32006488672247 -3.350000064492696
14.739044309841157 28.35947363066576 -3.350000003154686
14.739044028914757 26.9405289552173 -3.3499999189558336
15.9609554854 26.22953657259563 -3.3499999166074437
15.960955665141281 29.070520200521656 -3.350000053904348
14.739040228072236 32.61080362854096 -3.3500003268522693
14.73904020114845 31.19919630630803 -3.3500000552838527
15.960960247028252 30.48941300325664 -3.350000111708317
15.96096026821469 33.32058698415883 -3.3500000150709375
8.599044372485892 34.73947980556553 -3.349999909873312
8.599044533361232 37.58046346105441 -3.3499998722497493
9.820955971231632 36.86947107338113 -3.349999873473016
9.820955686450352 35.45052638863649 -3.3499999043874373
11.050049099271037 34.739999759478685 -3.3500000560721164
11.050049060834116 37.57994571891307 -3.3500000839306066
12.27999996692261 36.870022649158535 -3.3500001875253185
12.279999993505243 35.449974949970546 -3.3499999418717685
13.509950892814457 34.73999973770072 -3.349999926273033
13.509950920467018 37.579945785970594 -3.3500000303454214
14.739044014796919 36.86947106817644 -3.349999903905174
14.739044312011535 35.45052637088984 -3.3499999096866695
15.960955636993013 34.73947979345184 -3.3499999359113684
15.960955464096042 37.58046344655992 -3.349999903421439
17.190049104454374 28.359993809151323 -3.3499999003205314
17.190049221441107 26.940008660056243 -3.3499999191343988
18.419999972301706 26.230085167555707 -3.3500000600257795
18.419999979250864 29.069969069266236 -3.3499999221275556
19.649950878079803 28.35999381320071 -3.3499999653687706
19.649950790418558 26.94000864667921 -3.350000111700729
20.87904451929513 26.229536544363782 -3.349999944504285
20.87904436298212 29.07052020473032 -3.3499999507756684
17.190049628258386 32.61131706418984 -3.3499999381658996
17.190049641306164 31.198682938488837 -3.349999990351612
18.419999980419988 30.489966833182645 -3.3499999277663273
18.41999998958988 33.32003317667111 -3.349999916770324
19.649950362467493 32.61131707022162 -3.3499999355832855
19.649950358862863 31.19868294821584 -3.3499999477816056
20.879039771799405 30.489413028353503 -3.3499999473995623
20.87903976806743 33.32058698985908 -3.349999926859536
22.100955697685077 28.359473639010176 -3.3499999406455574
22.10095597913807 26.940528940716785 -3.349999944969939
23.330049094722334 26.2300542567625 -3.349999939258824
23.330049079206585 29.070000251522615 -3.350000014038824
22.100959788478328 32.61080368240596 -3.3499999278998405
22.100959792926247 31.199196330247702 -3.349999926622802
23.330049996472063 30.48993515157964 -3.3500001348212938
23.330050063755966 33.32006487298739 -3.349999963816571
17.1900492310152 36.869991345076706 -3.349999918207658
17.190049119449814 35.4500061892761 -3.3499999450765383
18.419999996357635 34.740030933273786 -3.349999914575963
18.42000000748783 37.579914798235414 -3.3499999086328893
19.649950771271175 36.869991350042795 -3.349999922111626
19.649950874025834 35.450006201492535 -3.3500000251653206
20.879044373440422 34.739479799256316 -3.349999971716046
20.879044517536794 37.58046343246514 -3.349999916854313
22.100955966443024 36.86947105140007 -3.349999941575903
22.100955678126976 35.450526370870996 -3.349999925640459
23.330049094922636 34.73999973513013 -3.3500000113782233
23.330049079155227 37.5799457331695 -3.349999919139721
24.559999994191486 36.87002263488308 -3.3499999236421396
24.55999999657262 35.44997494094004 -3.349999924534549
24.488664975474318 29.97277601030428 -0.9636373416871136
24.559999999077984 32.61134811969854 -3.3499999100731293
5.5240546359882154 25.995817902616327 5.254683914154061
0.1001869678135698 36.6677268898324 4.011075457249429
3.4741952944853076 27.605505814230153 5.677402728880189
0.7133907786926778 30.133593023977227 0.6940337322696222
2.132033620615494 32.2479442590236 0.14634211037932943
4.376683004277683 34.781647294738704 0.9676257525245979
1.6534309169494195 29.60794751898541 5.147482224061446
5.170186740041431 33.412733160289626 -0.6702354596319171
3.355737910548025 28.372117300750162 2.376988158334469
1.4043420413936303 34.72577944025751 5.248340636888305
4.179229936424168 33.6483296462574 0.22893615563089775
3.4497634454642263 36.11030005488418 2.4526235590583854
4.1489490323945555 32.56361611555825 1.0756951163346906
4.0818693795547425 31.69359217846533 3.653064487580806
3.0919203024678588 33.70749869921925 -0.5732132985792837
1.3913522430813656 33.97337542270767 4.056028784761695
2.3863928432019814 33.03750086128576 4.050075354320912
1.4451322587430084 34.866156555268994 2.960730802090834
4.846244150706096 29.835356872815822 1.9423801453608402
3.5275375117090295 29.503142522236203 1.6303804965643343
2.6731160845134587 30.538581289197353 2.19574412196423
3.4077123166624403 29.269648659533104 0.245820285061511
1.1261076428170012 32.19409206101954 0.07345268745601041
0.34950242528175424 31.081637760910883 0.32634304288038707
5.698766427231404 33.22539152210843 3.9554248669429515
4.4177118262341875 36.87375639730979 4.435545992696142
3.703506903220053 27.089231685015733 -0.40961417646214415
1.234528700575776 26.59942809682186 -0.6017763606477178
0.41242254205640605 28.20235966307787 3.774472468648603
6.9762727465502525 32.76194414440058 3.6266513424292635
6.8898807060291976 31.787418630848112 0.09938582491286652
7.185004093403552 31.49323401950627 4.2369905860400605
7.13710819474044 32.64055224504959 2.2224284467925957
1.8959641584430094 25.922300594971716 -0.24949595905776056
3.2232505635127837 26.181221394913017 -0.07604085432841967
3.482059484815615 30.818911744504007 5.981643324221953
4.283682991672547 37.688036107232236 5.539672159174512
7.787980543184119 29.74656438163955 -0.5970119968930576
0.3615600022448572 33.18805458964889 -0.1538635723619719
7.985822788450938 36.300158420123324 -0.4066727694778416
3.902580861608944 38.02201512897314 1.0246947594212596
6.576419110003131 36.803251514355075 1.7434631909514542
0.5702749530236565 25.928802311067678 3.64039111423459
0.8149723584747783 34.16748308089751 -0.1930690025249071
0.1528517510434643 33.25244552322541 3.951283240831882
7.53995515020259 35.24820861453017 1.875299823303045
7.559487281163565 36.333757864014466 1.7788564551175312
7.820434719641918 27.14220143714447 3.9900450871688142
7.970408649851881 33.67673764241887 4.043203639979249
7.889075521817378 36.780777828114346 2.7167502355870043
4.816709377345161 25.933433454743486 5.972925423505762
5.427771843678763 26.14353987494696 1.3674119701247989
7.799344444138534 27.528343411384963 6.210153591774391
8.394047273892243 36.673999643352836 0.5323136574839615
8.396288928244573 26.730741508219403 5.193219332617936
10.342603076362147 25.72616047584213 0.39983909285524866
8.607660608247317 38.158580888882874 0.425054682660585
9.078668284552192 37.529675641320864 4.926913783110249
8.356575772170984 29.217151748391146 1.5994066792177497
13.737498552373054 25.64600824905274 0.7155814496625301
8.335653758168707 27.607174628742822 -0.15769235272694804
16.02782572403941 31.448591922618967 -0.3871345417635452
9.391721855427802 36.25199574789534 0.6533844715514014
13.057370033029654 37.057754630660135 0.4621870142683526
8.755603490883619 26.32236717080029 2.333199885061016
8.563957158119285 28.90179772763466 0.24297897992064388
13.487726884448696 26.89867134036264 1.2201434242512288
10.330003464315668 37.3804823816548 5.5040933207109
9.87841857472309 29.283538125735788 0.05413685569741533
8.365347134667743 29.423947247591503 3.691483682483798
10.39949903962181 33.51679257394584 1.7590200471650441
11.303618087222429 31.112731569108917 4.297889843218412
10.746647152626668 29.08512844991455 3.42544755339277
10.992318815072245 34.23962698480422 -0.29830557343935915
9.085390896916334 32.92208401287331 0.027711919429546095
10.362420295765926 33.202775709207565 0.4349550106278899
10.30859445763459 34.221918336907116 4.162119739324482
14.01859182760506 33.76617067960002 4.221793065662148
14.371177416021808 35.31417992687324 2.6542813930086773
13.654865976365636 36.03939052702337 4.7481967399422285
13.547185616951042 35.05429685782955 3.797096860797428
12.963885875272513 34.687421131354455 0.8785573225389742
12.284504600762476 34.88555729940766 3.322236741699066
10.970334385238093 31.975850638336162 0.23011349972661743
12.45712157582525 29.127634366122845 5.034133597832615
11.838965885894796 29.88353490118551 3.9506291947426355
12.85901346798395 30.19948347668293 3.009846110678631
11.88904359419304 29.79174889572261 0.7100930351369406
13.790055980793426 31.138030146741556 0.20425344295784242
10.658924482308766 36.00032329597773 5.631683755896077
12.885635479275775 26.718916333589775 5.080807804120463
14.30780549880779 27.92798816211707 0.8633829061777221
13.453303874019893 26.70774974567573 2.625592874511089
14.607527725513789 33.19683331633844 -0.46806848918976685
14.904631355118683 31.988621158680147 0.11341905196039948
15.292130361590115 32.389741622037754 1.4342563178334844
15.821986072351669 32.152328326711896 3.7392183964952155
12.19108359339454 27.35907087077179 0.8076094573009329
11.169804133616696 38.13912444236042 4.690675921488495
15.837795834706945 37.880405091256144 5.985489615900843
15.153713195904567 27.871732262482304 4.531736046848172
16.275230725625704 29.209048973113482 0.8090061368081958
9.740712331229181 26.956213986352108 4.946879343811716
16.337415815398767 29.771944512465325 4.717312632094936
16.34172206238831 28.379559831081938 4.820346621613689
15.908654707623196 34.753448126247136 0.7097022143967935
21.721365672334308 36.53681307290108 5.862001061619675
23.285632386717065 32.293675359525366 -0.4385310888569416
24.218351819715664 27.546741173914334 1.938365376089184
23.12474668441776 32.84822538295607 5.736596777615172
24.168709023788335 32.8423592346949 6.013197974833818
18.343437231718774 34.03285953334557 1.5941501023990046
21.862128456731583 26.78131380665911 4.564560506512371
17.781510385109648 32.877159517428964 5.8487461082591095
24.53447143174771 36.980148872883646 2.823638328228162
21.217478511760724 33.28635677425206 4.705902527843553
20.17652882766846 36.45798672199773 4.272113424463825
18.87892390501357 26.239398933252637 1.755777810325827
18.906773476090287 37.63700888445236 1.9070068157496922
23.219710249536472 34.38167919619925 -0.1975878617133242
22.978006330590873 31.355162123196205 1.4602176929110389
18.02801732252153 35.055429105536064 1.3868779346688553
17.619166468192784 35.471165303437935 2.3078037694828666
16.959305374870276 34.03140528191114 -0.351555158554524
19.40777653626682 37.13129942138913 1.094816029860164
16.92209120367195 26.55174641191321 0.7741560073199238
18.998949306182922 26.87244549941086 -0.3521424531642847
22.540501764303606 32.033930140541514 2.0668178356252698
16.715023850719188 35.82361674056564 -0.320285801292961
18.60340215693737 37.66164411115918 5.597182888782049
22.916362653914298 34.44463494545329 4.195973771644979
22.008185024242902 36.70047228003422 -0.39014811261504967
21.020154279437804 36.422416747960554 -0.05417137470600686
24.14593615023118 30.341873228438665 -0.008281807899754856
18.263009524940248 31.703726693060535 3.307094888651129
22.236375926483515 36.880222836801444 3.7125210423134303
20.023120375648386 31.89522443012372 5.890985803662879
19.210391538722202 35.85429277531939 0.9379512414509494
19.042339041637423 30.87583253949964 2.4283251185947066
21.96428374923618 27.146837131147024 3.1946922268693334
19.901529701084005 30.172586841715276 3.1922210698955746
24.380002559621985 36.000562715547815 0.8587832585343513
23.828724579204785 34.16807872289462 1.9991677330158197
20.94279803544747 32.43934054271462 5.734363142185371
16.854316764219277 34.128416055731954 4.18623370812183
24.057991602628547 29.52470717086791 1.1114455416795876
21.30644000436737 37.10135802390279 4.688885034617641
22.65771501930229 27.614502031597024 5.3517407699921975
20.43260013644604 37.535285276604455 0.3990120190963031
18.125794047664545 35.191360361846044 5.910446009804077
17.338687539169417 27.98877993962984 3.9024532478783325
22.572517074813568 33.58763569107373 4.7560831321932175
20.436220883926865 33.72631162305906 4.240954950133435
18.101271151587767 30.020641946498984 1.826864851372294
17.210912997770603 34.096615796511706 5.573866315991209
23.455864309151323 31.440047486819207 0.20079711131604228
19.66218261187558 27.65833089118244 3.0300119773532366
20.540526499843445 27.0173374173054 4.913965032457176
16.891235400470272 34.92431128273617 0.2698829740344688
20.08725288644073 35.450085900106174 -0.029598078499069036
19.792161817736492 31.647261108081462 1.4504929679542755
18.239862211487996 26.092742805457007 0.5404002273777442
23.35087059887207 30.00965850813183 3.012010820648865
23.54520412747822 30.332780625222505 1.9999700224961559
24.203067870235937 34.6576000905213 0.787857574200721
19.946521408402006 34.42604283667266 -0.34253649950432896
16.71716016762334 28.068864643910732 6.131483288216822
4.470656386220125 33.334473377455964 7.160711370170688
5.123232562095778 32.263175391885916 7.57171280807277
6.409333247660032 33.994523258130016 7.8839787619073345
6.388775809066779 32.7092829831879 8.010355934005144
4.911401806410783 31.204220623760822 7.583651402385475
1.5170022382949955 37.00379430498269 9.861768268799128
7.525604320277812 31.80831837497059 8.367759356126353
7.318399234481405 31.19864459577572 9.774592802017448
0.24554050623242105 29.42024128695164 9.136358279663305
0.1540991014850892 31.555298260137498 10.031413051707267
7.800011652139633 31.092637458761278 7.592774553751802
2.285485051163607 37.22525324703997 12.213468284707552
3.8669508831050687 37.64855312800571 11.910687846035115
2.7774521255955564 36.42889635393523 10.324625001488577
3.1886620139692026 36.8071594092274 11.768981032909883
3.510096332930165 35.92321782514128 12.319823347816639
3.587626342484664 36.621750961965624 9.621400399798594
2.5109567607847465 35.374976598978314 10.24504251140177
1.3751106651730147 27.712543159158496 10.604967935899298
2.4416410784180687 29.181443595414382 7.1571049289225375
5.220134810932065 34.416050830535376 7.498110476709665
6.914401163027805 30.186278314290327 9.774858115620452
6.27628843470846 37.27618247805918 9.83841114065821
4.34545955621562 36.891341269137314 6.655688247844402
3.552787053055879 33.55714582876136 6.63694341900464
7.318227815738401 34.56213234988583 8.018628615804783
5.1223972941459985 35.323194117657295 7.0649379539707455
0.21876712302290002 36.57677747768341 10.154037589375877
0.10267644342156905 27.197606452166724 10.861590871420109
0.11761819804441397 26.528698865140914 12.054612018452582
1.4086615190597764 37.66111136905724 8.771273868185558
1.9241597952933556 26.290903652812 7.404841470983717
2.941417285172677 26.05580017938549 7.128592387565977
2.2645020067980353 37.91900008002989 8.165113433724596
6.703927852351546 37.04343324651273 7.559703505924393
7.186734491420345 37.3936256633832 8.845483826468316
0.2347052372029009 37.822145546006176 8.342092682443502
1.413727531861936 31.195202592845554 6.7428884088225205
6.719570979018625 31.70200746052249 10.533625440933355
8.175183823515832 36.48297861353443 9.199323692252143
2.232169798474471 30.24517974517327 6.271913158606187
3.7067713116561283 26.726200774750236 6.259752317859807
0.025662741662777936 33.1478195457815 8.404960258349082
8.231218878560952 31.03030609123316 10.346014227306368
8.369892281755625 32.48225057384292 8.512994441758474
13.434696173150492 27.386743168160823 9.295731299746988
12.452790474612032 27.170662798613193 8.417044901889938
12.574558124261404 33.535458269827515 7.2725646715614625
12.982477835252935 37.21557841184268 10.027806786792873
13.96162465047177 38.16016403792298 10.385606933125182
13.103838366433955 36.783063545610624 8.696365641744416
10.291246595511362 36.513793005853714 8.502428849186174
11.184720553077476 33.33973133625634 7.619250424725065
13.878794213390535 35.3549904677158 6.846336229594204
10.885572238646526 32.0178398042825 8.086234768369012
13.731471403488666 31.59550158427692 8.882907614643873
12.407551691396513 30.889793029891763 6.950923327438718
14.905811662171484 31.347165561651202 8.270966552269803
10.804113417575232 34.30702926754787 8.527279193516
15.259797688582829 30.01058566293393 8.3315165685973
14.675539925639253 31.687325910406337 7.00331147855373
11.651251838883175 28.289259370609695 8.341553809478462
13.087701746732762 36.031202163928526 10.722686684606826
11.723516014589805 37.65039925021874 10.24794780462424
15.19636954645757 35.08792122046011 11.069325149908556
15.451916297208845 37.38199295075617 8.083450176826785
10.245250422980797 37.91599711219767 6.73046191263348
11.789596153899401 25.99324055604501 8.781648530490354
15.832647414366203 27.493614646258717 8.885457185420579
10.551771665167411 33.46831830907823 6.407383726333759
16.080520012169938 34.13710844825758 6.264661181727737
15.953393884203622 32.13813204007873 8.729313480342737
13.08242878199479 27.049240022380424 7.2311093809762115
16.08078065298756 35.30759498424109 10.633824940775384
16.229977479674485 37.428097022512695 10.298519895754314
21.374675236778746 30.39896454485956 7.00463193469492
16.927835899415165 25.531214362206814 8.951852478887565
20.976190850128226 34.075877784395395 8.19925233339452
19.272114141501362 33.8665427642339 9.588684705804232
23.133466252621254 30.311539800789316 6.964578702108621
23.93317940493928 37.51045680495213 11.243995771640703
18.646600755813548 36.57995207588271 9.097493603567402
23.434824904961314 31.630019312740398 9.173379867397294
18.454818723830304 25.897060789659186 7.3108561489072805
19.784825724462507 33.4584506548944 10.459711492685052
22.28898115419656 30.960552162790723 7.196371441267232
20.567539808775464 26.527952072702753 7.173652828836152
16.726916532575498 36.47387087046971 10.204158735774802
23.22303497397149 26.65741531893992 8.344615663947538
19.49227686388964 29.208591914659184 9.831379078068473
22.504463619366046 31.292150020281184 8.716901806934715
16.91600518364301 33.27475121625909 10.734422286487877
20.772068788227514 35.32308394615853 9.47827202506878
22.158370407859536 30.513253344123992 9.396342353932175
21.73087517034066 32.04925365987505 8.845178814718484
23.768474029196316 36.71596303808052 9.295329038909873
24.313325577229694 37.77410550471083 10.000045973969003
17.924439473944435 36.03797020693456 9.690063208540899
18.973473661543412 29.38616172698174 8.615540407133244
17.667684219117685 28.914440965577683 8.657407455720335
19.75115774928753 35.31551397596358 8.008182642804258
22.539870187185443 37.956485011805334 7.771790161884624
19.03012436884556 30.76481964699049 8.242923350090033
18.79222333006375 33.03887523929531 9.066409608304136
20.265165682492068 34.697031353449404 8.743964601169077
18.056502170545325 34.690653451416004 9.858110468745696
16.932309921113873 34.2879989435186 10.360974567600842
17.15945272888192 30.508607295368197 6.755590083838835
19.62544285252958 28.578397741000924 7.703066426873686
22.104151426522044 32.12953901124573 6.33116178579484
1.2299459637761898 38.99945561701291 -3.3500000909602825
1.2299507603962716 41.830008722402106 -3.350000135415818
2.4590445677161283 41.119536572030626 -3.350000040524661
2.459005347381337 39.701081775029586 -3.3499999853394877
3.680994683493086 38.99891822347325 -3.349999918879867
3.6809559872010054 41.83052894109215 -3.34999991654767
4.910049107670139 41.12005425571982 -3.3499999038931705
4.910054075261415 39.70054434907652 -3.3499999245207146
6.140000002260525 38.99948983318096 -3.3500000009182553
6.1400000176454075 41.829977342083964 -3.3499999007415115
7.369950913588399 41.12005424787934 -3.3499999132809
7.369945963587422 39.70054436230969 -3.3500000731221524
1.2299508821048213 43.249993797014916 -3.349999929733165
1.2299503751841823 46.08868293490198 -3.3499999570135133
2.4590397809807345 45.37941302066639 -3.349999936419432
2.459044370809861 43.960520199396875 -3.3499999380718704
3.6809556923660893 43.249473629337864 -3.3499999719160134
3.6809597981611817 46.089196316055286 -3.3499999256530666
4.9100500704482775 45.3799351173856 -3.349999906228028
4.910049106816412 43.96000029235489 -3.3499999781333423
6.140000020852477 43.25002505373319 -3.349999977759585
6.140000005261384 46.088651879797645 -3.349999901451034
1.2299503747344465 47.50131701038391 -3.349999960462849
1.2299507937480425 50.339748091093654 -3.3499999538962233
2.459043487456379 49.62946799998102 -3.3499999410014225
2.459039786690097 48.21058577460476 -3.349999940086421
3.6809598053439316 47.50080363056434 -3.3499999247101133
3.6809565088059126 50.34026692334959 -3.3499999141487926
4.910049295001166 49.629988308875085 -3.349999914164137
4.91005006193465 48.21006372384201 -3.3499999604374264
6.14000000986227 47.50134806978858 -3.349999940524633
6.140000004657064 50.33971688170787 -3.349999887705837
7.369949938524346 45.37993512326579 -3.3499998968215383
7.3699508681154 43.96000028400482 -3.349999973830382
7.3699507039158725 49.629988300616844 -3.3499999054633567
7.369949939766855 48.210063727776706 -3.349999896051148
1.1882283483360976 40.7130613309111 -0.9104807587626373
2.434319412714103e-10 48.21003201958414 -3.34999996634866
8.599005345602292 38.998918211862026 -3.3499999137023515
8.599044023474589 41.83052890018535 -3.349999927363428
9.820955473608082 41.1195365427942 -3.3499998700375713
9.820994656460119 39.70108178280832 -3.349999864967599
11.050054020972045 38.999455687541634 -3.350000253769344
11.050049226726706 41.830008637314364 -3.3499998893960226
12.279999999585561 41.12008517472837 -3.349999875759444
12.280000018411902 39.700510179918375 -3.3499999479708906
13.509945935238036 38.9994556551334 -3.349999879424338
13.509950764919509 41.83000863429785 -3.3499998896464778
14.739044510484508 41.11953654700156 -3.349999882590813
14.73900530492522 39.70108178352306 -3.349999901481251
15.960994652749614 38.99891821819219 -3.3499999003036396
15.960955968208017 41.83052894015679 -3.34999989413057
8.59904425687213 43.249473561562 -3.350000552972653
8.599040213554844 46.089196320788645 -3.349999900470918
9.820960196654838 45.37941305478699 -3.3500001014896688
9.820955692864114 43.960520213093396 -3.350000356030056
11.050049128206062 43.24999378293931 -3.349999976391386
11.050049638152176 46.088682967897405 -3.3500000240001473
12.280000010440554 45.379966829684335 -3.3499999455399276
12.280000002826316 43.95996906239373 -3.349999918880905
13.509950869387307 43.24999379669894 -3.349999954309842
13.509950365063998 46.0886829340729 -3.3499999179613926
8.599040202705256 47.500803630004526 -3.3499999143493078
8.599043496270642 50.34026693456642 -3.3500000071344327
9.820956539897358 49.6294679953448 -3.3500000006080075
9.820960225349824 48.21058577936821 -3.3500000089772133
11.050049638419324 47.5013170128229 -3.349999948516249
11.050049215364014 50.33974808364631 -3.3499999298712266
12.27999999771355 49.63001959510469 -3.34999992428332
12.27999999196371 48.21003202312851 -3.3499999282455892
13.509950357563472 47.501316999457515 -3.3499999688249957
13.50995076924822 50.33974808961551 -3.3500000155104703
14.739039755413952 45.37941301729229 -3.349999948578061
14.73904436448516 43.96052021153462 -3.350000009598123
15.960955690368532 43.24947362773142 -3.3499999239457248
15.960959776630189 46.089196315863134 -3.34999994332137
14.739043443242162 49.629467975740255 -3.350000219547933
14.739039786718681 48.210585759588604 -3.3500000403739536
15.960959781980153 47.500803635917116 -3.349999925026985
15.96095653518394 50.3402669148179 -3.3500004828859984
17.19004907516783 41.120054258851205 -3.34999991232247
17.190054043183565 39.70054435187122 -3.34999991171983
18.41999999835614 38.99948982527838 -3.3499999235224234
18.419999938184066 41.8299773109417 -3.3500003011900468
19.649950925681388 41.120054231949794 -3.3500000254111706
19.64994594344272 39.70054434366552 -3.3499999239113363
20.879005323953756 38.99891819965398 -3.349999917186831
20.879044023861237 41.8305289555925 -3.3499999269208756
22.10095547663163 41.119536564133334 -3.3499999297869554
22.100994670067784 39.701081780840205 -3.349999929403704
23.330054052454347 38.99945564827137 -3.349999928090579
23.330049236905083 41.83000866214672 -3.349999922448599
17.190050058110927 45.379935107198726 -3.34999992378324
17.19004907795164 43.9600002829731 -3.349999997859625
18.420000005313135 43.250025099387216 -3.3500002212813396
18.420000005052508 46.08865186901699 -3.3499999242280576
19.64994994931721 45.37993510457705 -3.349999905668609
19.649950913368347 43.9600002809334 -3.349999916245104
20.879044309516587 43.24947364415345 -3.3499999061170316
20.879040222516444 46.08919630604814 -3.3499999118909396
17.19004930258348 49.62998829199084 -3.349999957845753
17.190050053657945 48.21006373586429 -3.349999923880327
18.42000000119277 47.501348078027554 -3.3499999273807357
18.41999999462717 50.33971687226424 -3.3499999504648734
19.649950709975272 49.629988303459974 -3.349999944708839
19.64994993907924 48.210063727459435 -3.349999935292497
20.879040212117072 47.500803620828535 -3.3499999236756404
20.87904351075956 50.340266925361895 -3.349999928833772
22.10096023218549 45.37941301899576 -3.349999943491687
22.100955635072594 43.96052020449053 -3.349999938785262
23.330049105100944 43.249993809589945 -3.3499999222779797
23.330049625989027 46.088682925904756 -3.3499999243771796
22.10095653298074 49.629468006719605 -3.3499999305953763
22.100960228040336 48.21058577139298 -3.3499999350590093
23.33004963003673 47.5013170011548 -3.3499999392841904
23.33004922372681 50.33974811167377 -3.349999913522862
24.55999997740884 45.37996687028196 -3.3500000695341314
24.559999927281687 43.9599690280837 -3.35000037174043
24.559999998597597 48.2100320228386 -3.3499999479542444
24.55999999781132 49.63001961690408 -3.3499999269569436
0.0806682022860096 39.50679740906157 -0.7464268153576104
3.1144470220786307 49.72548622530844 -0.044589432369841475
6.748356058103827 38.77104439464635 -0.5439375584852912
7.669720502219536 41.296016449389505 -0.36447799621833754
3.9215719080137434 43.64513356770173 -0.3870335038569661
5.556806788165153 48.68947647903024 -0.5444288186282187
5.453530354686785 43.031662989716224 -0.5636920716509042
4.700852415634643 42.35558265543779 0.6912416254731768
5.925776842079891 48.4481862204429 5.505100577163692
3.9638284255911955 46.65325510156744 -0.09818765858352285
4.572358982220384 49.83245488694947 2.1502263530088883
4.370421418585904 44.69269291940345 1.925915027169821
1.561740800631815 39.25061726150117 -0.0644606944095949
5.692073681489776 45.824033598660264 0.8639855952733833
2.07631809978547 49.434783521927166 5.440933685233068
4.244351218772946 50.716483179149364 1.6034129602923342
2.932964927155579 50.37215563760306 0.8138876615050494
3.6427416528875463 46.77238296505181 5.34447167439104
6.623919329058607 47.327270145241705 5.238630303261386
1.8235527874606465 45.636161359692856 2.374154618194643
1.9026593404116399 46.05325921838699 1.0834506653285092
0.5442254674896916 46.00960143583882 2.8296348936686035
1.6118022758797752 48.1497179027658 5.4719461811472625
3.5275209631902658 49.3200865489397 5.486746176717796
2.0491876649605922 44.30690433259701 2.553183756100043
2.8078468295847596 46.347554964722235 3.0428191477046207
5.186525935447703 44.42178694265716 1.2560767103515191
4.768862317184798 43.339281968397444 0.2266877373261078
6.946854598251358 46.17359330708525 0.7996964034482623
5.918097170990606 46.563139144655466 4.354096359488016
4.302841954027164 40.54949749312253 4.526622973916719
5.009742661643678 46.758618737351554 0.14952571428435868
7.108637193692934 47.42765628787241 0.3704822859113299
5.843422483522896 47.783822947669115 -0.03057755190684408
7.848135831079921 47.46977709454667 4.670477779456256
5.949386997161433 43.91592199272777 1.8478905782003907
3.411565812167792 44.50450588552244 6.184582907933294
2.581426495715622 38.711449350868186 2.6908697989139583
3.499566730761477 40.32576493042597 1.3279615236540743
3.6927975266348323 39.09927126049206 1.9262307505404197
6.37150654436137 41.53445706462453 3.4666209479759114
2.20847019561831 49.97496254659624 1.5248342364800815
0.3442579806792036 42.36917193224279 5.639189637664867
1.8675338309625982 50.13263179078437 4.229653747683262
5.321632768822936 38.640192929585105 5.564476994961661
0.39526347325036537 40.80928207563998 1.102562901536217
7.6311334849299195 39.122829630602084 -0.03076004293889434
7.579118023688902 43.23828813801425 4.299606775586655
3.2297136805792013 42.44130086600695 5.699887886481083
1.2579468944369558 41.38364326085748 1.4401818349360318
3.0342715014686408 38.3334147674805 5.4424320890691895
4.740709735933405 39.14667441564446 2.760831761040259
0.8132522061645672 40.03938867835085 -0.13998867565896744
7.589818344873132 41.911398848392864 4.043572712447582
7.867528260476669 41.3069352168796 5.2756854559525035
7.9885781338443 47.76598784835319 0.008079613395142182
7.4526327920322775 38.70484223034493 6.204762555589433
7.858978480029105 45.5974034739483 0.8490451680633715
8.145677600917054 40.37153057286876 -0.07260352949468807
6.98967887555137 50.40160292111647 1.4540610580838864
7.667346430930575 50.817697996481414 3.7688305067584937
0.11245347443850268 40.12933483614038 1.9061736632923432
6.517477527824216 51.03317371938502 0.7161286668435451
5.293196799450865 43.12131534898167 6.196330003285338
10.369018968236833 38.53147520218132 1.4018626337686813
15.40989859526943 48.22870889100721 6.1614298878438545
9.083784160609724 45.17096726669975 6.15758568644012
8.701263053962293 41.72251028241656 3.212763723162304
8.88451607213361 49.807653712193925 -0.24093213035479732
12.95668779317396 41.69379797353247 2.782470918277297
12.984159787957045 41.00123632608079 5.011880131723794
8.885224711542756 43.56374562096311 -0.5570288284417713
11.024281878674921 49.86131292323541 0.14695142683998408
9.461958027750134 49.33999522970819 4.433907134659265
9.92702851034863 44.08219736200761 3.7060753897488032
9.979546426996453 47.79312091468776 -0.16654961442250316
13.461535845092769 47.21050492138951 4.657572916650372
11.590583757736402 46.093437074225335 4.172239997937037
11.473319321289114 48.34182289525732 4.258204723174865
12.265904769769817 47.18477085744031 3.9182596980343987
9.534583497747887 48.899814929735676 1.676857096122949
14.00869107512189 48.74192826663593 -0.3309073191886991
14.464138818314124 49.983418629033615 0.12146294658746837
9.870489980792843 49.10519029658977 0.36980182927559224
15.672142647780447 50.36019587087411 -0.5112830316498773
14.669175615850925 49.85267350434706 1.474576790269313
14.571785154768238 49.07248855758398 4.1799773096823625
11.840145146313164 46.75683694686429 0.3820420303142291
12.793806025780924 47.283189906360896 2.6110853885261265
11.056332511773537 42.882350510920936 0.19390900401327404
10.04761727631329 43.84274479092879 0.1013021375011014
10.687533545824806 44.95762284591387 -0.4279660857452128
9.81311316851029 44.215879009233326 1.4501516034293127
13.852135472871328 43.006565099117914 4.243043600719288
12.859614971436487 42.09971970540518 4.154999902762184
13.080567172669053 41.7374833623323 0.3775791228424341
11.646869280956867 42.663940631599594 4.350348258024525
9.423778896605741 40.195814593792946 0.49518191327684313
10.086288086422563 40.9236433729514 0.7220008755614671
14.481326981844667 43.40718225050659 -0.22298662163653948
14.592420445955524 38.789926910025954 0.11936945135115451
13.139634983121086 44.924339407968745 0.8042357280773504
14.479692843978125 44.49797828691904 0.6498961912353085
14.949890922300135 43.98712887445852 1.857847283665841
11.055789402131822 51.03481381606911 4.1623879574634515
9.531552508736803 38.9496147046786 0.8631518712308484
16.147302585228832 47.44053924743513 3.016303039614634
12.396641714892237 39.18532725231632 0.1265165293284065
15.321298624885832 45.45910718299991 0.01909118013291411
16.170868986859976 43.365740826371436 3.8336982102328654
13.401189672159761 38.341974331414775 0.6565472866452593
13.479999087181296 38.50749025548647 2.076619967780796
16.165034140706304 47.35498405048936 0.6221719842798668
15.8460192792963 39.85387460223619 3.8067286222911823
13.782056353767546 39.05191872544984 4.1574799093463035
13.30020049466869 50.990725008727175 3.7008505148676907
21.079320172174473 38.42063954110675 5.007998512824697
24.541007128570286 50.44455039263424 0.6070337247086732
16.540616764672567 50.980182090075786 5.325798420410596
17.25309984239564 41.334243435372855 2.8617133103275627
20.35832456907437 45.60827247369127 0.6488877671323845
21.67439999098103 42.71346768797206 0.39869456202052067
22.076355493108373 46.37900561338706 4.374139162636751
19.054068227333715 42.154317576423544 -0.8097842465001037
17.788878811625086 43.43384330611102 -0.5960082145617385
19.694009303851143 46.3985887935793 0.9658819988655432
18.61485112576654 46.68100130942619 5.896867100488241
19.431580609772574 49.249506684043695 6.0899133685622
23.248331023159096 38.67156402186719 1.4780038628775516
16.77315115641353 45.80319922557446 4.232320954425105
24.253108147056302 47.41309911231711 4.334090343140122
20.415730627480993 42.96248436461327 4.448589492818533
21.49259500122647 43.775321955250135 0.47493405836123825
17.7174714249914 41.91365772651183 0.3241419440371407
19.341683715717426 42.61891170697542 1.7444147813209032
20.726266120429557 38.499656082927714 0.33696979300851915
18.44149058816152 43.45472179851825 5.246603223540807
17.030634567545594 40.50522181509292 3.9333190134317606
18.013346923407145 48.563522274387005 0.3809355126473102
21.195031958046822 48.684136218927705 4.781044715833884
18.24115152291281 47.35739640431418 3.611785158602283
19.993178818384422 50.90500674701233 3.888394331470356
19.769518173927207 43.71791763363372 5.37364791109959
20.081717540496665 45.088917521799694 5.088621738470359
18.128221909907023 39.68181674513232 3.883284693310353
22.585116299726423 39.8560694428685 1.6485335973587745
18.63538150826021 50.724394417482905 0.02300644654381845
21.924173801796368 39.92812461327896 2.87281004425377
21.550901133102485 40.99238326668034 4.744820305440733
23.515125707824847 40.93881425282394 1.6354621321440788
20.075232850453027 49.01808213730499 0.09199334963044925
22.31409578015046 44.73822995794801 0.10268955563897175
23.845980081090893 44.699193881515825 4.678570592448489
18.382986204930287 42.657593218942765 -0.11375080672851645
17.046009332974403 41.249986817139515 5.056253668427071
22.103964475041465 46.89477768593674 0.21539846391228412
21.63158118465623 45.92384645595542 0.23877737790339748
20.3003098742249 44.20992071612601 0.8241918143031246
20.757808181124258 48.825935973339604 6.086702311372942
19.060952724674276 43.42554004261279 1.067184510664576
22.399440196137977 50.3056834580313 0.8916798087339006
18.951074663978858 49.52920763619706 0.6590296909614268
21.65585829715751 39.88406247108505 0.5805188454089938
19.191959941462198 49.563702223111456 2.0067128482016363
23.26407522775668 50.81250948308505 0.7666452436558502
18.251627345689233 43.98650709442332 1.5345263542220722
17.16902497637488 46.59955607531876 3.229541296742924
23.26254746267448 48.01238305625634 2.5535579750580784
17.43750358623523 46.01097149743705 2.0410911363282236
23.275324303336312 44.5326684581311 -0.12944014093320466
16.94566845915132 50.84424327946302 3.147461078698618
3.024072483198457 47.661976667994175 8.65554619020829
6.09164592209142 44.84385056152802 9.863823470689558
5.322458956546918 45.38874700545346 8.931428851616248
3.205002368302086 44.59544049453588 9.360822441466585
1.9339561287317646 48.54672331341371 8.615739540494706
4.2022897450903125 48.25853301788843 8.482793796039154
7.054406616438566 44.1366209256283 9.17939595334645
3.018502342500019 46.959953446380496 9.830231678877931
6.808502021925962 45.861223171781326 10.546769467756512
5.283538422560787 44.01964204413859 10.567959631058898
0.7661206288145989 44.24237071195562 9.688548849889132
6.858225814919961 49.62925374530927 8.619902346790926
1.952898288142939 49.22653708091158 12.302227565437848
4.895399032242409 50.18156165485346 7.129114831313018
2.892879503272579 46.73199735790764 7.6049713888294015
7.385803946137727 43.6615850797269 6.998363099359725
7.8526522214415975 38.5789495366411 8.66008081629922
3.6025076302696055 42.78905512789048 7.8729659709629445
0.6547679849214498 43.418567815779376 7.507306420042136
2.246390249411157 50.22583987438051 12.016471733209816
6.675210240047042 46.665482786053495 6.482222534777683
7.3229113286603695 47.34652996738972 8.474259912594196
0.9911128701423061 50.66560645426537 10.367159690246767
1.7859901737045898 50.93268423127659 10.93013352031909
1.448917979659818 50.264772654276086 6.393420194682729
0.06320947118861443 47.839358123356675 7.413481553125365
3.9072655897388047 43.209450650314224 6.51871619640694
3.1842552247280564 50.93298810032149 12.560883985214364
0.05928655360251867 38.349304320091846 7.498628449407397
15.451345715349088 38.385976958223026 7.219941337200688
14.164367618307798 38.859883885918535 6.887787697110493
8.218348276222995 49.906694633054364 8.51233789879704
13.866450460083707 49.82060343511845 6.60916260187348
8.848032242058135 49.538968053048976 9.637562391882401
12.277584699597655 40.0079939691512 12.557933715422939
11.98346982300667 50.48930693766683 10.276437535824012
13.784709501009699 47.99700391915326 7.693857346142229
13.012269605906964 42.02016501662797 11.612654054041446
12.05255928187054 41.354097024737506 9.870844295347077
14.66791980117061 48.87718665410515 7.184745453346727
10.060533780264812 43.97061238084817 7.689182592204535
11.373722258177477 42.57409841887614 11.279617180632151
12.03234150124592 41.70598059347126 11.253308734919973
15.247677533199226 45.25424649680024 7.940040700312952
13.092525958459722 40.85672164928164 9.140803926341324
14.079253397890234 40.51043877425637 9.410724527201864
10.804918532287006 40.95451494237726 13.037090506081285
11.419220010473566 40.58599439668874 12.21555152218216
10.953207933897504 39.88194737224424 11.526167353600563
10.951733982035257 41.46049949845826 9.085253197566846
11.79441632215778 49.032309652600816 10.609152654549941
10.832838530935337 48.86401047860186 11.094068668157766
12.641674374648483 40.75506590609455 7.824823974748566
12.862066839102145 48.460306072997405 11.57299362885258
11.798225321464892 48.47300213289224 9.673599026805993
12.833150876270212 49.01038882723741 12.51356411030813
13.850274865805916 48.55451843865804 11.122805972141874
12.69366368932592 47.41437340984841 11.829440979160852
9.905487644124516 45.22284047555783 7.222978408288792
10.039046402995416 41.81765138860542 9.538953440495476
11.259697270073557 41.12035036048601 7.805540729615759
16.283395805014383 44.45618707550165 7.55633594437759
13.221323336463664 40.488224242743364 7.041943008201156
9.33819639682454 46.059597267512494 8.163788317887644
12.037126567026483 50.508738827150154 8.283699625606975
11.127938119063305 45.78978014642391 6.775004384596732
13.442364987556223 45.9397139637959 6.55903213718558
8.891051551462612 49.56052174751262 7.362274935978583
16.288161825618527 39.43223071813017 7.636970658909952
10.68763370815263 41.04197013098803 6.892852491050341
15.558520212802724 49.43323914983399 8.058022076191298
16.076658646267738 43.787328716585996 6.321104017798119
11.814129521431465 51.018604729135234 12.277536190966549
20.839146017030153 47.49099252123984 6.679938631628696
20.27059117252211 43.40641794595434 6.680728563159676
24.478763210428657 42.45768526000236 11.907574860084008
23.767194817841656 44.519178775160775 9.818744795249884
23.932427556502 43.15564625539765 9.907441347591417
21.745159559022436 43.27513441196826 7.70699739627486
16.612605863326273 43.49037146962856 8.45002128805434
17.44842521739753 45.38019148568012 7.342594259735559
21.644037560217548 49.593745015009794 6.776429122648216
20.84222207199459 39.91911295782211 8.36081368220031
22.614192258218104 44.69775047970064 9.088643331077149
23.43213834786976 41.6368176255872 8.52527433331168
22.185501729899226 45.54708879417986 8.577518240228066
22.27250378246411 43.47374386908837 8.545187323175918
19.590619053493924 39.76581800213332 7.789118466683044
23.485092212636733 39.77918017325553 6.340513736930182
19.515093734633403 40.36101002898077 6.567338714447991
23.211242424550573 42.61682703078176 8.92174193197778
17.494049768216435 41.82954110401594 7.357041640794711
19.29952118176345 38.413161622409376 7.618926952267165
18.72565735337698 40.467981490570004 8.641576246986535
23.736415271417524 38.873406284053544 9.533192294351455
17.391283181044198 50.57645268268567 7.4223936028406765
24.377581130857198 45.3214071007217 10.206376402016398
3.8733966163278324 50.895451449782605 13.391591600597543
25.789950661830417 0.7102494732544772 -3.3499999362644592
25.789945971672978 3.5405444982296785 -3.3500003427428124
27.019005247464676 2.838919444313766 -3.3500003624761545
27.01904359090269 1.4204752108027532 -3.35000002486753
25.789950903210972 4.960054258137362 -3.349999947267257
25.789950917041303 7.800000267784715 -3.349999919985116
27.0190443392773 7.089473637142734 -3.349999889182409
27.01904402858421 5.670528961144955 -3.349999977618503
28.240956788547464 0.7097304979699202 -3.349999935893174
28.240994683476462 3.541081878861495 -3.3500005558140646
29.470054116701636 2.8394567869584346 -3.3500000735024216
29.47004929573267 1.4199571616330773 -3.349999940104106
30.700000001994137 0.7102807061910388 -3.349999956776515
30.700000019666504 3.5405102205056953 -3.3499999533345393
31.929945942525087 2.8394568344019375 -3.350000053397663
31.929950717312625 1.419957158629622 -3.3500000231462024
28.24095546043725 4.959536624412973 -3.350000171640116
28.240955664410137 7.800520209458979 -3.3499998768935324
29.470049114588992 7.0899938182364135 -3.34999989463701
29.470049248636414 5.670008700746883 -3.34999997604792
30.700000020235045 4.960085201400983 -3.349999932322328
30.699999988971822 7.799969054843433 -3.349999990239634
31.92995087263222 7.089993818133117 -3.349999909483814
31.929950733627166 5.670008656722378 -3.350000128610099
25.78994994516555 9.219935120251032 -3.3499999698388585
25.7899499520924 12.050064856188007 -3.349999939743371
27.019040205121144 11.340803678029527 -3.3500002136406626
27.019040241325364 9.929196324301422 -3.3500000905818252
28.24096027734596 9.219413019582927 -3.3499999417334236
28.24096026255865 12.050586949965762 -3.3499999642485356
29.470049640647815 11.341317026250998 -3.349999888367231
29.47004962065314 9.928682937771432 -3.349999929513625
30.699999912474546 9.219966830333554 -3.3500002791254335
30.69999999686708 12.050033123251035 -3.3499999171257744
31.92995036060277 11.341317062272015 -3.3499999984047757
31.929950370503818 9.928683029067756 -3.350000531687357
24.560000017660432 9.928651874570209 -3.3499999349646217
24.56000000535144 7.090025041598046 -3.349999913956431
24.56000001739977 5.669977360595063 -3.3499999489591037
24.560000015725 11.341348111129781 -3.349999943296117
25.578972977509988 2.7492146454472173 -0.8971188520719942
33.159043207851624 0.7097305091258226 -3.349999945512032
33.15900530046296 3.5410818593912503 -3.3499999700076657
34.380994659568834 2.8389194266905284 -3.3499999656330792
34.380956353081125 1.4204752487408858 -3.3499999160508933
33.15904451297704 4.959536528609269 -3.3500000481703394
33.15904434020967 7.800520191791118 -3.349999894665623
34.38095565888366 7.089473636189662 -3.3499999125332716
34.38095595119395 5.670528952320793 -3.3500000941155648
35.610049319360385 0.7102494639262089 -3.349999926945808
35.610054037459214 3.540544400093896 -3.3499999404511382
36.839999996161666 2.8394909828342847 -3.349999950549749
36.83999999101688 1.4199261465850772 -3.3499999478429454
38.06995066154875 0.7102494589555183 -3.3499999517085435
38.06994594044527 3.540544398308658 -3.3499999275124748
39.29900532627259 2.8389194245884024 -3.3499999463198495
39.29904363154809 1.4204752430018945 -3.3499999419177073
40.52095678707398 0.7097305030091879 -3.3499999411466375
40.52099468868132 3.541081826009053 -3.350000055701492
35.61004908615492 4.960054253881795 -3.3499999650363277
35.61004908707648 7.800000274478322 -3.3499999209830866
36.84000000418693 7.090025060878736 -3.349999924833887
36.83999999375439 5.669977358284366 -3.3499999336311124
38.069950908983756 4.960054257079572 -3.349999977902931
38.06995091890052 7.80000029151717 -3.3499999019093463
39.299044327623534 7.089473652895058 -3.3499999019574176
39.299044040594815 5.670528957604412 -3.349999991365644
40.520955489735314 4.959536592218996 -3.3500000183366128
40.5209556272039 7.800520203292342 -3.349999965367525
33.15903979263778 9.21941301044083 -3.3500000504809258
33.15903976231915 12.050586951594505 -3.3499999134639005
34.38095978273973 11.340803682192513 -3.3499999130683813
34.38095977269529 9.929196324868439 -3.3499999235072107
35.61005005763441 9.21993512613432 -3.349999920842798
35.61005007533014 12.05006488193057 -3.3499998842984944
36.84000000012039 11.341348150556348 -3.3499999404376437
36.840000002116625 9.928651887906929 -3.3500000057025914
38.069949967803716 9.219935119492153 -3.3499999359507395
38.0699499457854 12.050064920001635 -3.3499999637825417
39.2990402554546 11.340803691033301 -3.3499999461656316
39.29904024070191 9.929196328901991 -3.3499999075307354
40.52096018206088 9.219413041410318 -3.350000112898611
40.520960223192105 12.050586920325696 -3.3499998520440344
49.11999998797054 5.669977357850747 -3.3499999490806887
41.750054070882825 2.8394568140875216 -3.349999928096279
41.750049288765034 1.4199571654936696 -3.3499999296042384
41.750049112834155 7.0899938153117965 -3.349999907882694
41.75004922368512 5.670008660261969 -3.349999932554627
42.980000011662256 0.7102807209802143 -3.3499999311474724
42.98000001428008 3.5405102241804585 -3.349999907056833
44.209945927380375 2.8394568168266847 -3.350000052806441
44.20995071525041 1.4199571659155605 -3.3499999538233896
45.43904321677161 0.7097305002255697 -3.349999976059056
45.4390053041225 3.541081855435724 -3.350000193389783
46.66099465798616 2.8389194154610458 -3.3500003388945974
46.66095637490047 1.4204752213223235 -3.3500000686206963
47.89004931746968 0.7102494651210686 -3.349999946095119
47.89005407567749 3.5405443880865373 -3.350000085991096
42.98000000352523 4.960085158299469 -3.350000034402456
42.97999999366318 7.799969074664168 -3.3499999023013927
44.20995088394397 7.089993806840762 -3.3499999178460174
44.20995080572412 5.670008638529454 -3.3500000032202912
45.439044504345645 4.959536571238768 -3.349999990897725
45.43904435784732 7.800520178086831 -3.349999958879357
46.66095566966659 7.089473626568572 -3.3499999190876864
46.66095595352298 5.670528940523309 -3.3499999401840554
47.89004907901989 4.960054265997511 -3.349999982737679
47.89004909187641 7.800000282754584 -3.349999933395228
41.7500496051002 11.341317067481478 -3.3499999133598113
41.75004960276239 9.928682982483316 -3.350000304401215
42.98000000551359 9.219966809914883 -3.350000095939981
42.97999997415311 12.050033131326163 -3.349999902922699
44.209950347085986 11.341317046512371 -3.3499999207518827
44.20995031935818 9.928682991317965 -3.3500001694427164
45.43903981761143 9.219413023349563 -3.3500002408645777
45.439039758726345 12.050586940872337 -3.349999937871827
46.660959787774715 11.340803670430171 -3.349999926952414
46.66095978619085 9.929196325760461 -3.3499999443652606
47.890050066715084 9.219935129124186 -3.349999921734792
47.89005006897071 12.050064847277083 -3.349999978614926
49.11999998519564 1.4199261475796596 -3.349999951252156
49.11999997991111 2.8394909777205126 -3.3499999445336712
27.358225249374435 11.146341514517962 -0.7337987952782021
26.003496341681767 10.88075384861994 0.38489456096409524
28.905531843157753 4.541833419612929 4.293481868569348
31.54303093926329 0.4860075631220584 0.17450630282904944
30.89330689314188 6.5098285694655065 -0.019532089327467528
27.60131196301604 11.37353525801447 0.9821537752227638
28.936499542336442 9.613199419459598 4.886366172299979
26.994463339115107 8.998230587701421 -0.727844248860765
31.887021241782687 8.758695265543025 -0.4905597952071705
26.688188723645546 8.806840779518348 0.9961508163877042
28.853350534379103 1.192528762398913 4.3545317270053125
29.910493206067382 10.53889537850183 -0.11461419231746928
27.562081767892664 4.4952369253375 2.305642222541082
28.612144219567284 6.538111298439266 0.6179647424614587
30.876635804008394 8.555706792330378 -0.16757845373984392
29.881683241280776 9.468347312112282 0.025016833916099435
28.761693110514223 8.730744300580149 0.2810887600623424
29.160816682560878 7.453858586815408 0.45436329934161246
27.078195488565203 10.76198793807446 0.2469945883752911
27.393434198762883 9.203115677727368 0.26560648134537845
30.327011929066103 7.344857046558553 0.026700541062972816
27.14691588175413 4.80686790410182 3.172027483303972
27.894604075076668 4.921083640284691 4.317860503819477
28.260512587634533 3.730182782747731 1.270572292843487
32.111722841820956 9.123025405380304 3.664864660266521
31.00044845906532 8.448265751250052 4.10213449161514
25.078245441221494 9.685595351509438 3.2798977700590095
29.242038045263545 4.33269145232571 -0.510804000645888
25.98094829898207 5.352546602452995 3.442924416242846
26.054731724823032 10.342259907848577 4.08364369381646
25.353982821532586 11.23993872680023 4.843991289909572
28.09436076198708 3.714817062029048 -0.0901376847217139
31.01266626303618 3.4839764462258502 -0.11961785044518836
27.939787938588648 2.511215907190999 -0.5840070797473162
27.054165731082797 4.658835594736404 -0.31322667923577185
31.44762415222478 2.5727246650593516 -0.09655649841168623
30.007494300093875 1.9101898828415744 4.767822082223772
25.37860194553731 5.510629174646094 2.5605476424824722
25.890597578983478 5.71263822452858 4.715981954350187
26.69311755043462 9.358441571810518 4.882637075604922
30.714815786933364 1.4722866545866213 0.04333494495442958
29.731510735283564 1.4537383152177286 0.48961639710998206
27.12507803709491 10.788727476875799 3.3067904969553794
25.488844728386432 3.0046523219094956 0.843347084397249
32.164796671482456 5.581221674914107 -0.24423022555027596
27.045688273914255 5.243727792946122 5.296230095837959
32.18677166461593 4.417606394310022 5.342832505437874
27.745094380012233 1.9271139126672596 4.670981834657112
25.29907422620228 0.434953714541859 0.20828181871765938
24.971772264220714 6.549269396529368 5.484977204816763
28.9648201659817 1.1387051451252597 2.980675447215555
25.44302954309228 7.472256844747125 5.822780029131667
29.863308453829863 11.783267642709353 5.444233962634089
27.762538378151167 12.373895045007385 6.171387207417558
32.38548647424749 8.81682292535141 2.3720820506023355
31.864052170146316 10.486715614272498 3.8397820266588645
24.892535182605393 2.8687799874048867 -0.05890212422607122
26.337556181692662 0.7284321338769023 0.16555424552764597
32.75931618975051 2.267160991899857 -0.32928551007403994
38.27978116855024 11.04676798886731 -0.7341318080420323
33.183863094726895 8.761990582413398 4.42425649794108
33.60662338058381 0.43366444342229143 0.568198474753806
32.805740705558186 1.0378854075816617 0.16831853360894877
33.54976990501952 2.948659586977904 -0.607031057271139
38.783704963870996 8.351057520718296 0.10377717342443749
37.64446612151973 0.0440375850344203 3.4597040893977757
35.31644176187331 4.79955088729096 5.339398956178869
36.8901500808563 2.857366589156988 4.223092214145828
33.556833487506914 5.009963654047151 1.6289812958775551
36.10165144749454 2.8608538181281142 4.96110152603348
33.448511474647376 7.109596016348491 0.6968141721305121
40.26011485077924 11.73354462422706 1.3337828925689144
33.499779437381186 12.488474806066444 3.970757236160032
36.79945354928889 10.01261959289269 -0.37827151020921157
36.40985284048768 1.8151777991990856 0.8591075619334732
33.40686365082587 5.739439027386715 0.40421766221676037
37.387962397401004 11.016442021671104 0.7485397391424364
38.5586718513207 9.24532323698458 1.6045243575544454
34.49996258488518 5.396429364793111 -0.29684628070492325
36.46235064684036 4.717483402336601 0.49198258692357055
34.60437216096945 8.559359358409926 2.4243640319511783
39.770091962377855 5.1311846738314255 0.37038492781550136
36.27957933691204 7.590766486394592 3.537521809577111
37.11757662879424 6.771303733027068 2.7849437045083567
36.712972611459556 5.468960177682497 2.9195255713037382
36.72878814789894 12.63923056109762 3.367211379721371
36.46164246906312 11.28691897682267 3.801818418979831
35.71302929124798 11.173196467514446 4.958726598986086
37.628341725392055 10.537660979538526 3.8603091212599794
35.69767138187447 10.674481415387001 2.8864314034673577
37.771957497221585 10.373537979304217 -0.04349697461066948
38.405759871609725 6.997026756337616 3.2310034951650035
37.0303891242435 7.199850535093392 1.456301269698318
38.528098105074285 5.662937932578349 -0.1619960629459638
38.799970890593585 9.346990925590529 0.5464419149483712
39.149797153057534 8.920929331800119 4.853950588619373
40.59737411256494 6.1875067485708914 0.568468086755225
40.30417839511077 5.57786071064949 3.5157718531984927
40.24067298505385 9.797008826132469 0.3890688264480846
35.79698447898986 2.5725241211985916 -0.1060897185718801
39.50548466907411 1.8992579259685882 1.5196908521043428
37.21689342170621 2.709615000500548 1.6612855021532813
40.86998180145928 10.957323470535462 0.89566986710236
39.4596698478165 4.659891306558279 1.6431687457692212
35.473720315438655 1.1176980469217153 1.6647798299484318
35.23836624064782 3.7317840522461023 5.48144894395589
39.23359710075596 5.004853573985545 6.130707477283266
40.40383452456281 4.118582209481386 -0.2722348088880966
37.360641733153386 0.9671670886077501 0.211572474456877
39.91087974982093 10.513667165530915 6.1200107434550866
36.13105073073222 0.7604058714710743 5.218957920551189
35.690550460382575 1.6525882045985025 5.392365522111503
38.706546552842234 1.6043144764090187 6.231322271970879
48.73700479967767 11.529628768360961 1.5324780118087111
46.01405312861507 8.672090911812074 3.7306102826554333
45.661180704002604 6.2957204116694845 -0.18348783764682852
42.65318407723369 6.997028409359396 3.2920810932816003
42.33943485036539 0.0002674484109448372 0.5322734030040666
44.99813568352222 0.09004737704529128 5.719916595820834
47.37058683975892 0.024199675023728207 1.575132218829619
45.67032092772833 8.523658018813277 1.3960791786713334
41.09298579704433 12.304902173152966 3.76799555780397
46.84399318869594 3.911341392635937 -0.21345390685264864
48.45526478987958 12.572910638904856 -0.5358276619112745
44.718518754594854 11.89338081496453 3.4065245568097136
43.19080057351605 5.803939009758359 -0.71888645001144
41.48634198181226 0.9670222960407013 0.33940581690140026
48.54315510493366 0.388841137503994 3.556474038421067
44.89052995605122 10.647489755430762 1.3935192904045446
42.91387308536452 11.725712622579733 0.6382783038697359
46.84476750424847 9.949511283420511 0.18409331594876233
46.40243996623112 4.967685928067547 4.240903124211348
41.84856870721356 4.110097497233828 4.056862849765198
47.72105768579839 11.78042169681253 6.032506782630157
48.73541023733421 5.53143043914249 4.385135806875924
44.83779162458386 3.1200252827472923 -0.08295397367742874
43.847822852154046 12.168964181839 4.001539223394074
43.128730647342906 11.400996106839548 3.7165279309971155
45.40918847016103 1.0906637829980261 -0.06920684921261411
43.48658901116481 6.940067460774651 0.4701344124049689
47.116011408463194 6.796764312875631 5.232945058186536
44.71215065139043 9.202773241941935 -0.4880400703511567
45.51708700836444 9.672553596581125 0.6314509028034498
43.58631498607884 5.8689030645985305 0.29474465697845287
46.051888498850595 9.841850935066818 5.685837061442674
46.913560712573776 2.6169134101137153 -0.4002865129984001
43.74451413786108 0.3102884198641447 0.3804675120558443
47.37779570503471 5.9482828248683886 4.169076058194225
47.76909404080224 1.9699088835532879 -0.5261748244422915
43.51800098963478 8.396417306731433 4.830583867025343
41.32521162422608 2.250197023076903 2.9773078989878354
41.235758243193544 9.168777445284963 -0.2095955516732717
43.24058299654535 9.633035373837869 -0.4939770817108091
47.35954913354708 6.669386372165121 3.083679929541682
43.00253339313694 5.269084147762767 0.9929683452315052
45.63494524887883 2.06057775409118 -0.23773211598899668
42.400424323921534 8.119106817217192 4.062559202041007
44.12851516938352 12.116879716816566 5.053489332372139
41.279132686873695 7.817113197625556 4.8740722147624025
41.05806287951984 8.139850943185788 -0.4855205614527258
45.190917503202726 3.1783115793974246 4.776224704977574
45.573277493006856 4.228741438760006 -0.01573478526702421
42.303957682187644 9.922105911476754 -0.25052021739265684
47.670413304595016 4.548599739712932 0.06463167553471982
43.11260909801826 2.268067560504629 4.49104346497133
42.12780628834585 10.987914809754422 0.5738315967750174
48.2186474194771 9.909670280870072 4.235458880630533
42.160671852181366 9.237099021854966 3.3146573401503843
45.10140672290554 5.564685693490384 0.3998999683288662
42.37229407210328 2.9788078926212442 3.5078613602542164
43.800544670687785 3.1259404664275667 0.21785122452110728
43.29527091490876 3.403612016753568 2.577766675960479
45.454985992452016 5.61879664968472 1.4295376256391013
46.27574154706366 1.0914426413220732 4.162729649594873
46.22494127239647 0.6135516722700873 5.4821567210869375
29.39887173615926 6.779994887605916 8.192887694074118
28.478920970149318 5.806427978987799 8.6895466928115
29.110981532765862 8.052819223077572 8.406683931848569
26.18678745697613 10.435166777762483 9.571730784203861
25.516938612298436 11.29118282947836 7.7110270263590355
26.19399571182172 10.30500731863828 8.271316612739264
29.426398203538014 6.589930233686984 6.750999792519713
26.674988474382396 9.536126850582804 7.684913348560272
25.36815970962725 11.517757962081268 6.738078647755078
26.860470477192212 9.451861654652921 10.51565875671329
29.60344741439721 11.086458245578635 8.444829212511571
32.0287913452942 10.155630071526396 9.855077941645142
30.61745323138441 6.596384644243705 8.821055865770028
30.011258944162734 11.642232986359229 10.00389977832818
30.465927788831316 11.347250783911957 9.058192771670866
31.424341167770812 10.04598529882505 8.954679136076326
32.65969157928429 7.763961431916175 7.84320362067151
26.700597251025343 10.135988554826286 12.628562746425732
30.888135731037806 12.315045601126702 8.787612569894426
27.939234882584977 9.603464347774349 10.478456851721473
27.254880588113952 5.281825900014126 6.355091328445535
24.989260901382917 12.018922525789812 8.701177312986388
32.74494618874189 2.66843455633993 7.090111855159029
26.293630422586396 9.443950555408067 11.891296574737627
26.650830788801084 8.453602773695598 10.131431729452466
30.927040887962125 9.077250959788211 9.00311690146055
32.53509719071737 9.910006894316986 7.997237997236022
25.48880604398959 11.576587382408219 9.83792733941836
25.22581507492715 9.63072587118722 11.777343229151711
26.497638444820634 8.461462059206806 12.31696908000125
25.821995617946772 0.5785318938275251 7.3183334625396315
25.308720916124944 11.851426286718624 10.866729032361565
25.066827050100233 5.9147090131863855 7.559137053699495
32.444107120453545 4.729576513100341 6.355034614018013
31.464417951011423 4.897801342605942 6.802258873248156
30.65631926222262 0.02565599887053973 9.230963637543205
33.111211136128 8.703684591835588 7.561334018699969
33.256937672281154 3.628854952952683 7.030468053281868
33.582332840731965 3.8959918317466986 8.035881337840188
34.774521522817174 1.824946145264226 6.344249197147445
34.26147540403361 9.058480367858728 6.958105748406381
34.56845105201943 10.32665657496529 7.271944923190951
33.516473836639264 10.810880883156289 7.883616750332681
38.77114024594044 6.113222914523746 6.87839099394669
38.86266228820551 0.6600212899009398 7.184073876022374
39.07898157000777 5.816563268813827 8.203533724237515
39.40201193266915 7.306561304945995 6.408891645152485
33.41943899570964 11.857667299481083 8.131048434374438
34.30010553280869 1.0566441015992938 6.93673669759198
40.70494198940318 10.835017451659686 7.236159534342285
39.24342283206644 1.0491280868160764 8.44701143433766
37.40973211192226 6.183514280867835 6.937669159737582
39.78487222633241 11.312517981652256 8.15675085385297
34.415051008216835 3.077354295704969 6.295425096063713
40.73148241046385 3.6272132303021416 7.5096604856009925
35.1815845878179 10.997140974593929 6.830789692977408
34.95300993946697 8.489566649274494 6.35435317730045
32.96146598498667 5.687018584588294 6.293842416287465
43.21151641865494 0.01055218477686625 8.273907593977013
48.75276249681396 3.1067552280099773 8.022330671770685
44.62418614865887 4.237782821059412 6.974953506782407
41.462688820415224 9.837108518180228 7.712395614109074
45.001756305750106 12.615355428732814 10.098170038983278
42.78038161033117 12.286649022995578 9.789603024186478
48.7062355274998 4.193158798271756 8.90594094865556
45.97585251822598 9.836979931040053 7.152598960714206
41.50627564090129 11.915163295158413 6.770571380008129
42.93136040579572 1.3539847963737988 8.66043905437702
48.69760521350063 0.4003639494123038 8.660835486460615
47.779333357317945 3.954380993512457 9.885031678556901
47.11824912307042 9.083218930349009 7.52437571937505
48.14945308673212 5.259218230195067 8.078645997831842
42.398001338342056 2.0224039013441644 7.588399183527209
42.0604912919825 1.4068147830628048 9.76284230284852
48.326131782104945 7.155967081895608 7.1552044644399455
44.19580300100592 1.8351397026043428 9.135055239763021
45.92822772293912 3.0781668132751565 8.849654750091096
44.06329478992725 5.174597489993746 7.947905318605217
44.77216807429013 5.009148533790494 9.14335659512425
45.970591835004015 11.114870880380302 7.651779517299536
42.72204136373799 11.212299608114796 9.695956078835705
42.55044600792641 7.857257552685904 7.2517753758892844
44.376138450723396 6.516600279312672 7.484530381509992
42.64868509321781 5.1808633206642485 8.000884391957122
44.78919387666758 9.206949279062695 7.583901856370238
46.311904895713454 1.767201462904778 6.286880383222133
25.78995090280367 13.469999508144927 -3.3499999343625095
25.789950368826815 16.308682974900194 -3.349999937042022
27.01903976577276 15.599413052765197 -3.3500002912178717
27.019044341150178 14.18052043574636 -3.349999948379282
28.24095566963427 13.469479563986434 -3.3499999180453433
28.240959794120087 16.309196353003447 -3.34999998061953
29.470050046189723 15.59993514689766 -3.349999905478626
29.47004910852928 14.18000050098827 -3.3499999129594036
30.700000004358433 13.470030701607712 -3.3499999115221266
30.699999989707745 16.308651880759065 -3.3499999157601614
31.92994995156597 15.599935133916164 -3.349999918512885
31.92995089891543 14.180000490008599 -3.349999909869047
25.789950359968582 17.72131704428737 -3.3499999328986774
25.789950893296858 20.5600061698177 -3.349999907412944
27.01904436847026 19.849479812518922 -3.3499999719260543
27.019039776818687 18.430586945457463 -3.350000564176362
25.789950768400217 21.979991334790157 -3.349999935937263
25.789945942173382 24.810544353927465 -3.349999943038905
27.019005334791892 24.10891821457859 -3.349999943032186
27.019044529207044 22.690463432293058 -3.3499999397338023
28.24095978799864 17.720803665987887 -3.3499999335107167
28.240955654114504 20.560526361616358 -3.3499999622703736
29.470049039589487 19.84999973516302 -3.3500006020036297
29.470050025177745 18.43006482767234 -3.3500000172793976
30.699999984033745 17.721348115879287 -3.349999925632041
30.700000031048152 20.559974976697358 -3.350000075359112
31.92995089765248 19.849999725101068 -3.3499999408357106
31.929949940566093 18.430064878191136 -3.34999993711227
28.24095598322874 21.979471043723073 -3.34999993996963
28.240994688695164 24.81108179115898 -3.3499999214937546
29.47005404923032 24.109455648040758 -3.349999955676588
29.47004909280999 22.689945738912343 -3.3499999178172346
30.69999998868614 21.980022642796563 -3.3499999329197028
30.70000000752292 24.810510195399548 -3.3500001190451445
31.929945937901465 24.109455658896415 -3.3499999421831483
31.929950897344437 22.689945743243335 -3.349999935322827
24.560000011800046 14.179969298207322 -3.3499999433525307
24.560000018272763 15.599966870108908 -3.3499999277148773
24.56000000096929 19.85003091826235 -3.3499998960418997
24.560000017084906 18.430033166532187 -3.349999888873143
26.977921214441675 18.539407593579554 -0.853668309042982
33.15904434847614 13.469479565714453 -3.3499998965528697
33.15904025436344 16.309196313282804 -3.3499998985447723
34.38096027913407 15.599413053448735 -3.3499998918630913
34.38095569846705 14.180520448718099 -3.3499998843508125
35.61004913150583 13.469999536057193 -3.3499998904857575
35.61004965290498 16.308682921380715 -3.349999960834248
36.83999998967073 15.599966832926057 -3.3499999809767167
36.84000001744847 14.179969325773198 -3.3499998872227432
38.069950880341224 13.469999527418206 -3.3499998698727653
38.069950367184326 16.30868294405956 -3.3500001951513303
39.299039733491554 15.599413067530172 -3.3500000089903494
39.299044191414026 14.180520432174514 -3.350000146877381
40.520955560594366 13.469479281939782 -3.350000855216586
40.52095972170845 16.309196346407525 -3.350000001671697
33.15904024831804 17.720803666194996 -3.349999917050109
33.159044321473004 20.56052635755502 -3.3499999387484767
34.380955668941326 19.849479776361225 -3.349999909156561
34.380960270874226 18.430586959868105 -3.349999910317092
33.15904402414196 21.979471053299672 -3.3499999434153427
33.15900531643171 24.811081800224446 -3.3499999355627885
34.38099467568237 24.108918214294103 -3.3499999454794747
34.38095549054535 22.690463435371303 -3.349999939290136
35.610049639605165 17.721317032090287 -3.3500000815365603
35.6100491296608 20.560006172281003 -3.3499998898786068
36.839999961826216 19.850030936644426 -3.3500001353292443
36.8399999794743 18.430033110553037 -3.350000213080413
38.06995037203301 17.72131702713988 -3.3500000195248694
38.06995089890152 20.56000618655756 -3.350000002895209
39.2990443588545 19.84947977515958 -3.3499998994922366
39.29903974951492 18.430586951798347 -3.3499998761326544
40.520959751739085 17.720803671826587 -3.3499998847308743
40.52095567783546 20.560526355120423 -3.3499999276436476
35.610049244673746 21.979991330934933 -3.3499999169858627
35.61005406330972 24.810544351485532 -3.3499999375345144
36.84000000583563 24.10948982413592 -3.349999928970928
36.84000000491493 22.689914797982173 -3.3499999284445003
38.069950775199786 21.979991335164357 -3.349999944770481
38.069945943722274 24.810544350111883 -3.349999949094391
39.299005326944474 24.10891821197916 -3.349999934634462
39.299044520582854 22.690463427107698 -3.349999915912756
40.520955976558234 21.97947103875365 -3.3499999076594733
40.520994677992924 24.811081800642107 -3.349999920860822
46.66095543279701 22.690463459791506 -3.3499999675907253
41.75005010664374 15.599935204835706 -3.3500001932765775
41.75004935398163 14.180000445797104 -3.3500007548185664
45.43904401474426 21.97947103336304 -3.3499999140995507
42.97999999584937 13.470030700490142 -3.3499999179171525
42.97999999921102 16.30865189166646 -3.349999913626215
44.2099499290726 15.599935160147055 -3.349999906106066
44.209950871528406 14.180000507689632 -3.349999932196648
45.43904433160276 13.469479565759345 -3.3499999488206456
45.43904021652948 16.309196351122644 -3.349999898394782
46.66096023028453 15.599413052075523 -3.3499999685808257
46.66095568093367 14.180520445658367 -3.3499999330453454
47.890049120459196 13.46999951363418 -3.3499999637403963
47.890049646210066 16.30868294395248 -3.350000048897698
45.439005317256836 24.811081801078046 -3.3499999283016635
46.66099467621338 24.10891822278913 -3.349999937276963
47.890049106373375 21.97999141502556 -3.3500011015631435
41.750049107539475 19.849999714854345 -3.34999995114182
41.75005005786502 18.430064877158525 -3.349999890237699
41.750054059890665 24.1094556580062 -3.349999920827189
41.75004908860729 22.689945729414003 -3.3499999216158116
44.209949948383965 18.43006488535701 -3.3499999570800245
45.4390402226358 17.720803690884726 -3.349999877148914
45.43904430713235 20.560526343563133 -3.349999891080697
42.97999999523673 17.72134812683419 -3.349999920844647
42.979999995420904 20.55997493486818 -3.349999957113959
46.66096022423327 18.430586973305445 -3.3499998660479537
44.209950917906255 19.84999971444592 -3.350000006768262
47.8900490724923 20.560006089713795 -3.3500001464544003
42.980000000614176 21.98002262464471 -3.349999933459984
42.97999999958975 24.810510189585546 -3.349999919011757
44.20994593776628 24.109455660668054 -3.349999925562661
44.20995090426002 22.689945731244162 -3.3499999188277565
46.66095561568982 19.849479769782132 -3.3499998840388665
47.89005407017885 24.81054436211809 -3.3499999184761755
47.8900496085944 17.721317073833927 -3.349999965884912
49.119999981811965 18.430033162308046 -3.3499999277164063
49.11999999165488 19.850030909012823 -3.3499999312320083
30.514817720364096 24.661029251411673 -0.6987832797694382
28.970325685656164 12.907916581490179 5.599191882563455
28.67849804391216 13.5533962044807 4.390274678186311
28.579107783745453 21.60750832605657 0.07839362314755238
27.527829990077578 19.253326986931487 0.6597756516407549
26.969822878133556 15.701808142689153 -0.7658243829823397
29.387982580330625 18.08947566383304 1.6065363729744442
29.669466904063036 19.762983040106636 -0.5462490940744869
30.673066064094957 15.384258998199817 4.655008763539561
29.628398059384246 20.322737743509133 1.726563519827955
26.825407239605788 23.8902160289955 3.7376281790612365
27.067611222465587 18.3689237889166 0.2191741654549939
29.667852836375815 20.839071444456266 0.4028160203072251
28.81114102509161 22.622876367986507 4.80467359276327
25.676986333700786 18.235799489296287 0.7952736602673838
28.032690359876778 23.22699373875884 4.582960345166818
27.951256027655457 17.216238336805247 0.33929492083329404
25.645935513092528 24.348108401747062 3.127031223914848
25.16811049472526 19.14969843579239 0.48878696214634254
31.912902448057267 13.824498917170814 1.3153943070699847
28.910857877570077 17.17549836566367 1.2849815309088697
30.864582249732337 21.54479943320729 0.21343335872095914
29.11582553224943 23.398708014311214 1.0483971710396445
29.426457963669073 15.962663346250327 1.3373769690855442
27.654757711166646 15.884300443504612 0.04901353628153804
30.396897928122055 15.75597979162703 1.52613126349457
28.56528914603601 15.182659342850858 0.618715234342172
27.48432783998344 17.01842350238348 4.59313245231062
28.837507632421477 16.7578069460658 4.716263508296855
27.20849682045063 18.291847982800878 4.17897581654875
26.983810706437325 16.107912913938925 3.7100158836811357
28.90854073903413 14.169988719992011 0.4668055456365505
29.362374962435222 24.371540924789493 1.1620171815515035
25.639222244353824 23.994282464462472 1.7697127546091374
31.723668726133905 14.290285353253495 2.609516533881324
30.27286134485125 23.919131869063733 5.844246166022074
29.957659458021755 22.94181003043776 5.5097468471800495
29.473652386695132 20.896960450945688 5.885735438296332
30.086430765987227 25.092942885959957 0.19359289070846497
26.287521171056376 13.821308737140058 4.2950271550991115
31.961645542940857 22.61591303144503 2.96454032412918
31.670396024427415 17.36599682006688 3.486850336670375
31.67784292092882 24.719442045141992 4.021591500979942
32.540020169205384 23.740860440229735 3.402159851611668
32.24144319678347 20.620619278151565 1.8876198598793281
27.756015514950487 20.850769098687262 4.620980694962168
28.619887505156754 21.321084859704925 5.0669944498240325
30.331402270998527 21.85032400992974 6.18806689384863
27.01633232830033 16.683333497762526 5.852807110646356
32.09133304614947 14.991054402736628 0.4108483141273134
25.09676608668873 17.53333217097327 0.19695590783688766
24.64675564609708 14.277582718114173 0.6467456585007814
24.841873168210594 18.01776932140598 5.585625509505496
29.43321651357549 18.778275332055646 5.7825296286150065
25.556189736598757 18.11331065564042 1.8716122073477803
24.596388082101015 13.651568228414646 2.732578919969434
30.847729651451278 12.983719853789259 0.9433584281708252
29.291575268448966 25.122826479973714 2.291293783016516
28.847766098750004 25.072884589768826 3.274624464188535
24.748867914890646 14.157076850682786 5.915172585420425
33.02077051884497 17.75177738454185 3.3961201599750215
33.14745860203442 18.22197699951738 2.0403520132762107
33.30009004456057 23.229912886715134 4.481960390066543
40.090536510725244 16.095953304980576 5.357802356117506
36.514969193084276 13.396670397091569 -0.5082650846680403
34.72982101938877 15.0797435649592 -0.413136820338571
33.318549488411904 24.299064550483113 2.3867007545813235
33.79178408809623 16.710305702397765 3.7208739364876675
39.9395567804736 14.131984788927646 4.432437453436375
38.35357341082694 15.577298996406874 -0.2822402726150941
35.80090451052964 13.236941537907926 1.1192113304059215
37.23275669660937 14.160751714122702 0.8362007230700308
39.177402971851045 18.032253739798236 -0.05219361445953696
33.36218222698093 18.775745979136584 4.3071191010335275
35.12477839099328 15.616136667631054 1.2174717463628382
36.85675269552244 19.44416871625177 0.3952430965006115
37.624672485478854 23.24940662061235 4.707682393404637
35.55305224603093 15.291078811173248 0.2693056766069968
38.14201823941185 17.725734106692762 -0.07278901104537439
35.032373660122424 17.63112652909965 5.500885468740055
37.859403302386454 18.051125265646117 4.267498488714735
34.26063405149872 21.697696362315735 1.4186036152175208
35.550754699660224 22.717782841806002 4.991178268120614
35.79177614684381 23.17576961710882 0.34682298361180974
36.20380849783621 22.692128062535183 2.42168501890189
35.565717742270486 22.154013398120696 1.2569606175876524
36.25669766758597 20.98986545237894 0.9236017852710177
38.395146769959005 23.33404993405945 0.8830251895065344
37.722238564522975 19.322379851275873 3.6918000541113596
36.94309829287283 17.210799935614247 3.6720652060429715
39.047699394443505 17.559212895262743 4.08685005186947
37.69202297961503 18.1311113913768 5.59435564055479
37.01399216673406 18.494113758161824 0.09065924053525798
37.73425731597077 16.45509024740568 -0.1711993146448898
35.94332958583842 17.70192358159216 -0.13555814230378882
36.3643817789962 16.490491854520574 -0.05782276423218824
34.92129759175943 18.04729948389643 -0.08490156126296
38.94862191678293 23.570109292788327 4.394741833464134
36.257740103820105 13.926220438354514 0.4090734296341525
40.772892908630446 14.34534335370888 -0.7752245576355332
39.19011871401357 23.39615932775093 3.0685897271128293
39.30956368642265 24.784849325140907 4.856334421472841
39.892585036232944 22.668704638982536 4.8609507753034
39.62247773809484 21.20838793506288 0.33662829270423633
35.44697618985292 25.25015762248858 3.493834410125439
40.67110792671766 20.137419879931752 2.068672835733384
33.63108602117433 13.433685319697934 6.1378706226546855
40.78519737876761 17.919193915242204 2.5206444016406038
34.576635509709945 20.751306079481527 5.860505817586038
34.928914162266075 25.3487853380499 1.2676022471049642
38.896039357662836 13.982162682587559 4.197863957951238
40.474010358904835 15.309154126789963 4.853823327774565
33.060663798962125 13.032498293075648 1.4654164080864074
35.159192787113724 24.92169856491193 5.760655851204557
38.65637416504822 25.35557102336779 -0.0021984403562713695
40.864851243436014 20.7876574770449 0.8660568685709646
40.58383201910635 15.25713346141765 1.3101612694195253
47.27037635484328 17.596318921506622 1.1674084711458754
44.22244287330033 19.159328900617922 -0.10530111814129328
48.449326738173475 23.96622289493882 3.8444168666769407
42.40936908807716 16.134312767746987 5.000558045862798
47.19309195637878 16.415965214631104 -0.5928129480869826
47.95929670218087 18.372181141311167 1.5013644141755167
48.42430498282563 16.108636595649262 3.905586085781202
45.94598556729849 18.1188420436952 0.8195069128622645
43.389874263907004 19.022599787173 4.490854479752647
46.92849079065701 16.123116814743444 5.57999221619672
43.64639282911871 19.904587599320323 -0.6336531017873648
40.98773890690773 13.296462691928195 4.182882084127192
46.14244985104618 20.148980642233276 0.15819307417017758
45.3004191856381 23.9319949762036 5.314966047359277
41.44694420367835 16.585394281794077 -0.29639199831387186
42.197065074627915 22.253919033866172 3.1550362933990694
47.9477939386952 16.77077593553501 0.10906615135620967
45.55988732003883 19.242459432359723 0.23058225517118114
41.29505784862328 15.275325852829575 0.1538456941639066
41.85541632428628 21.809867095416553 0.9721958233147832
41.84939367642773 15.238186707841571 4.777431124335787
43.131559925310675 17.22530054166856 -0.32556896593401996
42.1817216209986 14.00576161931977 4.274562425958605
41.34986650633538 19.958683724931355 -0.13027173988479968
43.43743298683043 13.6333264808086 3.6100700453908994
43.92861499459896 17.748623573069704 0.007501929418493036
48.9070124918817 21.24597537898585 4.784819620667844
45.48658329132142 24.40844811571208 2.533611892042221
47.20681044560641 22.113939494704788 3.460421319338083
47.03317057960186 16.968982247643126 2.0266419196077043
48.56784922211497 15.93514819462943 0.4336546975272093
42.726913109122805 20.189396788329333 4.329081784844023
43.454335161729745 13.59186211828722 2.520990147815426
45.011445037722865 24.09375903911911 0.3364563075090421
49.0946050405918 25.083555956124655 5.684499616620257
46.16942166451388 15.563853307505596 3.7053990060106856
44.238422139263974 14.299478738168135 3.930628227198796
48.59722593148516 17.426157198795252 -0.4712901930839708
47.32387072975256 15.498779299936146 4.474494836253527
44.78728439686156 23.624224510742142 1.671922091566167
43.4937731682446 18.792781847852975 5.917376024751454
42.63947723276884 18.08165998989879 3.93606766690052
44.88450366959056 16.19484575359365 0.9920228429967326
44.91963836468426 17.225769107921593 0.6720813003625004
43.48810794574541 23.970264644996124 1.9165501355525527
45.1338353885246 22.295489738845426 1.826425973544351
48.112183454567095 20.81255149900075 1.7821938416432093
42.63298175102569 14.788396824444687 0.4062419707103071
48.08856436109206 19.217537767397793 4.454846899927865
44.683641647531054 18.98180912672235 3.973229130949385
43.466316972825915 25.27610784970061 0.1661108799152311
43.999354462151466 23.982505410315163 5.77488394740922
46.348515144394895 18.244464570218458 5.554548970943872
47.55384868682038 14.154126027226807 4.706172688740217
43.05792645455474 23.88039868373578 4.747257814667234
25.94711181053488 23.626705198060048 8.537347286917623
30.47342784624879 19.07077091774367 7.4971909438412245
30.202830158205366 18.350966893898537 8.269692761734566
31.1774646201656 18.49555725523138 6.895891132233166
26.809981416682387 21.440154641350023 7.910302277779672
25.665837925818618 20.773419329434553 7.54587127689746
31.03264485061946 19.79525335381215 8.089222650772092
29.319470655611482 13.848047210382543 6.553742320636786
25.92958726165939 19.642323138652017 6.876098601109501
27.523819839814674 24.66180444574608 6.563328991022772
24.815013547291162 21.697454458996823 6.85637383167104
25.038120033512396 20.430014167495486 8.747700821367578
32.04420691874019 14.911484522597455 6.56206190516777
24.563129682419827 25.21284283787762 7.2295170019042345
28.476036889857237 19.498619250643728 7.073848718173288
29.418372021937216 19.570724569277147 6.530796858775951
31.060500731114196 21.738497686117306 6.9769333646754
27.021259411370465 25.48719582795064 8.415021446449447
33.24507933513963 25.390877154495808 8.012362748760598
34.02883582167022 24.967077773937177 8.622706795076649
33.24131905646211 14.242581859980689 8.373380289361226
35.4601607009375 19.12199968768096 7.244457562811787
38.02259099723066 19.764302018113057 7.28709974333805
35.019748949973064 21.819743658379043 11.501600373900743
34.017939103088445 22.762682554622756 9.178344479189178
34.32744588055938 23.796904687176465 9.209810894359581
35.398273776179686 23.951902415544 9.948885154013002
36.902432472174034 22.56342940643735 10.47584036420927
35.97242937684452 22.924115042647212 10.915271947456516
36.22263096361833 23.462478491066886 11.82941852460666
36.2126620766266 21.119066357121454 7.266043927418596
35.391870471287646 21.08834300718427 12.219011457081198
34.035551515617776 20.77232421707928 8.103116628753503
34.138012329093236 22.157210125775414 12.046354368652505
38.97586711032313 21.817000698810524 8.0608285763244
34.58001503630086 21.43182814132836 10.582766527575544
35.00384327651503 20.413917825903592 7.093231384906927
35.80063823497756 25.22531955007889 9.844007800216193
40.01016770218715 22.55879945528844 8.661391280997833
40.22652497378428 23.772006090623954 8.02337220136312
40.92677895749678 18.945886114686914 7.055002814668162
39.9025452172894 22.759082005820638 10.009677215775175
40.48989078018756 16.76442874854411 7.581490341071364
40.516286481015804 18.00627955296795 8.05662658718763
39.287990884733034 18.322494503723785 8.674028931930412
33.34522559831723 14.50994614329061 6.938360299539279
40.85387521961268 12.981830764691999 9.307283214465306
34.24114257243063 15.599625743037734 6.722661926169282
44.72373803456486 25.332627143440885 9.558592646082293
41.14920012227738 21.807608252574177 8.570516984301422
41.00808635662536 25.15001404808799 6.447087883804533
44.529079655957226 24.88334204693946 10.532425803314217
43.807783601431005 25.265447340951507 8.971554018005197
45.15214207215456 16.78504401685063 11.442316837228624
44.660759794818546 15.327225119426783 9.975119893824772
46.60002899666981 19.76860818409134 9.64765952613031
43.789261036227714 22.993194061925028 6.723139051065534
45.67201013079128 24.409414949062146 8.940199451255616
41.929896157438684 15.22466591129921 8.827703890042716
44.22187723850546 16.183969141770856 9.463776777477047
45.917557342271465 23.087708510833526 9.060619186426251
48.01957334214975 24.12156940052379 7.0166031929479935
45.593761663565346 15.079207458791474 9.469061840085049
47.26734372596193 21.785682842141334 7.785575382376212
46.80032412000006 22.70824515734479 8.09729875690859
46.21694538421617 18.64674881700779 7.610265392711916
46.47452634849613 24.84484650804461 8.029584071547385
45.03075220670695 20.394104798671155 8.134148713750708
45.61127643996005 15.043039246230235 11.960204556458612
42.39080890582628 14.402358413252475 9.35474261446588
45.50725734059392 22.559632396581915 9.908669613102155
47.227188598337065 23.866015868106246 7.58837133641741
41.77361642155146 13.23895031038852 9.636016633375283
43.65523680925702 14.263140782762056 9.7630850811253
43.97738615914382 12.919587171903359 9.941617015319714
45.65773623887571 19.322698016400388 8.655580749282134
43.970623904350504 15.564891373489099 12.036521392836649
44.69627961049972 18.61035470893322 9.368798238477307
44.90148963355431 15.725449173363826 11.492637041557302
42.68825055552482 19.99380870945843 8.168537854213918
41.59776610270627 17.95567381657151 8.97435796523026
49.1138781831129 13.37563659485601 6.881047674392865
43.88568447313106 25.288641865309167 6.291279782790231
25.789950911934888 26.230054266515115 -3.349999944100386
25.789950920025525 29.070000270684744 -3.350000000232419
27.019044317169154 28.35947364190573 -3.349999941897701
27.01904402637294 26.940528948957287 -3.349999930112717
25.789949985762835 30.489935134321772 -3.3500000161798105
25.789949934170302 33.320064878771525 -3.349999914525985
27.019040188404897 32.610803686045315 -3.3500000485992656
27.019040208656914 31.199196306368478 -3.349999964710472
28.240955493217157 26.22953656135824 -3.349999915706654
28.240955645816385 29.07052020868198 -3.349999912302577
29.470049128867668 28.35999381067411 -3.349999912613353
29.470049247172494 26.940008651227554 -3.3499998967950395
30.700000005968008 26.230085206819897 -3.3499998984231496
30.700000014478423 29.06996907297091 -3.3499999182194165
31.929950889025367 28.35999380845864 -3.34999990295503
31.92995076542323 26.940008668350416 -3.3499998826898247
28.24096024311223 30.48941301772549 -3.3499999326342556
28.240960249068102 33.32058700271966 -3.3500000161540475
29.47004964562067 32.61131705178975 -3.3499999447850892
29.47004964408551 31.19868293674303 -3.3499999287857762
30.69999998254788 30.489966826779366 -3.3499999868261576
30.699999997507017 33.32003315812924 -3.3499999189051577
31.929950367970417 32.61131704591829 -3.3499999100016353
31.92995035878092 31.19868297980258 -3.350000110551882
25.78995089899421 34.73999972058061 -3.3499999188051452
25.78995091455996 37.57994574235324 -3.349999927292199
27.019044036370364 36.86947106070586 -3.3499999186881277
27.019044317551515 35.4505263633687 -3.3499999215223486
28.24095564326977 34.7394797953292 -3.3499999192031185
28.24095549477601 37.58046345372544 -3.3499998975612213
29.470049225905306 36.86999135660726 -3.349999904924963
29.470049109804513 35.45000620120567 -3.349999943520583
30.699999997733673 34.740030927887766 -3.34999993956775
30.69999999228923 37.57991473907757 -3.3500003139663015
31.929950771231276 36.86999135857784 -3.349999912529534
31.929950881747658 35.45000620155992 -3.349999922985407
24.56000001019271 31.198651964857582 -3.35000013433652
24.56000000081992 26.93997736605125 -3.349999995219842
24.560000001942015 28.36002504252927 -3.349999990672127
33.15904450657349 26.22953658091191 -3.349999905344112
33.15904433621186 29.070520146096907 -3.3500001445482797
34.380955661586704 28.359473633190998 -3.350000047465498
34.3809559634416 26.94052895598682 -3.3499999231153343
33.15903975339117 30.489413074185414 -3.350000449710252
33.15903976379047 33.32058696537656 -3.3499999204684174
34.38095977655555 32.61080366827462 -3.3499999115017243
34.38095978226279 31.199196328409545 -3.3499999366746245
35.61004909101095 26.230054270574563 -3.3499999265630667
35.61004909616864 29.070000280451172 -3.349999961633591
36.839999995631494 28.360025055755685 -3.349999925445851
36.83999999995349 26.939977362793243 -3.3499999338973465
38.06995090567581 26.230054251958776 -3.3499999893701746
38.06995090193493 29.070000285254462 -3.349999952032059
39.29904435050724 28.35947366394865 -3.3500000593281474
39.29904406099845 26.940528918699442 -3.350000072005069
40.520955491823294 26.229536569606616 -3.349999904142984
40.520955651512125 29.07052020998322 -3.349999913179057
35.6100500457832 30.489935114505194 -3.349999914361689
35.61005006183492 33.320064883075645 -3.349999922043907
36.84000000833536 32.61134812451886 -3.3499999137484036
36.840000001317186 31.198651883029086 -3.3499999236218314
38.069949947380564 30.489935118365814 -3.3499999398786775
38.069949932154934 33.320064904195206 -3.349999931749056
39.29904016763193 32.6108036942495 -3.3500004425633323
39.29904022047578 31.19919628617789 -3.3500000220323467
40.520960250386025 30.489413015714735 -3.3499998993718028
40.52096027362776 33.32058702313954 -3.350000066336741
33.15904436067171 34.739479793666305 -3.3499999348910325
33.159044516597575 37.580463460737676 -3.349999898503797
34.380955982152294 36.86947106928011 -3.3499999103333424
34.380955694746774 35.45052637324011 -3.3499999354270296
35.61004911466912 34.7399997328203 -3.34999992373481
35.61004910867708 37.579945721615616 -3.349999935731992
36.840000008133885 36.87002265113363 -3.349999930470017
36.840000005308696 35.44997495322379 -3.34999993330603
38.069950913469704 34.73999972152659 -3.3499999716662563
38.069950915741465 37.57994575218435 -3.3499999480211518
39.299044008266364 36.86947106077322 -3.350000033250721
39.299044321768115 35.45052636556086 -3.349999987648017
40.52095562674615 34.73947980729979 -3.34999990588026
40.5209554686008 37.580463447448174 -3.3499999668887526
41.750049109236365 28.35999381920229 -3.350000084353719
41.75004923403251 26.940008646883534 -3.349999983623068
41.75004963748639 32.61131704796152 -3.349999911348677
41.75004963651842 31.198682934457057 -3.3499998955141885
42.979999999038874 26.230085205754108 -3.3499999685940374
42.97999998730245 29.06996907483316 -3.3500001466105243
44.20995091105892 28.35999380120103 -3.350000061533871
44.20995076806438 26.940008662916604 -3.349999963656465
45.43904451036359 26.229536578557852 -3.349999905939071
45.43904437266544 29.070520194099917 -3.3499999814170236
46.66095567797958 28.359473643082545 -3.349999916740183
46.66095597418382 26.940528960392115 -3.3499998950242063
47.890049104023284 26.23005427363624 -3.349999897090811
47.89004909901203 29.070000283612472 -3.3499998945255225
42.979999981088575 30.48996685136534 -3.3500001429940607
42.98000000610766 33.32003315365621 -3.349999906488147
44.2099503844437 32.61131704063122 -3.3499998856620508
44.20995038813742 31.198682955372004 -3.349999935617749
45.43903977935831 30.489413043122774 -3.3499999613848344
45.43903978087587 33.320586962931934 -3.349999892039203
46.660959780867614 32.61080367532142 -3.3499999277218606
46.66095975958487 31.199196323442962 -3.3500000536298105
47.89005006267052 30.489935116259915 -3.3499999498976596
47.89005006352627 33.32006483659414 -3.3500000516596695
41.750049210352465 36.86999134791098 -3.349999906918696
41.75004909210583 35.45000619486171 -3.349999894392349
42.97999999595632 34.74003092546791 -3.3499999125760773
42.979999988548215 37.57991480473064 -3.3499999203259767
44.20995077663086 36.86999134529895 -3.3499999230885713
44.209950898216725 35.45000618522456 -3.349999912049725
45.43904437014997 34.73947978140538 -3.3499998999643266
45.439044531133646 37.580463438190236 -3.3499999082328213
46.66095597567928 36.86947104835645 -3.3499999179605244
46.66095566954717 35.450526390574 -3.3499999995660046
47.89004916353466 34.73999974302003 -3.350000227674478
47.8900490851012 37.5799457461068 -3.34999991534675
49.11999999156718 35.449974926063604 -3.349999906394401
49.11999998576055 36.87002263802258 -3.3499999185978924
49.11999998992342 31.198651886014634 -3.3499999122316684
49.11999999654022 28.360025052271826 -3.349999878220624
49.119999971878784 32.611348088950606 -3.3500000932830796
25.994842826711807 28.221705767134438 -0.4735226443057561
25.927823732598025 26.731231207612904 0.6048399956541639
30.356485712216646 26.31656851909689 0.7943276489968121
31.080867004293516 27.064062902861657 0.5063625643784675
29.800791419271263 26.362913707026802 2.0294764468003166
27.258906951337757 36.32214628435066 5.465976025282783
29.997205609193944 35.38068920308929 -0.010107758713410187
27.728082634787715 34.643564503558444 0.2955732529018251
26.745610016472675 35.070945931090584 5.135156194265821
25.96515417952009 35.155757390297914 4.060050403154239
27.90839563631668 32.276277763799364 -0.375790180468093
28.258431794504027 31.96849000571279 3.953882940955864
28.482533640394923 31.352687945032343 0.5256400485897272
29.83903180881482 31.099323127411036 0.2374951474095932
28.496593757934566 31.94861845296922 1.7970739949668135
27.81058080208502 30.09945121602192 0.6845877501114972
29.436974604389594 28.332659477560764 2.1865342506781813
25.7576868330583 30.167668538984543 4.674598057185458
24.93470672809163 30.77867906409229 5.5959997559865045
25.81698319947291 30.7824175589229 3.4846528268941244
28.95294822392859 27.54480550958151 4.226590691341794
29.432084148388775 36.087331313029274 4.462354020088362
30.580042264407485 35.2758858230178 1.267099425396273
29.609775893679828 34.76659773125905 2.0489588985118754
30.78732326416384 27.89310400946177 3.228619981910581
29.783754173313678 27.60260572475778 2.917879209891392
29.187336974637727 28.44257371520172 4.798582092137611
25.62959631558575 28.59027138827813 2.0867798238737922
25.38922155655484 27.560536494876875 0.14629835468440766
25.353288332979474 34.06298053329018 0.4797251779934142
30.442875395484837 30.64365809475446 4.6752967222301764
27.812654402983984 34.262984222338055 4.7165610796118385
27.07917994516214 36.75146866333539 1.3491178008961036
31.5526614355732 31.469760991816113 4.524716402211858
27.87324701294899 27.467579950109247 4.098600425750356
31.05871054465239 32.79995799422876 4.1492828964760875
24.82896871183245 28.282064312338722 1.4143931500861318
29.30815246863687 26.653506794170912 4.743810706901285
30.912820624546082 36.48217130667655 1.8892177894744888
24.895360847517896 26.650642827523022 5.4518721175677785
31.79078932011463 34.56022205300256 1.2747405335132944
25.51107486179942 28.85631175307834 4.568414200641396
27.13840771388973 30.275491413152864 5.127919909514567
31.96552078266589 31.75951370995286 0.9640340922660018
32.395418470259436 31.008079252698597 3.580906872351645
27.31219866927728 38.045009469486125 1.6826894622246635
28.27028491894804 37.91282568122756 2.6657086992874746
31.449591143750258 37.178973500099694 4.367191599043025
32.2154637261102 31.58175622150398 5.745182878368199
32.65371778841575 29.203259683413705 0.8238061970885235
25.751517369287768 25.764419268723902 3.1811578445884914
32.68062063833226 37.577191277830536 4.705000441435394
24.602173732293117 27.05190093769193 -0.41042921996878645
26.109987529584004 34.68239111917482 6.220253235215656
33.5994273338717 37.03382825423741 3.9114254052958652
32.93106894847314 37.34915716966158 6.010889450171055
39.069626873638676 33.485884541787144 5.385517224476379
36.72638323898831 37.22107651553579 0.016835859131298925
38.58100056472652 26.966102588553515 1.6183511026577468
36.55313611697258 26.441242128534984 4.940814985522062
34.62434684556627 28.527004803875336 -0.26384815202147416
33.65843513131347 27.374766554958175 1.429352884546321
34.31499209974282 29.4159822406473 4.307742845522151
36.770611331204854 31.27177883697109 2.7991779111829986
34.69939025786641 33.94068735759921 2.189493655629182
37.32556354086518 30.36284853047092 3.8025264490789468
34.570570260791904 34.32023751194045 0.004114464251301353
36.408598194739255 33.31830878075571 0.82893927626283
34.4134084225524 32.249313674103405 0.7255822809995371
33.590086362785435 36.34368493152338 1.6410363553554552
37.48994101579866 33.51484554278792 2.6692555174397983
35.05069443704992 33.43808062629833 0.9581324277304049
36.61123222511922 30.42958956063298 4.969343903332614
34.611948001898504 29.33603415746339 1.8830293897113282
36.45351136182694 29.60353077875996 0.3871604422577768
36.74442743698184 34.92274818399108 4.619538397416756
37.477794122425394 36.053764910575985 4.198376378718405
38.66846033599926 30.578454424343498 3.9774720010236897
33.89641025561126 28.608208100915036 0.9313879510548317
37.93353247683773 35.78858286057766 2.9701095913614317
36.825433626447825 37.291529171674235 4.174557633106863
37.29884506860515 29.024783783725773 3.374687366802591
38.374191271736315 30.809766501388847 0.07888154024567662
38.742362386819934 27.645301497296543 -0.3925268359651224
39.65349112548988 32.563608691932764 -0.5121382670031338
38.522211645076894 27.108489959290416 4.119574875193387
38.22836014725999 26.613345167320873 0.36243469787366034
35.34206211261877 25.79209030308045 4.758745103223641
34.47817506021923 26.84026073503887 4.6862439520866594
35.21378508207234 37.98166111162731 1.5299960154390513
39.38273369261396 31.623054866264557 0.47286443602634676
39.034583616002465 32.195961506653354 1.645011695634101
37.751496859396056 36.88455962542618 0.06477799030750853
40.858815519786965 31.211450865752806 4.047007567680321
37.61065979757259 34.78294724827271 -0.20846770324983166
38.8404895699692 37.674784423120215 0.1722473467569685
38.17263377781796 35.61661160174947 -0.11208829014381139
38.58278481229219 36.17459436572208 4.9758823525811815
40.6684594176285 30.91625823132644 0.6770241653169584
40.712774313023374 35.21774986803374 5.412256506131277
39.913232064812036 36.909823663460784 -0.06178114840943216
39.53154675188908 35.566032081491024 -0.09178160107141231
36.79613851909261 26.710087444383582 0.3405777621191508
40.19024111264312 34.73331264293929 -0.28951899211518417
34.59146814135137 34.35957321782566 5.673902801838974
40.89179798121005 37.36178486985616 -0.12915929914147473
48.51347916273547 32.52255449458091 6.227601865986486
47.259843207391 34.41250873160712 -0.8315925586587192
46.118113630595566 36.03781038013235 6.076878589168464
48.42318367019433 27.24367023195515 0.28268501553621816
48.39646664695903 38.256132205218385 5.4781678580172235
45.22712574369313 26.064228004727152 4.311140550950833
41.72158391374561 33.48215102345967 4.039837481337424
44.07727748505805 27.244019859790054 0.17602303165486277
43.1705284982938 27.194077572653043 3.9217425985015506
47.20930269635599 33.881251784441645 0.11883456320443186
47.309606113518264 27.627862424695653 5.206289721738582
41.10070683717672 28.6674212750165 -0.2150423932428558
43.12288777769689 33.25641519639348 4.094648022081408
42.03515326328204 27.765862671057647 4.488129883928926
46.81633441501745 34.905023329059034 5.539776900249537
46.08968269644257 36.47732925219993 1.8528041923489957
46.389533414072325 33.58321441749172 5.697064214378024
41.024214050861296 26.271616712302823 0.2026159058775645
40.996560660800014 27.534284835988764 3.655616766018185
47.05775558103192 37.41931099636866 0.09305893708342228
47.277899359096295 30.93239383839306 0.28409846719368304
46.87884579175618 27.350829433915447 1.9794179573044413
48.214205967376856 31.45960749366302 0.17558258352277423
43.48440437980322 31.935747945961094 3.9357247670636095
41.98142433858293 27.067062062494664 5.6639519483457885
48.29699774953476 37.22163570461 2.0376815040415854
42.341206630129236 36.77887364875674 3.853388982855994
45.41530878207201 32.694310074145264 -0.2657499455674861
48.281174855121556 28.989627434257027 1.765202332150907
45.10261576603342 27.106036508810565 0.4859294762797961
45.15589946644127 34.103274411744685 0.9523696820842575
42.12002791730375 29.147901036756423 4.711738679389816
42.5162655359425 38.14577300913888 4.034384596021489
48.286409080067074 32.84931890633882 0.11305431965731416
43.65714322457836 34.044749113253665 3.106655577501576
44.93194931987313 29.76707711549113 -0.6389436779828039
44.77126773422517 35.91484579438653 3.596748102054297
43.92480844816362 31.17669052188947 1.4361563941938438
43.616964491836555 29.565777387960576 2.1104775398279143
47.05697856483911 37.42850162207999 1.4494600969672056
45.756242317706366 32.72684271075387 1.4331733446160588
43.37165014004338 28.365018903101678 -0.16802729031052288
47.636704757361166 28.038884015009465 1.0483432410523985
41.99940393089074 28.080544205196762 -0.09538104330140018
43.52174179348974 33.844079327441236 5.313717906495618
43.44750172125077 30.53816222680796 6.068593223278672
45.173571434443005 29.835935422479928 1.5775585711351203
47.169286723365815 29.900503790166287 5.819682106733363
46.832562915231506 35.133472254046424 4.256830318782676
43.23589904564571 30.240441353666167 -0.6829089988836479
41.967896581690084 26.740716109978813 -0.03362345607849093
47.34184502398912 34.61212336672125 0.9165558571414245
43.22226285856347 26.252866837624683 0.08561573189461269
46.75102674203503 28.57868080418686 0.14857959254542918
43.98678087817828 29.70786358793178 -0.09926750152713382
45.80078096119912 33.33341747375235 0.5286384550297929
44.148566532160615 30.11487389297059 1.3333081252399426
48.10191224657684 34.958687057971524 6.013427595929482
27.34074790062106 30.953892426021962 8.436519717402568
26.853737580078313 37.39291695053359 7.813249371244549
26.369790629395386 29.3095661824112 7.603948228247608
28.983787425868186 35.75381701621003 8.582184352772122
30.082573710410674 34.7083825542515 6.92279003088985
29.81914139973331 30.87599709199205 8.478832054069503
30.05754598186393 35.9238477076471 7.654103519658141
30.737706206149817 29.94520514519219 8.607446121746015
28.66299141353514 30.296874410017637 8.28484871102162
28.83531104808493 28.878069782576194 8.44911842632593
30.191971047672215 28.652275913593293 8.394731019522453
27.327084812082695 31.547582958358312 9.350546452467675
30.02088330027553 31.93653037069696 8.509966766844649
27.195198323025288 31.632615105763712 7.596132398830708
30.85475493295225 27.80032527975048 8.43075377541454
27.97507126515472 28.243335001618597 8.602413154662688
31.30189190555327 36.20051759612649 8.26970606409185
26.75935943793535 26.8731389986772 6.807037581326011
31.720478557352934 30.161894484537353 8.521981298411752
26.072124969920104 29.971480926219677 8.417191136068844
25.118265653976767 30.48245215815616 8.286191871404258
26.22111611943336 29.345613387505836 9.297072640227762
32.54462231129346 33.22342394980402 8.94175202114997
25.691191495176447 37.8548128114491 9.808539044632983
29.656361590808643 36.98728706087459 6.823282483323244
27.62038511464841 25.851082513356083 7.276856851785754
28.879100430082115 26.326060818462416 7.589596418419746
32.63906503319936 33.03884295864147 6.625803485195814
35.132279351494276 37.258484310250715 7.294552274191314
35.55799977796086 28.721237277453092 7.894275406209329
37.043983080543065 37.47925465381621 8.776415695768955
34.659975430038926 35.26423916046306 7.621996085019211
36.01204003810157 36.47107482604054 9.694843942413016
36.567772179026015 36.498964907174816 8.75756920631182
35.72095142644844 36.36034462802597 7.481395256409641
37.44587542613236 35.87219906262853 8.913130332390665
34.57836196082399 29.60171438533517 7.717189700041281
35.23591524239055 30.793167134169963 7.847870831912624
33.67155397610008 29.565371561916038 8.699175448748605
39.00622060151293 27.690735757981468 7.739812319238496
39.009272329231266 29.058644418343622 8.121597263892003
34.16228308087637 34.453500416948366 6.660501942895303
36.460224495742175 36.27482348926345 6.684989917170817
37.46651555182263 30.532751276637992 7.1587592319514295
34.013490868730074 29.375251183235946 6.4899495812445895
39.282630553358736 33.07085589352501 6.738779441848967
35.097770614557334 26.841700190078367 8.885858493538334
38.12189857612746 26.87405400823786 8.487295948813728
40.31875066908607 33.735511983963804 7.32349734794767
33.27417833238518 33.628321920003415 7.144692347475685
38.171491385699085 32.85969125951691 7.421152128469306
33.9941515487508 34.95228863521171 8.73769434616709
33.90094925249869 35.50209290636983 9.662588175449729
39.6648054585023 31.757726637755944 6.699437640373928
33.27636273685152 33.81895804219061 8.416114223410805
40.32163757095868 27.305530844738918 7.7555387517304535
38.599270513452545 27.621923140224954 6.43796140916368
34.99709350375237 25.844975982225915 9.014330174716685
36.72198930875498 25.62142605646952 10.244771863656826
45.88590503348501 28.24744949863175 6.8255791997862385
47.44032671580865 33.002610000887934 10.01845723916275
49.11549947766217 35.808184465756675 10.879169536373748
48.183593594244236 28.55688559065734 7.280204065683144
48.874520680367404 26.28291330831087 9.853112412269752
44.86371809841727 30.67058439375879 11.133328437706359
44.66174005485914 32.25126667653579 7.657800154732042
43.96471739719954 31.245809434374323 11.354719250690694
42.75985675350247 32.82834523231343 10.393352052665284
43.36801235578279 30.499769911345908 7.074728140135256
43.10607962304939 30.576888097820586 11.412903606171616
44.05425219755193 31.848882053380944 12.258260581149207
47.174057118205305 28.58943445490838 6.274501346653563
41.65199157905837 30.067313957602284 9.64855183360523
48.42920357131154 32.317231827267285 9.203305885840432
42.33802432103884 30.422878834190087 8.894010452711713
47.77557082124129 31.49066291270408 8.264774817474027
48.36018890937431 28.225423469891656 10.923092910538038
44.03297028578202 27.25881672892067 10.048797174392934
48.537630683812054 37.05091697110182 9.168988659760721
45.02137350301847 26.822183023158008 9.905583742018532
43.253608410920414 31.48672354277677 8.943627486400946
44.466379939872404 32.791937617346214 9.958557522317136
42.495900164735986 29.785421518703654 7.797789528257755
45.638704193706126 27.32294040727155 9.159765492962613
43.60690859677284 32.168618247548835 10.205300250046177
43.90125759859064 31.499426243963356 7.808804782850306
46.82981264462302 25.860225920264707 7.933791081067919
47.46276969979544 37.069791987162695 9.06546282328584
45.561146815483966 27.12577741666996 10.802564909887408
42.0444463006146 28.880018216029445 7.419855316870402
25.789945953960313 38.999455658305145 -3.349999923586462
25.789950777914047 41.83000865560315 -3.349999948684207
27.01904453628839 41.11953657014313 -3.3499999043319484
27.019005343080856 39.701081793664244 -3.3499999046986284
28.24099469536312 38.998918221324665 -3.349999886862556
28.240955988838888 41.8305289563507 -3.349999867449559
29.47004910262849 41.12005425958871 -3.3499998696539803
29.47005405812006 39.700544366119516 -3.3499998752917515
30.69999999445562 38.99948994102823 -3.3500003963246385
30.700000002894 41.82997735500214 -3.3499998717852844
31.929950893215885 41.12005425560918 -3.3499998603332903
31.929945946317442 39.700544367345145 -3.3499998700796976
25.789950925955917 43.24999375720414 -3.3500001614812414
25.789950382720505 46.08868292578408 -3.3499999401829794
27.01903977555626 45.37941301043593 -3.34999992625029
27.019044387983232 43.9605201979129 -3.3500000320885484
25.789950368007087 47.50131699885342 -3.3499999460762266
25.789950779097182 50.33974811213504 -3.349999930609777
27.01904347386097 49.629468010578364 -3.3499999351252754
27.01903977699809 48.210585771583325 -3.3499999430404905
28.240955698472007 43.24947363260023 -3.349999888172529
28.240959779183303 46.089196300124264 -3.3499999353744094
29.470050063627404 45.37993509819308 -3.350000050578843
29.470049097923845 43.96000026074319 -3.349999873082555
30.699999992345557 43.250025050649256 -3.3499998663105632
30.699999996344523 46.08865186398425 -3.3499999115822208
31.929949927126653 45.3799351081984 -3.349999916591684
31.929950876516557 43.9600002573447 -3.3499999391691357
28.240959796539588 47.50080361479499 -3.3499999190859686
28.240956487706523 50.34026694301378 -3.349999940299072
29.470049278646623 49.62998832829497 -3.3500003409965906
29.47005006189804 48.21006370243969 -3.349999975284117
30.699999997076013 47.50134806788596 -3.3499999081625544
30.7000000222888 50.339716909899074 -3.349999957235714
31.929950706865093 49.6299883193633 -3.3499999217943577
31.92994993494768 48.21006373370355 -3.3499999191134675
24.560000010632876 41.12008520147531 -3.3499999212758755
24.560000004731737 39.70051017658918 -3.3499999289345395
33.15900530884974 38.9989182229828 -3.349999878437994
33.15904400241426 41.830528935779064 -3.349999882282755
34.38095546867744 41.11953655572042 -3.349999904047898
34.3809946226319 39.701081804954946 -3.350000038218491
35.610054089284716 38.99945562288492 -3.3500003852218283
35.61004923599501 41.83000864755788 -3.349999906677281
36.8400000075241 41.12008518629563 -3.3499998969328937
36.84000003650344 39.700510171641675 -3.3499999551690527
38.069945948405056 38.99945563353582 -3.3499999111037515
38.069950767234104 41.83000865146497 -3.349999885919055
39.29904450910724 41.1195365478417 -3.349999897812922
39.299005300898564 39.70108177131712 -3.3499999517807355
40.5209946391275 38.99891814988008 -3.3500001370800714
40.52095596079991 41.8305289362373 -3.3499999132145963
33.1590442982085 43.24947362504235 -3.349999906505794
33.1590401981924 46.08919630738559 -3.3499999523720136
34.38096022020329 45.37941297424739 -3.3500000954817066
34.3809556378296 43.96052019930627 -3.3499999116151367
33.159040209548394 47.500803629138254 -3.349999931619582
33.1590434942971 50.340266936412156 -3.3499999094162645
34.38095651864031 49.629468000017255 -3.3499999306067196
34.38096023016751 48.21058577386406 -3.3499999473846898
35.61004911802778 43.2499938065262 -3.349999911282071
35.61004969616995 46.088682921682775 -3.350000130594206
36.84000000335083 45.37996686158256 -3.350000016850453
36.83999999117308 43.95996903499584 -3.350000195466447
38.06995089354038 43.24999380327342 -3.3499999092018773
38.06995035382032 46.08868291188175 -3.3500000426427157
39.299039755252224 45.3794130059883 -3.349999942911035
39.299044341968056 43.9605202093666 -3.3499998851364534
40.520955667789565 43.249473636698355 -3.349999912534498
40.52095976637948 46.08919631140853 -3.3499999183422844
35.61004965225917 47.50131701654059 -3.34999998430209
35.610049207432574 50.33974809408863 -3.3499999380577905
36.83999999382016 49.63001958905159 -3.349999945952735
36.839999997854996 48.21003200106111 -3.3499999295289697
38.06995035905095 47.50131700533224 -3.3499999834538077
38.069950781354144 50.339748089928655 -3.3499999523551596
39.29904347383673 49.6294679909336 -3.3499999479455997
39.29903976585079 48.21058575866626 -3.349999933784349
40.520959779306004 47.500803619470595 -3.3499999255540738
40.52095648252543 50.34026692568574 -3.3499999721053175
45.43904022074831 46.089196318097194 -3.349999965507644
45.439044322424564 43.24947362745048 -3.349999935021639
41.75004908220686 41.12005425614794 -3.3499999345802567
41.75005407624316 39.70054433865832 -3.3500000428097487
44.20995090509183 43.96000025644098 -3.34999997418151
42.97999999209392 38.99948982284863 -3.349999928692766
42.98000000424407 41.829977357745854 -3.349999928566029
44.209950919057654 41.12005425947186 -3.3499999390082937
44.209945954469084 39.70054434936423 -3.349999927541899
45.439005341584796 38.998918214416676 -3.34999990836641
45.43904403711617 41.830528946565316 -3.350000053298179
46.660955490481996 41.11953655337836 -3.3499999894065446
46.660994682985496 39.70108179032892 -3.3499999135605907
47.89005403518676 38.99945565369766 -3.3499999331579278
47.890049229148794 41.83000864596584 -3.3499999133872915
47.89004910541767 43.24999378530536 -3.3499999219198493
41.750050050334 45.379935118684934 -3.349999923908562
41.750049090903644 43.96000027563624 -3.349999928465488
41.75004926646151 49.62998827531363 -3.350000176667792
41.75005005499551 48.21006371744975 -3.3499999449082973
42.980000037931 50.33971689771277 -3.3500000791166196
44.209950713941424 49.629988308032594 -3.3499999357950117
42.979999998383526 47.50134807242923 -3.349999940208969
47.890049207079635 50.33974810135959 -3.3499999500164135
46.660960228421445 45.37941300763974 -3.349999935365482
47.89004962335007 46.088682928922715 -3.349999954456605
45.43904020960078 47.50080362411689 -3.349999949734382
46.66095652285076 49.629468005556966 -3.3499999490288235
45.439043505266646 50.340266936393874 -3.3499999311108954
42.98000000005502 46.088651875296215 -3.3499999329321595
44.20994992992407 45.37993512527174 -3.3500000229982696
47.89004962874875 47.501317008885856 -3.349999961760215
42.980000006205316 43.250025055253396 -3.3499999289360307
46.660960224169145 48.21058577372923 -3.34999995147749
44.209949937929636 48.21006373021001 -3.349999951320158
46.660955634922885 43.96052018979238 -3.3499999350504597
49.11999999623148 45.37996682328925 -3.3499999553556012
49.119999934699855 39.70051017443302 -3.350000412877727
49.11999998787147 43.95996905164787 -3.3499999317399967
49.119999917815335 41.12008523066931 -3.3500001015851133
49.11999999868409 49.63001960008492 -3.3499999620861276
30.567581691598484 39.506887111284996 6.191539086820844
28.981168217052247 50.353868741782954 0.3692658598094978
31.769818649027055 49.39346818911719 -0.22590469153794035
30.176820124088394 45.26261291146315 -0.32862201074655095
32.421956024755886 44.32340894447261 -0.4864138813306895
25.137007519850165 43.1770934723437 5.78083186991234
29.30277259042164 43.09359008485518 0.0825179687563804
30.202870379864546 45.49688326120802 1.3979658778960902
31.18066327240845 46.4264539613721 0.43760972283403254
30.110286160206034 42.39845459141813 0.2588939319753092
29.319447052706455 47.991841340429964 3.2160960041906437
28.085894479986408 47.98483818957354 5.164447679729427
29.30150271189102 47.55077143274263 4.532207261116284
27.307574280968684 45.39117411748545 2.8112959976103746
26.14928524268581 43.651426668629135 0.08381025191349312
28.477126896999497 42.412944132913445 3.7462113873703595
30.844534851733435 45.39309580833852 0.522983094995324
26.18908343851753 42.19804925746362 -0.05455388411287121
28.296817356373168 43.2919144505939 4.771018281614655
27.452053522196962 44.21622965970926 -0.17759845404319408
28.8666287843884 43.19735284324619 2.6697935396476824
29.41692297086979 41.46887000314391 4.058399373181433
25.799346865091227 40.860787371774244 1.9665254120640208
27.214723290551493 41.77281860040806 3.520653705545177
25.957018831289307 44.002813439765056 1.4032452956486041
31.40629761314722 42.818513883951816 0.47803229958278015
31.23746738510435 50.069213852573704 0.4434755674708024
31.885312577089497 44.25021090821226 0.4595014733931069
31.6465285259882 40.91406035763225 4.64899566511832
30.4626704695898 47.891797300516465 5.151839443869744
29.18839527429678 46.141353927091004 4.532673210842467
25.131510763944714 44.2629678241745 -0.5355056117166335
29.758978905844938 49.59305955473299 0.3038448132104177
30.14289419001263 41.021289095576236 0.06325825324447587
29.403373709599204 48.62245182757007 0.6496273814499176
27.82092305531363 38.6526460375342 0.6014392208889674
29.377874220630794 40.280029453480424 -0.1147265480108639
29.60705467408092 49.525089389892166 -0.7733734027623462
25.984494563181816 45.004456383562875 4.848466696058203
25.369364124588206 39.974971592592965 5.0085487531146295
31.639277002140016 49.92917417671288 1.4469883585421373
31.00379304280133 50.49332332189421 5.153479357249672
25.291624657814545 47.28242883984628 2.2850429476276157
31.47199900608006 40.691721514651384 0.3570661396454322
24.901203842222937 44.54537610599336 5.521719082101643
32.16926738010183 41.76739818396622 0.5704618683848806
24.73029356286569 49.4285372460569 0.9205427864526738
31.918604592897054 39.87216980864143 0.7430434071743441
26.227496439344122 51.03946575038663 4.628719140668757
25.968831552820774 47.304210487057 6.0787445928976975
32.60303526850079 44.41404149900521 1.2633258798258573
25.069996750822853 49.289724735197126 3.195023354147837
26.14828936936667 38.682970193864655 2.0981409470492918
24.569772937328594 48.05867903987766 3.1133080908105804
28.954153510490652 50.93056096845638 4.928468211220868
30.501623868005566 43.81150069595834 6.1164423708555
38.07217467229519 39.5407039728932 -0.36043169396392627
40.74231340698763 39.65131913143476 -0.7585102599862759
33.17843121794093 42.59080001656107 3.819825227157596
33.358882319667345 44.68137333873153 3.5561270692457936
36.622976454080565 40.822099240913964 3.98238278763115
38.51023658662767 39.425113254623916 1.341723918411637
37.02162250688423 44.38673567157929 -0.7549934843080641
38.05337194256953 46.6574819808525 -0.5800218548383873
38.33938553465079 42.312786998702194 0.2986385661671942
33.1631399036045 50.54149325581006 4.468404680277869
38.16685161663181 41.46996072955098 5.587456242475508
35.11219917533213 50.038785287600746 5.511869518909966
35.15463083025117 40.14919719506325 1.6973924738601665
35.427774137823874 39.185079142562394 -0.4844897314231411
36.54517185673952 42.1696563340437 -0.10857517513989223
40.11561467889517 40.8199675464828 0.34835325996775857
37.14294709224197 42.24802167367258 1.519348405520703
35.27647762958411 48.47226687679945 0.15705277092675995
33.537103257411765 48.48880474598324 4.898604171259651
35.159600585074806 39.01359767988784 3.989209242753504
38.70563764038493 39.76188215325172 4.022395599033452
33.22999148045394 41.86543917501144 0.7483729332980471
36.4015182895854 44.51237723324779 0.888867258482392
34.83424397859171 49.45948626309092 3.3193576338791786
33.85857178974018 43.67753258334502 4.257348243710219
36.02449765729894 46.8990037322091 1.4030348090594402
34.1658144622361 49.60943266207895 4.576033780665346
33.82831840551888 47.298217438929186 1.5233930380989846
34.78726140378077 46.25319873860078 -0.44826475105185115
38.549772541887904 49.08328050506592 3.741132841642034
34.87894404590667 47.18338046032552 0.6130971431247356
39.77027083989404 50.94897031485067 3.796289550955312
38.73292223776736 50.305744099105766 3.234344778764383
36.42488014101273 49.86852706547119 1.6280611023177205
34.41431237911051 46.5984286045629 3.8158566145244177
37.31708869316427 42.62525745937335 0.5116441508740566
37.223928600203166 44.12935802906899 0.2846838670285312
33.568193275658764 43.776452080655254 5.594346039532288
35.24620539697178 43.53321489273518 4.031063911514931
36.41414386253642 45.96828164375926 5.4327291785077385
38.01535982951714 41.01317849669817 4.31406615781624
38.49092393224765 44.85922849028699 0.5486542947421902
38.751421608595365 42.0035201786816 3.4784677506142336
38.757610615776 46.12058762036314 0.038195208041178486
40.2465620103069 39.74706903572688 0.2074931088137033
38.92525196243869 50.274041716179006 1.8765480766471587
32.7693669924761 38.97417173637664 4.460718249084216
39.6158201153458 44.463923965789085 1.111035413385414
39.979472996955856 46.53098396727292 0.3714144772364636
39.590357928394596 43.5831591007399 1.7355391600282566
34.82613799854156 39.07536082925207 0.8019591201022391
38.81264948252675 39.142610644367714 0.33333970780260347
38.93854134607196 49.08905492978152 5.888342239672974
38.52195127010561 45.77953442961146 5.388811559252938
33.51823801819047 38.768285359850864 0.6945450629177197
40.54339408797991 45.485044363203464 1.1449193026366489
40.48683512027203 47.45049633981779 0.11946076606629386
40.6042857218819 47.6538057928571 4.9425917794532594
40.83627597102584 40.64662448495396 4.214670918819947
47.37419203356068 50.8332913008058 5.789739229079621
42.05428159053993 38.5220171340041 5.27996285829683
43.880100130567975 38.30140830386213 3.8981978370317094
42.31560437115411 50.56788010541918 1.8466588778900839
49.065315734759935 40.20304859340276 4.690883746300948
40.96120482864648 39.39456117415377 0.9512160745572229
48.487411067616875 43.09526688701974 3.6128808963748726
42.72835820303425 42.290364993560146 1.93800669828045
44.070028767422436 45.270751727777004 3.927464907613193
45.60538058791116 47.064114425880575 4.823779304391916
47.73542677290406 46.91978754168903 5.7586347284469515
42.695275480364586 51.00292725531306 4.527103081006284
48.1408228465576 39.60261216845154 5.518857484287847
45.314255172130615 40.139792081492836 3.533395784060124
45.88322243373374 49.65066780241324 2.328848156150536
41.99132457170306 47.73115050274504 4.703753073339288
45.8040230739591 46.08891906991202 1.3775997733627277
47.101634713591054 49.69728610386392 1.7077928473368265
43.286704359403366 42.391887135731494 0.7599949010164819
47.1093617449785 49.170382466243126 0.4554531586028565
44.60550859821352 45.96107300025668 0.5994718356423245
47.314570948140336 46.7590212497738 3.139196590707577
46.2838880193692 41.93513464871904 -0.19763223139489527
41.364491840044984 41.94318112752015 1.9659722507413346
46.354309917595465 47.00626888154777 6.013778298231946
46.936002476428676 39.951344134560486 -0.1722840693297989
46.40849887704016 42.3076733239214 3.226872954722766
47.137086957433176 40.9753266455443 0.10596914037876659
43.921250021884056 49.16837896719608 0.831382666733016
48.876560123842026 43.52842286709996 0.9018707734081421
42.76515053057245 43.47501692779561 2.637547488454246
46.38656259283449 44.01660963473297 -0.045508445333746206
42.5394011064077 48.87193533675309 5.256750170427392
47.17987910426017 43.22834478749699 3.980693883209768
43.620085009386806 43.35939659959135 5.16180308964541
41.49265761805856 45.47701878409036 1.4897878870934633
43.4554950261264 41.376192905256794 2.7547605237254578
48.03074949907122 42.896015449979195 0.6758945670887828
46.84059195779645 43.132342579626574 0.1334583422182889
48.23826033462051 41.570356250462375 0.7277185848603018
42.349252101199916 41.688935858829886 5.86802363992714
42.486406376958264 46.63463854178732 5.400918809439998
45.28703244060914 41.77594276268232 -0.58147712001139
46.66570962345937 44.531569462236 3.7150698980229535
42.09676250724703 50.078381492539215 -0.39203486187279313
42.23011018171808 47.69622799417979 3.3035616279323587
46.68696543012851 38.635434187008045 1.851143206341238
44.802095414867246 44.862378182924786 -0.25672014732063153
41.92915514946674 38.73757868658313 3.007231002183791
46.901096036792524 39.70748674302484 5.071682572661222
44.31391581541987 47.184801641292545 0.007671153560606658
47.94722929859332 49.147056393889166 2.6509061343345355
47.11338509948302 42.991621906426126 5.361440390086698
43.52137575216381 45.72729769587404 1.4674283012062195
28.542525810660354 49.00588068020725 9.688144524029674
31.35357155025366 49.996211822453695 8.812426723679325
28.21707177378271 46.76372767096837 9.709555448428606
26.97442266243539 50.105193556110194 8.57033228457399
30.50173422447147 40.289752712222 8.380904338559636
29.77259771428036 40.22582231787157 7.116522528220315
24.647346261097198 45.32526797112158 6.652990464938871
29.2839618750166 41.44788226174127 6.6827589291384095
27.932315254679363 44.85755147240751 8.316848242534398
27.743140989342596 46.271822500256846 8.47851909612897
28.67789658962302 39.484535355023695 7.3615254285257645
28.58470614921793 46.89076169548559 7.618217386478361
26.429986388819753 46.63846941782065 8.285620662568208
31.795071491848425 43.806028667805855 7.900320079886711
31.02644415381606 44.23127060127571 6.961875333454731
32.14402131777515 42.792463533980055 8.031924557626835
32.33630695693477 44.948525124626215 8.57563655038428
25.9375539722706 50.24145057741172 7.679283233175273
26.88645978708442 41.63959818605333 10.912783744622322
31.8615988714981 38.47081688723575 7.794287933211967
26.404754535223393 42.61553856468441 10.852780180043094
26.80000992220912 43.05131543708004 11.770370337347371
26.801013951183247 43.08889902632363 9.95444374597926
31.770021452539897 45.98103192591878 8.044247318101007
27.214518229814963 42.38002491293942 6.601541304210208
30.931311993515877 45.536263420149 7.1296636160859395
25.342598871860822 40.76386289802434 7.117699130679838
26.011090619670192 49.47842445647425 6.536423300203906
30.85226084654673 48.806773582113244 9.347269737620813
24.76967857155759 49.930043455402625 8.345731703657483
32.70705277707088 50.18751914335862 9.208428262420625
24.94741811990733 39.78379531722599 6.287765601216412
31.209503357652576 49.99034601992274 7.436910404226072
24.84464391949529 42.35711468245532 10.885754490750516
31.92994527899472 46.984378142405895 8.410472303058608
25.311126732072303 38.48894664951311 6.644503863715863
30.214893437266866 46.062017322664765 6.6496351937080425
24.78989173629572 41.30283329942464 10.614474255598164
33.01765214587507 44.42973747714509 10.43707457056825
39.970953779847925 50.91448335362775 6.798130926428633
33.14387833300357 40.72264757697276 6.599634545303249
35.28561772239573 39.926018658612065 6.6430686306517925
37.79234575810465 50.90790175046668 7.1968776877369205
37.72471756701039 44.53622363357823 6.926022787718464
33.46888152937064 44.825741861473354 9.527309451467353
34.20698354270665 44.102980678807256 9.179571486239421
33.26020749462044 46.92240379169635 10.23483736567737
34.67385954238155 46.07270111092331 10.81742371542584
34.28802187003996 40.393020790213725 7.483599327988769
34.01708667330772 46.18950428432955 9.955387511282563
34.66608773833419 46.62957117319966 9.198262190797635
33.901579477425145 39.49437947834474 8.423702721638989
34.872978530868735 41.48485843318301 8.08975109352652
40.51911285501115 48.79380568743081 8.13348746059793
40.67463710506339 50.39253795223756 9.763860086787691
37.80279400361638 46.73680092132402 7.124800858402935
40.50586422899262 45.659023491697006 6.531960632552149
36.27954336338295 42.54920923296176 6.369994207670886
37.53786053295677 45.714771067081394 6.286692028391934
44.80270295158475 49.526365603928035 7.929276274023728
46.59937093149077 50.8195496189558 9.110125248626197
41.44235673282175 48.25193396714405 10.08581276718265
46.26899495911861 48.13847795851518 6.7807973459118855
49.062525645484335 43.89943026788427 8.606095795719458
48.38645217318135 45.051922993991035 8.150416416758452
48.166451250294365 50.79733378939704 10.632896939180887
41.38186412143741 47.90619733966543 8.756038306545953
40.960811364295104 46.56555157651909 8.546054567018865
48.04225409090877 42.968138461058366 8.834539742460016
41.80944182661307 43.68301558685217 6.492669788531971
43.706766469312896 42.60889677250258 7.383829029359798
46.00209330205864 43.65013469712955 7.347176448320129
42.783706675615576 48.04244343055133 8.333760469942094
48.318826436409104 49.28815196096113 9.121546023821514
47.890587161177145 50.582040647066 9.420572761048014
48.25976533368085 40.15321647505579 6.779456452926857
45.903775544482656 45.95035558212253 6.7772247017554355
42.89258923591613 42.85525794205518 6.276507204514134
  
  
