  
  
1.2299506717342703 0.7102494310182801 -3.3499998692760133
1.2299459390009042 3.540544385295484 -3.3499999216911744
2.459005334627905 2.8389194014813053 -3.3499999128110556
2.4590436258023014 1.420475215449625 -3.349999902785241
3.6809567638615195 0.7097304815481599 -3.3500001523315106
3.680994685817343 3.5410818269960975 -3.3499999228801105
4.910054064880327 2.8394567985652817 -3.3499999015963997
4.910049297973055 1.4199571535239532 -3.34999995195445
6.139999995017687 0.7102807041761507 -3.34999993291053
6.140000014687344 3.5405102173945004 -3.3499998932944983
1.229950913235607 4.960054271463112 -3.349999918629506
1.2299508803532426 7.800000284295523 -3.349999968417926
2.459044305317396 7.089473594429019 -3.3500001264570143
2.4590440278976162 5.6705289552110925 -3.3499999078566667
3.6809554855867743 4.959536573008163 -3.349999916961025
3.680955689402479 7.800520207888874 -3.350000040529361
4.910049128007562 7.0899938179780975 -3.349999878568166
4.910049244750637 5.670008664989812 -3.3499998925220886
6.140000021395996 4.960085206191806 -3.3499998811514784
6.13999998554373 7.799969071332836 -3.3500000428615193
7.369945960785589 2.8394568101254047 -3.3499999002481884
7.36995073105095 1.419957158319718 -3.3499998855105693
7.36995092814898 7.08999378845869 -3.349999989548702
7.369950789471058 5.670008669764426 -3.349999845576477
1.229949945020552 9.219935122085094 -3.349999901136446
1.2299499513026242 12.05006488317147 -3.349999870778726
2.45904021859135 11.340803688173724 -3.3499998654857785
2.4590402245564023 9.929196331057977 -3.349999891501904
3.6809602522200415 9.219413043011638 -3.349999911897413
3.68096016486454 12.05058686376278 -3.350000187197745
4.910049614934693 11.341317043366994 -3.350000060062508
4.910049641450987 9.928682943978881 -3.349999889119182
6.140000015948602 9.219966855259111 -3.3499999073549636
6.140000043109705 12.050033178272825 -3.350000126657756
7.36995037335489 11.34131705430421 -3.3499999437401042
7.36995037948941 9.928682941524778 -3.349999873197497
5.625936391943439e-09 5.669977366470098 -3.349999922075596
2.1517871132473015e-08 7.090025064878978 -3.3499999627861565
1.1271251703022764e-08 9.928651889339626 -3.3499999121856727
1.9714877416989725e-10 11.34134813444994 -3.3499998755181046
8.599043229179484 0.7097305001792016 -3.3499998610066695
8.599005335503035 3.5410818389106047 -3.349999855168855
9.820994676592433 2.8389194202585424 -3.34999985934168
9.820956379410742 1.4204752413257105 -3.3499998685036037
11.050049316259777 0.7102494212225284 -3.3499999313922846
11.050054045036793 3.5405444029599917 -3.3499999320969187
12.280000004965812 2.839491015608965 -3.3500000322728694
12.280000033175853 1.4199260865176433 -3.350000532016667
13.509950673379256 0.7102494071716656 -3.349999872977957
13.509945931959892 3.5405443990090655 -3.349999868675261
8.59904453324982 4.9595365773133695 -3.349999838022412
8.599044371612067 7.800520204264509 -3.3499998607294135
9.820955666639918 7.089473623058073 -3.3499998805608233
9.820955979113188 5.670528961095744 -3.3499998149861
11.050049085441755 4.960054273334368 -3.34999984062188
11.050049129384886 7.8000002383526335 -3.350000051437827
12.279999990136849 7.0900250584514914 -3.349999826579685
12.279999987403674 5.669977366613045 -3.3499998348630333
13.509950896290805 4.960054267101981 -3.349999871425342
13.509950885737211 7.800000273285966 -3.349999843825593
14.739005322838928 2.838919418918146 -3.3499998822347776
14.739043619347004 1.4204752179690843 -3.349999876169194
15.96095677107683 0.7097304711289119 -3.3499998664483988
15.96099467504654 3.541081827558318 -3.350000007890215
14.739044307843418 7.089473634721983 -3.3499998574403156
14.739044027678446 5.6705289458789885 -3.349999873611078
15.960955481496663 4.959536585896003 -3.349999924430441
15.960955637904798 7.80052020259596 -3.3499998770358594
8.599039713646022 9.219412978605758 -3.3500000687364304
8.599039710720223 12.050587012339447 -3.350000150302993
9.820959757071105 11.340803756893404 -3.350001022676773
9.82095980358239 9.929196277717415 -3.350000553922646
11.050050139136726 9.219935152788622 -3.3500001472165994
11.050050119633184 12.050064907375024 -3.3500000049937673
12.280000002086517 11.341348125530656 -3.349999853778385
12.279999963497753 9.92865189387088 -3.349999945164962
13.509949936946038 9.219935095406253 -3.3500000173169187
13.509949919447724 12.05006486441708 -3.3500000262918594
14.739040217614477 11.34080369049638 -3.349999871774696
14.739040219585785 9.929196338848538 -3.3499998890610883
15.96096023595048 9.219413026898438 -3.3499998687558143
15.960960224995974 12.050586973538886 -3.3499998305128886
12.144804021334501 1.5762128937107776 -0.8848865154296537
17.190054072846543 2.839456813559957 -3.3499998957395603
17.190049282399674 1.41995715817862 -3.349999876822831
18.41999998171554 0.7102807040965003 -3.3499999778316445
18.420000013591654 3.5405102087523592 -3.3499998629758854
19.649945949337873 2.839456821226737 -3.349999859595929
19.649950652689185 1.4199572035904573 -3.3500001591260187
20.879043068470324 0.7097301884645842 -3.3500014881235507
20.87900530985852 3.5410818330929943 -3.349999891976636
17.19004910379346 7.089993800781119 -3.350000059314351
17.190049225057777 5.670008639964816 -3.3499999367612365
18.41999994049573 4.960085153152052 -3.350000282943224
18.420000037042737 7.79996908447217 -3.3499999780082277
19.649950888697514 7.089993818040156 -3.3499998425772426
19.649950826358655 5.670008686011519 -3.3500000897591917
20.879044489433692 4.95953655165384 -3.3499999746281395
20.879044354409928 7.800520209070464 -3.349999842130802
22.10099471114916 2.8389195138954593 -3.350000084198256
22.100956741300678 1.420475213626325 -3.3500016879641614
23.330049379044418 0.7102494486528247 -3.3499998800547037
23.330054045429193 3.5405443829969396 -3.349999878518396
22.100955681981386 7.0894736438944355 -3.3499998550182983
22.100955978413495 5.670528973971195 -3.350000020101369
23.330049086821166 4.960054259409454 -3.3499999425322757
23.33004909799509 7.800000280686513 -3.34999985601793
17.190049629121432 11.341317070551991 -3.349999862974149
17.190049633736706 9.9286829454454 -3.3499998844807397
18.419999973704343 9.219966781913534 -3.3500000419458575
18.419999996988796 12.050033164720467 -3.34999987798708
19.649950392554548 11.341317114368131 -3.350000050065174
19.649950443373 9.92868290386906 -3.3500004697346464
20.87903978640885 9.219413009600983 -3.3499999442289727
20.879039753381065 12.050586951467483 -3.3499998692072754
22.100959772772175 11.340803666553946 -3.3499998995685054
22.100959776889045 9.92919630822658 -3.3499998859214895
23.330050033294604 9.219935089662046 -3.350000012495741
23.330050049724715 12.05006487560626 -3.34999993058526
24.559999957610106 1.4199261576224016 -3.3499999837490693
24.559999977358654 2.8394909622392923 -3.3499998747603033
24.559999995311337 7.0900250731644485 -3.3499998472668135
24.559999988327796 5.669977372682873 -3.349999884525565
23.78912331733316 10.657791219514676 -0.8623876505830896
7.562638573820909 4.071399964235843 -0.06397601299690137
4.555692607447166 12.011418127936238 5.914560463031288
3.5048260968232285 11.899249529848799 5.64773133651408
7.345589227259031 2.3175362614700314 -0.29252005666189573
4.012770582526401 0.8795385191651034 -0.7205031106638582
6.649064241061649 2.965277219056697 5.604271109540111
6.316115821077884 3.1983624880027732 0.7995919525737671
3.366038720040014 10.45240650451448 5.145601547683901
1.521063549673427 3.188072856126247 5.513333623186515
0.6064471830884812 7.865417412493989 4.143310221068281
2.1025312330952524 6.477064485267739 1.5178839094913776
2.003801956560377 7.866338740056155 0.9607743374989475
2.595313431825506 7.928067727192707 -0.33359209986833727
2.4792068400843723 8.88650010471105 1.8580117853760691
3.3956236771922295 5.846014078188256 3.552916668855116
3.4243424340011743 5.913526272413095 2.115470122862617
3.527743906943327 4.171879933902371 1.5265696121385453
0.978801753956295 4.007237749827338 4.64934890801158
3.773879116430244 4.147666917159177 0.2523796137124845
2.356372361421061 3.514982337796153 1.6191293800201212
2.776084371103902 3.1622178870660544 5.1020738765540905
2.6146700824932996 1.7294171144129642 1.1477852307517955
4.469821172893678 3.4608195317484216 2.235225251724641
4.6238249450710365 6.458037330376333 1.5920143759180194
4.869169514573087 8.690426919448 0.7162315509425388
5.649264308315163 7.777131403216073 4.376819289389044
5.792934774140162 0.9622750310062108 3.4618305150735065
5.710912846928471 10.503544829887336 2.0558868817373552
6.255238078901121 4.0046463026666315 4.9939231069961405
6.539456402285746 4.372915696501944 4.097431278694882
6.920150059238384 7.9111002250434925 4.666505037651662
6.960104346385715 8.026630916108145 -0.28166498661530537
4.139529173426541 10.212343844411915 4.4160931942448585
6.993877269913409 7.259005142066419 5.872157078012483
1.0307080755164673 2.0054661888823166 5.254965645293036
7.290191267196265 2.255811566156481 5.102260528321631
7.122648175134236 9.21344394061921 4.913054254872868
6.123476199072364 11.870736196401793 1.982134449630485
7.388000320596066 8.007710214137465 2.0557128937032045
7.341260171111168 3.1284078003589673 0.4358813483220536
7.620153432491286 5.870829751087055 3.2695457230686986
2.636964616770984 0.7657747590752086 0.8461291937908655
7.7005574200294005 11.977613790134003 1.9741292019997214
5.986916049835401 11.234452247640059 -0.42570069413014333
5.684243609996629 12.293323094795465 0.3150139070596947
0.21579756752552764 8.24583199958383 0.6413205242108166
4.4178476928079755 12.403583170347154 0.0810654938429145
2.4716948224844066 10.269597882841408 4.549925460656516
3.29233611582292 12.591025135566674 4.832627343372529
3.3133225160296615 0.2533246503079124 -0.18662241926089784
8.034662295369612 7.7919500412593035 0.6600688390580101
7.866504845961962 7.262698525204877 3.288625048322764
0.17761360716698132 7.698999125167044 5.369045431500249
3.356738520954205 9.73732721879835 5.968204198678793
8.122744857292924 2.053385868907373 2.1310965835384064
1.2927100703305767 7.876232274005707 6.058347213939236
5.361863967554539 4.667802980950088 5.786657510874291
4.965924836084688 5.607598561436176 5.4311065707296455
1.276661732972714 0.03447826191007409 2.243448344471993
13.879075073609707 12.088958693280901 -0.673542697496381
8.430089302202678 2.956828472720544 1.604379530026795
8.512997912818225 3.7584911349580503 2.3382481414490575
14.484756726834014 10.708088678465762 6.158473541349419
13.229561499331357 11.342562758092098 5.920572178445793
10.218122079767756 8.767142702619248 -0.5571653050113878
10.031287990166158 0.7028441900573984 0.39916106615545677
8.52691369070111 12.629533897145283 3.1091861223682757
10.926945914756692 12.427304392430488 1.8312901940854032
12.336065468276695 5.767120470707937 6.076355791504956
8.673378704675967 10.233659567069598 -0.12510376196062656
8.766315928898747 6.582290736656104 0.5062394956838767
9.254576583264981 11.616414264937404 3.895459119219906
9.206656926401624 7.639884904629878 3.5863803519982773
10.242405520882375 0.9415600667958303 3.494947969042536
11.448312780312618 2.126061785931946 -0.2692842519395222
11.138621315109047 1.7807239918493487 4.2875915385701315
9.80038078019009 2.851941771547951 0.9354304316493423
10.584242817910585 3.892475920074766 0.6899891562503746
9.277872770954145 9.11081095755245 0.3137059594466485
9.910432054188243 9.55368748674814 1.3686880069139407
10.876227114273155 9.681897626522215 3.601483560961003
10.476716864797298 4.942026425559591 0.9208178931928601
12.060868913735865 6.600491137360263 5.446943217642537
12.241524424593674 6.578839219278161 1.578333745187156
11.010587022041816 3.193292582734883 3.9985613054935576
11.615640970595907 3.479613402265451 0.007584622317931
10.961530719034474 1.4116040304897832 5.781652796372105
10.350756389484305 1.732326692053451 0.33203640677129886
12.251782445637662 4.141120733724522 -0.41411678162721066
12.653519268819117 9.417512773760867 2.148616050836938
12.8966069163062 1.5012074771238604 3.7695592534501623
13.247915875704102 9.888143638631576 -0.23331309156907065
13.028002147512018 1.7272068283227282 2.468390344602822
13.603262211587786 6.574824164624828 1.1576000528865116
13.570765825998548 9.318935197686088 1.0659201927141992
13.960512524875886 5.56862799228351 0.16207819011676006
13.668108898395179 2.2939295455641107 4.4595550720347745
14.25255611424794 7.929615527421033 0.9133460956615025
14.162279131571987 4.796275103333995 3.1859941958055558
14.379250802404336 6.753062841805003 3.692531919883646
14.539920943408083 5.961640265111062 2.6662132420981113
14.770382460122256 11.618689403035273 1.8916113735308016
12.600269702551673 11.12526963289329 4.637128262619617
15.02802188625309 10.381314652177004 1.574907996014645
15.81956039144948 5.794461944015969 2.381991120879552
15.99845778923008 10.44860447717311 0.6178039849766082
15.493468847194539 2.1911646742314166 1.3490271685579858
9.602197511845139 4.758703260700975 5.5731198467219
16.025404892176358 0.6637680693535233 5.84442052801598
15.601886848246217 9.852628215827671 2.6972173779523856
11.206750429150738 8.940331053315049 6.012606850492119
14.664195790115484 0.010368446950135812 0.1837362108503371
13.342084111479304 0.2425937485511006 4.005780366052055
16.21615784525041 4.052502526664353 -0.6458872692398854
16.367541588859396 2.799273516092145 1.1684711420726657
9.56887294756907 6.407353925236377 6.192340036368646
14.469304813698509 5.486692208600041 6.216342599583996
18.894081731512482 5.2355227734092225 -0.8248004797747155
17.34843779621183 10.703124758380328 6.016317702725196
24.488753410242907 10.291050610452325 -0.11130905364242216
17.816245429110182 7.489446638521297 -0.6456113634126437
23.919625711520812 10.10733103025107 1.2513376324353775
21.27322057942738 1.539584896978067 -0.22442015983706542
24.35081077549624 4.883090935764878 4.2600436577904786
24.399068925276744 7.3123038703678676 5.393032338830331
17.988922727322816 6.605010313818167 6.009825633439697
22.435923396894076 4.969123628220463 2.2472602577625436
20.904488400756488 7.337133750931185 4.685687866676308
19.706954523271985 10.949920455135262 1.9609530108535955
16.986111195815322 7.429118906801613 4.423725578265197
17.50250562732306 2.1882050739456 2.901263464313316
17.692179449285945 12.68317761246701 0.15723816321224549
19.184915380003353 11.682246826748983 5.761780896870745
21.91075802696717 12.219538121504941 5.373746247961629
18.391861143993886 10.461434772400478 2.3692195584571794
17.529969784118524 6.690244915293239 0.03807194096409061
16.959467369130298 7.292341360963546 5.4946980379688215
17.44858730216144 11.589495570858627 4.529830053318582
16.59326701120118 6.384565595975346 -0.4280268349910832
18.994831084815928 5.538243773164782 4.460373091093571
17.39054818346395 2.7486145775225133 2.0684929563114887
19.63641848620628 1.2475743553568222 5.082412046754023
17.68048192421274 11.651136585239147 5.59309167189314
19.65181455243005 10.810374584635621 5.303584479982481
19.420315767553085 0.42110031723891206 -0.39780700203964736
18.52775067373215 5.545564106832509 0.15385979222094615
17.30249002323058 3.393871429327907 5.353310575850249
22.778209395629073 5.288438094914018 0.4248842642187345
20.45089598455209 0.7206835431008639 0.37077584471731373
19.17717335116203 6.256255113389084 5.259942358489038
20.785572927224965 1.920410913312372 4.591299151443174
19.745329888673638 12.450943668510014 1.5891368671294526
23.77469777108639 3.611621887035628 4.675658066970866
23.725829449546087 5.502234490248028 2.9868397117466348
17.408435278380683 7.155654695057264 1.0161941729995005
23.15917520273343 9.332985599047605 1.1503219059446268
21.123505999826655 10.531118151964927 -0.16978431238953706
19.860881053814882 5.794912057944966 5.972547692915612
19.826502105173855 7.49788769999386 4.699960724221195
24.06224307942168 6.038507979382688 5.719866211780859
17.851674276787623 4.345602062372177 0.7102143838997232
21.290927629714993 5.780569510799504 2.4871067394030746
23.111122212760648 1.5042005091066804 3.2380539138888875
20.14924266043652 8.748382604506952 0.458877629738903
22.930849932396136 6.577058984790546 0.16593400324494412
22.80544822482745 6.096711305771236 6.0094916135957615
19.393151307031008 5.734096087814671 0.7891844622871969
23.41818567250944 11.031198061985558 1.5396561978531809
19.55179814873598 7.749142654276551 3.6755054131834566
19.066759226576952 10.313987597879214 -0.5585041208909969
19.13893748914154 3.9591424343449346 2.3730508813340014
18.24327995134918 3.7526211533101463 1.8060001469126885
19.970028955365354 1.4171848503796045 1.4115923474769831
21.817517091451467 4.886278426957488 -0.3781440682406101
22.14552512364618 3.5559984449962316 2.251682986352698
23.876385163881157 4.709462924636246 -0.041309693446099915
18.59785992853634 0.9159497894831676 4.126535298980477
20.85479743454213 10.569476662494042 2.7118084983585886
20.012422838121644 10.062260991334433 0.34928353086007946
19.721108625320742 8.332413049293132 5.393184826383522
16.75134474776972 3.741130365958164 0.2389982357207443
17.14570070146002 12.477761214364921 6.060853113583099
1.3557437017074097 6.930000313126213 11.341560914020963
1.6934897558913653 6.865689361159332 8.905539986868613
3.5749262042321193 8.394700038471967 8.365422609034066
3.429368876114166 5.568458363552172 9.853280398969908
3.770620931757731 4.928537189524886 11.136092867481274
1.2339095229920718 3.6141416942604443 7.279785801384716
2.797423616170481 10.566072059784323 12.203400507706828
3.6390965582262256 3.4660522413767105 11.130052867023366
1.9967693530949726 2.507534109447426 7.788051110394062
4.177311498846542 8.66545366916285 10.731886151514916
4.3303283831541455 9.551287548437154 12.014533166460472
4.1611761225446555 10.574351284567859 9.179937361579176
4.3490243705503175 9.211382154820019 9.288316664860687
4.4975689800588725 3.9628831154180815 7.677689392650514
5.20900954757772 3.919217635845154 6.866304376333028
5.344660820196313 10.55041527013084 12.006321324671388
5.6362957451739675 5.134729366840702 11.296830139086008
4.394857583369186 2.1331572209036564 8.941534635178916
4.889162705593132 1.2464814090395182 8.544585707863664
5.964878876468596 6.404208621647442 11.570953828555146
6.064725414707696 2.7861560814952533 6.773878763142768
6.33484291684565 7.549170355983023 8.665510486971389
6.104910185070835 8.873724843987556 8.764164746008339
6.4442808634129864 9.324084575425605 7.591395549939532
6.3331621813224785 4.727278595015861 10.241039034987878
6.114403411645654 1.5933553621397056 7.667682376607491
6.992207156542026 9.268531242448212 9.658027968448273
6.143805758111611 0.6770550591318213 12.104913132633703
6.368204772709219 0.7260701300310967 7.058173397494722
1.6370439690980048 9.839664566080423 12.127745937145146
1.8276847277399615 6.336813755074543 12.531983820498123
2.7177802937789415 11.511042939481694 11.281731115046727
1.7941732486887074 4.965415426812682 7.388708379328413
3.177874350360194 5.581776781386599 12.407733077472837
6.934935503779336 1.762146907565417 8.365060681612723
6.098819888884016 4.490379485976987 12.340499618145905
2.6888573800475237 12.242422887959938 6.841813968033618
1.621780514842141 10.531687543565925 7.344607741721948
1.8382784843529834 11.57219351777726 7.536638850502944
1.3249968549397237 12.340228440785875 8.559475111496374
0.7724602636046661 12.106662990898087 9.372033106798163
0.10243218938461408 8.634716745747516 8.910800741076233
7.272836400045848 0.03619486627965757 12.767792902668132
4.08782247707913 0.75800228665461 7.990201378038172
5.506353969643111 12.422628742144141 12.106454239366805
7.936083574690867 5.25971704302879 7.645156586937649
0.5343937748123115 4.106114457691948 11.942466193963678
0.5796923458308619 5.014518193577115 12.923230910104541
0.07410012168742994 0.6927290243077444 11.055719549547472
3.6121184417173504 1.3232982139557696 12.815337283884748
1.4339119819259034 0.3892403117720183 13.088100854602647
4.364169555502894 8.733979069046931 13.12968411811402
7.5387451484512855 12.490021118213495 8.320174558576927
0.4923741433212204 0.14895546662694223 7.922619857511343
0.9099676431933732 1.0684054686802171 7.94071301949274
5.084659908157496 0.5276799590719216 9.340327700826442
7.237138948428308 9.08698953535607 13.214963604461289
8.442077840258081 9.74626374468977 12.171189994868325
15.973503286418511 12.483996748506582 10.838622899491693
8.30303083934411 7.373962262554434 12.167189894604055
10.233431290656767 0.2251907080434345 6.376265268502911
15.290338938033893 1.9642134357771983 7.386275096430699
8.9009549160915 3.806578070770509 7.646490836464475
11.291890242810044 5.134366536283991 6.669952369856466
9.416714461338072 5.040842028787226 8.639476668581919
8.877359326503417 1.811111509840936 11.586568241648527
8.963064371632406 4.8947329495722345 7.659194192377935
9.5225637439116 9.950810951686186 8.295171996177356
10.186091807408632 8.034341397687822 8.857376151827083
10.59436192868221 9.252174197525711 8.61117776599643
10.970955710075744 9.758967535645597 9.788055267584689
11.82471290375129 4.252967754281682 7.502338750912582
11.284440423560973 3.642976215713902 8.211151822196259
11.877709616935348 9.404953138344228 7.216241392326941
12.19513018278975 5.74982755684019 9.970139292902012
10.758362956024571 0.949162487522692 8.78350886660476
12.456725125914351 5.6088562539924105 11.403861491499747
13.118860952654948 4.289858830175556 7.477187293623121
12.976405508501394 8.598818148586268 7.663218684367525
13.70775645927029 3.829998963800283 8.156768771821461
13.550921679112069 8.114201515028473 10.131736037640142
13.813819434317084 4.918208841367944 11.781990443501632
14.27369430062734 8.83105447210455 10.492459720608613
13.967632416852384 3.1241032620319853 10.203921183943015
14.864763670035241 9.859287546631919 9.900599352268944
14.724696527729268 4.227252049684923 10.721053907666967
11.070245133476249 3.286853681859794 11.311926634224998
11.165683362114088 4.398573608844282 11.997493603380708
9.94663627461654 4.850367291297359 12.001139327355553
12.239909479092917 10.851375482529797 7.027181136161813
14.725232361956998 10.289247054346028 8.91974980440704
15.163654636330898 8.162738988814738 6.51511077996884
8.8821025242554 7.810875259367694 12.980751826607564
11.584211553288874 0.5830938554109202 10.920740491903748
14.585562789523888 8.881107734397737 11.806393415068971
14.169226775887928 8.329191816698026 12.542703908983668
12.2532918492667 6.731873848084645 12.253624219576515
15.507718487267788 9.807638891970216 11.961476556330524
15.779067402528353 10.382548130839139 10.764098406806305
8.882553047578751 12.188070129591559 11.857023961835349
12.399395329752707 0.45928348556913584 12.437278933636106
8.56833737715976 1.3925855077159848 12.798815748965106
8.890175180822194 0.6177051458017168 6.678098845555257
15.891978314402428 10.209617636079873 12.887304550343123
11.5013168039211 12.14738564203812 12.677121307493382
9.774481279044924 1.0531402705652284 13.20076788423733
15.817489522054013 2.683728753894917 12.618829066611779
16.069200070365625 7.574649820555291 6.491903086871717
15.262849712505895 5.179731500123617 9.79083970213736
11.430788237569482 10.784070013019393 13.079066312598354
11.48969578661336 3.9647919574726855 13.226034255203595
11.923297849009748 12.506507707050941 11.339230432641479
9.913248750212116 7.908045853207528 12.641052935295908
9.857617987129792 5.383310748927253 6.429113927760145
13.945326405742785 0.22666562993979658 10.757825196470732
16.18264893293134 3.519909574302781 11.601049655207575
16.36980575297272 7.262640485123067 8.621123423289724
16.153899902350613 11.960404145922865 8.459105865251209
13.458575177377012 5.250883996853155 6.515039920465286
16.36616659420737 1.4038581082356683 6.887727073344799
8.313917489903318 9.228152234675548 13.121576962257837
16.548588303716883 11.607178201836772 10.541021723514643
24.224999220955844 11.475211837473836 11.60870783530213
23.832061761404297 11.099425076620664 10.663993876620246
17.37978856888637 11.501497702607164 11.238185801592731
17.71225429212111 2.669182839846732 6.52155075494454
22.289408924514152 11.472297221762801 12.575467429277746
16.690057642907433 0.5465891855157337 7.788132224209531
24.482057079868042 0.7648969748481497 8.772282337360002
23.829236120244286 7.626539773878453 12.261121837131896
24.02635300626567 2.9399743139874737 7.601002774578966
16.619533847791615 7.069699696829994 7.66169143986593
16.972610136569 2.7926050590909903 10.82353759668522
22.836973819818965 2.137644855218464 6.579123244687143
23.871753386227464 0.8277123442771499 7.871347472426958
22.70763100610217 4.764209843065326 8.663449171343022
22.63331150259892 9.632536809545199 8.92891412563526
21.039904313952704 11.02299620109045 8.794104237902094
20.8610561664939 4.032712672039493 9.448632014815887
20.524624006463366 4.8910806348136 9.861085457243764
21.055087077286196 2.0026987652088146 8.8078564374081
20.8337850991691 7.309229003855741 8.131697697561702
20.029978541092547 8.603981445307795 10.091090276522598
19.623743477013118 6.261937309145792 10.82768466880491
17.71949880717029 3.47063410334339 7.7336456184290086
19.123758413068074 9.07992282319556 7.815010130747222
19.042620739953264 7.5934029729884385 10.738168818975977
19.267000441933746 2.6040270061643125 9.856151431033815
20.23794058159286 8.545405944515917 8.553316367076553
20.271799825679558 2.782288815167118 9.502596731076801
20.951464139282326 0.991100743106295 8.444082155529536
17.64112334993067 7.681234384860738 10.383001565891172
21.47238215165279 9.889346242190125 8.279924757841407
22.207263355192783 2.6704667426670157 8.498090908835753
22.032369211174775 3.9433183816451205 8.854652510327936
23.250723129455253 2.1742728130636273 7.5868781263624285
21.695538039453933 10.123280988425059 6.989684440743015
18.97702712331056 8.227002954119575 12.489378381962865
23.926823316318817 1.5742485548536775 12.348183419275534
23.31042102138295 5.9344495978983405 11.05423306965925
17.719352906927583 11.157895930568664 8.649457739965197
21.921722374510065 3.2793403327885318 11.964400357176476
16.970861522155737 4.409750516818668 12.30518950952723
17.743371300339568 6.429908690740356 7.31435376939145
18.437383997304288 6.094167953240805 8.070676804595685
23.21817789997534 10.901843434433133 12.583873778540834
18.808714764830274 9.577019104716658 12.486191071992037
23.091719285769415 9.896460332853861 12.182235834888141
23.575684821727414 2.3453594347591387 13.017877206385723
22.555457128472305 3.195654913001276 12.834904241208356
19.946647678629418 4.772360815885329 12.969866745328856
17.04348686625585 11.893586924920161 9.08542087590326
19.433768335433307 11.674396272725192 6.8229644698437495
20.075333916697655 8.05250195243941 13.153918927520662
19.0777445328491 1.8787497995738838 6.368884468384795
18.040613795110236 7.700980962686319 13.27081491961292
19.618248928299387 1.6550516716775807 13.272501137200331
24.25527510364048 6.790654305537471 11.318413220022679
24.552736225611877 0.5339763589831747 7.07254740770403
23.0689126707763 0.10029843114640856 7.991413224585985
24.30571971853031 12.559246677161624 11.528379333437094
24.366156063223855 7.4903246732687805 10.225221262482446
0.040751597291951214 7.605231618560198 17.969001956389523
0.06659833086228056 7.1244941069899514 15.54412844312668
0.1676688412059452 10.144007898934817 16.418449090336694
0.023047814749406766 0.8907527684718349 19.296869760279247
0.5098492442447464 9.882858100648312 17.408960753325886
0.6308128961683478 0.3912497131441793 16.58957665705113
0.6506057973505828 0.582372273319407 15.516645900466287
0.5592176331356121 12.268771228348907 15.990920270158362
2.7663577432117687 11.188897602796894 13.375692219753166
2.321761929681317 3.504394518674922 19.257057468391103
2.6681037557594114 1.1467297761190447 16.959063542240415
4.15069695425912 12.276274891164146 17.64098619705922
0.8183887046808912 4.4530504471957295 14.068856327478688
1.791195619890863 7.105283208585325 13.756719338409557
1.4224790737120832 5.414732053128169 19.784777217901254
3.480707388722033 11.701425648059192 18.59451359589659
5.633423488376362 11.695547525620771 15.590351101736692
3.018774860631301 3.934306760493063 16.65743469765129
2.184539754528465 5.119203774820953 17.251400706296927
2.374886312875361 4.828704733614119 19.071091582070522
2.703360135141368 6.447449496070399 16.956082903912034
3.706984273022824 10.131944608120644 16.09526811593246
3.788340079363545 7.736239907571573 15.259835789281668
3.7039378391405804 3.1753036370579353 14.35689836630589
4.061366529618823 4.025149927649477 15.466542596286079
4.536039343220788 5.388931592582462 15.20932838061908
5.285944356262388 1.9356863873139931 16.515283628839963
5.533735538258567 3.18805143088941 16.205719022913804
5.8589899010224995 10.183934663562981 17.567695143462313
5.454309061266826 7.753683019004688 16.921438939346654
5.920444845263882 3.826143310538662 17.26329323172377
6.381014435530016 8.766872611886553 17.399404344243713
6.018688659031174 8.434886568816923 19.975729295018976
6.556323813881862 3.195746171920912 15.327498738463174
4.857779694788481 10.927360084676506 16.562509926061672
0.8111887190365201 4.923169673547134 16.967622504373992
3.511564247677177 5.2275457539625805 19.654201004037578
6.901235297667013 8.208624786424084 19.044342534462928
6.726432417094727 6.399357774607422 14.248000972966544
7.976072267524563 8.924686269598293 19.42866629713338
7.191960660392827 6.951475099668505 19.14127519342863
7.589201922098595 8.857094970373428 16.62050994742568
7.692300828218244 6.34332678662963 14.727957992680066
2.0939869006265397 0.23708985360505394 17.13525959238678
7.634438158073453 5.363833243012689 16.71775185953489
0.1947407754444809 11.287375343034107 15.72555498141911
2.137270388525949 0.22265438175692612 18.224304199745266
8.098870856737062 5.847877813585202 15.871345856447153
8.229197767544576 2.4666572825467807 13.480935452669831
8.451735831988751 11.924758501954663 16.77279746328528
8.73176686972338 9.84143656415412 13.91994043024852
8.677874687949224 10.84681287789968 18.147383813343044
14.946948329816795 5.887344124195073 19.684570533077387
9.06552451779151 11.738106105768356 17.654003643701245
12.530774511445705 2.237183078126614 14.053298094059675
11.45181474548903 12.193411058809163 16.933769792964963
10.361963342445334 11.363499364107701 17.048749852454936
12.433096792447303 11.458471317453021 16.383887592646058
8.79617198915383 6.959662477287563 14.154152190828725
10.364059992086489 0.7625277068189152 15.815502549832791
10.889684096531466 7.001744599851274 14.731588819549055
9.846395265991099 6.780851440064193 14.902336082826444
9.474828879636831 6.075421932746849 15.949614156999093
10.110428793019128 5.860204173155209 16.704461205059253
12.98713920052486 5.495042541415006 20.180137902904228
10.694300351094641 10.229327996437386 16.503815319670345
9.911800978940782 9.525379718094966 16.261841036325837
11.975946018825265 10.192903716688232 16.2185628454733
13.884648730104203 1.0265904890742668 15.033172912225304
14.560473430967987 6.397721167343337 16.71496907382657
12.27220592892535 5.359021043877598 16.97693364061533
12.745968059868439 7.530174107209516 18.027097166408844
13.246175888592349 6.251502466560716 17.63281252744373
13.84214183431785 5.403448541415958 19.182934176524796
13.380135443693531 7.942843121272837 15.230262441585243
13.370954383703339 2.267550727325011 14.73121813957086
14.146446946393322 4.160875139945875 18.965128452582782
14.684336729465544 7.37250624105412 15.542675424588438
14.249303081759793 3.199131010019962 15.13758119546392
14.253347791199662 4.255496837691574 14.91291504682584
12.545406978712812 9.535012483813146 15.705734081825959
15.309962841152213 6.688584077271442 14.458795356241597
15.260040557284706 9.472091590890939 17.047549794922382
15.837450976638943 8.704427061405998 16.167529557730184
14.995536767227955 1.202928564102336 15.732048452918768
15.25866744614897 2.503795674659594 15.7988325569219
15.915974061265251 3.9417337061092965 17.176657134147252
13.430770425915451 11.727753403257607 16.06998557078321
15.629906688332621 0.4121262535443825 16.10434740376406
16.311050076457978 9.500159225486437 15.199280826053585
9.175760937416348 12.626562549150135 13.91460625603087
16.322545100771347 3.150701502193748 16.546523781218042
13.37613054215675 0.1749921033155152 14.842675033438372
23.531539878968843 10.813394411896908 13.624105022304775
21.876713753286282 6.040296476020525 13.421241994368703
16.873652138801997 8.204933303365658 16.819604899672605
20.187448408763043 4.923658633564835 14.022113854486594
18.10938721473206 4.230192617615391 16.246867807740113
24.090722056796164 2.561805181982113 14.240926785367026
21.274230432039904 0.24484008820982073 15.44147669974573
21.696830069854187 5.252958046498623 14.153252962901346
19.180325746308544 0.47048662546097175 13.973584437483316
21.828014785770065 5.68432939706561 15.145628561444562
16.84693294029265 4.735590809669967 15.138902456239682
17.703816617133903 3.2370755830199136 14.823267768264364
19.587768862029126 5.788540919710275 14.30577398956757
23.44588576672163 3.5832071816509994 14.727976545879716
23.67018654924957 4.047846050490898 15.676765184348014
22.52096442071653 4.058137271031299 13.911301134780107
19.897320271533513 4.062702278215135 14.624342895736094
20.020057037702337 0.4538644385690244 15.655601328747075
19.824576605854336 1.622816684689116 16.288880726494128
16.79446502630159 2.4151714213379623 17.19797376728811
17.298565389112444 3.8658488173239145 15.616057565108864
17.77678483376542 0.3082324396878648 14.192964837641854
1.2299508795740488 13.469999516308572 -3.3499999826744142
1.2299503180738443 16.30868296416963 -3.3500002143576966
2.4590396845677405 15.599412939188683 -3.350001110757171
2.4590443000887126 14.180520444857452 -3.3500001054407647
3.680955274225042 13.469479658293771 -3.3500015578751197
3.6809599309720724 16.309196398975093 -3.3500005686702305
4.910050080918144 15.59993520230725 -3.349999998067539
4.9100492508495615 14.180000879583357 -3.350001498119318
6.140000117748598 13.470030738478126 -3.350000221940318
6.139999998672649 16.308651886551875 -3.34999985090385
7.369949914826374 15.599935148710236 -3.349999827852722
7.369950868211235 14.180000523501693 -3.349999992149435
1.2299503757764123 17.721317056363745 -3.3499998687795953
1.2299508946898186 20.560006197012733 -3.349999871684668
2.4590443575932315 19.8494798087138 -3.3499998760655583
2.4590397608815575 18.430586958206735 -3.349999889535443
3.680959801952679 17.72080368140323 -3.3499998701816724
3.6809557002705606 20.56052636474876 -3.3499998281245236
4.9100491140119225 19.849999719613475 -3.349999815138034
4.910050072588932 18.430064882338126 -3.3499998541019007
6.140000009346859 17.721348115392978 -3.3499998587082382
6.139999983599288 20.55997492114367 -3.350000055547274
1.229950756301314 21.979991279725134 -3.350000082215753
1.2299459419127046 24.810544351066664 -3.349999881560813
2.4590053297893046 24.108918214360447 -3.349999911477075
2.4590445672983905 22.69046341809686 -3.350000035729529
3.6809559868929713 21.97947103456009 -3.349999848831111
3.680994675175604 24.811081786351608 -3.3499998853133195
4.9100540623632645 24.10945563269789 -3.349999872233461
4.910049106347309 22.68994571345669 -3.3499998392777073
6.140000007069247 21.98002263470113 -3.3499999211597076
6.139999986845014 24.810510109759335 -3.3500000382340245
7.369950890146452 19.849999698467393 -3.3500000279721363
7.369949905570256 18.430064892463246 -3.349999897617899
7.369945977022039 24.10945563367904 -3.3499999242819234
7.369950939972972 22.689945707006164 -3.3499999728215024
8.155476791727382e-09 18.43003315538062 -3.3499998812788014
1.5363578385342663e-09 14.179969303338304 -3.349999831728078
2.4936560194158933e-09 15.599966834233502 -3.3499999045689846
3.2829490237418213e-09 19.85003093952864 -3.349999931436015
8.599044331040643 13.46947955882973 -3.349999926981159
8.599040200183579 16.309196328180953 -3.3499998422815844
9.820960223572703 15.599413046463969 -3.349999843446343
9.820955671736938 14.180520433871912 -3.3499998529280637
11.05004912372007 13.46999950741741 -3.349999846063194
11.050049442988257 16.30868288395866 -3.3500002802884934
12.279999976028712 15.599966483805984 -3.350000789251364
12.280000012420938 14.179969270376692 -3.3499998983021495
13.509950890482926 13.469999520476081 -3.349999988974316
13.509950590138672 16.30868286952328 -3.3500009173736434
14.739039797241277 15.599413006180265 -3.349999933066333
14.739044316925566 14.180520448807949 -3.3499999518971113
15.960955669050325 13.46947956450657 -3.3499998969642055
15.960959768005576 16.309196298817405 -3.349999840445995
8.599040205866249 17.72080365732691 -3.3500000217388024
8.59904428880313 20.5605263968702 -3.3500001708742175
9.820955664478179 19.84947979784893 -3.3500002061115106
9.820960255917552 18.43058695862859 -3.3500000602071567
11.050049563017955 17.721317108839063 -3.3500000045902456
11.050049129546869 20.56000619174753 -3.349999942221349
12.27999999749013 19.850030933157456 -3.3499998367341624
12.279999988187072 18.430033244124004 -3.3500000090197357
13.509950452686375 17.721317139367212 -3.3500002332918086
13.50995089850342 20.560006167006684 -3.3499999288640456
8.59904401146607 21.979471059152036 -3.3499999454442184
8.59900534367193 24.81108177287494 -3.349999831072364
9.820994667008591 24.10891820702534 -3.349999869949846
9.820955430559472 22.69046344911911 -3.350000131351517
11.05004922420902 21.97999132745009 -3.350000126756542
11.050054054802704 24.810544321147468 -3.349999892834016
12.279999986415017 24.109489829174816 -3.3499998300756397
12.279999946319354 22.689914905896 -3.3500003638762124
13.509950870342701 21.979991356456708 -3.350000383108492
13.509945931369119 24.810544329254824 -3.3499998430124913
14.739044341370608 19.849479803593166 -3.349999874294347
14.739039754434208 18.43058697968605 -3.34999986534515
15.960959761646302 17.72080366130268 -3.349999868819192
15.960955629377777 20.560526314149243 -3.3500000723711643
14.73900531962428 24.108918196710004 -3.3499998431937925
14.739044510107506 22.69046345455436 -3.3499998579603263
15.96095580306582 21.979471111541564 -3.3500004951931075
15.960994671957629 24.81108177831757 -3.3499998601632184
12.301341326522166 16.66495734244884 -1.14833417524149
17.19005005216166 15.599935116252649 -3.3499998501760575
17.190049106148766 14.180000493222954 -3.349999843370112
18.419999978007674 13.470030708125199 -3.349999851468138
18.4199999919654 16.308651868181457 -3.349999863059534
19.649949928406347 15.599935195591543 -3.350000091531724
19.649950862309318 14.180000434892309 -3.350000216294374
20.879044334260616 13.469479550613089 -3.349999895781121
20.879040225330606 16.309196329717622 -3.349999868168764
22.100960209336368 15.59941305436307 -3.3499999431378225
22.100955655688345 14.180520441277393 -3.3499998907462727
23.33004909960272 13.469999494597115 -3.349999904652803
23.330049609386567 16.308683015299867 -3.350000110194337
17.190049093500832 19.849999710786705 -3.349999931030757
17.19005005386923 18.4300648759251 -3.3499998854120863
18.420000006909206 17.721348102886143 -3.349999870892969
18.42000003187232 20.559974935269192 -3.3499999417524107
19.649950908275205 19.849999735638676 -3.349999886130668
19.649949942482362 18.430064875930583 -3.349999904432168
20.87904021005486 17.720803636962945 -3.3499999520945503
20.87904427605107 20.56052643531755 -3.350000005291256
17.1900540219442 24.109455700463993 -3.3500001119471645
17.19004909814274 22.689945918509657 -3.350000711031597
18.420000112828124 21.980022659490757 -3.3500001630143785
18.420000018617703 24.81051019288272 -3.349999966209655
19.64994594641272 24.10945567954185 -3.3500000564126564
19.649950919815854 22.689945727813633 -3.34999996364112
20.879044026302527 21.979471059514097 -3.3499998434141256
20.8790053265908 24.811081792827167 -3.3499998399592403
22.10095573883445 19.849479993149274 -3.3500013745532478
22.100960298754188 18.430586803705612 -3.3500005822040793
23.330049657257977 17.72131706316612 -3.349999847663371
23.330049148410552 20.560006212480108 -3.3499999719846385
22.100994657390434 24.108918224964356 -3.34999989529965
22.100955430811986 22.690463442339755 -3.350000169316092
23.33004925924832 21.97999131146583 -3.3500001852529895
23.330054040904983 24.810544341140684 -3.349999860932665
24.559999977938826 24.109489806936196 -3.3499998684745194
24.559999997141972 22.689914796996476 -3.3499998762514838
24.55999999935022 18.430033178382015 -3.349999833313854
0.19684728669238516 17.056572627705524 5.190316614894642
3.1384205271494667 15.8896727559785 -0.6106982322115517
2.4362956645377123 16.023279769683835 1.8845180090118274
1.2002823875684452 15.5487589857294 2.687858893346803
1.8362803875527538 23.639689843669025 2.194911943058905
1.4478645622385427 22.762912679041175 -0.3278675111674656
2.0890501093842855 20.61271664876434 4.984933241103842
2.526688991945201 17.45133172659614 1.7688681045436416
2.8385078063594444 19.603473533294032 4.220457546820059
2.924418763693328 22.96629353431804 2.461454645641955
3.1073120522686137 19.084702977218793 -0.41038272324344205
2.6827415353659196 19.865309366263958 3.1739018314442236
2.1319132750439285 15.510809713344234 0.18936047202418593
3.6451262275844254 15.300121370893109 2.20108857841925
2.328560562503839 15.179698296245375 4.7847457174268095
1.14457488168164 14.90175773057693 4.0573855425303815
1.9460062590694744 14.226364724382085 0.03721044299550558
2.37049925366248 18.63461464965624 4.39475745570419
4.313042748946055 19.50248736729832 4.431031545626942
4.54572414254047 19.45249828275899 5.494732847904194
4.78401587199503 18.71829927036663 3.838297755591743
4.468579597828076 20.712415737404136 1.111181346800073
5.4963967957608615 17.93913667212338 -0.025472680169834616
5.960187694492337 17.03159645533558 5.439854699339229
5.9117304956492545 20.671085391091264 1.0826344352536843
5.666357099067203 15.1497826805839 3.721591140626539
6.2673848298990915 23.22150112237151 1.2146034674236583
6.048097730037451 17.02334059761622 2.2083955544578435
6.278649002406172 18.01181321128564 1.1969601710638944
5.976524620581794 22.318574741309156 3.103728560418787
6.438088889883418 19.429083418209288 1.80821246045631
6.5438200834002895 22.13717788646574 1.938836410398016
6.486499464818382 20.788120582485774 -0.25284478103773655
0.6822532999674956 22.798893546949362 0.8737546901689486
0.7877757358468065 20.571916553297793 5.23954188801111
4.770282145387977 20.44513170144358 4.130276173425612
1.0865805281945018 16.07562557151608 -0.3169493558433434
0.6208546398349595 19.48295062372086 -0.08547842340869138
2.269846250813621 24.845922813534948 1.8061055225790879
2.5374227540166285 21.83151376157516 5.394364272094205
3.532759479231633 22.19562962151137 5.186700014759749
0.7219530599636038 13.539118877931639 4.045553985698649
7.830261020488095 22.139603844433687 2.2437217015623414
0.4240128954074289 21.373674337031225 1.4742497906827456
6.43076876219642 25.26949895418338 5.592132864690839
7.985520743211189 17.576526553397603 0.7210775569309069
5.396997346205664 12.852002337270658 2.727478284831176
6.233433587985493 13.378555482566115 -0.15888132614068073
1.2338151012400649 23.81627055529275 3.344322017661435
0.4127656485217904 21.651248876301786 5.968171107968349
7.799063491796662 19.341476294842412 5.094583576059567
7.930697673118983 13.769386884381618 3.7574881659355364
0.14408601359414158 19.72835328850649 5.038383841332807
1.5436146990631188 22.389100299985028 6.096472571670092
8.117427179841043 16.32120857020919 0.37172506908712544
6.05054011264518 14.242681891411383 6.221029619125491
10.547221631216464 22.608739113331897 -0.7441045867423901
13.503828026511005 25.496100706487653 5.580747426052235
13.589932744745255 13.124718333466172 6.18202903471786
13.439806620487461 17.698245225814492 -0.5274421112065197
11.855761061521441 13.757210863180148 -0.2915474425272402
12.855789321854829 24.64830201359169 5.358524084362991
13.28789738293062 16.939661167939597 1.723239670439578
14.943410488214804 25.098746161565895 5.473354911579802
12.531955966093994 13.843376968988256 6.0148666839259075
8.246628438520176 18.23080793202663 5.65608370079628
8.773019820389871 17.514196354977035 4.69373442998363
8.932370063804964 23.028235923916423 -0.16193959441857864
14.538721740751674 13.510490149070872 5.278965606260991
13.257051977516289 18.95409648752819 5.589899039467458
15.236771877851282 25.00064857327751 4.428167866963393
12.226036415099108 17.57042160745824 5.663748481551114
10.833460942869412 22.87778459528242 5.222843753340204
11.587445748635911 24.22701937212288 0.703415951052071
10.178055856138322 22.329946208458423 0.8609972978225688
10.561931124719672 24.485423958254547 0.43950909932106375
8.402862723106567 18.27840066732546 -0.3318037729876866
8.873656029806757 17.78871396123036 1.747784515420343
11.7349614158329 17.887837105903944 -0.055174103339389324
10.702308998303048 14.107248936727487 3.0672579919686527
9.77682327278177 14.103242093606816 1.2441671976888402
12.6511992031877 20.14857286480322 1.1658709592422767
12.539974475141594 17.169950306377235 -0.21231263266907607
13.46432039777103 21.604323782297275 -0.06346157562028942
13.78788394790406 20.853861746332633 0.9388588263804476
14.732219295330742 19.994692720458584 0.501432980996982
12.884875175882657 13.879391037174608 0.012419898626692127
12.751388913542966 16.316774057960043 1.007509056968493
13.476875465798269 15.040056492184526 0.5539775093479293
11.772455167084281 16.090984070574546 1.4303655362113765
14.335924085888085 21.88845780693708 2.3407274332336425
13.25333976627297 22.746800981009322 2.660673206908748
14.657509508930401 20.929410097416298 3.343168729542839
15.120321043466962 17.648204868641578 3.5051676486890293
9.995120641296188 23.06522875631053 0.07741942551621639
14.78049506418342 14.929482929929806 0.48339750139586024
9.983132553559809 24.559603124747987 2.8651041681358613
10.603091814485262 23.677575098829422 2.9289561550485157
15.070013208924504 13.757779312087111 -0.10573831030657121
10.781140549353847 20.75186626681138 5.4059139902292275
15.486924922673616 22.759631353910933 1.8062904530427337
13.87694371206653 13.092516610273218 -0.274460043877538
9.940999881422524 25.129418890700112 1.6260484141244214
10.591743785498474 25.070554299618546 -0.47963925058841506
10.067875833279869 13.34924857027713 2.2455060750897204
16.35333034037586 17.179955352258766 3.6150442672782557
16.252395018748327 15.832508825268604 3.513962072232324
15.427996194372039 15.742346861707489 0.7773269394903404
15.859878402487194 22.875698718021155 5.677944014483023
15.978218761524442 13.336944035471774 -0.24049863122607928
13.007604290118824 18.09529925314396 6.213070894879698
14.156191863254424 25.263117338366392 0.3778635271015707
9.121157470764002 25.107742517294152 3.7327270607676475
8.84351698191669 24.832875128225314 4.7395853811734066
10.940808844440495 21.879275525644204 6.074328103669568
15.199022044482806 23.856132738136193 6.198854790504715
18.647144655220668 17.38803016563997 4.782480129311809
23.58530143591386 15.6917694442649 3.5021692263419246
18.097592062663622 15.75428550001912 0.35293518040146354
19.870834096342957 12.87238494122336 5.225562473258956
21.202637026860142 12.957067859742065 5.025874814210033
16.49840983911233 22.918313959651506 4.80796611501939
19.676863122411778 19.412715453200722 5.921659697377021
17.778789881143407 23.647529807058188 -0.44848242475645894
24.10483553339154 14.618954195609616 -0.003520836692455509
21.507323385595626 13.986424191746726 4.301205001538467
23.42805587953082 23.589367211444088 0.9328276056715046
19.755095134897793 14.737484220125998 -0.4810761236456518
23.879761841192526 14.363541538204297 1.273662113469669
20.434302334162812 21.43849659841648 3.636848725274943
18.45310867675583 13.212742427441357 1.2681772344569375
20.486700876751126 15.726658698525926 3.7900700798057696
19.403366405332473 14.0912005999428 4.8137352383533525
23.92571147624087 16.062886403693344 2.133018819226866
17.769410571077678 13.549707529388419 2.457937912929835
18.994737716295017 21.9928184406757 0.1391178989832298
22.735739895341933 13.74643639556472 1.1558125365484018
20.415982222150053 14.740886331765358 4.225560278051809
17.164415674295828 19.229148268711025 4.986406957328119
23.96557963096031 19.00822105218217 0.43416099106552863
23.69158984396581 22.427806538374547 1.5086615364308875
22.857163916304597 16.99102580209231 1.5072876094454768
22.76998361946959 23.276438438244263 -0.18249862051024857
17.73218155832034 22.48067192029948 0.1661431177446715
20.252248767098695 21.89831331863721 2.676731501979077
22.417034780601504 22.129522828351323 4.333914786000651
19.05760751563757 14.893629500248542 0.6656190987108401
21.264683575285392 20.739760258914117 5.518563929116729
20.1871955545264 20.048612905197277 5.2134258099938835
21.52867382554473 21.522614583766135 4.428133659773969
19.880346817036205 15.528505675789804 1.4770654288362373
17.029003272691995 22.50221808368938 1.8885201722481426
21.314546229998804 19.213924223337767 0.9472488067518747
17.40449889003696 21.183105687545183 2.3884833163222097
17.04834620641748 21.76475313508826 -0.7107213353850672
22.430965437062415 14.14909492663425 3.926340235622765
18.369420516743173 14.327072047083234 5.0179913518031025
19.624667117248887 20.45478867604151 4.107364725268
23.3949434046606 24.90085405757255 3.2097822436848276
23.01265944556184 18.554321924049923 1.4064035789169205
21.203151693838493 24.363409695574287 2.1451511056446093
22.568757425731246 24.86643493760043 2.0271509310088485
17.690939688907825 23.593490820656285 2.6112135312693177
18.733872217902558 20.15945528947765 3.73405166897001
20.35835088152083 18.783848513507152 1.7725213369086101
20.938214287524456 18.723946155171948 -0.24913988587342506
21.258739819301983 20.52566851913705 1.016926034733815
23.255376923876362 19.090527293822046 2.7702581460201015
16.837332434548614 17.608344252436815 2.4524203310256656
17.329568715878807 17.820293263488697 5.027559915806199
24.51721600641887 19.03164590406186 3.9115122823365978
1.7646667611847582 20.703732106917595 11.068760805378586
2.1359760706281974 19.282650445309116 10.500510278190587
1.8554605038918757 19.694438972081137 8.107658134157123
2.288025865548634 21.78779639883439 10.328268232946986
2.719525060755766 19.106580148764156 9.094944355652094
2.7493803224528 17.261737252636923 8.634416054741488
3.2439582541418455 16.942612283360106 7.490579057928111
1.4950248646193232 16.840409674585175 8.583648078013171
3.3360462301876983 16.519328541844953 9.520700113634778
4.088529660029556 19.523804667068426 8.988274300516935
1.467800364211798 14.890703150352648 11.671168272039534
1.54326606785329 14.42590886582111 9.073583851223212
1.7911077119759748 13.63822847182989 8.377499002761272
2.4783753085767066 20.76945807536497 12.773924485501984
5.906513666768642 14.929321442710524 8.630877327349447
5.81042511895188 15.512631416342385 11.941944958481375
5.598627479964993 23.047561517816465 7.333699249341896
6.269192609433801 14.294757566006071 11.782632544892358
5.659852817024315 22.36554352407732 10.042910899185484
3.7381131544332007 20.343336576330035 12.890753732638672
6.130136386976363 20.756002745465004 8.24586684817435
6.583128550519952 16.724881467945472 11.532951243032736
5.522759383370656 23.12505427674896 12.851550315605232
5.927471008815596 23.760810008754728 10.23927110740566
6.618924515922486 16.875437276864268 10.45399267191219
6.685041667028729 14.764567284117604 7.4068094442465595
6.015655420094785 18.062543787470286 12.097546710763705
6.389726836009536 18.302834286370764 7.430600207719234
5.0621887215085675 24.334644688501584 7.684296185013437
5.214744074325418 24.07854909128465 11.941622870082652
5.1292718843643605 24.647317749029202 9.225281534164305
2.2434052319575315 23.77807180778569 9.061150920616042
3.920689768932234 24.123828832643717 11.899506142784224
1.4613312011628947 23.336589554421284 6.608227922037835
4.991783878449034 18.242002453936184 11.769550287949107
7.184954485548051 14.032183751062306 11.273874077682114
3.752731969240466 24.66547882984427 7.135470174177706
5.379722716847153 13.415451149306708 12.24198354830477
0.5455510331894409 24.465647655665617 10.33675810593115
6.591270630962336 18.945875386299864 11.820974088314257
7.59355979772372 16.49500925108473 11.871015525689167
7.494687229167016 16.067049443523533 7.099795856987898
2.6938305963314026 13.478191921272526 7.38653415430527
3.3672974971564367 14.267043452218532 7.08560958634161
1.6218398171929551 24.544947449943137 9.499281248969986
0.5744099034475373 14.606408503251782 12.740736316937125
0.5367933128303068 17.169744503674718 13.029270600842365
4.295130818505118 14.148226073381974 12.657799496067147
4.594019294683372 15.422229061446648 12.544608832765011
7.277214373707532 24.20086588410758 10.233881154956542
0.3607372471647146 20.88343998910349 11.28463998019107
0.049103616814713404 23.59160073259513 10.731703594606312
8.049664954224319 13.597671159350078 7.9226435081119835
6.200175851815911 18.153601031648503 13.167948872806537
4.015407250204154 16.30339868775826 12.779445353849477
3.412907929790094 13.707775750176985 13.09835174877781
6.857198161618573 17.33579353068144 6.501203410828563
5.572205592299136 25.258813543874936 12.454715154979944
2.3930157090657924 21.971240877850114 13.284593211426872
8.231385853750686 19.75450850423785 9.401964350683263
8.516202382144506 21.67210080776063 7.031963525518026
8.756053604088782 14.017838717495353 8.947420986601568
11.149205353840458 14.158269915384524 9.05540383665359
10.458377607468 18.108609216037422 10.373115189529647
9.388182510087544 20.549806652872046 9.735138793302273
9.780806580840157 22.018572760953443 7.546756223108444
9.14355187217436 21.657063012682897 10.620393251914546
10.08391952609952 19.275932876269952 12.05157922191012
9.950859404156406 23.34583278214612 8.0023861325104
10.427024926725577 19.358963868313527 10.77488348533385
10.28304086340808 20.963807839466472 8.558724647516861
9.73862252767951 24.085565679613953 10.202507980383142
11.677070012225391 19.709957833344642 10.73853006869075
11.41682914384498 16.161005081826215 8.051132268555323
11.577494302233347 15.145754514437169 8.966844572587405
12.25878823671604 17.205257134439524 8.418713625224719
11.970505086839504 23.014987425276885 10.832375046297294
12.49079116062837 15.628270918278718 9.953671680299628
13.148543492270191 23.461821553749704 11.577949686166107
12.926778915946361 15.193783863517831 10.754443605667767
12.975532522333722 16.813818404089318 9.481373684927906
13.78816715636705 17.411624333983834 9.866929156559333
14.330254938719214 23.823608043567525 10.847016816881258
14.1095937535977 20.959453748030935 11.75510634497568
13.3970237138517 14.736485244814741 12.45787472868975
11.4807980232342 18.894407437168933 7.5059646146545065
10.787454777267286 16.19881024345451 7.17428640043601
14.188151743681475 24.222403711873326 8.094280539294155
14.704090681673561 23.526663661047383 7.449181482023214
15.031943571396823 22.236584967520614 7.634866768788516
14.81664457585311 21.57286714728889 8.459199831102147
9.653314144186725 14.092297499646472 12.453305666914066
14.039952853422554 13.431109974387663 7.451814750242053
15.737077579130471 21.818576366326994 6.505717134435836
12.171824457698303 21.82953195219769 6.4656787043284325
15.851807994958827 15.554606444793128 8.906623052822997
15.781626990858273 18.46466966345629 8.316011052067179
12.474455496295876 18.451664004198594 7.574689274689818
13.10229240488676 19.130065486141078 8.152350287449805
10.582345676436935 25.123421004121223 11.990366363469713
13.66977395588288 21.944876194496203 12.49248460894492
8.883175440826715 13.314943610877718 6.881381001904874
12.665119668674402 21.40123069705902 13.167564844739939
12.861347003077553 24.47659360720559 12.765598188196797
11.631792333952161 25.38855665700045 12.947157096307663
9.716909038290481 12.76820034293914 12.721840485684787
16.303263957853 25.327866536776288 13.033486757832662
9.23654602365273 18.48478162463203 6.501522988701931
16.137671333101792 20.89445254293558 6.430751789744154
14.637943883690296 12.89950501357378 13.3148102925302
13.90737289724213 17.482592693270586 6.268812486601512
17.4686944022291 25.414920413332226 10.56882357944942
24.292835868319557 19.371653071817736 12.60301100657848
21.612469032409113 23.750763707750156 6.579950457215432
23.70338763371319 13.71084790189543 7.149079716758507
24.076815792920318 22.732092158000643 11.068774796899207
21.79021406266595 13.820087494502461 9.703893243865865
22.987516581703723 25.23187762095382 11.230978766978783
22.338633765857814 19.417683947448484 8.493308834737537
16.67548967322903 22.880788022552295 10.52410281310664
16.920590204734932 17.755517769113386 7.7520437220923055
17.03292759970907 16.159327199573948 8.830410146729026
17.401503561593636 16.47003088071549 10.0677200994621
18.061291873613513 23.165509935908936 9.626804243437824
21.952850987594637 22.801468701628107 10.984241130956852
17.927841848935 24.671433107445733 11.220368089384605
18.235543266610293 18.32748339982995 7.943922244678824
17.689629871584042 23.26093058073637 10.647030814699301
17.972174262807126 15.379322344927154 8.379415240368218
20.333443895442024 23.948989635135618 8.34500842963006
20.998437668960193 14.821103528114655 8.03965168838332
21.746504499048577 15.902957793719631 9.666710043141904
21.980707292291747 14.862830324034286 8.89134513182701
23.025506799459908 23.485625747611937 10.650435980398111
23.017202338338617 23.39675265041341 9.312602682508507
19.00177903183468 24.857425930073422 11.233236555763675
22.532769564538214 25.120240629856994 12.710938139719415
23.62626373152565 14.952309009359904 8.136023394160755
18.194962997499527 22.5250260812773 11.272477055012804
20.653339405223097 19.563670094420285 8.220667797370176
21.601033937413355 19.461399362544785 7.691975286530896
21.611568288666266 18.494349407889906 7.189179689254348
17.394512753168655 24.73815517814501 12.604150620800754
20.399348628584352 24.084308537405963 7.046186848974994
23.601097327754594 16.22763635231255 7.44616341690875
19.56430209936709 23.206834484684727 6.581494717185431
22.077601049282915 21.51974093482584 7.188353815915816
22.062956926171015 20.538588344553794 6.713774903141631
16.66879798241516 17.214845495390612 6.317453960098272
23.093816151811602 20.256793788594585 6.499249647327634
17.59218022680718 12.828004448348578 8.967524786250445
0.6478611934420536 24.9561127420488 13.50370321325558
3.3202262601245955 13.163648244455096 17.06530691199945
1.9182406950257613 20.007306194427276 13.654946223574317
0.749914221082403 16.132391334461683 13.787636815291318
1.9648766646529132 16.26377928700453 14.303820037234566
0.8617860327650357 13.45262085188019 13.590087508507244
7.975216854806961 13.003596957455509 19.053001968463054
5.123457179910941 12.94610867940185 18.18620899398239
14.629729187537295 22.267708928620696 13.366853629720199
13.492367219173163 13.7640347541938 13.498759274131897
9.644049062655796 12.779485477578103 19.465843142983864
12.243112845614478 12.92068719913464 13.817581040756025
9.161655544541924 13.870988958863801 18.10355157754534
8.972915924424164 12.929977263674541 18.620247179731702
11.729822597707718 24.90078100142482 15.584063060424366
14.864512224029259 15.610814329477323 14.840390360587609
14.069696216998139 14.155837910473716 16.194634207849557
12.758046096941733 15.643966238413107 15.318863051339353
11.414767346887619 13.233727696019878 17.22146543869072
13.788747758985554 14.803139850872494 15.045189231616678
10.322483069830529 23.680708090772843 14.449148798677204
10.853337068471692 24.893091418953798 14.563083218405271
16.127019720790695 25.172747783755085 14.300293382901248
17.95740160243727 24.12119678605274 13.713544022692757
23.78893842923976 14.049835079992361 14.815346811339166
18.895238228009646 23.588401223312765 13.65885076862758
24.080556353066335 22.840650094637837 17.13962316400704
21.249402912436455 24.75429113072595 15.503095497339427
24.194994324902197 15.85913570918798 15.825291775992772
17.378065999855973 24.141546475031095 15.783338787152072
17.19608097010871 24.36149869043904 14.741752270402515
1.2299509029964675 26.230054239972755 -3.350000002127839
1.2299509299870948 29.07000034648915 -3.350000037590485
2.45904432661285 28.35947365637814 -3.3499998814355294
2.4590440427961586 26.9405289592497 -3.349999964059477
3.6809554811033824 26.22953657190025 -3.349999871484417
3.6809556308685054 29.070520211435316 -3.349999850705656
4.91004910820575 28.359993814266193 -3.3499999272137404
4.910049210291223 26.940008676256454 -3.3499998777663134
6.139999863701179 26.23008523381939 -3.350000672333888
6.139999987547644 29.069969102657723 -3.349999986397024
1.229949932363963 30.489935115594356 -3.3499998555478405
1.2299499538400573 33.32006488484287 -3.349999835675229
2.459040223125272 32.61080368360933 -3.3499998803610254
2.459040213484815 31.199196332460644 -3.3499999942380843
3.680960231531798 30.48941299892876 -3.350000031248136
3.6809602253210927 33.320586971100475 -3.349999988835801
4.9100496422713755 32.61131707929021 -3.3499999972087435
4.910049677538511 31.19868291147842 -3.3500000890855675
6.14000000660339 30.48996682915136 -3.3499998580471644
6.139999994881655 33.320033156073634 -3.3499999059466767
7.36995092561566 28.359993844495587 -3.3500003922952537
7.369950855620919 26.940008727556126 -3.350000434869922
7.369950367186117 32.61131704264043 -3.3499998661279973
7.369950365294149 31.198682936382006 -3.3499998807830247
1.229950904977115 34.739999706015325 -3.349999904012283
1.2299509330457037 37.57994578299332 -3.3499998607992088
2.4590440508495077 36.869471084374915 -3.3499999043092057
2.459044321331419 35.45052636971534 -3.350000019402095
3.6809556512357315 34.739479800941034 -3.3500000400850904
3.680955474113574 37.580463461983236 -3.3499997942615636
4.910049210734609 36.869991358157236 -3.3499998172384227
4.910049100960128 35.45000621038072 -3.349999893711477
6.139999982386378 34.74003093599204 -3.3499999059519614
6.139999979083652 37.57991480107054 -3.349999933895723
7.369950713757301 36.86999141890108 -3.350000088304419
7.3699508130783125 35.45000614252302 -3.350000180612811
1.1838680923861918e-07 36.8700226516042 -3.350000204870993
7.276022842077277e-09 35.44997491912596 -3.349999944316359
3.52074755036181e-08 32.611348107172596 -3.3499999448258757
1.6059692761215613e-08 31.19865187148207 -3.3499998336251013
8.59904456093225 26.22953656006502 -3.3499998798636064
8.599044151074244 29.07052009513441 -3.3500005091764917
9.820955693163942 28.3594734091838 -3.3500004050072807
9.820955958549948 26.94052893481006 -3.349999829876106
11.05004906314484 26.230054232857075 -3.349999935780196
11.050049239230622 29.070000205803417 -3.3500002430454634
12.280000009352081 28.360025080233825 -3.3499998993291857
12.280000018536445 26.939977344952347 -3.3500000380296777
13.509950911328827 26.230054246248663 -3.349999862198474
13.509950897965238 29.070000298084377 -3.3499998653191234
8.599039566934115 30.489413126538885 -3.350000407160346
8.599039769110684 33.32058696559006 -3.3499998648392006
9.820959788363528 32.61080369972263 -3.34999988053859
9.820959764199394 31.199196526900458 -3.3500006268213065
11.05005024584125 30.4899351939137 -3.350000407033118
11.050050072794335 33.32006487990721 -3.349999853382469
12.27999997641764 32.611348132540634 -3.350000034069277
12.27999999934534 31.198651882025434 -3.349999917603319
13.5099499440908 30.48993511950773 -3.349999958357157
13.50994996578352 33.32006492627717 -3.3500000083203862
14.739044278886832 28.359473660888053 -3.350000092554797
14.73904401571503 26.94052892503972 -3.3499999272974836
15.96095548350424 26.229536552375443 -3.349999867697051
15.960955649391424 29.070520237912522 -3.3499999565695635
14.739040214840564 32.6108037109624 -3.3500000169755295
14.739040194435056 31.199196331836973 -3.350000061827453
15.960960205721673 30.489412968187253 -3.3500000786116324
15.96096020463499 33.32058700568377 -3.3500000351576906
8.59904439037347 34.73947975777326 -3.3499999826535207
8.599044544953461 37.58046347859007 -3.3499998999493408
9.82095599569979 36.86947106474709 -3.349999870538991
9.820955708182622 35.450526375657255 -3.3499999072313402
11.050049109038355 34.739999715577895 -3.3499999823733773
11.050049092128956 37.57994572658039 -3.3499999992807084
12.279999990410355 36.87002263072218 -3.3499998208704573
12.28000002111256 35.449974944498216 -3.349999869710526
13.5099509018945 34.73999970659327 -3.3499999200922814
13.509950891216912 37.579945726204095 -3.349999839166503
14.739044024083698 36.869471028466855 -3.3499998402045805
14.739044291141807 35.450526355944106 -3.349999932992046
15.960955612293077 34.7394797664746 -3.350000490697332
15.960955482293361 37.580463422908345 -3.3499998725030733
17.190049112782578 28.359993810843147 -3.3499998790679064
17.19004923515734 26.94000864413257 -3.3499998638363984
18.420000012568796 26.23008518410135 -3.3499998650531726
18.42000000114451 29.069969074316344 -3.3499998702902722
19.649950862365646 28.359993810580193 -3.3499999600537036
19.6499507648871 26.94000862888592 -3.3499998888192772
20.879044518939743 26.229536540722282 -3.349999874643946
20.879044364945784 29.07052025821718 -3.350000038780534
17.190049685490703 32.61131717501036 -3.3500003884487373
17.190049726062032 31.19868286022373 -3.350000500198399
18.42000001538712 30.489966829373756 -3.349999900320154
18.42000000158365 33.32003321633825 -3.349999997003982
19.649950377546535 32.61131707578567 -3.349999952231083
19.649950372772896 31.19868294914123 -3.3499998863502265
20.87903976996299 30.489413022032725 -3.3499998530734487
20.879039712372375 33.320587021515095 -3.3500001025450343
22.100955704998317 28.359473636940134 -3.350000118541497
22.100955984279523 26.940528926593107 -3.3499999245600476
23.33004906873689 26.230054261741397 -3.3499998533368327
23.33004910801109 29.070000298086512 -3.3500000738717253
22.100959820218726 32.610803659742594 -3.350000123865964
22.100959786087934 31.199196308869045 -3.349999864259643
23.33005005962597 30.489935122046766 -3.3499998517841423
23.330050069354346 33.32006489105982 -3.3499998595369673
17.190049235584617 36.869991319904166 -3.3499999059786303
17.19004914270572 35.450006199965834 -3.3499999551390625
18.419999954813676 34.740030909007345 -3.349999985640053
18.420000035726602 37.579914793762775 -3.349999928688312
19.649950770733746 36.86999136758261 -3.3499998771944184
19.64995092715099 35.450006222522894 -3.3500002519063123
20.87904437552417 34.73947980884212 -3.3499998895028105
20.87904449203597 37.580463451060226 -3.350000303538513
22.10095596913308 36.86947102871099 -3.3500000008401933
22.100955660201627 35.450526365279025 -3.3499999237003464
23.33004908984903 34.73999972640205 -3.3499998624778438
23.330049118510413 37.57994570123137 -3.3500000527314744
24.55999998027383 26.93997737204133 -3.3499998747713446
24.559999998120375 28.360025061585457 -3.349999904924925
24.559999998025294 35.449974945324705 -3.3499998438467316
24.559999998745337 36.870022642358926 -3.3499998480103086
4.286301328475859 31.641243362487174 -0.7900483200456898
1.700968887815712 31.814361622500243 -0.5351463257537803
0.6409420793902034 37.848204302093436 2.9888835363745923
2.9899767687262915 36.458710485987964 -0.018525238239531783
5.254422530644428 30.858429385284033 5.538657575603757
1.943916549717818 34.1320501457727 -0.20648520765802814
5.564370158779895 36.268456577228484 0.18711247880902504
4.651160801668556 28.102856313481407 5.0366776609297395
5.267856273969916 35.11321030280084 5.1669574014631925
1.8604372484747893 31.879777011430434 1.238477213330168
0.45463256481997877 34.28100020800088 1.9913817074060691
0.8469883468225812 34.48905604935191 3.428439145519786
1.3879824342671534 35.80185053422874 3.5536174983394595
2.300034183399878 30.39774572491838 0.3077428355699774
2.0899588582885307 32.170734680940505 3.728955836391621
2.29450181488412 31.487676362968983 0.31872451089767107
2.3480754933584818 33.469126307736374 3.843743980696417
2.788142408047442 33.67188101195227 5.059013694367777
2.9960447143001425 34.35192130584774 -0.10120938834851545
1.00675509177033 29.590765000420806 3.7619947440071977
3.4204167114792683 33.66445174375414 3.050402165644056
3.500148875073766 35.587093968498095 -0.028968816282267662
2.9985519207541524 29.084754591920955 4.183628651067655
1.7230788832872994 28.854367437824813 4.095159651286293
3.4850266723897847 29.937121707588798 3.9450649989913176
3.5938220850521017 28.029336905846634 4.829241562369649
1.5172501406154042 27.582414135567454 4.427258200056848
4.319631779219556 27.236559136756643 1.4357482238436525
2.6612681173947084 27.110362379438826 4.948348293159746
3.766994642567344 31.9581714269658 0.11437258207615542
3.963537150100912 33.45739198677549 0.04225927141419228
4.379934042209356 31.67069109073251 0.9686326998904049
5.457808325718347 27.74436380735349 1.0006094544520205
5.136937968164375 28.418770076440918 -0.13468239667768
4.905701972814679 35.41692234028088 0.10082421773650152
5.200559715215148 34.09833724062931 -0.018363014468926186
6.135437684298445 26.669105467214052 0.574021154795038
5.3581385630335605 29.865961465330734 2.4570689926231024
6.008709536054834 33.390171985631774 -0.12697166325286613
6.2662813101995 34.84067151174552 4.858298926492754
6.302320466927572 28.790585057643682 2.229832365055934
6.4807051298375855 27.871889906299934 3.3188561670758467
6.241678822339305 32.768544073439095 4.008223814919772
6.731614466693863 33.69554886292456 4.267116040854021
5.141665056339346 37.06525352487723 2.8931532647749347
0.13204642391890534 27.03783447998267 4.597737632112333
7.104151517759129 31.04477051993686 0.06696684302108236
6.579915935725166 37.50447627944656 5.35925349481429
0.12171375279867083 25.98461061063972 4.317179764337025
7.358307157088648 35.62027667677935 5.054873290650253
7.39976730562467 36.88737937731743 5.726860819039605
2.718175743908506 38.20107878508147 1.5783808167278413
7.635039683170072 29.19272188643545 1.577386097150798
0.45628808310400637 31.658631837401924 5.958933170254835
2.692713369796056 26.066675817202153 5.224264142417344
7.77754015389639 26.70951773226618 3.202365842048127
7.809862429070139 29.134316461719315 6.082691106952471
8.022143995484809 30.64827579689471 1.1115599589601632
8.094407532881464 33.8479725406925 4.033455623270864
7.856332148658253 36.01311983623305 1.5090772774798156
8.10344429714719 31.281685347596248 5.587932643848496
0.6782273326643143 28.0909806037794 -0.5537590694954608
0.31471441861496335 26.994416469976684 1.299481470630427
8.098833640110902 36.057991918441246 -0.5558010154324866
13.789703334476503 34.9145677378058 -0.553944477595617
8.461624055350248 35.01381807921734 4.521137181264626
8.718886455207633 33.24386392690298 3.518500423009937
8.341229447068256 31.55723241536673 2.2086407991430956
13.29753059789042 26.378130494671005 4.974476180038909
8.513430702561923 34.27209645243441 0.4697149393925315
8.542232360490402 26.102011094272378 2.944913877755205
14.018033787074344 25.830584524610828 2.3759397674983407
8.63740099458856 37.767927098070906 5.402168545607592
12.831853793418384 30.180762134322688 -0.4288023930637552
8.629022348570837 35.58975809641152 0.5499951903803646
9.658347291284132 29.58181564738047 -0.7847797106931398
12.146187387970064 33.871814599939874 4.744246782353717
13.184445087404692 32.03005183615941 4.640572805497973
13.771456167451035 34.619298793083175 1.1824530791805699
9.436331890788724 35.47672927916622 4.475773578309804
10.392063806121024 36.063849690353706 0.7366645021844986
10.207262041348367 31.568544225740414 -0.18136898563392623
10.591813975357669 35.818940862442886 2.1380593010690694
9.656719373158166 30.407063772093036 0.24478292564729554
10.623429045647308 29.993829301146558 1.0683056419917714
11.161082260581866 35.17718483931371 -0.16102473220993008
12.820838686612653 33.01819453729761 2.833252597472401
12.25043244661837 32.91261079135948 -0.348157888421039
13.03142816112492 27.005771046033804 0.9859204795008947
13.472323203890952 31.025445772285817 -0.22214207756225512
13.163574074078866 32.34785132614579 -0.23145692644505833
14.298822788072885 33.00421102487203 0.03152570518643261
14.167787493181416 26.33601745639066 1.1564542029457037
14.84651573172508 30.912232741044413 -0.04418020048335247
14.33902208212796 34.45333851276636 0.2667969654255675
13.129245415683783 33.2338189398363 4.07352717495861
10.439066481076086 37.61117176068581 0.4593913827099949
12.825245749126722 37.64810445158925 1.0413229285075987
14.582344869818472 35.42172345517945 3.864376468579369
14.806143769331007 34.0193446267671 4.19022907967313
15.326361265414825 32.13112894411364 0.026978175414278383
15.355145401448404 30.04187473933472 0.01805168707655347
15.654356421459687 33.21436894673741 3.338355296429815
14.94148278932872 28.63420535314187 5.138150639553945
15.239974273812528 33.80768341816198 5.671591100821733
16.129600778583484 29.077381249372134 4.802288784641396
15.741740383307786 35.16718280305536 0.3063745805116769
15.578535411500841 36.23969028811591 0.41216603406752594
15.953517767144334 30.379477930882146 4.693730143115724
15.679306593169759 28.367090764491145 2.1083692261079188
8.683842553841117 37.90276877832777 4.321538681626719
15.288249374327197 28.172098902169843 -0.25552769653398144
15.633843755943856 27.410034929053325 0.9116376046278207
8.858496235409195 26.801145337773523 0.9201442343076649
9.086434058791925 26.13172081953837 1.7364255357284442
9.565646839753999 37.43495345547723 5.866483314142586
15.478821989475822 25.951341300809393 5.891106096914464
16.15838934760624 34.994532605006576 -0.6859436898292082
11.116848817435045 38.28139795586293 3.403401122972914
20.84212085166624 28.83912003122649 6.1706123282640775
16.385420164679907 32.330155489347774 0.09896902314740497
16.390366886134423 34.79149925766103 1.0977313481394912
24.241756710483042 31.663373270868135 2.6145940268017442
22.488192645719646 32.22162023927967 5.398883027721487
21.33159493036712 29.919381391323668 3.950916308603519
16.550021439391447 37.43710933415673 4.334417260175708
19.99325821753298 37.642820099303165 5.901148299729262
24.197025176963642 33.502589160152375 5.658332404915463
23.3660316865697 38.00692229871158 5.300626190351856
21.577949647490303 35.85017730656253 0.6668051482100368
23.355940424420652 33.87734988611197 4.186308859615279
20.761314390506154 27.32225223733148 2.4265617586830954
16.59340557541599 37.819698491104944 3.3253863619304713
20.217803953075578 33.92118324593778 4.82530772942159
23.27517279839975 37.90599399656565 0.6423935239905043
21.511186846377125 32.96048555706837 -0.4417933840674626
23.14263796325694 31.372639625573218 5.201314700049872
24.549675777301378 37.526278309939016 5.799358054367439
20.26617389199152 35.02600289138652 0.7909092276371787
17.004953582078542 28.836374257066776 5.76212194005365
21.81924834163146 36.68860069183197 4.60829850674792
22.07653122340904 37.345450238971445 5.4392342392012
17.139920429365613 27.018384963248575 3.623010637188427
21.253222206439226 29.689082465190978 0.5289433137773281
16.773616732199336 28.32051846902641 3.2332055846124796
22.96174626653467 28.716025168094834 -0.3637601043326244
23.040279229419376 28.259728523429164 2.652230000560274
20.870548452771907 30.89539436871698 3.9860562209740538
24.209825320588 33.627350219044736 0.9112153094115771
21.814863502910104 28.503583926060415 0.3330936628647452
20.851374265901494 33.30187693143381 0.6862764692098
19.31377326169549 32.33393785740994 3.6746881508993177
20.24194222896505 32.92439814021327 4.410293516973778
19.588003257148834 35.12052012151528 2.0861688772387774
21.277920892407003 37.68442710347068 2.28119486378086
22.647062339615275 26.23670347474912 1.3732265885200046
18.29490450993863 32.65573359326066 3.517354203272122
19.72982628383127 31.080424401298618 3.3617449431271362
19.00421978639575 25.77144347736199 2.748198993463513
17.841886943997686 29.18637026037684 2.8186949505074432
22.615547015581825 27.266381241151176 5.54848475374045
24.351587433648124 37.28089755909971 0.23756906170136483
21.69320927371856 32.987466988140696 1.6612004118214918
18.04577908473338 32.02206914812645 6.088758750752177
17.382477778258327 37.6680658237314 2.260263698289412
23.123657009810536 36.06286853570285 2.5389105142312554
19.39453067245641 35.24115135148504 -0.34166835088300207
17.524123061164865 34.8178804799814 5.290964960292634
23.200783938349193 33.575410860284265 5.2220980705466715
22.07613048320775 27.514864498524815 1.8873249083402832
18.362454625206652 37.2217940526423 2.1772764358365713
16.787093103786525 26.50894864703506 0.8423606312208232
17.50008488136829 37.79510191867618 -0.6272333880739422
19.260282262870426 30.3168335261317 2.896387674290927
20.947862810434895 27.962607265297034 -0.5139422995883136
21.27447090538105 31.98766438602679 4.574367962956416
22.202354876402392 36.79264874125403 1.6802849582639334
19.798659067119047 32.441243889801896 0.7174934538035094
22.554741434695746 34.36807612154257 5.599471714304702
24.547073873269312 32.13016921135796 0.04674690187803643
19.773236368315413 25.791404352282793 5.096068306489085
20.88422444141167 38.24273367245592 5.715722053886431
22.645075350547664 38.20861403401859 -0.4762839115488471
1.165838351253284 31.992533374856514 11.110656136913354
1.370836916692139 30.386995826529326 12.109954952625735
2.139608826612809 32.76988815286688 8.217819846469315
2.499839422811919 32.55484537003984 11.11673642749969
2.2334307438911845 29.53979689107589 11.633172694715348
3.660375187429414 28.171599711641907 8.992137797924917
2.498263692727604 26.21645093413182 8.539256106271672
1.8335653826147735 25.869149582640365 9.21576030269376
4.503945946986695 33.12384252898854 9.335260878812718
3.870115109588853 30.624773328471107 9.298253447594922
4.173938100268244 35.34476681630148 8.252720805634445
5.3119195008824835 28.776948400472694 11.269148344192407
4.42813135138211 29.350787318200933 8.864636349153676
5.142779681277018 34.30861893867498 11.356687070370757
5.780959669959356 29.078350450821894 10.074756667451297
5.198257046973615 29.479953781298622 7.517057874755691
5.773270077864195 30.729042576478786 6.848088854057962
5.828218851098455 31.923253509256305 7.675988054911556
6.604113130023668 28.132367173339958 9.744463389285533
5.977560333674008 34.39188398965662 12.505187259769073
6.55116954762248 30.12142884504198 10.17670540922595
1.6117522598405574 35.760179739100955 6.966804913099999
3.8597416563294473 36.661500582154744 7.843855754120762
2.06730548592306 36.72275474388285 7.692588210790898
1.0870988377869035 26.5676216442671 10.090864506679317
0.7937380971694641 32.38250436412257 8.493729553892639
0.6823833558604689 31.494108718592805 9.755374832693832
1.2707320980795598 30.13863985679883 7.179152755066497
0.17079393084982472 29.69477239147106 12.226359110789819
0.4112591274632443 31.17700491153645 7.177176558942326
1.4042317357373648 36.74086208467947 8.87809826552084
7.386947237904712 34.17977770801632 12.347245467074131
3.073283707527902 37.102693856811044 11.802708869859169
3.577031835110964 36.94036168292963 10.942484428635414
7.283585802609381 37.22576224997768 12.7743891597277
2.7847261952110403 36.14981839796599 12.759955043621204
3.0089005534898816 35.09630894860362 12.680811522232059
7.3800560601849865 35.6138287243006 9.109288387339001
0.3527832991938063 25.75254323141295 10.778014530045498
4.325487098887357 37.05117533503173 6.523881325326787
7.289375173338312 36.795832850929855 6.8073851412276465
1.2469397689000619 27.607546553632115 10.334600141249773
4.17138427380912 37.633926955713434 8.975345215783323
1.6763356275540873 37.85812113561467 7.089382927162795
5.769827496638219 26.808171250787336 6.854504479596846
0.18086543665097837 32.79460308380695 11.826941287889362
7.564720247661262 30.41470788857115 6.482354304003519
5.635699239252118 31.784411013567276 12.810492437121798
0.07546265478571743 26.50618784445504 6.7357276222422335
6.171126761629116 25.577860534146815 6.8896804630962265
7.364342684530171 25.6202578601774 7.411129344428069
8.2220204849951 30.63676048540658 12.6976554273648
8.233376333314629 30.64245099244069 7.605039395881596
13.013974053383357 36.82203576889093 6.798949392193494
12.3604178470228 37.6075629205256 9.255100125669824
9.422607348726544 30.23607026999926 12.321280732109141
11.170983107287352 36.603558058897555 9.116665509770158
8.67564207754441 35.34340094808257 9.101457888503097
8.989973698359032 34.904979755429515 7.891582162287641
8.822350410566106 34.319754032196265 9.915370736742817
9.736700730603188 36.8371796523165 9.673101762076511
9.301997353545913 29.94167597462211 10.998005286053763
10.032042120921865 32.778865348261746 12.237577234802693
11.042034951821448 28.91060041066318 7.123036772301004
11.581794690243228 28.306814796845426 10.028638235604646
10.815666164804409 27.701362804872446 7.581071394049506
9.527795401396594 27.617357126933168 7.797351147037748
11.835945017007091 27.278465658236875 9.060007399327771
10.986394134200939 26.757842628574668 6.626245276961984
13.298767859506123 27.520970430542935 8.582912825378063
11.263459684363568 32.14535870341532 9.46138917157964
12.09756942845581 32.02531108458567 8.770050250356622
14.513304146270595 29.883347917843487 9.767410025263585
9.76776209794754 36.64742765360488 11.101853575921583
12.631531490848237 31.149862587972418 9.139610050352294
14.275340543767038 27.0622873006186 10.814708626348917
14.59020994392372 27.370949698656204 9.466342907767368
11.708348100107978 31.922804321678182 7.757084741934915
13.733779915025835 33.513022670952054 10.127899505910458
12.009387273954319 33.89078840119616 11.133002376787008
15.450198110842638 29.023068799838715 9.560298238064961
13.081708663138743 33.78816548871524 11.210432190732035
13.114548582387254 33.192887210196666 8.83232197002698
12.65002799556546 34.101336753698476 8.4488639519453
15.07853207178165 33.52300420936058 10.417838783640132
11.871167410848116 31.11885872294328 12.151867467980162
13.957752363448614 32.951130430698406 8.185281752218005
9.043491722509204 38.00328464708942 9.168050780021202
13.513153472472855 36.93623465727727 9.783181763580867
12.81452885923303 37.90422723301126 7.513243831278901
15.990171109391245 29.29937821574945 8.369815870667951
15.446241712930764 26.493941869391314 8.770391494461133
15.167503684584213 33.56698246617981 11.763212651818815
13.8383781658766 33.52958522640575 12.246675412490895
15.177520874058414 36.91645816212928 12.437095376416899
13.50056535924187 33.4169384170673 13.191817308724085
12.385079022984362 36.27312147967125 13.2977358706756
10.633993231458177 31.568188605995378 12.737155351969957
12.599668944748315 28.90054409682915 12.223308617441898
14.854318154821293 29.25859066451137 13.037524461219167
16.20527594108101 37.042134295275154 8.281318892349162
9.764840276720461 35.38646820608342 13.322608230324253
9.639234564560589 29.0882500107924 12.975725770472174
15.65376129160213 25.938114866994237 12.42345129843342
15.935730019147693 33.69049614912482 12.512193738960324
11.502924737837446 25.920663732711592 9.383160588364248
15.908314070278694 33.576392996543184 9.728628023152789
12.039022822758332 26.763595318457643 13.081706581005456
13.306406421507896 25.63743246758212 6.643362146066138
16.408222353456217 35.12630609149312 7.471978059046171
24.347327263338972 25.687258897826073 11.081626933956558
16.43191817877844 29.18912793504097 10.445576717273417
17.935359007613737 35.684534587189134 12.144446221017166
22.126344133160337 32.132125361791786 6.4231663484738455
16.89757812626967 37.5332832643275 8.828667386939367
21.694478642606477 27.76856257951349 6.525762900516613
23.615124438860008 34.32335494625733 10.84903261878324
23.098704261138867 35.190340873760015 9.952121713199348
23.645877071447384 27.56217591225769 8.306291213806212
23.530525935239535 29.508359681802325 7.339611017850185
16.660089276450385 32.1381822701404 7.733774046071967
18.23997748933394 37.32391712363035 8.644413885528401
21.422154779199065 34.564695278775616 9.291599474111571
20.49498849073533 34.96242203423362 10.441806132159972
21.744218629022857 30.25608120987012 11.817382436768746
19.838790360958917 34.00363916764183 11.476654613225527
19.37508106097908 27.41369290425804 10.720570468275788
19.313136900661707 28.313731020213243 10.12685815513091
18.87069008844035 28.28637653630927 8.89977605611936
18.970853357929716 29.56540952596888 8.38028167524651
18.7286888084343 29.79629763161469 7.35341897094785
19.93198679118608 31.304130893658584 9.382378197394296
18.521542829455 33.23313044194738 7.792555514305209
17.52164800659407 32.84570687744646 7.010823634172302
18.74406214155678 33.26215524566549 10.85480253243776
19.565444745753275 30.289514350886872 9.33138604118306
19.711880372895262 30.884991611917957 11.966275602077559
20.17130866561759 29.92217451947474 11.74264892416084
19.646961136304743 29.511490120292663 10.447983947360974
18.49595115971155 27.48488843513943 8.41265434760495
22.211353307033445 28.966675267673676 8.908441995052423
22.021784929918834 31.16623629914171 11.285710863152653
20.81653662925177 33.30980377558326 12.283664213439234
22.81086366163953 28.4677092757176 7.837713284497597
21.564802028527104 33.13404208556135 9.083314270131593
19.839790124857224 29.211027285840622 12.499263139069708
18.700796064204816 36.67346291640401 7.91574690718189
21.020074896439464 35.318898518417846 8.125941940401272
22.329657213869694 29.452808923601975 11.370039953366774
20.959028135677627 26.60101099005298 7.178717876909431
23.898958073813656 35.296556760506355 8.93051795737013
23.07416738461473 36.43397387342845 10.473221156355754
18.58531796294766 26.03529890052896 7.258043986525972
22.20721330031846 36.725328911854874 6.32606665564278
17.3441094995483 31.162169835103054 12.796736085099479
22.017390248211914 30.331669958403012 12.869885932060473
21.924137306216803 25.802308556615507 10.443257563581163
18.842891040575303 38.04770397892249 9.604123450686767
19.005356495861456 35.08475278790334 12.704201380071542
19.89541100955319 38.16159186059057 9.81773820974862
19.826616796885137 25.777064371846777 6.562590984860868
16.594501444162002 34.31552536155333 6.308747348068171
20.362160379985802 26.295296393094354 13.11728405876319
19.74985199105308 36.12689600815594 13.14905646386634
22.524754895857644 27.49416377256553 13.312641487267971
24.018181590986284 32.47247386843651 13.085859804943825
5.619080811175582 35.58235578780781 13.381302453743743
0.3956876667942557 35.25121031726499 17.96774262211554
1.760367391476202 30.63762308058732 13.339028646463081
0.4874041356930834 29.58613028114691 19.23398564381438
2.217779777487024 36.819267809673576 13.794066338888431
6.6969587417909615 36.522089901659726 13.894820115454356
5.363847852545573 32.8977704439343 13.43051561682167
4.059243413168421 32.99894031562886 13.659189851864049
4.771961877736405 37.46000283738394 15.530338574222425
6.48789732037656 28.64376792502898 13.968504153643174
3.8129231694828936 28.50200442095884 14.069361700105649
1.7399592805907536 36.551906905525456 14.724982940750866
1.0933278010816279 33.70208337413116 15.635253316432896
1.6936376544218916 33.318744561759566 16.879300565159962
1.617615179064471 34.82076517430696 17.942959448688693
1.9607955830451589 34.55421492180745 19.181526888409294
2.3720139468289143 35.78102100425834 17.513631189495182
3.041889188449838 32.98422458816765 16.778251482033674
3.1522215024863374 30.23473159574658 15.927529641297935
4.099947752167797 29.9980452869824 15.670830309608526
4.501848960365873 29.047938769021982 14.696846315229738
5.813004743512702 29.153132807272296 14.640417411751397
6.195763843032772 29.957183884437317 15.76806144118887
5.131403202310404 30.562608745293808 16.266025895425347
5.993869932181087 32.80071304346582 14.645291187785704
5.115265388646276 31.467100753711467 16.855969772123217
1.2957742971915265 30.06387700830808 16.275349781955715
0.8801055904780112 32.17125570332436 17.602015960799736
7.612996769594729 35.87179492757056 14.808847438364628
7.643203561684617 30.104592867051604 15.983955172600778
7.820185306960275 30.705592932687143 16.875906058751088
8.09284440262537 30.62389119656353 15.137638234708088
0.409618878743393 38.237374273254105 15.895399517478184
5.834406320553892 37.87946495159684 14.86101171931291
2.115668847740994 38.203693132590075 13.466449209132882
0.292014187434761 30.91027203898861 16.884836744634576
7.921865576190354 28.334046163890292 17.189926377325655
11.52673394775756 38.03899376232629 17.93804249946333
9.828759770320506 25.588916917345397 14.906488936825347
8.361356970404621 28.822621886067232 16.320305150510567
8.37552534184501 28.084785290892075 15.518122866937654
15.138111830482508 27.503530087749798 18.1366582079475
14.746345016805336 37.266580407494004 13.603262939916092
12.949265358870022 37.573630195589125 13.604010168897538
9.429961178967867 29.008095185966738 16.428862510754218
10.851545164501294 31.497097174175046 14.27283808871002
14.126126934756808 26.70276505724572 15.554048714956734
10.211835430080653 31.99887407511435 17.337109978462543
10.114045834876258 37.71585424210549 14.409155054894006
11.467758789002122 32.25539582420834 16.864703827147913
12.145203162708464 31.168823082628435 16.988925123228775
11.396627219730506 32.71244570406137 15.067936654498142
11.985153803140252 33.25931269225818 17.618938522282008
10.416468272383547 33.75501873521138 15.04845916250119
12.728250216087451 33.026709402729416 14.688219054981493
14.174204966123458 28.129254201378465 15.758994529122994
10.929994684499604 36.29512810018483 17.013898547293813
13.01942800311249 27.772955314787122 18.106401919885915
13.059648055457599 28.937018489271882 15.364026294795757
14.244093196662206 29.42925492160534 18.035109670374474
14.174187710347791 28.241327337059985 17.57425394167963
15.54534030081249 28.803879312740207 15.411355688437084
12.476355235351484 37.985442184874586 14.9821778322975
15.185214152232584 36.30653481973273 14.436707080948343
10.700757951207562 37.54643806602023 17.03439234687116
15.817162237083199 31.742101203542376 13.94685274008218
15.981669043214197 29.14578486426788 13.945924209559058
9.486201425553162 37.751158306514256 17.5398924250309
15.461361840995615 25.611297722812267 14.920513938738562
24.193207350976923 32.79361937796056 14.768481839808148
17.052430438270886 28.2986152316742 13.532569815878055
21.378826430853678 26.8445622713014 15.953862161389146
16.756306707650303 30.852042676421963 13.911702679207867
23.15138399509463 25.76180791805135 15.54571971481294
21.86827495759981 25.872717318786858 15.214314251203907
21.790778756650454 26.264322425488217 13.42981099238905
17.55288337909834 31.096865769233936 14.945122058241667
18.4930014672039 34.52025411711609 13.776686958848988
1.2299459572193687 38.99945566506519 -3.3499997967541684
1.2299507459075707 41.83000866915391 -3.3500000918512383
2.459044592175336 41.11953654554373 -3.3500004443472076
2.459005354185027 39.701081749370985 -3.34999993687446
3.6809946644543277 38.99891822937008 -3.3499997991390797
3.6809559198580173 41.830528931600945 -3.350000258593976
4.910049123126795 41.12005420090459 -3.350000104893236
4.910054033633528 39.700544346772 -3.3499998552667156
6.1399999852393705 38.999489869358264 -3.349999997226145
6.139999997814672 41.82997734057803 -3.349999847734204
7.369950892491375 41.12005426342654 -3.3499999412951365
7.369945928166861 39.70054434474521 -3.349999880114496
1.2299509012506014 43.249993779574375 -3.3499998533342845
1.2299503642886054 46.08868293502783 -3.349999916720894
2.4590397641275943 45.37941301951593 -3.349999889505264
2.4590443666507698 43.960520174062296 -3.3499998600913283
3.680955676794395 43.24947361678696 -3.3499998896937
3.6809597897923356 46.089196325238916 -3.349999876404909
4.910050073632082 45.379935118528614 -3.3499998803212017
4.910049077483943 43.96000025648955 -3.3499999098378863
6.1399999473968565 43.250024911244495 -3.350000282960097
6.1400000037183755 46.088651881222695 -3.3500000230065363
1.2299503714897548 47.50131701965842 -3.350000073904207
1.229950787611906 50.33974808188252 -3.349999859331488
2.4590434027460732 49.629467994137734 -3.350000138361413
2.459039762400283 48.21058577843554 -3.349999960991278
3.6809597866738373 47.50080363368466 -3.3499998934916353
3.680956526465763 50.340266953766495 -3.3500001854325734
4.910049306604285 49.62998831181332 -3.34999992487792
4.910050048476514 48.21006373061084 -3.350000058042333
6.139999991098813 47.50134805337862 -3.3500000661592333
6.139999986462351 50.339716851220075 -3.3499999476465447
7.369949946174704 45.37993516023464 -3.3500000958454423
7.36995106501735 43.960000232879956 -3.350000454350053
7.3699507131963955 49.62998829707572 -3.349999888889865
7.3699499368833665 48.21006377066812 -3.350000284819128
4.3302930662418515e-09 43.959969056655375 -3.3499998774784876
1.511450105052939e-08 49.63001959815312 -3.3499998686707313
6.084736117194534e-09 45.37996683532094 -3.349999882613367
6.5467631972296445 44.08863352055724 -0.9636260758213244
1.1176087688928998e-08 39.70051016910632 -3.3499997964157426
1.6147069947301094e-09 41.12008516315898 -3.3499998486003415
8.599005329945726 38.99891820770228 -3.349999899012257
8.59904400575677 41.830528960220335 -3.349999958819301
9.820955492186885 41.119536552782925 -3.3500000702666988
9.820994684597782 39.70108176652336 -3.349999887929208
11.050054039583419 38.99945564898028 -3.349999911568066
11.050049240670871 41.83000865578177 -3.3499998594561307
12.279999988924947 41.12008519410877 -3.3499998666085617
12.279999993429136 39.70051017316814 -3.3499999315940263
13.50994592758774 38.99945564842142 -3.3499998625795735
13.509950765977226 41.83000865636172 -3.3499999813830317
14.7390445245261 41.11953657151551 -3.349999862461103
14.739005324956105 39.70108179443067 -3.3499998693980326
15.960994671853882 38.99891820986465 -3.349999918218227
15.960955956159964 41.83052895379545 -3.3499999005094017
8.599044314901183 43.24947362522583 -3.349999861675009
8.59904014410015 46.08919642876302 -3.350000477514631
9.82096038734636 45.379413037840905 -3.350000622437095
9.820955656271824 43.960520163670985 -3.3499999425682683
11.050049123214237 43.24999380843374 -3.349999842398621
11.050049665748796 46.08868294879924 -3.3499998820135013
12.280000010161766 45.37996682339687 -3.349999857173893
12.2800000151955 43.95996908879047 -3.3499998653954863
13.509950893200687 43.24999384238211 -3.349999877259797
13.509950415986422 46.08868289762508 -3.350000011089209
8.59904025929633 47.500803634282455 -3.350000006136613
8.59904351469635 50.34026690951937 -3.3499998614453155
9.820956548331651 49.62946797875516 -3.3499998445866597
9.820960248789008 48.21058577042562 -3.3499998750672666
11.050049631440512 47.501317026482745 -3.3500000234590166
11.050049219057978 50.3397480789246 -3.3499999207717757
12.280000028128514 49.630019563790334 -3.3500000125629503
12.279999984544203 48.21003209245755 -3.350000138176903
13.509950472865276 47.50131705948743 -3.3500002785894365
13.509950794063652 50.33974805960318 -3.349999841817705
14.739039745780229 45.37941303955718 -3.3499999056553786
14.739044352928792 43.96052020733508 -3.3499998383170695
15.960955668432513 43.249473653158525 -3.34999983554836
15.960959732963957 46.08919631319185 -3.3499999722726526
14.739043437287629 49.62946799980593 -3.3499999361284925
14.73903973502941 48.2105857491089 -3.3500000304047606
15.960959757201499 47.50080364079981 -3.349999938104371
15.960956473451718 50.34026689442146 -3.349999851962915
17.190049094566383 41.12005423491141 -3.349999964387088
17.190054071601892 39.70054437367572 -3.3500001017105676
18.420000002003142 38.999489828879966 -3.350000066976657
18.420000014232077 41.82997734520988 -3.3499999089454766
19.649950901008797 41.120054240266455 -3.3499998382558616
19.649945956887667 39.70054438952148 -3.350000082107493
20.879005321836356 38.99891821435515 -3.350000011863318
20.879044020267138 41.83052893062917 -3.349999864835577
22.10095547500432 41.119536541923615 -3.3499998733323877
22.100994664226857 39.70108179674938 -3.3499999996854757
23.330054086265523 38.999455679142486 -3.3500000308208335
23.33004923602592 41.83000864482073 -3.349999894343277
17.19005005998618 45.37993510727268 -3.3499998892702285
17.190049082784718 43.9600002828741 -3.349999855450018
18.419999991309666 43.25002506471059 -3.3499998704963363
18.420000002687544 46.08865189003891 -3.3499998445307932
19.64994989754652 45.37993514294587 -3.350000028977864
19.649950886837313 43.96000028065189 -3.349999881923964
20.87904431501003 43.24947364009402 -3.3499998737841508
20.879040229637805 46.08919634961791 -3.3500001382060063
17.190049274903643 49.6299882811573 -3.349999824737867
17.190050051053362 48.2100637329666 -3.3499998887980444
18.419999996627556 47.50134807512422 -3.3499999428486946
18.41999999884189 50.33971684435303 -3.3499998797483443
19.649950733799475 49.629988284210334 -3.349999822086213
19.649949947835605 48.21006374453992 -3.3499999367029543
20.879040201019126 47.50080366656647 -3.3500001375137534
20.879043520788635 50.340266847334064 -3.349999844797914
22.100960245608942 45.37941305184842 -3.3499999224280073
22.1009556318299 43.96052021464144 -3.349999922349738
23.330049113004385 43.2499938040154 -3.3499999631947555
23.330049634423457 46.088682966604345 -3.3499998298967535
22.10095646921637 49.629467979050666 -3.349999964436896
22.100960244809794 48.2105857922222 -3.3499998858658495
23.330049626646034 47.501317004707985 -3.3499998694016373
23.330049018049998 50.339748270145996 -3.3500010701115555
24.559999975070987 41.1200851764155 -3.3499999367449105
24.559999952627035 45.37996683050289 -3.3500000021619245
0.4720806553063936 47.895395235638425 -0.5853938703742201
7.79951410617058 45.03225807745576 -0.35370771235276544
3.471189756145626 49.224365179207666 -0.8305664107836319
0.7947721260910684 46.570845100642956 0.4312596123294765
6.319104867013207 38.827872808778366 2.5517945243473372
2.067561750794016 47.13820960514278 -0.6040451795135959
5.880056433536108 50.572214783687116 3.4851683130272315
6.468564551715555 40.81075334275321 0.2075105308395786
2.641922801248527 42.88809429795279 1.3078343350790278
1.8566314247715852 43.68161175430507 0.5595448296765171
1.6519006325350722 48.47331951832989 1.208684614732356
1.2586522106761695 47.47756060605918 0.04295269846455674
3.7340673656337966 43.55305313802116 1.624003065623827
2.0713717194146475 42.759970405171075 2.5348188932591906
3.2085053034559 41.34094970156732 0.43516328637362767
2.006809863550453 40.82152335202022 -0.22086433140407924
3.768955238335848 40.390097042764765 1.5133276837435639
4.261605649246968 41.765284285066855 -0.3699704920310798
4.122716374563375 48.778948920931235 4.278466761882878
5.34421191913845 48.165038391256395 -0.32996396191196653
5.954678489324053 44.637965261049615 3.834839980975774
6.544426545415215 48.20697529175874 0.29114392536773837
6.392993229646169 47.38293504236415 1.380867302428317
2.2029926207856 49.73882626518351 0.8390456632468246
6.728918998747055 49.932674407133405 0.9639067430370207
2.466671086192618 48.06539283531969 1.8068860269506115
4.384300354570481 50.08546857808647 4.438101196959896
0.7814654154278421 48.57547839662624 1.8567633883915313
5.6437122257568 49.97496989679951 2.073881907740611
5.414095083766645 41.84348677912431 4.7817769200705325
6.883191898686964 44.53883455605297 -0.02969098327742059
6.107430340382473 45.19663484600773 0.36221816835177667
6.975919553643938 44.06045648497141 4.62104482915832
1.3499497461039838 44.82407166221185 4.876964278356234
3.1074334339335667 49.99587277427719 -0.16810330332996393
3.2681691141001243 50.66898801191922 4.045798869209611
3.960035930992465 38.87195593212451 1.3115206412331049
6.0952923497233025 42.9909402564003 1.2312796175375273
7.086559696756625 43.35323497160933 0.9588248761638507
7.058953648182999 50.0497097327424 4.139167124639165
6.680565688114762 42.17737202967524 4.609977158492291
6.485780149318473 50.886886313760705 -0.10417515417797452
7.459037830638584 47.75725418632462 -0.4890440378357286
0.5401531747103179 44.859490688992025 5.6057132100877585
7.49704798945906 43.88029938072269 1.820104432277293
7.508806441980022 41.05061712551902 0.043919041302524775
4.494628392209431 50.366250945404026 5.741117519032526
3.3962219889005922 44.02887103079605 4.754303692156935
2.493254504509684 43.90290929353597 5.351700849284489
0.31936602405912196 49.553611065913074 4.331158306153036
4.64154266571473 38.57649181954982 0.07394969553580766
2.1946112054049243 42.8565780212038 5.287645804053266
7.96366902048685 42.28396439879476 0.3898332776474278
7.290061006908032 41.53239803331719 5.558464280554601
7.0334291135535425 41.66037817137625 3.4913601221932
8.037679085168806 49.961839902798005 1.4861037199589955
1.7594721578999464 45.83400469369337 4.856308381668557
1.0006724008394805 44.67345474373442 3.855485017682679
1.9279519872889423 50.83810285518847 1.4173117545583447
5.060479517140173 38.375187376189885 2.6592353357251697
4.737795096103493 38.99990758771245 3.754649302270315
6.955362136590799 44.35698199513227 6.046631666036594
0.21433492897706213 38.72947234977556 0.5388807161018028
8.472088136746944 46.759937649720534 4.047691327359729
8.547894305900988 39.23189265689125 -0.43163281127432285
8.405543740747923 44.20943652723926 4.0035621317676595
11.111477560499893 41.62018115919209 5.290100454339171
8.564192230437643 40.30478719547098 -0.3090290320564093
9.104854724115151 45.52712605632272 3.62791953551909
10.388141870054847 42.23783523048221 4.757757588138086
9.47510275095547 45.418172584424035 2.2154149116239297
11.971059210803215 49.97472267240581 -0.1966066899581298
9.800430374838474 43.19404857024013 0.5704952735569802
9.262086943343162 49.356951551723135 3.5903503755964863
9.630449419881415 41.13304524370693 -0.15206997683270163
9.260414368742275 42.33097686266522 0.21009280320837598
10.671800756234656 47.39317382918802 -0.2208402012838706
11.976615817730542 46.50872510704912 1.2821262210382944
11.272315172859976 49.28797167551154 2.039123686773893
11.589966807131493 44.639241892598896 4.311798829792618
11.845624927783263 47.447338712544244 0.3292198438471361
12.210506195610563 49.143097719180844 0.9572070807472588
12.674829692401998 47.06208501382934 -0.6077081909397675
10.591304823056662 40.82680762746638 -0.09661353845602849
10.37215506976228 40.08351449146168 2.4480258368933203
11.344961375096476 39.20071722278829 2.4674327224530446
13.489745495248329 42.22684766776789 -0.26794268635139673
14.817672468246482 45.03411448353864 -0.08876947885142039
13.650262383475827 49.07183494167868 1.4488434862161692
12.438507034160718 39.84471260042933 2.8437144635908638
12.487041208419678 42.62478323798604 1.6133452859946917
13.053843006789405 43.18206129751409 0.5829513481984772
12.128211853081009 43.91317130790113 -0.00899731273760862
14.457673389648726 47.24730190909524 4.865326993748944
14.134297330275837 47.52420591136343 3.861906793663834
14.575125196131111 44.207278719221684 1.0785871787065382
14.81082198824463 49.677509443392175 0.5942856864887269
14.272336390630539 44.94632207610682 2.2849305584939774
10.71193166054673 45.55071991781451 4.6363873438147944
15.325443250860989 48.73195789633885 -0.27877868776673864
12.04932761000686 41.57035838909923 4.736878097345018
11.34690538939408 46.72426052272865 4.53325574280386
15.840441675405048 44.881204147844606 4.751071630485767
15.047232224404054 39.190897687197655 3.6063339147161133
15.119651706799075 39.73749069197025 1.1107397758470139
15.673252864596098 38.748409141036056 2.9487610712944177
11.813388136458462 39.555458070760764 -0.0681631119308479
15.883892856289084 46.96043502639998 4.87520035584657
10.81575892985993 40.58557318756666 5.116213029296376
15.749652515649947 39.0629106006228 1.6714898815660217
15.700303148601522 43.19257919898287 1.35744810373297
10.429490823867386 50.05458991110249 5.6279599074283855
15.244178623580217 41.06802178459431 5.260327699069686
16.210441203650227 49.863330120190575 1.7452161395600096
13.907544973901953 46.3529074468942 5.15776035780548
10.513482220029399 45.464623731712386 5.883568226570054
16.22828401466051 41.58331547274841 6.196035856936453
11.67365535110317 38.45360850137516 0.8350790814445119
15.951426183250788 50.636520010555266 2.78487628837198
14.121897363357414 48.44021308466944 5.716717715077872
13.057479871059089 48.506111950747446 5.942045790337152
8.521575227642547 38.73816091105399 5.885211752599384
14.396866975158426 49.34273417956518 5.170872145461366
22.786901259375735 44.72721162338974 -0.546164957251094
24.426937685197228 44.09057197036494 -0.6331342501192749
16.41810028062611 45.770722472687495 4.954707790253165
24.068424374880486 45.109337997293316 1.1382522777823745
16.89549102044889 38.55575761421788 1.2372778743180401
17.63790088932864 40.32851749773809 6.171454878142262
19.548450658266972 38.99543855521467 -0.7730003031426325
22.47297616295805 42.4632906147018 -0.4744087967521493
17.290488947176495 50.28678016110075 1.170577516612794
16.87057266283276 42.83354094591763 5.910669892508102
17.663651961813237 45.84975039364564 5.276911448902837
24.17624263843168 43.793801717928325 2.8117586761834046
24.457182403688297 46.946883189603106 2.1993090707699503
17.103881433893175 43.19990868507117 0.7077454918817017
21.03058122034926 46.80090545049818 2.756502329580531
22.97299417800698 42.91013970515806 0.3848978277873183
24.2118659422055 46.42169805521915 1.053575565461714
21.950489652767438 50.77780752466319 2.238220722903775
16.59460047802572 48.6973547376992 2.2568589380013213
23.58670860289975 42.11434165266773 0.8069879417270509
17.520821227202603 38.709533952231986 -0.034372476906835425
18.03094214359399 47.172729334574704 5.344601772516398
19.37058550981655 49.92157510823132 6.187156483101862
20.610455728908708 38.87792681417221 4.87329676659127
18.33053340554116 40.406481711035696 5.0467556241516265
18.965769578392774 40.18255169425951 0.4970984729865746
22.19108363370791 43.00444425322403 1.1384378418197771
16.63245667124486 46.533003349561916 -0.5903929139171815
19.465137730693538 38.506426980704966 0.8088020838486143
20.051523010679148 46.568048999193266 1.9377129964704287
18.251990330535545 42.649005444975465 2.037028680636465
24.276633001898308 44.796212381679375 2.422535557522476
19.50037570148996 42.506740610752956 1.5348144487988669
17.12894993668204 39.51678140323053 -0.6531522799269507
21.352519288788727 50.30787035368219 0.9934158616963218
24.067187821608886 46.977845531830724 0.13915322017831855
18.77781322553585 47.65909308296833 -0.06939020413643027
23.578533475792263 44.250822308130836 0.03217028681075873
20.31783420837852 50.65261878819623 5.609265373883767
20.094674522323256 47.756872544892055 0.5296531658260584
21.679291190066223 43.04319664469169 3.6975966185040896
18.93881488652251 39.162044276991914 0.11508007567176404
22.29386503672053 49.991211564435545 -0.024605866566043133
16.935546501498507 47.81649135545718 5.161412082562471
23.00548821445739 42.299725411854276 5.047732036211371
18.218554993856184 45.01203912352529 5.379001864186868
23.608099249330433 39.02736165848267 1.2208876770682553
21.709244628853103 42.50882136325664 4.900861997685187
17.570961559057963 44.46597987689925 0.23637297456734263
22.905177783973514 39.75474667945077 4.131710937690334
21.170680457978754 41.29193728105483 4.770143296011232
18.970133923352424 46.747645986221016 2.67323204206856
19.86800123061469 44.08346038646722 5.787631495493488
20.26382944682053 49.2140671420829 1.2647083277472904
22.792339200969227 47.67059861954961 5.179622619211668
20.136246684875207 45.33017985909524 1.5827985201307726
17.92568408370686 41.49145701260029 2.5474094820962465
23.634369714148153 39.144165799211905 4.643443404462028
16.75876633830537 48.88159988228674 5.135094791184423
18.28305264738989 43.41206342621817 3.1704815338856407
21.172970556841705 47.28086686758045 -0.2682595875592375
19.07971105688974 47.39967136692528 5.466998995966925
17.20081395104184 42.109048355255744 -0.2368375517198762
20.802529396034238 49.89561062630294 4.655537909404379
2.133504874312334 46.9616974202402 9.975034738681025
1.2744605078201616 43.17919651738533 7.978259116339805
3.039637788363291 47.965767131189196 10.143217749390347
2.2334685836791746 43.674637805643194 7.943025037746141
2.928264325084399 40.248545108593795 9.565388827085926
3.0370401623366567 42.115215529665356 11.799689077384683
4.070478651822505 47.25608091866245 10.422987992413093
3.9610752344058544 40.349889513540724 8.727231227045474
3.0124765992741884 44.07176300278209 8.96711213016136
2.920493843955976 44.13048371417778 10.041584582444402
4.361594938977057 44.72433104008119 12.14444186322729
5.156334923896389 38.880407685877664 8.924617697494114
4.496887966274578 41.4816955378358 8.94236609598721
5.205231340364598 43.53939497125616 12.164281634823304
5.75382338877689 43.106305498563415 10.887248628955936
5.7373740844989864 39.14967707887848 10.208996810007823
5.67993405453491 47.83229538722997 7.812878192097377
3.1723557505128945 48.58895670958175 8.990691313745604
2.587143352952398 49.13202608415985 11.541864282881736
1.1291125288348796 49.56949417058199 11.380019865300525
2.6757996222501665 48.2727026661703 12.680526719445247
6.856548225843607 41.04615791525457 12.377869847145973
4.1753631318914906 44.60175755356082 8.392652843935059
2.924624837932211 44.08007006036411 6.7429478980038144
5.016581616793135 44.88000978542979 8.877448838238456
3.5408973099043712 50.233229340190974 11.521296791712652
1.0385248492756787 50.10434590075147 7.308231477850348
2.9592229700456794 39.242892559759326 11.794889920284184
4.067295658526903 44.653095739427016 7.085090839392581
6.923886705908329 45.51518696661589 8.833909849044462
7.902167423737226 43.565252507167486 9.142934137681257
6.904996955490892 47.98248230306105 8.225466908327519
7.0745599320174755 47.01297165615784 10.697137698738473
4.087560709555267 42.16767323380733 12.590938859092155
7.489666247520058 41.14523118763446 9.005696052049153
1.4689974795833898 45.25385556785472 12.730545172351128
6.047206686966451 38.98297057857999 7.807419505170171
3.4927850548813786 40.470765371166344 7.511257758167464
7.512949175494297 46.68305701345571 9.371000097969642
0.03843783843158504 45.50423383705931 12.795226111313989
7.903519108370096 49.98811001227625 12.079169499862608
0.24293682070906106 49.081671768949604 7.671092096305905
7.606289864237067 47.910071090867504 7.110429492619379
7.879105852377062 41.0053200546192 12.032749332729553
0.3389411298266123 48.04792848615225 7.3735051380946715
4.792571746266852 45.03547587832629 6.382125672491387
4.681238872138681 41.018768543989815 12.419118815249465
0.5813817193308907 50.8539320703499 12.07148788790197
7.013611049680083 49.26483959465632 8.648172194014505
1.9906798405849557 50.18028934588583 6.804214151247109
2.776725159785413 38.313635733917494 12.314097297586436
8.06284371879251 38.90067805519617 11.710913783467918
8.052392257957745 47.747106408748536 12.91976988788136
6.293210289995374 43.55441218518076 13.283895644662042
8.349428034871492 41.59370165261047 8.530213233207114
8.550793674527384 42.9414970224518 8.684335095012361
9.608939516246174 40.09809178554721 7.688074828369058
8.462283153062717 39.82751400585239 11.671884834000956
9.360478382896718 41.13172682460474 7.878510305953252
14.226943781858768 49.440188938567005 11.80860589273529
9.104465025976065 46.736594391606616 9.202040845955114
10.033459579127943 46.35584920343867 10.377435307013045
9.920388561412528 44.97671392619 10.668463175454239
10.05868611508642 44.25595231288139 7.967775397181677
9.670795416474272 43.25113951224084 8.047097786222551
9.915881253565844 47.2446129583294 11.459143960295137
10.21951730187326 42.16313226468168 7.552253761907055
8.847485847638179 41.9267610266931 12.085704923232774
10.055477157773424 41.27548909562206 11.795013579424428
9.778862469509301 40.008209300160985 11.628589616993299
10.585456901302482 39.30962068764802 11.461918164655806
11.819583831228702 46.51174349178309 9.77075300299094
12.106607477478285 47.796435424279906 9.680154902474404
12.05359660480687 46.09173213651074 8.574231220378966
12.725895470825627 45.9345975487385 10.553887044187517
12.970110732405137 42.401970683226494 9.215692806582013
13.730638262738731 48.44062977513138 12.46384512176878
11.223082709637875 42.6253673041268 10.816214123058565
11.328585048180297 41.96051443018448 11.673500488625784
12.087281856015574 41.2175422512916 11.427590962289718
14.128607161617703 43.39173831022414 10.67126967300939
12.076663622032964 41.13199619096019 7.093770773753931
8.745467766239695 42.95697198088527 12.39336983960098
14.232597960823473 42.48095683567573 9.695792925835363
14.500016308609077 41.3933545012446 10.371507517999559
15.575585847632176 49.48330131088987 12.079934978641411
11.458891637803928 41.9535768148454 6.731192431304304
12.05086438416756 42.866901591528624 6.7904049317938755
12.666197716283678 48.25796894425026 12.462685848298362
13.418837482081992 50.34564056759453 10.976507265653451
13.243841003695293 49.83142292428826 10.031490626473532
15.012815904702306 44.01793888542179 7.826608762465903
15.546069737251763 42.86924213372622 8.535638292294458
10.58190635770521 49.840859539133014 8.523608396317652
14.707080573270117 47.82884155674609 13.122006033493395
12.058894435910915 38.89713407704673 9.761547563464365
15.765414049339531 41.59282216255564 7.674558049684457
15.900659884248244 48.54515744207305 12.95133237484854
11.918716918022758 38.57811783553684 6.785569195636322
13.90463173426143 38.62935849056888 7.413207493436578
15.866030477819795 38.94650962239121 10.029368420798658
12.667522168260014 38.65167842033752 12.675760066472762
14.69276503356829 48.439720290791826 6.64527027697543
16.185773590434092 50.30181518993665 11.727648237007378
11.295744760152118 50.16927901514311 11.797015913949512
12.397528318505065 43.542958751663896 12.777435511130822
11.747395985679931 42.68927645713869 12.968889134122586
12.36174573445273 50.83650372539629 7.944835747537317
11.04890620668072 50.96570986445559 8.007436615471512
12.06361737261448 50.913808343297994 11.586902300068152
16.777859878765856 47.72665386284345 9.293865355915733
16.72041583342062 45.384019415978855 10.03108187792844
17.516415261809026 46.64114761051011 8.152904632899292
17.24255249448566 39.06427084863042 6.456297370621561
24.360592713846508 46.96847997631434 6.335104913497329
24.008650289342807 40.41696528402964 13.125613398724369
23.18919775202333 48.47712636528021 7.144397824297607
18.458899571207528 41.576437583327234 11.031971876680393
17.609064593844842 47.03327668407977 9.165698240163946
17.326620926480558 46.57935770337469 11.174005737666612
18.538623891335963 47.60108271565932 9.205895539066049
16.64989570545316 43.04180990933536 9.39112840666129
21.90265382490133 48.840107542435405 11.355208870168529
23.100979687039946 41.42610982788739 9.403058527151504
22.017428578596927 46.06756133655685 7.286055092623043
21.49965757694013 44.18531303769473 11.937140976071806
20.688745589992248 46.64817315853352 7.368957888490645
19.403057277424068 44.53523142518991 9.621311569459662
17.557639115708245 46.04616255100184 10.251816209348956
18.759826220345968 45.24630996047885 10.497312897209069
19.098740763108506 44.41477852954223 8.59209703461665
19.50425742802443 45.17702687400261 11.64667161299375
18.496795239094734 40.629733040258216 7.186682151540533
18.1670345718146 39.41077481895668 11.581806687182016
20.57839028426258 44.08851332971372 10.058913119170635
20.62484356257711 44.46424488999204 11.368548448872021
21.020827957098252 42.8710782709102 7.477021865248199
21.19713854017262 43.50524415756136 9.513892322844827
21.10678893778697 49.730213132744794 9.550839890116306
22.87272214610957 39.934280036728694 7.834266279464903
22.67156520913209 45.81650730379568 8.503417234627033
19.25501240873315 45.62632064590759 12.596625310201087
19.483604576290197 49.897814796398066 11.723013796897197
21.167072595888946 49.90525750405679 10.887029816206352
18.948895745980128 40.74917924644823 11.545437934664065
19.9102749277459 40.70414107649526 11.033752843916062
17.188695909627622 39.65094903296873 11.998063590363229
23.59211161842636 40.30802015449648 8.926631922284646
23.35214749225185 39.38935689369137 9.837268917488947
19.081605259807763 48.51918467645894 11.716208181956114
21.964504272595782 41.558710749237484 12.319007926762902
18.642356546618387 50.8677661757244 11.08521356062934
23.102553287664705 47.357745290365884 6.458180229119433
18.591858010178058 38.600983663702316 12.174987377874025
21.94982976389557 51.01251782084796 11.016380716001743
19.164190991043206 41.196350715341296 12.515894340061832
21.850421443922738 46.7994064517996 12.915498724611458
17.920245154424084 38.778407960191586 10.252081145370758
23.783374470999693 44.74301200721529 12.504169867255104
21.293835338454194 50.750300821903004 6.446951101701622
19.78928941248557 50.32014508882035 13.198107174771966
24.226538247862887 46.82575086843245 10.776391677595104
24.42886266095932 43.64251729857935 13.183958340734454
21.11305748854202 43.64562821201654 6.301828118848767
16.789586993351467 38.47413996113485 9.728851756235567
21.160832632860522 38.829501590213155 6.591673718575299
24.42298464883402 48.879897020712164 9.725692085092362
22.097906625356273 44.797824097622104 6.410543703309014
0.26145789940781206 38.909197434461454 15.04993990035013
2.2308149187912063 39.60117878373474 14.995547908976791
3.5639851782460616 42.08123895728078 13.822822664382441
1.4771995750923168 39.271879149681745 14.280197879384835
0.057090672814881525 46.05966950642937 15.570749298384586
6.0555454010040695 50.57628021466262 17.23191195004912
3.311928463396499 46.33014599830425 13.929466507972254
5.841190609596596 48.616926008467445 14.010497582437216
0.549932536870663 43.815135513922975 16.784881392509206
1.4904074331259227 46.082480082479584 15.525414943811317
4.887331023812234 48.8944522526724 16.93564213551897
5.0338662754817065 44.928185791522715 14.922363324683804
6.381152320999079 44.63785202029362 14.431661503203426
5.97312051147658 49.508112108295336 16.504554334958577
6.763954523767064 42.66649338629935 16.30508817341092
5.799245018169579 49.912614203991836 14.683352636592376
6.630343056489687 38.4310399071848 15.816566819875778
5.393354744482643 38.905764790104485 14.11688409515937
7.322042934358174 43.76364229715121 15.829714871570363
7.01462421802209 48.73608348162292 16.8490265829002
0.15397881363940438 50.471798916308884 16.74695586117943
7.221090590187732 45.67517179892836 14.001316860697582
1.2180160235593118 40.12477625236145 13.65290973271039
4.557012291013948 50.673445931715875 14.600723213225761
7.581558460885557 44.49988642193118 16.89412568419994
6.996120335440824 50.772257766102165 14.311499940946801
2.8031853497474195 50.60479098885501 16.663739694241496
0.07314837945119024 45.311958429353275 18.161464281923067
10.933652682271006 43.14714263688127 13.53127725416794
10.97554317413127 38.3333299863085 15.339572779827886
14.544929470242868 47.03637289515499 13.726820418376505
15.451479134580559 43.647201776964486 20.14522969147982
12.977718965752523 44.34384296718893 20.26204588767732
11.398992642933758 50.76512387293492 17.316333824971423
12.225508490115924 41.9834496151599 13.64809227181811
10.746347573800339 39.74914201763021 15.539714751431614
9.269964013201166 41.72245899880947 18.468158884313844
8.494335871349724 43.35938640965768 15.364587914814042
12.122090434582416 49.94268354369617 14.561062394425749
14.686773618612996 44.05682244595744 18.594785386080396
9.761261093575486 49.17185404048418 14.357917106184665
10.952607092830247 49.361287108611336 15.156131164118792
13.285003653480132 43.31226848243641 20.09020234394676
10.326396162626539 41.903786716001974 18.60033820429208
10.343135554450082 46.341124696682215 14.515531640212242
10.187664864128342 45.56882247252065 17.328593160085898
11.428820804014872 46.724727360546545 15.356202187922916
11.209582648978332 48.078327129988885 16.04408845324781
10.936719023510165 42.45157602864643 19.689159378073132
12.270325698024058 42.55569873515848 19.329731051466396
11.222812346360504 41.58314664680003 17.688261809180734
11.618476334487346 44.25033502279026 16.3287165939591
11.373755266260586 45.516539299276516 16.728440498281365
12.404604712568661 42.00948273017729 18.157467982399137
10.984150145123268 41.093801187887706 16.837567166249904
13.3371414063308 41.931524154665304 17.618304022854435
12.779441444463473 46.61276555497732 14.852147341018057
12.268795257351668 45.81097248366929 17.66578312754122
14.971147975296104 49.18811333442513 16.818055508989975
14.19470729150998 44.009015671237385 14.94768524171437
14.71383907520028 43.33110330141904 19.407619430863647
14.699853061887834 47.719001235904045 18.253138383146556
15.023638767756163 42.34701418153755 19.055919623215274
15.6661504720939 48.3929831942114 17.590480137196828
15.51858297666278 43.72671441579363 15.119746657879404
15.782847240573258 42.71604836453153 14.28459370928657
9.305688393607955 50.44554854732841 17.01543773178607
10.452549463975307 50.644224004997135 16.363572140002763
16.05598145782805 46.268968914761324 15.949883912991101
15.576193863193474 43.21439775547651 16.34437514392948
16.31705692522679 49.21046130314719 18.421685619657634
15.422718359102696 38.34414156690953 14.021748532943816
24.444079366021562 45.23793429203223 15.335718859671827
22.954033358531063 41.33741583059675 13.354021034813817
16.424718583427108 45.67688228911985 13.603049869093587
17.68818633966187 46.79999581182262 17.82784105023116
17.985964082307916 44.772150939240746 15.232901057847249
23.529932947643566 50.381059341737476 14.227602664299802
16.896074820062477 47.31090860353413 16.69558076891382
20.834629852787785 46.17682343925828 15.94312913466056
21.97363030088012 44.08417082053235 18.41744132514362
22.853348725008118 44.98588263380662 17.197955732037617
19.83712254910697 44.94185338099831 17.2560040994711
20.484148066278504 47.42169836832337 15.773275204070211
21.85143899475418 44.72892673445796 14.531820677126202
17.535253847831616 48.23545646078776 15.854733975904857
23.970164652737985 48.36753467021744 13.501649626862305
20.664424935611493 48.77819620958874 14.308872554864964
20.795232018230145 45.45927551761126 17.207008406890253
20.853548061927 47.82729353274256 14.591921211905227
21.01483144188406 41.17204914275857 15.163322228716012
20.83787774995496 46.16111134827392 18.03989964143152
16.655876403156437 45.256645770475224 14.951320591824288
16.81120354669665 48.28321225641495 13.46969031921111
21.844919856231765 43.57655965335552 16.717372488739528
23.800098527448842 48.70899982252441 15.556643985054855
22.05047041382436 40.48148130811962 14.738189235854367
21.35692108537164 46.763075547578715 13.87546615190455
21.579108323507036 39.31380898785592 14.410718612794946
23.450466151376794 42.705845887567854 13.875068630867531
19.97917377892419 48.05629874691263 16.486495596787524
21.38424385613222 45.686815286863364 14.706686978960768
24.25490147317151 49.25231768179138 14.407120317701544
21.932806303332065 44.43318178822393 17.385634780469463
19.577478608167567 50.597501071422776 16.45517921129038
22.826539482651434 40.26891289773026 15.762764802072404
13.44510707871335 42.84594168429433 21.06231664315825
10.594888933779337 42.897320083503836 20.611582506155063
25.78995075173087 0.7102495342345633 -3.3500006196557965
25.789945931590903 3.540544387496695 -3.3499998978744316
27.01900533281163 2.8389194076033104 -3.3499998938479347
27.019043637761005 1.4204752411162531 -3.349999920184197
25.789950900940685 4.960054268561205 -3.349999890426343
25.789950890011056 7.8000002897459835 -3.349999848802857
27.01904430004719 7.089473656452821 -3.3499998850297406
27.019043972530156 5.670528955073359 -3.3500000223059603
28.240956778143424 0.7097304920453974 -3.3499999423471047
28.240994690219306 3.541081819726358 -3.349999901440049
29.47005405883823 2.8394568243036513 -3.349999962504465
29.47004926459375 1.4199571549986514 -3.350000014120189
30.69999997362127 0.7102806780840792 -3.350000127960916
30.700000010516398 3.5405102267571906 -3.3499999807857517
31.92994597381453 2.8394568286675903 -3.3499999010170125
31.92995078833738 1.4199571841433023 -3.35000008918977
28.240955474300492 4.959536469347932 -3.3500003700560574
28.2409556417119 7.800520213125123 -3.349999873658527
29.470049131936655 7.089993822621947 -3.3499998905409445
29.470049318428227 5.670008656572772 -3.3500000939183714
30.699999982052024 4.9600851811715865 -3.349999949746141
30.699999989513092 7.7999690250953515 -3.3499999893536225
31.92995085582795 7.089993839417559 -3.350000014509291
31.929950695770717 5.670008611137954 -3.350000766408697
25.789949941434926 9.219935111018755 -3.3499999479409004
25.789949933253876 12.050064842050244 -3.3499998781566043
27.019040205076937 11.340803653992909 -3.3499998739314796
27.019040205320668 9.929196318632007 -3.3499998989912507
28.240960227488756 9.21941301471541 -3.3499998897249927
28.24096023310085 12.050586939682374 -3.3499999061041406
29.47004964177486 11.341317061902737 -3.3499999683810087
29.470049624404062 9.928682921755541 -3.350000088360512
30.699999965345054 9.219966857538244 -3.3500003166047443
30.700000012722185 12.050033133518468 -3.3499998933082953
31.92995037199362 11.341317047517357 -3.349999866378075
31.929950395381823 9.928682967735508 -3.349999970251968
24.560000054172324 9.928651829766997 -3.350000309303928
24.560000050828787 11.341348160304538 -3.3500001351480932
33.159043248279374 0.7097305172109305 -3.349999883695496
33.159005342901025 3.541081830349517 -3.3499998238293016
34.38099464980976 2.8389194608146457 -3.350000050113925
34.380956341531096 1.4204752287931508 -3.3500001634684438
33.159044582007404 4.959536520314268 -3.349999996585682
33.159044044191894 7.800520224508285 -3.3500008914457915
34.38095582241061 7.089473273044325 -3.3500016651457476
34.38095599639849 5.670528869728227 -3.349999911364512
35.61004930577516 0.7102494120114776 -3.3500002415801964
35.61005406348115 3.5405444485263815 -3.3499999780549974
36.840000039201655 2.839491032320059 -3.350000074700511
36.84000005891046 1.4199261502035778 -3.350000468056842
38.069950680680634 0.7102494684676602 -3.349999898128473
38.069945936555605 3.540544386252868 -3.34999982306463
39.29900530195488 2.838919402618654 -3.34999990336578
39.299043611645445 1.4204752673397 -3.349999854282485
40.52095674574147 0.7097304970737573 -3.3500001569391316
40.520994651154155 3.5410817904029495 -3.3500002521801706
35.61004908756977 4.960054244500359 -3.3499998287170096
35.61004921573615 7.80000023860033 -3.350000347861913
36.839999997392866 7.090025028598979 -3.349999929700381
36.83999998621083 5.6699773347821205 -3.349999961552018
38.06995090555175 4.960054240556845 -3.34999982144205
38.069950895869574 7.800000260038119 -3.349999863118703
39.299044319313396 7.089473616519233 -3.349999844826942
39.29904402030234 5.670528927124154 -3.3499998227515517
40.520955433988995 4.959536598942149 -3.350000106401705
40.5209556252578 7.80052018612123 -3.3499998951802734
33.15903973444364 9.219413071032408 -3.34999997092614
33.159039765110165 12.050586951212555 -3.349999885023852
34.38095978342342 11.34080367842608 -3.349999862442059
34.38095977619537 9.929196326132434 -3.3499998808192997
35.610050052609274 9.219935150175969 -3.350000033125097
35.61005006458569 12.050064868645988 -3.3499998756336122
36.84000001285899 11.341348129479352 -3.3499998585379966
36.84000000627944 9.928651893433537 -3.3499998840438683
38.06994994450135 9.219935120860907 -3.3499998674570897
38.06994994685846 12.0500648657266 -3.349999889200811
39.299040200539345 11.340803691063497 -3.3499999268361136
39.29904021737187 9.929196330595163 -3.349999876975218
40.52096022670089 9.219413023002547 -3.3499998724718374
40.520960222778264 12.050586968447744 -3.3499999027691607
41.75005401393561 2.8394567784751152 -3.350000063343056
41.750049313214454 1.4199571914535603 -3.350000126840851
41.75004909851426 7.089993757464832 -3.349999918006633
41.750049224256216 5.670008669017774 -3.349999917203912
42.979999984341674 0.7102807202483309 -3.349999852506933
42.97999997053154 3.5405102511987527 -3.3500004262589433
44.20994595790823 2.8394567911190283 -3.349999988563188
44.20995070011475 1.4199571616345346 -3.349999872261602
45.43904319108737 0.7097304915159531 -3.3499999917680903
45.43900530564121 3.541081821780454 -3.3499999000352165
46.66099466714581 2.8389194135637106 -3.349999938223257
46.66095638960642 1.4204752477293212 -3.3500000926255358
47.89004933916448 0.7102494517890701 -3.3499999470685538
47.89005405294604 3.5405443768560265 -3.3499999157295104
42.97999997571192 4.960085211586552 -3.3499999227134927
42.97999999261127 7.799969050160259 -3.349999924337733
44.2099508559119 7.089993797481682 -3.3499998927844343
44.209950732721914 5.6700086386543225 -3.3499998859938893
45.43904449803757 4.959536551256989 -3.349999911217749
45.43904434604763 7.8005202047630195 -3.3499999270152827
46.66095568922133 7.089473636879767 -3.3499999338998943
46.66095597210568 5.6705289365571465 -3.3499999289268767
47.890049091303105 4.960054255624675 -3.349999923606204
47.89004910748554 7.800000286885177 -3.349999946160762
41.75004961503723 11.341317059083615 -3.349999877997064
41.75004961544235 9.928682945973238 -3.349999880453205
42.97999998549183 9.21996683188181 -3.349999906735243
42.979999989591995 12.050033153919703 -3.349999883085306
44.20995037131475 11.3413170713046 -3.3499998935170017
44.20995035481922 9.928682948788342 -3.349999907594019
45.439039759842494 9.219413033178391 -3.34999992047004
45.43903977261789 12.050586979759741 -3.3499998720286994
46.66095978375856 11.34080370013432 -3.349999948396797
46.660959786692494 9.929196340886627 -3.3499999076823297
47.89005006918329 9.219935128007505 -3.3499999135552114
47.890050058354106 12.050064889940048 -3.3499998680488208
49.1199999899179 2.8394909601467284 -3.3499999047017237
49.11999999673089 1.419926127403519 -3.3499998900305785
28.360299325416698 5.616032505611064 -0.5543367731999027
31.117777713885364 8.913627290478447 -0.4934543963012139
26.662660885119692 6.191270120935801 0.5646439364138622
25.388068181119557 8.433277307097876 2.45212167637055
24.939818636245736 7.54617879837146 2.029595249723144
27.777977296480554 4.300862760030321 1.0597411114489441
26.78828024566214 9.792053241788349 3.571504492468506
26.394709743810765 8.467965341801838 3.3329592604631153
25.808570123673842 4.808415464092169 4.087878813836106
26.953532219317626 7.688467415819077 3.649503766269574
27.868180420252944 5.601925677698012 0.6711957254172074
28.0651408418415 4.08776091748073 4.748153641398487
28.158648379979507 6.294138124719485 3.081009213574246
27.336611186012693 1.7200289680690373 4.612014092314346
26.49432866002462 0.6068048275465029 4.254688732568654
28.901291570870832 6.476710439787887 1.8518109025337504
28.95941794983506 7.993184043357996 1.430494638755675
29.531482828368123 10.080907989639206 2.6352467161560114
29.131909162573685 1.8541297713557134 -0.2067215528889732
29.799648870169168 2.8907311558824307 2.7544449276722096
30.17120723989896 5.8953876874325495 1.7012628690064324
30.121860629000704 0.5271129274427887 2.3218628828346666
30.568126277092713 1.8596772173822516 2.089516144380925
30.353159896077308 2.1487926459713282 0.24318368718284078
29.48475793312526 10.279696709484533 -0.3123346401897642
30.03781312772139 8.971272895343628 1.8666994189251718
30.52146733215025 9.759398590031807 0.33041536054782106
30.60321938752425 3.3853837299282454 -0.18162757096151227
31.144056303386158 1.31083317252605 -0.4266975640769277
31.14746418809071 6.327026823131544 4.993055141248
31.308850552880223 8.422149741358156 2.2891957374439817
24.942484006874718 9.660882928499008 2.2371844033401924
25.794645910513825 10.509859479614153 2.9787190360505287
25.088775116849895 0.7662698238365857 4.506628411674562
27.64227024804463 10.07933119097664 4.166964361542689
25.603066743180033 11.572236913469826 3.0111475831158785
25.177157612516385 11.136040792406655 -0.1251382515958488
31.954709326048395 1.7446837929637249 4.869360694419134
32.08656682027765 1.9336445703720084 2.3529612235169206
32.648573142213095 2.3308936231949655 3.7562007502999006
28.73036673632995 8.524837527895675 5.764286782826637
26.84925693099867 0.10272408095151243 2.8420163985679228
24.88527891628866 0.7831141066942177 1.4424054288829236
25.061424546175886 9.433417654683417 -0.4643154038105035
32.340251379202435 6.038394999747322 2.8126739272085386
31.40173514183939 10.723314125174959 0.47900116647398794
27.611593028346096 6.347702201712754 6.026006400228878
31.415141119508935 11.274101373218151 5.407141989281758
31.149909626713082 10.525328061504075 4.675437962583835
32.475319526215465 12.103078368466829 5.119763603764307
32.72122537231045 3.77098097794945 3.760432327702933
32.39941792678828 12.42408791745584 3.116275829772668
27.0803497996992 0.046048894624791906 -0.3755575682336765
40.303950247333454 6.151125291948977 -0.33948841147804165
33.71118335412198 0.08673394085219288 0.3107567769595687
33.17961847071063 12.205734712899817 3.8454596129905525
40.17691282178691 11.060757208261846 -0.252027225117718
35.8093742801008 0.3253928189177053 -0.008970199571539661
34.516806082247555 0.7517944384431062 0.036774013896104796
33.7304639631804 2.7747009659515274 -0.06316944355108767
34.10907133096796 7.709823213797813 -0.8051576144444417
35.196463982400324 2.1702269883365055 3.0758191933847954
36.54192006703919 1.3756150649537124 -0.316873889180076
34.19673266707558 5.546425773576331 1.2498888676364028
34.33691776286486 7.116587261043806 3.584091364612214
34.46184931585573 8.603602530023245 1.0230646203006644
35.040302479186934 7.761700020371245 0.16228012572673256
35.43255682634627 6.106242048754393 0.9015533967184419
36.32426451079656 5.39418529942177 0.03480374493361027
35.78334072999895 7.0121728763549065 3.556876959883517
36.27952081090806 6.574854166522048 2.1562688181535625
36.06700201026378 8.395803353194468 -0.3841147903580133
36.155983734790006 5.699325978004079 4.765503518209272
35.512744684945616 4.611180160344561 4.429030319332218
36.490616204570784 8.170233593645142 4.075328395700298
36.168217198390344 3.3982257774497784 -0.33094020641577737
35.811809125634035 2.4548311850163023 -0.27544310231182645
34.51942573171062 2.0467096942960117 -0.18135589003336672
34.34061763098243 1.6450276080265953 3.9064273612480105
34.910135193893346 1.857215156135956 5.103663622947062
37.44648378268769 5.406928374239398 4.9039017804641585
37.6163886784443 1.2898406673803484 -0.38440133395142295
38.90425615636097 5.218912227991977 1.6405382380941724
38.349746600604036 3.589239346107984 2.086682412734456
37.915654768894655 2.6406594340769622 4.831603933205039
39.43015704888811 6.081072362007626 1.6549657914152405
38.06536954104065 1.1394721795470055 2.2758264542086337
38.860253116883 2.3156640872135377 2.4457823049405025
38.924442275392444 6.931745103936761 3.567330915000083
39.1096928423666 2.5388855874257965 4.284390213017448
38.57305128890419 10.970739008311202 1.0532992848710343
40.219599586739314 6.520259472382009 0.6719585336648981
33.96470975880254 10.923169367316923 3.5342492695906014
34.778083808339574 11.203193968657288 2.864839919371087
39.56531115529996 11.745793020456622 0.7192503530286176
33.38861733904258 10.204042886035818 2.9519481208582987
39.53202153141229 6.974974093393419 2.6754908496790764
39.797029928687046 3.6323002647749907 4.603234194595855
34.384909921706836 10.44493875757511 4.419024555799044
39.79639626450442 1.5181734163405596 4.837710462969031
34.332399294758865 0.3246774462148672 3.6238821639891583
40.72651975882974 12.23734562843804 2.1599271908672124
40.02951458679155 3.381252154002189 -0.1970042291968066
40.77696082842652 6.384274801530318 5.299801579054117
40.41454617333286 7.902805362147527 2.334524358302652
38.80246296520091 10.397920558975867 5.281175708607076
40.2978846021171 2.062334487324863 1.895992507040677
38.34151387025313 9.704516666760696 5.969010699006574
40.75543008523777 2.308686843736051 0.43328896807238726
40.85731582357641 1.0604126010494739 -0.2503836387724878
35.717134684074644 5.968679502285687 6.005707890896611
40.7949131786227 7.629908442718582 1.021185431387911
40.85870065205368 8.754003999060874 2.82908242314969
39.44927526872394 7.906770196415552 5.755804094714049
38.702286439675774 8.443866654808245 6.172499527284893
46.775221715549925 1.8608382410085584 6.086658523636192
42.76494151602683 7.688922623230337 6.118446532275264
42.349427461473816 3.9267190313565186 5.973388141928386
41.78286319878291 8.157139368478685 -0.723028103303166
45.7541697831353 12.004860421942354 1.1909954444962179
46.91403694430774 0.3178066414770125 2.148504609566564
47.4570716882515 4.441822450509128 1.4510450253643403
46.065410251448654 5.240818206890231 2.9186296280550583
45.042450725002 2.4077188371426725 4.97387804465867
48.252285014618 5.070969860697762 2.8999877589231513
44.356475000094335 1.7427038739995626 5.301433236369056
43.355082241386945 7.862001449457219 1.9759777216933894
47.521095571266436 12.437884804593928 5.165128294862244
43.547655851325295 11.47246819791778 6.188676411684277
46.99036978040609 8.680899078116209 4.757128553522052
49.001328344150664 6.416070849376682 5.426374841411144
49.10043465685461 9.349423711190381 0.012526016594042177
46.362292661118296 2.538645686520654 5.354219677925953
45.52173070658797 0.342857932440655 2.436572002618127
42.20493818185848 6.414313403626619 5.407448134136663
47.001183260460564 0.13412003188511543 0.3451663106751601
48.76063892079613 7.294903013847341 -0.10996815563851237
41.369099560705195 9.627341388919893 5.514785922013622
47.63866482334446 1.5558716780500492 2.346714609526236
45.281012307737164 5.283302629798803 2.1629743229974174
47.95357065307379 8.884055660125814 5.815006680470414
41.489212461115095 11.071609642030484 2.5241181593294915
48.55409257922121 8.289437406488553 1.7211855302090873
48.26185464281459 0.2557940379040341 -0.06271171843702184
47.40966419844292 5.210190075004556 2.222707985104292
48.574590643565784 10.1674814364937 5.864977311834397
46.237463717450616 10.740119776878819 2.8629688265410644
47.74990157743825 4.147524490597523 5.052666920457717
42.056314364112225 9.442810571658049 0.4495192096968048
42.485668739445295 3.036758606640859 0.702799475396727
46.82137262511043 3.655760808044034 4.802862066403398
44.18473762432398 10.91643690622783 2.2441848416559287
42.72654952632746 9.108938332265073 5.480705838847363
42.546139862706326 4.21041043596373 1.346976147309007
45.22492002470815 12.574454877061832 0.44142433386802127
45.854474592365996 4.1208232274706456 3.9323444293428422
43.28123847718748 2.1860755516093877 1.3432395736691294
42.94585780369419 6.050486166707624 4.252017817604758
47.60419207482192 6.114054572546162 1.6453970843026022
42.99626658219411 3.2811994135869917 -0.5128746093968395
48.31383623815935 11.195285918172194 2.9094736211102834
44.81428986914916 3.3448783122945356 4.063124584017749
41.91645416204638 8.367579281788686 0.3380885244881404
47.34489771811963 11.410567691711128 2.483783707746341
47.082909700118044 12.212589722464687 1.5147790576078457
43.30205050635491 7.827504836490865 0.8878152251790083
43.41647827412711 9.122971261362174 4.235513670392738
43.8770920768817 3.521553792901372 3.5563247490785055
44.16980860743567 8.248565821422215 0.3800716628868439
43.33139726415169 6.769118347533493 0.6288619326252709
46.31006141501937 10.053234788072475 3.5998667749927247
45.961865197692525 6.118877354894421 3.556117317978381
45.22532997633957 11.156285355168356 2.0828148367993493
46.31383880381577 1.0510195739027572 -0.3402710166053369
48.26933968554617 12.740629372274007 -0.025804111537882646
26.18373660382963 5.082753059855322 10.538564399585225
25.871468809215237 5.91914686386806 11.774215286412797
26.42736270126354 8.511776795486389 7.753071456681923
26.249072376989226 10.204579210696629 10.873934664257801
27.493358496658626 9.928657224913234 11.433005086590489
27.663999110324827 8.104216126773393 8.038009946134231
27.567601245680827 7.2533480971407265 9.078173256196381
28.277969020258144 9.123236057932955 8.498360285113652
28.311253114516273 9.323413734259864 11.070888101346771
26.37599095429059 3.6805468382096853 7.798421927413103
26.38534306488446 3.5605468757024856 10.485564201508522
28.376286437170098 3.6466952896081217 8.670833500818496
27.133544491981205 3.20115199770276 8.811391092898754
27.411539394849605 3.0526581975778013 11.413572687836952
27.225695157822585 1.9120249200994055 8.619741634078466
29.957466618229432 1.1344333845439816 11.766999488641495
29.890525594526263 6.846726664262009 7.054309808614777
30.81975177765611 10.43623307038906 9.558896019609207
29.93493717482771 3.09580048933468 10.831035903540831
30.681014046025343 2.3709038359426313 11.156603322639022
29.81324521168448 1.593610291541155 8.629454791356771
30.96477272910553 7.882370156375765 11.306228349149249
31.411246964489685 2.1674062592283385 9.93578417590189
30.855548802244776 1.807291691226748 8.814774743013665
30.68885161734312 10.815116791816111 11.917866462308698
29.37444176336943 0.5527099401496118 11.053010796218084
31.493108992517108 10.471745231828447 10.830323260056689
25.570735166650806 10.947517400426602 11.804240655347511
25.803992651240044 9.846642070244776 9.957318582571123
30.137705421480224 11.119293755525074 7.225090121838279
28.514611619407148 7.360374062642988 6.597525068428104
31.372035179755365 2.8821139065707424 11.826867491959817
31.61323579637179 1.5279463472101067 6.864330584175561
31.762410621084857 1.6719450433934007 7.852819960521808
25.709261990985528 11.879537753345033 8.245413486572922
31.984560186413276 8.71085088977359 11.222977541644138
26.89299096400874 6.841141699623695 12.138699458811278
26.31733096172295 11.111207771648953 12.896920030330248
29.289972965422518 1.4832257731880352 12.554969090274549
25.170745787611466 2.8193159105928753 10.514170876434797
31.841590558066457 5.0275429774825495 8.537515445040007
32.11254129081529 5.563786569319769 7.35057542917888
25.67703679643317 11.879132955625861 6.941825914820696
32.38195140923712 5.675679285272687 12.988516542281662
24.948226391944065 10.838944283427438 6.5523520668357
30.921611043102065 11.552327127822927 6.621456064849154
31.696308690255645 12.565931245748384 7.092944802430695
27.47157712110726 10.484445973276417 12.712700450365693
25.455579186594786 5.177929655321912 12.880984302644942
30.648443778322108 0.44893710026088157 12.257657626726578
30.044240522966106 4.533360945112573 6.296375885662075
29.145598898449478 5.5424089124285185 13.25438564200044
27.88095864337563 12.404773493594549 10.262453664953359
26.943056953421294 11.571055784195059 6.62288198781659
32.709395936658325 8.637128928024685 12.369930076963456
24.711289350947713 5.7189107731246605 6.80817335814768
30.665847173860637 5.829850151509716 6.269361107824669
32.73680978386094 8.19060209104211 10.223980257493361
32.75213573187189 2.0311252567864324 9.807198078562426
32.83331407447513 11.281899450369913 10.825531099072037
34.26046995415529 8.830497778240858 6.5299999165597855
32.78938817497365 6.677969577704362 7.6194707860035535
33.011442904270424 1.733430332745758 8.50474039757933
33.03299046781147 4.822000342013656 6.751794498825227
33.51955990640587 2.018793894153346 10.567005997590506
33.901768495524266 1.403001335242678 7.9904087738713905
36.95565837402354 4.327851425527501 10.541506337526064
34.52906042948609 9.266376149586257 7.492272851888852
33.630297790251205 9.07015151921739 8.07692797492274
35.46797237780712 5.728203154729346 12.155524907118838
35.49189128134433 7.4895291376529505 8.311096630287109
34.522936090601874 5.984324181306756 11.236766442514652
35.72705555436966 8.54934923183248 8.213223583636635
35.83863106935979 8.959961729428418 9.216741536483557
37.109753062022854 5.577375509357169 11.4380361480055
37.33777827653066 6.751177642538777 10.63804566827759
36.9146300858663 8.819804960466193 7.375496150698107
38.006499397612714 5.26585431236977 12.532234597672367
36.642090926007754 1.7812520170348964 8.928782208695544
38.034750213211744 6.997035000389219 7.518776282883918
37.889269941480464 7.976631604792411 7.087932943444978
36.30722939503906 3.5295145487908397 7.568169547048194
37.20730036194943 2.8133233194907548 8.333447904838106
38.08241138430068 3.790189160363104 9.59457578910463
38.22497736447205 9.58498744843525 11.078793645216049
38.083970276585255 2.3018843416200903 7.477758293599398
38.720867434073 4.843671445872428 8.842422457319781
38.95098355267901 2.8980617038331564 10.254484810301262
37.746920280006705 9.79265969648066 12.325309175364147
34.516850604433934 10.354676045310928 7.432655260644982
37.19006406322011 11.009195288914823 12.2878876885953
37.237132760145094 9.978177152123658 6.712236332028326
36.7419127488206 8.996001123558752 12.578530217015304
39.9949865779855 6.625874229883164 11.560103271278532
38.68411656783495 0.8950038209648385 10.301260678886516
35.1051809260113 4.626756687700755 12.784446821838337
40.45863245550515 11.956997762946624 10.937268568119364
39.78703575516212 7.9577366840520005 9.383674775361822
36.54790943064201 10.791540025153717 6.8848979630056295
39.10201951942311 2.531026108191225 13.095215874041946
40.2558092184089 10.32689245844178 12.955430075715247
34.610649968881596 11.018101122489863 13.14034934117214
40.89091671127728 9.311757234369988 8.825595360503483
40.79424592115578 8.260667923477051 9.097562304975776
40.47892669025781 4.1121538501791965 11.711448063381402
40.88273050042397 6.087029036933425 11.263528514948577
35.532091207673695 12.720461900681446 10.900247052068375
38.47305312323681 12.515231730515966 8.148722213373498
35.66992339233321 0.6406397129883845 12.146676270522835
35.535634670680366 6.617898412187374 13.126856735093332
40.951662330795735 7.607913682399706 8.238940167762717
41.30584447268795 0.31924047829225094 7.204537051172958
48.76418207592409 12.712512557150086 10.698470354228984
41.122289122117806 4.802287000754656 11.351030228439775
42.31499289063964 12.663885061184432 12.251454872794161
48.68719769517646 5.07750113738109 9.496108463986303
44.87191202229244 9.896170691725763 6.712002366539515
43.58644206156406 1.0503204244341453 6.8629182831794004
42.49687750115853 5.057213711966336 6.642011433395277
41.55936076136046 4.968680713776051 7.556811136778072
42.80362109357084 3.5736283464223653 11.11568435170723
42.39366390454137 4.5552850032601935 10.929444422463224
43.22003028082517 10.277716055486827 7.82154838756818
41.8924011578127 8.570243541916657 10.884026854612456
47.45920670091101 8.422216831914497 7.164484146424001
45.782249456136306 4.409896900210844 9.8514777846833
42.54302156509485 1.166533197564491 9.292387365820305
43.878852976722754 5.874452042971329 10.058338817994827
41.87603897031999 6.601998804681791 10.546559011957147
42.90214115635609 8.068261910979889 9.53087026309581
41.9414480449828 7.907469350606331 10.020068074214516
42.91334708120368 5.703718582591422 10.51116157706219
42.18313652811304 2.414638112414848 9.061927982875062
41.60069936068062 0.6697432617968657 10.08636648775952
45.46504494644334 8.840031048438062 9.420408885904365
45.740584046737595 3.0426934109427153 8.270367193032959
46.56524764646333 3.6144207107261814 9.130905656573148
46.770307962940606 7.27068823931642 10.155152739731461
46.726934714608014 8.555557118334049 9.824075686762168
46.9225233561698 9.194067324734856 10.958718196591873
46.947557794098955 2.6197823186673763 9.962021429827601
47.32712289931361 5.472244702654546 7.473819087222299
43.66488283079593 5.024190936150182 7.2865335244188065
44.28963241769402 7.749966901636897 12.27167487554468
47.70820677911747 10.522734624239742 8.473194039143642
47.91870385122748 9.116519899441855 8.51122388228557
47.935715834259206 4.531669993083917 8.37032715356262
47.65046557502685 0.4147299513943476 8.943798932554955
43.68741284009222 1.1885330027481935 10.017713879309866
46.01711881822935 12.092964024159384 10.266007506313478
45.34656677682561 2.756229645005563 13.088843281705078
48.846407932465084 3.5117278812397315 7.568986776337
43.62007129911909 10.22146330882889 6.57780744821061
48.46847963034199 5.397393051649504 13.117523132478826
46.4161573171064 12.101157534266521 12.393626942745078
46.97116448565852 12.133067934081108 7.618463817872065
46.44620440182562 12.732764670863551 6.9980762501127005
42.652190338918366 0.2628868402784365 7.655019885013607
31.252716832351474 6.745519409051205 13.81487273891485
27.961067883679828 3.1311760357793808 14.031992491527287
27.81582710072143 0.5803543029767596 17.8057900955457
28.850884330925094 12.248877832964146 18.724011552132865
29.54218105806718 4.666653821353759 13.74649905485028
28.172643130026664 10.272556620828698 13.40819261669015
31.32518559660701 0.3844906359141349 16.0245380704763
31.846983431650234 5.838325723652591 13.924174278579638
26.059702222303486 11.725187841459068 13.747246971243237
27.162384140540297 11.178982389265666 16.335506796614144
28.981332301654334 3.4747965495257547 14.117931190154593
30.00837176436258 1.8258231988345341 14.960784263223522
29.994500715764683 2.8173490850983955 14.768992681771243
26.272599108091217 1.6631623181174167 16.002808970554145
27.842447454712094 7.651592894545543 17.604582092103804
28.748960619435785 6.335742001815585 16.190642210646168
28.981278900473537 7.397463117350147 16.923210009836236
28.55359898555164 8.839430046887314 14.711868753085867
29.85669515354166 7.136997371287105 17.883789995372744
29.46487671356426 8.7899856939027 15.820870182781624
31.105577855209855 3.527273388900589 14.777884042884459
29.322858356564442 10.006729881697872 16.69019001671686
30.895546988472265 4.691045217306412 14.116559967043358
30.863158891252954 8.57506754491935 15.630335214851266
28.601963152337596 11.278754769094345 16.2296128023753
29.034841562002903 11.79231964595896 14.949468159101864
28.60370429765156 1.6267369281188668 18.073484124091525
32.043617643746096 3.3533912279790776 15.284091855165649
31.851357598930715 0.7294152205745958 18.904201564606
28.336734082721588 0.5628145457327004 15.17507070254297
27.176882391448306 0.5495148406474905 16.016560661697884
31.409977985923266 11.330623038706774 15.813134466715521
29.11190796441473 12.593077973487773 17.424353036216495
24.771825031375283 2.0038521553997244 14.735787531553473
32.20818069099873 5.88099693819187 16.028753587148294
26.807364080719427 0.7135076023267353 18.66626508929317
32.70331812507698 2.3985619278287738 17.754648761848447
32.614795613627386 0.015263580489949231 16.460410394386766
32.459614599355305 10.780362250249652 18.01649213629495
32.14101763058761 11.814582939685726 13.481109442157528
32.38161816348307 11.161989962301236 15.37281838613658
39.20171020000944 0.09001877826675538 19.836285893662456
32.765363731220454 1.045436426628976 17.989508354918616
33.21373135463435 1.785952358119115 13.468350585703977
32.82005300171989 6.026339692271382 15.138479607286538
35.53409775132475 0.6199119530145037 13.51372873688094
39.271352034053585 8.176246014089388 13.685567863880564
36.24484641471485 1.6512089746877425 13.998554179641253
32.98520355207527 8.305530702277851 17.570724166716097
36.8325395383736 0.6081662347012198 16.457330472720344
32.754968637990885 11.401368792833415 14.168436314420155
33.918187329630584 0.8992844926494603 18.604344114453536
33.75071350969974 0.5750470943412161 14.012490728058527
39.19804386503465 9.60419468837151 13.55629860893594
34.70507142533885 8.84921866595742 17.536414399150686
34.16311449477857 11.227796761620882 17.994500135648753
33.676658033529094 8.898033366592914 19.06232864730037
33.7199934695243 9.000029808819933 17.97797687510661
38.24863440750017 1.8527625792954845 18.151942216350243
33.24927726711288 7.027942541315812 15.112822973270369
33.58374250917751 5.25033944029934 15.19045984534511
33.428707353482146 10.536470300681621 17.58120378204699
34.05786894431662 10.930773453070607 14.064041398570453
33.387643663768046 10.782675580775825 16.10361008435348
34.478986341636585 10.655027090695633 15.287803813324482
35.43153997739243 10.38723670418944 15.720620032836425
35.75647252451402 5.356588802847427 18.297804511272524
36.278148233939945 6.06937085860892 16.29934352214289
36.36535688531286 5.055365618478073 17.147485936183426
35.58212627019193 4.113244887150348 16.622154005714595
38.125175421397515 4.422059053875174 17.34302501404034
38.00845346543621 3.594093903829421 18.506211537270264
38.38417965731021 3.6674232823199904 16.043582984431872
37.75487158878321 8.99937148748654 17.56047961834297
38.953217401744865 5.612506371862229 17.474898958833936
38.62476035235245 10.315409125606237 14.799351626004388
38.24503206297095 10.235799325852359 17.50771627925431
38.80143196848918 10.474229426793155 18.68664826291115
39.43890708689953 10.527944941110203 16.125453338204725
37.28797702639901 11.137969260325107 17.38947825408255
39.80665710339797 3.368421107938355 15.540841983066855
39.74826577377281 2.0886008035991623 14.218799164338286
39.95242917797121 11.859871039877186 16.254469269050436
39.111420019342724 1.0100438859030365 14.694508086701063
38.069998650715355 0.8589232203129525 18.13020297329254
39.874620435156224 6.970723736213578 20.085769086826055
40.369748130515255 9.445842069180719 16.399927602300544
40.32402690419211 6.967255773886283 15.604836078901576
33.80811189877538 0.5453753965208562 15.585947322527906
40.56001594232167 2.77269615126964 16.6037593882372
37.27797367043801 0.15802667821399563 17.33218063912686
40.42155733660955 4.53323355961444 14.979816603158723
41.35854906877634 8.517471940272069 19.789312154379292
48.248007493352134 9.884230955829901 14.559114980785044
40.9571702316209 1.6758868887116876 13.939452018905822
46.09370474884473 7.546455180656106 13.33513709897868
47.66009945246736 9.39781402692633 13.794809605499275
41.96450988061429 0.2714723267970231 18.177545416858738
48.99390999491377 1.4720913611873998 17.240895963867974
48.72257139618037 11.700135770407567 13.705791940978454
48.2485559002331 2.4984017357493116 15.500180494326477
47.69165038899764 0.454990366374941 13.739685375245385
42.97224093064177 12.710562584461064 18.124765039643425
43.32513935708892 2.3108027567848954 13.505740638390943
41.19146460804833 7.243855554963005 20.08542124666149
41.51399726488615 11.83045419319927 18.573683535310906
48.717006720575405 11.072450202556286 14.497044026144483
48.65811266911879 1.5279025040394216 18.5721090281589
42.44395899837861 12.690929727276737 20.20826614796751
48.31611329015497 2.3592324876088724 16.569043403856096
44.82978928536755 7.828204493792667 13.514238407676567
44.825108699303755 9.110725800162518 13.831172622902757
47.801644710827134 6.523412455881797 17.529760869660635
47.56209326797984 8.27540812591416 17.78611378360437
44.64906662946927 8.248306125811396 17.491112964532025
47.565079109320756 3.007253669510606 17.439197120801882
43.30017488547756 3.8317531526945263 16.090478218933562
43.96067944026531 6.832750177611692 14.854662301915427
48.420205425522276 7.781674397936594 15.955049335792943
42.55709998955041 12.000722816502284 18.840226781261936
43.59931529812887 6.2410838550562495 19.3584122633332
47.15276377306039 2.8577090844061854 19.526493949484138
47.45918128647305 7.468901787687857 15.546752999026214
47.72543209778988 2.475862010836775 18.69424170271702
48.61918990615183 9.217291917917503 15.647303474964666
46.9586897428381 3.7722881747800376 17.18013314811129
44.470367570428465 2.6252766021154095 14.108356443305418
44.2174278409607 3.736995495516593 19.55247548755329
44.83697335125555 1.5653158509897669 14.770882275001844
43.42075460413306 10.78672632357728 18.802465220964923
44.38881308598617 8.956286745252058 18.162776225101958
43.665973476420135 9.986959548122602 17.790770910748705
44.00264979335518 10.163256322914492 19.87498725994146
44.50152841481151 8.995170600354664 19.499371820198583
41.62379545139054 4.755484057243723 19.309989025490218
41.838246002319536 6.534705607785965 17.58505674956347
43.280353614841914 10.161649989113187 16.79720129961041
45.6634801491923 4.224542831048578 15.829225116769123
45.87693997453863 5.397157897434784 18.979549802466124
44.651049598428926 5.092763079824181 19.64746807682956
44.72517328468553 7.200458116050711 16.042101488800643
42.65452329389489 7.3471890220838105 14.733368899565992
42.079632980844686 6.062934606426297 18.940143578280246
44.10428219922516 5.375967954938054 14.360008891668297
42.64966232448738 2.6444207955542036 18.03688615320876
44.840791995297195 1.188277498383788 18.101992998827587
44.38426847730018 4.132253704565559 15.20512944022933
45.789878035444175 12.13405900430106 16.27593505053361
48.23752380451027 7.513586959605206 17.396855385050664
45.14075530280066 8.313848627858853 20.041210685009958
45.219234678465384 5.098692817592433 21.393105912202373
42.027939077780076 12.056317267384967 20.990758608906464
44.2263936383347 4.875380686713294 22.186662313721037
45.726792094490904 6.252788907495117 21.719871053518887
44.029271751426336 10.456025832687146 20.914206815883933
46.10762160998835 4.189169791502138 21.67347778341483
41.518481695046894 7.179730002308795 21.412987302008062
25.78995087863873 13.469999495775363 -3.349999898040106
25.789950375235666 16.30868297484704 -3.3499998744723083
27.019039772943565 15.599413077412992 -3.3499998875832326
27.01904432788052 14.180520447465367 -3.349999914384998
28.240955672576273 13.469479565289348 -3.349999916821378
28.240959782997482 16.309196363110637 -3.3499998982243326
29.470050062851307 15.599935142834594 -3.3500000567573105
29.470049120842177 14.1800005154753 -3.3499999020746243
30.700000002694182 13.470030713085333 -3.349999965970637
30.700000020548256 16.308651911370426 -3.349999934511424
31.929949939972598 15.599935156525051 -3.3499998565010802
31.92995090981229 14.180000521436432 -3.3499999876271236
25.7899503694046 17.7213170762692 -3.3499998720941537
25.789950905456763 20.56000617619145 -3.3499999111831724
27.019044336280807 19.849479800219065 -3.350000040284945
27.019039759593305 18.430586979752714 -3.3500000812337682
25.789950762136293 21.97999132786162 -3.3499998622686276
25.78994592564494 24.810544337081932 -3.3499998995267752
27.01900531662109 24.108918195707094 -3.3499999077873244
27.01904451676715 22.690463405289634 -3.3499998720729773
28.240959785376955 17.720803630335624 -3.35000012818508
28.240955639227607 20.560526445242314 -3.3500003479400133
29.47004927244727 19.84999982965268 -3.3500008630116316
29.47005015686192 18.430064755369443 -3.35000067098562
30.700000000003026 17.721348085357317 -3.350000071461655
30.700000000343096 20.559974933880117 -3.3499998523707584
31.929950858448617 19.84999968596421 -3.350000049362408
31.92994994459109 18.430064880246896 -3.349999954046666
28.240955978335947 21.97947103192169 -3.3499998641024242
28.240994673212747 24.81108177856054 -3.3499999213894394
29.470054062253322 24.109455630584332 -3.349999909377366
29.470049091159062 22.689945701091123 -3.3499998812554352
30.699999992990424 21.980022595015697 -3.349999892550116
30.70000001661522 24.810510164300258 -3.3499999069413446
31.929945965793852 24.10945564523762 -3.3499998848685966
31.92995090899596 22.689945726569462 -3.3499999457540888
24.56000005235195 15.599966891833585 -3.3500001655424283
24.560000009918497 14.179969266852131 -3.3499999998392216
24.560000001184246 19.850030902293764 -3.349999956367463
33.15904433037654 13.469479568972263 -3.350000043056882
33.15904021758708 16.309196328184296 -3.3499998799780384
34.380960244289824 15.599413058382991 -3.3499999180683693
34.380955648037315 14.180520447674514 -3.3500000766406615
35.61004911831144 13.469999466354409 -3.3500000731055812
35.610049624925004 16.3086829512855 -3.3499999185721485
36.84000000733938 15.599966848315836 -3.3499999996055454
36.8400000145526 14.179969304170188 -3.35000011395711
38.069950902588765 13.469999498089356 -3.349999931152757
38.069950365732524 16.30868295956709 -3.3499998708481815
39.2990397424217 15.599413045087466 -3.349999857531608
39.299044319919204 14.180520430565073 -3.3499998545095555
40.52095565495992 13.469479555433306 -3.3499998581427226
40.52095978017387 16.309196298666244 -3.349999994007069
33.15904020702053 17.720803682124757 -3.3499998463318814
33.15904431019987 20.56052634588753 -3.350000100910564
34.38095564101217 19.84947975845121 -3.349999963880478
34.38096024556332 18.43058696897075 -3.349999850189099
33.15904402388938 21.979471063015602 -3.350000011729446
33.159005324946946 24.81108175910111 -3.3499999742450584
34.38099465071913 24.108918179297376 -3.3499999441461927
34.38095548306595 22.690463459342183 -3.349999881072756
35.610049651197976 17.72131705507628 -3.349999833507631
35.61004914109664 20.560006174222952 -3.349999925005073
36.84000000963034 19.850030905964545 -3.3499998933301702
36.83999999962318 18.430033152654534 -3.3499999011673043
38.06995034952476 17.72131704042792 -3.3499999611727493
38.0699508459523 20.560006163597105 -3.3500000495982363
39.29904437529628 19.84947973477807 -3.3500001808217252
39.29903975014601 18.430586996153878 -3.3500000781158743
40.52095980165972 17.72080371895506 -3.350000299738105
40.52095569592696 20.560526340492732 -3.3499999558717053
35.61004923310146 21.9799913586524 -3.3499998886541507
35.610054032102994 24.81054427517865 -3.3500008923391067
36.84000003354128 24.109489796290827 -3.350000012521994
36.83999999039941 22.68991480961309 -3.349999871086935
38.06995075920053 21.979991335223854 -3.3499999009744705
38.06994592362021 24.81054435051623 -3.34999988534935
39.299005326712894 24.108918209319476 -3.3499999017006776
39.29904452348154 22.690463425776475 -3.3499998954880486
40.520955984600484 21.9794710460798 -3.349999903167209
40.52099469376766 24.81108178108262 -3.349999905034884
35.855096475146404 24.846030740655543 -0.8888542527039733
46.66095565157607 19.84947979394552 -3.349999894199931
46.6609602506879 18.430586970026447 -3.3499998784001326
41.75005005872351 15.599935135576763 -3.349999903901588
41.75004910374764 14.180000494362442 -3.3499998626010328
47.89004964971859 17.721317052950873 -3.349999862332591
42.97999999693206 13.470030718725193 -3.34999988350857
42.980000002028966 16.3086518817949 -3.349999893011958
44.209949954636514 15.59993514389205 -3.349999912524174
44.209950910346755 14.18000049080986 -3.3499999476500553
45.43904432985162 13.469479559968878 -3.349999938751025
45.43904021674928 16.3091963096005 -3.349999862447608
46.66096019670097 15.599413050232746 -3.350000216321156
46.66095567488244 14.180520413781968 -3.3500001947435054
47.89004912273287 13.469999511533063 -3.3499998733154204
47.89004967392552 16.308682963599942 -3.350000071381234
47.890049138123516 20.560006190641143 -3.349999923223198
42.980000002398036 21.9800226651895 -3.349999848351226
41.75004906141197 19.849999718326487 -3.3499999349196075
41.750050053389494 18.43006489334152 -3.3499998920528293
41.750054084995405 24.10945564136932 -3.349999890152522
41.75004910757866 22.689945746152752 -3.3499998533637845
47.89005405459912 24.81054435076353 -3.3499998850900803
46.660955473928325 22.690463443311565 -3.3499998688808152
46.660994700261014 24.10891818582557 -3.349999969885703
45.43900530451961 24.811081709851592 -3.3500010170607633
44.20995091026305 19.849999727537355 -3.349999941941677
45.439044012681144 21.979471075038752 -3.3499998670100073
44.20994588177597 24.10945562941446 -3.349999988371468
44.20995089498012 22.689945757635776 -3.3499998564061073
42.980000019547376 24.810510125756096 -3.3499999879353135
45.43904431482958 20.560526376077 -3.3499998862633884
42.979999986541245 17.7213481149417 -3.3499998687279184
47.890049245777675 21.97999134807999 -3.3499998758181224
45.43904022398187 17.72080366235491 -3.349999880095962
44.209949935499274 18.430064874539383 -3.349999889072639
42.97999998565622 20.559974979133873 -3.350000067841398
49.1199999835815 22.689914792114752 -3.349999920972291
49.11999999899578 24.109489825655594 -3.3499998867771144
26.704159972301674 21.176694446161527 -0.17871842608202626
30.86506153922881 18.44517391165282 -0.7204284167935671
29.51704717649969 16.220838923109397 -0.6964673039381131
32.220185913951966 20.480730370753573 -0.3893917852786577
29.726551658529804 16.25861268255779 1.0295384658817663
25.6874416719532 18.655592461821758 0.018872834797172278
25.37586579205569 18.946902396909962 4.436525695105007
26.62272989892231 20.395926156973978 3.505326886297806
26.53895626002668 19.666982882805463 4.297806337394372
26.655427244800396 18.92784650226544 -0.0758988282933637
26.839090072449654 22.82168105397804 1.5632359630204173
25.51961985106881 18.05700800927531 5.377179869670475
27.194765842937457 23.1953855517654 4.699231933592756
27.481597976850612 17.02385098718918 -0.04534991031735047
27.685008373703656 18.084356199752744 -0.06413566474807397
27.926752176477187 23.383663726069653 2.0670021751398613
25.265060475355927 16.554061332478614 1.8993205386096257
28.83952396340383 15.357946136196766 3.338346969470769
27.21648615997978 20.226384536184298 -0.14985751147392645
28.760735514822 22.395353689250243 2.1337605575111596
28.57243114013762 20.05504008213908 -0.24955333523630663
28.793973500592468 18.720291179396135 -0.2155405860067594
29.884001572174068 14.872035295892555 3.9175865987030645
30.359000127381528 13.893969553917845 3.22426120526906
31.285544571981124 16.930154783778743 3.1412127648857724
29.396592844230714 14.338128033773662 5.020238274010305
29.403371395697704 20.744372731988143 -0.22200720085100878
31.13254116388187 16.14855016856733 4.329238707882376
30.515624032276857 16.999137782117273 5.468458997080031
30.118644417097947 18.163783650869462 0.022391211964336577
31.004184686337748 20.803128566285114 5.03712537548113
30.499918477040662 18.44958673586104 1.0027210992428137
30.12468191740557 16.657075838116878 0.09636141375553686
31.82534811717199 22.347748542027478 4.614496994953492
28.358967562465114 24.13839257926411 1.0826321338849865
27.605604500314953 24.293549115424813 3.645387462530285
24.94889018905138 22.161848124138555 5.032189961986722
31.137921911217376 21.852416446204902 5.300201979801328
28.8536578898579 24.93268990581886 4.0360039682221664
30.135580509410882 22.268535134736755 5.198925372811615
25.848982403908533 23.189619724229033 5.520804060995978
24.72314893968258 13.502369924377929 1.616189388531144
27.390827086976707 19.180807227334288 5.265140098234196
31.124946587695177 16.226679901675375 0.04809209347649057
24.727057310631555 17.347969155894017 5.565616924998086
31.77975546297969 21.062166949274673 2.402680398290653
26.751589068181065 18.145587374260426 5.892374083750572
28.429258804253486 19.425338458680592 5.433259238769041
32.248447972196615 15.365325829396765 4.765874625518075
25.289998012649786 24.50626608516351 5.786891571585833
26.587573431105568 25.204729495344186 3.314560221361982
24.56696525506976 24.10425874502223 0.472346369774308
24.668913816086 13.098065304190103 4.970889224956646
32.61036146198722 18.417064727929503 5.804399739343919
32.658063118686734 12.820046383626893 6.15071486074622
33.497156362426914 25.512425951581957 -0.6120134962705837
33.865297797778034 13.052856965001608 3.863563506858243
32.88964982702084 22.446226566030642 -0.16146242792798193
37.975765637937855 12.96354036775071 5.804840004879926
36.22604783883522 24.975421233911877 0.7671197327310819
40.37847603863988 14.686014806901284 5.760131833985272
38.67437451865758 25.447484499575047 2.2406826870487873
35.44090225839185 14.363996522145104 -0.44870521691592336
33.692604304143465 19.58548402596669 2.156749248441706
40.04584900533316 20.3582343562007 5.75126568442607
33.14876406704748 20.927333618331822 2.0088948205660486
33.13286903877285 21.20812721482834 0.1536845309164725
34.349838513198144 20.914308786783696 -0.3666019669230758
34.61463559602043 14.891507788109546 0.46910097473040535
36.42594701473526 16.926388666986913 1.1096739706091163
34.09213564378599 21.971445215652913 2.6121811507723613
34.31085321084176 22.905827955045858 5.013057693227925
34.220519053826116 18.241471134940454 4.027670561787607
34.694656404405706 21.886840532728506 4.025894676876808
34.79678949614288 20.5888396608616 4.576829667590042
36.49962914768081 18.60694466257583 2.877357007399657
36.46939817702603 22.340677509879615 3.7200371959391543
35.5328902944219 15.822437675984773 1.778285615398466
34.466594804682614 16.37092868267646 2.5765878681938736
33.652905466158934 15.638576614195147 -0.09297834405479488
36.38183063887121 14.788546235756922 2.3764688570394057
36.60068227591647 23.653858313341697 3.561249929349989
37.294866606048295 22.10769805630094 4.711123192217798
36.82603353876758 19.714116210089056 -0.03588143264647181
37.310894434766254 17.881220515389266 1.9129370222321906
36.99589855383844 21.773071226487414 2.646382988625188
37.75435814443246 16.207333220311405 5.31443323706479
37.84808308156705 19.070004988377335 0.6118641065377473
38.44198637921786 17.257994704965228 2.4890596255843644
38.5948262498591 18.515493503332383 -0.32461337503108645
38.34185626708965 14.795533332972743 3.5066054616996567
38.71191519400479 20.006033437970803 1.0877638827224767
39.03293919210862 18.888657843432174 4.591305501462633
40.004070796208914 19.372544652712293 4.695502254637024
39.25812291393942 24.247875218232164 4.458605978852629
35.02083423005493 23.772595306126547 0.2645220205782861
40.042067610467605 24.59707816074879 3.786602989387242
40.19283437821581 19.940459857373952 3.784491480552031
35.389656491907715 24.784166060504532 0.09483186773761254
40.41734669986124 23.734620842193248 3.2357554798345864
33.91094777443149 13.891306458602335 0.9460652762819599
34.95947553807064 25.431589862181443 2.89837001909231
39.91707048767232 12.933197298864165 3.1050376137318403
35.708136562439506 14.993553111296404 5.979182709073615
32.8915884681127 25.37454195669856 3.5517583421568135
38.98521396160033 12.776236964927303 0.08661085633069443
33.900770727648975 25.449977076097962 2.6857529110658342
32.91545081256664 25.271009338867316 4.626519518192418
43.35334766984 17.17494779430418 5.7977214875661485
48.649123449018084 15.345158363284769 6.201394273176682
41.1281846946203 21.083882647601328 6.150159827975628
46.87819408676219 19.454927397707923 5.519260365071236
49.07992301473439 18.723592226971977 2.8897150313058306
41.206540773234146 17.540954223192855 4.041776729038023
44.24472375335633 16.56100790904362 5.668777721223913
41.098544158705856 17.86697697192937 5.749367453741662
42.57430377771427 14.329829814438495 2.066480541765592
41.08944378164208 18.344072010873248 4.769368725745128
42.114382580092524 20.57289573990951 0.5659925794002318
41.82593807831159 15.181969602259281 2.925082208738168
48.58040398703267 23.587001639664884 0.9409620174819711
48.97361210011139 15.823861119674296 4.97848994650711
42.10080096167406 20.993917391049077 5.689373706597982
43.77666338435242 13.838294750720108 2.651209684554222
41.1729476532869 24.994420786220598 4.6437765915735625
43.130194128317974 25.283990527771685 5.45257532314401
47.653320525619556 20.776513484557203 0.02795851307517694
43.128730968926995 15.367494607391485 0.626150183911357
48.04946152066525 15.356293650875642 0.5364241245925649
42.87466368302956 21.751627751589727 1.842327543917982
48.195550588267544 19.02249560848893 1.9408696907057776
42.65945173818662 23.192070785081647 1.3838508707518626
41.78948220887151 13.1424621289483 1.4342958303956044
43.08947120029168 14.670923155448177 5.704841250510295
42.961830454662426 20.0949259319335 -0.33565292689321957
44.967605621691945 19.67263864415501 4.603484050733173
44.49274520808461 16.45809909681728 4.6123710123979205
47.14603604543789 19.44366548274262 2.6053384024303785
42.38676710502118 24.503564831743354 4.651726008908675
46.72272649598473 14.601606335586144 -0.28528109802933743
44.08841716839159 25.068610359604133 5.6882021225418
41.11196773619 21.151972303401454 -0.09118163588077488
46.691218010705875 12.908575624727307 5.671244275933858
45.717085662141116 14.210473842291556 4.185690629899291
44.69973427195046 23.672447995588964 -0.028795066319384777
46.56438112523211 14.814035610036692 1.3923060331685422
44.27663198490826 21.461150463979646 1.973803178573026
47.79262778401344 17.85642657624427 1.4270403038329482
42.74036345794597 23.75866951767215 3.9542300660836527
45.775348547065605 13.816619447347538 5.1896249663015235
45.71595573119847 20.164743874831156 5.561121501915446
41.68629855945251 19.471350227144722 1.1460215430435161
43.8564738685916 14.683844113613 -0.2222242883789327
42.04067390325009 18.87396325828096 4.719604063291221
44.60775430231179 24.57500457584815 2.1303763911572107
47.306806090235476 14.56446705079639 0.6342686293370547
46.371163314258936 22.501933426892567 1.382347225666526
45.97496259629714 22.038713513360634 5.429916236249186
48.93490986687339 13.363040640104469 1.4815822792085187
42.06995060094742 15.855705606586907 -0.019658059643513637
48.00972351412823 13.195238004675156 0.9302452780308279
43.85859964377735 24.153461515165535 1.037482012215225
47.91138500740746 15.872935909408493 4.21485231667794
43.93891316363362 16.350276136280698 0.9534417974210929
44.656807088445454 22.55502382830706 5.337795047440686
42.089541071385256 21.56417413615813 3.029341396847064
46.82071212047057 22.19019043362111 4.223311796362693
48.842613575609384 20.2405959078851 0.6600205837666595
45.03831338846749 14.188895044283239 6.240008763909284
43.91141731588468 15.152418412493068 6.2346213001064745
26.817928819273977 23.49438428569106 7.941392229942782
26.28309758772219 22.55379124834402 7.148055376946529
25.982771306108592 20.204662790672515 11.62400694215037
25.293650892326795 21.981313533063684 7.785799385196725
27.61050477639312 18.20634021373609 8.293368517258811
26.72630195987387 18.719213311190558 8.671847796958263
27.18881300708202 17.365224310987383 7.05766325623927
28.120904614699274 17.626323378320958 9.062245929907675
26.407199113686687 16.6800737761971 7.385913871590941
28.147948584294316 14.520106775068657 10.22700407312761
28.327482840052124 15.213587409056046 9.405449411610274
27.926616223823707 13.135876689583595 8.59601866461663
29.257977028724735 20.447672891737 10.066033757312386
28.362608707119424 13.119241978961199 9.594884942398004
29.069915945088752 14.864136428256874 11.362831854178378
29.914649061529182 22.68294051360045 11.906583260144322
30.006987005241456 15.759433714816565 11.411915589221111
30.26518271619135 16.40910036445301 10.588709528048545
30.45555929993023 20.384728064438615 10.557824563321194
30.507872800841213 21.274605279730622 12.184144600700641
30.808410373489917 24.015480796376323 12.01812819791636
30.693062679466617 19.059714819813166 10.623041093878896
30.881925322996587 16.142253894352624 8.350537268538679
31.23958448688812 20.840855762625957 9.632153706022633
30.653377519832894 24.455756491659965 6.944549716483742
26.566865983353367 24.81565046677621 12.854336943025894
25.456052847644546 19.052796900315244 12.030347457263698
28.321960742606393 18.99855547099073 8.06029043040072
27.134270720048896 21.601679723333337 7.0412826266086785
31.59121680769048 23.52203211456377 7.161507598576156
30.616751344767128 15.703432432645023 12.608167485198923
29.52059299988414 25.03910620478057 9.960207596400354
30.721743376508147 21.643201702366177 7.397008912914911
31.904800346970784 16.882328314998198 7.833119533620096
27.635381263990162 17.630169630219378 12.304152671114363
29.01005698088883 14.190596398947337 12.559477576493581
31.980379099033364 23.99657332217242 11.192246132546932
31.87425454018253 21.209528644687822 12.584029075885447
31.450429102955074 16.237971040189404 12.806535508175346
29.41634028962291 12.851829995532055 9.515887580888593
26.488625785718515 17.944013233053486 13.123182903581771
25.617325826382725 16.639546562987146 13.333112252439637
25.123678052970018 18.437235904905872 10.942686400196655
28.022529195212915 16.767619235174433 6.68903676351332
32.427643354536634 21.59020451039783 6.9614750493521385
31.488053238439775 22.11193451249857 6.779628359010648
30.527893391512148 18.949431139427684 6.9433693705988455
31.38779642444665 17.946344119463333 6.387726005148054
32.05625685229677 13.323177177577403 9.77038352150405
32.685751052711396 24.11533388907878 7.654831775098991
27.117810537774126 14.654115826442284 10.557090698336493
25.914180997821997 14.2180276834824 13.029346811411648
32.36629876905493 25.314810223414423 8.060022296747144
32.41034196792023 17.65154967688599 8.757834305336745
24.995035758108298 13.473309495946872 6.304236493468743
26.0492174189975 14.404984631672386 6.470799250319402
27.926633030962 22.64088650921858 12.568431447998947
28.333160209659187 13.40043984113586 12.849069315356367
29.547433151432404 20.57561100054701 13.024911087709416
29.724874088397105 24.24841234850659 6.433384592394046
27.254392013218208 22.815129376645242 13.30180136635692
29.81360125159986 25.395522320685476 11.213542371475638
24.594464509355227 14.842846660198557 9.198737872287019
31.632868968836902 12.95001983596511 8.024905829834106
32.91655535019261 16.08949668970885 7.586503317398726
36.920121148680856 15.682137051891411 6.383861650435222
33.59837236186282 23.540188991650627 7.707087807992399
35.81946716601957 19.585208180198894 9.852476414595621
35.33921717636248 20.70615951520938 9.329008742514887
35.77949680166802 22.425025563388935 11.310075003868668
35.36105203609855 20.538070600008883 8.001945605962408
34.03872450478876 20.78497261491831 9.656115426220804
36.237084628433465 22.264891601600457 9.922674751317654
35.725203243295724 23.457339818253725 9.016245634575245
36.33305901947334 17.180028236984796 7.208983147889796
35.48051349936935 16.97596329855189 8.177097759762166
34.77170977788736 14.56993162718845 10.42360677445224
37.58380535385387 21.913568749225192 9.64921853338969
37.71949595265483 14.8445735411557 7.4363296656621545
37.30432017269862 17.93817353398567 7.677480107313795
37.929487597161824 13.941657905771567 10.60827351545711
38.34182345145634 13.990264272509837 11.60527730898469
38.420856155860584 13.492394784377776 7.082246044531506
38.923392317099136 18.994562715584394 10.253720712101686
38.930544768104966 23.209574127687166 11.403539465985721
38.90441467224616 23.741445140183924 12.343130038592706
38.89164794111092 16.82009528576088 9.873493677844355
36.353433332940696 24.803745096776154 8.923180571237339
34.049066661082435 22.817136147244188 12.976260042763988
34.933313330163784 19.05142655349938 12.496524645983762
38.13795349598945 20.094850383308003 6.504892189407151
39.12398215099586 20.501929824058912 6.6735154984662675
37.4635305871056 25.04265668934762 9.804340785350123
39.11161416612888 21.477126656327822 8.486860818050951
39.601412417622186 21.22945779206041 7.639005991738019
38.76680732937599 25.028549647156076 12.467007837985296
35.25055300898405 15.854157171173874 12.733552807642045
39.50689491274955 17.827991169725784 10.502560204325718
37.97481132780847 23.94054468606553 6.883893278399217
39.51097040139593 13.531031775733043 11.935121549242227
40.18629150333126 13.944173707591935 6.846629600697539
39.347503309898265 17.602841016689986 11.797795051974271
37.169870069121565 24.976613814915513 7.229373384638188
40.41563250986547 13.473859002475532 10.042910603735908
33.085756847791444 17.033191962557105 13.086291392473193
34.547476804519 13.290639168898569 10.226664007093998
40.51598475444337 13.040803365641018 11.038145371244104
37.63094328754054 14.337907346337222 12.69957165032727
36.664415603614344 14.629305351176697 12.73137477759349
40.61370567397136 14.63553509301476 7.878046193323202
32.821025505648294 13.332894894130092 12.169067604954897
33.473224867847655 13.520777674271077 6.255055557136506
32.88648446981761 12.804272617832137 10.820056356599403
39.212601142448364 21.221973485287815 13.04087472386216
35.71443701082477 18.00152267076371 6.341431683127617
34.77197534550182 13.04866510174533 8.939739881294157
39.57746340816105 13.58673277771999 13.3000256570267
34.540018842903415 25.32760635981474 12.147882480595747
40.897847969383434 21.603814552829817 7.364944713074115
36.27762089188 25.180152397595265 6.252286416188074
41.05468916896105 24.70851227960525 8.507938310804013
48.21328040830427 24.309136658289038 13.109498636277182
41.21148467652693 20.944080550201058 10.733273791505333
41.25939004348953 18.357366046819074 8.602358553981356
40.97730250691213 12.900916150006843 6.7424140232846055
41.280150888155625 17.792605746679037 9.963802845185363
45.04366602617226 13.624859521315212 8.324354208233013
45.11513943124146 19.857969331843854 6.701269444902032
46.35885308471136 12.844770571418778 11.296596620037805
41.540398635934444 25.35326052774193 9.620275527939093
47.993648771464834 24.302232365128678 7.679959740198581
46.534046185981936 19.834815929093647 10.427981063367351
47.4413700713232 14.669640254002791 9.81654910179497
47.86531802511018 13.801722340326364 10.936350259481191
41.53705968845931 22.125014026184594 8.062196093248536
42.00074663641386 18.677728491899426 11.017189099733658
45.72616864778544 18.546525415709187 9.539029647444444
45.49549053179225 13.571422403273369 7.344865009486934
45.265620889072856 13.649332914527745 11.400500582667062
42.40000344816461 20.119314710452166 10.736726143784475
43.33725500254733 20.24401951318946 9.63828147379573
41.70933810657772 16.44374625053464 10.070542521215547
44.636233805042465 23.254289733189704 8.787713125102034
45.22999416101414 16.493767608700377 11.151244999253016
43.277858798379185 20.735891355624016 12.303690742708673
43.80174150296229 21.944957600920084 12.166373772392514
45.87564771811308 23.597926615339624 9.037179550728997
46.52107455833147 22.72119365694138 9.794881019792317
46.402486028762 18.141255583712343 11.572001311652066
46.50954284317163 18.757029921724456 10.267118051120077
46.67617641133027 23.8103764019851 7.369468914480964
47.853285438043706 18.372368429500685 9.630798131752684
47.92597614988177 17.37294977958057 9.201871071999317
45.77101167555787 17.071371417594495 11.886142195402009
47.05612258551655 18.463775897658394 12.713430471544289
48.12097401479002 19.077364161447044 8.843763288975595
45.85094058288873 24.69043518780611 9.793370435914236
41.40218635370666 24.490709575170033 10.644951876735226
48.68734370747831 18.41895458678147 10.330995627537682
44.309916793045936 19.9929032397431 12.692779456696577
47.701721816188666 19.32381084395778 12.813137664571656
43.60692501618214 15.28410942985508 7.272909273567546
42.847631496819965 25.30066410497179 9.426929129728952
42.147520179103424 14.337599403100434 11.73042822964655
45.992249515186145 16.61800821378285 13.10355939465001
42.545828709068076 13.090458909262383 10.546199633602857
41.96223511829147 13.302924378539652 11.441954591787141
48.763146927797806 25.24626141124121 13.196354886153701
46.76250439175386 22.36494727046147 6.758391488158968
48.20442707693986 14.556989196928535 12.255148949494608
45.82141658753527 24.764643109613267 6.757748080484147
42.414142659224126 20.778983339510415 13.306521604452051
48.631279252253265 21.859786401831887 6.373059213117306
45.0310632491696 16.88143192366848 6.352223877273985
30.057732024680817 14.67825855099298 13.34035786047806
26.49734715086044 23.967904210507918 13.519839322356173
24.793783110461728 14.833312271110076 15.274066235408576
25.04630387879971 22.38045374920805 17.348551477930084
24.92763209281485 24.181029548769693 15.050250036971171
30.991963503414965 24.477605316304764 13.358934555096074
25.27217641253644 14.114809446270252 16.248629171839553
25.6649756987975 23.2057687565969 17.70097213244204
30.361044950186187 12.905911864428539 17.432497021449468
26.443190909293598 20.889913561364835 16.410313678917518
26.039202734240448 15.296474891299452 14.01970095023291
25.730197033160636 23.63092775158051 14.581552342050365
27.02731500856473 21.93099297322402 14.217224122203959
26.616226966383422 18.730478666734367 14.329763474781775
27.550155579311475 20.98753669590738 14.271335030203417
30.71428451170587 15.762069426494843 19.348829428175463
26.065469823118484 22.335802831254757 15.004651810781628
29.69300178811628 19.279059488974784 14.069846425063407
28.38081040628765 13.656041858662567 17.221507187866276
27.26812755120481 15.351749544382454 14.708495848066562
28.07263793783084 22.690787372725353 18.553749743498827
28.51555299902088 17.405623451983953 15.354594119760291
29.019997539851556 20.97682699931485 16.237394664323762
29.771946415955487 23.270678591229906 16.07784447861697
29.40142946003039 22.346812934064953 18.4821162226753
29.903565623967218 22.02623445334293 16.74504605442298
29.566496548763006 17.65432812382551 15.362571671496298
29.12166716368389 15.910693797465878 17.470250369029646
30.374700153754322 17.266027974404164 16.319889699070853
30.140408666296597 18.619056931250977 14.689784897113466
30.431756412289467 14.408635451323109 14.31698938852708
29.46189401976392 21.2836592899284 19.240866006332126
30.05604923063299 23.311863341581695 19.084853209490067
31.386492081301938 21.465757060429933 16.76741024639228
30.156091421451297 16.24265074534813 17.381531488692904
25.6244652545815 21.56021917492261 16.148629350678068
31.448341771376207 18.660814533793694 15.058421330376566
30.072337851907715 17.416303621259516 19.32341169623475
30.750725376902516 15.393664263530502 17.044289123649225
30.65529424867484 16.68211279523012 18.767331063185175
31.577949202062936 17.87610336722069 16.124373416691277
31.63756730090064 17.14817472241357 18.689704193470334
32.55403850271228 23.757221256485312 16.827159276534758
32.05695736526832 19.4292116701796 14.605041909121487
30.86774645343981 25.382737650705543 15.595979136744877
32.458133196922226 17.585229930225722 16.67851128654101
32.6580553078844 22.338187859027215 16.411081920025815
32.71619301873847 14.603632680376121 15.606849746447228
25.041636706662995 21.71559553406543 18.212288574059038
24.7470262824675 20.948473430603308 15.938943883299174
40.41154519167822 13.266565239571541 13.90682078365579
38.441451506238415 25.33315177464289 13.778266191627894
40.1202880336069 21.68704767611834 14.476981853673806
39.057971588242445 23.29421973521218 13.585281366063645
39.19685875839851 21.86019017895471 13.924351735259371
33.114842600110926 22.048316778204303 15.063414667937568
36.97377111494723 21.813486405027874 14.184844158884136
37.73555253947718 20.41869783742187 14.90139813131037
34.62668185491282 13.782835327779203 17.915119498053798
35.19397230010573 18.43327487619588 13.605852750672357
33.767670352197406 21.50878713748293 18.709360086967205
38.21687015830844 14.364418821041754 14.789756997497875
38.48274600140776 14.179869600407393 13.75939219744718
34.41178861713732 16.714715418998505 13.547998341973964
36.50480581738048 18.41022073013796 13.829435145722039
37.884654705169176 21.47525764346631 14.678800017319366
34.655115376472395 19.243985763744767 14.53435689252607
34.84758571157453 24.41484499972887 14.814394127868646
35.019840853889356 13.765057239391119 15.00420448445667
35.707978796193316 15.605177633151998 17.485724618896572
34.55037269235673 14.93373088562238 17.290586980485557
34.16510705317532 14.79051151345368 15.5378024911519
33.63277899134546 15.706167135361866 17.945907737132163
34.4862447552412 16.227346747022494 15.006988758280945
34.03924169923231 21.545564467894298 17.42630009857716
34.20929265047638 20.29824553457919 17.044965342698507
35.26568184284819 22.06000311124981 17.282661888401687
38.79130204458355 24.300066829844383 14.509235094156908
38.80720741017792 24.248939532439376 15.58790697141794
37.89273575511327 21.97003742236092 15.649999104520944
35.14893798124574 25.151456179905946 17.620047654641702
40.78537654827684 15.164302996435977 15.682285246030755
43.7118020413676 15.121749976801729 14.363213644045977
41.81028554244317 13.576426384149402 20.158732100389972
44.372551330599315 14.01360705228557 16.53528578966605
48.10514406316216 13.814969283252548 17.543264201726714
46.78495657605923 17.53447312519594 13.68558003435204
45.55578737470526 15.83486250594087 13.568622401344944
43.285851814875805 14.263329037186995 15.46102253873951
41.89852863345694 15.13490542608154 16.313538887073484
46.509049980447884 14.19152808428067 15.109403126692595
46.45251233789498 13.523560162925603 18.867206065673905
46.8693778954128 17.58524404269775 14.761077758541084
46.689122991856436 15.336651787311819 17.934202681629955
45.80733388539818 13.553640425300086 16.22068834827129
42.19598049681137 16.40198428185277 16.57900252633568
42.69388237106755 12.981082597369891 15.19623106432703
41.596737627950134 14.550374045738636 17.46255691295683
46.77898231888806 14.063566776991319 17.72194170958192
48.99083119502963 16.242484529394115 14.806379587705841
43.34998928553716 13.177950428236148 20.568848947744932
25.7899508950999 26.230054264307892 -3.3499999061325836
25.789950892132165 29.070000289706115 -3.349999898304924
27.019044316893822 28.359473658996066 -3.3499999086809416
27.019044016055293 26.940528958427794 -3.3499999615588316
25.789949944968665 30.489935133918017 -3.349999844133047
25.789949951098855 33.32006487742558 -3.349999875755254
27.019040221677717 32.61080367928098 -3.349999943674046
27.0190402321456 31.199196334277758 -3.3499998468528736
28.24095548025708 26.229536566097405 -3.349999931109593
28.240955650065207 29.07052023452103 -3.3499998527536134
29.470049113962535 28.359993842913276 -3.3499998720715993
29.470049236314743 26.94000867403118 -3.3499999086664847
30.70000001374795 26.230085193960416 -3.3499999142567694
30.69999995152454 29.06996912942953 -3.350000021752222
31.92995094979778 28.359993846191113 -3.350000586490034
31.92995079830984 26.94000860997489 -3.350000011287592
28.240960242254648 30.489413042535396 -3.349999825460752
28.240960235218346 33.32058696060165 -3.350000111423964
29.470049615598864 32.611317052092836 -3.350000036385261
29.47004953492815 31.198682936442133 -3.350000158862201
30.700000010198274 30.48996672397777 -3.3500003768523023
30.699999991843516 33.320033166977915 -3.3499998696053233
31.92995038270248 32.61131706145623 -3.349999871865328
31.929950430185375 31.1986829371827 -3.3500000402138665
25.789950902262746 34.739999721790674 -3.3499999043500672
25.78995091906185 37.57994574645482 -3.3499998297616926
27.019044034126452 36.86947105939966 -3.3499998356189664
27.019044313565477 35.450526388469555 -3.3499999599379127
28.24095567155106 34.7394798034745 -3.3500000745093383
28.240955443711552 37.580463466787826 -3.3499999574088624
29.47004924551476 36.869991324644396 -3.3500002436015794
29.47004911096859 35.450006174297755 -3.349999863599513
30.699999981295786 34.74003092227932 -3.349999829391106
30.70000000297776 37.579914821234674 -3.3499999198310118
31.92995072329704 36.86999135442073 -3.35000015388622
31.929950873889826 35.45000617203107 -3.3499998940989375
24.560000009465863 32.61134812162026 -3.3499998405866425
24.560000003085644 31.198651884376794 -3.349999837469919
33.159044489198976 26.229536579398495 -3.3500000442298505
33.15904439620907 29.07052020928145 -3.350000036955344
34.38095568776586 28.359473653008234 -3.3499998457100655
34.38095593002369 26.940529073110344 -3.3500003366567133
33.159039771650335 30.489413061352888 -3.349999964787269
33.15903977308222 33.32058696356495 -3.349999818264704
34.38095974949217 32.610803663874734 -3.349999957554304
34.380959749025266 31.199196352524304 -3.3499999186418306
35.61004923992619 26.230054352572477 -3.350000690262008
35.61004909300066 29.070000225305787 -3.350000042000648
36.83999998949036 28.36002507816207 -3.3499999989290705
36.84000000742928 26.939977360582194 -3.3499999087454526
38.06995088963366 26.230054259774107 -3.3499998807728137
38.069950900909305 29.070000287346772 -3.3499998953825063
39.299044311457074 28.359473656808543 -3.3499998590331503
39.29904402443498 26.940528957726343 -3.349999887700231
40.520955492157356 26.229536566273392 -3.349999905999901
40.52095563482302 29.07052020859376 -3.349999975386017
35.61005005603584 30.489935199918754 -3.350000878282209
35.61005004851597 33.32006487813842 -3.3500004323428345
36.84000001981975 32.611348085834685 -3.350000008768035
36.84000001588438 31.198651910019557 -3.3499999160759764
38.069949912835874 30.489935117215087 -3.3500000577761933
38.06994992408173 33.32006486266051 -3.3499998721758395
39.29904021209867 32.610803667889826 -3.3499998482539506
39.29904023858016 31.19919632986479 -3.3499999209570595
40.52096023646485 30.489413035792875 -3.3499998942276754
40.52096024275802 33.32058696419794 -3.349999855373164
33.1590443667816 34.73947977619013 -3.349999839805853
33.15904453158039 37.58046347642706 -3.349999961328798
34.380955966684255 36.8694710499996 -3.3499998783578935
34.38095568576207 35.4505263426275 -3.3499998533836397
35.61004909816221 34.73999973088152 -3.3499999227211363
35.61004908243948 37.579945748568335 -3.349999885842805
36.84000000083119 36.87002262925625 -3.3499998855349356
36.83999998757822 35.44997491949399 -3.3499998595459513
38.069950867619944 34.73999970915636 -3.350000004461319
38.069950915214434 37.57994573058239 -3.3499999107711953
39.299044034598666 36.86947106743815 -3.3499998771148465
39.29904432165372 35.4505263723473 -3.3499999568658634
40.52095565237351 34.73947979061966 -3.3499998718345445
40.52095549346059 37.58046345902503 -3.349999847842351
41.7500491314797 28.359993813691172 -3.3499998596780864
41.75004923671809 26.940008680098774 -3.349999910507094
41.750049644444964 32.61131704597595 -3.3499998554744215
41.7500496357595 31.198682944837532 -3.349999903319917
42.97999995273973 26.230085202555372 -3.350000427185175
42.98000000039254 29.069969065541866 -3.34999990194347
44.20995087177331 28.359993816903064 -3.3499998985713653
44.20995080135381 26.940008721234147 -3.3500002196825407
45.43904453034155 26.229536655818126 -3.3500002203253065
45.439044335642215 29.070520244719315 -3.350000208770998
46.66095572309157 28.359473616054437 -3.350000071828033
46.66095596497248 26.940528962575335 -3.349999901316502
47.89004907403499 26.2300542460386 -3.3500000380863373
47.890049131533466 29.070000231950086 -3.3500000867622415
42.979999982489765 30.48996683254404 -3.350000022612961
42.97999999674071 33.32003315715227 -3.3499998796188137
44.20995036640459 32.61131705262773 -3.349999905423476
44.20995038095316 31.198682949583638 -3.3500000865130697
45.439039767461466 30.489413027602286 -3.3499998998556135
45.43903973434869 33.32058695127982 -3.3499999411971815
46.660959769345595 32.6108036406415 -3.3499999322371887
46.66095976075422 31.199196343860873 -3.349999944491847
47.890050119716975 30.489935158829354 -3.350000222632703
47.89005007030688 33.32006489080571 -3.3500000787725503
41.75004922509186 36.86999136091381 -3.3499999195118746
41.75004912814969 35.45000619199391 -3.3499998676995424
42.98000000612597 34.740030930882654 -3.349999849050085
42.97999998382545 37.57991486210551 -3.350000202243403
44.209950820967904 36.869991348134825 -3.3499999974702965
44.209950887335665 35.45000619992234 -3.3499998457427926
45.4390443231255 34.73947981821939 -3.3499999484272216
45.43904449896056 37.58046347246448 -3.3499998329620464
46.660955775220636 36.86947106502546 -3.3500005177006322
46.66095567139383 35.45052637203695 -3.3500000079687675
47.89004912958899 34.739999739935755 -3.349999940435416
47.890049145939265 37.579946026802645 -3.350001351929517
49.11999991380908 28.360025112189547 -3.3500002862453826
49.11999999048953 26.93997733459278 -3.350000113724887
24.617540145730324 26.539565795179808 4.390899125074067
29.298797051291242 33.16018170267551 -0.6655410307482768
28.121710992043205 35.55846363834991 -0.2648170471749389
26.200337258748466 33.220032583854604 0.26964319728755903
26.45549307146479 34.48762737347559 0.07903718640141388
26.36694771629947 35.56697923897391 4.266449400354764
27.727664178317543 34.63011298102179 -0.21011635635620807
27.351703514384326 32.48429628655749 0.02966683860947006
27.483890994418093 31.417205650589704 0.13087970693981155
27.588813388918062 35.54648777237576 3.7206799720295916
28.287559008636286 33.3686920448064 -0.34880603395908927
27.916669316657398 29.99697212419111 2.40776267300845
26.220705461301325 28.993818895463967 -0.008143633107984272
26.872547264904124 28.114972790393235 0.8047635936986786
25.99778176817325 27.599326810685096 1.652151283552532
27.645007034373435 34.43456095622042 2.996028036578
27.19231842911398 27.116600798296787 -0.06861661534341534
28.391102559745793 28.84649552954052 1.6875432093007148
28.468870679581215 35.213536679039365 4.665277278244719
29.01122228437769 27.808854223449337 2.4547412547322187
29.34292080955339 29.329059772609714 0.5634486980282571
30.0357736125196 30.10154964421231 4.445312821880697
30.738599572484326 30.54824293417806 2.1208927403282685
30.585059767778127 30.26818419550123 0.7215257834590683
25.812456402060672 31.248574600270427 5.377724936630475
30.635449775486155 31.369764529751325 -0.2063882330545208
26.987190550890617 37.18891626015294 1.812912142414238
26.28400695761797 27.65893279700218 5.5146565250644874
29.28576616080706 37.12156888231574 -0.3342804914238029
29.366216723221772 36.62038534831151 2.1208455903513146
28.05280569041716 37.10161709067815 2.7397968856893193
30.004807589887463 37.348300207918996 0.890410198643451
25.4898490548758 30.882623788060087 1.7155473482859562
31.58504160487925 36.50226614312593 0.6340099082182393
31.420094140473523 35.180053324066414 0.4862568024661884
31.02378675569058 33.213296919037504 5.019647857990012
31.250063113661746 36.33313109984359 5.256038752608792
32.30823820806185 28.700559329684893 4.914920989431261
32.26450351239646 36.91045259427653 -0.4032174985605774
32.0331219004339 33.896981379982144 4.605917772229697
32.38474043229076 35.49846156987765 5.476925384062643
32.444003461999166 36.61798159897379 1.6748847468353734
24.910550951404772 32.796487336860686 0.8290541111778305
31.83895388220647 34.16804321278073 3.3238585178505167
25.158792236852353 31.862339855151696 2.060014779401108
28.25448990821044 31.275787978691532 5.815352879003795
28.591360683149333 28.396576255011166 5.763598347803999
28.179449366947388 38.08818455252202 3.7861101752458417
31.984018137100747 29.183177994335487 0.2583682471622595
32.57132509674083 28.641738805633516 1.306593509709889
25.804886994276497 35.33863533660811 0.21650419636878193
31.630534486383144 28.252419272043717 -0.5586783967497688
25.840912709138443 32.209462015777824 2.836106183108736
32.107368379003475 25.69030237671146 1.5367642939425719
31.449096378873005 25.89164459640985 0.704574841752108
31.75361790524008 25.5469968675993 2.8245720472024463
30.822280388291862 25.645699541558397 3.2026834218325817
33.505129337019156 32.23726120878749 0.22519828116983165
35.49542129812239 33.523036376837254 -0.5829100078405036
33.80011120425749 27.27031200014894 6.213727679176264
33.110296258396055 33.104495214707796 4.646062810847993
33.38085564484424 33.75541996035102 1.0886967373974532
37.811535959235314 34.79013679628743 -0.058441869863886664
33.99959764657925 32.19939869519008 1.8015495556038263
33.35295294277532 28.616839278334144 5.852024073756716
35.79208607896132 29.31257621687591 0.8688709365772274
35.9447664603304 29.204256264395024 5.449034824403198
37.29158946776891 36.28402201676589 1.4528184920170129
36.214783199167826 32.48850118953798 0.6478818450969226
34.886513391875326 28.547199608055593 3.664017042203617
33.717170916291536 36.063236719310005 4.846633096387139
35.486440043428836 33.28187699537402 0.48003942198139415
34.01106912092476 32.87726871493303 0.9480504978151372
36.00135864717356 34.56898658496411 1.0934961420988987
34.6611475602891 30.505060098206133 4.496522112401983
33.00086068331483 29.80077518842808 -0.3268277583511514
34.76982636715689 29.256815472840955 4.815287667476759
35.48903616139087 35.316506475575636 2.057513405883732
37.11839191526475 35.253854759307295 0.6277920443742502
37.16917455159611 33.08621098715473 4.199489570521214
36.20739304724523 36.34861657161523 2.3033360654435
36.94636005673166 28.694256418729566 0.8932076052442761
38.260666214376464 31.54084143293394 5.222002874778773
38.37797466757268 32.541803142165875 4.349587799683903
38.10695145058612 30.801755636734363 2.2433356221695067
37.01037304671632 28.066670943951756 -0.26747967124054695
38.415494610772825 29.87138785331674 1.0115657349429552
39.1614477207024 33.10933916651997 1.8780329408257235
39.1381541523221 31.923215637368777 2.7236452734710204
39.052016409783924 33.437234607865555 4.989255335382893
38.39072767649173 30.587619324834666 -0.21814345983345196
34.671871279821765 34.963746888614615 2.6692341183859334
36.109672244203345 37.07263775142116 3.000719730181949
34.39947342054585 37.299010332058444 5.569328353383409
38.16110371850191 36.924368757344354 1.4701684037518237
36.98919359802697 27.759615140201802 1.8126896156695604
39.57062116372109 29.06014201156708 1.281650946001106
34.449920286089494 26.768533980606772 0.17349698040982853
40.458275471045184 31.41758950738098 3.0817464582971565
35.086033014371694 38.12556471658314 4.595260861040666
40.26159202155705 26.666992977803922 5.75682145823291
39.17940623154435 26.5368269715715 3.4694551482964253
33.40386080236344 25.700168563332397 1.4704311243950174
36.761050126588 36.224844915776046 5.845376439844918
40.83737335798769 29.11905629286911 5.605510323342164
34.163361158326495 25.718177900342774 0.22580349196096194
39.53731659508505 25.713655359425683 2.8510793171804396
40.27136905139449 26.146695116539643 2.171562164982629
42.07806438111775 25.601159196363106 -0.36758348099841576
45.39625874457108 30.460240853434136 2.6487149525493123
44.815991337965926 37.52778901094297 0.9419034030303419
47.30187220428163 29.801731083819796 -0.12346888736454398
43.079994130155065 25.756874714419123 0.4573712905258176
48.94680254874973 35.80174573779382 0.1410755888837678
46.63358807153368 32.322575074305604 4.990807159430646
43.11360335625111 32.082015722101076 0.2004657856667058
44.06720016475264 33.80910513219 -0.5331784917317495
41.139507528986 26.103684996258693 5.4769134739650855
48.69956745946077 27.111676393967894 5.97706328833819
45.54170788867349 37.33157736851569 5.718342191120654
48.91968436770614 34.05519274120153 4.306664942708627
47.00670144847038 28.57526070273337 2.0785644250599553
49.05951139133637 29.98194006052898 1.5432036235267288
48.47922060242657 34.97090422333099 1.2309981859528196
42.35778369305371 26.22770497568325 6.017163449500885
43.52214808996869 28.903552950633763 -0.34389035627245157
43.58074642632706 33.377755997539495 0.34169331853671436
48.07086243601076 26.897934713300508 -0.3588155448727903
46.81220407667758 32.858181357932445 1.2918084926212248
43.21376445557325 35.21589046433358 1.2909998056334215
46.02504967899755 34.10069310416563 4.050452876471816
41.04884692329733 32.096107354559166 0.6945193094378732
41.884040416445316 34.84309965856784 0.2560254963141295
43.24671532917287 29.9425622033141 -0.23902583873694372
42.943847013825305 34.30240287030394 5.116923131511172
46.82494289972035 34.440363452791935 3.535773471752698
48.542979660983214 27.560619656287738 3.955849802832497
44.04066446551902 27.95114030578301 3.1968768631475553
41.96091796337314 34.01939793907144 1.7494671922486416
44.78983064167554 34.722470875270034 3.995242509898352
45.83286243030365 33.00909967428466 4.75859514203035
42.596293335544914 34.38743039855441 0.9438927107583106
42.659111334459624 26.524155214429648 1.4606329851164068
45.05257970279493 31.106114805572574 -0.23238752278344932
44.65392243964571 35.64549184586152 3.4512193042043906
44.57811881469684 32.88377911652915 5.177254938359215
48.25973463150758 32.84539218212737 -0.32010565654566503
43.47981907525279 31.18604427701168 5.570388384050894
47.09059459439889 29.760570070150152 4.237600824397587
43.977713306067464 31.045194386085893 -0.1466499493335527
43.95471471587081 34.04042792440192 4.841395244396073
47.490888185914734 33.644070896914045 0.40535787953941305
46.23885298053301 29.394306972126014 3.1314774212987895
47.55014073920319 35.61410161576409 2.1037510266658996
44.488886742956105 28.72422909987265 5.051720740636072
45.66614191320398 27.031948164809627 4.309772666808115
47.9940909520167 29.193866490219165 1.0065188217147536
43.23171012536979 37.201570028173556 -0.44923232752219766
44.334532366482186 33.26657466544659 1.1211453489534995
41.885612898154584 31.562142674670532 0.2689556550366834
48.8687025058119 27.728568322558655 0.3318803988440111
43.991574244523434 26.51353305818619 -0.20627025628129347
46.57937887637984 34.09765754257065 -0.4737233866518231
41.16454269345518 29.636026030804206 0.24084405295446976
42.29733467718776 37.49769375594156 2.3437677332035713
41.93303250580529 30.25592299707665 0.028120853772468646
43.73605288284077 38.11083350368581 0.3663757158025749
45.067594469977024 28.19744555979924 3.9627979384884817
44.11700521469002 31.86000138523947 6.142992645482633
47.64859595108745 26.829100149287832 6.03796940074163
25.466221317860153 31.722315075048115 8.31347022156628
26.58830128727876 32.047395004027514 7.670969936693071
27.57313482031362 32.00196016027665 8.571920809867065
27.40550911556417 36.02716626295333 11.594564873031509
28.47978349270493 27.541925281020326 8.633504303427365
27.534445902139872 27.069996271220464 7.794580470601313
26.446273436339418 26.93305321597352 8.540318041571945
27.50041041099268 35.87259406493788 10.248955486384709
29.879022188736883 34.419069041980684 8.708386161946379
29.810143110627795 33.34137289763866 8.693329832630388
30.464984320177123 26.562518923180523 11.274836487727278
30.938385810152294 30.454192161425112 6.7717309839065045
30.594401228439004 26.50103858771963 7.67381423405448
30.77490447916746 35.1017111098458 9.480819316776097
31.525119631203992 28.728612990694533 8.433055044307613
31.14167909687643 31.45887089021652 9.76404315931916
31.364583671147834 34.77812680876601 10.234259195271553
29.225727367611103 35.290912255925136 7.937984157349387
30.675849004528686 36.35193415695309 9.089622042697162
28.42903006469656 35.08836643071579 7.237521027677921
26.79852504498762 29.49119083509056 7.014110516187067
25.401883158568573 30.135426485644068 12.805737605861017
25.513186556059598 30.588045366642152 11.492202084274885
25.48965879535176 29.533238436090592 10.653439320834638
29.567987713038914 37.46667208981724 12.031352435796402
25.509219508456432 31.612235585554195 11.14953802433707
28.5860078233146 28.6884275458324 12.303996787913412
31.89077435113357 29.882977557200025 7.690221805799894
29.714576290950724 36.48779317601797 8.239445015705806
28.140421660334923 37.62832933865483 12.26194981139125
26.429674960296406 33.31503939676741 7.1733221153900235
27.953954172977248 25.914213553616573 7.3782382465124865
26.15463724523451 35.87867790966398 11.953097759885058
28.065598764517205 34.955043122983504 12.097409181222188
30.288043059852722 29.796965624968735 12.412669147158372
31.35902406219207 37.15633944695216 9.318977596268175
32.02335005754686 34.18049353799953 12.268164881027683
32.62174754472817 34.98467642358724 6.797659608021847
28.674078834623543 25.72797674673274 11.793897890486708
25.316830160440865 28.412259117862863 11.411096662398158
25.24544249258869 28.79356909440081 12.708943373459878
25.35034630786436 27.443008176587778 11.129087299892506
29.25347090096906 29.451940509739096 13.117313260193052
31.10193971041981 25.553246446578356 7.571370364373159
27.311626616654042 28.221894417869542 6.345828877204857
25.513937850191176 29.478418836371667 9.575104799993618
32.20765099019404 31.20497651720641 9.036764949599355
30.32681035247101 38.107564675873505 7.073476608335152
29.440299104111105 37.69972340780829 7.559134210559143
28.657034047947707 37.61478036993432 6.805887549678344
26.937128410732303 30.902386904555147 6.2555067521336385
32.50994362514849 32.36198226290119 8.514677068268037
28.526044201447338 30.58425027489774 13.204602485810216
24.706716535695477 36.73089607024968 6.512874201954606
32.865095414715576 36.55633222176471 12.147936671153008
33.07433110772942 28.198546103573506 12.562621547273599
33.01022867829206 25.944117500049884 8.517653833601884
36.40060832536393 37.64360017411503 7.321763269637051
33.0653283409251 35.1705983111091 12.566473115298237
33.2928156992174 30.954381390215673 9.878861011758591
35.71023373009715 32.99057348825086 8.663369108699063
33.668655473758776 27.611692339998157 10.57131343113144
36.5037389616543 26.841749307417697 11.980486705333877
36.244285611395746 28.81337625981779 8.514361328191377
34.27427561450308 34.64470233748788 10.241132398592743
34.541481222856206 34.68097463812998 11.548977003806204
35.022757140752155 33.50268436389501 12.018319570195434
35.51830796457023 35.596204401638225 11.675610749074652
35.7818267697811 30.726160395753865 7.504023796515645
36.35990755590145 30.132303405669063 8.196523962469106
34.79386427415057 29.056299119708893 11.7016260056916
35.60760102614993 28.0422714799258 8.106402804216335
34.13491937499053 27.91924628956457 11.795964300001351
35.18605831782034 26.57948488789444 12.535900085453557
37.35066477097456 30.639921175284517 9.052940385462067
37.06272637158371 28.646386551342413 9.603866034655429
37.088529962782225 27.85832503302326 10.235050015766905
37.74213927165867 32.08162384067005 9.132178325737147
37.701385991341844 29.72893179825017 9.901056830672962
37.75820000000466 32.41816437606431 10.168799048134053
36.751434741546596 33.01001635086235 7.30844146078212
36.76230538269529 33.08821298129307 8.395578580068138
38.31933876446 29.886992854327165 10.772579103880357
38.75847668974924 32.149220790939495 8.744120461358309
39.53409062327903 26.927689187794275 10.56668300347711
39.739806244350255 35.674901065303374 9.477973667853954
40.30222116094987 31.432474343815787 12.136215373684822
38.0376339662059 35.97928615364618 12.08155725133674
37.04629204274125 34.11619672659427 8.620747397405271
39.448157172910506 36.59009888952807 7.531966772897335
35.4849470002558 35.768628403246055 7.497253648660303
40.11298194926659 34.53447120992241 7.770826973949353
40.23355863507433 35.76779690227709 8.253941643625744
38.098430711841324 33.66708449256917 12.68931553060998
35.80513603878849 36.68652136795119 6.609254924293543
37.92783787009637 26.044460889518536 7.25803009414296
40.681646607767576 37.74036277182065 12.83528549506335
35.29326660789285 25.788959630951027 8.822841456279647
37.331185231256164 31.727316968012286 12.707795510782262
38.20885562482367 36.914580419276255 12.614481055089769
39.19894213374803 29.684337347500616 6.873205760418166
40.52804608221774 29.793425656833747 6.706642104842874
33.297498014497606 29.583245390334707 7.0319309112734825
39.58220386358365 36.90273293589361 13.199164447312262
40.73351969084842 31.052319720828166 6.435889130072808
33.10391797527182 31.596865141877032 13.256640888516335
33.44461079618325 38.02667731196132 6.444223081102786
38.04857075823319 37.73249370043732 11.912037729048587
38.79519515264391 25.66380173766967 11.682311136719228
40.79786677110448 27.76999071897704 8.57205202329785
40.83244978700599 27.08007619915164 9.95717679572906
34.089665498047474 38.23660277482587 10.01824273519028
36.16338147700371 37.34592533013414 13.299654774308955
41.11853908058354 30.18685569457161 9.222300293372967
41.43280881154876 29.15285828669218 8.231774479666857
41.524430341783116 34.57719753310416 11.745894210600397
43.933138739504415 33.30210282123569 7.7764072145460545
48.28346311867252 36.76869156364454 11.017874262010627
46.031587480482514 37.4519574122934 7.063049238850634
43.37687531440608 32.492192773630855 7.304478494796967
45.93537961928402 34.769850578375916 7.460606941325315
46.51305099076384 28.7781677322902 9.225030278278574
46.27066185684069 28.77888323169224 7.886564342778839
46.074253262103326 27.601788561941586 9.661568365510817
45.801125405367095 30.25501835249091 10.15346826085332
41.79272682122131 27.653997079443222 10.81954317454697
43.425378740935926 36.500187436213395 10.977893290559784
42.69509986736279 34.14138100682 11.4922648475115
41.977466122271956 36.35304741296123 8.27831193023105
42.78424807567448 35.22723455729821 8.960702268183864
42.60248135324647 32.845352300242176 11.084220045006676
43.57976545536798 35.30092997632501 10.257714193893085
42.16456802086817 30.100838614866735 11.423512345437608
44.390905571268775 29.966621582049257 10.11017626952251
44.862138948954154 34.67517699359232 10.156474371898973
42.76628084799781 29.03995916156754 7.761568666236119
43.37249233988921 34.009358499872846 12.655161802817718
46.349626765806676 30.069957462428132 11.632933895141154
46.28103142542363 31.432185118483428 9.428405261648486
46.674393347892355 34.59854977188011 12.33391508221725
47.005458751148936 33.791278409072746 9.969466455871874
46.8499257892512 35.773965796663276 7.406706504171279
47.85274164196963 28.775134670898517 9.316343687899554
47.4936815896774 35.81011473137561 8.566045970010144
42.31102087031868 36.57901987842256 6.855943424294464
47.26307420754106 37.12057298259486 11.79945205974253
43.141472837367836 31.805396749154905 8.11749564996083
41.88271218621185 37.636648185211705 8.946930239394877
46.291316814060906 37.26620574859429 10.923699362017665
45.6336884789634 30.6274058654128 12.904400071056067
45.05017660236376 37.62747675709694 8.08460564427673
48.72227557924439 26.163942197270067 11.943006762534587
49.098466532916746 27.13545028023307 12.26355693237624
44.249977358849506 30.928634143545114 12.736392174124981
46.970348563109766 35.77602433937642 13.099330972198294
48.27608964744404 30.661343208833518 7.255897315710617
48.87469066033993 33.38674995443415 8.515367259020497
42.423286930141074 32.91557946212614 6.989021833212664
47.77532033080834 35.499804586908006 6.5471626844888045
44.95804810863146 31.280415894229492 6.523554742262374
47.710364545867094 26.306994849751053 11.563965868358911
48.733588989952025 28.153038998025675 6.297229592512368
42.758754475636756 26.990394469729313 6.668260344852848
25.506765788021166 33.041334231068724 13.68069016837535
25.143988821369195 28.07794604875748 13.511433752923361
31.157360277123257 32.898171825468786 14.287719105259542
26.24279110764341 30.91860289970922 14.598023235499294
25.294036818926106 30.9058324078887 14.061551228216526
30.27274350792246 27.459632090886895 14.378259875554892
31.79796198226048 32.34616988331621 14.84000826067028
25.461417532184743 26.35068202230456 17.059771042594356
27.892152391109047 37.70397203175975 13.787087156309443
26.582588114634444 27.982846729356947 17.869977467393475
25.17737469487719 28.28517165999822 16.201443553363507
26.13838925490964 27.463825756928145 16.695811157024796
28.115478912615245 28.493933096771684 15.267075305358848
27.52711740924805 27.094852213337074 15.50368173429168
29.5551790616948 28.661804745225936 14.70587107965378
30.233020757118513 29.66252856637054 15.448580150417083
31.14841183881658 32.52117676376547 16.903692842320492
31.84944992557117 32.07462997806661 16.21409762113129
31.617916967083307 35.25799915826845 15.57444745769818
27.966562461543948 37.07846042018025 16.847866182563838
28.408354228514654 26.186234380033664 16.185970451304737
26.82586605078806 26.65409119870739 14.340028646493712
27.59196005243299 38.27314204695937 16.384983428240226
26.244589302185183 38.276771763603904 16.300397267740145
24.70685278810319 32.34078516984833 13.920419610394399
24.568370456488857 30.37812663358206 14.680449399598178
38.15825530650613 32.5243252942998 13.346241215289483
32.799356917230114 31.682579209359496 14.289256819320622
33.23920129763155 30.842964021329415 17.332891690300904
32.90030052372236 31.297682116677347 16.413773787642665
38.06819450949789 26.280444967122474 14.13842563107919
37.03799225385501 36.07781351651931 14.187843778692281
33.01779473464262 37.14804564398238 15.037864830704269
39.85654184196029 31.87158944309517 13.460518395249725
32.90439115235818 35.734739149734665 15.204517428946767
37.49177568421343 35.34970637022633 19.732466108764346
39.124566125946494 28.684470162533206 13.563912303077291
34.620963134840586 25.832364889490307 15.081033695746356
33.260915963706 26.20086344939719 15.388541310373265
37.13832771612828 37.033912853483706 13.674125127222672
35.51973772196024 26.062008243679063 16.721974927221066
38.669634196019054 33.634752868504705 20.049804349428346
33.46974346966696 30.979346895513064 15.175793063660446
33.45676333154465 34.94632425433009 14.049266518615788
34.341713930785026 29.184478008432624 14.76623760425371
35.01616388611907 30.61193244787239 13.985158693559733
35.440012244631205 29.681221909102728 16.83979408016705
34.65285347278035 30.215672765455295 14.933358992910529
33.53012778102496 35.982312279281366 17.723716557711324
36.66269860752945 29.82033718385423 15.59696337542561
33.87545610920195 34.05823665517453 16.938858209966817
35.78773237196146 31.334282349578867 16.320527585714924
35.403053423436106 27.2480979841114 17.39215081234989
35.76652485043436 30.293041829314333 15.998862511285969
33.938802063565646 35.3484521567668 16.666921100522153
35.19514897382744 35.7145126458506 16.557039625391692
35.24467655282978 26.77833831346405 14.079190620328264
37.645801212334 32.820094868044535 14.52656976970261
37.2513633152081 33.6196099034084 18.363800245651476
38.162080062791546 34.41057141914261 19.074236126450238
38.631043485461625 36.08630098359649 17.039714879511706
39.39657322889068 35.22306562619236 17.900816725358002
38.95183078473383 28.559755677067105 16.547353599367963
39.86573695029493 30.813142332483423 14.580587881029471
39.394103532500324 35.43809056462053 14.753347783337482
40.074781436015925 34.08461624416614 17.319368565511173
37.393343395318325 37.805571492528934 14.400492766824376
39.997264735708505 36.12161911046902 14.17422319409284
40.17294372884369 29.289953702194957 14.31161409488197
40.32896272418981 35.98039482259912 18.906439533234487
40.18355690064437 28.450248471972028 15.99884512018848
40.54964662737496 27.134955442303177 15.871766564228245
36.80200256308782 25.86999906738342 16.49079640919876
40.524673257477694 33.053367530045946 13.910746047607113
48.3813625036051 25.808065606268105 14.048831689297828
42.7954009936602 37.54367085774195 13.499166339622757
41.74446924051868 37.296198853761986 13.525624933713036
45.61772246529247 36.31072677052766 17.884914320630692
46.40500134422019 31.700459357963606 13.54932648875206
48.317745457123834 28.699101581704443 17.898897376021722
48.227597927796054 35.76300651666417 13.81984886281382
40.9708970988652 28.976375301579804 16.891239121095474
41.79722093302313 37.158079838347525 17.19737690976192
41.30943580203258 36.229974748768996 14.308951186156554
45.716117073459365 29.182710356074264 14.023210224481936
41.54774175121867 29.15164111513759 13.828829462081963
45.07308444602428 31.422830157248512 19.659796722392425
48.11933321944249 33.16244204745445 14.323332307497932
45.08268437438562 37.846101610129026 16.580968866366348
45.866242153462814 31.983558421124243 17.076426441756784
44.66427256360668 34.385426387046024 19.648498055737686
41.9239010895078 32.711319139297906 15.807656112964498
42.56458360722258 35.33189051354577 18.62534901250732
41.82057800517725 35.58741792003531 14.897130045006806
44.903932096715984 28.177305712270975 13.657087080649028
43.69239937527415 32.352135853253095 20.23659204356215
41.92188382754577 32.70294494128856 18.313156082554293
47.71397602290807 30.387682689702142 19.00626980178408
46.17879969014914 33.659682634917964 19.03044392345114
41.718316213891114 36.464692766322194 18.462276545430843
42.744206591624895 32.53585526579109 16.370160612646686
45.806396490081426 36.723719976889015 16.65451501926782
42.76025833823995 32.440843525897314 17.684800269474202
43.97200111210851 32.201886733338696 18.097046104828046
45.34453852185972 35.554468185036775 15.25417974165199
43.961660659142865 35.4020678437331 15.420695784016804
44.48399141708204 32.32365798443594 19.48781233591707
45.45058597432005 29.537914684387886 15.246700312716158
48.70961034495407 29.861714902953075 18.3228233897473
44.797842209388506 32.082721550743166 16.95359227224533
44.1429124797551 32.47176459797903 14.823107688623994
47.047754316164735 37.10933045724381 16.61289434936312
46.19673373671941 34.38999597727765 15.525114773292676
45.351166870277666 33.54303847120443 19.73009959202755
45.78738944481119 36.29367115385193 13.968022998332186
42.284379117139856 37.69182107988489 19.660431974617268
43.97623433007287 32.391848837596605 15.887171533340558
46.92012597735545 28.622727688984472 14.055683238181238
48.26106118590199 31.20718563683582 16.080420899734595
42.51314686660995 37.18120844626288 20.90688813831439
45.71651095867381 33.56538723140293 20.75680511453771
25.78994595328875 38.999455648213704 -3.3499998318698196
25.789950742437153 41.83000872007768 -3.350000330055529
27.019044529167697 41.11953658992905 -3.3500003960624625
27.0190052814414 39.70108171072725 -3.350000094245964
28.240994678547203 38.998918167412 -3.349999913484718
28.240955992293745 41.83052899584426 -3.350000009792976
29.47004910894229 41.12005426553578 -3.3499999141150836
29.470054026660385 39.70054434010191 -3.350000096348448
30.700000020944675 38.999489788511944 -3.350000146283291
30.69999999219334 41.829977341489936 -3.3499998376116427
31.929950888265395 41.120054279149066 -3.3499999886287557
31.929945924242464 39.70054431741214 -3.3500000462212434
25.78995089747738 43.24999382552036 -3.3499998786638754
25.78995037342495 46.08868290393685 -3.350001403856658
27.01903976537992 45.37941299771732 -3.350000440355929
27.019044353230235 43.960520163212514 -3.3499999406872307
25.789950365452363 47.501317090251824 -3.3500000562284105
25.789950906306863 50.3397481460593 -3.3500009537733733
27.019043541347898 49.62946796839919 -3.3500001285274505
27.019039761990864 48.21058576398412 -3.349999876344947
28.240955680305202 43.2494736243764 -3.3499998441286682
28.24095981498788 46.08919634124569 -3.350000030867376
29.470050042084598 45.37993510936676 -3.3499998695122946
29.470049082692505 43.96000026929215 -3.349999853549861
30.699999990937606 43.25002504123048 -3.3499998610979054
30.699999982833322 46.08865184496203 -3.35000003160989
31.929949942738507 45.37993510761585 -3.349999902853791
31.929950903808802 43.96000026050112 -3.3499998837443226
28.240959764432926 47.500803636186944 -3.3499998638256967
28.240956477748444 50.34026690642414 -3.3499999072609157
29.470049261770725 49.62998829950626 -3.3499998773106054
29.470050030284508 48.210063721536876 -3.349999874843008
30.69999998095184 47.501348092511286 -3.350000054828579
30.699999989264356 50.33971687691376 -3.3499999047221074
31.929950719268117 49.62998830837212 -3.349999903395676
31.929949941662542 48.21006372665819 -3.349999912354895
24.560000162638655 49.63001951456915 -3.350001948884438
24.560000023030046 48.210031904431915 -3.350000189314252
24.560000023056997 43.95996907319281 -3.3500000747055694
24.560000007410224 39.70051015875802 -3.3499998534494715
33.15900532514803 38.998918207888316 -3.3499999125955737
33.15904402640249 41.83052894671005 -3.3499999004125227
34.380955457537645 41.11953653876616 -3.3500000758374493
34.380994669465146 39.70108179237111 -3.3499998883673254
35.61005404338348 38.99945567604885 -3.3499998606598256
35.610049254129294 41.83000865980558 -3.349999982563908
36.84000000604918 41.12008519643704 -3.3499998467850602
36.839999974051025 39.700510200066944 -3.349999906835972
38.06994587123267 38.99945559855166 -3.3500004545598916
38.069950741443364 41.830008665305634 -3.349999897232742
39.29904437075046 41.11953659165273 -3.3500009533475428
39.299005389127345 39.70108175583468 -3.350000614484283
40.52099470614713 38.99891817245927 -3.3500000111668937
40.52095606684502 41.83052904500213 -3.350000304202455
33.15904431204753 43.24947359961667 -3.3499998948644585
33.159040218686556 46.08919631329896 -3.349999901897456
34.38096024510624 45.37941304955838 -3.3500000912012062
34.38095566917056 43.96052014402681 -3.3500001611859798
33.159040218656266 47.5008036239257 -3.3499998984031243
33.15904353365228 50.34026694211707 -3.3499998864864953
34.38095655134328 49.629468024106934 -3.349999894022612
34.38096024516203 48.21058577916162 -3.3499999080437624
35.61004911680409 43.24999379948241 -3.3499998978925505
35.61004964539958 46.08868294150459 -3.3500001265584234
36.840000034637974 45.37996681914247 -3.349999917964129
36.83999999919996 43.95996909643205 -3.3500000214675865
38.069950921098126 43.24999381027346 -3.3499999567973515
38.069950347474375 46.088682924806456 -3.3499999613390843
39.29903977054169 45.37941297239148 -3.350000106302712
39.299044364976744 43.96052020299415 -3.3499998480796513
40.520955671440035 43.249473653328764 -3.349999833869007
40.5209598058261 46.0891962559903 -3.350000160153206
35.61004964464055 47.50131701900081 -3.3499999025786673
35.61004921204158 50.339748109377354 -3.3499999226464716
36.83999998911205 49.630019612380806 -3.3500000323510823
36.840000005473016 48.21003201434525 -3.349999889111425
38.069950366016016 47.501316996545995 -3.349999883178109
38.069950777642 50.339748119771464 -3.349999889771026
39.299043470551545 49.62946800215029 -3.3499998812622866
39.29903975929523 48.21058577236998 -3.349999914663764
40.520959800801876 47.50080365978674 -3.3500002334380996
40.52095649331415 50.34026693098004 -3.3499998837277136
46.660956530890644 49.62946800130365 -3.349999952369881
47.89004965026435 46.08868294822315 -3.3499999327868313
42.97999998313283 47.50134806902671 -3.34999988119704
45.439040267197555 46.089196300662735 -3.350000306734242
44.209949904107155 45.379935064918676 -3.350000053863562
42.979999971100014 46.088651874264094 -3.3499998881974236
42.979999996541096 43.25002504897285 -3.3499998585647406
41.750049117212974 41.12005425953784 -3.349999964903192
41.750054093900296 39.70054432036109 -3.349999957018194
42.979999984966845 38.999489825698795 -3.349999933986884
42.979999996741924 41.829977371537424 -3.349999951018555
44.20995096771127 41.1200542736595 -3.35000007988031
44.20994597256826 39.70054434308556 -3.3500001960015
45.43900535690807 38.99891820137636 -3.349999998493237
45.43904403685473 41.83052891961454 -3.349999816794058
46.66095546366978 41.119536550134036 -3.349999871553929
46.66099465592452 39.701081766301954 -3.350000013703437
47.89005406014454 38.999455713260716 -3.349999859668329
47.89004922660435 41.83000861592448 -3.3499999025194036
45.43904431364376 43.24947361473208 -3.349999854728699
46.66095562846914 43.960520167559615 -3.3499999315351214
41.75005003864455 45.37993511559883 -3.3499998597262337
41.75004907823846 43.96000027673428 -3.3499998582724047
41.750049268674644 49.62998831366586 -3.3499999476586053
41.750050057066716 48.210063723062156 -3.3499999004463064
44.20995090694828 43.96000025981517 -3.349999861001196
45.43904022527376 47.50080365923126 -3.349999982035008
44.20994994054715 48.21006370562065 -3.3499999720330687
44.20995075621549 49.62998833213211 -3.3500002393213246
47.890049225637384 50.33974808944902 -3.349999922133482
42.97999997081298 50.33971692764587 -3.35000000179583
47.89004964172263 47.501317009039425 -3.349999895394642
46.6609602346879 48.21058577290193 -3.349999901638847
45.43904351000125 50.34026692821048 -3.349999913887994
47.8900491103049 43.2499937908184 -3.3499999028459393
46.66096023804976 45.37941301706346 -3.350000178941367
49.119999997650396 48.21003203549474 -3.349999988593858
28.222959202009775 49.74232166276539 5.212929982159341
27.926061314748477 40.477076831023886 -0.6019094950932891
27.349900409824812 45.1692801618616 -0.46040279085719615
26.241323427554338 39.447912730679676 0.3809166826439936
27.431332089242492 46.12696312453673 1.3587318741099164
27.205724713383077 42.97224186156409 1.5551361449120316
28.139727330490036 45.35365724567144 0.5853569327386698
28.514664450975125 43.7473277392839 1.398719302777447
27.165913196815143 41.47103288813742 1.7995912958424687
26.053527629657232 41.03714812633134 2.6191355346747547
28.45932565566468 40.96134639359775 2.098323372994563
26.05802304516653 41.33721483467986 -0.5235745235125688
26.83065135155777 40.649183469090595 0.18913720869627837
25.149182317020948 43.6274896913026 5.766000205245855
29.226603280613773 46.0232400177911 0.27004269576818785
29.171768459548325 44.122985488344604 2.630893823446879
29.38006914571507 39.46541494014998 4.361788007976268
29.354944398641244 43.12555977278132 0.3646060446505017
29.45137117925484 41.88489556336442 5.227039335623168
30.21914214048998 39.973797603663634 4.601795459402568
30.27317316822716 41.203411908655674 5.063878313085186
29.397988430468224 47.53232167652485 2.917405791125638
30.07397007091735 48.38340775615797 2.8349357502303585
30.67170348671617 41.07150522087843 1.0338611753525206
30.947076585190963 44.36373492607935 5.026775530066535
30.974205178086123 48.318527439558274 3.9278016580936037
30.816951142440814 48.38098509341672 1.4809984443065805
29.480451448882704 49.29167204999235 2.939298667347642
31.533903577472845 41.52886880434983 5.316165822544177
31.35946941077098 49.27491696915581 4.732514909101705
31.522726531180876 39.48576125676292 4.571304025492637
27.246032819030543 43.98625205968804 5.136269556641501
25.06454602734402 49.59859100968732 2.4303627031091226
31.111360611820466 50.31991582698859 4.619292071340148
31.77513272951514 47.20909734682623 4.271730881610017
31.63554888932532 46.2876299475859 3.726007340238302
30.22516884596129 48.924097872558015 0.7441658834920994
31.812446116701253 48.82432098182716 1.5043017967420802
31.119223480491538 47.40765120142974 1.0945368442223224
32.32611851918867 40.44920026392414 4.93229558562367
32.22369380751767 48.82695707154268 5.637353377133413
25.829894395018886 49.48171800664757 -0.5795935447415779
31.9901271360448 44.70038832451862 0.1932071020423609
32.48352598814325 47.5263592938986 5.362718239838623
30.351560758568667 38.74043979200824 1.1528881817025993
32.06275457127887 42.699785196607685 6.0616132401608
25.411702343896025 40.1212542499952 4.123351658291221
26.243437757520212 49.183806638997844 5.386750267101943
26.446840242378386 43.60756104945701 6.105490202083329
31.71219716090346 38.45313990074242 4.317938646069164
27.02422977427315 50.27370779073964 5.458450179084931
27.10844393907791 41.16686016644199 5.632463720984645
27.581498559123514 49.29404185461249 0.5549946898483327
26.590934275696732 50.09258155642696 0.30977602462542997
25.534379096263844 38.369848047859215 5.426916753943934
26.58360040153334 38.338746525025684 5.681017811902679
25.712691358496105 50.71985104807413 1.8498750627568006
24.96225119885615 39.364096067986665 4.618129543434057
24.676071973986822 47.9315165197366 2.251121820733737
32.58773915815839 40.34390812524243 -0.302656996887698
25.02445356375792 45.98445689179372 4.087743882572619
31.264212860202115 44.0412489068881 6.018505004512496
24.661880062937108 45.90722425398466 3.073359549034511
32.65509639921485 43.82863525919873 3.0121509498972134
40.793241675444605 38.439619646735665 4.591029018719587
32.99383707983792 42.916754350858774 5.538058325419567
36.89040561021049 49.7151272707397 -0.5895056599960002
32.91939474414502 41.98168773268534 1.4231554476508113
34.50813067502947 48.982158908442905 -0.3014322262972202
33.31585392405442 44.65204999171545 0.599259754686875
33.655613256052085 45.84692626812223 1.1011855760677136
33.39713096137842 40.38951019129385 5.057872032058141
39.31183863244297 38.92038353658743 2.2253978107695715
36.370149826338974 46.042078777401855 6.111460725503269
36.977557231688024 49.94974315830331 1.1540404862026465
33.55622093636634 39.181000252255664 2.421181109100363
33.481073249830125 43.372001360863905 1.9336492964514385
34.14599624127365 44.46016140801944 -0.4373674722580545
34.96201738189841 38.65591989128595 0.8758397328098422
34.45354092804142 39.688022232421304 1.5811787853230408
34.79471861130703 41.494000658129146 -0.24543510449752226
34.86362663393945 43.20627751643692 2.231838933453224
35.15026985954927 47.219278889836765 4.293294895600188
36.20984446809954 43.61133507795171 5.563268396341518
36.3837766826444 46.659191480954966 4.695767721579863
33.63717214313553 40.94069861209467 0.4794143265486994
35.44354388977059 40.185720086753186 2.3038086811095546
35.631954964138714 47.9331423375146 0.5240380120403787
37.493622179335595 48.10157059971143 4.794434298206548
37.009755871670485 43.25725105973276 3.2610923685767643
37.024341575277965 45.72828110403904 3.7383770399516756
37.507493078883535 48.754091127987174 3.6321587698697257
38.023253185328464 41.151212468575835 0.5676153122269123
38.81426188615215 44.14186598919588 1.7737406434113012
39.474933567261075 43.27363608370634 4.298251326101457
39.06087963114617 40.41421848192393 0.1414273946174971
35.256703492974694 48.955960559284875 0.4904341656701372
34.77090052746086 48.99705937934028 1.465322039042155
38.68209819651225 40.62050135666289 4.413121189807025
38.47702854764792 40.011867955812974 5.293809456146688
40.13293351748011 44.77350713382279 1.6161333334686045
39.111036180250935 47.204518143660636 1.4052573487060005
36.316636573344425 50.009317236767735 0.289323877771146
38.58998443820734 38.94367775514209 5.108578081975429
40.713740891312604 43.99113314324087 4.172816071041798
39.76271430941765 41.138408848384856 -0.6510095819663442
39.273943456989706 46.280697752407704 -0.41738500851535854
39.86869974852085 46.34537560759149 0.7282964464430652
40.57359299640359 45.092471755404624 3.0453866816468675
40.096243768580926 39.88117344682989 1.5001652058971404
40.89393600744985 44.894304080051256 5.694277004331915
38.7626780289142 47.79481445475421 4.990962785344676
40.44535723236825 41.10217104061099 2.1902217136226376
37.161293249343174 48.96407240071853 5.730988628476895
38.525236246107255 39.40346910322983 -0.5738981436836421
37.44771629758494 40.09082147702368 5.643641749475865
40.65775450456662 50.37274553424132 4.4304016988800825
33.09070839682142 46.96499924080157 6.057415593591344
39.75949363728248 45.517296783834716 6.0632215384538855
43.83253286824982 49.40931571595488 -0.7610743073156201
43.05605399926273 49.517937285309124 -0.0038544444500876462
48.93882268494604 38.353778777539375 2.6912022454202966
47.96299371012342 38.62337207417297 4.54764819142508
43.60652175389068 38.692935224154795 4.5473860281045635
41.8355622565341 49.91687554731016 2.6911409209808923
44.32697519350565 39.000585026758316 -0.39007471925639803
41.62851570861631 50.65276003317128 1.9282479072254033
43.29244301830294 47.20952110799697 3.462325671834635
41.463838987329986 48.15755727101781 5.166266149781245
45.492185836784756 44.31068998071562 5.3615716653481
47.775678265927944 41.872611094505615 0.346760923354017
43.068486921937094 50.57919227958608 0.24450670285701692
44.85914878312067 46.239926476385335 -0.48645215465442426
46.74825708231515 45.23648555598657 -0.36446670213254984
46.085136974235766 40.59685675996792 0.6095905492125864
47.13372260253967 40.46276689350275 0.34390636030172117
41.02427747415495 40.10904515910412 5.903042586970912
44.12580548832354 40.51613724304728 6.099695213683814
42.571001623336194 38.704523358901035 1.5795054464394476
47.82687828342042 47.36128814810499 5.522631629049482
47.72691974225767 47.196870933897884 3.374849199624558
46.56035524792729 45.02478258898725 5.810557859485666
43.16860683814826 40.24358998223004 5.927681450841273
47.17201749802896 40.05542651705794 -0.666394248043638
42.06777276070396 49.36719719621418 -0.43822481522402534
41.376431893860136 49.75832317014864 3.908493691066975
44.9449634793267 43.270697579501544 0.6905258050619445
43.28970381926911 39.76144892430914 2.2166601273161524
47.39303332311591 50.52842588266618 5.20369021688847
42.81176319348909 39.240251902566825 5.032363640086492
41.30922645671329 39.19164717054978 0.8202160744795262
44.52104861430744 48.938052942349465 1.3627311179892632
48.003581498414746 38.87320986194445 3.4977273796100183
43.4681277882611 48.72051269379402 1.1834716010313073
46.07261627955609 44.30298289464914 2.556027321357143
47.24136586979685 42.74956219140294 4.184587304919532
45.97051422316514 43.31797855207543 3.816491913271949
48.012603950310925 49.72689362085164 4.171798879617188
44.90218523840632 42.38392271997132 3.691535103929909
41.01502025692379 46.89876762904998 0.5221499413284292
47.588741218150204 42.38119415352898 1.2925398680324607
46.33533874656114 46.77076784241193 0.952143003744006
41.069124040265216 44.00482966016575 0.8325374343456993
47.39473556932264 42.577494270131695 -0.3922400039972229
45.775891123169764 45.70768529036758 0.3714312519997043
47.38709894169025 47.99754672725828 4.405057074486798
48.773082524933244 38.8456934974125 1.454243149098139
41.81549118049528 48.52362025615209 4.293088833383938
43.827987087227555 45.12489205983283 1.9747343753249036
41.77466512668629 45.85791484660561 5.622096738050707
42.650804340986554 48.073453584765154 3.3711089886826153
43.37467860777176 47.64903132990012 1.0065678487344099
41.45598864072005 39.139667297148605 5.077957912051003
41.93585100441151 43.23792413195391 4.030160360657947
45.00948727455355 44.45576820426561 1.4852583192791158
42.71915877676899 48.90796150023678 2.404117098887922
46.077893994535195 47.91218948558276 4.4115111305987496
42.67683465346623 42.26146553944597 1.9189352391487835
47.72743687815575 39.643734189749956 1.4890061419783696
47.23791421504129 39.67018661149903 2.76326287561686
44.55821474929631 45.21654335148859 5.113923474234134
48.86322223329425 41.83374342629989 0.4087078641135722
46.386838289033044 40.25416222888861 3.081134306189177
47.57344170566869 50.0659543099151 2.6994385490089368
46.66464970107748 49.94146184374556 -0.0804830381781374
27.99658322507268 42.27067667763626 7.612664198825857
26.151984711182962 45.05970701984181 10.163370710418043
26.261045944147565 46.28591156505837 10.801886724390217
26.181593650118547 48.92903801487568 9.661638086597176
27.24593965744002 44.36939234116545 10.449103749288135
27.450793745388996 46.36462262463974 11.369776155939903
27.506979404478415 43.36103099248934 10.163681884435578
27.933615519873754 47.1343189498973 11.953600359710173
28.049144349906168 45.21174492097357 11.211573064430777
27.965733020492063 47.27158600640589 8.153038624224884
26.878278760235943 41.97231073254424 6.77035005415184
25.56320756467784 41.61415532928916 7.5292432867019174
26.033220199301383 40.941065487532214 9.90487716852099
25.436549102196683 40.51543572835475 8.649971271335819
26.77831130869179 40.93639458183782 12.278402349956195
29.000243843096893 45.034742108363716 11.50171054604916
29.213669771500612 47.34361823029502 7.799566795655997
29.718837481958246 46.08967789910597 7.984796082315034
29.698250708907235 48.44488803082733 10.181236350597548
30.182220603977257 48.57428886074091 8.82502024394446
30.89918664628287 45.16276661051222 11.93322004348105
29.413011147840482 38.97939217385171 9.356613962775848
28.83584898929363 38.73306529160516 8.465374988211735
28.696977093645295 39.69033422325719 7.962930176354867
29.352703774747923 42.68114322137714 12.422218033582288
30.812157798217264 43.50919225346801 9.386408882726286
31.66982552364801 48.157287263446385 8.76317485642186
30.044426301746633 49.818672914821185 8.095652200051338
25.31826326437584 48.26396016445768 9.64085111859572
25.21916033068594 47.2739619966435 10.820074458494464
25.285288790346083 44.76956845774915 9.587994489513342
32.02937926510874 44.26945043633254 11.74680858805957
25.205929177729644 47.72438509956655 8.700457689102928
31.99992354741834 43.94358306363774 9.89588892218105
31.875614508756016 42.868066159521526 12.467696485026444
30.99436563022613 49.10218093994118 11.999557827454199
25.853065529066576 39.238055527997034 8.07901074165817
32.185152419205 45.010780835991476 9.150028708116428
26.53009215020371 44.53280073061241 6.99327182859352
29.215302192371297 47.51897262994007 6.501345860238601
32.31294082889905 42.424521167979584 7.086179758967424
25.59211017279276 43.0334077590331 12.562525722112621
32.55106022329822 49.906749341520424 10.292532504896666
30.558589286183132 42.235309330430454 13.016589516321744
30.733350606987983 40.82379711006155 13.113259387300054
27.90930444163606 38.322183828460815 8.866363298134248
27.060931277540934 50.67605975755815 6.7372279616104835
30.967736490672994 48.64011797416874 12.8972708687293
27.44742220231622 38.67011096970208 11.471392416302612
25.299525695264613 47.814384816279784 11.763252376641784
30.357876816889128 43.939488447091556 6.61541352797522
32.59017364923845 49.25619370782333 6.474938259737869
32.69394493855083 39.77538568408694 10.144060734099376
32.66590126808184 47.301386247343515 12.77627511123739
31.893283007000573 44.829260145276706 6.432520751222816
35.75294031210042 44.621376358890146 6.4740498118391265
39.56847104206889 40.204191830020754 6.344995280836784
32.93504802563259 43.08696943057744 9.538008407129356
32.83585475247117 49.1364212626884 9.115540317023854
33.326523038663794 44.80941819122641 11.958165583644757
33.194208392949584 49.91856005290584 7.970000004260104
38.9087543774874 50.5852504595263 8.143740723354174
40.67212673583844 38.519819103241346 12.087784860009574
38.72581714644036 50.209024107271915 9.139425262430164
36.401275145343455 39.84855442296223 11.44531254999712
34.27267172053266 48.11696593677555 9.51911753830647
34.113706338766214 47.484371081774256 10.709866342297618
34.39742623957299 47.124558381266354 8.663241247958872
35.402423496455405 48.785896818206176 9.555697871695552
35.644043196728965 44.03749621359046 11.649004504906431
35.818017590439176 42.95825256645947 8.555455474568765
36.365840514195106 44.88289741582393 9.130400455730603
36.43546687487984 44.027503549639825 8.14966246550017
34.64867674787149 41.64601771053043 11.600696052351987
34.88167599476861 40.24236223563818 11.691179322507315
34.474517774851456 40.00731618486814 9.065363934123024
34.01491402185832 39.522408614110915 10.184114047792077
37.42793817788578 47.59175542327316 8.293785673184363
37.645795251988034 40.813040346549926 11.361244647164975
37.7024449972256 43.66784530640453 8.07156435029887
37.556757181174085 40.37595935636444 8.767300018853202
38.40964466716785 40.37763140746962 9.753064701950368
38.38893547779803 48.96552445843996 9.50505876039811
38.45092466705618 47.79723442586958 8.609026887094167
38.03570606666108 48.04056218748584 11.514629125171966
38.18014746250089 48.91018765753006 10.890699461673309
34.205813119504874 39.58606199100517 12.79646358661901
38.96310990000884 39.16351641819352 9.799200642604946
39.027247594311355 46.538276402630224 9.30785579783059
39.39075056889334 41.19546203609149 9.367801949338935
39.02734470842617 48.05717518174159 7.721180763119487
39.09351362995523 45.70112252054093 8.612958546174275
38.4505735634926 46.1998901835118 10.168693662285659
39.355483992379085 39.46192330500055 7.114263734412995
38.68857283537526 40.449221419255494 12.252998723384
40.081301111357206 46.63423629741827 9.568360849234718
37.355478455946724 42.19387679350856 11.229521918470528
38.38772085517847 50.146310533412276 11.32500626415089
37.0563711449177 45.86416120614577 12.711617717106256
39.871670644425706 45.10584842525893 12.592247043158231
38.40367840442459 50.65765764214648 12.276147416113153
34.36236931338823 44.67501304585296 6.688249835248373
39.58370970347503 41.183941812900045 6.8224444974432625
38.560322159529306 50.946072848062144 10.196840472534449
48.974354037174145 42.945077768030316 12.143672658153042
48.7068192187583 44.285909905014385 10.501078465741324
41.19841481398774 44.147321289649675 6.775342703643749
41.4572499692463 49.43351549272411 12.764035281028628
42.058017499562666 40.81801729879987 6.342993237297435
41.25734089153572 43.578355911753995 9.923342322918023
48.74680531128742 46.67744026986112 12.107413902861452
48.42154244127484 50.8749297162243 8.468055987445503
46.730268981866644 46.78526185456565 9.77779603588029
41.33584703323346 48.40273779569023 7.001027268702869
43.00641090970054 44.276526675545504 10.91351647509304
41.6338409566984 48.66941161734483 9.430964411769217
47.37574631617165 47.17793663411137 8.99213355842464
47.22160552525632 48.719416822551636 8.951886023095788
47.081603564946434 38.52399656881142 7.261209324983459
46.1278139379349 40.00903907138906 9.052025028149819
45.91151503922067 40.608963828265445 6.625911463042663
42.468886890863956 41.75030133162446 11.463572402432396
44.26388773962393 47.13823203421448 9.176140054778674
42.22914840978772 48.61742769684357 8.1006223132588
42.6898005607671 45.996018665922655 8.408962877036899
43.38501628747624 47.116993026336544 8.19302014844093
42.44818273535014 43.208936021033175 10.337196798004522
44.10689247916801 46.959120259490945 7.109007993791236
42.40938838578565 40.61301134739594 10.578139097520635
46.27594533893385 48.91259583124505 8.445419160706988
46.66438147966686 39.99999158274938 7.696488784501032
47.09848951037222 48.98761034306716 10.001178490665701
43.16528095782851 49.813096688101886 7.902108470890502
43.6352898840484 49.33575547235141 11.637241085076118
43.2041917178991 43.02713442467408 9.294607582776994
44.45162031118923 39.36797103003963 12.466109588316707
48.27360116062696 49.55994927385903 8.372405634689406
47.93808427193486 42.30965536482151 8.077742936085746
48.243160788698454 41.01238474626163 7.8215542868225585
41.94707453204542 41.735743569291564 6.901446592920655
43.460608709607826 49.11266554296086 12.689770120889229
41.833987775574954 47.71967363103484 12.332284333116514
47.04592615995365 46.783329389509 8.031090486027715
43.89676254465592 38.85749687127867 9.987322763533397
43.86186690343087 41.74230747359748 12.26723834547026
41.34614823109605 41.94802094644431 12.400715602553788
42.078681335294654 48.56373109797892 12.977103729736259
44.16532192886598 46.3712522397852 11.95984521472025
49.031699142724875 40.98305265982056 6.725844280595799
46.79197788282121 41.11016787316767 13.119699091605353
47.102236288526726 44.003837548997744 11.898189052661657
48.409456000177364 46.87413592104094 9.157207529437617
48.41907277529469 44.11560116759541 11.803832592983095
48.94686161229248 40.61725658494686 8.851834618531619
47.091398303468715 50.025016491951064 12.445165499809027
48.165439340761246 50.48707177966923 13.079643396335458
47.54550294335225 38.321077300548296 12.268297557198611
44.18169614590731 40.55186747154756 13.215515827194649
44.655127730388756 46.78692350554293 12.828008606917514
45.03278417086403 43.60835209867406 6.401274308477668
43.59654897743232 50.03586775367058 13.25307991341323
44.49331452740506 48.14331738125874 13.1709800684504
31.894958574837684 47.72946918451485 13.399807277692657
26.054261060454113 50.621489680201186 13.436668788864308
29.354903920571953 49.66498408061251 13.830397357404316
31.729230005622558 38.61023227607863 13.443342412602743
28.34351135412387 38.77608999267716 14.782462902551295
27.85991518318763 39.148114382800856 17.348611830876273
30.136006223583994 48.920473353764024 13.874927904868063
26.84030863715891 48.47064420525041 14.210692045141007
26.36007059657379 50.220678462293506 15.884266140982877
27.675048709915547 40.04556820928014 14.490268088126372
25.257711602585463 44.48239743437278 14.650376466922232
26.291252077861728 45.23265774729801 14.266766508486816
25.730414038260168 43.598368604584785 15.50306686214299
28.901706095180717 48.89855418033483 16.10500583781524
28.05731227053365 47.02410200258608 16.98254956761649
29.645826689060115 48.105774975381195 16.181723986090983
28.890381737242816 46.758118213136065 16.33189767352067
29.485646681372035 42.45937527287673 15.533280351964825
30.444013783991803 48.19728165118691 14.95322697222957
30.599863793030543 42.857275277762696 14.828608347176376
30.673749587332406 44.172185558134224 14.875288202019124
28.423380235394493 46.3373386368619 15.441417945810192
29.464198687916795 45.96644239549887 16.81364813475621
26.05810618358164 49.64518104502547 14.469022218356733
30.27231953372958 48.319487152899306 17.047711180686683
31.6678041131574 42.43643431895565 15.548112684492331
31.54459710934493 47.37368337858332 14.637114457974542
31.98702382331716 46.66958425014624 15.326246535205348
29.753572374904447 38.82280147460933 14.965435644424947
28.424264954051495 50.518780052402875 18.11693378733064
39.06440920219057 43.64048707051733 13.85261934272504
39.301543492591804 44.99422621296868 13.758483330148382
38.542267067871386 50.93573373491786 19.005253092450893
33.24338698185843 50.396569382098996 13.548017134017783
36.22478093477293 50.63985858332626 13.959451624614866
32.86784359824523 49.71280726951236 16.979763000475344
39.55637571973158 38.72663855310702 17.570275642643708
38.25830043857265 47.35917945242731 14.20097865834964
36.954453231517924 38.63931640248895 17.340093090364455
36.17240170640154 47.38705794688428 18.62561064526244
37.77670776486217 46.029607878515385 13.963286598451678
35.02549032475448 47.28127919916312 17.419857018382167
34.80667890628635 43.100352417920234 17.286019142341274
34.94980316082275 48.6083769463587 18.627299737464988
37.987205399586564 48.80612589977762 19.23669001387693
36.91242821900183 40.34120548444215 17.792199974485765
35.76082653612075 39.69428617813551 16.099432563843084
36.182133577270186 44.70229533016592 17.78193825292421
34.569468231713266 45.095641610070544 15.131314815608421
35.898014678401765 43.714913260470404 16.886343028629064
35.807184605444625 44.43058190869679 15.15885831988793
36.89246443600961 42.808633508850775 16.91984110298085
35.9973269550129 43.344882852052834 14.273109073044669
37.008137414030244 45.486965791850146 15.18472182188176
34.84327247247883 39.66528901460316 16.687100586607578
37.04132217366407 39.65529285330864 16.95493644906351
36.28204198340579 48.97328380866871 16.946942919202613
36.84262883549565 48.38595614650816 16.219695644248947
35.5962598067503 48.033827958991566 17.963909003392306
38.32729353543784 39.8547177082271 16.283700881916904
37.80630955053162 41.26579210741218 14.742684231526148
38.569718886929856 40.741427772791795 15.298245415956465
35.49718312535366 49.50663215738905 16.410625744108504
35.81842338732819 40.59801494861267 15.492755621669836
37.14691756785757 49.94887144934508 17.659941040974104
39.57057454358059 39.42659222250505 16.747923373803026
37.96005700784329 49.754951487018296 18.721526962252167
35.8188341884684 38.8146378141755 15.45837572695841
40.28323969533779 45.29205548490573 14.621714833408971
39.89028357753889 40.71385823354903 15.007317718828622
40.30952909624109 49.30573141867177 16.452441476646946
40.49002167368605 39.898469436107604 15.98657958565068
40.265893697121385 41.19314843146743 14.201527458124282
45.04093282040849 50.81344171293421 18.258310909325303
48.61651862687399 38.4619760339043 14.415147865227858
45.310172437699435 49.18026589228591 20.401679883227292
48.82616299211218 39.724292722170034 15.514016658981888
48.88367871885809 44.86670705439301 16.953505392530673
41.03354476449889 48.510970189508505 18.318915551501316
47.55702995678016 44.43296731143762 16.996856225540988
48.48121752491977 47.24858577698761 15.93914077714447
45.69559696107155 42.11726629183349 14.674319187919755
45.20535111081268 48.3171016489473 14.249405110738406
41.558837171409195 39.743579545815045 15.993102899214568
48.348968496656205 49.561104667667486 14.002659906403384
45.807303198487546 41.00355778070254 14.01383779202995
41.78998019714356 48.221322493737624 13.970838100942016
45.86560325442628 45.258706464802174 13.704162801286662
48.54169952180048 45.4652856114355 14.254572069176012
42.575233950052755 50.42815864610003 17.26547449888786
45.29971767649998 49.239145466648765 14.803778765879517
42.75131642597589 51.00363245486178 15.925824424833262
41.41049833121458 48.99070222406094 17.105380038816634
43.909960321700524 49.88568992738681 17.812718698509844
41.979758374218186 47.96450128921879 16.46818402390723
45.52469720187359 46.283038512972865 13.6737174666175
45.27802313365406 50.48904915360355 20.03248922959445
43.24919791809479 40.51419821109703 14.345540065400424
41.42781179755671 38.69356011217687 19.783104933015483
46.25030584879335 40.07131534494299 14.805594464764603
46.68485653555961 47.25831569482151 15.190139599662833
46.23852889461012 50.32402240724813 17.670980939997907
45.952348597300926 47.25786843316992 14.49477500444548
43.449266982900106 38.295267709536525 19.286505765760914
46.45497855577951 50.94857448611842 20.481790103498835
44.309430844148494 50.96999160454675 20.77794460581322
  
  
