  
  
1.2299506559969005 0.7102494478159187 -3.34999989612887
1.2299459268715625 3.540544400501769 -3.349999895723178
2.459005324094908 2.8389194254266528 -3.3499999159096983
2.459043621864188 1.4204752314539508 -3.349999911795325
3.6809567782161388 0.7097304957680337 -3.3499999107614187
3.680994683186392 3.5410818482657045 -3.349999908348027
4.910054056558095 2.8394568128864894 -3.3499999401659366
4.910049286253887 1.4199571622785325 -3.3499999103446476
6.140000012521556 0.7102807036810526 -3.349999910180993
6.14000001352438 3.540510233353273 -3.3499999660007407
1.2299509027624933 4.960054261808413 -3.34999991198059
1.229950908651286 7.80000029481958 -3.3499999303092878
2.459044332759592 7.089473669935921 -3.3500000688096043
2.459044042762185 5.6705289324784225 -3.3500000209625047
3.680955483910583 4.959536579613908 -3.3499998901367247
3.680955648417947 7.800520197847942 -3.349999971175972
4.910049114880523 7.089993814960889 -3.349999865395147
4.910049233150467 5.670008666368851 -3.349999872499846
6.140000006460103 4.960085208983752 -3.3499998775978836
6.139999989955887 7.7999690864053735 -3.3499998715561183
7.369945959730957 2.839456809565727 -3.349999896928458
7.3699507396359 1.4199571605711523 -3.349999890823674
7.3699507627128895 7.0899938540024445 -3.3500004868970947
7.369950746032866 5.670008606757816 -3.350000009247731
1.229949974958258 9.219935117408555 -3.349999966424514
1.2299499473771325 12.050064873469713 -3.3499998544781304
2.459040206823211 11.340803684420639 -3.3499998520432794
2.4590402169374115 9.929196350013298 -3.3499999572842762
3.680960251903459 9.219413039364852 -3.3500000185931835
3.6809601551554305 12.050586856374474 -3.3500001791165914
4.910049647931399 11.341317031721136 -3.3499999254782953
4.91004964072165 9.928682950866598 -3.349999877841563
6.140000009133763 9.219966834047447 -3.3499998942520604
6.1399999943685595 12.050033140988717 -3.3500000349576666
7.369950363173156 11.341316996307297 -3.350000289606352
7.3699503885635185 9.928682936812844 -3.34999994971147
2.7953218335663052e-08 9.928651959609011 -3.3500002439798857
7.427801281169704e-10 11.341348141037678 -3.349999862981321
4.639582535084496e-09 2.8394909831915593 -3.349999963646896
6.456971235283742e-09 7.090025060918272 -3.3499999048502795
8.599043240252136 0.7097304974703698 -3.3499998704648357
8.599005329560255 3.5410818398984505 -3.349999871460334
9.8209946809839 2.838919410373924 -3.349999871711997
9.82095637899814 1.4204752348495502 -3.349999911962679
11.050049344238 0.7102494635245357 -3.3500000513609542
11.050054063067174 3.5405443931170995 -3.3499998691385557
12.280000000317683 2.839490965831402 -3.3499998766517027
12.280000004007627 1.4199261329496156 -3.349999920308122
13.509950632019823 0.7102494833616556 -3.350000017003935
13.509945926055835 3.540544374165858 -3.349999909173982
8.599044534716828 4.959536566036818 -3.349999877062962
8.599044431622731 7.800520316992339 -3.350000202102038
9.82095571613783 7.089473642659385 -3.3499999060190766
9.82095598772363 5.6705289580823 -3.3499998401094944
11.050049085848258 4.960054275112502 -3.349999842713304
11.050049089589436 7.800000282442604 -3.3499998947313605
12.279999974479903 7.090025050604495 -3.3499998601692207
12.279999982025645 5.669977369456882 -3.3499998561723743
13.509950867704424 4.960054260510773 -3.350000081189868
13.509950891883223 7.800000249008234 -3.3499999902698505
14.739005293196799 2.838919381633988 -3.3500000451461354
14.739043617180428 1.4204752293169747 -3.349999877165617
15.960956756089477 0.7097304931610281 -3.3499999774508282
15.960994729749379 3.5410818339369077 -3.350000183799745
14.739044313245223 7.089473627075894 -3.3499998929698505
14.739044041053061 5.6705289647653 -3.3500000340310576
15.960955490890568 4.959536567010079 -3.350000039797699
15.960955649882141 7.800520198935308 -3.3499998925659327
8.599039743998445 9.219412999172391 -3.3499999900375332
8.599039776156348 12.050587027386463 -3.350000273815424
9.820959756892801 11.34080377367823 -3.350001005390343
9.820959821017716 9.929196232851616 -3.350000351374213
11.050050055804835 9.219935109896436 -3.3499998419340993
11.05005010520163 12.050064928155892 -3.3499999982363837
12.279999990689435 11.341348138803603 -3.349999861058308
12.279999973804257 9.928651894461536 -3.3499999067795203
13.50994993045744 9.219935147114567 -3.3499999992165375
13.50994992790877 12.050064888878282 -3.3499998347402404
14.739040209692392 11.340803706077782 -3.34999985627082
14.7390402118409 9.929196338355252 -3.3499998931938446
15.960960254154623 9.219413026299742 -3.3499998960513366
15.960960238023063 12.050586967806995 -3.349999900095122
17.190054079806266 2.8394568036895373 -3.3499998684548524
17.190049302064445 1.419957177371469 -3.349999925853091
18.41999997774635 0.7102807173295432 -3.349999961883668
18.420000019041744 3.5405102097956145 -3.3499998370791753
19.649945950937102 2.8394568145580683 -3.3499998417485513
19.64995064739215 1.4199572280977735 -3.350000221011954
20.879043091351065 0.7097302234439041 -3.3500014888447183
20.879005318267136 3.541081841208564 -3.349999844473511
17.1900490569977 7.089993780132455 -3.35000017283813
17.190049258538984 5.670008647294927 -3.349999933179312
18.420000018057966 4.960085198064638 -3.349999843920245
18.42000006594866 7.799969121967373 -3.3500005531458577
19.649950917238968 7.089993798766184 -3.3500000424384826
19.64995077725778 5.670008656431012 -3.34999988361951
20.8790445229249 4.9595365596336904 -3.3499998399784916
20.87904434619694 7.800520223719938 -3.350000021103247
22.100994717272076 2.838919503058572 -3.3500000357832063
22.100956730397055 1.4204752336551874 -3.35000163532595
23.33004937400557 0.7102495070167097 -3.3500002698639886
23.330054051414088 3.54054437238133 -3.349999860129472
22.100955691782122 7.089473630420966 -3.3499999102409173
22.100955966155514 5.670528946085617 -3.3499998335016667
23.330049062037954 4.960054264660511 -3.3499998995608236
23.33004909165566 7.80000027674551 -3.3499998350907836
17.190049657916894 11.341317072183521 -3.34999984725598
17.190049666083972 9.928682952536235 -3.3499998613537962
18.420000004031525 9.219966878892455 -3.3500000601691826
18.420000010094643 12.050033156426242 -3.3499998250114613
19.649950309991244 11.341317064046573 -3.3500000248256487
19.64995035994551 9.928682948096792 -3.350000026769857
20.879039767502032 9.219413013572234 -3.3499999261910265
20.879039763831756 12.050587005033359 -3.350000083578327
22.10095979717666 11.340803671889136 -3.3499999270242853
22.100959777306105 9.92919630286006 -3.3499998560324817
23.330050038627938 9.21993511288921 -3.3499999366404443
23.330050050698905 12.050064851045846 -3.349999853282136
24.559999976682736 1.4199261852746794 -3.350000034370918
24.55999999082513 2.8394909540887636 -3.349999837526144
24.559999999093822 5.669977383485479 -3.3499999152521163
18.0000353123866 7.338317492268264 -0.8533478794717508
24.559999997919803 7.090025066230997 -3.34999982305206
1.0911650557897201 6.8904890170870345 -0.40969243532138044
0.87139196202544 11.888887471135636 6.162281083576193
4.31782811416476 9.24767555493972 1.8307304806445668
1.4181209953414102 4.534516025276864 0.5441338312428301
2.562622454098902 9.095419864767742 2.0531298720263536
5.939523011473875 3.0886070470093414 -0.15004652258233664
3.2809761686718306 10.399328007044893 1.0876486997929946
2.6340511287692823 9.057024954888828 -0.6428654133953238
4.35937815981806 8.76538928985081 -0.4409038859799497
3.9794014889081457 0.9186359253607896 1.459055963946958
2.0470126021597728 6.460176085843789 -0.14971888025557822
3.2297990567582833 7.137489980932301 0.13570927124787358
2.2042606425168163 5.262165930539364 0.40661993902748605
3.5580261328738807 5.134863324427983 0.7588098056446102
4.1496241545971335 6.307970199838772 0.5491601375182209
4.030284711279974 4.299873720791361 1.074822775227381
5.1788418956583895 6.499791387983086 0.8143307868810912
1.9017467146341593 1.4225818947014075 2.8310374776885396
2.7490669930729146 0.3645285581271556 2.294710682545109
5.019196078824855 1.868495245389293 2.1145529972242336
5.663950220704171 1.2140529302405174 3.254061949418773
4.473134434079074 3.1839949046336278 2.3732312178492854
3.380107206282373 8.603150999747808 0.009437248386267028
6.350313548928354 2.2241781247288275 0.8333504823741633
7.291195844416886 7.498422755439261 5.230448669263784
6.766076546788989 10.090094121507256 -0.19546026916593018
3.349207850834943 9.341057240562233 1.3396554901201574
7.289230230108315 5.510274491105272 0.6160188100973563
5.131110039156461 7.573498837105476 4.340561517879035
7.24533895546034 11.248567194587041 2.146430040998124
1.3485124902672578 11.669103106347116 4.857902849407964
5.894064414981717 7.363061892046845 5.538860466410236
5.906744983499621 11.798504188435892 2.293837116486478
2.016754265093583 4.881653822929195 4.228959299832659
2.7809710781869157 5.506317055079877 3.7665001027205216
7.6708202192808255 2.529050733395391 5.344720616682386
6.617600174109464 1.0618373683624593 0.1365640794671863
7.547294129952388 2.5833424517341466 1.3023762126861749
5.194894852513845 10.517472934685316 5.844295146426863
7.366988177779062 9.918195884914207 2.6598965232291825
0.7488375631016007 0.457473616868414 0.4058285143405871
1.5680741733247823 4.3836064042618155 3.3694623863362425
1.469300050424398 5.927093312631582 6.1934018345415565
7.386330003195559 12.028281619155832 -0.5061830181985305
7.662167177641212 3.783390252247578 3.546778663650917
7.52762613751523 7.497665529765651 1.3114925362233454
0.14268081793036588 1.0496148683236575 5.773100619829633
5.637182467054713 4.8351328391118376 4.928898691064876
2.5489985878265924 4.200142578719653 4.8925543608705855
5.627446316677098 5.548821002398002 6.018920261120762
1.1547412090103102 5.8189629311361575 5.155393859356575
8.127867554125373 6.5269869403598095 0.6132565242627885
1.0881414674161527 6.8167634765560905 4.7217366831770535
7.557966295252805 11.00516907473594 0.30402715408773595
6.635309126405156 2.2468960877895685 5.465159532729783
1.093235022113062 1.3304873383600895 6.202003126838495
0.20356010244999578 9.316207846415335 5.991793833834157
7.344448644158049 12.682446551575493 4.6995439188469135
3.9724168106199276 1.8176177170203163 6.036035341603208
8.150114293705657 3.3355230422161237 4.399845234397324
8.103065288716623 6.895145692109711 -0.6268318921401816
4.812485222737913 12.75164708880789 4.177588329652771
2.3986770454052535 12.720177204601775 0.07744299933013954
11.145795915146818 0.0701138414976191 -0.13953347312466446
8.600920613421438 12.52679130516439 4.024064732445195
9.30264117041725 1.4242349696792715 -0.21808158924097487
8.627522405646172 2.2220589622756455 6.220501689541714
8.443463021938019 12.149627081221128 2.5199851264854
9.522561162078896 11.694177654644795 4.705411039331486
9.752283483637914 2.7509306612630713 5.753028367941311
8.802739493700479 10.635634133135374 0.038850938669533486
9.635288116207628 6.401466385637217 2.7140523903970184
8.85854875300951 9.14807856042882 4.388282297452669
12.00667785720971 10.343096731182438 -0.06351317427574998
13.133303519882643 8.525586006795011 -0.31056285605696843
10.622614270937113 9.398776533758166 2.2867979159745513
9.790726900343616 0.7124053202951942 2.8805626603358023
12.501890960267911 0.4139215956100472 0.07887754416361359
11.291493771708314 2.215970074496959 0.12810234264233333
10.188049528003978 4.021929648073166 4.190508579957816
9.48791104406045 3.531528469050084 4.728479570734666
11.042998640821274 3.1940776196950202 0.16879386471886915
9.877952599692678 6.23783983977141 1.2968729259350664
10.39311979815651 5.001752343605301 0.7562039398581921
10.593768490879796 7.465968814530005 0.7395975355967188
11.411218997555514 8.37544216732867 1.7591652777138411
12.287348140309046 7.667938855791509 2.628927675218875
12.512218287600533 1.7289062104765425 0.27765224189796656
10.358144120842303 1.2153408578836589 -0.12493239864672434
13.394584537451744 2.2866708941355163 0.5546510845059283
13.614663161307305 1.714990908487182 4.316050017616181
13.894568865414124 6.992482131639394 4.547881665858774
13.421585681895492 3.4503265757063604 3.6700373775841544
13.311630550548331 0.9148734246752728 3.3074288729760237
14.123752828359544 4.963952886853211 -0.3790231603765992
12.504327806632036 9.263478787575414 0.5975213182821526
12.033106950137741 3.535775530595323 3.2651791334512237
13.874084669212644 4.256143661137109 4.737811704240482
14.352477452292055 3.4420720077506557 2.427690557249056
14.77103435241543 5.842316138798207 2.3870360415958936
15.325841387795009 4.599346887554794 0.20731241795055366
13.453759251843874 9.78226855350536 1.325833581146707
15.3535528138296 4.5686124051366255 2.0257513827542173
16.356519453734332 5.387138964098409 -0.21348645127218457
15.433691908701759 3.4510173908382145 -0.4304227480803535
14.803648543756697 1.3992199053292609 4.679599032513703
13.632368078494215 9.357186576153028 4.813382422980174
12.763696407320072 1.4227024390920968 5.322780714167648
12.253659726433346 12.009376699514988 5.408364715848364
13.409440254235253 11.977570089771293 4.832867731943152
13.180617614218125 12.024368922187325 3.508187257241797
15.814718761080252 10.55720304271121 5.204390826977181
16.197528534934264 11.25492477854918 2.2320987247521
14.284160414532037 10.473505757025281 5.5037619136975735
12.777266374948786 12.608468664717599 0.7897367551708545
10.717292262940617 2.5205032678637362 6.1797147542400985
23.379918696308444 11.959706908426483 6.206409206591288
16.38218569494135 8.187119463177536 5.940458992518534
21.49702998404313 0.19071368901715147 -0.23301885546960777
19.98611871404433 12.10333185306 0.25737568268314415
18.526019846303324 1.148161803568421 5.230179347460667
21.87394104606955 11.820052807131605 2.0491988326605437
19.918188406504722 7.11249049923537 -0.04475315396477941
23.082409717417647 9.917334826769109 6.110678962671744
18.41662104447442 11.888052951876018 0.3597492707992045
21.253072570653018 7.55537634436576 -0.09977962454938871
22.89884865888444 1.9643232110651752 4.128427132302104
16.6336553561386 12.502332625920056 2.3474149125467214
20.958293886867516 12.219756668758427 5.284152911890833
17.405946257139554 12.617611472475534 3.4101566711175235
16.90765653609996 9.403581901444772 5.40455034939344
23.254248214864056 7.520261650631102 4.6251024768371005
18.778661053203823 0.35109595287434087 4.546616292407315
22.792162194985764 11.202417024440882 5.888361526564747
22.00311019353801 6.5566213804636355 0.2477375245557223
20.193734833557382 9.613294091436707 4.731838605805498
16.609872167343074 0.6789251536303106 -0.2715705583637973
21.311136132367093 0.7035830036455745 4.4126040224699405
21.473919833652356 8.599002874396442 -0.26851063018394017
20.04021335929505 10.794565191247637 2.5146708078133075
23.710560278361026 1.4401856811607585 -0.5021386515677295
19.627578318273564 0.5361257427016126 -0.33471428627127486
22.601009427761216 0.2138025026340068 2.733261181251634
24.040063436888175 3.786452082403651 2.7038263701167367
18.59928670075856 7.902620278184432 1.955971428151877
22.040843308282746 1.18847384995315 3.451293605095336
16.711538984849348 4.335507500815561 2.4396708256617163
23.963253585904845 8.838485336235703 2.5734190159322012
18.304512838275407 2.4135910465241515 4.918665097331189
21.184675219259244 7.3436853304225895 3.226108490874
23.659555099286784 0.36200814386653035 -0.46564660040906647
18.806169886006877 8.8878792323856 -0.6261945247658096
23.053624734308514 6.663155362177003 0.4746068931492242
16.994932838407717 4.891496282311923 5.304929263159526
18.314340894929686 2.833129679430143 3.9235315661876404
21.228017981157443 5.425550106919968 0.3068495172565
19.808014254348652 1.1768694791931278 2.049893993570555
24.442753070582366 4.562134166452207 -0.20295004656150972
16.748009272806527 1.1611378778757313 1.8418717072154356
24.117205637882684 5.981027013311024 2.5938095960329655
17.940813542709716 3.161547331214109 6.111648503659588
18.64808512371061 7.90419026429706 -0.18408003466130585
17.900467373471926 8.149233781018637 1.1566383759655785
22.218284478645355 9.164768856232394 5.426673483683203
22.32360583153651 7.717977520265404 5.156998321760053
20.190586165853674 7.137930116293504 4.626814262125571
21.627778535993183 4.550019744214965 0.6130162738070044
23.398781187520505 10.155902875789259 0.05549069540817908
20.50019270854702 3.430694844618474 3.085043035991885
19.979437640235997 5.769904347368751 0.1800449239154256
21.473954852235046 11.274777271924533 5.370799945214806
21.4203661320634 5.97637408771395 4.124951908168204
17.362420813256147 0.5314915421895592 0.8688101337488707
18.994904922020165 1.3137639836950712 0.6826235014644277
20.538046393913742 11.896405399605 1.9796069113412995
21.129606108273833 9.958772091176385 5.1455896285961344
19.128274623140328 5.106296316922069 0.14072698545992468
20.953067959885857 2.2434755121636534 2.2888787884148423
21.21612400490523 7.036978163990412 4.271594831274234
17.42804107765254 9.122860800347757 1.2868836180055276
17.919420402656012 9.394689193228244 4.347660875304423
20.71901677710057 11.034858497185208 -0.36622900918807044
21.787428284969657 2.4833667130420505 1.1334200964112362
17.22061871282573 7.303173269581522 1.257074474578308
18.659712862906638 2.6972654248835486 0.34610165070493193
22.39590994628903 7.251806097286309 6.139625575598531
3.572393786346902 8.18117091366163 11.165334422432695
4.162509273960037 3.2609975399988604 8.602408934852741
3.6396242245381476 9.3904536089998 11.950570098887917
1.1758505283764895 2.647751000732737 9.723274877757373
2.2057125296051066 1.8199259095285936 8.801212706592027
3.7817119997116575 1.8842188937186413 8.729517650507772
1.6212945392710132 2.726544002843756 11.09348749479724
4.678424486682168 7.423182973314471 10.76930719092308
2.5297752366359 7.503836276719578 10.658298831194179
1.5145185632002642 7.736260051034538 10.94401385740489
2.9088224447865163 6.353538277312427 10.083338860391756
7.099335566690586 1.6521198426235275 12.039438100723688
5.620027080768796 7.702863060538578 11.218265544923995
4.280808280049734 6.436323447419493 10.048306349543715
6.223262796353361 9.865795908137727 9.4601162539773
4.89803956249338 5.652343654764136 9.635025296645585
2.275392731958075 5.675359804114621 9.68466511231694
5.534027321433641 10.41213193768474 8.435871428019182
4.2977278371934595 10.231154428769605 8.686071550517305
7.193498947742664 0.8410437747974767 10.84778141250927
7.901075506276749 7.084020602312449 8.256063606141165
5.805101211569585 1.7307020225745038 12.627964601813245
5.752429125391107 11.724052464029276 8.384116441748702
4.40713779695051 1.1154912559993297 9.7314884784812
0.8455826448101312 10.151297839344283 6.873437588808718
7.477039180855632 3.527390328876489 10.196780602933977
7.56518105642356 3.3197848829008536 11.50261361313669
4.182134996390169 1.0454397817211667 7.126497379288129
8.091457754206683 1.243455864361081 13.147930414538996
4.8441402211259685 10.209151308577363 12.426828633957772
3.11980211401566 10.083875364176148 11.289471586467402
6.816512380212883 4.29849747329197 12.061805235074946
6.51405673644982 4.9627010139699435 6.819232104359707
5.03914645747548 10.937348772152419 11.639554207931429
0.24961454264075475 9.99309585328866 8.050725827754817
1.7800018238922959 12.696138945797648 7.215913114130693
3.5057059357254103 2.4751869779798987 12.87644697443757
0.9603958067987953 3.939633204209523 9.103843054262121
5.460835047115141 0.8646472745311735 6.986554239653135
0.3640753141827732 10.207183762104703 11.840397357579057
7.604334146692788 1.772358523557594 8.00431125151136
3.026123434978965 9.256124950962144 12.841453140150044
2.060343911552981 9.685459090133214 7.006843912461034
5.527461820931439 8.20029988904958 6.7931430694427135
4.668710913231295 10.79032017543127 13.332128202117644
5.957769661463403 9.738740407299968 6.793768529111196
5.837030064537094 9.759431993058678 12.431550511409514
3.547991810839269 4.870701632446259 13.29314760540348
4.489859280046072 5.366882690514643 6.614680163049641
7.41890098337403 9.87624957157763 6.709130767373361
8.157813443294806 0.34479630853919824 7.133495556793586
9.104476308904434 12.711481672299303 9.372997304740242
14.008304987774403 0.37094422399225335 11.368262766194
8.745171004827325 3.625485861638227 11.876360825783147
10.918076351465379 1.0600005652946713 11.351965797074495
10.476207360453516 0.6900118336310456 7.69703190678506
8.45182968964507 1.3374590320716875 7.4744870001345
9.113759568389657 7.4363416896876 8.710603243296651
10.16072749312736 2.1541485293655995 8.54632911500676
9.463489252771085 6.736319388963057 9.801433459757028
9.001255895654817 8.68320342534472 9.036641325775411
9.727247094140715 1.1802305996324398 8.318999816691667
10.507459343840685 11.135118368707948 8.78297155504831
11.680508897795882 7.547574546428005 8.270423068190386
12.965209350686333 6.634322863593351 8.173264134373706
10.43986640174304 7.313954503973956 7.401327063767135
12.60300464151584 5.028174080638881 9.043333635195072
13.979852598886964 7.248053950485164 8.96231467233957
13.623862036122631 4.3023842812942 9.211689906973607
11.98854399503331 5.263106595989099 10.172988482922605
11.702996620092605 4.285711753627036 8.485430998627269
14.441890337761206 9.584387370497293 9.831624141532297
13.975523352885933 2.735391611455002 12.2025338520383
12.00265932677772 9.029613741749987 11.207785848499515
14.198704117643146 10.450731150207671 6.962493002881271
11.19878484981449 10.30553485125794 8.76683983565563
13.416257244172183 11.669689385716712 9.835597581820616
10.323339425707454 6.050733752597179 6.784260825576506
10.223491102206328 11.722098327233832 10.894785221005952
10.034117539949694 11.82935446767163 9.836941293829746
14.848267154834613 1.5879641685143508 12.003640482634411
9.437034293786072 0.8322466655543548 9.310354300294257
13.303797299878497 6.266414936831709 6.8180956141661175
10.275488213871665 8.371345236123483 6.449527963437135
15.560072544661793 2.381709378212503 9.568683765746805
10.094099717424083 11.451687884090786 6.6517699070838034
9.98819006565956 11.699954637101216 7.625035937036744
14.054209176436629 6.66463364659021 12.06170602503265
12.733100164720819 9.058694343554325 12.451190029923982
13.032137432942491 7.251494994274272 12.765589275336701
14.000336128956697 9.574428739601105 12.37523320593738
11.882857880261932 6.558562488428821 12.543739588286208
15.762753239612906 1.2259860689377795 13.078928202373579
16.09160754830683 2.0635775415616138 10.750282968525278
9.611471166692077 10.443318047756334 13.167298585047071
9.148533997662028 12.665148069016292 8.040604242375442
15.92732654538152 5.68684355673391 7.462617064006204
15.269648620911068 4.255026677510297 6.823794301530295
14.03106266614956 0.002423146511609578 7.478485739761346
16.350429434063287 4.251716440969646 8.246566044390523
16.354617552840224 12.47578912738345 12.51372593162233
16.193065692709173 4.65234336548932 7.245149687278113
15.705911694096732 0.3905400199083566 7.649326449153531
23.239672567245027 0.08535836314031749 7.924749610714015
16.79622512901701 9.223478017888157 10.61501608548566
17.40190523125801 6.201860298520935 11.167715332434296
17.179217928783213 10.283398150872701 7.885077373264739
23.58977559330402 7.090620291368661 12.433555232551267
18.133673706995314 2.2515706728437466 7.0915908590409105
16.85042823948759 0.9885147730482611 10.454665242664479
19.464242516327236 0.6320924017426853 11.906495864011664
20.515155538402748 1.3260278427007601 11.55542569144647
16.81200414051842 3.0666818636333333 11.181224449811655
21.488703254372407 4.17099838798801 7.979921916141453
19.216755741562512 9.53276542141634 10.472022360197371
18.052377705253672 8.851764042693773 11.20800066973506
18.379545904695043 7.005359767929284 10.819090465955679
18.548887022321303 6.692275081765793 9.544836118886106
18.060311916391466 2.5079823485546537 8.138142864554654
22.031238238768097 6.068870984705161 9.761395358111574
21.514659149393864 10.856265165640151 9.742660646135398
19.42589110661994 6.541272728332185 11.501266466873536
21.085606087449154 11.917864494089788 9.146536318656032
20.372490842109183 3.707264935705658 8.522149823995797
20.37601687814122 10.270989208951939 11.17385869154424
21.657956809135385 10.007108138806178 8.80929063249278
20.152567329122466 2.1912581297866818 10.570774171990868
21.106404278590198 4.972281433700892 6.984016074980621
22.726879208925382 11.048646033655112 10.175166934176165
21.256277803970583 9.352511035159536 11.875697037910927
19.930149182903136 11.45574569465122 11.859493935535232
17.933226537826567 10.093663724277265 6.7821043905220835
18.82710228864668 9.181631333795075 7.220578898320663
18.59229839757749 11.204813372889463 6.517765820846848
23.669364239641702 7.74001098732682 11.574277994761891
22.68999618692134 4.947325140247801 9.100292597509046
22.443974979485397 2.7858882083310332 12.71294357878724
21.320276859110745 0.41037367787859463 11.022215461659705
23.550323735287378 0.9781049527669842 6.523866878288116
22.049455782027433 3.1541447576217543 7.387406916752685
23.964149782251006 0.16029644940272447 7.113813701906466
23.135962744073606 3.8417193989266063 9.911786697238291
21.679003942746455 6.281227121765933 11.964851747377985
18.19172352300386 8.923022727085785 12.636830635179159
22.514400967851174 6.23180427799265 12.530333129002361
24.553074815677192 7.767452549771892 8.25966761696935
23.829220163095034 5.388130598515704 8.1955506254887
18.04683395075207 12.632277106004697 10.086029284043939
18.29458489026614 0.1531329882122957 7.127309224569193
18.341181127966987 1.0099665274977556 6.594613179341529
21.22520782550894 2.140097195858971 13.03243563323224
18.14526966925267 5.153796792440969 6.612796535376898
22.945141406693978 12.44967785698142 12.502687056019488
23.910331323606208 9.490949039132115 6.657616778248377
17.346683243685273 4.501220363084804 6.2599456816684365
1.9586785514772362 0.33399904516854073 13.356032967446062
5.707133827351107 6.9883192330682755 13.761446961190906
0.19965253660266544 7.279444022561804 16.685442075866817
6.921212848927274 0.11912530148652381 15.362792758927228
1.4341658182806167 11.800118419395368 17.033241880660732
0.9540179026589009 10.670020378208768 16.552102301052393
0.6796490003132809 4.242925286080827 16.225749797874613
1.0141567872946964 6.62114833031386 18.5429294502377
2.3433664657457087 7.596095243052387 17.077082850753744
1.3859371642993754 7.245129363322166 17.432824447994076
6.012297506090748 5.061288608594612 14.692326468571972
2.792509836754743 7.079347452588608 14.312815079181325
2.7510712427576682 2.7850245092970223 17.191006460713837
2.0556721889786234 3.8635965358544793 15.829622122013545
3.0896880898077552 5.051021640243483 15.728796216013421
3.481061967649467 5.791377037481808 14.439530948596754
2.1054058623241625 2.9772028885753294 14.676175501557328
1.997671614188539 1.7337774955541545 17.19680155392835
2.6697202504926416 3.3271945870713457 18.409869108498373
4.0545990532754885 2.3196500703570555 17.074002323397796
5.19544243328632 6.1754480922971045 14.685317482163489
5.377040487331371 6.745877045913456 15.89114075806606
1.4211915330266522 6.284950510799695 19.485104456234403
1.9623628072049604 10.03219572559654 16.024835389174626
7.442788552479498 1.1136966507133998 16.097351504376014
5.676179362836635 0.5101473619661245 15.123759091751255
0.050869970412124946 7.685670296507843 15.772784438803832
0.20637511690246813 11.19922837167968 14.103094287003449
0.507714807677265 9.955294395279966 17.591874914280215
15.706990137208036 5.003089986699336 13.461162897395534
12.173364270037762 4.095732997577892 14.093752424409681
8.964683812907388 6.250641587159245 17.194772938048743
11.800036808020039 1.5919459417975326 14.096747539727177
11.352482388841727 2.2670977660572977 14.700042704702161
11.571966605674849 3.535936427985208 14.794715083881988
15.024475266217054 12.721395810765339 16.947664679570046
10.927687996636353 6.0434269080274765 14.984898653072998
9.866798055937922 8.132379323087564 13.992583900876062
9.0517644298416 10.03297773687848 16.19178050800568
15.300153571957487 0.3573764180404401 17.732772091567167
10.375844137389189 9.521553749223074 13.921490350936315
12.86022731998357 0.5717654776598603 17.299917600514043
10.129916188041605 0.8733380197657035 15.852759032102705
13.49768802254581 2.6070856484094693 19.293404627177694
14.026360049520452 2.7032076774335083 18.0708986343532
14.430911156939557 1.59441200109796 15.779861781489878
14.721713033436579 12.589293925069411 14.833259482262392
11.103068528825604 9.529360723929239 16.401077344834565
10.248696485848209 10.178799097865209 15.634567015404457
11.874426061993352 9.583638657115959 13.686374577327857
10.434486776941997 1.895579374982662 15.683468252464435
9.54501175932407 3.2801696663371676 17.178907603625724
10.211888608529774 3.010239678223793 16.373418268182935
10.635792581173492 11.486082596206625 15.747677030430044
13.414245358677919 7.083503994100864 14.0283040281215
10.184873582362227 7.258712136408105 16.700546852858963
9.251933810986856 5.501456516523358 14.958268069337576
10.724674136421118 4.11092645486193 15.593388801708773
10.182851230144777 5.457641119753187 15.523575923803895
10.591056971338821 5.878805982923529 17.733893671192167
10.0045113761119 6.197535096703851 16.87222319075153
13.1814314394556 3.4811170769632858 17.406452736105226
14.442538159221176 11.52012495009679 16.70329055548359
14.34926308854608 11.381838443853164 15.387826073531661
14.091945382116988 10.504398665030616 14.813120033452456
15.255243178116888 3.278383541553442 18.223452503411828
14.355195740166831 10.859946717394546 17.553546989160207
14.16349384243812 1.115693122503736 17.077095529843227
16.22014037233079 9.27609965123317 18.84198526008102
15.917060263929136 12.686620881367531 18.846429024001562
15.846914793390255 2.686448521789446 14.476322047165809
19.121203685108142 12.722539717934326 17.725734149487007
24.3863029563475 6.785377903364087 13.432111866484721
24.109700596096406 6.234029833555101 16.091487355191312
24.205678703416286 5.306488902960648 15.527079678699842
24.019201886009096 3.8404393529414147 17.005713852612196
17.86888107237995 8.150266474806134 19.352234000183593
19.507757739112755 0.38697839179680193 15.247749903888446
17.56998401060041 9.250532566879546 18.720122130645514
19.283790061611747 4.825011621201875 16.550838905095276
17.43752819980717 3.396756774504698 15.574999505285891
17.455405989905774 8.08874347807568 16.413256051360875
22.570816544519367 4.864442548265815 16.666237994822747
17.570811882715663 10.504998501999653 16.318454236411604
22.650421809267048 5.545259041236628 13.639810350159197
17.518794663040584 5.367913947506113 14.716787110074907
23.86664695574488 5.768536433408213 14.165371559373062
20.47907391478036 9.20922803983198 15.629981520772793
16.464915865193603 4.731308457466513 14.180942996626204
20.351295438009 8.003899166231825 14.843077628519273
19.81010007761329 5.6328724884464565 16.042450680596474
18.041627311368366 9.291404238204555 16.887280582876613
18.18982595643803 4.486781628166595 15.532076440373734
20.44288426632551 10.42765849040537 14.894115503536415
18.65981186173869 5.331126308148162 17.913544597630807
22.775042897822534 3.6564595146077163 15.569268264806816
20.00202931442304 4.02764939201481 16.74174687208079
21.084200786690605 2.0020024598349964 16.103663596774226
24.183471103498114 11.956782129848213 15.45225601426326
19.59373599252104 9.120862004765579 16.875717569896473
20.120561153840036 3.0264372249232556 13.400406313688173
21.97496594349805 4.78016645561893 13.99307046514587
22.41646723378861 10.118083123455477 16.960555849291644
21.49406662354178 0.9641927785324729 13.918663977658184
19.458011231768012 5.507497813302672 18.634565303270044
22.20692220648194 9.119584479212536 16.183423997866107
16.41898480001385 3.4634846155549277 14.774735881486473
20.86252928623552 0.8484506917424923 15.342652280147375
22.493711832807662 7.969569580255075 16.794886253266863
18.09884711268548 10.19962679898422 19.504497771703054
18.366544566434584 11.185682680554118 13.750044315730925
23.11416765559097 9.157218705356073 15.234334454561171
17.651652776160503 2.4915890536055874 16.12383651465067
17.799986860064077 6.409647986253751 14.67073126518098
18.010412752403553 6.180524246544994 17.701639099752583
23.378459304008466 4.271780664967262 16.23662763047036
17.98712004843726 4.5970123128440274 18.357010905522884
1.2299508680505689 13.469999464978217 -3.3500001016902594
1.229950325492795 16.308682944303367 -3.350000010878521
2.459039808673056 15.59941300154837 -3.3500005300324274
2.4590443425495336 14.180520446764653 -3.350000194029925
3.680955268923678 13.469479655443267 -3.350001560878695
3.680959828602147 16.3091963070093 -3.3499999777705125
4.910050057339715 15.59993520548781 -3.3500000040039124
4.910049256806071 14.180000879134301 -3.3500015200701228
6.1400001288623605 13.470030745424822 -3.3500001433922035
6.140000007131033 16.308651875589238 -3.3499998611195725
7.369949878318872 15.599935160907632 -3.3499999084782184
7.369950841995945 14.180000503999734 -3.350000039581481
1.22995037595764 17.721317041487232 -3.349999870372826
1.2299509137365177 20.56000619628408 -3.3499998861949143
2.459044380048978 19.84947979697816 -3.349999861825339
2.4590397786677256 18.430586970898226 -3.3499998550013688
3.680959792994108 17.72080366641076 -3.34999986681472
3.6809557053122535 20.5605263702565 -3.3499999112969436
4.910049119048947 19.849999734418542 -3.34999982746798
4.910050076108923 18.430064880994802 -3.3499998342642057
6.140000012805992 17.72134811059796 -3.349999828900878
6.140000016969584 20.55997495401478 -3.349999830279722
1.2299507963294152 21.9799913569937 -3.34999986707331
1.2299459659110035 24.810544357276235 -3.349999858768861
2.4590053422873073 24.10891822493197 -3.3499998253243133
2.459044542584561 22.69046344838428 -3.3499998378557185
3.680955971743322 21.979471060599774 -3.3499999124823687
3.6809946680993346 24.811081766413874 -3.3499998829143096
4.910054065394095 24.109455650638928 -3.3499998440300525
4.91004909670623 22.689945779310854 -3.350000066693475
6.1400000469958425 21.980022625820222 -3.3499999376163325
6.1399999868849005 24.81051010925441 -3.3500000157201204
7.3699509109555255 19.84999972640819 -3.350000048036449
7.369949964794892 18.430064884282707 -3.3499998555101307
7.3699459479322895 24.10945564726868 -3.349999997053695
7.36995093637865 22.689945715543434 -3.349999961009736
2.192701748080286e-08 22.689914809313425 -3.349999955883388
2.0067997302470675e-08 24.109489855919374 -3.3499999424716345
1.627187300221683e-08 19.850030921832627 -3.3499999044735773
8.560950368017357e-09 15.599966841544639 -3.3499998897916172
7.783569567705169e-09 18.43003314310884 -3.349999883586122
8.599044331770616 13.469479472543874 -3.3500001093410714
8.599040187996211 16.30919647225719 -3.3500000995104493
9.82096049290155 15.599413232768846 -3.3500005853304096
9.82095586903696 14.180520271357222 -3.3500004691345353
11.050049134494659 13.469999512670364 -3.349999847060353
11.050049637089828 16.308682965562575 -3.3499998930395325
12.279999959334871 15.599966839918878 -3.3500001681473135
12.279999988381226 14.179969278624228 -3.3499998979823706
13.509950876001541 13.4699995053359 -3.3499999047834095
13.509950343345002 16.30868298747942 -3.350000594329301
14.739039811858959 15.59941301937186 -3.3499999936175895
14.739044339809244 14.180520441532797 -3.3499998812781593
15.960955652114915 13.469479592842218 -3.349999962773398
15.960959780207768 16.309196317642503 -3.3499998154748365
8.599040181027199 17.720803671629827 -3.3499999067941855
8.599044196404629 20.560526355699366 -3.3500004285723985
9.820955643032397 19.84947972640863 -3.35000099280243
9.820960186342523 18.430586890828632 -3.3500011571062394
11.050049701069856 17.721317008700918 -3.350000008193592
11.050049290270769 20.5600061198422 -3.3500003997379446
12.27999997888863 19.850030889536484 -3.349999882895398
12.279999988918046 18.43003317939735 -3.349999791071534
13.50995034749847 17.721317088093322 -3.349999862841523
13.509950937344193 20.560006057404124 -3.3500003207635656
8.599043961914447 21.979471094325667 -3.3500000653468676
8.59900532988404 24.811081767121834 -3.3499999998788943
9.820994669900394 24.108918194139108 -3.349999807794317
9.820955474832164 22.690463504168083 -3.3500000030390655
11.050049285172395 21.979991409005795 -3.350000178188907
11.050054048495864 24.810544324640407 -3.3499998189948554
12.279999957874491 24.10948985171615 -3.3499999685845627
12.279999846480377 22.68991488506874 -3.3500006055200435
13.509950837361044 21.979991265012295 -3.3500015428640575
13.509945945117943 24.810544350682846 -3.349999904253603
14.739044355918521 19.849479805308068 -3.349999853797013
14.739039756526394 18.430586986646706 -3.3499998158946087
15.960959781744865 17.720803675422317 -3.3499998172773218
15.960955675521989 20.560526358518032 -3.349999905208315
14.73900535099881 24.10891823404425 -3.350000045817363
14.739044697673698 22.690463426294393 -3.350000530605058
15.960955985036483 21.97947106373496 -3.3500000177724942
15.96099469351415 24.81108175501244 -3.3499999993172667
8.951247620942267 14.967034626366546 -1.1291381822876678
12.62117389350211 21.00858031483515 -0.8661453240021422
17.190050054939384 15.599935127280581 -3.349999850312515
17.190049124099605 14.180000507830941 -3.3499998594099845
18.41999999999546 13.470030712361027 -3.3499997967278015
18.420000010991867 16.308651881604888 -3.3499998642220277
19.649949940099265 15.599935143905533 -3.3499998047483137
19.649950875497446 14.180000498454362 -3.349999839388742
20.879044331456043 13.469479569993206 -3.3499999162084135
20.879040209299443 16.309196321519526 -3.349999842085033
22.100960201547416 15.59941303427617 -3.35000001889171
22.100955651100843 14.180520445357569 -3.3499998538228892
23.330049091380737 13.469999507035888 -3.3499998743579704
23.330049605065543 16.308683007362408 -3.3500001977736735
17.190049077540642 19.849999715209766 -3.349999847642855
17.190050069069695 18.430064884031488 -3.349999807946893
18.419999995079184 17.721348122698085 -3.349999831066608
18.41999997009709 20.559974948019615 -3.3500002078399915
19.64995089346483 19.84999975783556 -3.350000158686618
19.64994981921013 18.430064829344463 -3.350000396549312
20.87904024179646 17.72080356915219 -3.350000157967451
20.879044263979043 20.560526433003975 -3.3500000062323974
17.19005403743047 24.109455659934582 -3.3499999912028766
17.190049065480537 22.689945721639038 -3.3499998918702256
18.419999985910582 21.98002265632553 -3.349999878013843
18.420000001340586 24.810510176901204 -3.349999882971365
19.649945935563473 24.109455685273865 -3.3500000299012456
19.649950904836658 22.68994571508122 -3.3499999383102272
20.879044017344324 21.97947104431261 -3.349999830340873
20.879005304753804 24.811081771632647 -3.349999899671764
22.100955721120155 19.84947998340242 -3.350001365437678
22.100960299009444 18.430586790340627 -3.3500005722794657
23.33004964114542 17.721317053994134 -3.349999857491124
23.33004914098494 20.560006209150835 -3.349999976236923
22.100994659790313 24.10891821301385 -3.3499998715896195
22.10095543287326 22.690463449210842 -3.3500001153065293
23.330049257018235 21.979991315454118 -3.3500001698867976
23.330054043274803 24.81054433548114 -3.3499998635641437
24.55999998247256 24.109489809395477 -3.3499998603432934
24.559999988830274 19.85003090079911 -3.3499999648323775
24.559999998714897 22.689914798427044 -3.3499998743773163
24.559999961115334 18.43003319703744 -3.3499999041829023
24.559999947607448 15.59996676623255 -3.3500004538990447
7.372243961612374 23.890730033859693 -0.46392159635358143
0.08666303771129068 16.30440858153972 5.513543450162941
5.0432691133942615 22.18374588571174 -0.3993270679769101
2.761013531625614 15.590618449395118 1.9632317399433352
4.312513358751788 15.97229425787372 2.254498705277561
4.369958720753472 17.28578711779488 2.7227429438237416
4.288584634824978 21.583486354197433 0.49975893662429605
5.128280291344267 16.07372775668556 0.6169945907744023
3.517194012269465 20.678948088703468 -0.1316702374080958
5.0221007168649185 15.0390976561559 3.147916873343015
0.9778892699880634 14.253144789871273 3.037768714658081
2.1621248920535323 14.179441466218995 2.175607073104129
1.5918923686879811 13.617777190751463 0.48670548616393194
4.519286806337734 16.988038849728586 -0.12026885510095342
5.074432751913582 14.919355371966633 -0.03052095763433349
2.6382908762532216 21.891301516972614 2.4761937674364365
1.942788984027781 17.16998239990076 4.141940189848787
5.042371508620068 20.86097861080242 1.3205788232178517
3.348586181438946 22.754926498685514 1.5831052752181218
2.4333074684206104 23.557018551236688 0.6507245416012175
6.391869458075162 16.435185522464717 0.8377145266848107
5.756100776489563 20.652229644278254 4.324651333280986
4.896342553480098 21.189401078794024 3.9522769948484426
6.832458289131216 21.390905372239093 4.676848291034399
1.441225230377913 24.610211477232856 1.1297454872913915
5.6337747812832895 18.679875892312424 3.650118267828292
4.3934509478815595 23.541197217326022 2.2141094448983467
6.100383855326321 19.39937181069411 4.183692625780911
1.5145534681101172 14.562452185994868 -0.4381192941553902
0.9470737890950794 17.587780063253533 4.1220313199544805
1.576778413534594 25.011240410064566 2.491204264401566
2.214724630551997 19.28252775138877 2.3014771786831876
6.345199634249037 24.83244684257756 1.5753259943556452
6.819085594871691 22.911059209669187 4.770461355798442
0.575243803141019 22.23337620877221 5.0131314556854045
5.957988168022811 23.297087368908823 4.2249400614370085
3.436301809235172 13.927629595468586 5.865515237952488
1.1464297574493534 19.180736986800675 2.110467480655979
1.8354901955903409 18.32959719340458 0.15191248921648026
7.764751973431446 18.73293878005448 1.5956041062397541
6.721157422934757 23.22172169329561 5.810653114752587
6.965786333993945 25.427878819725905 0.905674659943172
0.771410623436325 20.1522948647572 1.7886974705699676
7.211766803086163 19.514449678418288 -0.1978281600250975
7.8398557435565035 20.96476180878954 1.3175985652096334
7.958293354212337 24.625074261814863 0.08869460351395353
3.1052202793222126 13.21840321352598 2.6599911801526765
3.8987526413465665 23.885382596193377 6.2139050402195135
0.5021021653759892 18.59496004096301 3.334727814921764
1.1173387621395594 17.10598578656796 0.9512819240853387
1.0200647198987687 18.18789364358154 0.861208899449869
7.780179522818641 20.503291980644658 5.038046143542699
7.3859566543838815 19.28294153800114 4.710115717501159
4.456807232941924 25.065452041121915 -0.349702144555355
0.5069168781995822 24.683694267725823 4.8611914176192
8.123286367954082 19.729472604666388 0.7486698536786696
7.907417902005682 18.36906465439072 4.953646431871624
0.41921723790522303 12.96637913581908 0.4103001927086891
8.030219669394791 23.48849864090912 3.9880522636524396
7.8970998743114675 23.147433764649744 2.961381006439938
8.060463031492386 24.57196298491554 3.87276846243242
8.17976456764511 14.702800254672843 0.32337336339644973
0.09292018689101078 18.315299157370255 0.30239690067416003
16.354592161295297 13.101399297312724 -0.1525148616790306
8.584997544844105 25.179618310749127 -0.6097484902988626
8.949087898368118 23.124487220475682 4.447700894255391
10.119729680807753 12.894198401806618 -0.5144410093221241
13.983304407875734 13.104406938684487 5.179442326033402
8.542390177898378 15.18658729832263 3.9689667078869686
9.896845631873106 14.343106646620061 5.412863342087323
9.365549997836444 14.181006793696806 4.19740473963622
8.518413037425075 23.95180800446463 0.7376002108221158
8.69827724267856 20.81521529573618 5.513651465521054
12.12252396084694 25.048755554726043 5.542335725946234
10.113795719716487 13.258483249291505 1.2088855771880702
14.701953132067816 14.031708184206021 -0.1741922789020911
13.065967782259039 23.59854076314983 -0.7419999980996317
13.92607985936037 16.378582256307254 -0.6392494355063261
11.286183439046807 16.30461435286673 -0.37585450393528785
9.366040377507158 15.741440497801397 0.3904193078481111
10.255010024454085 13.690045454815387 0.21797055336394422
9.947368815154386 21.05110111077711 -0.605939544486428
9.85448532747694 19.836527993432792 0.1449107431979635
10.705765419034714 19.927458834356806 1.448574748032866
13.871434743459263 19.403757732316432 3.3678655036669705
10.025276799600906 18.60249538894278 -0.5240199848668214
11.874694242653867 18.94155833490051 1.6784500671965907
12.76884849532893 18.884003419341347 0.5906545400428131
12.72666375404235 19.99289496035465 2.9883252605266297
13.028004859704426 21.200597922179337 2.474839219854009
12.002956236306638 15.545095640993496 -0.10059447518266151
9.188685481580759 14.775611870473528 -0.08267719770821413
11.58597483989883 14.274213896015732 0.16854170676880886
10.417069823109568 14.263311850930787 3.3455465580051147
11.433364869759645 17.749337028025394 2.382681959057641
12.057243792851883 20.239689947038066 4.08607406877066
12.693095227501296 13.627575322591719 0.4422646874506597
13.72039079673831 14.265394536305188 -0.12918038366728557
13.291379975065404 15.563283239874885 -0.3248554618312993
13.549005397999366 21.4829181953171 -0.5823632343506169
13.779485361422685 22.82779077688339 -0.490530073640586
14.668898129615998 20.945532362316353 0.06565721706019212
14.859061009166027 19.987384672959355 0.32234980485196907
12.172865764147064 24.275458024204628 1.365028911718199
11.061973238708331 23.88563129458483 4.045652545874709
15.833128660886645 16.025072660134857 2.261121928065839
16.07152365198375 21.17768079410728 4.628717243331632
15.046772038901873 23.05237052035865 0.012828934210198373
15.606845371222459 13.323313875010559 2.607941161268176
11.701138632674905 23.894940010005907 4.916158690017612
15.795513634901617 22.77746889040567 3.2706309519748675
15.44834619131696 25.067175035533822 -0.626962763004254
16.191893883496938 18.624408040022548 0.44461120467397697
15.538247454365672 21.86595277240247 0.23231672523146174
12.20273548876659 22.883732913752926 5.727528518544977
16.294888022339045 17.879783373425234 3.1650155109723377
15.443324475512052 24.79736702710812 1.1136611494704851
12.298141494044954 21.90226041567586 5.509103635132888
14.402864814029533 16.326303652173884 5.558021340676466
16.23699531656817 14.398343373942435 5.734457336264878
15.74629562235588 24.371234017152045 0.15725164391909963
15.231668756786593 18.189811203792623 6.153458995405484
14.425961851047585 18.784106202844026 6.020230484365222
15.256850717396249 16.900758304641634 5.885297873832307
20.166085483015443 12.896262291126373 2.7669956616551783
18.665036775417963 21.935311175834254 5.676359982593019
18.64463832220408 23.832954063951007 4.127607672200758
22.66054726807364 25.18972205506028 3.062822248259428
18.3420471023898 14.75631099741338 6.104981628430844
21.783662167703042 25.355511648319546 0.6496165801375153
16.51219462494682 21.66535144316398 0.6537262833000246
22.167239368758697 25.24442274906718 6.029816702908093
18.607151968235648 18.627041657609 1.2511657658993702
24.17755502751034 23.366115142355312 2.644089087769572
23.73874646218029 20.43456168893925 3.963224064772739
16.79024294355833 16.98926901716978 2.4153972668610124
17.774269960193852 25.124165968343934 0.19467006403322884
17.562652202791554 23.592234520838563 -0.6491974711775761
19.986862619907065 24.833593377763126 4.751888824124624
22.37223618385528 16.36100167493825 -0.18619532306306863
22.189078051460555 24.14166104168464 0.44529503944591653
17.595092163694222 23.594529166161077 1.081643080511746
16.68800547561495 22.0180587899113 3.809665061146527
24.254909812173572 22.3699638514861 3.054087676796989
17.25041497810969 24.16868186803788 0.2216161549402329
18.622002818438283 14.905983962594945 5.062233911475683
18.13675771487923 14.24205864632586 1.1358731573260317
21.6017705614734 19.79845596429193 1.88743582406382
23.050672744650306 19.774200444539147 4.470054989404621
20.606854015276785 20.498317654585573 1.4096471303724822
23.64252262428586 14.630401234448096 0.9486442619839508
20.798070373939563 16.546275650986587 5.510222502107439
20.733431118444592 15.589232168197293 2.5724921576611792
20.34932803262252 18.695721259432958 -0.4784072634168246
17.884286465895965 22.97720451969647 4.966504311744913
17.649562461994872 16.74948537981033 -0.07636109798183965
21.70487540104386 16.92710136991387 4.628896841118095
22.7379912941249 16.72179137555614 2.216209756022841
22.71780294666435 14.643321620469855 3.7138645802836114
20.475602785150443 13.442978971695746 -0.04421952324417111
23.498314274439412 21.759240482556898 3.9539062224713986
17.24378104719145 21.400586514825125 2.7719728967760995
21.99583076532663 15.819090901653187 3.1774564838191055
19.515428541401388 19.503055703009057 0.3509804561558516
22.742020082316547 17.15588071476409 5.295875122710197
21.332226171321146 18.09987696782353 4.253225858123547
17.302397490238977 17.745449548444686 0.8648998709483879
19.953182699502207 20.893910163985606 2.425974180477274
21.211590093840947 21.510893368652688 0.7988750405577016
18.66232833401562 20.45884808689936 -0.3096772671747017
20.055821019728217 15.991274228243112 0.22983760596440916
17.761478937410672 16.448140595663432 2.9940319790476955
16.97041246159509 23.569367005886257 5.912258927765999
23.26075192573632 16.065305540879418 0.8505965113291647
21.05648113462152 22.1284731332184 5.724767016883169
22.7747986947763 22.20347108495737 4.5009751193070135
17.453168656641008 13.037010557587278 0.7954721994172698
20.510045736344807 25.30312497019231 1.0089614073147468
4.324267818247027 18.106292539075532 11.652255965104093
2.784348867416832 19.796627887234667 7.915729433026659
5.60054118521762 17.70125599183456 12.124838286675573
3.0611468875594614 14.91853974976832 8.305755482707289
2.0815460757727244 15.104550719364163 9.209980252803915
5.243302324950895 15.064741790716036 11.782381787498226
4.021156140087126 14.227162756939913 8.939062766350954
3.5325244128142166 16.138788460275734 8.085005039265301
2.511875621870443 19.710295151132772 12.377210859241645
6.665246930894873 17.52003315455814 11.08737034320277
5.022777935323721 21.13503981797798 7.570686451207115
4.086672315967678 21.05597264366311 9.786145721953707
3.8523795034547628 21.267509431926047 8.368721060438366
3.1294205756450544 22.58183295688871 8.066403075421762
6.179057076036507 18.464035749871478 8.03151887917738
1.6032277331693492 19.84103530912813 8.587918346058
6.289452831779013 22.468977041439583 10.255754770844272
4.291910338023161 23.482721517699204 11.746518778132033
3.871040617074493 23.837268661976605 7.6619715959530375
5.1134682780180585 24.109197762092524 8.333546529232995
6.806230250823217 19.999193685932255 10.497351296716745
7.444422670875343 18.68092615538365 10.355948444751714
7.364118025505787 18.465835376504092 8.518619328990555
3.395261807894544 18.658855047655905 8.267925357208183
7.42379683586401 25.25398826551704 7.108440523338862
2.8525292506670237 25.31956491624836 8.245314538404104
5.445781702721991 15.97160056326705 12.756466171241126
1.7981504895873175 23.706368153511047 13.315750003587908
7.219574837046443 22.752225792069062 12.306128712521346
4.231227587347728 22.947845023389757 13.142746944798553
6.10917340516898 18.361361069937896 13.26065005767443
2.327354952220921 25.05826193958338 9.397261879553136
3.836066711841787 21.596596216213438 13.294242267616488
2.315213588615486 14.068845950237368 6.801814450020207
0.09102931550662834 17.12483997431729 9.430565784091712
7.9435828763570395 17.341088616032593 8.165022225383051
7.309435953357152 13.093680064166186 10.39525603682534
0.46368873070708416 23.029438449145147 6.611833403828438
0.9829069260102298 21.24390304343221 11.67335961671609
8.058276707154103 19.34767962245184 7.813204031156894
1.2593058652698919 12.973055957809356 11.623203670625276
0.07697828997628312 18.190001701272816 12.126532040943806
6.676212767115776 25.215474374093656 10.530514469813498
2.3451339445711 19.783373766460706 6.642413513755763
8.016802742005213 14.501469659482995 9.60763057656809
8.16375801514164 13.28731626359447 12.423171762040472
1.7909797614784864 25.469628514153822 7.529132362976724
1.2453841034041853 14.919126691622962 6.362915263790905
8.357759225906818 14.999861901306513 11.929939044565227
8.420947267190211 13.176598731964322 7.427876106056367
8.241622324139176 13.63278582582114 10.226455715968122
8.267569789022406 23.39062713448647 9.268539598133408
9.65946319706441 13.94763788800719 11.6227067329625
8.818933828833286 18.74668733377265 10.784011390740435
8.570622500398224 13.962775156182133 11.670631679682625
12.954745021933148 24.713510186876768 6.6192243085193745
10.595602290124347 22.576256671883645 10.797402954682916
10.882543585090927 20.057793879366592 11.378827760926784
11.573714375656763 20.221980097577834 8.954055512993932
10.717752255445696 17.358611862432365 8.495500250492885
11.421909341227725 17.99943288562049 7.605151708328
12.478767593414153 19.44706344269587 8.104972706035984
13.317214316117699 19.906491457422295 11.078394581308677
13.701020484208918 18.879308403321463 8.8858566202501
14.28185056571391 19.274061555884817 10.243080617653813
11.755949080938814 14.195777119824987 9.432423716496174
13.033472818834106 14.367685685500021 9.547967853531105
13.530251364717389 14.41403086844739 8.306054476302707
9.351172360146858 23.02079168266389 7.153199069429967
12.659486500355763 23.40559050390746 9.883857921583932
11.259555491267731 23.614730218695346 10.210185927145723
9.245165271648832 23.842446018971568 8.327953439817238
10.601243419870324 24.2141514026975 8.991872408414864
11.176277620606996 25.07408462687751 11.352874268118176
13.486333697718667 22.738431743053024 7.323130431550323
13.14228713698691 15.535121573343849 10.118428140782754
14.867956788222621 21.58223927256989 9.025678131032342
15.138559359310975 18.24490667678656 10.705252932307808
12.90369086611637 20.04358709592952 6.864665383006814
15.378321322877087 20.661564887733295 9.757225501627776
12.988039280768689 23.455214196812793 6.687264417345552
8.58379879336133 25.424973488770455 7.633139116663581
15.87880223927548 21.368968046517043 10.803413449118468
11.257086809740242 17.75562687121721 12.547747660150117
11.60116200512951 24.775805546700255 12.646150577958826
14.97211329505458 24.32705141137079 10.731107156211237
15.77187985389009 24.919059581182854 10.31122648477312
15.76613786502544 17.205780333173443 12.735725950108847
14.349402659390018 25.1167511869073 8.137409925924418
13.772499359461252 12.907220583977765 10.46815679311509
15.763928076343495 14.794006826430781 12.179165883455985
13.202080860565276 13.084965695353372 11.806177712804617
10.541242290754878 18.32235215919768 6.700893875278955
12.153576798464933 17.061172036768625 6.993545161343868
16.202410865443113 13.565865640429285 11.591466178017944
15.303959142052094 13.157796090904522 10.400730206351703
13.659384550394078 23.221575581421554 13.089709311115689
9.894293598688392 25.492611032170664 11.284091330639804
24.558785645065136 17.9767722096662 9.625502698992817
23.894138686980234 25.47268057456521 9.577627605482222
16.512835956038057 20.21544430530797 9.122665570861255
16.52388208488986 14.794391864747718 7.426625991803283
16.83094570829583 24.164883602638074 9.748867378931998
17.070736870819257 23.191293303228104 9.870202152512297
23.72693673364979 21.267858386237922 7.563462577797701
17.780255925996535 25.022789890440666 9.439619494480734
16.519159665437662 18.58006944695867 6.4221611152166025
18.743369518158868 24.675998149057136 9.095311933253278
19.986724554423667 21.20402520973735 7.862243735259638
20.283122692420502 15.98943819976067 10.075798881220727
19.959369724873895 17.28243413165233 10.154333956136615
18.95219065642621 17.390932672873088 9.301764751749564
18.764075148509196 21.105116938607278 8.387990987014554
20.809875818557686 21.563304494216602 8.85152174269438
19.781722848421683 23.711469584372775 7.150980173893985
19.772720476940158 17.85289607606169 11.922555690587568
21.039133384548713 17.79793194816121 9.58972581343935
19.61961852061433 19.441414378612603 11.937754504724003
19.0512754493359 22.548515212740867 11.53828155733654
18.53862129211179 17.212994447419984 12.33879190307394
21.520560979293915 24.930000360563355 10.540025350555101
19.917952325064697 22.44466132893338 6.473848618004922
20.97218018179361 17.4330730027901 12.573213102493389
19.41563983109518 22.043101135228685 12.738755547199707
23.743720388292758 24.238188942133892 8.589554061325007
18.786825116558752 20.192594220804885 12.993897599247463
20.711915500668166 22.068694180251704 12.799388684101057
17.73666734761054 14.70855202963389 9.869538484654063
20.35475178724502 19.980223232441936 7.493680667167407
23.673380988598637 23.79359173125821 12.93114081171536
18.93947576070955 15.25268596450046 6.869697843982969
22.8504361170738 18.781366076989332 10.679465504339664
17.789755876734315 13.734809120753557 10.736329866874248
18.897070986053688 13.999969316995795 11.465149012431901
23.07363008400995 15.39411497395293 12.370025613756532
17.292246296145155 17.531458717439104 6.555728377053505
23.929036548689744 18.684501654372575 10.803313770724264
24.344134282155068 18.53147351194982 8.712085347547355
24.08660728567147 16.998101843350867 9.539759411281706
23.96358551774627 18.131716774640758 11.742108341164448
16.72973597495493 19.636456136608288 6.500294205631406
23.13872221714929 14.380284418070122 11.975043818965196
22.206082742564607 14.202239418357786 11.439708794305577
23.794883485151455 14.297477776304847 11.1086169896592
17.390408836648803 20.098670487190212 12.70570793086147
16.79736179740503 15.051579547640312 6.403315998004027
18.324172232255165 17.399376117331272 6.845699150013537
24.33028275520007 19.661984507851898 11.070949255913371
23.918761659548007 13.952684348459131 7.22706878581924
23.27576919328074 13.315829666589917 13.07589409512061
16.4356862614131 16.446612089023905 6.2723824340821
18.420523440461704 13.696590267835141 6.347743733654926
2.960195801616689 23.939157971839354 13.879246631433094
4.429618079041343 15.767248171952703 13.593926521409575
0.1269111842420138 14.913094845142943 17.805576553539442
3.1429514678827664 25.251635473220038 13.764277522264637
0.09471336406027885 23.509166046917787 17.84333272013442
6.5994385025446265 15.711809438561684 13.398635759368643
7.698896640408889 25.414420189990075 13.781784305059302
0.8706795734352625 22.818981027264275 17.512241976380196
1.3533559484212345 15.742236287792593 15.621479580117242
1.2085087494331135 15.04605128276072 17.829436420705598
0.4699809917314215 18.981834689268695 16.989306249761245
2.9431035066481592 23.744568667542662 15.214456388411087
7.2222810343186215 21.73095889364421 14.550308883661788
6.889885731794258 22.870388788549512 13.733804382359937
5.415395965658077 23.34092168437894 13.995642361017639
0.9002857326991801 20.62559460945399 15.797286261341643
2.3628544852331443 18.52886034415283 14.522029867827897
2.8657398052749463 18.920655906757606 15.786765487413302
3.281452203843637 17.76074650517356 16.729855558904827
1.4202023772234325 19.739928009278586 16.641103933210406
1.8054467114464656 20.46824826153151 17.69913573741776
3.900549622244135 19.88557458378062 15.786012279359024
4.71180514965251 17.61418869568897 17.31886123337627
4.789680711678304 15.847293078307542 18.000955535502634
4.819915576186852 18.37095750373592 18.484858548202315
5.844477129353996 17.6778881239279 16.421423434463307
3.8945073228873075 15.445338144578985 18.839593429257736
6.566556710899748 19.675774434567458 15.524736378225427
7.978714194893118 24.464183104554838 15.612673314735666
7.9716870598474765 24.20588030004406 14.296015635983775
4.732368209940259 14.989641707444456 16.996854618918555
5.977610626614853 15.704681024491546 18.621251005407817
0.28981975207137217 15.922169282796483 15.675469175074548
0.2603791059714144 15.159228022207788 20.041473379612263
0.6176919458445237 24.360978669258245 18.278083981698302
15.1092746722252 13.347614434243535 15.792060437141247
13.660927934455867 13.273029736506853 19.623168719584616
15.937786775853667 14.246894446003976 18.029293782986745
14.494572098233826 24.271707298629558 14.13427782903938
14.311465182829446 14.911967206886306 19.435048929638334
14.072379574462834 13.987217089386867 18.90990581367497
15.319986930880914 13.376415139171755 18.249949920950353
15.537361778491755 14.33843763983297 15.754499755884186
14.06938014902381 23.26869375103026 14.098561870873915
13.251492689188645 23.320371983346515 14.817233884626727
9.183747219620704 23.84667161734617 14.023519071968817
12.040074585638509 14.995672982865358 13.802706748244058
13.46576519349152 17.422756017227346 13.69455582791926
12.006318507057332 17.569383007302225 13.761988122427118
9.262131016360472 18.803178770439644 15.284557515708167
10.562539964813759 20.243418313416015 13.737714430914934
10.116469797359507 15.676720181166372 14.170423470330007
11.369048978837073 15.942716824241492 14.415216076495966
9.715772315491236 21.401148468735453 16.62040128381791
11.542869128473212 15.827147347050646 15.73092358184504
10.508440641143004 19.470440853871413 14.947910538936416
11.74886158842373 18.58103627960187 14.902867799880344
10.858909612631422 20.13227727719777 17.542819378607025
10.726794898867237 20.623687430625008 16.40349757172971
11.791728715547398 21.450472685245106 16.325555550291188
14.99816256771799 16.20038811626532 17.244443252092
15.033735586929208 24.130078265583105 16.629516456650574
15.624702700890735 21.926470899778057 13.612026442733386
15.038128297243368 22.117577330436394 14.510641378154109
14.42224619517132 21.238363327645366 14.699776186428254
15.764798570050662 22.26969200366867 15.800540949282947
15.737281281714145 23.313730642510635 16.700227231420598
15.46051029143114 18.18044002227797 16.847596856127772
16.015270827269926 17.038236980823882 17.233057450558988
16.350423964773494 17.225622545907285 18.51288949357124
13.199706961466008 14.15560545342361 18.278884522811612
14.811638056906096 12.805573443639979 13.85079489765182
22.539755073176554 13.497857322979698 13.858996353851559
18.81328855427658 13.367647069543693 15.025068918543985
23.770438366873442 21.607500059038486 15.317325349353458
22.906185758861348 17.086740338406365 15.01439545588773
23.343425465322376 20.775589322943073 15.857681258989887
21.464579648772432 21.557645419600757 18.017348269649236
18.217254426092257 21.628968285750577 17.49304228275846
21.111340036735978 19.15061977081865 19.391947136321903
19.197696132423886 19.81907458384735 14.284175941176269
19.82193044419119 13.732261260912768 17.345734871882648
17.299950192803646 21.985206822771644 17.265562507091627
19.62428490859834 23.12377943343091 18.432007315874188
22.04917162731886 22.252397629952963 14.368108347353516
23.719931062775387 15.738687982395392 17.147440975773794
24.42584995447807 18.130008190875415 16.69603730344074
17.87713073054973 15.201793634325071 16.509014681079556
20.906731347132812 23.26816699848307 16.32834437323614
23.516826284785417 14.553292057697847 16.607602905954714
20.39595931607624 18.046445429657705 19.410275720756665
24.079721985853123 17.030973342055226 15.844555668336152
21.683706582721648 25.41416385745726 18.20493469944781
19.11909312394393 14.523357803824517 15.821514462169548
16.851138636120275 16.65275396349033 14.800500918042543
16.710970849989696 23.1741371914093 17.598889885186367
17.046425928900852 23.757992153864812 18.44327325361496
19.958663429227546 14.513022566674456 18.360858115467668
17.121312307090708 20.508683834852224 15.939306337309603
21.310718746320294 19.37624920043283 16.824925733169273
22.38538855131642 18.801548040289855 19.306305349297848
18.95451281505851 22.899547614794578 13.669150090668701
20.720688412189386 20.225770602249963 17.85553937484425
22.128992931175837 24.185988542435208 18.407758933053042
23.04939359986186 22.346693122410375 14.471859808826144
20.853725963579844 22.911843744425877 17.728920229259167
19.315311102674524 20.318876253010195 17.850810710251732
23.901904509808112 23.20411446310041 13.806751199150092
23.32677196529012 23.981690949044133 17.79495107102361
21.06215545139313 13.306316518468176 17.14341875524747
20.176764653820186 15.399759867025319 15.360917014951799
20.67078161482313 17.88215452808092 15.01704020418134
22.656746759057004 16.00756531795559 17.80685248346114
16.695701385251443 21.427503479226832 16.314840362848525
18.3643015718255 17.746188048089504 16.42533377255
17.4628133147954 16.664422780555206 16.112356565232677
22.36269526418594 24.12438945950361 19.718376542987265
20.886273211535197 19.708205711995415 20.528758286440365
1.2299509206795243 26.230054252972664 -3.349999969502433
1.2299509009579919 29.070000288458882 -3.349999881468124
2.4590443185395494 28.359473644928116 -3.3499998856480273
2.459044002123629 26.94052894830861 -3.3500000138887778
3.6809553668693415 26.229536437426017 -3.3500005057624116
3.6809556279749267 29.07052020466415 -3.349999862600731
4.910049150693919 28.35999386733791 -3.350000065421155
4.910049378329589 26.94000869324172 -3.3500008355937694
6.139999922714 26.23008521725108 -3.350000791516842
6.139999970347134 29.069969073394695 -3.349999960435671
1.2299499381306345 30.489935106472114 -3.3499998498420105
1.2299499475682119 33.320064878773955 -3.3499998370452966
2.4590402121113697 32.61080367010445 -3.3499998501691497
2.45904019983769 31.1991963247706 -3.349999932966793
3.6809602380413655 30.489413000808657 -3.3499999524504345
3.6809602231782175 33.320586937013594 -3.349999986677866
4.910049624437468 32.6113170530443 -3.3499998728999514
4.910049626931543 31.198682934490982 -3.349999856249587
6.1399999923361195 30.48996681474946 -3.349999855351421
6.139999992734935 33.3200331646785 -3.3499998969644693
7.369950922605336 28.35999382477883 -3.35000038568384
7.369950837379219 26.940008706693366 -3.350000396665008
7.369950340685479 32.611317069283274 -3.350000014592279
7.369950294825567 31.198682911269003 -3.3500001829722423
1.229950908326833 34.739999714802046 -3.349999908534651
1.2299509323673692 37.579945771994055 -3.3499998636976382
2.459044055709647 36.86947107734764 -3.349999898164635
2.45904430782385 35.45052639273992 -3.3500000327521127
3.6809555720507867 34.73947980389578 -3.3500005498589305
3.680955417997832 37.58046345262875 -3.349999915148254
4.910049149661121 36.86999117459112 -3.3500006318552487
4.9100491667697534 35.450006266794446 -3.350000255714062
6.140000013576876 34.74003094805645 -3.3499999388973722
6.140000165639527 37.579914781453354 -3.350000485770858
7.369950769332265 36.86999136658387 -3.349999879814969
7.369950872575973 35.450006200003834 -3.3499999094816624
1.0663811311566422e-07 36.870022653005975 -3.3500001937304735
3.8815528796762644e-08 31.198651889989087 -3.349999967755286
9.062302059977093e-09 32.61134810782314 -3.349999841881026
1.1568983856324608e-08 35.449974930532946 -3.3499999552657433
1.3441942170650921e-09 26.939977375593607 -3.349999853753547
3.231992218922111 27.195439530761682 -1.009911369315466
5.193616943344254 37.64606322022529 -1.0043800561911742
7.592896536295402e-09 28.36002506752317 -3.3499998228421077
8.599044540428872 26.229536570502976 -3.3499999003788705
8.599044354072634 29.070520173205335 -3.349999932248985
9.820955673869358 28.359473602756918 -3.3499998824429933
9.820955951320572 26.940528942874117 -3.349999816797682
11.050049059176676 26.230054229884313 -3.3499999120525183
11.050049122293235 29.07000024091551 -3.3499999713089004
12.279999995224706 28.360025080047333 -3.3499998910419118
12.280000013497922 26.939977342596784 -3.3500000271842687
13.509950910355265 26.230054228356178 -3.3499998549328005
13.50995088952573 29.070000289137827 -3.34999987246944
8.599039717903995 30.489412972088317 -3.350000272388
8.599039774150539 33.320586972238814 -3.349999939995525
9.820959792182416 32.61080368274281 -3.3499998727116855
9.820959785251008 31.199196437785567 -3.35000040076583
11.050050161745459 30.489935134703664 -3.3500002783463234
11.050050047904094 33.320064855646635 -3.349999908336627
12.27999999791995 32.61134805014204 -3.3499999980368123
12.280000026001884 31.19865188370092 -3.3499999922007904
13.509949938299666 30.489935129463582 -3.349999875644899
13.509950118106225 33.320064667246015 -3.350000496282993
14.739044314694231 28.35947364337474 -3.349999872584136
14.73904402733503 26.94052893098306 -3.3499998722007343
15.960955493907091 26.229536547082215 -3.349999882997033
15.96095564640621 29.070520206373995 -3.3499998550256027
14.739040207691115 32.61080368399476 -3.3499998650183693
14.739040184601228 31.19919632800724 -3.3499998968176503
15.960960210863977 30.48941295849074 -3.350000050914117
15.960960206725243 33.32058700667584 -3.350000036965328
8.599044357786251 34.739479802508754 -3.349999890726644
8.599044518321483 37.58046345628219 -3.3499998339990666
9.820955970593085 36.86947107034695 -3.3499998710123267
9.820955691991616 35.45052637908107 -3.3499998696290856
11.050049064573988 34.73999974317856 -3.3499999426870595
11.050049099142658 37.5799457056265 -3.35000008759635
12.280000004322824 36.87002264938272 -3.349999848662115
12.279999945622976 35.44997512144202 -3.3500002351015223
13.509951204326189 34.73999994445993 -3.3500011499449944
13.509950909056913 37.57994574072809 -3.349999845284141
14.739044025613651 36.86947104763033 -3.3499998475068504
14.739044337922705 35.450526402074246 -3.3499999635225364
15.960955633559289 34.739479801935005 -3.3500002792722148
15.960955462308167 37.58046344214392 -3.350000040308122
12.702155450354747 34.193624508447634 -1.12817768837147
17.190049062895746 28.359993823598845 -3.350000014162693
17.190049205378674 26.940008616231022 -3.3499999429193017
18.420000009750364 26.230085134798895 -3.349999944820704
18.42000001800434 29.069969115426122 -3.350000237167976
19.649950962814906 28.359993832477976 -3.350000035587862
19.649950817457178 26.940008610067483 -3.349999968243872
20.87904444452938 26.229536567894105 -3.350000091142867
20.87904435678438 29.0705202019379 -3.3499998334139414
17.190049703444213 32.611317161853776 -3.350000409255167
17.1900497442471 31.198682849639262 -3.350000520625598
18.420000041242982 30.489966855858196 -3.3500000324086097
18.420000013430062 33.320033210174344 -3.3500000078081706
19.649950386976546 32.61131706670052 -3.3499999982148676
19.64995036410505 31.19868293335372 -3.349999917157105
20.8790397494355 30.48941300951252 -3.3499999790715016
20.879039758569842 33.320586991051755 -3.3499998978458945
22.10095567400889 28.35947363872199 -3.349999839874421
22.100955979093843 26.940528999358644 -3.350000080221265
23.33004909348669 26.230054256928472 -3.3499999065653596
23.33004908209416 29.07000028608126 -3.3499998642387876
22.10095975358235 32.61080364201849 -3.35000024991475
22.100959802813502 31.19919632470284 -3.349999924029449
23.33005005269235 30.489935135191757 -3.3499998231802133
23.330050096745868 33.32006490234499 -3.349999980340991
17.190049257476215 36.86999133906338 -3.3499999486244336
17.19004913270574 35.45000620497715 -3.34999990125603
18.420000004207633 34.74003093924946 -3.3499998345968187
18.419999991165277 37.57991482185826 -3.3499999578818587
19.64995079028477 36.86999133587345 -3.349999985337997
19.64995089619697 35.45000620291199 -3.3499998323038604
20.87904433105499 34.73947976452188 -3.349999949096354
20.87904448882405 37.58046346785077 -3.3500003599622783
22.100956018635447 36.86947113618534 -3.3500002952131136
22.100955738512724 35.450526278983965 -3.3500006397754656
23.330049074193777 34.739999680166555 -3.349999926550591
23.330049078571772 37.57994575804126 -3.349999851214116
24.559999870205598 35.44997472871845 -3.3500012393002985
24.55999998581403 26.939977361863903 -3.349999871306456
24.55999993251746 36.870022867179955 -3.3500005586953376
24.559999988768993 28.360025059546253 -3.34999989063939
24.559999980068767 32.6113481170685 -3.3499998879204695
24.559999980538265 31.198651891228742 -3.349999834909274
6.988646810546946 36.06687321234801 -0.47764101926267233
4.419938839961604 29.2697272116386 -0.014977362767277791
0.6040337368538176 28.46757896686395 1.765564785546937
1.5183099937191438 28.58996651999559 -0.19185258355274404
1.0687634846110063 34.947051929646975 0.6821191129153281
2.4871269995141416 37.17348404722164 1.1667923404325298
5.068522546524495 37.19665551010442 -0.01924854062544945
2.733685134553038 36.33065237281154 0.5381081154695411
4.1216690296195235 34.92027092520287 -0.3347611575878151
2.6711854342967745 33.37549006728063 -0.4028435249881024
1.3324667080648347 27.443985191474347 3.7077854358046345
2.4375365749174676 29.481622596895996 1.5244351690044489
0.5693650634607366 30.914226815185778 0.7323764134165389
1.2564515499609237 29.24414510953118 0.9448517052552086
1.7288776855285026 31.669593500703044 0.2055547877124564
2.6159921754796267 29.08892628300704 4.310644038688953
2.000787075355813 29.880449920747285 4.187709032742358
4.204423174959012 32.094707136704294 3.615322508324774
3.847406197252008 29.075395357990228 4.784268869664836
5.447407416447988 32.764913819496044 3.881115302553273
2.3452754679405063 27.74323023577686 3.933773973989978
4.460585919838792 27.946853979474774 4.658880784897823
3.527917305593283 27.114537833586443 3.9725867972763407
4.1089887193405 27.14309621026607 -0.5116771723200952
5.174538317242519 32.12529595986358 0.6887415623278825
4.867214649153624 28.29533146270046 -0.1449668815516325
4.986237499660883 34.512918434495546 4.215019521595683
2.963109077147878 34.31331835793017 -0.16755926284698686
4.938686996601462 34.37687146741559 -0.7859802517318026
4.246809178571606 30.029505496808532 5.094995600925646
1.3642144879605373 34.101979824664845 2.881668739443264
6.473797383366101 32.76849813600234 2.6900857335933113
6.050202501543071 27.773761476559834 0.3401127893853051
6.32817544294382 31.795055583781203 1.4425574071066405
6.554724080827206 30.410316742741383 1.8061973257199782
4.6417948717386475 35.21986829470986 3.0765015228917503
2.0542549398286325 35.20943991629815 0.32664881011968405
6.124349236131319 32.3103225914556 5.077714405789817
5.900093878715211 35.12596274068477 4.914699086073022
4.005542839020682 36.22318101094947 0.03716153763768659
3.9419853165805865 34.659739255987354 5.040455900845045
6.425949766623121 36.55861637088579 0.31587060823078716
6.415548681316517 27.620349410250707 4.086459724856796
6.342115695495803 35.9682729500667 1.228321425547687
0.8375737887373553 32.91681383784357 4.525922998832267
0.31910318703269086 33.644824325434655 3.5570156337570302
4.837155724667282 37.99603083997071 0.6847177058856813
5.886836466572435 27.644143165521893 5.0393486228144475
6.049237835794115 26.327847746062698 0.17614143444085517
6.031280643207083 26.678936904581654 5.524748205317671
4.83597245783828 26.076056569257418 -0.3134775678652657
5.613618684924836 38.15087688107306 4.6583104997597715
3.706930067450889 26.10133738179355 3.6442892559903397
2.4042424754365093 38.24033109352419 4.923005945386334
7.820151959532423 32.300667324338995 0.444164314713833
7.670737392285288 33.46531438273772 -0.14276077727232162
7.038130304200818 37.37111050345439 0.7072633447820975
7.577306820581681 26.089944227981032 1.5187098060816095
6.899661284345523 28.248001575898275 0.8090649239625114
0.1485882642672226 31.325552829743568 2.219526454263332
6.444373271199578 29.735804031909883 5.535602819216299
0.3724118965851718 36.80876155980708 5.369574622060394
8.101362339914905 31.417119184223093 -0.5024324840572214
1.3289810007318594 25.687945103542805 0.13706917169275856
0.42043272716668334 37.882903472061656 5.548496818063004
6.427277862499144 28.74756492661804 5.995158275964634
9.98089023948043 25.524299986656914 2.4986390406742407
13.109494724979115 25.56154879112182 2.8421615624445042
12.335060673990355 25.548022181649984 1.7506377010183083
11.943673698935843 26.078347669866247 5.269658883763508
14.635363994202994 26.28978261912962 5.581682300323811
10.50421623807929 26.767799531512026 0.4245221989660186
10.774610816085788 26.508261042240857 1.8267344904239358
8.53805758558168 28.216490603385004 2.9067548957249456
14.32330243140891 34.645665171994594 -0.5744888576724816
14.243424619336043 33.3097301812918 1.428368381451811
8.97049400388612 32.49899633108169 1.134009414390298
12.517123761568092 33.61764237665238 1.5947072292743392
11.156583150263652 31.87914388674614 -0.2383436173777953
11.614734246009238 29.100690363402926 -0.1394942974950153
12.86915671062766 35.25960128684926 0.13562533544681732
11.510343374606096 37.139533417653354 1.5957958933345473
8.322767548793882 35.92469468049363 3.4017183158909567
10.41541032553245 35.50019086701909 3.854020809474672
11.07163755667757 30.190197069036007 4.740406198082269
10.14967902333452 29.966804097316857 2.0289567647853977
9.942900275328473 29.49808533487338 4.586863966658633
12.283769525836886 29.933598340196525 0.01879687899240312
12.03174861982747 31.26997688370873 -0.0668765262839488
9.839169648396549 28.82310558141881 2.871122526227856
10.991170643255813 27.693838547177975 2.75232256281274
10.025190536167468 28.577508608364063 5.5296053127715545
13.192114091294478 31.87861103865786 0.45627283994340795
13.678612667004732 29.810160453739112 0.21491337109955655
14.142154769179644 30.955323636703127 0.5489375054069601
14.169903251221802 28.94890608976146 0.022625871782165907
15.464381266143905 31.97045109831008 3.336701593925765
14.686311348809898 30.98735864093409 5.141639100413236
15.668286373761115 31.026398381017035 4.237191341329396
13.295567031539317 33.32434737782661 0.8903606381883733
8.937789482253962 30.24944258835618 5.024862363697751
13.3267904649653 34.347870610561266 -0.24832586047271232
9.600766935598106 36.35280525789782 3.288547702439816
14.580900282173278 28.983658421046577 3.279482166759485
9.53822393824678 35.86275931010645 0.7298964228914684
15.160825069776763 31.196751556471337 0.8143115400076439
10.082736669197647 36.96394948521272 1.5778002563386484
9.672829535903489 37.464530253177074 4.078542561860994
15.925457074862141 29.347731657206083 3.6610785604991616
15.867521298579044 28.05281939605786 0.5337303314282393
13.676045474739679 37.23838589451456 4.2989472901924195
8.42258162059296 34.700760662633066 5.3475768294180686
13.15280478233203 38.23210697302151 4.929106018372
13.116897382828439 26.11875357556685 0.8089125623152871
12.018391549124141 37.83724752876598 5.4439778023799565
9.137483459351659 34.30002673204566 6.0509456358217815
14.035863474835349 37.817038211131056 0.4204261301835477
16.132442306799362 38.14402593490077 -0.22649633579221562
8.406992623893103 32.27851480453791 6.147778688543463
24.18607989692126 26.18242166698041 1.2332377783347448
20.985334437022825 31.624936790990812 0.009149904246669172
17.07364762557321 36.210378510297566 1.8629124563842803
21.97852069470833 37.852428824139224 -0.22559632834903587
19.940706947130735 37.64950888168386 2.107878920617555
19.62802011249621 26.83966340025572 4.893238571554868
16.518347818327978 37.24546458175621 -0.6848241996963833
19.006044861260104 29.47879895739764 4.9412241979253055
20.27918616042247 29.788518477722228 6.118415021397815
21.918333580209772 32.42929300340033 5.6409992924590036
24.395284957613647 37.15926578263714 4.5267320579602774
16.67738082381167 31.40115148052592 5.062067928062323
16.51689320257478 28.6171709863209 4.733340546542588
16.750228361554186 29.434422222331158 2.355418528949703
21.266043280386338 30.747662785176026 -0.5736818589428294
23.16700606616839 32.87643271046709 5.7084716979529055
17.665155794324725 37.770287595866094 5.6484893597550005
20.06275977984545 29.32171082085363 5.157503873920973
19.43434531458523 35.387225690291274 1.2709715202283933
23.17369520440584 37.00572797393561 5.270648857916028
21.41586874154603 27.348841827439365 6.040296347613777
22.12870694010367 37.94327805254354 5.009616218540293
20.57140798401989 31.30200599481482 0.9643884045117446
22.402632536080112 32.97696919891648 -0.7930094079155592
22.6640056159807 35.48488533150707 5.296527002583834
19.850337433457714 36.813590846523745 0.9330785463026725
19.570770292181265 28.768117155863596 0.9732703161907108
17.91607189351709 35.03918821854926 1.6922711317605765
21.00416943583993 29.226797300510125 3.2936107065987272
21.73974198626526 26.031163913120597 -0.4964613915843352
21.994760035372828 30.112540895270705 4.395726742126262
20.301616436373298 25.730927762714373 5.09221372272382
21.595127150607766 36.709674735092406 0.35946209126934137
18.69489833727572 35.21700001272366 4.405618281066133
23.5031996766699 34.356996042744946 4.665440838183898
18.248883918758395 34.39805415640721 3.485049677229223
22.22321224400785 27.44194503287297 2.2337252981040354
18.393658793287795 28.64053794850957 0.34568582122230684
20.521343281741572 30.770322048447422 3.664351146400774
16.993470362235087 28.185501141355115 1.4546469054146305
21.80343790379595 35.84916274911503 -0.5923213893700552
18.124603175660713 29.706150693893804 -0.3800350705594868
18.503627354513803 27.759538232028014 -0.6087332888581753
17.0585212833412 34.12110123468048 4.0193453697026555
20.187742441589783 32.163411514503 -0.5027016185204436
18.699576045434956 26.953983203291926 4.353495487324203
17.34254810129061 33.91183277848737 0.8869209584603432
22.796729718735026 26.16171490901065 1.9404108831667133
22.933092500339953 30.193260615895678 1.6054431922711876
23.011191367837604 33.9202954467536 3.3793260036050055
23.499225563417877 31.908562904445652 0.6010905962915047
20.954505067226073 29.896924857960727 4.151842905618035
24.0071804600945 31.857678067378664 5.459882895739118
17.432606965063457 26.989593908952397 2.1881426854273442
19.09653717109903 37.289728613110825 -0.19381971070185577
18.994798151047505 33.2668753212069 3.578325057524281
21.96571488705818 33.38189994743508 0.8646175829199654
20.279584350128538 27.89090067051071 5.422276836462215
22.1919233404718 32.556074906047094 0.19012315172940997
22.46353314893272 36.48081006448804 1.2926550014925464
21.482185659442212 26.02097992456538 5.72312407414757
23.77632097149544 30.790808116618006 1.291910530739605
3.4681977144294605 32.42648136296918 9.972789693569371
3.1186257742555448 31.266885750315225 8.574786008251223
5.053066368279223 32.67279300211513 9.885788959082213
3.1757684124674648 31.847383822827368 11.255260738168692
1.8610291361174216 31.19200641660555 8.168621329605026
3.5003631790458054 26.51986776703192 8.308823881311543
3.517472381620593 30.06735833582824 8.84420485605143
6.317685803789793 28.466049512671493 11.529354025609251
2.6562605665753782 33.56891503186263 9.696761280295528
5.75936569871002 33.660607875704095 10.835690255827494
5.085036216646812 34.930636277175175 10.895197914717638
3.195095646215614 35.17685975867243 8.909873852454304
6.318411708495664 33.06852746038771 12.01322124918131
6.529973282836345 29.742228897329614 11.270684905078195
7.12016870714426 34.47450404892588 8.704045362798645
7.373403197706301 34.02762961900519 9.936484025599686
3.207750008190272 35.97298260432023 8.288481639923797
3.9806781689812443 37.1193998385627 8.456954944999488
5.875527789949654 30.454474158909512 12.17088561917655
5.998597291088976 31.432415211756748 12.391306115177805
4.787654705749054 37.23451110946312 9.165430960434227
0.37411613248323156 33.35116602748602 12.124878534780505
3.761005787869705 31.533175933797953 7.423045391571944
1.1941301395967758 28.488598569421903 11.85895167758003
5.740940958000923 28.32863819106028 12.763064812447556
6.778772111225014 27.34753756593175 10.764220096942957
3.57928103543093 38.030996867901564 7.635983751907851
7.049600976774518 30.04412203726444 10.373329015949333
0.6620760511933718 34.63592064641188 12.6059976686831
0.8541414711344837 30.23634647065159 10.665555394660739
5.762310690542551 28.689644666165215 6.856879752835042
8.10158829901476 32.95348642089089 9.714253845162345
6.545034541294303 27.65150217245609 9.743890607770581
0.48324633097419717 35.47795291514593 12.077697006580406
7.861429184408957 27.248550714817053 10.842675595887734
1.8417791889334203 35.4604903760336 6.760374442820095
2.5016978088498973 36.19820202496308 7.1924495961572354
6.108195951429474 25.62049770200325 11.992048669141788
0.4140376193900559 28.986931020260528 10.907056139191308
6.069292987661686 26.005380292328116 10.973004042305396
5.06097742877845 25.865127869268342 10.583479984507374
0.69867388032724 28.29427037923414 9.763418043837667
7.398165494372812 37.48931789278563 9.491562724036154
2.625694788607717 37.4972894055597 6.804533440363604
0.5866164259918915 32.47226531140335 13.115052013153205
7.942484582096348 37.25874836667528 7.4297093411227175
0.4858833778315334 37.14340740171547 11.259236903766642
5.522634029705546 29.579161940199175 13.132370547421395
0.3853873343626016 31.411179514438587 13.116997306927141
0.17067829994828596 28.844620924189094 7.186847863903374
8.161118432337856 38.035366612764726 8.508789188260227
5.51795353729328 27.337709003981747 13.130128780180456
7.3680168842048674 28.503964421708666 6.488887844720691
8.196519519154743 34.871129979633544 10.530915421459973
13.758242147996905 38.218873096038266 13.241424380632203
8.802603676787784 37.48531358702819 12.715245602735624
8.49701879851142 26.4010476274026 8.556170909645084
9.108323328953487 38.086987219389826 11.963830714405159
11.981256132392975 26.032397728076063 10.993858993147537
10.594711492948791 35.790219480228025 6.512031924473813
12.997497966125211 26.245421653449082 8.105008346240878
12.887451705744148 35.036160195722616 7.842306321214009
12.014483173993261 33.93519349137192 8.288220120034591
10.176578975670301 36.80726293342022 9.241803776980731
11.378094614359751 28.077412055395538 8.533966884764656
10.653676026787197 29.757504563904856 10.33917435399346
9.487005993972858 30.085260543297196 9.549297957144802
10.00673155438691 32.81262347074069 7.36053914939429
11.837412765529963 29.17387141389829 9.095924089047667
11.971703702870363 30.016548844888852 8.109224644981031
10.799662213451027 33.876336366753115 7.514790849114555
13.09103180414751 28.887997318205517 9.534546173728494
15.0598630512271 32.328049227032565 8.79980639963971
10.153114347409634 31.93319592812883 7.970112176365883
14.094190941576143 36.56228643896885 10.787796534622679
10.244399055415036 34.7734845261812 6.611687477921074
11.183162018976065 31.072555845926807 11.010110020446321
13.952056232213394 35.96260515844243 11.990415533996053
11.880351026081314 33.95221512670585 9.369801754004408
10.649331800119127 28.650061433809366 11.247587913942445
15.774795996701961 27.155241853265935 10.658182325992632
10.557041601069841 33.15282102845208 11.967031737981861
10.771086531065226 31.76738199989115 12.330368892124891
12.684286345882219 33.10936735036605 8.048480895451778
13.878302937374793 35.011048636478996 8.295829469875768
12.392028617853306 35.940308677348874 8.196102148423282
12.988024138980455 35.2023769866298 6.769759276010304
14.82846404447257 34.989024412687904 11.981396256137124
14.241423465172256 27.590340190540548 6.52092859850003
12.770622248284814 35.29812917871483 11.917605906833073
9.632872916578519 31.17083841599273 13.00436822098337
16.052930576181083 30.8584111677546 7.723672185947612
14.617250251991196 26.57344488597757 6.633969148449443
14.660622933213759 37.7478305634486 7.010109165891622
13.690702476887594 25.683320769544462 7.4792207601445595
13.335695898480857 32.29830833900988 13.065162424705859
15.849317602763225 37.703542982836495 9.221574570838806
9.985977953921989 35.79591713707541 12.363546352170609
9.88646438627236 38.14978465268742 9.074603588634579
9.258573269286622 36.313715654509096 12.971137596442057
9.033541148717365 33.00298819260726 6.468208487461934
16.3232014947051 29.997025566416255 10.697807979003656
9.297648176664795 25.972910362473772 6.688766931163858
16.31631256917439 32.81994982246422 12.753985345395359
15.623943530978092 26.621398417619645 7.049142727654933
16.281795265491017 31.74955360083238 8.693498288634123
16.08373117135977 26.215871329691705 10.223968004122286
17.059944620416097 32.67927096205684 8.153413296832708
22.156515922524004 25.98169897351402 10.050286074051073
17.33513484859564 26.235787881932964 9.602273628402699
24.37259807473349 26.568829226433873 8.768242571838979
16.584793856409583 36.97498607645275 9.529274935677043
16.8581181028602 36.95934084866808 11.674839829146268
17.151947657326335 36.64135321147508 10.762344319275584
19.140517971883604 27.303691395640712 9.530740055388314
16.81957431435133 35.87713364881159 7.675523230742098
16.85319918753088 32.26595107139628 11.166007392483257
18.097390597571582 27.440488211007196 9.245657764092188
22.697575248818772 37.791700484602444 12.621582012634741
20.088953298400025 34.616464572057474 9.38858660641657
18.92330900442573 33.8857353718215 8.28863142463604
18.140476528395226 35.45533228759379 9.348149128488549
18.501245814737796 30.881964587959747 9.903247045107296
17.059951981283422 31.174805453032377 10.295375943048859
19.753444252655594 31.168385332032912 10.67698917339936
19.82937584962791 32.444736455767995 11.304603342563924
20.28387332107811 30.053310643529755 11.448680222912031
21.17938436297054 31.29100861213098 9.349359641608396
21.4208038775394 30.14533718063334 8.719464997815285
20.88351695319704 32.12831622704043 8.42650759219499
17.991871047151168 27.83407373947302 7.84007125298524
22.347687451113497 31.646637023590674 9.85630608978311
19.302474999635997 34.835303906030674 8.666325412562209
21.673115826425562 35.585457826789224 11.708359776350086
18.726826719819858 35.58112372626656 11.477711426624005
18.13293660279502 35.81392892385131 10.606220595414667
18.785877275017707 28.563754001879115 7.681260595496048
17.1171528578405 36.103315209734824 8.688779818175213
17.018064757062277 28.293085282073978 7.669455564179392
22.502164884943863 35.940785365377245 12.82174174429106
22.723761583336874 37.20993082319313 7.914281739950319
23.732138734603346 37.385007391253716 7.0084118285524655
21.491037920872614 26.53161623161807 9.088019512540829
19.955088682666574 35.75548723119564 7.587064667132164
20.076223293123544 36.82149793899177 7.779542138785799
17.71316239306884 28.302408406335246 9.791150445519333
23.251052960455876 38.12268893324991 11.45136337246945
19.163953778310397 35.77547227793483 6.8375273691602425
20.896243005752122 35.33558079129859 7.232089848398843
18.15812864966444 26.893855651762895 7.314287687883393
22.21201056402239 26.874131014981284 11.003082594556197
23.854015362328326 35.48570093455433 12.810699200880896
23.39506472006871 33.146970232740365 7.00937669093182
24.261895219390514 32.949557548565586 12.358676272911195
23.673940668525123 32.14358207689291 12.772334326363751
21.921234775278563 28.486895158813322 13.213790854661095
23.867680439204843 30.790483314147572 12.888274197252855
22.194778666554903 27.944388408195252 6.493091664373437
24.47124560004149 30.23834248689138 7.688793555302684
0.14574511754484767 25.927744467368296 16.00731708450493
1.2360876851764186 34.66037974598728 18.191746149112696
0.998740216304103 30.61835829187641 15.336629771053046
0.8725726943147719 27.347685226739223 14.538456092964086
7.835900959480129 37.80000408854441 13.712084286069263
1.6648235723930456 36.16715017276617 19.60831340830333
5.1008800552883455 29.84364762791632 14.090791595855155
7.687348933449173 36.7448667010025 14.54631016399677
7.098954711322512 36.53129032698581 15.426410937699531
1.4043189185688154 30.973326703288393 16.904960622537278
0.8927340680698671 31.429225033746004 16.057294619290325
1.6578497350803731 33.50341255736142 16.280371556702185
1.2379747472004896 34.408965489009695 13.803941422022133
3.384286479911418 32.439491761635864 18.4934406348918
4.928084404482321 31.525930437639975 19.570023139266908
1.1364289836448627 33.13591498931604 14.181277230173002
4.777280438169098 25.68411569454286 17.584850303558465
2.6685644120228016 32.46342172865859 15.2806375396053
5.356696590622849 37.37394511196229 16.882535160333838
5.226100312056328 27.19321808892334 18.97204213081597
3.8429770122439186 36.550528770549384 14.604641667313834
2.397393817340644 36.672178697615806 16.473610394060646
5.649317227313395 27.93454649767854 16.043032524588032
4.353824635970598 28.15255713022529 16.666829310463402
4.238613553302214 29.55335183061495 17.309732722944936
5.089470737805102 30.80141029782444 17.07474525887631
3.1660505592060217 27.834603584223796 15.879730244415924
3.1750843851582102 26.655969186897796 18.551720528591392
4.376884098519539 26.85648085138305 18.018153086576394
4.743446452340569 31.422678838548183 15.829390867315814
4.663581625148353 32.093912651553296 18.41819472652286
1.637530242433302 32.73288860643985 15.509670602984391
0.8818116973864236 35.89004460477291 18.569330244479964
1.0821188605424652 37.07308339395099 17.115411747341486
6.474718306376615 30.559504482531533 17.328182412880714
5.28141206306201 33.22470952057117 18.375349767433725
3.192218547569399 37.49112000017854 15.445804979043706
1.7895144362697086 35.084868362153244 14.440619737551785
6.606652572787939 33.89730630594273 14.480714046977873
7.510949619223976 33.80570913677037 15.082342512523146
7.640485986605345 32.74662779553917 15.305203550381723
7.277157259431667 34.173143350267566 16.081558821178767
0.3099605644941354 26.457551716858283 14.778310060982765
0.47478807554999647 26.39457252805015 16.923942577047093
8.983456374505188 33.800828461277206 13.623969467788248
8.583192114258779 35.77941716708594 13.996532234847969
8.358467461272662 28.665034403999346 18.671494580041326
15.636416152796754 36.81266354861696 13.760801266306542
9.341091851185118 29.982876277954833 14.226618584035256
9.27635166391525 30.575602057986465 16.682697078932083
8.268496518651773 38.27302937407929 17.39444679908782
9.258401824057781 27.157007496235888 18.53523683931075
11.364904923569682 28.299609368938242 18.903609709374543
9.307523205697997 28.23115219980581 18.35663043865245
10.261450366183228 28.64034417959953 20.28274683274486
9.804492266517785 26.427200605520053 16.19660292498046
10.475523680930353 28.837271443676546 19.232274430114813
9.330560697024655 29.591429208034093 16.241261713106514
13.586508399651777 27.362982622661256 16.314826983249777
9.634547560084636 34.35120364912487 15.165319721736463
12.236551399574036 31.67930481246713 13.503806236755926
8.795965556936936 34.45355664030568 14.476549738907753
9.81022528810791 27.477281482907607 13.81427082556395
14.220132336182278 36.92070694338406 13.5514257404987
15.704824821776954 27.507482941140605 17.88589166565377
9.507416033119604 27.446303944768452 15.997670535747558
15.17902439128576 28.379204833751317 18.72585256006606
13.298144982677005 37.09198918828202 16.07826088857513
10.96874575163278 35.93362638384088 16.681452321100373
11.945900846424808 32.211851037129264 14.684197485501437
12.225162317650673 36.108593750169334 17.1875008645166
13.390498616805708 36.31046278651029 14.699516348769043
9.397355411844098 29.31420410578227 14.981477470129288
9.383581780685283 28.473437950487508 16.93057276157353
12.539003997601235 30.412429864944727 13.822373577955208
15.374035752068359 28.954464367163737 15.815681916768607
12.045097048145747 36.608085231074014 18.392019555643987
12.797400425298465 34.913135133931576 17.333071949947975
15.057730096165768 27.612738986512333 16.12641697665981
15.61647167004095 32.56151072390675 18.010383234529833
14.574175672905 37.06219570418012 16.762849913106002
15.099812220195513 31.210142154036074 17.00566477386163
15.928270911398583 31.887653910983126 17.212386850101797
9.53765691470882 27.96690777207741 14.737511086155587
15.599611597441104 31.145814679252386 14.359969303399229
16.105864478986252 32.573808760547465 15.893472598451122
15.407154725134587 26.350326690603907 18.41341025783993
10.645173017075738 29.897451326567488 19.044291136293015
15.958460722692974 32.11962147591152 14.658846582720052
15.936075281209124 26.46554308423146 15.499782722054702
16.338553883267853 32.92917761293635 13.757815317922216
16.974061398209056 25.603364250121725 13.383963166969632
23.807771624239336 27.195744125512086 13.54503171526109
19.9628706006386 34.3722973949118 13.935045903899411
16.54470207067558 27.90312472861256 13.523838396550584
22.11062446712541 33.30390694547591 13.53909255417516
16.91474051882452 30.259427267151516 18.40399109661796
17.170527429074745 31.034266116621946 17.681289350410154
17.953359221522035 31.63310923969137 18.146758252589876
16.50855398391457 34.532889406516425 16.604077759777432
16.485710311786352 33.88613975416666 15.739443123733267
19.42596000872581 26.86002929620625 13.810999919853755
16.807347394467907 34.077784213018894 14.465428444765285
21.945585993179577 35.71948936586269 14.213721882261103
21.177341576899458 35.96385302248417 17.06502968614556
21.168106085549418 31.196043023487608 14.50161626704632
17.009596210670644 27.609334204159026 17.90417047053967
20.341751799613135 35.21597096662615 16.342588482991307
17.472087707945686 30.444947278347282 16.81534206262767
23.597297333283684 27.409699762651435 15.205620264429196
23.70559812346533 27.98717377602534 14.28752729375282
17.170141553025136 34.97650793825716 13.988903456648478
20.42029559521419 35.585409037644254 14.516788258931003
22.543025421763385 28.915997702184022 13.999505433747196
21.96210136839418 28.915414162506273 14.921799803350064
22.90284872723863 30.31807849454699 13.713169263163271
19.635340427427842 36.77412661931067 14.44305051071456
22.139761124187384 31.254388291750814 14.033767663776237
18.70943648329647 28.289162120421718 15.238664465912855
18.956853503194903 26.18109604677396 15.784827506690258
18.538559386900022 26.99359464137679 14.80648971420803
16.817026703909704 26.689575851184593 14.20627041997117
19.17878777363716 35.58767560837519 16.9164521404208
22.586820192266927 32.4139513426582 13.502806794115592
20.613762931133937 33.91659520067342 16.650937526930186
1.22994595460289 38.99945565534924 -3.349999811677354
1.2299507663118994 41.830008655308106 -3.3500000989125844
2.459044577555033 41.11953654312961 -3.3500002594266687
2.459005342144941 39.70108175989522 -3.3499999081357155
3.680994667459686 38.998918210333024 -3.349999816691743
3.680955982566825 41.83052894457947 -3.3499998580874224
4.910049082186204 41.12005425643944 -3.349999894529354
4.910054040201005 39.70054433664289 -3.3499998799642228
6.139999998375977 38.99948987602048 -3.3500000798088347
6.139999988457695 41.82997735246099 -3.3499998507802076
7.3699508562033795 41.120054255992784 -3.3499999876648525
7.369945926165957 39.70054433172521 -3.3500000772717065
1.2299509463976865 43.24999381524532 -3.349999985777794
1.2299503695491825 46.08868292746136 -3.3499998501483885
2.45903975105317 45.37941302349557 -3.349999931083283
2.459044346581365 43.96052018386111 -3.3499999731556818
3.680955690171112 43.24947360785147 -3.349999881579744
3.6809597962956118 46.08919630971346 -3.3499998987518174
4.910050071901206 45.37993511292791 -3.3499998614950854
4.910049079064424 43.96000030505173 -3.3499999996715846
6.140000029431624 43.250025055261915 -3.3500000391555185
6.139999958058185 46.08865188988553 -3.3500001296211677
1.229950363337474 47.5013169933963 -3.3499998650440754
1.2299507813922064 50.33974808423453 -3.3499998874338277
2.4590434621329607 49.62946798877476 -3.3499998918917226
2.459039763048728 48.21058575686421 -3.349999876377617
3.6809597918656203 47.50080360571534 -3.349999869565613
3.6809564856728008 50.3402669131291 -3.349999904482297
4.910049296382391 49.62998828708245 -3.3499998998674663
4.910050071370164 48.21006370223786 -3.349999882440917
6.1399999941780194 47.50134804830841 -3.3500000196848245
6.14000000263461 50.33971687267126 -3.349999915870158
7.369949975023277 45.37993512850307 -3.3500004552022613
7.369950902162929 43.96000025835029 -3.350000036326507
7.36995067938298 49.6299882886746 -3.350000297248444
7.36994995900115 48.21006368751313 -3.35000008811436
1.9580263145504897e-09 49.630019586245766 -3.3499998853416866
2.957516231239786e-09 39.70051016194519 -3.349999814744119
8.926209825463105e-09 45.379966835271034 -3.349999844131971
4.9559999990223435e-09 48.21003200712811 -3.34999987109439
5.832434459328697e-09 43.95996913471301 -3.350000072686904
8.599005322470804 38.99891819769239 -3.349999912257525
8.599043965537167 41.83052899995318 -3.350000623936448
9.820955560824515 41.119536526450474 -3.3500001583087267
9.820994574316533 39.70108183116969 -3.3500003397637923
11.050054153756273 38.9994556103408 -3.3500006351138847
11.050049244669045 41.830008647101515 -3.3499998509361237
12.279999970503141 41.12008520420855 -3.350000020241488
12.28000002224781 39.70051017154129 -3.3499999406102443
13.50994594175569 38.999455658090376 -3.349999843409445
13.509950764523717 41.830008673652536 -3.3499999646526044
14.739044521309534 41.11953654689695 -3.3499998863987135
14.739005324511412 39.70108178921879 -3.3499998437903367
15.960994664601985 38.998918221058396 -3.349999941541326
15.96095596708157 41.83052893608047 -3.349999854307134
8.59904430568187 43.24947367315811 -3.3499999375506517
8.599040147317375 46.08919643767663 -3.3500004745019774
9.820960375056014 45.379413046491216 -3.350000633422472
9.820955643389874 43.96052017270955 -3.3499999830610436
11.050049103323559 43.24999376153362 -3.3499999931630144
11.050049660184415 46.0886829784302 -3.349999894651694
12.280000038010932 45.379966894138924 -3.349999973293932
12.280000076233662 43.959969042444214 -3.350000169634474
13.509950886679633 43.24999380932379 -3.3499998306150145
13.509950361432509 46.08868295340152 -3.3499998238466464
8.59904021184978 47.50080362731089 -3.349999993073194
8.59904356748165 50.340266944616886 -3.3500000273575683
9.82095655168877 49.629467980782536 -3.349999859999583
9.820960257032564 48.2105857676887 -3.3499998839142995
11.050049640330892 47.50131701357049 -3.3499998511261264
11.050049232858933 50.339748052422415 -3.3499999826030336
12.279999988584972 49.630019600552146 -3.349999955370512
12.279999987000908 48.21003199746504 -3.350000006830772
13.50995036552574 47.50131700001344 -3.349999907565444
13.50995069058786 50.33974802375149 -3.350000327465837
14.73903972952844 45.37941302660186 -3.3499998482167315
14.739044344361831 43.960520215551256 -3.3499998297656375
15.960955672520052 43.2494736382378 -3.3499998622451486
15.960959729791695 46.08919629798666 -3.350000296634593
14.739043480804249 49.629467940327395 -3.3499999662071254
14.739039753730573 48.21058577178009 -3.3499998662186483
15.960959751685339 47.500803679165145 -3.3499999660568336
15.960956474966428 50.34026690006322 -3.349999877728471
14.120721442381043 50.71138970152165 -0.8769357638116315
17.190049086633046 41.120054247338416 -3.349999858988287
17.190054065029475 39.70054434422605 -3.3499999328654786
18.420000014530757 38.99948981822193 -3.3499998492493166
18.41999998672078 41.829977329091484 -3.349999967557602
19.649950918634154 41.120054230575285 -3.3499998707359016
19.649945951081325 39.70054432591001 -3.349999820207459
20.87900530930355 38.99891820970699 -3.3499999469798847
20.87904402214076 41.830528921744126 -3.3499998885264692
22.100955471352574 41.11953653760637 -3.3499998704762355
22.10099467773403 39.70108177461951 -3.349999952919165
23.330054058266665 38.99945563645212 -3.3499998402220763
23.330049213700928 41.83000863491696 -3.3499999030519847
17.190050078227014 45.379935103722595 -3.3499999503334177
17.190049095238997 43.96000028029402 -3.3499998817332823
18.419999982234962 43.25002507781175 -3.3499999805047773
18.419999989314178 46.08865188019534 -3.3499998664147848
19.649949894578775 45.379935116735865 -3.3500000663230955
19.649950896711022 43.960000278027465 -3.349999929862413
20.879044301823942 43.24947363226125 -3.349999945457449
20.879040239226313 46.08919636361576 -3.3500001070685537
17.19004927534759 49.62998830380474 -3.34999985107462
17.190050042180907 48.21006373223893 -3.3499999052885476
18.41999998817787 47.501348072881825 -3.3499998924352314
18.41999999829338 50.33971688157415 -3.349999880416571
19.649950733955418 49.6299883170051 -3.3499998630404146
19.649949949667405 48.21006374599603 -3.3499999308832207
20.87904024410506 47.50080365762583 -3.349999893276191
20.879043522150962 50.34026686571192 -3.3499999169750105
22.100960251983768 45.379413040979905 -3.349999919507345
22.100955628830626 43.96052020699306 -3.3499999100708076
23.330049107355517 43.24999379531149 -3.349999901830265
23.330049634815083 46.0886829744091 -3.349999892882182
22.100956459269337 49.629467972668124 -3.350000234136524
22.100960252390472 48.210585779481235 -3.3499998927612387
23.330049609452903 47.501317035949974 -3.3500000525271845
23.3300490303826 50.339748255750166 -3.3500015712024322
24.559999950272285 45.379966833778894 -3.3500000106327086
24.55999993940096 41.1200851631731 -3.3500002427478046
24.559999993905645 39.7005101235644 -3.3499998866725154
2.538000112401705 42.204500733744844 5.859956752114485
6.994300008680607 45.424257667152425 -0.8096327611424614
7.605516047251018 43.799375067999954 -0.45106983997499794
5.40855161259231 43.30270640251048 -0.7082924820966863
0.6461597474221484 49.908187926735586 1.7896442535866242
2.9699769768608064 44.10444279600954 -0.6265113877512596
5.747105682992011 43.106456772761504 1.009106833192167
5.5424348641585395 45.735866470627464 2.149608948139398
2.009251260802653 46.315011597985595 0.17887099494850123
2.9770615382982886 46.03488871387903 0.24940068087287215
3.171870063016915 42.43091465270174 2.43462830433541
3.2734191755056625 40.7561215171671 0.5816482379610088
3.439569816773263 44.87422337937016 -0.03210376818864935
4.767907393911558 45.7799107060447 1.3982320100014112
4.680791293406763 44.83936683874361 0.4288662309155511
3.2276904716574983 40.98659280288107 2.3697531260692086
2.5919584758699044 39.63965068209378 0.20700966195482562
4.486732623207626 40.661994142595375 0.03539211173735901
4.563726637418205 40.34274253073506 2.854307025809603
2.682644856198422 41.75570655060597 0.053112616226760334
5.303541737794566 40.71552518857045 4.153315112815158
2.1150131510729264 40.23103905192639 2.891469452211368
6.147081904623673 41.83709334026029 3.9970774261075857
4.333894505547985 40.77881435379469 5.268878253850904
3.54215684947468 47.56677298701501 1.6432473083987897
3.751990418911524 46.62070479839964 1.166461344207953
6.314618270943093 39.1991052974673 4.533487793770807
5.719953309629388 43.82937798796022 0.19378624203023165
4.2282415538270355 48.20148503904254 5.36632636028105
7.003114126939262 44.623881275223106 -0.0697544315653309
3.5573151127822107 45.4863359526725 4.250646488876992
6.507053239651913 49.46695850656676 2.165990610764301
1.1484080542702673 43.3279327870633 5.017545552397843
7.385184873582588 45.01270710751817 0.8741398510497367
1.2449876412760852 43.005762175566204 4.065191374339427
6.76376865911895 47.74904236967087 -0.32281342594661533
7.043963853982269 39.45369213689795 5.696692912248019
5.581603556443958 45.77147980793277 4.410077302501053
4.5038751046371885 45.59157771510896 5.122677265125848
1.8569467225239416 43.02215351079662 6.044375342073229
7.774441915125776 48.384205970030074 0.1786275408072524
7.728685205863819 48.672248539944356 1.9918088141346624
7.810517403621976 49.61236831258872 -0.4739528708318319
7.180129008609054 38.94139452946586 3.5717419522522666
0.3851323984943123 44.00535228667874 2.2778011197240353
1.8924033525349286 39.320214306086505 6.217017592688045
5.538313799387211 50.07283991609794 4.485493447876918
1.0496405874413075 47.72950939829027 6.08674395748314
2.231732505826551 49.84231673576709 0.4150776723472893
0.2223636127815314 44.279820065554944 5.399328530341605
0.4072246894888423 46.86541379340053 0.27311205344794587
1.5482304958984356 50.71029520827305 1.1687472588569736
3.201993398982781 50.34361020027412 3.1124930837026863
7.927145096383775 41.10654857651896 1.3469062369925822
1.5019875622469385 48.93432893544923 5.077712935288526
7.925406887121538 50.767202309153035 4.207836671479846
7.987107985866733 47.40684138121796 2.6496939439291936
7.580466240161182 39.79290415864364 -0.3405618862903359
4.6993819548678095 44.42241349267444 5.719792675223109
0.6150992970759901 48.61661978208014 5.625973912493912
0.09738990781814039 38.381698722716365 4.6347426745336895
0.049624176751905225 42.948886567525214 -0.5071710754457681
1.8457211059646772 38.29223701831039 5.857596580453611
6.904211826406295 49.03796153987995 6.22782153703338
7.253081539333307 43.81497832811084 6.03930075055799
12.745474539704876 40.80084760426068 -0.6580522571287384
12.48256254640952 48.849435699514366 -0.6104023979992612
14.204922773399975 41.788639194539414 -0.4547214756079643
9.387648462732336 41.278597635340724 5.672013115755153
13.632729349696175 50.56927502636051 0.08730857081170607
14.278410465719876 48.857727815188674 6.107578446223329
10.73362828768231 50.65262493899058 5.483546839146961
9.118733395737316 50.59712510433633 3.4563105542494563
12.856744906980584 39.08277460688924 3.887565002357809
10.561951290254827 42.252925075994675 2.921606494859428
8.851275173921264 47.78300131688083 -0.2258849574786559
8.961385898973058 49.518736142698835 2.382834825142688
13.910051737291164 48.33779978371459 -0.08409533485062681
12.756795393059488 42.08337066340734 0.4173232994263554
14.227032003095559 48.01989438182293 5.109787385559596
13.103320394082672 47.396632676241424 4.971704476095661
12.813867993967223 46.96188904823777 4.107230482282879
12.155810307587755 46.09811070675433 2.6342872772909254
9.144978717310606 44.11705666343459 4.191420905306584
10.078955495039768 44.99804732231302 0.8369689662381019
10.741117884819953 40.45568452877568 1.631688512840045
8.53743555729498 40.552450366612554 0.29069134827911736
8.852769690987206 41.578499810221395 -0.579544958365914
11.562594874493833 44.38342780381739 -0.5276216189641292
11.312217469561618 46.466452610888524 -0.008989743292110441
11.347874218589748 45.1882467552359 0.48328702426426284
12.5639217376693 44.95653952940835 1.861357270168006
9.972389024807223 39.591488459621324 0.7384640129717068
13.911572999305156 44.96430650882328 1.1656420448312854
12.299034413696676 43.63368658808942 2.3826385792493365
9.194949868846331 43.0531378594971 4.370249489866234
14.95543592593354 38.38205951680886 0.38121603791957503
13.40115999470492 41.27468999618728 0.0724612415395609
15.158787799543624 45.59398722452763 1.92771888852719
15.045998774651892 46.93652299089893 2.340428460296382
13.873362192561292 40.453763696803385 1.2545480418495014
12.731958296336073 48.693707701683685 1.1693331355310843
13.148620164416629 49.052504161078026 0.22818596913169675
10.105090485596978 48.66954705265466 4.868581163553034
15.027768310406424 39.68223749325677 0.83048554481023
15.02592144436738 48.21931649400556 4.410926539752468
10.583285732229228 39.267949125223595 -0.4819502100493145
10.482819140350216 49.85216844192334 4.466454845246062
11.671159417350438 49.65014862524178 3.7904088919609547
10.071094030195123 42.17358344658575 3.8007333663053866
15.824248407333046 44.69780439796175 2.881239802956478
13.095940829400933 39.733179753129214 1.5084669351779778
14.054618485773815 41.072048728583674 2.1337350389398435
15.373992554940015 39.575118064423144 5.385829202211823
16.20362544183377 46.32841534012491 -0.48193923876252875
10.888800730996017 50.0732845927409 -0.23272851735369526
10.170264745252148 41.05621619139206 4.594483867794948
10.855284895950097 40.2420119993811 4.409500282441952
12.353170505382867 47.73474314626756 6.094211793244573
15.902101700159355 50.03983250535256 5.572301483109038
8.773443629109124 42.47439795684629 5.492501101128667
14.316316692534047 38.90340873789555 6.2214797778552935
9.353418123325286 38.34205607963643 1.4214105896245222
16.22744155289052 40.15194185363374 0.5889399757806735
14.389820310735104 50.68058362227635 0.863532554905394
20.797490474671648 42.89299241469855 4.501757653408532
19.197045699737934 47.67686038487491 4.307548423550763
23.95306416556079 47.18946068348677 -0.6463689958464969
16.480208818992736 45.572387766327665 0.6054115165730733
16.641477434932735 44.377782295512425 0.0843735701167514
23.17382131308225 40.689310985026054 -0.0050529887297590115
19.769030864922783 44.356521129235944 0.4348865882375319
23.490536739440493 39.91329655922265 2.752953957844354
22.109924738517655 45.16573583484397 4.905581652084631
18.076020489351915 38.91455619501052 3.850741847330882
21.36046292823157 41.58135001894628 4.635250577769192
17.641991594125653 45.9786477113978 1.1441044004794165
23.856023791689815 46.668873962136786 1.6314703194319258
20.00551939221544 47.63338137918891 5.651569263040731
21.363695282353618 46.791766710922445 2.988383212242817
17.493281422319917 43.972227352571515 4.532181894084054
16.967506960502305 39.21463338455395 -0.03141578568312875
23.22519054555314 43.55825419909281 4.288187744092232
21.24694404373977 48.9330803663645 2.9913401243953497
16.70921061653101 40.121329454569725 5.894959951135554
20.00183577965494 40.932478802868076 2.0458376314872497
16.999921670291982 41.37399084998437 5.2054243656017665
21.23637708741369 42.86088728479104 -0.11230618959727212
24.22497519484272 42.23120316214544 0.9670815061087767
22.625393533699246 49.50702424176564 -0.15888995536972428
19.63734607367152 42.35409552481624 2.2499265565716287
21.822014726283534 48.79784023517127 -0.024574890724701204
24.01188753926752 47.432956268884574 5.86058515266876
21.281652944923156 39.380480825817955 3.1472626976252096
20.508604153251632 43.31949448713641 3.053404630390527
19.242122729289896 39.279433416627946 5.745906109057339
17.95887932648723 39.24604539298359 -0.22192593684383422
24.51939166647382 47.934930796879435 -0.08811504632542766
17.421762779338653 50.30030981136189 1.1440134084829146
19.039503329122727 42.567121593461856 -0.3423174483421254
17.967020090870278 39.00285365712788 5.265734517514008
24.313201361619292 40.96719378773259 0.4701970367074526
22.26076820966976 43.87573183365656 5.039863763723808
18.366677244025766 48.86194616883273 4.159531609768157
23.917267041954258 49.31913490850942 -0.15324067645005157
18.284305293388456 42.58013779413562 2.4899606195176274
16.550127382844146 41.11228736581646 0.9631195481675769
18.560827380854775 46.356538803170054 4.126384644717085
19.932871473223198 47.7725910792085 1.7318077574883362
22.41537705403339 50.82323687591555 -0.29718798215769504
19.982601873918835 43.05576467417065 0.4627620105070318
20.50334102599935 47.779557205880735 2.955478964778565
19.713336256726254 43.32317946807469 5.378567367911868
4.602160999752735 41.09646451300315 12.050692775754655
5.014652344442019 42.35272228296545 11.203980741403946
3.4948985143568456 40.28847065746218 9.820226527122305
4.410062004988166 39.871988729023386 10.735856696271334
3.248603538760007 41.19140650168074 12.558903170280368
5.330956986757836 43.700654589194905 11.849187592208121
5.888073162577999 44.86170433206637 10.60130907098497
5.280337414793264 44.67943118791119 9.462639273273197
5.665765259792925 46.07013520908049 11.005310932215892
1.145324915055379 47.644891671376335 8.974537432687493
0.8489039150370614 47.92616730139934 10.223188898547368
2.864755637413225 47.10009771669647 11.58404287986434
2.251198722475068 48.4102058846264 11.337409914234007
0.7068667315448378 39.4937569595184 11.84357717777434
4.10906551441117 44.260189525487554 12.376436224830035
1.2766736816289523 42.87364330437456 9.50561829585698
2.0451862741479836 43.71425168019925 8.464546382389344
3.11246623831208 43.509824270123396 8.549534104267622
2.9612071059860314 49.382522788309025 10.506869989506013
6.4998631996965734 48.372491967762954 7.442883922328151
1.5619579589510681 48.989749274656916 12.599374770841226
5.950936182586797 49.204865402175685 8.489533787327012
7.169903324011706 44.72085277579746 10.287709841186532
1.4968829337116578 43.76082571547932 7.113302742897024
5.647057218423826 40.52797039018935 12.8917791633577
5.575483205152189 47.125603431755515 7.133492034936464
1.8772143160539636 44.7444629599804 8.778473350036458
1.6816580576560638 43.038765877805 10.50402812700325
5.532645248953838 39.770600473119764 10.093365733434544
1.5855061593031998 41.85909515291018 9.253795840271982
7.0777221320326005 49.968167519596115 13.013293183855982
5.6657405884592515 49.97261668246225 10.86182712672612
4.171350632417087 38.670849311717674 11.141786620352836
6.990885082348713 42.34305563800246 7.431441954316549
6.398686262868498 42.69061244875607 8.277967099587988
3.1453132549232414 46.70629651146958 7.084092230882386
7.646425889079521 39.20920861755444 8.244781505864363
7.350427207954252 41.39373193739423 7.828448220051307
6.482227894597772 43.57134359779038 12.647234419208116
0.38311512611436055 44.50553122693573 6.725817037658316
0.5022206799116546 44.23800416154141 12.481100396180093
0.5918514683466074 39.00165804562193 8.778236300725991
6.152222836030975 41.88017620115595 6.911357092208398
7.937607416194703 43.146308796774015 6.561225440610274
4.2726011721264765 47.11379456831334 6.252935682913115
3.961479545639508 39.040792044206334 7.610725075695791
8.050446970433867 47.69342645502122 8.271793674506062
1.1229891757900867 49.870580848261504 7.155206129639175
7.655542713826135 47.08190319946051 9.347625808128448
0.14275311809851096 46.79946624113346 10.646997490613973
0.19087738824426265 42.965944779732645 9.480581384649152
0.1949733038724383 49.70061746597765 6.609313291780764
3.5698803544254463 50.939949340649164 6.968424005518007
8.011468292235712 45.73623482115136 12.611668205213537
16.211887476586938 48.940936916366375 6.9135898343075075
11.459375858397992 47.19833085717794 6.376688314643597
8.732667406778921 46.82778809651217 7.566518376581941
10.873340238395725 39.939514529214314 10.935504213460991
9.69273088983524 41.628284573119814 9.319443518919377
8.997539674645907 41.90476602187228 11.262515082596694
10.118592632385427 41.584020585191006 10.576710073382092
10.898163433002868 42.61929939759234 10.856786635528593
12.13712012481215 45.00981768375889 10.19363237732858
11.651394309723777 45.28336492066085 9.01977787634592
11.949689403513872 46.558927059732845 8.737362596906586
10.289655808170943 45.152199918363024 9.135535040410158
12.427116132857666 44.219806127258835 7.58356289460415
12.11573755084451 40.026970470620164 10.248445023532307
12.407717764258791 42.89441466889181 8.151119420718633
13.810287832848973 41.14255961418957 8.967931547523571
13.825754147126105 44.94294215389359 7.376676922865061
14.332577560769835 42.81029417026887 11.129008198807144
13.008481099075826 49.00612682785383 7.75390356684622
8.883387947694624 48.70307188543199 8.544963654514241
13.256839599694052 49.195763775968345 11.891577886237933
14.734567090813544 42.1824768185452 12.322514595490778
12.904449246217142 50.59075634947212 12.092145139652452
10.266219368793998 50.12537267844482 11.738604004139132
11.266089145109813 50.87112197094485 11.25785921902627
11.403762074626284 50.660574553295476 9.988794562706309
10.48937136798005 38.884541839740656 7.962882687950959
10.943080459391165 39.94540757674168 12.40019270527873
15.166415893518574 44.261859293945264 7.582537615922835
15.142794159221022 43.018012665634764 8.276050281317298
9.817316235988377 38.87082622479724 10.45524986852589
9.347501463612398 40.76432192044994 6.620859103014954
15.544496306173434 40.191845057143816 10.254961123946961
13.522618777380785 39.96383702213359 6.958319644704222
15.1239077310058 49.98911271572868 8.520696418519142
13.078547011391699 48.643991344695465 6.738842652523856
11.505666518343721 44.497212499292424 6.5023065357095176
15.012146780476378 50.59822237250943 7.623704268635824
16.158085263873435 41.56458653124825 12.236807562423467
15.77413928166256 44.62743109030936 12.742406153191574
8.577967669747284 43.75613222110985 7.198527674348551
9.176368352889064 48.0217319768673 12.644973358463009
15.94202182807736 44.22284955213206 6.38747278591636
15.521132830556265 45.33395683785718 10.009487816808937
15.763303859510854 48.427056216219185 11.89321288073102
16.079006527352565 45.388014359609315 8.814787867410118
15.005045474945744 43.68712331736643 13.304497653358112
16.082934220895297 46.672567145335975 8.430084047070999
13.743745567532569 41.43944686983268 13.072339870205395
10.297205118273446 46.664137163874784 12.702021169985667
16.341092456613598 40.27012795712885 11.411231242203394
16.370923418521084 39.13598937852439 12.310769157365636
9.544890652935404 47.209641963062666 13.271711840409074
15.467456380073825 49.60306085923339 6.471419926778843
16.4526049353688 48.74748443244698 12.660408934597317
22.679223586863245 43.65349980001131 6.282321971297863
24.52934306354006 48.66440103329088 10.947115486271779
24.348873378791474 38.634463432260894 7.176589877174501
21.796749925257956 49.27670739216418 6.990533364830575
23.785561325651443 43.29634523258672 9.469850057754146
21.634608693515624 40.517979859734055 6.977839789108556
16.68106197189288 40.06496703847881 7.331374520962987
22.948276432713804 45.86114365595673 9.313347217077437
23.3864514677647 48.1348980025857 11.043983421324373
22.8301387422755 43.704073332279776 9.174341201886161
19.126078757611086 47.04919063916833 7.920080865580168
21.77773767981433 41.28773977320014 9.170316385005654
18.980479146133195 40.56277543437147 11.70392513958369
18.12527215931398 40.2902807756564 10.72019232569193
18.398207545196165 41.28637706081458 9.812778061785103
22.821714670579958 41.033768429912385 9.353920851775005
21.218425504660747 41.0777917624329 10.082013552217262
21.640726290816314 47.67815338373785 8.368011175475612
21.02296651794101 48.691810071199335 7.851210685508621
21.74439369570141 42.82480123949474 9.064128202529448
17.380682176609064 45.094422339666934 8.83692315769784
19.524633023865306 48.14198031953281 7.080418962203536
20.65676786997561 43.59006906295416 9.038776150764734
19.67318568143621 43.25820637529649 8.740727102892778
18.660181347568766 49.30745675629363 7.1040236109785795
18.395062608726967 47.283224528167786 11.851898002572879
18.501738920023413 39.126242971446324 10.15116982246284
19.823921197713027 47.571672606438355 11.608147314357755
20.275142437875445 48.52292521406409 11.890313699837277
20.046664178493216 47.48225052066652 10.544902631699664
20.9797858312244 44.81758774306029 9.037798165875436
22.36084827959812 44.96960814177754 9.150581766448175
20.358639508163165 45.590467137563145 8.845614173517712
20.82017485640198 49.505939063895795 8.904198049255278
18.3586505308491 46.2659599017042 12.241701596119327
17.79158241724771 48.29785791531393 12.676806670365231
21.153266041169097 40.47861023782402 7.955008804416249
17.82826175897602 47.30386931030191 10.921086211535753
20.984119086103824 39.444474723415624 8.255097200787064
20.17718077729101 40.89560157367795 7.707065699108772
20.42818846862704 46.79765862356474 12.0812893856572
20.831095094621396 43.72412082598095 12.11423755081626
23.321577878360877 41.87497634433187 12.184509987397691
23.605542191614028 43.89473787417541 12.159253734455977
23.189522102758488 42.8995792630829 12.833318484254665
21.38877201346371 43.11273221100416 13.311191268618748
21.58423665827289 38.5048021727265 12.652937475662476
24.259285836416243 49.85069508125594 10.397309864607498
23.91582615369771 50.269822511617846 6.561517137450828
1.0505606551784497 38.41022301743272 17.598875794185577
4.538168718809855 38.2934284454181 16.364369832885366
3.8386673353669845 49.7723821477058 13.392119445958159
2.379654575507978 49.99229800279206 13.499550356964965
7.2796903687472625 38.721529446608216 13.80051953474556
2.417436060413709 45.47927368341496 13.531935677294065
4.065305718113572 38.98734196764753 17.38596905820734
2.4385065834103923 38.585901064137346 14.786123314390125
7.009183388685019 42.727627910530956 15.046545123689153
2.3039894336614446 50.229952676356675 16.182065675710568
1.383256491114511 40.558029286790635 13.874405294298636
0.5418226180539896 49.37676498417675 15.414295896063642
1.8434765446550292 49.46597930462682 15.200365016069703
1.6337370085101004 43.738502572154886 17.83773791383378
1.980630994017118 41.62124390179082 17.214323129124345
3.2232899869927096 42.60516332522553 18.678346726163745
0.4703648836724526 46.14828612496101 14.705867900910503
3.5762208025983555 43.361960673378555 16.135306020320424
2.5752796228008275 43.45459097892865 15.115417045537562
2.546185361678415 42.77198779744512 17.531852041539413
4.625364742489625 42.449810716153124 15.85146963240691
4.065045683307011 44.75301433409236 16.554740438091546
4.677047177474701 48.095431821785745 16.754341772532214
4.913114270161224 46.198229274650956 14.68973209004809
5.27085822315103 45.57406546091258 15.963212540149152
5.421399002541575 47.040511200907126 17.153079903304693
6.436599585193144 44.79672823997341 16.053009551705795
2.327296299920192 48.22904173961021 15.397328722646456
5.105408460849712 46.85101069629972 18.356389810666254
6.696908286717696 47.438102937114074 17.221563120901997
5.2547952520936185 39.150772199657645 15.574454548783624
6.887021742767993 50.10072263423415 16.088303442336056
7.769129237109708 40.81490029036918 16.165217403334236
7.644458889501503 46.71987551795739 14.037668388037961
7.899660195318113 50.9188572780704 13.829144834886229
12.80524930715071 50.99617902395869 13.445070450019823
9.14156552747542 50.458489773483514 14.306933343065882
8.429388667847155 46.167105097829136 13.521499708483157
8.188600229334334 39.95495489029768 18.838532984344504
13.43346906749672 49.3716187762009 19.441892244378305
8.796029863357989 45.28985741611155 14.054520100874942
13.846972629912049 44.40759571812692 13.659423104945427
12.220949041387986 40.07945296609588 14.398937430070326
12.152908272426153 48.42473177776803 14.086978716685042
10.163756673583984 47.76828188129425 14.590933374434986
11.335970830008561 48.29502476675159 14.781377238059441
8.7400875917216 47.235554144340526 16.01344045091408
9.625207058502163 47.833673230518706 15.854641558280143
9.923979041593256 49.12444801166769 17.58528500348026
11.400787623971626 48.93082281082714 15.967589645454582
14.724183319881748 49.26277384649876 16.726834946053987
10.21341285456166 48.7238989858002 16.62497851812441
9.792079352196346 42.93486671682599 14.911991619848278
11.97504241965705 42.08857695806811 15.621113462040354
9.09302566927277 40.424854298150684 16.490094983521885
9.994244787635939 41.553589577043944 16.982231836352046
9.884205844333662 44.9907769227707 16.775341727535725
10.660245766878413 42.550955512953024 16.00126706805859
10.904743732261526 44.13422107372765 16.97083859228976
12.023334439507222 44.784954535236956 16.54657885805367
11.017270343771742 44.047977495357415 18.274872504362197
12.081523254269191 49.58174452510842 16.33228119118293
9.851642549659315 39.748518154705 15.428475806621831
15.104614742089662 42.35345219449762 18.720837368202737
15.485427727502453 43.40533396966592 14.528253415986281
14.731532227333885 40.63756541905987 16.744041606382044
15.781591352680259 40.02732400867877 18.019805862849186
15.71725493096948 40.740262091838304 17.197808226101518
15.820610808708654 42.12065836647652 17.932639000869692
8.918460783768744 39.327987862991094 17.863620386183104
15.511432101177343 49.83923031446733 17.784305712470115
15.273876547355899 49.699367302771584 14.204982549249753
15.784359565077228 42.96741333882731 17.24722535631756
10.044112698621511 38.85833776871327 18.402476977951153
14.734966967696655 49.18681440016132 19.43569404736323
16.2212258048144 49.363763778577635 13.809635032559829
14.879003079128202 47.93458514393637 19.78374718406126
12.58671278640481 38.311965156340214 15.976290666236125
16.32323420212526 38.46099313559392 15.605583777328457
24.321247350178698 46.1482852358482 16.76923541166777
21.104799385709587 45.318952164401495 17.306840918502964
23.511122096618514 38.3917067106274 13.53557889217081
20.1559667159682 44.95430352856849 14.904369644349963
17.37604283459548 49.43004614620053 14.516378749003216
20.000174362610757 44.925276179865755 16.685503204357424
18.37490114158621 40.806115350865426 14.780320114805722
20.560274770097028 46.3772079364285 14.677017833187538
23.98185485242802 42.9049175449504 13.83449885405705
21.903208451147233 50.590394304709754 16.32720909088659
19.147161096087995 41.26299731743031 14.316667840678951
20.915103897872473 41.81584169694644 13.663651559649356
23.706176426105973 44.918949659091425 15.621716168541557
17.576245807429565 42.45034047422801 15.849372473042816
16.758283270942954 42.1876750109568 18.48434464970925
16.643594144623275 40.53791349999148 16.109889168124234
23.958013567785375 45.970796353751325 15.756981038453624
16.895154858662703 39.368456162354356 15.479815666356139
17.53232505107889 41.397159661950084 15.614253048457458
19.66599898137497 43.69901008184669 17.203235650268176
23.09901050963854 46.63716158938122 15.678424568335673
18.858482869847077 44.526122644634846 14.473339801102927
18.308990478660323 48.9490622496392 13.704668803762448
17.943038147531947 39.572998952161825 14.656797554519404
21.397492959417026 50.41298189888803 17.55527141177416
16.898037292131477 49.531401834456425 17.743168118719723
17.592697609337883 49.97946561266939 15.335707107153064
19.36564194101506 48.82206693175389 13.88840741251041
19.014095922618186 45.78255109951375 17.05843803772726
18.403443433058584 38.976397750611056 13.883173628199835
21.341031955718623 43.99707205960761 14.593956729737293
23.09753268383385 51.04261032801254 16.58371411975446
21.93456973127655 49.43895132705335 15.631973098476324
15.186415445628239 49.845629522877104 20.497084961670833
25.78995076197701 0.7102495403147242 -3.3500005835950395
25.78994594326514 3.5405443821373077 -3.349999848865952
27.019005294408256 2.8389194080991627 -3.3499998755098384
27.019043581069067 1.4204752630561097 -3.3499999612137055
25.789950924493187 4.96005426089257 -3.349999881181356
25.78995090191873 7.8000002794493275 -3.3499998388174324
27.01904430821429 7.089473642270491 -3.3499998307451873
27.019044019619724 5.670528945260726 -3.3499998365312686
28.240956760319055 0.7097304636758 -3.350000434111271
28.240994577389436 3.541081798720961 -3.350000607357011
29.470054111948034 2.8394567606697594 -3.350000114832854
29.47004930819237 1.4199571863231133 -3.3499999836184244
30.700000004155573 0.7102807163681665 -3.3499998837048572
30.700000010046967 3.5405102245516287 -3.349999896640048
31.929945942212868 2.839456824309284 -3.349999963650878
31.929950734551362 1.4199571669135485 -3.349999914270547
28.24095545704805 4.959536629672952 -3.350000022532936
28.240955635477746 7.800520138307132 -3.3500000758827464
29.470049126858424 7.089993794478272 -3.3499998656027397
29.47004924364043 5.6700086678333355 -3.3499998449996937
30.699999970017807 4.960085192402789 -3.349999941193369
30.70000001861891 7.799969040769945 -3.3499999199894006
31.92995082211614 7.089993853546427 -3.350000108648082
31.929950683472573 5.670008621304627 -3.3500007773598184
25.7899499495433 9.219935117933547 -3.349999978231656
25.78994993490939 12.050064838954105 -3.349999875972982
27.01904020870668 11.340803634749902 -3.3499998895481453
27.01904019429866 9.92919634292542 -3.3499999282247153
28.24096026033398 9.219413098397103 -3.3500005473260863
28.240960269958638 12.050586878060937 -3.350000136498589
29.470049629753237 11.341317025991337 -3.349999910139471
29.470049630172685 9.928682965036572 -3.3499999479874054
30.700000032373556 9.219966832089527 -3.350000085599861
30.70000002336746 12.050033125157658 -3.349999949781454
31.929950370144066 11.341317044274739 -3.3499998482953597
31.92995037943007 9.928682935459666 -3.349999856378986
24.560000002702985 9.928651891461714 -3.3499999724621645
24.56000000152348 11.341348097541339 -3.349999852121851
28.042533633271272 8.932475277542816 -0.8998992151645868
33.15904323921193 0.7097305084051149 -3.349999856226674
33.15900529866892 3.5410818363091128 -3.3500000869418822
34.380994675350266 2.8389194089585352 -3.350000159300847
34.38095635028181 1.420475221235815 -3.3500000196403956
33.15904456329384 4.959536542069848 -3.3500000576468327
33.1590443627562 7.80052024210654 -3.350000234701549
34.38095568170731 7.0894736338155715 -3.350000006518241
34.380955964971406 5.670528925749277 -3.349999901644547
35.6100493522331 0.7102494504881879 -3.3499999170910657
35.6100540819782 3.540544404218737 -3.3499999091024693
36.84000000511206 2.839490970838919 -3.3499999103253018
36.83999999165083 1.4199261592383532 -3.3499998757454588
38.06995064040042 0.7102494594718156 -3.3500001821107106
38.06994593411958 3.5405443686978177 -3.349999909656302
39.299005327575934 2.838919405030121 -3.349999821364271
39.29904365419685 1.4204752722740281 -3.3499999524558133
40.52095666235512 0.7097304659881408 -3.350000415929808
40.520994639446336 3.5410817771473857 -3.3500000817146347
35.61004908597706 4.960054240931199 -3.3499998373303095
35.61004908466693 7.800000278757168 -3.3499998767742687
36.839999988128625 7.090025055628555 -3.3499999244630363
36.839999990244905 5.669977325843931 -3.3499999500382316
38.069950904292035 4.960054244259511 -3.3499998811783547
38.06995089813946 7.800000271318043 -3.3499998787413143
39.2990443209569 7.089473618972851 -3.349999868313356
39.29904402612396 5.67052892827236 -3.3499998478723603
40.52095544522755 4.9595365896813135 -3.350000111568839
40.52095565246018 7.800520196603323 -3.3499998700267186
33.15903975281963 9.219413037512053 -3.3499999542217394
33.15903967552339 12.050586982651124 -3.3500001104903907
34.38095980210427 11.340803594095588 -3.3500010053184717
34.380959774385175 9.929196271030394 -3.34999992478189
35.61005004653335 9.219935121041503 -3.3499998454305824
35.610050143176366 12.05006489669709 -3.3500000330165913
36.840000008424056 11.341348135021349 -3.34999983071297
36.839999992986925 9.928651903032607 -3.3499998481609596
38.06994994026638 9.219935132336158 -3.349999867780417
38.06994995132289 12.050064877374707 -3.3499998571427136
39.29904023036976 11.340803707216972 -3.3499998320575006
39.29904022673795 9.929196353017026 -3.349999855143262
40.52096021451933 9.219413025396474 -3.3499998990436444
40.52096023398345 12.050586962670241 -3.349999833091256
49.11999999785725 5.669977357697707 -3.349999893959837
41.7500540276941 2.8394567734046654 -3.3500000660570883
41.75004937246171 1.419957258758916 -3.3500005397039248
41.750049109446685 7.089993787440817 -3.34999986631632
41.750049249080774 5.670008659536442 -3.3499999610614886
42.980000008818266 0.7102807715370837 -3.3500003201437503
42.98000000895866 3.5405102306133864 -3.3500005420146053
44.20994596826709 2.8394567931801378 -3.3499999226532284
44.209950714940206 1.4199571950951655 -3.3499998842206216
45.43904320068659 0.7097305211097312 -3.349999872601972
45.43900530225243 3.5410818268384547 -3.349999824136567
46.660994634213445 2.838919428151186 -3.3499999339456066
46.66095635503824 1.420475252235145 -3.349999890723775
47.89004932462586 0.7102494658564206 -3.349999889034929
47.89005404039487 3.5405444129647052 -3.3500000479072387
42.979999999741864 4.960085215128024 -3.349999945301363
42.97999997861094 7.799969071759935 -3.3499999275931414
44.20995088618744 7.08999379377321 -3.3499999614162776
44.209950750657946 5.670008611588649 -3.3499998759843255
45.439044495684215 4.95953653696218 -3.3499998467653933
45.43904434664476 7.800520199685651 -3.3499999208371167
46.660955684215686 7.089473618846743 -3.349999933708382
46.66095596074602 5.6705289295715 -3.349999912906557
47.89004909396024 4.960054254940999 -3.3499999591875285
47.890049118258716 7.800000252172304 -3.35000000146937
41.750049610543485 11.341317120500378 -3.349999908694908
41.750049538927954 9.928682983104183 -3.3500007575151027
42.98000004954341 9.219966797408281 -3.350000077467239
42.97999998318563 12.050033155590798 -3.3499998734213587
44.2099503571752 11.341317076671055 -3.3499998681210696
44.20995035926502 9.928682962302636 -3.349999883162104
45.43903975412263 9.219413039522008 -3.3499999184411458
45.439039758624055 12.050586974787592 -3.3499998490008807
46.66095978050133 11.340803690282437 -3.3499999336477595
46.660959774632445 9.92919636198014 -3.3499999555655533
47.89005003114794 9.219935143498589 -3.3500002238143156
47.89005005981221 12.050064878312263 -3.3499998565310705
49.11999999248539 1.4199261416055733 -3.3499999028273484
42.024560562831645 9.87888555727917 -0.9105888242377069
41.10865586214782 1.110816398747576 -0.9086356524420114
28.207238583770966 0.9722178672582391 -0.5150837043165413
30.687576221838565 9.606111784580204 -0.5261121499634747
27.887825621119248 1.8143964889784798 5.467799842419547
29.836766127158594 6.121976539644738 1.621639924466135
28.338667653876264 3.6458966672050424 1.9707871018419687
26.39098582219533 3.254026721606543 0.7119009211356464
26.41758761448653 5.767815254436288 0.5644688765173544
27.919305132388093 3.218064953685306 0.7117275792518973
27.066576188844913 2.9166676458137912 5.542033254767721
28.673843755742425 3.702710349845983 -0.46630706200061933
29.472002716341485 1.0503991415307017 1.0972474868574322
28.252481922216777 1.3994973015828063 0.7435908415427583
27.34878313591239 3.8399781312658297 5.058032235652324
27.37780402411621 0.7862580986955591 1.4211803121433886
29.783974660058607 6.950265765090079 0.9305899841444809
29.36466096788859 5.125277850850508 4.0883160067046775
27.747671840874425 6.876493310279935 0.702542434545711
28.630048736330707 7.2960170033744 0.44659149136186294
27.422719286996166 7.309510014973765 3.3000874953760952
30.73807101208435 7.793740073420627 0.591428988955478
28.805769363519687 8.409585268510163 -0.3427122999067578
30.158087393268755 8.738367610754036 -0.16133601420480148
30.611957845401495 5.331926366722891 4.457413714818502
26.41917129800696 9.475661339416911 2.574270612247249
26.155539506400334 8.660739846688122 4.952985940503588
26.942762192476373 8.59135605765912 3.7799508048596273
24.959475212010926 9.817899633839483 2.327709394172577
28.477462220051518 9.417539640030972 4.2830279588941895
28.698448438058165 1.7603597537727547 4.867740945377996
31.15237210223824 6.4093054155072515 3.9050877308708576
25.331141072490794 11.240821315503396 0.19153706704141626
29.39118981834378 9.23852327995599 3.363429088718922
30.762450818745226 2.688924426857888 4.531331638268661
29.157616991124854 8.781502585837423 5.256579710612303
32.172243776225464 7.76971681750529 1.000621130214886
28.327852520818244 10.720308327106729 4.556239206237409
32.22820619483184 8.565429531275948 1.7434599319373567
25.597677356378174 4.5933384279431095 0.6548160498134004
25.747705644195374 4.818904278550574 3.360754252738183
32.34575179851276 6.823175456073453 1.5125336399085632
24.700718246938532 11.12370776603982 2.867265857482403
24.701060880043663 10.162607701307698 0.5239640816180646
31.531223845461163 3.811272058764713 4.042922081808079
31.711612437726764 3.600907492296958 2.5254250353835204
25.24898453834281 9.229918365311077 -0.2273571800518226
32.32725792406084 2.263265408986052 -0.17747457335240302
27.367800206570116 0.8968602528175204 6.226779947797293
28.470072714638174 11.58115780123837 0.9445450310760095
32.58210673404935 9.040472025625842 4.71203314574108
32.56841918720602 1.5436531587807192 5.2297248948450985
31.9737127553372 4.303734537667877 -0.2808614299114698
28.547201435546032 12.728882474679335 0.30783365321392364
30.60122812246303 5.473803163814821 5.733994617919711
24.80214400009915 4.793280245879171 2.374519301793494
29.709364387945396 12.719790114587838 -0.38327527859335464
32.82120078704869 3.418013686261477 0.1636375848214633
33.204284205347875 8.91540935110457 -0.5173172080286048
33.24742790808859 7.91973652290241 -0.07587158262114313
32.908449876192314 7.148833730597732 -0.7678996013641315
33.307005046601255 11.425829875422977 1.1851980317809763
34.67216723269868 7.6804761510015 6.104522464652061
35.87626210908493 11.82708253512214 2.854463806970249
39.79229446853626 11.692922802119076 0.6860610797163114
34.280223879429585 7.700758930187365 0.19520275427050815
38.933880993475086 8.639673065736137 1.1307617975422224
35.972056538546276 11.48088890592282 1.427653597017856
38.58055531448936 4.022399468748612 -0.1713409947059663
34.54712156725437 0.9670669145205927 -0.02454129075204814
33.85786946494758 10.691209356326056 5.043053283197118
34.028216319022555 3.5812438371710473 -0.41408978214323433
36.07080318949697 9.887757204115482 1.252520353210147
37.87405477350445 7.854561217520937 1.446984835561571
35.40763053547273 7.89328045480982 2.4465921277026803
36.71674227683622 3.0435886235965444 -0.05257634667628408
33.67098632964073 2.2202239032836815 2.247646458382533
37.68475123582831 0.9957676057853677 2.0933276072151497
33.13367621294317 3.51790750695041 1.9278069663033581
32.82002083463755 3.938528391132849 4.72928531917346
33.926625416780546 4.705896084340311 2.1778828812934203
35.217118808695446 5.781587737601127 4.246915531626207
37.41781940958377 4.085858496921678 1.5295395084105878
37.78163944976381 3.348496734985153 0.5848100600326966
37.45553450435559 7.200674373239952 0.38226209552170376
36.321214962774356 0.6214894330258446 4.79603464656771
38.51313933969971 1.6114801062091682 0.9095324739591215
37.436955995868786 6.64503990850293 4.984071135058406
38.30767884947116 6.934232024494175 2.234390021129985
38.32102454040891 0.8903382095802894 -0.3023612673265419
36.54711231902778 8.842945197562328 2.274815273690769
39.257791602594814 0.4029172867782898 3.8978375432040915
39.04221125442758 3.168545852613829 4.715951361247007
37.12787767604416 9.476001995246921 3.4734397102653745
38.321255729409685 6.418485067268447 6.092715314236065
39.85631811389474 1.80495158979715 1.3743800612343404
33.04192621142872 9.846746066375418 5.676152512614356
37.4910160084137 12.04563433747541 5.580798421573325
34.33104136750272 11.57338856534592 -0.6501850441674906
36.2295464652683 11.908340991131203 5.648471551303099
34.35420077113182 11.960241425251994 0.591248435121905
39.81111078744093 7.296251287953457 5.58844030515521
38.05753112432325 11.613021515257522 4.769437361660369
35.59650373937133 11.582260890680828 4.932211350482225
37.03565791349516 12.13252974770423 0.6682884146944512
36.752006726767775 3.667718682778475 5.403145230119745
38.16196674860202 3.67139223966633 5.762165073588381
40.42740826810242 12.476983844080783 0.3009912885326349
39.62413094992019 8.608201415594737 5.69627530567982
33.11124414630736 1.008809251118702 5.892584652438257
40.80450789001665 12.355084623954973 5.87328874248759
40.27594460516321 7.013204090577813 4.389691399996785
40.77887112044353 2.540368661733672 3.356400538390721
34.717284980224086 2.361299882206166 6.2487997307203225
46.28780329699982 1.315594484979825 4.657859388987481
46.847176775122406 4.918798766571457 4.628025085743426
48.29746733167548 4.789021087748967 6.244792254006679
48.63307475629657 12.358531453459014 6.243692993076695
47.41832991616122 3.594325461033952 0.4867117453151837
43.70878092499545 1.1196155528888945 -0.4459840060589615
42.8337627967516 9.267135719449403 0.6189220811581819
48.91989425811299 10.101775869335425 2.536425599829133
47.17736146881225 1.0536122668652095 5.058048814624364
42.70072238267714 3.7607455248450536 1.9827928025189467
48.92431671665601 9.296224807667565 -0.5011542644473455
41.38188682073966 9.93897283958086 0.7867914533048714
48.408396735490925 12.146767937231566 3.3930293365964936
42.24667121850932 2.107206423303841 5.705883680541893
45.45362267715435 1.8281987939496687 0.1551310191619537
41.70546757818346 0.30671827080305314 -0.504108797630417
45.86943901933977 4.806907689605025 4.183155140872895
43.102729615446414 0.3227191836690488 -0.3127249091094919
44.8247064971421 4.135690333169125 0.9118313773068865
47.02502784544416 4.6064726629174775 5.929950719437742
46.63978634502594 10.575331320717154 4.210521471658244
46.78098388458304 8.203375284028736 4.91769349776242
47.36958167564659 4.709266862026477 -0.17644078391783502
48.24923839685359 3.8304299723670487 1.4613173925152334
47.43533406113462 10.57249058691241 0.18212056941972365
48.89255020741743 5.359909066905982 5.188159194943161
46.99969005796 8.650130697987915 -0.38638318049962317
43.67370355436195 1.906192181895241 5.729312414188902
43.736167576459174 9.810959453728167 4.72338427568733
41.799167599596586 12.50472107031583 0.17115945953127598
43.318339465042314 4.148508811136899 0.7499563891024286
44.556727244607245 3.034502315597296 5.398353910923648
43.18767215742026 11.625766706504354 1.4046354243666959
44.21249882850669 0.6793601310574603 4.971278780066317
46.84748923885043 8.667379299730252 2.564657746266005
49.07931150068677 7.741539941429443 2.0302629409820847
42.59134246840442 6.553521538251833 1.66173684934259
42.566612165449705 5.871297351329356 0.5336903383858005
44.08809182140767 9.427322932597848 2.6971854363108827
42.752226956267826 11.486606063777804 0.415129591835216
47.988110045071835 2.717878225550572 -0.3650948799721232
47.99185031374288 5.419402233513199 4.19607568961622
48.28866066145723 8.9488671177178 2.041245134553251
48.472097576657085 2.6945316260901775 4.472350056961715
43.98637316501192 7.800306623912211 4.205908079626073
42.436769620984954 0.5667919655443554 3.213520956831296
48.174099449467484 5.9288077892433355 3.2613611704575285
45.711550843930496 2.9668542111188794 1.007149556520005
42.2520534758745 10.055197840699357 0.1407250933224169
43.548684421030536 11.606578861579928 -0.3192831224060422
43.30532985246242 6.7067715412586475 -0.30764327914449274
47.852402072152 9.341751948594153 0.2817979220299016
42.945712495502235 3.434405417216158 -0.4211665260163089
46.380063711297346 9.199019837809367 3.9405150597584315
48.37372868111247 1.7650348563748188 5.013422432428644
46.092939777126894 2.6596003497032488 2.359697734930707
44.4404033340857 9.025891206681772 3.9445682875176447
41.355891471917644 5.825230961719425 0.015997120203214976
24.883706938708663 6.4573716640012035 8.640819558674085
25.381550310486965 6.298045441597867 9.983014120490832
28.060524922113338 0.3005804786844712 9.972168966214713
29.400964038207576 2.3450236216660696 8.518663275845164
30.33880965852084 2.676874777973443 10.285876567275558
30.19614690330553 1.746153267850479 9.41698194193819
26.58357843946259 4.079600945038217 11.578024927372141
27.83551483817091 3.635517415813221 11.804830666544362
28.005639148016414 9.645121857078124 9.900411587044891
29.0190699555172 9.382208254864635 10.669149224784627
26.467175094697282 6.112517654208749 7.697089283005072
29.775849451859578 9.41602795808046 8.691952129553393
28.45295312992139 9.757787178945694 8.596937627030066
30.12729538948483 9.296463907941213 9.985087992370103
26.316744733254055 10.859213444748516 11.182196566079059
28.689166127298357 4.235966124171756 11.52708829447217
26.960409336232082 4.920042041369114 7.791353979492105
26.639158261252483 9.615541950754812 10.338747202276675
28.803319142595413 9.123953611364813 11.69538317756703
26.513916978602634 8.693102936171263 10.905775319883904
27.74097890886314 9.944377166172062 7.80657259413882
27.535524273396366 6.888688422929117 7.9553052733515965
30.416028488855318 9.340334460476104 7.825441140001138
26.143128594361787 11.56238634439086 10.367638213471217
25.949184780568597 9.584602604163587 9.49549198993395
25.3345137660164 10.756760562311847 11.643526961970693
31.09172894673806 9.31497053429784 10.28446303881035
27.07159586718963 11.139072684621775 11.917028908836432
25.73320500882662 3.211819236751571 12.009945532587697
31.442574534248905 1.5300335789965638 8.910760600595491
26.263173294643284 4.9114810612832605 11.103244962142643
25.002645651998375 3.060048177225911 6.46150518657997
27.759720943307176 2.4031803536336174 12.493618191653571
26.372470374856828 2.1826007637899814 12.523988285736856
25.775321274624336 0.9243984189635446 12.904732925565892
31.342260174321048 5.932804795842764 9.131442824174002
25.978934989897077 11.815847616797521 7.739961836964522
25.133919543628924 1.3575536599019735 8.490159372951894
25.31383026656337 0.6167777895887663 7.711068080412665
30.840122494334935 7.275473207742422 12.858253809873442
28.509677606256535 6.641516161407326 12.655949584809951
31.9324267158885 12.160038845539313 8.888251890591611
24.695423775477348 0.8246570911637231 12.79531145087878
29.430865009658795 12.560635482526967 10.45170839608818
28.527571210077827 1.7272075837501808 12.839836016454178
26.24447089985438 0.14492611152007007 12.304381735367517
26.242094666884544 1.3606724736311198 6.835420052501616
32.11249451094386 10.531139913304644 6.337974404521397
24.67124275873309 3.2373728620930238 11.815052763055022
26.16832434566746 6.210910293896135 6.345737139545115
32.62420340960285 5.840385041768792 9.42989586980267
31.542612272830226 11.371281737607987 13.218657630931723
32.5727864338679 5.282795101152559 10.556974335134917
29.437691500709036 0.03266929422490226 9.811004937430589
30.623475877580177 4.295168052113155 13.170042733741829
25.940073374767717 2.5571962706159477 6.275040110475901
32.832614324828064 8.273446836201684 10.30491793707617
35.59198032127862 0.3287997819137141 7.897007863736509
33.114850401587354 4.896208377513989 8.585562165911373
33.00898384054513 8.039077224701435 7.855627561848121
33.51366841980278 7.5083965209068735 9.312526966225759
34.946499378732156 7.2512819237676185 9.397552831801592
38.20650526015476 2.5132608644514214 7.1531635776929035
37.164504395812315 2.4831952642577453 8.00552933200544
36.97325623001006 8.742982054585296 8.809747463556102
34.894907705631375 9.626629417645187 7.574608633387021
38.34983013706781 7.406702509159142 10.505392153418931
34.66813027095707 0.4967952580467146 7.363455050402456
39.64396023663416 7.369649094926209 11.120296025087105
39.56486451025788 9.447253152553778 8.628261624618665
36.57368118628578 10.570016977104412 10.320030554653304
40.139449496807316 5.555112950224702 11.021285053990189
36.78620854408166 11.628820760196813 11.343248804142863
33.83707141094145 2.5224870313197623 10.757175304331527
39.17085585561783 2.833308724908841 8.034531196929285
39.09497704865926 4.871178618734008 11.45534830622125
36.92264125428846 11.021003451836975 12.789959121148213
34.14477697648652 11.644470351935551 11.617021276501621
39.28176561240557 2.3962432700653635 10.315989595527363
40.43071589897372 5.106457973125054 9.823049068797124
38.427777522144694 1.2213968755792521 6.721402682584264
40.11536437855535 2.1344121059669403 10.950778961055343
35.16775802062886 12.479679988748998 11.366240761745718
37.74188239968797 12.609048220089655 10.969173429985299
36.22656518011188 6.7519831044461585 12.093308803270672
35.85710845939709 7.08985244006575 12.9704895392553
40.23696047619629 10.513479170426901 10.698852371194471
40.51080394037109 9.48292144589587 9.721382019115234
38.76448987782668 4.965369927149902 6.346853053927026
35.99959158790069 3.1370490224061 12.287241945789871
34.25706015737645 8.436499160839315 12.35701749056984
36.93726190451615 2.3581229665108885 11.564069980165838
34.30095458295599 2.399927324618911 11.992543356158558
40.166849774426 2.1036529540349598 12.324243395183114
34.2903731259153 1.07778873495126 12.222759321050262
33.34780297942866 2.85657382876852 12.776630901807838
34.04671195984741 8.715316974263818 6.861522216443144
35.691460642212014 4.450925070305872 11.860101129864905
39.7353724651647 7.624056052145126 12.520079724078077
39.459127133316166 2.4113414143755687 12.975823378502731
37.85864530961063 7.096591459745927 7.269478692489837
40.73883036606778 8.163061245660977 10.313640265204409
35.865104166195856 12.339743395818662 6.942384467380731
34.866561935346326 12.33449538254931 7.353828110635584
40.821038653097396 6.928012017572139 6.344727294419524
38.633181075795065 0.30679407054965724 9.673591782381678
34.18560577320413 1.4663494863286437 6.536516622384139
34.858568517311824 7.944103190444566 13.10677338502693
37.9625819259628 12.70290005015904 6.594936117700953
43.747240850180106 0.3474680029513334 12.017137721527098
41.22287064066274 5.3994415263593005 11.775721047047222
45.360148245904526 11.91588679666945 10.836925238588616
48.754175211992894 6.185156502484557 10.618232227208324
41.37197638509755 1.8451101822487983 10.588411290974536
41.618223104148626 1.8438092946673101 9.536859646456298
45.4611607552325 1.4489627028485808 11.737289302253757
48.697170162421344 1.7642339545083554 9.797523669704365
45.90667664946803 9.340326522411983 10.258916721413753
47.54467638000311 6.2570109978700295 11.45839365395776
43.43332050152594 0.47606552772415917 7.8794191021441
45.48084513180334 12.08668259510578 8.60292485556303
42.27829658180929 9.307369044698799 7.761622740638728
43.51355896138276 6.3409238502344305 8.36446314980097
46.50404277744421 6.713909475685537 8.748044107779844
43.82896318960026 7.167752441151496 10.305497270851129
43.350065143151845 5.156548816086067 10.081328143729795
44.120742553913104 6.120893721064251 9.550115140214393
43.74076369802443 2.4914216531908133 8.379855449738105
44.0792156657897 1.5365216107264539 7.460779211469141
45.94222160939784 5.613431099536407 9.439030272156518
45.31534150340183 1.3372141800742 7.619966410465557
42.17325473896588 1.6143471759829362 11.585211962056029
45.94701966239351 4.371677695932484 8.6757453520431
43.06058934074153 9.853289647614714 9.674120659116744
41.99513789064249 9.983406142154596 8.87905052071712
46.385499038013414 5.509656470911584 10.88291783278631
46.35402875969746 9.25263253451773 7.710089677180005
45.9959955856938 10.023944736140635 8.255057322037946
44.60954460391777 2.123291637374831 11.647120466776306
45.88357767795321 10.19101194320887 9.593934952972225
45.747054726529974 11.155277872592114 7.70512997870525
45.69279261552781 11.409564562263903 6.65689627252123
41.97546869740191 11.220126758139607 8.364638644305293
48.024510274194675 1.8157729283126018 8.687658699868726
43.51160875511111 1.1346719890522612 11.300976146880572
45.543169426455066 11.472143114968198 9.869457000116903
47.12923176934059 7.610259813034849 11.868778750641155
47.91905106658038 2.21123219265115 10.757944581142677
46.28505805893881 4.455299350760908 6.600541015197216
48.90810471431053 0.5178073115959925 9.959563503614113
44.58156164611776 2.6808882527594626 12.583284431476674
44.68699017805329 2.8202318518913323 10.81262869303425
44.4273098126294 6.849843767716345 12.554324710801364
41.48024519450101 1.7456937618064 12.674653897485285
48.71687873251981 4.72784659961366 7.2381460474039505
42.33752643826682 12.69237970365647 13.143472504596165
47.27254475548925 10.93410605708353 12.720516705946613
44.26649179197353 7.780709130214801 13.077800824058762
48.751499770926706 11.074199336425503 12.729437508190918
46.189440756472095 8.792077615722446 13.318116529770132
43.656677922196046 0.7286985911956254 10.299856504333881
47.754531723049205 3.9914332406028987 12.797525577986956
47.74025582084393 5.321009972253129 13.050690642366378
49.11715012865013 12.684279324472243 11.876208117366922
25.367650113652108 7.148795418261437 13.699105249780661
29.69215854806248 6.844105467740665 13.527939901734689
25.25920305229001 5.026913382486977 15.522183252731045
24.911790307020198 12.506403730462297 14.874443558597147
26.9308849092152 0.9742671712633922 14.646546570915705
31.67952739296128 12.546961467555832 13.863006030527359
31.033021651305873 5.1451458785020305 15.133411563048773
30.186439304737302 5.120577160566678 14.112762969728568
29.42172211151031 7.698579375331495 14.853449322343057
27.90845434241863 9.615707839904768 14.265088535645178
28.5780869641727 8.72148607166124 17.89206296073989
27.054192314415147 7.7306418555127205 15.472645577715358
28.16244407597914 8.558311505093112 15.225858019320583
28.625740977363105 9.489830246465392 16.793039922284855
29.764504310601165 10.134583717876112 16.715184899516633
27.74344915684889 10.347449764211467 17.05522271681516
29.07300925941245 4.652794535733885 14.679261011204883
25.254675302375773 1.0141910476383682 15.075505495031155
25.960971670014203 0.5497952608863362 14.387332555579901
32.31130767836026 9.670090516012085 16.33152119334536
26.826867686680107 12.371846591966142 16.00644581996361
31.386999624975815 12.499399712678882 15.09981286305101
32.699024699214874 8.800657854939265 14.067452017903308
32.622316390628434 7.572170490230795 15.327423372333175
33.80677270988881 10.359002253856625 15.967989052644324
33.35389110566402 9.390485522740164 16.18005883859052
33.852986113926605 9.077692680318641 17.097209213778925
33.20078056671587 8.418190906684279 14.956305259410088
37.184797134844985 6.108461773957645 14.353922176575686
36.291539017248994 6.701892416114672 14.226133255681537
35.4638644050922 7.220522784233253 15.141635398137316
34.501581732926034 7.933485218557068 14.403344894038458
35.49461152085765 7.255431304036509 16.220633085866183
38.293620703369896 2.79940537132384 16.937893748768623
38.53983459075517 3.3682600770148974 14.240313416773434
36.344638324848034 2.0066234164507084 16.99104127289256
37.10196093948316 2.8990888803270405 16.38464013822918
38.44140324004283 11.08891748609769 16.41306407561878
36.13844520578374 3.1151675221328516 13.839677521841981
36.65049321371389 4.113480827245064 16.728667340300536
38.3389515490917 9.403178319724185 15.12796880875039
37.774637062646654 10.572757967257013 15.396005022852886
36.52040923420466 10.377714169312723 15.86652616923001
37.76115252431214 11.674403509939722 13.859202065948352
39.104229767657195 11.754616599287921 13.495717522152198
37.40050181050623 2.5857194787779845 14.55415075491818
37.510764727982945 1.1705058890644198 14.502560936776046
40.77722289774161 10.12514307769984 16.31051864173653
48.286196501753764 6.78862161637942 17.330469360299332
48.61364670369408 10.913664948488933 15.431604983204414
48.86232078591757 5.687182432047338 13.68071693979428
48.369231277203895 0.36349117655270546 17.589484016959467
47.24428842380047 6.759454716182708 17.047667576253613
45.25494093658412 4.030728103392798 17.38948947061874
48.749962957500344 6.4888355335068315 18.516907267741136
44.50276738363322 9.793502453073787 13.979999826204642
46.718831672068504 0.011583444068636343 17.56314134974281
47.03808523819973 7.3943872632275625 19.93814761249202
48.71793844109565 1.750674306988937 13.603649201137674
42.15364296825418 7.650798747680853 13.475870888428593
48.0156013319201 0.9537279350595328 13.798582690725045
43.099030140143675 8.165552179959848 13.56346083770736
41.211706984630574 8.401517923689884 15.718532323457996
41.643325815071066 0.930371324255778 17.0157063911883
43.46033618403932 0.48972770602576493 18.70712576695579
41.5365585418055 9.384837754933871 16.058611101662652
47.304064248913186 5.011590230189019 19.06689619017317
47.37395562405282 0.8561365231148526 14.97949835915272
42.25856392765841 9.354754038949327 16.874640018615203
43.142113548059136 5.937116034856326 18.254374417488865
48.06739131919665 5.66911940283944 19.482933653797335
42.105836842177666 10.089725416453138 14.862937784120852
48.332355778040665 2.2516265872297687 16.085447384676844
47.41706047279383 1.4457260948376098 18.46617954790084
47.40075641342663 0.8617501374489416 17.54595878131578
41.91209600692914 5.5169746782495315 16.66522712156394
41.80056565352126 1.56233360735544 13.68962870372553
48.75010311802389 5.056418006825712 20.071662453134042
43.0033143261741 1.40161985307933 17.162920790768382
43.04776652193712 2.906192918560383 17.412892755833518
43.15983732356727 5.583645377843911 16.995797490823367
47.906117018956245 9.66365130523634 15.476558948447938
43.9866670167671 3.7813499750224837 15.265918620692515
43.99211687017233 3.918803567166088 16.676346441797126
44.98689568783052 10.63345374214158 14.455921686459474
42.60735759712536 0.49890198431370597 19.740666815525916
42.498576502053574 11.063302136624305 15.156202050492983
44.57418062241018 0.9399384241613222 19.179605115794594
43.917751164444844 0.9564702822011201 16.119005298718996
41.27973822056413 10.258032126930287 14.172044218168903
46.73434247971297 5.510635907096588 13.918170314682962
46.594995489728504 2.374276126015773 16.348372289558966
47.41563527502375 1.6728033673748408 16.198084856172233
45.18564917231323 8.795618904422001 13.42987481739683
47.925801382131645 12.10975577782922 15.839307726730311
43.20448667911437 9.42132619245763 14.097406794235038
43.69274646778162 6.579344124115692 16.27136396369389
48.228687120015984 7.200264635490025 21.0670104115841
46.84282999420546 6.181834991493436 21.261446023912036
47.51332171203644 6.596426260514364 20.508681162856043
25.789950877152616 13.46999950728688 -3.3499998969807576
25.789950587629935 16.308682746358144 -3.3500015821212603
27.019039822307136 15.599413023417247 -3.3499999050411686
27.019044316940416 14.180520487040331 -3.349999991905378
28.240955738358284 13.469479632777363 -3.3500002681340355
28.240959797339396 16.309196332562514 -3.3499998300109404
29.47005004811162 15.59993513750887 -3.3499998772174067
29.470049115432776 14.180000530696443 -3.349999892924893
30.700000006263032 13.47003072840467 -3.3500000066713076
30.70000000809749 16.308651860942405 -3.3500001641468433
31.929949946891384 15.599935145653651 -3.349999866371054
31.92995089673921 14.180000513098395 -3.3499999724490657
25.789950440667244 17.721317273451163 -3.35000049618132
25.78995089100314 20.560006182163118 -3.349999930319366
27.01904434271339 19.84947979683728 -3.3499998982997523
27.0190397725623 18.43058697960041 -3.3499998950228282
25.78995075150293 21.97999134313163 -3.3499999171094483
25.78994593059152 24.810544336593335 -3.3499998940770057
27.019005323062785 24.108918200387407 -3.349999892788096
27.019044517988856 22.69046342677914 -3.3499998867915712
28.240959782133277 17.720803632890274 -3.34999994439125
28.24095566492567 20.560526419424797 -3.3500000416138676
29.470049230087728 19.84999983039775 -3.3500006131159523
29.47005015100547 18.430064763607326 -3.3500003969839565
30.70000001944114 17.721348155638783 -3.349999988403214
30.70000002198229 20.55997493326047 -3.349999855423349
31.929950893731952 19.849999718778037 -3.349999850115756
31.929949940696687 18.430064885444285 -3.3499998616657987
28.24095598807073 21.979471050525095 -3.349999855536705
28.24099468059513 24.811081775951124 -3.3499999090194246
29.470054072720167 24.109455625941628 -3.349999929715084
29.470049101201194 22.68994572843385 -3.349999862234938
30.699999906918066 21.980022612708375 -3.3500001925807954
30.70000002282492 24.810510152682532 -3.349999888173303
31.92994595072679 24.10945565934032 -3.349999873730493
31.929950947192587 22.689945846176066 -3.350000531601368
24.560000008251055 14.179969271494883 -3.3499999418250557
33.1590443247146 13.46947956569324 -3.3500000423934684
33.159040222889715 16.309196337133116 -3.3499998295775413
34.38096024544468 15.599413054819005 -3.349999834513264
34.380955691192966 14.180520446928478 -3.3499999174016715
35.61004911498871 13.469999507791291 -3.3499998648339346
35.610049624311856 16.308682960056792 -3.349999899225078
36.840000018892944 15.599966845790306 -3.3499999743620568
36.840000001607265 14.179969300890493 -3.3500000306886224
38.06995092090725 13.469999502825496 -3.3499998958280406
38.06995039576058 16.308682960346378 -3.3499998439278134
39.29903975556161 15.599413050033855 -3.3499998070904757
39.299044310291904 14.180520442909447 -3.3499998928555508
40.52095561867679 13.469479490790974 -3.350000164352341
40.520959693898966 16.3091962488614 -3.3500001495405862
33.15904021987211 17.720803684750248 -3.349999837536468
33.15904429542256 20.560526366117536 -3.349999972077441
34.38095566219841 19.84947977756407 -3.350000020983738
34.38096025276339 18.430586966328555 -3.3499998639112896
33.159044081549794 21.979471047765337 -3.3499999864935637
33.1590053184914 24.81108176897722 -3.3499998773991235
34.38099467677036 24.108918189498198 -3.349999876566506
34.38095548147442 22.690463440201675 -3.349999830042101
35.61004964084701 17.72131706758253 -3.3499998161970046
35.61004912752942 20.56000617888642 -3.3499998976280345
36.84000000505408 19.850030910366673 -3.349999821964118
36.840000005160825 18.43003315849479 -3.349999859352212
38.06995038144042 17.721317055334854 -3.3499998297070532
38.06995084061323 20.560006178828885 -3.3500000089615103
39.299044260431124 19.84947978182962 -3.350000488525846
39.29903964442621 18.430586923982464 -3.3500001560394366
40.520959641402435 17.720803676718827 -3.3500008562416026
40.52095571422535 20.560526467892327 -3.350000217415893
35.61004923834589 21.97999135092935 -3.349999845849184
35.61005412136437 24.810544279100878 -3.3500000341030987
36.84000000859787 24.109489832690524 -3.349999849158741
36.84000000718564 22.68991481463296 -3.3499998352404523
38.06995075868154 21.979991344739595 -3.349999867186817
38.06994591200837 24.810544385695007 -3.349999936181056
39.29900537486393 24.108918250412337 -3.350000162748409
39.299044540460166 22.690463401567353 -3.3499999743173072
40.52095597869835 21.979471056827794 -3.3499998317377786
40.52099467613879 24.81108178833733 -3.349999858196664
46.66095562640495 19.849479788717343 -3.3499999091176624
46.660960230237144 18.43058694951974 -3.3499998863007017
41.75005006768366 15.59993510295195 -3.3500001540451
41.75004915867133 14.180000486637768 -3.350000514888456
47.8900496323616 17.72131703397443 -3.349999875141214
42.98000003248548 13.470030686710912 -3.350000056382024
42.980000088214915 16.30865179449041 -3.3500001275586397
44.209949941886904 15.599935125321933 -3.349999823911327
44.20995089516203 14.180000499477957 -3.349999848621027
45.43904431260567 13.469479559635282 -3.3499999237190883
45.439040206488585 16.309196308013327 -3.3499998517731577
46.66096017314456 15.599413048939827 -3.350000254878953
46.66095566492922 14.180520416216014 -3.3500001728981488
47.890049120209724 13.469999507070636 -3.3499998690139323
47.89004966560119 16.308682972713118 -3.350000152542444
47.89004911530341 20.560006195865004 -3.3499999153808924
42.97999999507418 21.980022650944775 -3.349999844277658
41.75004916284133 19.849999769863523 -3.350000071977457
41.75005010802436 18.430065086374896 -3.350000747933671
41.75005405964157 24.109455649733604 -3.349999942587859
41.75004908284616 22.689945742012945 -3.3499998690084776
47.89005405068414 24.81054436680654 -3.349999883118203
46.660955461386195 22.690463455020183 -3.349999885448928
46.660994700484565 24.108918193097175 -3.3499999681236083
45.43900530725079 24.81108170685861 -3.350001006640845
44.20995088702532 19.84999972080337 -3.3499999371508293
45.43904400074829 21.97947107605075 -3.34999988842942
44.20994588304522 24.1094556170607 -3.349999932235037
44.20995088883096 22.689945759361656 -3.3499998304758205
42.97999999100761 24.81051014044205 -3.349999922289096
45.43904429334255 20.56052637534039 -3.349999889583609
42.98000017430574 17.721348197346366 -3.3500003921968835
47.89004922418806 21.979991361060204 -3.3499999127468474
45.439040207497 17.720803655522154 -3.3499998658050476
44.20994992862462 18.43006487336056 -3.3499998631279135
42.97999996778325 20.559974955265808 -3.349999905118853
49.11999998144643 14.179969290059237 -3.3499998786412455
25.323164904714172 20.58712511881781 0.026075617359641035
27.90016087583149 22.991341584284882 4.1480662168669244
24.739745677447548 17.005940361993428 0.3474150088253547
28.411169117489226 18.331975349336155 2.1934953051400896
29.9609629212094 19.21296369480336 1.0419872463737556
25.300379648755786 16.027210115330504 4.246205078883978
28.64830234599825 15.48234466394743 0.60729567527817
28.368905060423252 14.160649570080752 1.4812493170855057
26.973106486285477 13.975421363386022 1.8764051379553481
24.821133871543697 13.581671083687283 2.8592660975399884
24.792421384470757 22.33659906507271 0.21243486518269128
29.047520795500677 18.229160098795568 0.9938271485966088
26.773333864498614 18.52369331152302 4.700763958672595
29.791286644675125 16.54535396188344 0.8748857860259429
29.37388052691742 13.87220102060526 2.497368410021985
30.499769301042953 15.421155519663518 4.3295240751985
28.139424237496858 18.553006271611714 0.0012822999188222273
30.513705707625288 16.41715663166901 2.083326007964834
26.28694288624837 16.04009146013843 5.239732910545109
30.539863964545415 16.729061788303632 -0.31061025144809573
25.69901029626395 17.001190639835855 1.2834300334302906
30.13641099764343 23.72099195071018 0.8819374541569203
27.652853860414677 15.606566688005026 4.930019679937846
25.598455552207835 21.607325341330565 0.29348273299016014
29.28604865459388 22.7475821854525 1.067103725137476
31.854939213758282 23.05115255667148 0.5753660487246604
26.418071990286123 22.731075276157288 1.8386524601962306
26.39041683818869 21.88321997287123 -0.40277833432028287
29.697938418266524 24.51605398192362 -0.1159021253324033
31.757974958935765 22.102472679847654 -0.47007213847391927
28.05137421427688 23.331728182917534 3.123677867733252
28.089747398572925 21.924220361597 4.2638645190135
26.900932024479054 23.287388717433746 4.467437157290581
26.480479662252126 17.82413873704333 5.74978257542091
28.85429548100497 25.15559085282955 5.078892423825842
30.031066509363008 24.462408586543738 1.9846570380259843
31.146529073502396 17.870597506312603 5.496401123569459
27.002926567241612 21.074068814400498 1.716718489004233
32.09952784704703 22.386474834586917 1.9517877591037847
25.204729049325188 13.145553881911438 5.263579274252298
26.03576699418665 25.296704846205476 2.663614480077473
26.880805073514164 25.324329081742455 5.202034759844912
25.44726725921358 19.396272721712318 2.930910172574671
25.099271840116106 21.45139458389248 2.660218224723355
26.114687872517536 21.701926691581672 1.6465294056598245
25.397201105124164 16.682471156111806 -0.7712163433010544
32.27958163983754 23.5824115018422 4.1421000771198315
32.68843210563782 24.181103235998066 0.30453689969097364
24.787844653448968 20.20844579611084 3.1991203965535044
32.34040840978177 18.500983064227245 0.14417583591307626
29.86387133263201 23.335571311491034 4.813510430139333
28.874259129187667 23.673504120015114 5.121031330631077
28.73483524364031 23.39051630284233 6.164381164775103
24.57783662600095 18.30786953382 0.17598262198289638
27.565249941831766 12.924630251251783 -0.5617068930125135
25.388218529310954 18.265009000131347 6.222711097068382
33.09871295531594 15.314785546767453 5.0941246189291345
34.86141148916236 15.518340735913233 2.5856632324725037
38.85862474333278 13.878596507835583 -0.18719984308048887
35.685322785994074 21.013284891729413 -0.41362890146855014
35.79573845493096 16.89317944149158 2.5353431168133502
33.1893459969536 20.826203211509814 -0.40595143165553016
32.97087648866034 22.948937544409187 3.078022230819235
37.86672587250514 20.133305039866215 4.068446897916127
34.153470040098945 13.238610651451198 0.5670038753513373
32.97903179001873 20.81018886330475 4.770018219039107
36.466956936880905 18.53372212919174 0.5333063112254088
33.79246592945799 21.5115095094506 3.968036842705706
33.431536444518876 16.483026905089385 1.2047969816440973
34.57287675779816 15.94670795438737 -0.02495805753810809
39.19954187202116 22.42242891735122 2.2554935998901837
38.03552528362417 19.839860217870424 5.104543850623013
36.22294883586039 15.585234523036302 1.4212790330495617
33.356650287329444 18.866402403569992 0.13316889477905325
34.430549589760574 16.644819196889745 0.7999562840220587
33.79487333773112 20.055610841022187 -0.16177109228427744
34.38103809024846 18.1081729531141 0.4436323477401338
35.39250036210567 16.136753253852653 1.862053830424738
35.48855435018017 18.917464241447554 0.28456875951754945
35.14622563538952 20.131059077741654 -0.10145607212988184
38.24073082694707 18.279721731407996 2.161169659368399
38.61210970175865 16.70644763694901 0.28807083894396235
38.09116246619188 15.100027911547695 2.860232539851916
39.07470214276969 17.36010881520665 1.4847585655130335
39.41268414837532 19.46923380309596 5.246076362236858
39.1826910956268 15.933785233544796 2.6879816823413174
40.34209934151586 19.703996480267755 4.371242839053312
40.418366195444975 19.256653187329132 -0.5842310101195547
39.34708538186952 16.381944174141342 3.9528710978083046
38.02562083375941 22.273597343603086 1.6689992789410069
34.32590226949692 20.682892547050944 3.095308762677127
38.08761414669894 21.100738790266234 1.012931634542914
34.74871868398688 21.909122227474363 4.767905034451802
37.12930966145132 22.06462312560342 2.613742689271026
37.71578328831307 23.741981215620175 0.6390922855921355
36.333737912010754 23.525238233231487 0.1996186128391264
34.333620104747425 17.425285780407837 4.980829827450738
38.693317435571416 23.742253946344444 -0.3647617752370058
40.30125214413849 15.140161449274215 2.47610788511476
39.91154136876109 13.638259394691122 -0.18935667942640677
40.56807643613103 17.798979110499324 1.453552378966485
34.039264434815536 23.770147234987842 2.540781719266251
37.04398567060297 18.0562415920298 4.7701565624666
36.903226530619044 24.71688119325681 5.684651290110682
36.93401219532843 18.860408519115115 5.497701329557731
37.90522521431786 24.96429558808341 1.5353546714359967
39.96378246005645 24.23602864378281 5.410279720724023
36.139903124834035 15.289142668048068 5.892712883538328
33.71368739718418 16.4072296295335 5.814023096535812
35.96725218488192 19.346210448283074 5.365521270248243
37.840623525393 20.708882277214837 5.732965655765111
40.04696891896904 20.045630875489735 3.3901291994960814
40.84992686292652 24.41398113167252 -0.6352002566583526
39.78289944381803 13.340729012874695 4.780859164150265
40.26793960124657 13.296592148693865 5.755994017858814
34.66611468109615 25.459183509310073 0.8373587590640441
40.84192470830008 23.43152582049782 6.073437472409452
46.042452830942864 16.77978127611847 0.11343570116606361
44.952964731217726 14.694993623193438 3.993372180741792
48.19777276166933 22.26211756854652 5.833480432526809
45.066058778338395 21.72347455673543 -0.14994046998166422
45.35080519717948 23.48581381983219 -0.41556970600810983
46.06321599125976 25.25368096531681 4.157458529929977
41.01721633316387 14.445114581521347 -0.40153492465623497
41.00943316122377 15.434636707180621 -0.6037362725567375
43.10083774579043 24.99008660758946 1.4546419101780006
44.84549905855842 14.805543031351423 2.443079173103906
46.17678486921457 15.240531183005812 4.477952726125549
46.43079322407744 25.33147772377922 5.169997241430545
44.34599774910555 21.23641826746614 5.001394214939348
47.581236559117045 24.886774644315054 5.70596366409019
47.01717195462338 13.607607281123187 2.0310990874048587
48.92991661986478 23.73003677867204 1.060019201168253
41.35001110187456 18.724773568554625 6.124779371060555
41.249872751398044 18.32524644646939 0.14141726858606152
41.83070082465001 17.254726041530134 -0.6651055315368926
43.72847955788291 15.839734276697477 4.738060121179693
46.4275317706432 22.25488989059307 0.3989870667317841
45.322143891052264 23.531793363435934 2.069157753335251
45.30926431322994 13.697745367348297 0.36177979493789425
41.64638977652453 24.355551675885703 -0.016869579761829012
42.52838127199233 15.513622937886177 4.452646802017135
43.19084489334334 24.394950644020007 5.236978612610285
47.89922051171366 24.43542169813552 1.5577322106914337
42.52486176419214 23.375365461508608 0.19977175005717163
48.67887140440959 24.164988093271354 5.003506858103089
42.32986085435879 22.471952993744953 -0.3589952481231873
46.2884246549081 19.63875289514894 5.782490779728321
48.68555999781702 23.4120560324408 -0.2169733979823507
48.21591430053048 24.042299800559512 4.02436524262087
44.244512059302366 22.139350168903217 2.118196197752198
48.995326987510694 22.631452686134068 1.8384083187441624
44.58813017127066 13.373447919590475 4.373456501380692
44.016836149386975 20.136326127261558 4.076336845839297
44.572918865289616 22.977635100569497 1.5037636601979565
43.41568532304035 18.610327108707764 1.5611739468071228
40.96645371831405 14.127666461367237 5.853428688805542
42.09741802331644 13.755064085929346 -0.19517614094174962
43.05731436216745 14.07702372827484 -0.5711296053014603
42.008454020954886 25.457153157451703 0.7975445872006837
43.17560231351692 21.924790812802144 5.7627889478341885
45.4202721758395 22.656497117582813 0.28835368926713567
43.37154104290162 19.802004231749578 -0.23087339647649308
41.50350291575267 19.263178743315468 4.847812925089591
42.46755284181985 23.13465334375846 5.114271759046673
47.912559998285694 17.735296330737565 4.5602213648308005
45.32113172332427 22.134428473420037 4.522392766654537
43.383478132486005 23.705449278516664 1.1107883714110245
45.94986454178069 14.344380696030623 1.4760846157716356
42.306267005100146 20.441938230676012 1.4714384133901326
42.34745396614829 19.423347364643632 4.316594855642224
47.434394301478065 16.554257165595054 1.5937168108512845
43.69388540597815 15.824576649225921 6.081285367568205
42.024437533870156 22.772544052228408 3.8366388376055816
46.984088694900116 17.4767011051075 5.04752983806679
42.63440113302177 19.380967641709727 0.7830593363262084
43.789064609388674 17.115141414144812 4.280685543621052
46.78066273693546 15.838942489447529 0.7384527709081468
47.65115373624252 15.60467360610961 -0.23257112731323248
47.61991548780921 19.286282664233845 3.0536562798753994
48.245136245010116 18.63050463620194 3.641409784944204
49.115584045960794 17.073436058965946 4.86515980117251
49.085706373033766 22.868786289738075 5.655640716559885
43.77930611517997 25.420740985728013 2.1761801824653695
26.843615261048047 18.934796483002227 10.248622760841407
26.792560747423114 16.91707114194662 9.354327878875914
28.044830435186157 17.230523644746523 9.633244391371798
28.114750515646293 18.471639427166636 10.135507792969328
29.022151340856116 18.985618191331135 10.41630945326122
28.890058819217323 16.697503909891772 9.48634666814411
26.514630221728655 19.92466524846453 10.52849535878484
26.040411016135938 17.963419519108495 9.690983788420668
26.5110253856863 13.456886321161406 8.906048064454557
29.717137130414013 15.022676727246546 9.975372336036365
30.29643858571255 13.687201661807842 10.323841361744767
30.523492684895906 16.38115242225177 7.3534082573035855
31.38274646021938 17.403319155346374 6.835766666631448
28.474782058576984 22.057152442536818 9.877183247914354
25.126402171687943 13.94222826859704 6.4899464399453475
28.824740051901927 22.879057688991224 10.989759747227911
26.33614614673502 16.007356591065992 8.993072916005602
25.732309787644834 15.349934575090723 6.473264009062753
29.96154603918702 19.463080303047345 7.910288791787288
30.29696877041345 23.34115448330597 10.879182718432862
27.775703008810865 23.773771643318547 11.46262177616443
31.879708978784954 23.759441352190894 8.109256072566307
26.220600750658814 24.140861237552183 8.291174656192908
29.799730186153408 20.69309117710355 12.193843318921513
28.914313554117268 21.67533540910434 12.342630314584685
32.288095982332756 14.133640581782318 8.430867643246549
31.14519058768472 18.960755318481013 7.858829647543546
31.224016004423945 13.83622169041911 11.540547255104322
27.802788809934974 20.999472102614668 12.433283464582782
26.54320916939996 16.639103266831 12.961230667518157
27.438955475994035 17.97887654796311 6.660017118230325
24.83275495376085 21.88603502505928 8.035604135951614
32.71742174999624 15.669163362270863 11.850982346282938
31.996083009465398 24.652299494051594 9.087744768436913
30.737901920321583 13.903001989473335 12.959983586360698
30.47597333873233 24.763651156736167 10.197273465409742
31.303415713655184 13.303515297213728 8.75685819531636
30.611151147754008 13.236719690633674 7.643919083780252
32.02934984777406 19.873827161722225 7.651859351651286
29.352240787154127 25.167056227657618 9.326819291455525
31.386230342350384 18.594448132186773 9.102257494668176
26.287296984859925 13.064009004194398 7.627759141888574
25.811451018856587 21.448285312792933 7.247312633127784
24.938097690277406 23.71767309927947 7.801976453406624
31.958559356735854 20.697470542798825 10.712122987223546
31.90328308033474 17.93135556870852 12.796210274482494
25.863310424435202 14.252351723702668 12.387625027889552
29.357212552524366 13.552179365919905 13.125175045984253
25.05375231892374 21.407684357092688 9.278550856499642
32.66958431237165 17.76135152877103 12.054400967319705
27.453467613707808 13.033154420967843 7.145205023894982
24.713221198317513 23.857294951756668 6.41209789386092
24.580419411180706 25.281612917546326 10.81018337004474
36.93674859888891 12.84992419831806 7.486213205501016
33.07611639086597 20.388013462344407 12.77064106879669
32.90470587657052 22.100141109954627 10.936420731940622
32.994951164431455 21.021710828906745 10.806251929828516
33.00832726257651 16.583160785429246 11.53462385780373
32.822645650410614 16.999834132641958 6.983115157376048
33.45115594049989 18.686663730667394 11.505410334475352
33.75983949918384 16.819990336641855 10.396569838961332
33.99755927369998 15.986845550967455 9.751776015339576
33.0549777444562 24.314931732027052 9.832893411111975
37.0780472560922 24.229516296939895 7.36825051666738
40.160363342142354 13.099536909058964 11.585083607376221
33.42901935936008 20.948055397320037 9.80912622080491
34.856703728647005 14.723982441874016 7.42576858594597
37.9257124670607 21.15054352180137 8.985103055028048
38.39359496785137 15.61498094360277 9.313320565452234
37.83233982818835 17.75468121013295 10.753965198773214
38.97024833407132 16.292513502077913 10.484966666506116
36.022148795487745 20.617271212696437 9.91837993122012
36.73185275980477 21.63603285005263 9.446344885823446
38.091623499542614 22.355358981483537 11.720854200563378
34.54753990503541 18.697048994195406 9.611015035827936
38.994888110537715 15.611072205223874 11.792286802314884
37.48925625127616 18.336014870001044 9.572383370488161
35.75465583411747 16.56034874379397 7.442784122297439
36.0225188750047 22.075529761133502 8.418150380786164
36.97144383768119 22.90478439813772 10.739602033974885
35.72646288663022 23.066624758425757 11.448077331322784
33.931870217315975 18.140293968730532 10.30193809756908
40.363982804686565 16.918765333669185 10.208874873806964
37.464192910173516 24.066731143922972 10.027966131051725
33.593980043629685 20.156782722348165 11.839808332818972
36.706295759054264 17.35479359795535 11.252595854677027
38.297138082963556 18.7174369461084 11.61993158536393
35.14567064748086 15.727345756049896 6.6361587846441275
39.56558084295743 18.43404459196498 7.228105794248031
37.10319035271113 18.483718410755436 6.5064546756897155
35.09628372102546 13.314412002731276 12.442659936891307
36.753277415698946 25.039381770723615 6.714995233135604
37.04567509273979 13.50842209391744 8.335280658904656
39.18138329607133 13.46956130270434 6.828043607142228
33.06979634252361 24.155060830026606 12.337578758505185
39.041887952855895 14.548723000126753 6.764395509175096
35.25080945774796 25.17051685520935 6.971426635600042
34.64047584283618 20.435873735713475 11.962506127563191
40.053078877817065 18.820941386326226 6.345464000238276
40.200949035941164 22.30988448387408 6.342681129142074
34.749506964063954 24.26670760904172 6.625125240292345
34.75705739442636 13.187266166327984 10.229025569525964
37.852760821469765 22.25887453299212 13.279981821938886
39.64533586656535 13.24968784565142 7.78955474877473
35.05251397076833 25.281490165072487 8.03747720868971
39.82212307174717 25.324695912931706 11.373437656231811
41.1182022012961 16.23355285146162 8.00343907029043
43.630665295005564 24.5974044548191 12.299834349382285
41.03799051344306 20.37000154340104 11.57510989631153
48.43095512768929 12.77547816918418 10.729128498008262
44.34782747546402 13.629545810200757 7.934549506941582
41.40680748547481 16.16481724166953 9.33087284344694
45.313814263376734 13.515977750038438 8.426557455429226
41.57889084619311 14.855038755895375 9.973941598409148
42.85814593462883 20.751785751428486 9.499364724355676
45.708665054887305 21.009736865628696 7.358483186835293
41.097298262065394 24.01692309801296 7.218274743227873
44.410813180573264 21.431455084249237 9.18627359124531
42.7823232843919 22.636871707829595 11.490079775877646
43.00902228704436 22.489694381075036 9.181124925523212
47.06980488981512 17.483682415216013 9.1478762027154
44.502201878108835 22.266446764292088 11.404078800505328
43.50526353475187 21.870463705999395 11.210658643601803
43.46456524932849 21.63801532074046 9.686321311002207
48.67231551238155 21.08094036538526 11.52984155175096
43.085318131418454 16.931703486128225 9.564784857561378
43.07808451286707 18.26280358371476 9.287527694364424
43.61278054465522 16.84252919264167 10.800863519571521
43.98496535284405 16.359843270096203 8.73332798714724
43.19537282731962 20.618160781841716 11.919185770767474
46.84601225598233 18.252185874880336 12.041080362381877
48.01783609205437 17.262590901111764 9.977938834593745
48.158377158642004 19.867438344520863 10.7046571966039
41.98932933097656 19.988063674842707 11.914930317772862
46.84047350224325 22.69665328250522 10.526364705402424
48.071079679528246 18.5198855944121 11.377653788026938
44.51175164416986 14.248611302073275 11.653811912688019
46.48486829501493 14.153029146816955 7.659810754106204
47.66237855252111 16.112042462379495 10.43297448037303
48.166546605502894 22.56586204458721 10.56240347621937
48.64425840052294 23.737540542170148 11.113589987688574
47.3845144742996 13.733602790816636 8.11016426419062
47.98520511353042 21.27346533453904 12.761935055947465
44.48645575437058 19.297318821593368 6.921064494311377
46.515517749477866 15.221679494990545 7.872289092552323
46.39181601920328 13.997280187078136 6.585016106018333
45.23922960510023 13.968115438384144 9.415551206522698
42.13714813279633 18.229159020080477 6.673579438399316
44.36931194071356 14.24604229993419 13.034022734213814
48.43432473806704 22.52931467553257 9.230005783733585
44.06170232430758 19.893337202279522 12.646798242693778
48.71333496777527 13.741420235389052 12.599451155910735
48.1702964054097 24.719003626781948 7.815879129586724
47.43411714011103 25.053010014988427 7.0997228463633135
42.17670814858471 18.964697492018573 12.6793587763973
45.01139127258052 20.247167112330033 13.020021093402324
41.83284275507839 15.145499596344285 13.175069040734066
41.405586595693514 18.222779868210853 12.825405995330716
43.45268203220164 18.847631821973902 13.126233973642304
45.221650011692574 20.268063406045496 6.369505722286489
25.750609639621374 13.77950847074648 13.352051173977188
27.667244026883946 13.837721364831276 13.944720443523401
28.741607185181053 17.84880605374088 14.240469929705323
29.126802631183704 22.199973767669647 13.54824373018568
26.097609517236265 23.45075001314021 14.193510720270213
25.801998621803882 18.76059244697222 13.993396946676437
25.120122916491553 23.062130628481828 14.438245105386734
31.237578427779937 15.0719417863688 13.620587357222112
28.386741304314285 25.02780683674129 14.717236775421306
28.013611034609 16.162107128059368 15.458044531148037
27.786825959900828 17.397059188039805 14.983353925296733
26.21230898702066 17.387071322244033 14.09812801964369
27.896988466785942 21.964210456564945 17.416259357261172
25.837187422522696 20.794630823532245 16.87104293356694
27.88045719532183 22.938340030199655 15.956863948823907
27.246817612493448 22.382100503022045 16.64765948116914
26.677426613874367 23.17393951875869 17.134367672916074
27.643029055345963 18.196481481374843 16.071133757998044
30.64419345424299 20.472841507596147 17.619257784159775
30.105844734752967 19.874326780822788 15.634909389545163
30.970099707956813 19.64020842742174 16.630614774080932
26.209130438568046 21.41412303056855 16.054962178633517
26.85854980002497 20.795081142363106 15.435977821886024
25.032648542614453 22.00318310034864 15.327737865482721
30.739282035320045 18.39444178255136 17.03818828437117
24.76352031045839 15.645169491180917 18.0139577856681
25.298664643538604 16.515849286573882 15.054488793440125
31.9178594097663 23.847932058284027 17.196030757620505
32.545904105839014 24.68421631059004 16.888966416615006
26.732379348763327 13.539278591878219 14.183592679007248
32.395210325886985 24.62578629862101 14.40560358271106
31.37784599643261 24.952316134435844 14.248288333994733
32.73283802977698 19.812635158572483 16.031046291860353
24.58944952315494 13.199657454113106 13.731066598092362
26.20517054041217 12.763353879069875 15.214855836118197
33.220631342444285 24.179795019405244 13.406707853927092
32.987397049394104 18.8126162987936 15.071296413487307
35.3216639445372 23.52593580275475 13.60959764275803
33.11922091210163 24.567303673110306 15.59042439323417
37.15530452002623 21.02921541246737 13.610554059428313
32.754200339919784 21.081160711852473 15.374768522838556
39.89261709440999 20.617142602795024 13.890006060061332
36.158364181442 19.247987025295235 18.96739302447091
35.824495310806284 20.84320758566563 20.286126956773636
33.89729251278782 15.144757977552581 14.736252816834002
34.44868211306211 23.818197083913635 14.025032433612287
33.370021571498796 24.76006385480894 17.598316508708056
37.39037738274223 23.46326822881705 13.846318127288047
34.12593638602483 16.137659747314373 15.94117053430167
40.50860996060082 22.54961171377835 13.354495881665734
37.188087915767845 12.895855208049095 14.367303770057864
33.651432023671994 19.716954783796638 17.3216354137727
35.230618022337715 14.757592395848686 15.721290922193717
39.66701259683241 22.19036932825991 15.23140861780923
39.55291096180485 21.893969289548874 14.009355577939532
34.34590507147597 24.080272303746558 15.31520854701443
33.012766175410505 21.410724152674394 18.85432931962902
35.378797792639965 17.33703202197741 13.959958874420384
36.924704510812155 16.990106917115185 15.232944275237312
34.17151001671381 20.89276083577026 18.197038159131782
35.02499368392016 21.8118252260793 17.505839121519774
35.841151575187794 16.453504458757752 14.400081613372835
34.75455724658239 15.604842679821692 15.227698890110997
36.25752641370806 15.85623860943804 13.588906231796152
37.87999313296504 16.28374154889281 15.816259216454519
38.05016742869731 15.217645728265113 15.845930925566558
37.11157954612379 18.312860204289294 15.633228858980688
36.472908166124085 19.113800449242433 15.291185597888395
38.680230891010666 17.01408051993014 16.54245717991238
38.22940345894502 18.37407955430803 16.344544242404
35.15507056742508 23.960545714673064 16.020415427349384
38.790142361510746 19.224050428263734 16.704435054440673
39.5301009438655 16.603844132469785 16.902355776309033
35.18791135988207 20.015617302819322 19.492601151478876
40.846765617141834 14.865966654158951 16.522242622358643
34.462244609889424 19.16638501969331 20.195844003291338
32.984714805776 12.833113841533427 13.90143877593324
39.8546429562738 25.449420856637705 16.198443855567138
42.62519920118142 24.410288378165827 15.892745541000156
44.99033695941378 21.44352384700717 16.436726252575507
42.309923972357495 14.906935930216068 16.282611453270494
44.997635914926676 15.369338397800853 13.449337497226855
44.198512693792225 19.039183088151574 16.343402524798005
48.83260660283817 15.58425422324495 19.200403814509336
47.80148150273213 15.266252671396678 19.354533762902626
46.12296299447761 19.56526303310814 17.917596284485562
42.8344349988342 16.21316524367678 16.098089351264466
42.63630823689884 14.030543150890317 13.6631179846831
47.49526651409952 23.955921342601922 14.162454541036368
45.32522548000072 19.95023178199703 16.30987668069288
48.84784179183326 22.9285263656675 18.689714909254413
44.575179185881886 24.38305670579817 16.80120279436944
48.69272300917734 15.446211834123455 16.55056825509112
48.728719234985554 16.514930006620535 14.709999740527588
49.03973332665286 13.848063114313456 17.90990654965273
47.48047099872275 16.6283973202792 15.168151536807958
46.34176374069354 19.764203510453424 15.261909268548369
43.89840050138466 22.124158543886953 15.633970766398537
48.99354380283787 16.958104484424766 13.84191890874356
42.38624859351154 14.680280087592203 19.008349873996014
43.20373861277801 13.053416316130427 17.907956003381706
42.87201102271384 23.335438393060244 17.681417744854507
47.4016475958238 15.795143109159875 16.2691987904716
43.09547747095158 14.370766870888602 17.94608488540614
42.65012924501995 21.421666158379924 15.63854063217541
47.233459265408115 24.173887894524945 17.31296520434452
48.5245073202572 24.75326670032397 15.74659852546236
45.1791827361369 13.237398710763003 13.484138035929508
47.83773144241794 22.86329280007652 16.303119266492665
46.50751024075388 18.339854706446452 17.994728690279832
44.32599982882579 22.5402458590846 14.346383443821614
45.279179733339085 19.755158786666975 18.896040099044445
46.58936357250026 15.611974141922772 16.956980583560036
44.28812580310157 14.805090853703044 18.166137249916734
47.20155259555978 20.27293842030491 18.233310648092594
43.67966026297914 18.14666203940989 13.81704671722049
48.208511298593834 24.70116307338928 14.482293000401544
43.46700068579802 23.605874766723417 16.537279136441043
42.76809248628212 13.934371495130884 15.15440873529555
46.71269377398557 17.174739490999713 14.640488419197505
48.11716709536401 23.790979148126628 16.802532678365473
41.03774247053212 25.23140992038464 13.734840583204011
49.04346694945596 16.648440947431464 19.305971473840266
25.789950893824095 26.230054259999026 -3.3499999137635217
25.789950888023956 29.070000284918546 -3.3499998857139723
27.019044309955092 28.359473639853796 -3.349999912812509
27.01904402184277 26.940528951074505 -3.3499999400975566
25.789949922477916 30.489935130800237 -3.3499998585190283
25.789949927980096 33.32006488315671 -3.349999872285024
27.019040210819128 32.61080368382416 -3.3499998643209827
27.019040210353356 31.199196331454477 -3.349999872726822
28.240955485370318 26.229536555406007 -3.349999915933819
28.2409556425136 29.070520212207462 -3.349999897651438
29.470049099869474 28.359993831488424 -3.3500000051769376
29.47004922613089 26.94000863488094 -3.3499999591142036
30.70000001963663 26.230085174378434 -3.3499999029728467
30.700000025988953 29.06996908635864 -3.349999944379057
31.929950910053996 28.359993804135264 -3.349999924059345
31.929950789745234 26.94000865846042 -3.349999870386661
28.240960233089332 30.489413028665876 -3.3499998942704625
28.24096023785852 33.320586977356186 -3.3499998675088793
29.47004962325714 32.611317079020694 -3.349999935001425
29.47004956854361 31.19868293711252 -3.3500001584160053
30.70000002825225 30.48996674186495 -3.3500003049254157
30.700000013551453 33.32003316846372 -3.349999902172579
31.92995040362085 32.61131706337354 -3.3499998742031867
31.929950436291783 31.198682958757686 -3.3500000474908265
25.789950941871723 34.739999659640596 -3.350000048846833
25.78995091544429 37.57994576593316 -3.3499999352571272
27.019044020546787 36.86947106945295 -3.349999875951579
27.01904431582174 35.45052638584126 -3.3499999288023288
28.24095563427831 34.73947979867882 -3.3499998754215845
28.240955473897024 37.58046346431828 -3.34999983872748
29.470049221052612 36.869991374046116 -3.3499998475247805
29.47004911313172 35.450006198328595 -3.3499998700102793
30.700000003315484 34.74003092075918 -3.34999987813422
30.699999962577266 37.57991479905491 -3.349999992985185
31.92995078500849 36.869991334258636 -3.349999931843104
31.929950901948068 35.450006196759645 -3.349999896077911
33.15904448774929 26.22953656440223 -3.349999948848673
33.15904441652763 29.070520174547102 -3.350000070264283
34.38095569893024 28.359473674543853 -3.349999828814172
34.3809559361455 26.94052908072009 -3.3500003356611394
33.159039832571295 30.489413073426615 -3.350000068315979
33.15903979165759 33.32058696137527 -3.349999819666649
34.380959758195985 32.61080366918036 -3.349999963814476
34.38095972296156 31.199196350724492 -3.3500000406086117
35.61004926597989 26.23005431351287 -3.3500005791499032
35.61004905827353 29.070000206571745 -3.3500001273402322
36.84000000143357 28.360025031908908 -3.3499999394534887
36.8400000289244 26.939977370357383 -3.3499998185276536
38.069950892340934 26.23005424245171 -3.3499998433279288
38.06995090191953 29.070000276904963 -3.3499998683554635
39.299044300388516 28.359473637652936 -3.3499998421538466
39.299044021740634 26.940528943658233 -3.349999918668556
40.52095548417977 26.229536546945795 -3.3499998463045335
40.52095556892291 29.070520195114383 -3.35000019260184
35.61005001660593 30.48993516245344 -3.35000135403553
35.61005005256647 33.320064902379606 -3.3500003411171186
36.84000003730882 32.61134811783225 -3.350000139460642
36.84000002518614 31.198651953356446 -3.350000362107096
38.0699499642371 30.489935106034405 -3.3500000976005353
38.069949884606146 33.320064839566136 -3.3499999552042716
39.29904019179692 32.610803644645806 -3.349999917377268
39.29904021412916 31.199196334654793 -3.34999985022764
40.5209601879104 30.489413034684624 -3.3499999996676966
40.5209602521511 33.32058696011455 -3.349999958207337
33.159044382452095 34.73947977500365 -3.3499998638830353
33.15904452858676 37.580463453285795 -3.3499998550422494
34.38095583801606 36.86947114454671 -3.350000397248869
34.38095559018663 35.450526250308215 -3.350000296582558
35.610049136256706 34.73999965567808 -3.35000003611127
35.610049083235154 37.57994567940532 -3.3500007415758084
36.84000008261011 36.87002261882178 -3.3500000110958714
36.84000002880024 35.44997492255888 -3.3499998692519117
38.06995072043189 34.73999975079961 -3.3500003211775997
38.069950897668924 37.579945735352354 -3.349999831923535
39.2990439959619 36.86947105890796 -3.3499999959057347
39.29904433519461 35.4505265684243 -3.350000527178106
40.52095571656692 34.739479820433104 -3.3500000303645217
40.52095549286032 37.58046344686318 -3.3499999015680326
39.15066000771423 34.581735057923 -0.9991957499286819
41.75004914808489 28.359993746527977 -3.3500001494258527
41.75004922095629 26.940008644882667 -3.3499998444623946
41.75004962872867 32.611317084623046 -3.3499999256177917
41.75004963935366 31.19868293972573 -3.3500003381239996
42.979999930177655 26.230085189632188 -3.3500002736631505
42.98000002323903 29.069969060229948 -3.349999925421636
44.209950872885365 28.359993804495954 -3.3499998872368044
44.20995080026907 26.940008719177605 -3.3500001122917054
45.4390445227829 26.2295366602491 -3.3500002403490403
45.439044320838654 29.070520242640736 -3.350000332256383
46.66095572964498 28.35947366142021 -3.3500006854733124
46.66095598363716 26.940528900764672 -3.350000042656588
47.89004908825318 26.23005427349171 -3.3499998523963894
47.890049156459234 29.070000252459803 -3.3500000752165207
42.97999998014978 30.48996682182468 -3.350000059168645
42.98000000366959 33.32003316984845 -3.3499998477271644
44.20995036282898 32.611317055359734 -3.3499998652129204
44.20995035851151 31.198683019053135 -3.350000188922677
45.439039821973914 30.489413031111592 -3.350000094089689
45.43903976777405 33.32058696816563 -3.3499999895155974
46.66095978504486 32.61080368429771 -3.349999896499589
46.66095977310784 31.199196326817706 -3.3500000161682597
47.89005008830894 30.489935137060066 -3.3500002893792624
47.8900500582648 33.320064884583125 -3.3499998505773143
41.75004923554554 36.86999135938196 -3.3499998516098617
41.75004911141746 35.45000619782131 -3.3499998410351406
42.9800000096854 34.7400309403029 -3.34999983134845
42.980000019844276 37.57991482009661 -3.3499998356350282
44.209950786830696 36.86999136070752 -3.3499998028246782
44.20995090033704 35.4500062166297 -3.349999812401391
45.43904436472878 34.739479843648986 -3.3499999321276452
45.439044454656255 37.580463459805905 -3.3500000265047936
46.660955778329296 36.8694710423815 -3.3500006975793206
46.660955619378534 35.45052634108013 -3.3500000498753413
47.890049096400354 34.73999970109046 -3.3499999904710265
47.89004913772328 37.57994602013756 -3.3500013623650817
24.80906181297162 35.94565907646842 -0.734100274969608
30.341652640336367 27.89801044654638 -0.3606592574607048
25.70217986284643 30.1244686337803 2.164097568617309
26.46568126773061 28.04353304502761 0.08534876848376838
30.99723749667899 34.36790511524337 2.2762626378367488
24.97928866122401 34.523555695875565 4.709432224575142
25.664224192464285 31.72659499316496 0.7624375060538569
28.092849252166225 32.00581556491286 4.3288112223709625
28.587117031476858 33.33304761446371 3.0882618284037755
30.14378355830724 33.241562392955416 2.9478571392728172
26.755326200928426 26.947726417884674 0.7746245799504903
27.96607847611728 27.1843891639443 1.2267766221959675
25.5008866586608 26.48070640031966 2.0350729590135552
28.07874256566791 27.160406822266385 5.137207641418172
25.51136334798357 27.596654292562558 2.870135860797225
30.477651372797702 28.611895471809568 1.710929405199474
31.21743058767606 26.686328094621096 1.2205125706244968
31.13791208940379 27.930962715960792 0.7644278712067132
26.65380704686417 31.917498984904686 0.6962450576285206
27.98549867061942 32.99167296043932 1.8970822730316639
28.196545073941735 30.744288631660883 4.0095688198505774
28.13870755969279 34.53757171540956 3.733880757575209
30.518046664379774 33.01768748941993 0.07858768195378674
31.540329169258367 33.53832248693097 0.7008516750657623
30.221611142107875 35.45000634985268 1.8561694211933988
29.465403884420425 27.21742419569794 4.9188438801042125
30.040421154130286 28.131569196431798 4.909145572491846
25.12607569530953 35.23360521877919 1.2484816395036813
27.45223570517098 27.934478356273804 4.968677483874124
26.740693799649065 35.24960129087052 -0.08932672782982376
28.749417147835413 32.086665923098955 5.427099091631469
26.72574922858047 36.268419591064514 4.344971134321732
25.62745235865794 35.97551943836632 0.26191417640056724
26.799774878850595 32.14438718625599 4.6257852882502135
29.240320260688712 37.36658002868458 4.724936861050926
29.921155566980712 38.03801022426161 5.8167429092270995
32.20695261352511 34.66434282686239 3.0181554922948273
30.518369319325664 37.05250047968086 1.5610009343777087
26.08213127213412 37.66313927010824 0.9208678200304499
29.941907322388534 25.950033590718213 5.0699662493977895
25.127601599774724 30.80067602725501 1.548465064067921
32.10466356451249 34.47590049866163 -0.1539687019613345
26.87927876450253 37.43797983910161 2.052958237799012
32.37987528436636 32.58185107401796 0.964066985055545
26.91095918967983 26.008983165411042 -0.10967008989177907
27.811433859632903 25.868959467358728 5.141143007323824
31.691459887058116 37.95608292091876 5.36371228134906
32.138918754710225 36.72817078568016 5.4209035227694455
31.560397488409976 37.93237166335712 -0.7719281314941984
24.69290473066626 32.44742243094273 0.2766509520017191
24.788664340305534 33.242570916729136 -0.44789648103758295
30.48123409783743 37.95794198261641 1.115022616419089
32.6382722112544 33.628749846943776 4.508517217588766
32.65532596724651 29.82156450968804 -0.3489347029875922
31.001823864320148 25.755187500702014 4.999171296363263
38.40911934864157 37.81843108682831 3.2877433318820892
32.83941165314181 28.655747896588085 0.5757729450070548
40.44566685911159 37.40391997062597 2.591580894371744
33.117786224365915 30.221090017840638 4.637228859814674
32.909354516883205 28.120424546095087 4.904933447734017
32.941878640191376 33.36779558701991 5.435785253578295
36.606091792419626 29.1729015094841 -0.729171018443423
37.43030767755958 36.38900853743378 5.241402321949983
34.48073369318447 30.861119590542 -0.41389156056370613
33.14580498653832 29.10518867194481 2.0487122698974125
33.654777229068294 27.584341662769695 0.07259575383281147
34.614014748906506 32.01025384936396 5.046412876081704
35.923866368549945 37.28576051905799 0.05171261880756339
39.59830235264229 37.10080334832578 -0.1810045720358533
37.31859212052049 34.25484542848493 0.39991667419346344
40.08567078986428 33.11759966237653 -0.3760686065795349
33.80708852049841 29.092172725910547 4.538849674608718
39.87739588189781 34.605693960387995 0.41670476149761715
38.653755662242716 30.708740139577287 -0.11824639012159244
38.203309504311875 33.3640248318668 1.6353546530656293
34.97827355878817 36.345403349891704 2.3942331259313407
38.02367737541185 33.43974913295274 0.5629283711852529
35.484801520372095 29.54467570035991 2.702356292599112
36.71289017655839 26.836124727819477 0.4230999129133761
34.60996027108493 27.18734620571077 2.8976628600387313
34.37901074271009 28.63834819140936 2.8440605470685556
35.47315431774599 31.00145790663768 -0.28936661930539564
35.928195802924606 32.23900526779454 -0.11984123994771334
37.202664534390465 32.28193427930386 0.09672749208144649
36.569081316132376 30.22664284152252 -0.49537745599904204
37.617161210730735 30.99578154043925 -0.21560745679950366
37.63212319127741 27.338736955970937 3.2413822835616712
37.9998327486024 26.345043115005886 0.8599455182938065
38.49967239806195 27.448025584079186 2.2275803840738795
35.29289998846191 33.08678535934905 0.09008289995150243
39.12310608398492 26.539575592781986 -0.043446865307794624
39.33030693313462 33.879811900069015 -0.18486727636296774
38.970227983996764 35.865171652602825 2.6138977526513063
38.53092336977926 28.719142951333048 1.7954391351503252
35.20491034098554 36.20463807215125 -0.5680548738868885
39.27440897478176 31.58415891714058 5.950787103033584
39.68709179737808 27.181185623144508 2.7862233319372853
34.7718455374064 29.129639789736448 5.407100908197462
35.422592495962014 35.787691183336506 5.283816892664052
35.06107622528504 37.482637163745835 1.6286899083404505
33.81942093975436 37.94235575571696 1.5185682677329615
37.3147999459443 36.763834769719644 0.5180975120695419
34.01928486022645 32.593675689461925 5.73366487939909
36.65171611379126 27.66160609433979 5.603079332814445
39.13624946465741 37.138813923787296 2.3835366957418302
38.55842647354592 37.5753529037406 0.6669020842092233
39.935855011092 32.25976538741843 5.041389737502893
39.34006470656095 33.39242798501368 4.805002292734663
36.265668123158065 36.571284215358894 5.893269137823514
35.866476393404106 37.81365644221097 5.663723448568856
39.70536256811476 31.61226695697587 3.9091489136799993
40.37564394999856 37.83289141090978 6.085569018791515
44.83884191351339 26.451585390630786 5.825985238185568
44.125114562615494 38.26399080032849 4.895343004137926
45.729027971973515 26.01648411783744 6.021831258690248
42.35416297855392 35.36086005316298 6.138654960483003
41.04322814607335 30.17099726377999 1.307591070508235
46.748895375758245 36.6538628898047 0.4339271976481318
47.566151223457375 35.698563134410264 -0.2787645688034268
46.074574080523995 29.985634260393738 5.462491691151489
41.71228903110987 28.208590517168762 4.971987016057019
41.80667548380477 32.414239624895394 5.511495151529661
46.37491323000407 27.408262156025522 0.5432162372200011
43.54987937829268 36.93686730587296 3.8901361110256127
46.59252511898896 28.132076787724305 -0.5344539597496556
42.47004140297491 33.13649744076747 4.487426775225959
49.0256387392407 29.736765125540707 5.314648767129221
48.41198730171417 28.90227940324824 6.20884138337666
41.695384138542366 31.218627013213876 -0.4676897427920812
44.05355893337927 28.488236783850308 1.0948025748390866
41.917249912066715 30.112011869223597 0.2614938233928299
48.822415182310884 34.64532002791857 4.232791569416027
45.06622261495408 31.73495893468152 4.045108195003191
41.75661930377983 36.223593568815744 5.8836403771488985
43.6801643717909 29.958911778149183 0.7774620891982587
48.23528072059357 27.768107269108594 5.655245218843756
45.26853489529749 27.289732891997684 2.917843854209281
44.53998349948091 35.36402592821079 5.730075748615154
45.87734271073885 26.342840902347536 -0.024304864577621155
48.61877837143218 30.71178090630504 -0.19837121164036575
43.09083713966567 36.20632268043914 0.282266995115128
48.42113286470554 32.55142841350134 2.485840140548455
42.35140093414901 31.030807182686534 5.449792819500917
48.161721554659735 33.35950482888813 1.3270592924798208
41.495768706625675 26.399990792118167 0.6766687701995311
45.03404160030112 34.635512025210616 1.118119027592197
47.256242313903684 32.21484764905185 3.2613840481793552
44.30805511137876 30.302863704188276 -0.4240278767613792
45.38847574156817 28.275413883980764 1.8082459496163283
47.62028418324989 27.17255469467355 0.9014618135526287
42.517632721819716 34.232679282003545 0.4174606238433165
43.756585160323226 37.238409430105705 4.916997867863284
42.402530890915486 37.243436970890166 5.505402451543597
46.06610210347508 37.66450017474384 -0.285744629163196
45.08983125071467 33.76034998770231 2.2457765733910406
44.833381576197155 36.402795144275046 5.578497107803039
41.47309777201532 29.07386848978807 -0.4838458208982366
45.779361924166096 35.97826880729794 1.384186556189867
46.32722832488939 31.64655781524502 -0.3886496054612276
43.76094008369042 30.889123614893798 1.8784797496175043
42.70652319779986 35.498976870851465 2.2212837739917
45.763252225539475 36.35682071040809 5.0116400473535805
46.31728327324463 29.39864625200976 1.9882803252585335
45.2660418568782 33.98154398766095 -0.18031593045379934
43.799102112474266 28.328147393245636 5.3411724136072785
42.61279077962198 28.479446045413724 5.918195049580213
43.225878712156195 35.19437159516418 1.0497456636884328
47.852491962063375 37.66783471418868 1.602844556066999
48.53509920650081 36.95822317360366 2.450036037759041
26.21532260521068 29.701310983751455 10.054654761662896
26.813782657844115 29.290004273257782 8.796543830890537
28.226598828442928 29.872004803263405 8.483717639845644
29.519662569483653 29.677567810076297 9.28905212846139
29.546327090494668 28.70377154437967 10.292316434023936
30.071095573167938 30.971209246534556 9.587924880900493
26.797290605640146 27.9121229369306 8.356739400659485
25.781730067114562 30.164688792216747 7.458698148634818
30.67080625111261 29.123509893388142 8.011667056124036
26.354049992628703 34.517532649338776 10.288507665999806
27.971509174489004 33.18463141796194 10.7196250407643
27.274973141216044 34.07522777675554 11.276010332525907
27.693029210570177 32.97109510737799 9.471648500828758
28.760733057124682 32.576033258590755 11.135718712296438
28.129614059682396 32.36285399777279 8.793757342803639
27.438263678751806 34.54826603070225 12.64497435692036
28.51955310926383 36.68648597769034 7.788872985867675
28.74014245181987 35.37452260614269 8.32061306483652
31.29079356495318 28.375513337982593 12.198242501236344
31.94947560496674 29.122987186096168 8.442811407440322
27.139805368491874 35.591903988926084 12.744183479146603
29.82703009194995 37.19925445196967 7.139531818971983
27.217784539690303 37.2651469424778 9.786433578016059
27.827559351831905 26.751567548631456 12.23025473600925
29.313099681821512 30.244021919737193 13.088587967398151
29.614398775026906 34.833071254076984 12.508541773553224
26.11139351482359 31.413514216465746 7.336775756835767
27.03099575910676 31.178924894286716 13.289549840336289
28.196272175995855 37.80094482926935 9.10344959961336
26.538004676930885 33.726618088822285 9.21902285428103
30.73680947052448 33.64394342906918 9.13477941433781
31.77148087110702 35.073220026624746 9.444161088137712
29.202620895903106 38.14174551214713 9.874439012482295
31.543606924743482 33.90721540789843 10.659443798242842
31.66698665486821 33.99679765504555 9.580160488252922
25.99491421261255 33.770051089530924 8.286517453741578
27.353651992184393 36.87231369940733 6.914761143035312
30.413693758691313 27.847104839865043 7.574849901644659
30.666294697570915 29.93307030968336 6.909736777226376
26.741030827043037 33.94553966875652 13.226942812731838
27.085174442004828 25.691947147470273 10.031900193942299
25.571470937379335 35.19448902546246 10.597861972777501
32.287125681745046 25.741922680039654 8.471327312606894
32.31858675649737 35.940310040236696 12.39517165009101
31.741042930699173 34.50916034376336 6.687103852905011
32.42734806952623 33.6785487528268 6.61314682868083
30.918392023903117 25.75969255392251 11.112566632796417
24.616611050992443 30.16230818801434 12.429036840707557
28.88191866403171 34.4491025123428 13.218570570866607
24.678832392440558 36.490012192741624 7.3816934026182315
25.96745156658557 29.628011188784566 6.326315071797842
32.76911273979013 37.28154276411808 10.80552958124686
32.929068132381666 32.235127540689895 9.533121671965855
32.9464060625159 33.19689187866548 9.020472908226274
37.33869149251691 27.50216533449649 6.421030109528316
33.854416675613265 33.7189849277437 9.322193930464199
33.034206632856815 33.01995688222248 7.54963963891533
33.4873386505163 27.12060404185342 11.46969240047049
35.51975698584629 37.791100720850515 11.939854921766328
37.69132490992354 31.513619687985972 8.28189411768232
34.74978033474366 29.749304563426445 10.201588011675675
34.574250704428266 27.921154497568658 8.985129492674114
37.491280024723096 32.39285415031486 9.177887422130153
36.2160908743794 32.17103227018362 9.461556046584152
38.41572287144947 26.421067531917295 7.981468680734823
38.937007712015905 27.659731198350695 7.997785930994104
38.207371500237635 32.06997790157926 10.253356368819075
37.858939211290114 34.215494890273455 8.784200786731738
36.86341597560529 34.734175594451145 7.690417916878943
39.166300072912975 34.11689397209195 8.302952407623783
37.747060982639404 34.789938759036204 10.086355016256526
35.15154451825251 28.431033144419022 10.082610657458208
35.80868282115907 26.429978311660392 11.591113560599771
36.47642981937344 28.429020961413446 9.754849434427458
34.86057616622444 27.451161723698398 11.629185708507414
36.30108631587381 36.149656665185276 7.694151789615739
37.53804412069205 26.224464840523144 7.0787746214077485
40.31724971563809 28.453534556678186 10.269250923719145
37.13879127612279 37.16858455570216 8.359903651243885
37.68532928366343 36.71976852784892 11.383158854079102
34.92439200933583 36.22647185509496 7.989209356715387
39.711892987832314 28.003614236839958 8.546782529498046
38.19122329670833 28.381709238286525 7.031475594377763
34.74950373073586 31.838991684295888 7.698661164221793
40.144624177997336 36.746053998344095 11.75896949537172
35.11773975669114 28.406165878845716 12.84159543326848
40.13835676773717 30.715518178373493 12.067218565741715
38.39343925843881 26.53304068906288 12.457865079206922
40.890765518070815 32.577520831494645 10.680327188161758
33.83123253647966 35.51474876618217 11.05179344065967
36.40823747907049 34.8763192456027 12.758369521794847
33.307918739713784 36.518988949975785 11.720999036109125
34.44133530497312 37.38947558706211 12.815406272328364
38.44799104261024 29.429377505038588 6.97798234648976
38.69060469086414 25.59261348495259 8.617474873654167
34.15798057573311 32.47683702485 7.058619229125886
37.586993971828726 26.5534766480806 11.850141152341227
39.961625893049835 35.809485798334315 6.6746641028053695
40.8709973549326 29.776306040870228 12.45827838698128
40.14667659007794 38.20368950314593 8.786090404637894
39.491391732975934 25.756528472616942 12.306463605494617
40.599313764486354 36.53092909772155 6.369748139958401
40.246729166922975 28.998474430209054 13.298330439592776
34.67470924841373 26.002916555472478 6.567298824279172
45.19182760536992 36.951827243637084 6.449232543035043
41.04419433641648 29.800616101862307 7.319380064885376
47.787504741516905 38.08573598967497 9.03417121085291
48.51639756293158 26.066711977040892 12.893434350065471
41.48474159552356 28.890773977626502 11.014064408811887
45.97117880119 26.110835722862827 8.216740882960206
44.098636847700234 25.795888058270446 12.023582362394334
46.35989098824405 25.782385246529987 7.264153291059873
42.37686176600682 25.73673986406001 9.99321805176157
42.07008863270945 33.29435417688899 8.512313793339366
41.177520673038956 37.7662739029082 11.86730538401408
44.11918468530362 26.51656821124186 13.105134903091908
41.857012682660375 33.078418540177765 6.749889321007237
47.01125010537113 29.511329558663377 10.218404725728638
42.48000787211125 33.7192484811809 11.655740225157757
42.38148818752986 29.80136175326947 10.378281826658394
41.7900880026635 33.174966331235545 10.654289838303159
47.741467642808615 28.950020385441796 11.363107312393725
47.436588770628454 33.75156691902399 7.939904597367042
43.87521836271791 34.968684679566486 8.991052123063763
44.0960822312248 27.463169654455324 9.997778047484614
43.48409191935034 34.44876611112576 11.105151781253713
43.432388836699324 34.36538474820482 9.769724842322425
42.383034809890546 33.48491711887731 9.453510082825858
44.75103569299643 30.061876692135513 9.696032965989586
45.549069061349684 32.20852505084463 9.013523824982753
46.10595874801508 28.73701509136461 7.511323885949698
43.48124088434449 30.37282868373852 7.574364931537207
43.122865561920655 26.730496065722768 10.705626543934924
46.29312074053484 32.26795991110298 7.784748945563732
47.11487654629104 30.995340888461257 7.559607973297801
46.8347664059845 34.928069202993875 8.02400507280824
42.179475625549074 27.687815917998588 11.593724933406227
44.10287958986404 35.08012533885046 11.72554467643174
42.5512641014318 37.284564440436576 11.866475936894322
47.624091869816525 29.69569992161612 12.704805386256826
48.23581309521661 33.67753555053281 9.038925548001439
42.31950715019883 30.115197960845094 6.699422676011693
47.66194730370056 27.5250832311558 11.56836091866769
45.12596873055224 30.344298875993623 12.322097467063491
42.4553542863695 27.482559154828383 6.793600671985093
46.33446530322221 30.516015237564968 13.139255433988794
42.135552455229494 33.69040081308027 13.118767700606151
48.35616438859292 33.920361105885014 6.937519215451017
46.753242654317894 29.711339191608484 6.714168058384624
45.05584218517283 37.0881918641761 12.93899872384359
41.898272415565884 34.735404367975924 13.318181225077272
45.519712558129115 32.63128183679008 6.642064725396754
41.83417468429976 30.32649267079708 13.057677890397462
48.82955810106401 38.18793319788758 6.316425286315274
48.99436710805839 33.185769836961185 11.181854138083839
45.386372160743285 25.644216865673886 11.641718590605395
30.864804132874887 25.968994796946518 16.33929632894559
31.639466820519548 25.953722093517104 17.10595431327193
29.34139823378828 33.56181104735173 13.654107459260306
27.94991884915454 30.142457448528422 13.680639030673195
28.102768889952404 27.397742964684305 13.511711880190607
29.523487585779602 27.55531590952445 13.781891944490013
26.415115086353854 25.78318434747241 14.851222513009025
27.662317299842766 26.158134356285238 14.846228821882722
27.863785777265512 26.70822745418533 16.071892258326834
28.89959445209827 35.01519259828307 14.149875881337298
27.314208331526814 28.716752064669514 13.702424819339905
28.753118635771507 31.684010890573713 15.718397011641706
28.221004636643443 30.48218093289364 15.492055458865332
27.059266472150075 30.393438092526083 16.1921183072082
29.06834462575427 29.575972703486496 16.013198455248062
32.155013096186494 26.914007469703694 17.093146738940344
31.219494611371843 25.940654865043577 18.1117140217298
24.66761013045926 28.492371996343817 14.20145954950646
39.371149998054335 37.524633547213575 17.91567344196175
32.96337815207125 28.251573008654773 14.101620820008078
40.17669202150525 27.180195774483288 16.141035084185
34.397994080478334 28.16504004176714 14.183516455694136
38.253961269734205 26.660468269215524 16.758802024857758
34.5904789016818 30.794219966041183 14.815497024894093
39.45985062934729 26.4080159364776 15.86179197062403
34.52033049203421 29.451595137093587 16.470961941725488
34.81482422112717 36.42394151160666 13.916771524756943
35.17326752233607 33.379060095159694 14.876581635936365
37.22939488983237 36.486415017027774 14.474622007726612
36.1657806050965 35.60708255557043 13.967592048067702
35.699830760501555 34.545189142483174 16.43258687773811
38.18031742272826 26.80157416098603 13.725086283022343
35.02837290134518 29.545761943458494 15.23492837597545
34.98274768939671 26.959954474626752 14.83685832511729
36.3958999618867 29.67941507974679 15.36079733124386
36.02392393027195 34.28238317461269 15.165902674205475
39.24458052937482 26.343181321686817 14.392688156271543
37.18417325574634 33.63479869625213 15.247769967581574
37.36296670890569 27.360322467644814 14.156523579083789
37.43546758175019 25.94353697686158 16.694167629918415
38.49962710337056 26.628327164952662 17.820270464180386
37.76727180112206 27.611337884506202 16.541821988919853
37.778621213575136 36.86322841977791 17.5424335778408
38.306251596788854 37.75469197738081 17.88154846137008
35.70298350070326 37.50522655869505 17.92680373301433
37.88547522086992 37.985624430501176 18.860178853133327
40.129969193524644 25.75761155142237 13.478989999741987
46.60447932197298 31.889836090971514 13.5591747671487
41.28086786675529 33.089493128154004 13.42945115583669
40.937446168838974 37.57016199110661 14.540499266780268
44.786303237096924 30.384947970303138 15.308121374161146
43.81270439418779 32.53933863609037 13.755733194167917
44.15094082804955 34.30572270659273 13.830798018812834
49.07428333579657 36.54044268140664 16.404937714637093
43.40255524314204 33.52586975369247 13.971682326942597
48.699150954898684 25.724970442223018 13.826126111123308
43.192521810299255 33.60183468252293 15.038554056200246
45.870374487612544 29.806804409694916 14.776367134555791
45.360528799201916 37.443892863034854 14.955831046855794
46.612718138827795 36.09027458066146 13.979237059855938
45.66966949850351 28.451299042688756 14.781438410773852
46.04529793488341 37.29290295461807 13.831429618574466
48.77699910118336 35.86740283286549 19.081504320533213
46.869440958834225 30.065922253691507 15.646889731233092
48.97166861126516 31.613259702316718 16.322650899732
46.994715821485535 38.124459247921884 17.385814903392863
25.78994593347753 38.99945565696909 -3.3499998989384414
25.789950825985617 41.83000867081663 -3.350000101684276
27.019044549784653 41.119536527897424 -3.349999853546181
27.019005340901753 39.7010817918656 -3.3499998460025715
28.240994671985014 38.99891822361988 -3.349999809333041
28.240955966932997 41.83052890526225 -3.3500000037045363
29.470049069639376 41.12005425500623 -3.34999992479161
29.470053961843576 39.70054435372763 -3.3500001327037863
30.70000000629672 38.99948976615627 -3.3500003960089177
30.699999981550558 41.82997737426202 -3.3499999192742913
31.929950935011068 41.12005427519679 -3.349999955479791
31.92994599824794 39.7005443303246 -3.3500000209507275
25.78995089739691 43.249993802073334 -3.3499999011656243
25.789950381811558 46.08868292052301 -3.350001422298108
27.019039804277586 45.3794129831543 -3.3500000884277026
27.019044370452328 43.96052019335859 -3.349999887033439
25.789950365804817 47.50131711341606 -3.3500001421691628
25.789950952015527 50.33974804732376 -3.3500006505726896
27.019043446941794 49.62946798272582 -3.349999862154498
27.01903972933115 48.21058579496762 -3.3499998482407767
28.24095569325946 43.249473620843254 -3.3499999006599768
28.240959800264466 46.089196321643634 -3.349999965150552
29.470050054242044 45.37993510995002 -3.3499999176203623
29.470049107210166 43.96000025686041 -3.349999869209219
30.699999992656206 43.25002504318385 -3.3499998802102615
30.700000006502297 46.088651852706214 -3.3500000629960427
31.929949946744067 45.37993510450273 -3.3499998833545597
31.929950899503602 43.96000027674492 -3.3499999004750514
28.240959768487546 47.500803643809085 -3.3499998949153795
28.240956455024335 50.340266897712304 -3.349999908395438
29.470049277037774 49.6299883029136 -3.3499998830637523
29.470050049373988 48.21006372642699 -3.3499998850244372
30.699999998491617 47.50134809722914 -3.3500000445387954
30.700000002182488 50.339716878141694 -3.3499998871766534
31.929950724678037 49.62998830032005 -3.3499998821773636
31.929949948305353 48.210063732487136 -3.349999883061261
24.560000249842318 49.63001946716333 -3.3500021809118463
24.560000045380967 48.21003194731941 -3.3500004169422173
24.560000004057873 43.959969075277236 -3.3499999058635566
30.838888912103375 40.454119291942106 -0.8957966739190659
33.15900532739527 38.998918203573254 -3.3499998610649517
33.159044017785945 41.830528938388234 -3.349999857811695
34.38095548249613 41.11953655187579 -3.3499998616503412
34.38099464309223 39.70108179728256 -3.349999933916088
35.610053986882974 38.99945579490379 -3.3500010211010567
35.61004924076922 41.83000865212239 -3.349999855681448
36.84000001068037 41.12008519236892 -3.3499998457067437
36.8400000604297 39.7005102136426 -3.3499999990938765
38.06994594342981 38.9994556301874 -3.3499998399699793
38.06995077924989 41.83000866188776 -3.3499998459009737
39.299044505020156 41.119536578045995 -3.349999889653197
39.29900529680518 39.70108176535438 -3.3500000181449687
40.52099468361792 38.9989181681081 -3.3499999845674933
40.520955975660975 41.83052896538532 -3.349999866548581
33.15904431532739 43.24947363201666 -3.349999886274524
33.159040218599436 46.08919631242869 -3.3499998830036204
34.380960240176904 45.379413013143854 -3.3499999245078618
34.38095565292445 43.96052020000781 -3.349999873932555
33.15904021395058 47.50080362868998 -3.3499998736137018
33.15904352543379 50.340266930589465 -3.3499998730858396
34.380956536153214 49.629468010173326 -3.349999873566951
34.38096023815647 48.21058578010967 -3.3499998784552254
35.61004912407733 43.249993820110895 -3.3499998744686277
35.610049644930854 46.08868293451323 -3.3500001142531453
36.84000003933528 45.37996679761853 -3.349999947514787
36.84000001260637 43.95996911242789 -3.3500000113930586
38.069950927570346 43.24999382937427 -3.349999986055069
38.069950399851905 46.08868290938731 -3.349999938075834
39.299039757696114 45.379413015799386 -3.3499999282286597
39.299044350352524 43.96052020994602 -3.349999863554216
40.5209556681602 43.249473645684304 -3.349999815732879
40.520959770626675 46.08919626108454 -3.3500000624416435
35.61004964370708 47.50131701379251 -3.349999891674976
35.6100492187435 50.339748106701975 -3.3499998774863773
36.839999997412775 49.63001960771305 -3.349999866497093
36.84000000717547 48.21003201320417 -3.3499998717726576
38.069950384144626 47.50131698919034 -3.3499998743555737
38.06995078614186 50.33974809289895 -3.3499998927209806
39.299043476266185 49.62946800184552 -3.3499998705764558
39.299039768065185 48.210585770484286 -3.349999879750043
40.52095979314104 47.50080366001523 -3.3500002007777208
40.520956446220154 50.34026692883331 -3.350000100811137
46.66095652570674 49.62946801069049 -3.34999990832015
47.890049665672315 46.08868291695534 -3.349999904586273
42.97999999763609 47.50134810111206 -3.34999999326548
45.43904018346286 46.08919626626393 -3.350000006533189
44.20994992568444 45.379935107678776 -3.349999877095274
42.97999998916721 46.08865185179931 -3.3499999486840935
42.97999996566594 43.25002503534691 -3.3499999304464243
41.750049108652426 41.12005427547398 -3.3499999680103842
41.750054099928725 39.70054431854745 -3.3499999817009796
42.980000020011936 38.999489817107154 -3.3499998986989143
42.98000000474873 41.82997737543482 -3.3499999414420687
44.20995096016175 41.12005427193467 -3.350000047331494
44.209945980362306 39.700544308347006 -3.3499999814630375
45.4390053127885 38.998918210112535 -3.349999922583924
45.439044016909826 41.83052891851198 -3.349999807857922
46.660955460728616 41.119536532086485 -3.349999826335137
46.66099466758847 39.701081771478265 -3.3499998580785704
47.8900540394659 38.99945570494735 -3.3499998238385498
47.89004921224845 41.83000861156839 -3.3499999528676017
45.43904431814928 43.24947360599823 -3.3499998808171294
46.66095563551887 43.96052019233858 -3.349999865104245
41.750050032396 45.37993510985147 -3.3499998589656577
41.75004908066869 43.96000027499171 -3.3499998384031904
41.75004930657049 49.62998826831123 -3.350000101524113
41.7500500514079 48.21006374343846 -3.34999990207419
44.20995090968998 43.96000028662409 -3.350000053816906
45.43904008413885 47.50080365962253 -3.350000307078198
44.209949911650945 48.21006374201912 -3.3499998845206393
44.209950695591985 49.62998830847101 -3.349999894288751
47.89004921792992 50.33974809126208 -3.3499998987156743
42.97999999387241 50.33971684108566 -3.35000011183328
47.89004971433664 47.501317010174155 -3.3500000305523727
46.66096026813572 48.21058590636415 -3.35000038008057
45.43904349197489 50.34026693383331 -3.349999886947035
47.89004907541927 43.24999381556715 -3.350000017870298
46.66096025043779 45.37941299054054 -3.3499999127032485
49.1199999999098 41.1200851601031 -3.349999887400176
24.681149885193694 39.79829108609585 1.8535634095775366
27.52215196012401 41.02056690176457 -0.057215652133454364
31.639858072437175 48.65131188116745 1.797945323573653
28.700179721850635 42.066362881161744 -0.610466778523211
30.550054592617613 49.444283264970906 0.6880093526477116
27.735397399281425 42.62705039741195 0.738592362692142
29.872241122605445 42.04634669659482 1.5490042608359722
28.481389482555034 41.184376958106284 2.2010265526607666
29.333930696650455 49.14498894096236 4.598218954278357
27.834706512789836 42.35124795362678 5.7539150664650744
28.235173273024206 41.75168331163589 0.32379537478259723
27.239999536489986 42.96607728372425 4.638293947791329
26.204283843940175 42.84739428085379 4.356146204464863
29.175396893800617 41.22938017155577 1.36172420907539
29.77598679307577 38.89940368755171 1.7395252907730274
29.757033235216635 39.984847726882386 0.9251784658925133
28.116204269102163 43.790470981815766 4.135207657228897
25.719199688750194 46.61636219110684 4.83621989265659
28.023841780771566 47.4146066906275 3.0896187973015445
28.04930081444031 44.573384452440145 3.3942822727924726
31.006296421594694 38.48093332785983 -0.024631598647313346
30.6409301725303 39.75228690358239 -0.09915143536862958
30.08998013518592 44.62877932354303 1.863838191565399
25.75142023863795 48.564254286095995 5.839449674999946
30.629418152535404 48.30273144352724 4.401527719824918
25.923185137939942 40.33322903225205 2.40712172150205
30.647894372593047 46.00074484668775 4.770591473329851
28.27723619926834 48.70982073213981 3.1774453738114627
28.725175961485313 49.016233106898774 1.987612484409319
27.10599604601766 49.26572315436167 3.20638625451953
28.576932925540895 48.58093999269461 5.694531999162211
31.13863159830702 47.18879579763872 5.31567113813903
25.29766299715907 47.278680922141135 5.9275281120597425
29.28729974173737 43.647811618011595 4.827519692202065
30.070898232634875 44.23202307017134 4.573019428489477
29.119256640597577 42.59383917913164 5.677318106599892
29.04224325884966 38.67480789289261 2.4995102610270337
27.02763125654924 40.36616943721424 5.941217347627463
26.652256523878634 38.380591177822026 -0.21377400286124892
31.545804407929293 49.00905722383013 0.7726296755055073
30.33607750470292 45.33103956194453 -0.1069341417414682
30.96447664260326 45.06983300600785 1.0060849353909784
24.71160721261809 47.266643301448376 1.3172270581665735
24.76851641797811 38.36923264968724 1.3622055848990933
29.594642526712473 50.53385936599423 4.428817176403693
25.186001892974094 41.12382226858999 -0.488124885722645
29.71472198079109 39.444906145159464 5.949102154021226
31.452535606464117 46.171471066801864 1.425316572860954
32.347404946516654 41.110571350600445 2.777898789075899
31.742556081389306 42.81753917766094 -0.06997442699771983
25.68180403581423 50.428040021756125 -0.3890338384394465
24.89878385305724 41.71301775923169 6.2003917608952115
32.36911470368104 43.907242224850215 0.6600900200419368
25.53129195096826 47.956389141395974 -0.49271034297408534
32.00700462267751 50.77393794807177 -0.36162554035626626
31.60461482953895 48.16649506580875 0.08362289445072002
32.39995773584625 50.30468754100811 0.5403123219981842
31.915352187229956 38.47793868919685 4.181146903866071
25.62477835565503 46.67240631147153 1.350406322138774
32.33243512241012 51.03097483389859 1.3502798930267912
24.953763029635176 48.08987001128722 1.9893567662894573
24.6088363978068 50.45843273961747 -0.26979990660012887
32.87943809348918 43.447058221558564 2.0816731082852655
36.806059410365314 50.55923190701912 4.223016842221349
33.60493819969131 46.14530361705032 5.785947411772727
36.86777354398682 48.66688090783356 0.6001272178526385
35.851142978908996 49.948616758501416 3.559482643330274
37.101150794269095 49.73118657778114 5.241179749953163
36.34355085210259 45.392936910661945 4.910941530495563
38.2144248313369 46.621303348040534 4.52750073951798
38.34614955431107 38.973932877381834 0.6423870331878667
36.4820178832024 45.6281390544974 1.4997515289595742
33.32178337576578 42.70118472309463 4.971947976550815
33.3809115961003 44.69771509406878 -0.017722046733632535
35.280645196711056 42.87117022474647 4.13611678501886
34.39202261675517 40.976009686733526 4.533828068910985
34.3485560560663 41.55160236771281 1.5791033436427238
33.3974945062304 42.06075621030407 2.4748564026424424
34.19454151976769 42.16759856179142 4.1376376711927145
36.42802657457672 41.03758606730178 0.35619601515860855
37.60787172722634 45.723438762341154 0.8302983285198684
37.65511179804867 41.56361460063628 2.2241172017998156
35.819680612380324 38.578865157616754 -0.5547382005674628
33.23992808999728 46.933515905936346 3.8212134176341506
37.66817564476809 43.26420885038685 0.01729373254578448
38.998218276534445 42.076487456570064 2.3968242444189034
38.54662536268789 44.14903296858033 0.7597205010288755
37.309249842500705 46.34333125450193 -0.29285801217670104
38.21949663517095 46.70571261513633 1.4624659052431799
38.92893536714273 43.608706878934925 2.17317927034855
34.15874092379321 47.83349845606578 0.5273239986132305
34.58360277060965 48.825926987145714 0.49605065811338944
35.89876216133226 49.1380155712002 0.5263094064362717
39.33877506361514 41.83189687269771 4.204287180210683
32.99558780810205 47.105477942155886 5.096999380334493
33.88691768955334 50.03396413128021 0.5196006101699624
39.715879405265504 44.501406236167874 0.030068305448243127
38.0151101733801 47.519275920349564 3.9426768969387194
38.45417381690953 45.8170557830777 3.8319388957020384
38.46506502592263 42.46040431868717 5.036119147950555
39.05469759228714 40.610530486908225 4.540093413321975
36.10826954903813 46.98472281549399 5.4233315269033024
36.892968268818684 46.233341778876074 5.335158644401675
39.38753532790382 46.7000003311214 5.460483501526148
33.5691722527479 48.29149753608327 5.340319831879086
38.48296737061072 49.742862281804236 2.359214338340342
35.94604392832448 50.511502674577564 0.2743000031139764
34.77390584294134 50.99055571864384 0.2310867629279778
40.0202008531087 41.43413251926322 1.6799180725359308
40.27826621160975 49.685605794958505 -0.26114401259612285
40.37460723867593 45.8869091678269 5.588397749021831
40.530719094684585 42.17036215425622 4.646155490223467
40.52881246236953 45.08905946388474 4.877021196902262
38.234703311692144 50.94990619513145 3.0425864829100737
35.762795511775074 38.37951199351022 2.3873594370510087
40.82057797708677 47.147380975688264 -0.11406424514108449
36.776645242347236 51.02167506017398 0.009865523288513645
39.44320038409757 38.370088982173016 6.177044511968383
46.594552517001866 50.30934836217533 5.773097329535963
48.7869660893748 38.364087010391515 0.93239040540954
43.60207303556557 46.68403163909897 4.069025222833257
45.18471306619835 38.81735617236278 0.4248615277587431
44.490596734421295 45.77129051490096 4.22200539984267
42.657877099832675 43.994381835981784 4.381665080666216
48.15939975689879 43.96656343858949 1.723216888129655
45.48869925599097 46.46251862356443 4.7152184614324035
45.20376975397709 43.745850936831104 0.3126490093299561
47.730121474349886 45.277555223392845 0.8924471386231181
43.642344321227675 42.8329711429822 2.209675063247535
44.60436120856865 40.77413830111134 0.9919860827890459
41.26408681925127 50.123814376097286 -0.21083527605343377
43.01617252284313 38.427174326932615 -0.4629895236089687
44.283663662368575 40.77661313253986 4.283739512465723
43.10517680270227 48.05695457121343 1.727549533489211
42.21193827219186 48.26064874465851 1.1370128184801964
48.946957206761276 48.14576287011013 5.038414712093786
41.8533626982341 47.07401030912108 0.22662984794592056
42.30870285209924 49.70630023647912 5.101776499676869
41.6542271464986 40.853629336228046 -0.21043447505374901
47.06337755237017 47.74929756132558 0.4951124142815222
43.50243011578174 41.41757539050857 0.774300607477425
47.14071574833516 42.43585894437476 -0.13539914395963248
44.43177817496028 50.124118566419405 0.6424885485088305
42.66254061782532 40.58422032876939 0.0672753199747278
41.835980663469755 46.12200818942002 0.7571859985623952
41.36886763731879 48.3372940363482 1.8236403770144427
42.42508218184458 46.92150031807616 -0.6887812808404115
44.477842093568796 39.53503220961564 0.498172738628716
46.95941020006934 40.92767325558797 5.176799710248056
46.45380176251539 47.27413976816153 -0.6436091833277935
43.253830054447555 39.36378693474048 0.019375193767946497
43.839931881755994 44.280861320342744 5.188982843551252
47.40751765765247 48.941887509984966 0.3051609119303367
48.66825822942616 50.91850985481558 6.047962657392585
41.54220716881944 38.360122056313905 5.625336948014948
47.232610639785115 38.50840744929027 2.357777967849082
44.29828105916574 50.08233931215744 3.349833607261321
48.412436612996906 47.0514561053689 2.5479162285758337
47.15234470653954 43.47726375435127 2.6292505982256396
42.19323457077787 43.006723997463226 1.2235289988142384
42.31821847846648 49.486297684139956 0.4095495709623054
43.97590885537774 44.84664285259578 0.3738023935326029
43.96970350679386 43.35434385129567 -0.709236168638393
44.48118915200956 41.61976802382232 5.443639846111389
43.342223138844965 50.85811051117376 4.04593270187947
48.35993713679582 46.646954622950226 1.1320367128682307
44.11428063224079 43.768835050486864 0.28845842421555745
44.82917889257929 43.101432459675664 5.042475789429123
47.42641881506686 50.990703189846364 5.672329968949276
41.32361962871438 50.2859797985408 5.75305841774002
46.10196669409507 47.66114814432493 1.394154426135289
42.91543860221212 48.993577553600744 6.093620537672572
48.3295975096452 42.66991936340824 0.4211871487581853
44.89323688602257 45.41530157393951 3.075138954900285
41.913196366192516 39.36011658921229 5.455696299556942
43.41975275967997 50.2010048292404 0.27330964683999537
43.266852687758885 42.82214525456698 1.1864503403384774
41.62335558769626 48.81052955441927 4.401226748584545
45.43764823307862 41.23763481425324 1.4991386408139495
48.585173643715414 44.57625109141096 4.688559933920208
48.60350401133272 41.46584576553411 0.8570323882374586
46.05854217588652 40.8967112462242 6.14619416395572
25.78561378875338 46.30425550643231 10.843016251123498
28.187394445222647 43.174750873216425 8.987712774469614
29.07826434631667 42.7408039643307 10.025303398056916
27.817254901545944 42.35049293786351 11.318038639181927
30.442720759012698 45.746791374739544 9.149323144182596
25.125536254411234 47.368830821726675 8.63355714773896
27.024548570797442 41.2741615032098 11.068050854958297
25.687248590469014 47.54929258795175 10.035176668677504
28.94552043496097 47.555297156597554 8.83212835583986
31.670088801423855 43.59024028423993 8.87431089935839
30.021827266873405 43.8231081493302 10.599279999563553
29.635945075075153 41.43501212674109 9.847639372086348
31.03813607282734 44.561478403438684 9.689225969644756
26.88604596862089 48.319307925856826 9.878743043315104
29.683407713207902 48.125696919604025 11.166040483249851
24.890044172654623 49.00563596671027 12.173214505911872
31.313457488860067 40.695884397355755 10.221781993417165
29.515033244563945 49.34357561808372 11.992587369106484
28.333872963552952 49.50696755946243 12.751284569748426
26.96840735681213 43.326790426009204 11.4322365584873
28.39036644328812 42.20225515445463 12.515824449450324
31.715992774891205 45.93970615304224 11.721171908479285
32.33974087328146 45.14776886074583 10.852873651992223
30.850277186885922 47.42047932871539 6.721384525384559
25.81035553053927 46.46382803563108 7.486950838989718
32.31714377096476 40.59365929015175 10.269362184387283
31.96177450543827 48.78909087452471 12.82923033082769
27.047694983283684 47.28576130251593 13.128569002079896
29.80568489302291 50.215688912268874 8.709319388497143
30.866603740308957 49.302434161333665 13.314895219847223
29.92984001597688 50.61521402127012 11.181647147567103
25.682682550792748 42.625398826249054 7.574248742711402
32.70510116269651 48.88947152855855 8.09588528659176
27.275733507579698 46.58488911850415 7.521945589765342
25.429575706426395 40.96611155139472 7.620954286556842
25.71463217679523 41.75256449078346 6.9221448827032575
32.63986835602502 50.16397204592867 10.319212683208697
27.83021814486135 38.94410858591183 8.509693147626082
32.672558534553495 40.46753069342863 12.406460753817615
27.766975086354353 41.019492397461335 7.400372238187006
32.36365846707311 38.6012415769282 6.277484114165592
25.886369247949705 50.84911550872669 8.15264950973129
25.18923877272587 45.19111581617245 7.419400714557658
27.75148691385503 50.944039039766224 6.359223936647419
32.69588886864339 40.431643186278194 8.171231121863794
27.146779846652283 41.269431869804954 6.5395655670737565
29.873396051522622 42.169706589357055 6.323681236118155
31.822821879570956 50.49787298715471 6.313181241127312
32.77791541067248 50.94577242166836 6.544660059626732
33.767344648042396 48.84747832269845 10.385145526619139
33.060241556061435 40.48503929359902 9.186512351334363
33.31768359369639 45.81084227491977 10.287791925313996
32.89948685592266 44.13885026501752 11.483449862567403
33.67894848710378 50.59341321134078 7.384666704027624
33.08192654035011 40.50040982405274 11.40759299549864
35.20277417032195 40.74128837710818 11.484416074997588
34.41422364959515 50.3117594931756 10.260417476932721
36.21237292458947 45.70703448821765 9.612456206025461
34.312715125605855 40.52542329104347 10.912055033749429
34.318875434806024 40.52417313827652 9.506698363116904
35.48834300601634 40.67226908191884 8.648251043610331
35.198971456973695 41.57663682330214 7.409632709814719
36.14991892744033 41.944090989401985 7.023917342909703
37.39894060455871 45.11275592112803 9.759471618657294
38.67748220263181 46.20392916957718 10.475139070215931
38.107822322386035 46.40769112883898 11.768047167174299
38.60969282295492 38.96998493710267 10.598242534166694
37.13503354964555 44.04649862733752 10.538861473868272
38.754703753447444 47.44363172631903 9.602185063084697
37.250639162852245 48.97700877400912 8.48655312745714
37.92174099106369 48.7537082389379 9.762831607779843
34.73776102485839 42.4434956703727 7.882856416582392
37.109097046123104 48.78425939712281 10.91119050356838
38.8284675416604 41.098119863843095 8.360184461115466
33.584107829820155 49.48633241960342 8.339204739425112
34.46534336097958 48.919440325898265 8.038942698695749
35.80190430881148 47.9126780026665 11.831242966419529
39.86498707736584 39.090893095663105 9.884282577480612
40.07706548134802 41.7331934436412 9.896311190113945
39.897133485492205 40.76649727359792 9.087740627005688
39.880713853819806 45.43786106379684 10.32584843636317
34.61162741957065 40.93844805150915 6.7494493462189284
35.741651522431994 39.640443893282985 8.40479349925132
36.31794080553418 41.094042130005654 9.215679441940614
39.10341438833551 50.13950549337727 9.940259415159304
33.55109749725571 49.77875750214698 9.86164169690142
39.56624405209477 50.30101417824669 11.186113998618527
40.18502410683525 50.02078088654286 9.149585849613608
37.6839722463689 44.64100589186878 8.503937777160367
35.04974010525204 45.48212741065189 12.218366533225923
40.680501450403504 47.342621690045846 7.120583293119588
35.3650226492035 47.56420954509314 12.672553937227782
34.882157694275314 46.274981790611605 12.932297949903292
38.386234159941615 47.36966896161685 13.281656530188787
40.81161846667903 40.89767769196905 8.155724998021777
39.59981997343284 47.689850966465656 6.419808519645047
37.18150058492228 45.928687646121936 6.341158128477989
38.93273595089533 48.53889598156736 6.396972819309176
33.65758464853192 38.49794558532229 13.291583731069686
48.98967458564159 45.14622975502033 7.427446717414652
40.98758007009893 38.953459184663245 10.922409546158942
41.18430180182858 47.93357133980498 7.871158883823732
43.62974061654253 41.463684997682165 6.598160846224848
48.61299390984325 49.216333583206165 7.2881314202449605
41.41785889449863 43.63981643445545 12.14402891255148
48.15479107641302 40.062678247707645 9.535433089533232
46.186706293851856 48.38101450608042 9.840287088394126
42.265269981492956 44.81616275107282 10.017690342454678
42.68528577141323 44.00610210728396 10.450689753085934
43.71833623773498 47.52212667124229 9.762509011957594
43.91199104935808 47.19708644507699 11.264923121529511
46.09248531455699 46.41941169591946 9.09195458852164
43.3152961796614 39.518968731923025 9.427777177930585
44.18318589396094 39.667361331517 10.070308951620952
43.78867214015715 42.143652947096385 10.56077735942241
45.05032149126133 41.25032535185218 9.021803493422105
44.70492731193545 41.109446138897766 10.04598897883453
44.00025405598455 39.13702822766079 11.004858437618857
44.939665446140474 38.977830244164075 9.69562833200414
44.2569566585761 43.63404372730193 9.078638264625644
43.66229017045736 43.269372019290394 9.90312981298273
45.58347303247426 41.042715630726505 10.687708899436974
43.07712269950638 46.49433167757702 9.034707292165585
46.88830555847237 44.315608468444545 11.328991074098054
42.925788069314294 42.178869365368534 11.631765041260246
42.29877787903472 43.38027644246876 11.575679781076541
45.48785733462745 47.62524164113675 9.028472933649345
43.28533571819935 48.892680202634295 9.600652177301706
45.58371852014815 48.14267617361898 7.888522802899157
47.70218279103927 42.34230802593098 11.152460781675366
47.28624034501035 43.23860971262388 11.992402306555176
42.74856413054273 41.27677927024964 12.19853230904356
41.12494808491871 46.207133852553994 6.585954524592462
46.198415188828626 42.65497442204353 12.516186063384787
41.97018162314256 45.7512704684694 6.898794485153079
46.68219554344561 41.55922205259661 7.110746828507434
48.09690956204041 50.64929890770825 12.05521734324966
43.26630333942804 48.05348707114641 12.452137700391408
41.88100860487202 48.35945836420305 12.268351083928732
47.686270644652126 50.943505032617985 13.009794964823227
48.65870449729057 38.91453470056297 9.623354967494334
44.24723781241166 49.0362499534661 12.947044475366118
45.958678915115996 39.67976914381024 6.58153959816743
49.03637776520942 38.42355146810242 11.40879184098847
43.63239054364851 44.64049028633919 6.59544524643657
47.55194585313267 38.38173427134832 11.939262514791357
48.547721972639145 43.64036552771842 13.219592205066249
49.08884085045095 48.87808479072084 10.256684545634249
29.459608276422824 45.8213952238593 13.377970427842028
27.355594776050907 46.47148055958995 13.76774393067503
24.582675690441057 46.04947901331231 13.713424632454231
25.978842306244605 50.53951205326025 14.647750092165573
28.502817583430332 45.75339127314751 13.874283869642035
28.976455803380702 44.24075533954268 15.22751780833305
28.248196262887138 44.84209249081914 14.869562961773703
30.54258776785801 48.46316026437084 14.35151090984644
31.095396995595788 50.45715577420487 13.850423519714665
30.72869841657326 40.43904394110883 13.78364852239505
30.97397019723824 40.857067668592165 14.988191336997165
31.604282628555612 43.38723211599436 14.354075752931124
24.968839496301854 46.415606805722135 14.664701645300935
26.408218826335396 46.01569160374063 14.681990591492262
26.437436041350466 44.224593130185504 15.876319408786134
26.92604930714318 44.88522165125094 15.175443504167749
30.010020309382725 43.804085183382206 16.99685618084859
31.465669061060808 43.83865947858365 17.199869979941802
29.87539589403603 41.11838004007098 15.633819493462246
31.606684702687467 39.81242717535954 15.550765976025877
31.144072078666248 42.29698789068033 19.425078390643467
32.187755056698435 42.314906169767944 15.059664531587703
31.722350016553403 43.46259336744298 19.009753973508325
32.20836603498764 42.71866086742965 16.534641853464468
32.104537878012856 45.11653485471134 17.039100877669586
31.227458523549934 44.33250212355274 19.809434415674268
25.04711357435256 47.500688861851984 14.597099126408361
38.32890831496633 50.06093878030838 13.419766750183726
38.07194019204578 38.62124554695492 15.875868780825831
32.99561312550641 43.338984157807545 19.45033610212153
33.469435577120436 41.881873532741096 14.591493603315689
37.90464881034509 38.9202248780659 16.910627184230485
33.15337496516619 47.693749100662274 16.243975143133174
33.51683522408541 45.57372955442398 14.453679730641802
34.73303736513464 46.99579274872148 16.59055387419334
35.911048858760786 49.28752774257727 16.40844640031067
33.2867157394675 38.974680768214654 17.822323825860792
34.59390316260685 49.325340038413636 17.63801754881488
34.84529469102368 49.15100421615238 16.591829553986113
39.86829236193875 39.23147294589499 13.68244679172506
35.35627758250602 49.32867605972544 13.778173805808105
35.05506254523946 48.29282203442597 13.726444321026442
34.25506908635647 49.95473573401292 16.15165983348916
39.495441712855005 49.735916519103846 18.07572873184696
40.10341423434823 48.87877839936376 18.36518279871461
38.945311327207335 44.00182137903917 14.454974911830199
33.98024551838964 41.08635733507565 16.63502418718682
38.46091779584794 39.84114564498882 17.085469276153226
39.807431138832776 46.482530114090906 15.184391970514325
35.94949832202018 43.33815319606724 18.787426345503228
36.873298391802464 45.163153152118795 19.60229868351737
35.03304614193521 45.24132579067677 18.412904359780793
39.45652350968018 47.489279534847746 15.011998700315065
34.63214270555946 40.40050492120013 16.988204769544662
34.304385496250596 39.14125777700723 17.501387124447348
35.480502905624455 38.489555856657134 17.542098367786284
36.455725692190256 39.24287433478056 16.913824390338586
36.210662811255546 41.09445564619136 15.834088844544018
35.84088652115159 40.32736436231481 16.498345163658406
34.11211064380036 46.35898441652305 14.011614151515055
34.465400705917844 47.55779762727425 14.676269239622235
36.21816898287158 44.59560117920801 18.53609398258325
36.09092805980684 44.30690763466157 15.964502724064907
39.77894419718602 48.43023954121785 15.819763100745234
37.07484522199191 44.884034215741295 16.893223788752255
38.47948940296027 44.216280405854015 16.87312885367182
38.92254870710263 43.33288165321608 15.734859800077523
37.31897267666491 46.28812507262229 16.75629019873949
40.60943023025971 48.36672185617117 17.05709673444522
34.224506107898016 47.815308984825215 16.082726049401792
38.396890751591904 42.01582279819103 15.817412636497123
38.82068804475716 47.99653095811762 13.943769707311521
38.80764217911891 49.33306126855503 14.058052121470638
39.54796490484591 50.60215021929781 15.709631106821924
39.36565621242083 49.63543400522129 15.263959364270837
40.72984744070674 42.97044052924757 15.937924277550131
39.35247135947982 48.214371686154436 18.792673755550194
40.85181866413004 49.12931382809181 19.11699581317979
40.91539107123723 38.50985802452105 13.618504853407371
40.84432161287507 47.304178270407526 17.11976384760546
47.313150245629686 46.215354276060694 16.10937334456488
48.85095572988595 42.39709907690575 13.949619032404405
46.23500160672123 49.411572010229484 13.342307951947882
47.648199178904065 47.14022147381694 13.792969087466439
43.63355109825572 41.85420226486046 16.753747773809
47.16871571438278 38.66291092933908 13.395801200795729
41.13139985547506 42.41636049614533 17.077039448804634
47.51658377297577 41.14670919245097 16.90638662351083
44.31203722111343 46.063562818784874 13.720180063142934
47.75779811664887 44.65287504563941 14.058101453638752
43.548637943840475 50.21300144807061 18.476041902681917
46.43410920738118 39.89601974398655 13.489917933155821
42.11691505845239 46.10587408255825 13.729380478753455
43.170917178740694 47.324405342514076 14.954726934722764
41.55065764490341 48.912980426013405 16.995513221361417
48.794593693892196 39.8185821390771 17.715000804598503
47.833760391060956 40.0410563692057 17.49727487343894
46.83584735705251 39.17946503166922 17.218113957334683
45.59976905297806 43.15804225489643 16.984181026127143
46.54927129095693 50.83771716831067 14.894038311636974
43.22814483221346 46.849802676229984 13.774258693150239
46.07394584094471 42.87509450725813 15.31155132128028
45.85342705053028 39.92987163692274 16.736795655057552
41.17037643414078 42.116969585998866 14.992791709838528
45.556445675020136 42.43908255186962 16.166061211884923
44.1006438853695 42.192560515345725 15.828848848053886
41.37881770928297 44.107056178524935 15.763354142946072
47.78579665536023 47.22372538832541 16.8499966920794
44.861605313406045 39.65769979019972 16.407232113918813
48.36821278282188 38.48045183822579 14.223415863088157
47.43956140624717 45.107350541627596 16.926871036219985
48.184034516080935 46.013918962188214 14.524588477922292
46.70303165853248 50.21460218666169 13.737517271614653
43.67544402827461 43.17527650001643 15.624950895617243
41.91851705941253 39.31906174600169 13.979970464875716
45.995422012939194 46.38572435073704 15.93509511456941
43.99057674168014 41.43347478562654 15.054398023830167
48.162124805926986 41.99819918350589 16.749410288000384
45.865740198531896 50.43977512599755 15.62944797750333
46.26076841113255 41.27132871823207 16.625173746136884
  
  
