  
  
1.2299506420888224 0.710249419569961 -3.349999891488107
1.229945915516389 3.5405443910629346 -3.3499999321401965
2.4590051678412346 2.8389195985414957 -3.3500007399809917
2.459043440077747 1.4204750149245522 -3.350000829382612
3.6809568157411117 0.7097303841041135 -3.3500000948718944
3.680994715887449 3.5410819008544103 -3.350000101932901
4.9100540834140745 2.83945680791215 -3.3499999674129723
4.910049298308853 1.419957138982076 -3.349999947136424
6.139999956072086 0.7102807573208487 -3.350000063402565
6.1400000131547205 3.540510212565984 -3.349999914289138
1.229950895053105 4.9600542611656975 -3.349999937922503
1.229950862678956 7.8000002962822075 -3.349999904011207
2.4590442962602124 7.089473647798352 -3.3499999448079834
2.4590440180064492 5.670528940180878 -3.349999949524581
3.6809554806844065 4.959536553868499 -3.3499999422192728
3.680955634937904 7.800520219775384 -3.3499999470741026
4.910049122859614 7.089993810392175 -3.3499999478074063
4.910049243733663 5.670008642804499 -3.3499999428667007
6.14000002405409 4.960085189446204 -3.3499999188499894
6.1400000194197935 7.799969076491775 -3.3499999323372953
7.369945951849151 2.8394568089513426 -3.3499999023411595
7.369950722103638 1.419957187601779 -3.349999961667469
7.36995091171508 7.089993798807695 -3.3499999314105167
7.369950781024214 5.6700086528404325 -3.349999949218694
1.2299499124764526 9.219935138491042 -3.349999897456981
1.2299499330458266 12.050064869175936 -3.3499999487861065
2.4590401800043633 11.340803699481787 -3.350000176411184
2.4590401929450536 9.929196327054127 -3.349999960843647
3.680960226237289 9.219413036718695 -3.349999952097966
3.680960246799985 12.050587037190697 -3.3500001973903846
4.910049693420681 11.341317104272424 -3.3500000395972407
4.910049658730666 9.92868295062299 -3.349999981544365
6.140000013035541 9.21996685519465 -3.3499999138644023
6.14000000913169 12.050033160971992 -3.3499998527237738
7.369950380176841 11.34131707733199 -3.3499998708220415
7.3699503839343 9.928682967396647 -3.3499998856943245
7.841342866112335e-09 1.4199261180256588 -3.349999956204639
3.8583682989221875 10.857387070372166 -0.915996174470014
8.599043247016263 0.7097305271865926 -3.3500000534895777
8.599005283571225 3.5410818404923825 -3.3500001339526273
9.82099469672211 2.838919389166219 -3.350000200110268
9.820956371307151 1.4204752383815824 -3.3499999087953922
11.050049337756489 0.7102494663668151 -3.349999907887884
11.050054088633692 3.540544409905628 -3.349999915242925
12.28000000836958 2.839490994637848 -3.3499998810464837
12.280000007323487 1.4199261638713079 -3.3499998975257004
13.509950663338417 0.7102494679902556 -3.349999916277681
13.509945915076974 3.5405444447382672 -3.350000077481734
8.599044530994375 4.9595365651035355 -3.350000133814585
8.59904438723969 7.800520202567059 -3.349999889578249
9.820955689609494 7.089473629312385 -3.349999893905405
9.820956000920404 5.670528953736771 -3.349999962284963
11.050049098957063 4.960054272425963 -3.349999854683742
11.050049112122863 7.800000256660697 -3.34999992911603
12.280000012481047 7.090025052068329 -3.349999851775064
12.280000006149734 5.669977366864822 -3.349999876902441
13.509950925994062 4.960054271363849 -3.350000018864683
13.50995089494669 7.800000270834802 -3.349999916058329
14.739005387379008 2.8389194589548135 -3.350000337524813
14.739043628971775 1.4204752394394848 -3.349999954542745
15.960956776318723 0.7097304987715551 -3.349999909778132
15.960994669976882 3.5410818666609547 -3.349999888816182
14.739044283281016 7.08947365616261 -3.3500001827585724
14.73904398377573 5.670528916288809 -3.350000182262758
15.960955465533715 4.959536553371105 -3.350000069120437
15.960955638523629 7.800520218066163 -3.3499999751104026
8.599039775587515 9.219413029478225 -3.3499998739593373
8.599039773867496 12.05058695996199 -3.3499998283469514
9.820959742829604 11.340803700381302 -3.350000008642543
9.820959650314569 9.9291963588223 -3.350000282924237
11.050050137772564 9.219934936070892 -3.3500008755219355
11.050050052151292 12.050064911632191 -3.350000133246861
12.279999993770984 11.341348205837727 -3.350000432172593
12.280000047995836 9.928651803688412 -3.350000386260491
13.509949948976066 9.21993508954159 -3.349999911419397
13.509949948235754 12.050064892307484 -3.34999995380427
14.73904020351667 11.340803678631495 -3.349999880310519
14.739040212168803 9.92919631042284 -3.3499998767093997
15.960960229527013 9.219412998629354 -3.349999859207525
15.960960211020012 12.050586952650825 -3.349999913363643
10.777177650695917 9.676466256082351 -0.9982203174522508
17.190054037558422 2.8394568293168674 -3.3499999018241122
17.190049278362878 1.4199571637673851 -3.349999913425379
18.42000000810064 0.7102806893775306 -3.3499999187940857
18.419999988781022 3.5405102298334157 -3.3499999058068033
19.649945946391767 2.839456808078124 -3.349999908956235
19.64995072506648 1.4199571528877082 -3.3499999085403886
20.879043221933518 0.7097304965675907 -3.3500000002260966
20.879005330550264 3.541081829960193 -3.349999904085268
17.190049108221633 7.089993815713137 -3.350000008893621
17.190049208500348 5.670008660404571 -3.3500000995858317
18.419999985108056 4.960085203963794 -3.34999993164793
18.419999985479226 7.799969068500966 -3.349999866047897
19.649950869900927 7.089993816560838 -3.3499998755738956
19.649950756646355 5.670008661188824 -3.349999898537411
20.87904452254227 4.95953656657871 -3.3499999107979583
20.879044277149898 7.800520162871443 -3.350000237235186
22.10099468614377 2.8389194145112207 -3.3499998854993587
22.100956383233353 1.4204752421819276 -3.349999895310333
23.330049339364535 0.7102494641576899 -3.3499998778410154
23.330054063956815 3.5405443878570813 -3.349999907570842
22.10095571100673 7.0894736008312 -3.3500000113288686
22.10095598468039 5.67052894846014 -3.3499998942504936
23.330049105099707 4.960054256952571 -3.349999882520942
23.330049099446367 7.8000002536615645 -3.350000018472523
17.190049612447208 11.341317003656044 -3.3499999810742374
17.190049631570446 9.928682927907701 -3.3499998786436045
18.419999997361593 9.21996682480246 -3.349999873160278
18.420000105728008 12.050032937858804 -3.3500005812344194
19.64995037869601 11.341317021258028 -3.3499999859444496
19.649950364968834 9.928682936394512 -3.349999876664216
20.879039715766186 9.21941306304632 -3.350000059601761
20.879039759607178 12.050586948511851 -3.3499999390095203
22.100959770861785 11.340803661831991 -3.349999913297207
22.100959782566015 9.929196332029408 -3.3500000448189393
23.33005006348318 9.219935126643545 -3.350000000741087
23.330050058569498 12.050064853980398 -3.349999921423261
24.559999997380864 1.4199261512968249 -3.3499998951875587
21.55733306351959 8.200633628397505 -0.8643950817722379
2.6098567566345365 6.423480565328651 6.189235856848532
0.2616613879785478 12.165949240497023 0.57051398014767
5.169229765523702 6.771682334881324 4.328186658827341
1.4211858468316494 10.23283964300235 -0.19200264703926773
5.400207931304577 6.277338550303015 2.529432111937341
3.0555867666090926 2.083251330072721 -0.7578533129101295
2.654087838460273 7.287282585493753 2.2363651349987568
2.5114255147342734 5.557525229806859 2.536665210359299
7.268890731675542 11.811479226197394 1.4144674400398283
3.1310700312459816 6.692195857128299 4.097584255923365
3.159899292114511 6.42370977271745 2.668217853442545
4.49618280253511 6.098522732743549 1.9473123043475526
4.483355927977081 6.556648819262468 0.9583451863809678
4.556616145339302 5.011923064761831 1.8860834511464408
2.1857938789770923 6.468493376716123 4.938260240803175
6.480729912027889 10.304414480484223 2.199735520241047
7.381755503468927 9.289992236734957 2.3374463128022347
5.437274142212854 9.895699539399349 1.4394324111438794
2.7590824744953992 3.2981088567676298 0.9730730797058695
3.4587603516519985 2.2661491573075296 0.47243088335490957
6.046405067326534 10.466496199523059 3.4113674077585685
4.7385317492763255 2.713430815902724 0.32324320070354906
2.928577871671011 1.0866661444648915 5.389554562574635
1.8571641615672754 0.8011030437285608 1.9407094694625981
6.575588653799263 0.8046244518557601 3.865329162012685
0.5023597625604651 3.6493797703148125 4.939576882249064
3.172823790022297 0.7143083112885943 1.4432421264457351
1.1454529025963691 6.4459000793988155 4.649157844156397
0.6567145437210261 10.633065246585234 3.387754710229224
4.207749910986489 0.7897462347022439 2.519686385715705
6.498922559162023 1.0175170085782483 1.080601547865363
1.2802139310040435 12.24263634394141 0.21970091760048271
1.8868329639513508 11.124056765269422 -0.09710900657490473
7.807827313671776 5.725113944579978 1.6520354365801992
7.769550751247208 7.146591436419465 0.02764981239559039
4.226406388792554 6.742160902425338 4.854126356142242
7.884296138080987 11.225293254133001 0.23799056328564494
3.215781863820346 11.550987252506891 -0.39407524108019953
2.237714594866243 11.40095976500453 5.629417497547698
0.12991047576546186 12.732068202762227 5.7905483559627875
0.8166757126649138 11.489058627311378 5.9371788766879146
0.4326490232652135 9.039228632943468 4.890609010874776
7.567897544081948 0.7681520636365847 3.4406023906613803
7.909534190023304 7.88413884623913 4.777662859625663
7.920739501218295 0.2796006806936295 2.2109593410744477
0.14348352441655013 10.321316545274577 4.593201165898911
0.021147436057199855 9.158549096510244 0.02919455948916183
0.3003951375420031 2.687429726742537 5.926627454664564
3.9737393273307355 6.619616742237849 6.186805985129365
7.025589081833485 0.06327639813635154 1.0927354296591396
6.191979920651982 12.68204930408311 1.089214123990353
9.318492151408156 7.9001053019350485 6.210502955303097
8.278971054874999 0.5664602036461529 -0.4816511690443481
8.189897299121311 12.192129931893922 2.5721021029060056
8.581405533942975 6.245473777020961 0.5989042209866335
8.448005518315172 5.204418272282129 -0.2763371282013283
9.66964349839394 11.720643226330841 -0.028023077265287855
9.87043467354031 5.660147452886852 4.117874041278004
9.233035379199428 8.083202489209182 4.898124402554933
9.072511476078004 1.540761724180865 4.936933204715278
8.775607449414387 0.9465585119316293 4.085363746904152
9.235981063134668 0.1801920910922074 2.086481719784423
13.314096511651274 10.00267900359381 -0.3542409426223281
9.757993211218658 0.6478410620184639 3.170770577101998
12.564971812368736 0.9269776429706573 3.123864493785101
11.03046833167738 5.49776290156548 1.366763454163754
14.58111249563643 2.3938152494466367 2.8986527730641933
10.329406168599963 6.993902699862364 3.881967973635505
10.159155634983135 7.53587071835916 2.4439950959410606
10.661858325414281 11.618246370933969 -0.18653055636679183
12.76176420613253 12.064376133920911 0.06917403592116678
12.522378080874988 10.736599326517965 -0.3235344943600116
11.258942867053301 10.524420966487167 -0.5342428555267276
10.310180561092226 6.711992201376169 1.115437904924439
10.731836912468951 7.501651374758214 0.003806408780125947
11.69034841969868 7.241019829965887 4.167226060686332
13.951246519437653 6.081762386152319 1.4278652856633
13.171051382023636 5.5462821204488035 4.045130669720084
9.57641344139347 9.360821848495846 4.650240418614171
14.646754415931978 6.846619861215603 0.5881565485347673
12.337731211877461 3.3343962186558405 2.9918731687017095
13.06017412103873 2.1605824318579487 2.6625857509810924
11.712252147644708 2.3060688866997423 0.1753972497018208
12.916058429837461 2.2133882124777005 0.7499858099247159
15.766986924762278 10.713066203814169 5.730076975394704
13.884446840573137 7.577717417008243 -0.14674961691533817
13.619989483913386 3.231103727385941 0.39365093502899184
14.785494677031974 7.681418897688208 4.525616887870331
14.926658726251167 10.387970260106448 4.747232304116581
13.670668484454138 10.456519504987428 5.048618065874521
15.577484752656844 8.795207345969514 3.91109793491063
10.73907726887372 0.47739939890214966 3.339660219041506
13.513717345022147 1.2566314499862163 0.11415364327506783
15.299192094276762 2.2975581775873657 4.262767022096177
15.291343615450845 6.034300347599069 -0.30214215028065095
14.30890721356363 1.986753697739987 5.263563370525252
14.923337885211748 11.392983300152556 3.836626919188457
8.93850799201374 12.335248556305382 5.498226815994776
15.140359484132683 8.731123081191074 2.4590395227885087
15.945718162454954 7.869072273752771 1.4850665030626098
14.869648088603991 12.00497564050729 0.4023593971124251
10.633239146263653 12.74742366708537 4.384053619270837
16.054751548867984 3.560679817126774 4.485496431625469
11.568794224184977 12.59594150460084 0.12523393082990664
13.961532627583136 12.401853978148983 0.8561367601747727
13.808929320599782 11.88470351914768 1.8034316636207715
22.02955795244683 9.857014348764906 -0.49561364607575764
22.547529133946348 12.667099812502126 3.083411601639555
21.712220559777467 1.8562315442498332 4.597584432065758
16.658197308216504 8.608335058989798 0.4980940533637812
16.660174231037004 6.794371231884892 2.045916620724051
20.577372148757668 3.993036434907227 4.24431049737242
19.333538853526804 8.775036241861345 -0.2546506234643142
21.968861469110816 8.847333455190606 -0.0894604357363149
19.708165592173582 5.904289858544322 3.0664252500936495
22.958147420503593 3.9016662986368806 5.124069744241501
17.301987743205792 6.05606007564567 4.56439425276594
19.677821430330326 9.017550744029181 0.7398624349656946
21.16206943179745 9.158983066221417 2.3359042338719638
22.165144366301917 9.2928855125418 2.713145284809051
18.417454709917262 1.0948322689900936 1.3165517647867697
21.66100339641837 3.249477859800438 4.953645059226524
19.623735832369835 12.061884089556301 -0.23955322617600694
17.29734271460688 11.670842434503264 1.8878343034534772
24.023640500469252 6.106673701801867 4.24347934786627
16.940671879339707 8.770739644558052 4.035460700722753
23.369480311122075 8.404727269297073 0.2773929863237523
22.11342355363977 5.415864614569915 2.859160518194408
19.038147646070843 8.90431866618176 1.903583909940414
19.438390261111703 12.449307439449674 2.6157603484879566
20.411584747197118 4.600597927260548 0.34415594675754946
23.923739703875086 8.38075495618948 -0.6608616985159932
21.489612184965406 11.855200717565257 4.675350861931178
22.906601699864638 0.7894496086451896 5.486973193869348
20.93699832693643 9.082065496057963 0.988143904797758
22.23303302997165 7.379604844562246 5.836296267528358
18.84238596557173 0.4179538798856077 0.5753574082488377
18.070594299029306 8.77744525264205 2.1640520602685207
19.538738113427094 9.283383364633117 3.9065569091735286
23.496246278945847 7.453690349489638 0.7946542037260396
23.968915923687092 9.153767997185074 0.794804751058853
20.422516656736324 3.905485066301817 1.4966848901214735
16.410719506649183 0.885814883598127 4.298810421265632
19.926773573037938 9.149036687682472 2.9076678001832
17.408880719590698 1.1245507323835944 3.4872425825452966
21.192182717920087 2.8279888970541536 1.4050943416681816
19.200719167984364 3.489269422243067 1.6739616476605401
17.008361210263082 0.7896136390572138 5.429707583953474
20.78742943422965 4.962388055936226 3.042821608308779
18.251633550741857 0.18441336250344922 -0.31040238485212646
24.30286212748144 3.5243465859296617 2.6869095707389823
19.65874162696852 0.9816927032622453 0.12384664097764952
24.42394868622204 1.0886970530201436 2.361669863469399
6.4791320395044165 5.598708123658071 11.33720678682332
5.5763308216364385 9.904835735701381 12.668286020258781
6.109023996887531 10.675792126851459 12.29150461961216
6.444347220132764 2.337914028101884 10.521430124844818
2.5058642125556196 10.908459539019999 8.723287671126307
4.496567460695376 3.096477203059203 11.875733657094322
3.2909503890561367 3.501935396223301 12.619231554258322
2.7367651319175543 4.8474145149558945 11.373139467570418
2.3946385765339406 4.357851990532942 10.173206568689322
1.047514212383177 11.173511632954185 8.694230317161114
3.71396479612809 5.780571045803364 11.33212020906474
0.6068730268480305 12.408746114920259 9.253933564442526
6.176330047252473 9.91075209712191 8.557033283696923
7.854395915441314 5.998686596154525 9.24463059190998
6.687600296847435 6.563778597243024 8.811081515099081
2.8041135446994043 0.5341383384273594 7.73858653801796
2.463290272629331 0.9844650935277264 12.699366010359388
2.1417574047025476 2.4698552045089395 12.625476856532922
3.6965073981367795 10.054197966154812 11.600154604401762
4.313011092450109 9.5297155958909 12.315166099399965
0.7368581461876731 9.200578452403196 10.749428467643783
7.844921397710952 5.7997678673945705 11.129525464538851
6.477555549797386 12.52707821044252 10.895075769908765
3.962599805053843 8.440543731416582 13.068234420382955
7.84019738426096 4.790512865053697 8.658263912129891
1.6215398774899796 5.468614056322137 11.802668474431856
7.258058611373054 12.739724074122583 8.488416402177727
6.049038070738559 12.370407834174745 7.6022654470188
6.148581341117339 10.489904657948848 7.32959083292052
2.9821112005892574 8.00483518772427 13.191523354602463
4.2795620123534865 2.887378404887954 8.522984135197566
4.8535620106105295 12.680779816089773 8.260225932127778
1.6232240319350895 2.603683737198727 6.870621246573591
2.7971134593161295 1.6189236193639385 6.755951132442074
4.3150846496588064 2.5278151224986583 7.24688118725041
4.5862711239749325 6.6370096285908975 7.076132857308374
0.19282022157340895 9.869064618591409 9.751856585328431
0.37737516500423157 10.906492277352958 7.318248757758331
2.0060745328986633 6.372250056634903 6.997272032461184
2.202909773652821 11.69943886835345 12.723528546198786
7.3105315653271346 10.020381158033764 6.781049840656355
5.115641715636325 9.993494512487034 6.660951962906871
4.54281238379004 3.6892207297909034 6.631291045309357
5.465258041385375 1.7613469625541152 7.042142731628418
2.391017366851848 0.3968868483436713 11.348476486715253
0.03346069669292688 0.07202847211994179 13.043527101651783
8.258900201430155 7.256069316408479 11.733545670274388
16.32687582068263 11.087693223998686 9.82869207133098
8.707866853950662 4.619010240645888 11.363155956049042
8.787596568157806 6.8019660407863105 8.773570008803343
8.319912112017777 1.3190894407371747 11.70203559692885
9.207566273640317 10.209318231589956 12.871630547683733
12.309626521345582 7.326493469965151 7.95137348306006
9.751217202214661 7.674809137166059 11.899997189067221
10.434652043694754 8.229742572100815 10.689096587254427
12.753122327270919 1.103958431452327 9.879914044748801
11.478654203504748 1.5455531943298257 10.263522297734855
10.490471989165322 1.7167751357644474 8.74787985988542
13.14904002947418 9.87223584388793 9.996043694089826
11.674200706182155 5.857043898154777 9.471031701123835
12.131082230859626 6.011712508834099 8.259048250763371
13.72764230180253 5.010337267370772 7.807280823654396
13.735655742410513 3.95051880659997 8.870695614674176
11.205999836368317 5.539120988875281 7.444979284185286
12.873576936416182 9.348640538488274 10.899574568212776
11.45781050512448 2.908821000804695 10.72669298337944
9.16221405692957 1.8661228476915992 9.041730216190235
12.243750367838294 9.874809757330665 9.011645563933236
12.74473372371925 10.619508377699455 7.922656298476133
10.62250949275183 0.5686789734658164 8.062939543222019
10.765687815989498 2.657264868745505 7.921077155776323
10.71342451448781 0.5425087641092479 11.108522600380658
9.623696898134074 0.9436698780921706 12.220358516157193
14.985531511155601 5.975791321248346 8.024458863964233
15.034486523452985 2.6147898526454876 10.37766061809138
15.30060477058435 4.599891857184103 11.850352124817372
10.793950075977563 4.384144410001728 12.910642726169272
10.629007961937086 6.662152034748884 12.53508204186051
14.068163915992567 10.887275461215093 8.311598228366172
14.274837779357526 10.5613717119136 9.6500230280251
15.448041224437112 10.880774115199426 10.439375487882618
14.303351373345366 12.139348593834779 12.044612395866691
13.820645518601047 7.139905926349862 12.163407767296924
11.350666367913348 9.405334000214664 9.057400150504552
12.219300453667058 10.92196059469724 7.028876384442967
9.338211847862517 11.60677434356611 10.51262952813115
14.896535168452068 11.446159096060473 7.901903036088848
15.208201261955393 12.092297495844596 11.438697489891993
9.88379203833748 9.13535863060728 13.183645576570022
14.336304171879329 6.676857012759637 13.284494221816644
14.784583073370333 4.877752136961954 13.198084499297442
13.630412577415795 4.631355067090369 6.374509670189774
15.682540341297688 10.034252616464311 11.084752523934988
11.15386345193876 9.617880305651179 13.184471587423301
16.021987685327723 12.217756798791072 12.152918478428065
10.228128067347088 1.895530979044445 13.134821639998014
17.9232997685443 0.060894616556921397 9.267411427293556
20.330425482798614 9.757929767447179 6.304309319069058
17.437050568687386 0.25673228705444784 12.07892417580523
16.506842599031902 1.2837922052413568 11.81670107575966
23.070269059381953 0.255972902597042 6.328825674696251
19.418045773438095 7.854632188135471 6.802917866966215
20.316972505400326 4.123951044771645 7.109738229204728
22.91297576997718 0.35113318200604193 10.670743851768648
16.45276260695583 5.6102377855566905 8.242241086011887
16.59887563148697 6.876396243581144 10.55784049002359
16.65398770995132 4.339972661308541 8.905221642348875
21.410967612943054 1.2316679734318683 11.89606893819674
24.262898738361944 2.7492079227703514 11.540811701013473
21.920353905039633 11.351348087256307 9.053616205659877
23.988749846788874 9.329071071756518 8.557309806938635
23.992366943772613 1.8847393805642985 12.609174703179944
23.342002514329813 9.896709416927376 9.689766411451826
22.117312244674086 7.8848894778552205 7.131767854882401
18.48196591130948 6.729669781767745 9.655535640908298
16.80153190037755 8.10486929698641 8.9314085251779
17.16037861319606 6.879257976443129 9.38807422273648
21.462781726250498 3.9896879464184662 9.471548328689831
21.687886661441148 2.54351895970924 7.565227319060362
20.97853098460419 12.32469309095706 10.559529614953497
21.61256090437336 11.979498625147823 11.362802197302486
20.195429140849537 9.179765498114898 8.367634977023574
20.693033558048622 4.194741968966361 10.200822354778088
19.67700913126487 3.3147904719886188 10.26255831089532
19.433184847590432 2.6175068361585727 9.57375844897342
22.03502818741645 6.860010951486679 8.123603049049825
23.015191446287083 9.10540885988944 7.332757712026651
21.16391895311641 11.997260955877199 9.228838149125197
18.545170780576054 1.1753053654849515 8.697700798760899
20.56705066273832 5.0809811918445025 11.190236739283197
20.9549399201104 7.1944166461885635 11.342374455947446
18.919782831877797 3.5606045275074334 11.469821870720713
22.65239826759896 0.7193479961506103 11.937490593580026
21.45998067692983 6.240095818806073 11.491725025835386
21.826255349278373 6.1080357640519125 12.992303592202848
22.752735041477276 6.67256735819311 13.097372423134082
18.027238865469577 3.013551390677678 11.735336716649504
19.549254635176055 4.630077471442794 12.01616446602126
17.19484124054546 5.8444231367266575 6.980986028588153
24.170531403753525 0.339622651456506 7.051723307508898
22.33382161289507 6.220047189210945 10.84049536469373
20.459858886516262 8.678133273269925 7.1086497826493575
19.170058104149145 5.044793180666036 12.938455565011994
20.88653283231254 3.027393802031817 6.631036443911038
19.856588585947 2.1137866067361766 6.652525688036825
20.161938384220896 12.487867203052899 7.395829355243614
20.226433400440566 12.548455159742606 8.472198015166958
18.188005178982092 0.4138868927128549 13.272296876017212
22.143306025194313 5.081143395790816 13.174157744949374
21.014465273884152 10.54587315932438 13.315584363064115
24.534998897505584 11.749059063999885 7.684338836325289
16.53645369236947 0.08616416525973775 9.1535447495685
6.353527902585345 0.2800985616354737 19.677105089119088
3.4765059610337836 4.170008213218894 13.855730912686443
4.979195217860027 8.193544291327967 13.921561330155045
5.891013005931073 9.1699931655718 13.76703544053712
6.837578395003839 9.091982416979501 14.281164108570756
0.9028099171021726 0.9351693598607124 14.732894851020452
5.966785741577097 7.119513473947218 15.30354115554575
4.514383745482197 6.272754055896771 14.778069829691203
4.925900571262765 7.255120183682872 15.009825505849513
4.0049332609878325 8.780333923334396 16.23914145072973
6.791604472277784 3.25922105486974 14.533560381090188
4.155831220429307 7.701069279802239 16.261893041352184
4.6020586903643 7.609763130824235 17.252167869360324
3.1339981766278213 7.322605667202105 16.235013225930025
6.959554825242904 3.0061384931318016 15.95277203220898
5.708394111301081 3.3087829606736494 18.284473975543026
5.088681875026337 4.650401199797238 16.759583533285973
5.5007578290455275 3.411704261445711 17.00986183646673
4.401988102066799 2.620011707201256 16.723716296823646
7.144546958777491 1.6382146475936634 16.29875917303413
8.045099695655846 3.9082334487032377 16.583007482355548
3.4966886856727615 12.124511062545817 15.22819371647042
3.5585961765799063 0.6556457503167266 13.55222168994736
1.1336153472161876 0.30546572761145874 13.629416938011268
15.435818000847364 7.407694749206591 13.470962461821792
8.46722600852117 0.14423670011309342 19.14086179917003
8.274831387446575 5.910722164979913 15.013037168941851
8.325381935478452 6.075197110095554 18.172272567623473
16.08026406541131 2.190411988436428 17.091793298198603
8.880320795307954 4.956110102256041 15.910220790033108
12.605789346970385 0.22591779608361148 16.612993918972244
13.618778610436342 4.234383155818244 13.63916022829211
10.00246464199075 1.4648148244555717 17.912687526742733
9.476957287987227 8.713628152747859 14.395413824443299
9.369183717673339 5.960711932586794 17.409260612187513
13.492595877470247 7.010476072057721 14.27432915299971
16.15067839214616 3.3175641545140606 16.569533724746343
9.91012287750185 7.1185826476631835 17.111119830822
11.055757465569872 2.8938487049266826 15.922164865447115
10.125595076894859 4.359354471609015 15.451409486424117
10.215909421495189 5.243783360128207 18.090929090166046
15.720430200902838 2.157486227212496 14.33678053137392
11.344733041417722 2.030795861517997 16.360038027320687
10.876687311948784 1.2134120146347998 17.330509417880513
14.982835998528898 3.9424823768865194 16.933499029108738
15.943323974410447 4.613808434773134 14.102553016891921
12.435905473142883 1.3660466490252343 15.96335134470157
13.211461611590853 1.61566164509836 15.254404922354457
11.611532989180004 0.11787486964498314 17.500804164800407
14.573124480110204 0.10391275361497772 16.16214725382041
20.201371192926988 10.360041977346258 15.328568799864584
21.843178412974684 2.372448332524891 17.129142064460932
21.073712872142693 6.502561439787722 13.675040226963345
16.49359599738069 3.3209769718832596 14.723114623660472
20.954126395247055 2.815695574040548 15.27826748098306
17.861052940534456 3.23548369634718 14.555549866001503
21.800456694574642 0.8632881493333217 15.610549082370893
21.970370854477498 2.2027061397775265 15.837017638039285
23.50393189212096 2.88275591820574 15.186284522523298
23.2877825280618 2.684686887924949 13.664913774512407
23.78401497787938 9.413668173258298 18.356213939694833
21.878230543639088 12.547448732691072 14.697045838099829
22.26807872937785 9.932316144997294 14.936033436757752
17.003886166778234 4.052209658739012 17.18335400003661
23.443305678229915 4.2459309485353085 15.63664471059686
23.18028347846131 12.717854809079338 13.896746251919216
21.30374013699279 10.738193572784976 14.565734234523811
24.526112523668814 12.713750721646992 22.242519982943012
1.2299509141117881 13.469999493526842 -3.349999872889118
1.2299503788384378 16.30868294792977 -3.3499999038229413
2.4590397593684896 15.599413040028736 -3.3500001619745454
2.459044340630136 14.180520411376364 -3.3499998985930137
3.680955668985052 13.469479578658794 -3.34999990499104
3.680959797864815 16.30919632506958 -3.349999918395188
4.910050054602145 15.599935127988145 -3.349999856452065
4.910049105295154 14.1800004901559 -3.3499998439644663
6.139999999530923 13.470030705181747 -3.3499998662958985
6.140000000652776 16.308651865745727 -3.349999889921941
7.369949941717851 15.599935138289363 -3.349999935349156
7.369950892278811 14.18000047393782 -3.350000022794263
1.2299503719723008 17.721317066874747 -3.3499998946976897
1.2299508847625906 20.56000619284152 -3.3499998576223344
2.459044352487577 19.84947981417806 -3.349999864102066
2.4590397677706726 18.430586986912935 -3.3499998720696746
3.680959775987755 17.720803671754858 -3.3499998871072547
3.6809556795620666 20.560526385465742 -3.3499999100380995
4.910049087027666 19.849999745124396 -3.349999897940471
4.91005005018165 18.430064880264254 -3.349999962298816
6.139999994507646 17.721348106409074 -3.3499999142873826
6.139999983623005 20.559974964848585 -3.3499998846201984
1.2299508437486797 21.979991299595408 -3.3500003371591145
1.229945954055476 24.81054433977618 -3.3499998368122244
2.4590053326029797 24.10891820995388 -3.3499998458840254
2.459044534041369 22.690463451414857 -3.3499998893338523
3.680955955353855 21.979471052781353 -3.349999956454207
3.680994675168186 24.811081793996056 -3.3499998444525803
4.91005404874809 24.109455664477814 -3.349999909132535
4.910049093199952 22.689945760934517 -3.350000032268227
6.139999989788261 21.980022653826328 -3.3499999433070826
6.1399999895331066 24.81051017053865 -3.3499998747828954
7.369950890039185 19.84999973516288 -3.3499999106402676
7.369949938244842 18.430064871328113 -3.3499999071520135
7.369945936447877 24.109455661866882 -3.34999984951187
7.369950890219168 22.689945780538938 -3.3499999628492327
1.4942774558758255e-08 15.599966853561748 -3.349999917095501
2.0472618454128133e-08 14.179969269576533 -3.3499999008728354
5.136728857661819e-09 19.85003095146594 -3.349999909765354
2.348736406717755e-08 24.109489825087355 -3.349999910425163
8.599044279740601 13.469479469148888 -3.350000055497089
8.59904018762838 16.309196359532017 -3.3499999807256953
9.820960348674703 15.599413302365772 -3.35000112237584
9.820955814432194 14.18052015068774 -3.3500015874892686
11.050049170078998 13.469999472605508 -3.3499998983863835
11.050049620102081 16.30868292368237 -3.3500000837333
12.279999997697526 15.59996678604945 -3.3500000110853776
12.279999993676094 14.179969288690968 -3.349999821402113
13.50995087184535 13.469999511085097 -3.349999842184724
13.50995039620191 16.308682916047637 -3.350000251989319
14.739039774856035 15.599413054107256 -3.3499999255582447
14.739044317553923 14.180520442035201 -3.349999863336243
15.960955617474964 13.469479579446164 -3.3499999347742415
15.96095976360096 16.309196333621106 -3.3499998757782423
8.599040233547322 17.720803660373573 -3.3499998893156766
8.599044320381596 20.56052637094326 -3.34999993012423
9.820955661420886 19.849479795512625 -3.3499999070486233
9.820960249866424 18.430586959699713 -3.3499999209093847
11.05004960241574 17.721317081184992 -3.3500000826820675
11.05004915313641 20.560006198004874 -3.3499998592807745
12.280000016405117 19.850030926590755 -3.3499998766839956
12.280000026769551 18.43003321907458 -3.349999961243979
13.509950410524436 17.72131712856433 -3.350000137778534
13.509950911084209 20.560006168955997 -3.3500001372988186
8.599044044642902 21.979471084710607 -3.3499999875118425
8.599005321499375 24.81108178223265 -3.349999878768115
9.82099467546166 24.108918222202664 -3.349999853688489
9.820955492851557 22.690463457733912 -3.3499998644368487
11.050049236704607 21.979991342965967 -3.3499998870492362
11.050054058769888 24.810544342822183 -3.3499998649382876
12.280000012276972 24.109489883148882 -3.3500000701132926
12.279999886414958 22.68991484377679 -3.3500007405733454
13.509951006907242 21.97999126993181 -3.35000124788425
13.509945948097288 24.81054432360898 -3.349999930913853
14.739044370443688 19.849479801121827 -3.349999877940235
14.739039745135763 18.43058699285206 -3.349999837559815
15.960959727881882 17.72080363771397 -3.350000055923712
15.960955649154883 20.56052637662966 -3.349999931230517
14.739005315884501 24.108918179459398 -3.3499999302910934
14.739044546192765 22.69046344399099 -3.349999877633121
15.960955925668047 21.979471054035816 -3.350000088586167
15.960994629737174 24.81108181109671 -3.3500002608473745
13.105414570999901 22.099145440522285 -1.0054659823530843
17.190050054604786 15.59993515662696 -3.3499998916416827
17.190049012233263 14.180000668319654 -3.3500003132481537
18.420000276346073 13.470030927166247 -3.350001458846865
18.41999998143988 16.30865188095472 -3.3499999133231775
19.649949923396235 15.599935144042286 -3.3499998976873924
19.649950921029436 14.18000052589265 -3.349999965181958
20.879044318342515 13.469479562167775 -3.3499999173717
20.879040209249478 16.309196332011254 -3.349999901435784
22.10096023691504 15.599413053917914 -3.3499999039592665
22.100955663596928 14.180520441868676 -3.3499999145477464
23.33004911518734 13.469999511554429 -3.3499999182015427
23.33004964197759 16.30868294990044 -3.3499998891971874
17.190049110141008 19.849999766332264 -3.350000036307671
17.190050121966404 18.43006486572017 -3.350000256220672
18.4199999654979 17.721348128406028 -3.350000024942308
18.41999998324999 20.559974945238277 -3.3499998470915893
19.649950890234322 19.849999728085102 -3.3499998609271353
19.64994993415919 18.43006491261663 -3.350000015389263
20.87904021965242 17.7208036874011 -3.3499999235225553
20.879044310155418 20.56052636572292 -3.3499998705425957
17.190054107074094 24.109455651496127 -3.350000091258601
17.19004909514889 22.68994573515211 -3.3499999864439447
18.419999978587835 21.980022642865848 -3.3499998497599845
18.41999998601016 24.810510180370503 -3.3499998487514637
19.649945930562023 24.109455661028267 -3.3499998575716203
19.649950895899824 22.689945745045108 -3.3499998716632273
20.879044030081754 21.979471057062863 -3.34999990545626
20.87900533474305 24.811081788843374 -3.3499998560304247
22.10095563599782 19.849479802872967 -3.3499998702330847
22.100960232104352 18.430586984972738 -3.3499998802035047
23.33004963422596 17.72131706104183 -3.3499998839114307
23.330049110246076 20.560006207500916 -3.349999868209644
22.100994688231353 24.108918218118916 -3.3499998794590846
22.10095549552695 22.69046345247168 -3.349999878138542
23.330049237629378 21.979991371223573 -3.3499998404658693
23.33005405179459 24.810544325529865 -3.3500000572684696
24.559999998510136 18.430033169939282 -3.34999988120693
24.559999988078207 22.68991481956037 -3.349999863887131
24.55999993684129 24.10948981361391 -3.3500000909144
7.795360942619895 21.73541031064384 -0.648697349797599
6.512057772495196 24.778162672462706 0.45826926138003987
0.44762302538524057 18.7204028305933 0.05834694824230713
3.2944574921635645 12.77243465274782 0.024811413980878605
2.186174530332171 21.644553431287562 5.793543748255722
0.015781512673658713 22.77351465722651 0.8034369819223386
2.914182361166306 22.619831928574328 -0.1304587462632878
7.257907067195778 21.561900035196025 1.0197242700479614
6.0827235715257295 23.289147972664544 5.334718303340983
4.898966866528643 21.0546267991972 -0.16231790095589282
6.050253246800015 22.83487967160385 0.07256629533402004
7.446892162375913 22.28462423372873 0.225964628825025
5.682419157500218 24.158014477272545 0.15246542811051533
3.8239351155653276 18.212474888622634 2.8392703642869375
6.69577626545589 19.27578113368678 3.7518122972697068
4.330207092393857 24.202496547436542 -0.02993550657526045
3.8498502345257104 23.689502466527664 3.796795562816148
3.859028618223843 22.312300071970558 3.328998198018657
4.938205620276683 22.122075671854468 -0.00290264304005583
3.8743535032797958 22.932676863648368 -0.14776263031614056
5.092083741058376 17.724219477458735 2.3276376422332525
4.7486341213095455 17.49322106842549 0.5002396518437835
5.757323124065405 16.876158755090536 0.047863953493021416
6.27168179830335 18.729422380446735 2.346232408673564
5.65136347958464 20.1016032403298 4.272936493055129
3.6261244382364937 24.728946396984806 2.7729756121034588
4.862299916426664 18.585665488778385 -0.12249354624583209
3.1056087273816564 20.10709534321438 4.161525260380067
5.53019689983516 24.151127057484608 4.460665776876308
5.3237448350682675 16.43625698101437 2.716644581775748
3.584153395791767 16.869145423193007 0.25889630052385204
5.360930948903283 15.454900986784093 4.978013246384256
2.0816432119283026 20.488292707351402 1.4557535629300211
2.8347295128036945 23.917784860309855 5.057251322778762
0.6232463200054258 20.14709894537377 3.490101251735225
7.366687947122923 14.249565456164369 3.694313595596659
0.753998488754545 20.4127478762141 2.095637324121067
0.7235592739412631 22.359457200099946 -0.4278988790553573
4.0432305382062195 13.548107029642162 -0.038995241146758675
2.0905154073900416 13.302410022230838 0.43687982877514075
0.463814876287973 17.9525191669918 1.9849341727390346
6.985700034361741 18.152764254018237 4.579129052243836
2.369967149849205 15.676807145243652 2.6958166247830384
3.032357810784936 14.128650053103597 2.9780914060410213
2.1263654161979004 14.617129205132095 2.6193911148819957
1.81182798943378 14.532082879336201 1.1438713918775634
1.32509341572265 14.275907565000534 3.2748535269515844
0.6333481162336043 23.70208429055649 1.6046135778743376
0.5490988576786773 23.49275450372189 5.792292629150828
1.9335253705820339 23.062410883972415 5.967798244184793
2.527542886097843 15.947124235237736 5.640561876037243
0.05762289376036482 18.951431666619104 1.302094495633277
6.4626740811666155 24.251907116719597 3.4912100034453286
2.29341631404416 15.327523804606667 0.5751478729369619
0.6389257303783374 25.0200436573922 3.7281136788943323
7.966849860175573 21.594128550137516 3.1757598738182855
0.7370467117216559 14.608475128674916 0.9792219735898366
3.6440628883174253 25.028741285414615 0.08375602357488243
5.6051186003583195 25.29245232095754 5.148131086851038
2.097418682509753 18.46333231945443 5.930324087991355
13.987981301334635 24.636993735452567 -0.497102814143765
16.286393050527824 24.715244311017138 -0.7712558404897163
12.864580004913785 22.445279522224833 6.008401920153439
8.433271868790372 23.801109257582684 1.64709280240395
8.704585171939295 24.011254807735988 -0.09483691643921377
12.015607279243158 23.285002959999005 -0.7448933314121908
15.250195154623318 18.53717859954489 5.629813284732299
9.4856097194259 22.76715556198241 0.7984518240568328
8.497278550869034 13.590705497544299 3.2358901801519444
8.52953564532932 23.280196418415485 0.6944737287671132
8.198226472972658 20.347876359839113 3.6937205621008418
10.764322860568189 18.021813565181585 5.531817568103383
8.614748340827958 20.521425447638414 4.906492702378937
14.693634773568354 14.338869759120929 -0.008848230461130369
12.578107231717029 15.185911184178579 5.649933106877501
9.511317273386554 13.273354568265955 4.716819168007936
13.436585399443198 14.540804547604784 1.2167626754176863
9.338884012535761 14.296493676089707 2.298616666439519
14.321040529368114 13.964751827407056 0.9447288784310104
15.544401911759357 21.798293868603043 5.3086384546121055
12.539771005856442 22.069917126947256 0.5461814565974454
13.082440499489316 21.560614132526048 5.410067604596583
11.98886905613775 24.580588002759615 2.458691565519767
14.292078108797327 20.72245265319974 3.8873227748692596
9.217105395974462 19.92321273014662 2.934138279076739
9.833309788293633 14.305566896259496 5.513026697465615
13.903575363900467 24.164392436742403 1.1976292692855461
12.831504022818475 22.79561455394762 -0.2129990826983419
10.72236548335567 18.53142254311763 -0.09779595441314015
11.125392693735202 16.980157732118407 1.3728031238548621
11.647284694539033 17.75574291931478 0.3931363238322727
14.921352757461676 21.36662288512938 1.1794987974994886
12.072908686077534 16.959139170818588 -0.5946854950582869
12.911053785187832 19.065317562905264 2.392794294615137
13.539903854597881 19.616882416153786 0.012524378132672265
13.197961711617458 18.635174102604275 1.0505975369660647
14.362333301000085 17.610378437626935 1.087429306776243
15.656264917349423 22.026777791669783 0.7430361798366425
15.25133134923889 23.195435748222696 0.30116125163922813
13.926203369719108 23.782612818216812 0.17692740444700483
12.207878797141367 21.113904724651476 4.937106154059214
10.657049865413741 17.978244139840076 4.458041888728552
13.611880050446764 14.657237175759079 5.078944872538975
14.320122479720927 21.623299348937003 4.500338879140051
14.32666187256613 22.482590037661403 3.8297594664654744
13.690755330384585 15.350700857652228 3.984949602359661
15.693881094767141 17.897408342225347 1.8235178212836267
15.000614094114237 14.131268133898189 1.7805231651576525
13.37914902467219 13.451813208167577 4.664745515126048
11.24850990305639 13.472774966915228 0.6683554943571601
13.19617423044372 25.13276592071502 5.1128834901691445
12.886527407353968 18.403690195645343 5.656869853097568
15.792948077027553 19.303938181552454 2.3098052819118564
16.251444257578488 14.68233412865071 5.119150026626567
16.132256794397254 16.796381656981385 2.7033950276750627
15.162274404190052 14.830759489034927 6.0543927716034585
12.037275872547257 18.143456697590693 6.137650839383416
16.371361671972622 23.79949402181778 -0.20505645770354408
11.119413728612825 25.24494109882344 5.064421521680931
13.324022458196575 20.829984909285955 6.182025566617032
23.252750987590804 24.762071506479014 -0.5604558218626399
24.31875300742229 16.111347730908925 1.5411762965878273
18.10496106748598 12.843915689707003 1.8819298031819998
24.40895191280651 20.120258922586967 3.2858537989530645
21.696366736147706 12.970917417492966 3.9778169254571694
17.79876682181535 25.211572444493978 2.8743219556617747
19.077339031957294 24.67311510464544 2.550233771157804
23.47863552506355 25.425777699780465 5.929622294327657
19.30837191249626 13.751386103828876 4.710662527714479
21.78588281140485 25.371174836053303 4.638259990195679
20.91375573770906 21.337917708364518 2.6466901002695984
17.0111949018079 21.810718799809397 0.5864001596452584
21.082476505797327 25.04374283959364 3.9916473883307946
16.937556046975075 16.480396768781652 -0.10751369795676036
16.963601509876597 20.743722123470878 4.187746305151507
18.406107294531246 21.125152214287926 6.112340414550392
19.444329248832716 14.210299343740962 0.009463524486021946
20.977107649015135 22.281043751476528 -0.02062416432280889
16.731534288617773 21.398306872680926 5.0148276862179655
17.50396966397379 21.57700549741263 6.06677391375364
16.87391862789434 24.214760069818997 2.7632999202227437
18.5506554122287 23.21120733123275 -0.01237120034868977
16.934554319510053 17.72986130086336 0.40214570244914927
23.21528962501077 16.43427191717923 2.222627492171654
20.599310469822182 14.796618556268164 2.8636617058813254
23.606647233542954 18.058935778175208 0.7227543245117019
17.55183630226003 20.99982882118511 0.8514743350914666
22.510381979813967 23.580309705583286 5.478028177843299
21.487005450100533 21.374136135641226 0.8274347817946148
17.582545145605945 14.11240448970451 2.2409669071324467
18.761709896917026 13.034437792881139 0.113528109407105
22.98553523758225 24.728749602965124 2.167104188361695
23.00527940436998 18.336632477274797 5.353181977243127
22.341767744987443 18.254091707254734 2.4629301819530602
17.497181611866374 23.04173401590589 0.15457713692388908
22.049496149346968 19.027839367568784 5.910319820796202
22.261209142199984 13.761668765780332 4.8800203663619826
20.094426894383034 13.583653981643499 3.478157635938542
23.448755388647772 19.066775710176547 0.368171701246105
18.12618727763984 15.723715092026914 4.08138193042352
21.268149977991637 20.165826664631094 0.305491219627565
21.392375116917897 22.577231635496187 3.342769802525698
22.855445295988368 16.116622815185632 3.1901041621038226
22.87206481124251 17.631871927530785 1.869863940166402
17.846467017560567 13.055528723306972 -0.7897587625229519
16.53075821973943 18.590755027568918 -0.5139662892807384
18.2959378309032 24.465155135246633 5.317042240507658
18.145471384783338 17.97042152596623 0.8305667163130459
21.42679456434283 19.942618834603316 3.2874190873597597
20.157152864748124 18.05539197493825 4.2899357264229145
19.860435411185176 20.258118104091512 5.319701575040644
20.745706293848144 19.3738041130216 4.607276757541944
22.826896937609433 21.514379021128743 0.6317858556749445
19.517181962997622 21.25488600858386 2.518703963953702
22.5933229420392 24.646640535145206 5.328163710919693
17.35076280021358 17.35745430679906 6.0705250147331125
3.2980539559492006 18.42025608701113 10.592422704995368
3.6148602347494014 22.96487833455031 7.986245137397734
4.115035324243103 17.149915930766603 8.489905527131219
4.300568551060767 18.40123066049878 9.745525298831517
5.433226007375306 18.31385739410822 10.445853031631989
4.299484912792225 15.905843576878157 9.250391592829233
4.3569402679084925 19.654458079586156 9.288975352586611
2.3669872534266814 23.38866567630294 7.741654678896024
6.512537897090004 21.341356626341433 12.01664784503469
6.16554667283923 20.459122039733565 11.478726638035923
2.714355013062386 17.17320220756061 7.88033262561298
2.333203494047667 24.63648474748994 8.11749181974512
5.0687236987161 17.394467450248836 7.444512291626864
7.293891837713369 21.024523078165817 12.70744631249747
5.307151654205524 21.87475378932652 12.791435012471277
5.139996048433182 23.1407883582946 13.057375443343334
4.1652499432828165 21.19279016776605 13.11989153992814
4.015199509751296 20.131772408824194 12.985258028147332
1.5658738262182383 22.783577518039664 8.57629161792795
7.338124853707299 14.696307711764073 9.90912299191569
5.870885772932853 23.91026151715882 12.857097465676
1.5438330272069092 15.05734024519015 10.70091972624226
0.5578003895384328 14.821738339006735 11.74949252576068
0.17580234329606667 15.410244603153995 7.031765544395432
0.26847491245308175 17.53151763972998 12.113158484660621
0.34718682689016844 16.659803185672377 6.738257826367109
2.1126249280844585 17.0872184328318 6.459127365714509
0.23064660274745716 22.33666172224137 11.329780743465712
7.340709289799496 22.30387009616819 11.078065180709833
6.545700957088936 22.539334213891976 10.370521259706052
7.882215483700584 23.121700921970053 11.553484766628333
8.14341688201912 21.739879227646547 10.603012735691223
3.4650261797855353 13.434406185894264 9.902206852719097
3.4430266757212094 13.739997552077925 12.391203548371498
7.32377929110565 13.276330261939702 9.923058558510803
0.9699690900869897 13.884985992264268 12.882104106826484
2.3191313021837354 13.120094749392413 13.012132023402792
0.8235147804815466 20.765799792804238 10.637447270635676
0.43885997634633833 16.380532321450758 12.765341668594
7.501996474352565 25.21873333496412 7.5770822865748
7.8469302046911755 18.7660319197661 8.744780225496116
6.204929144925918 12.96674586563039 6.350021368801427
3.8669555321210214 23.343230075957663 13.318467755459103
3.4267304501763394 24.252196868817386 13.327481446362127
0.08035494254629792 20.905823887547108 12.238368815314804
0.04535903166281211 21.26908255291241 11.211276595452265
0.00711450482749143 19.86993457112074 8.769666986975274
8.225196265181268 16.9982499939123 8.68390294703274
8.20170559633878 17.793058063114195 10.192042387031337
9.451813551834809 13.414428277825698 11.602557481581716
15.095751203773203 13.74707082458545 6.99143545153441
8.45850144063987 17.95768227566709 9.14559374377945
10.026582877943884 18.130498319529423 8.982417518302695
11.22319294881176 23.064832808405118 9.850394021026622
12.789550287844753 20.906250785706675 8.762041640985093
13.024974813381672 23.909920886479128 8.864040372441192
12.600487868045795 18.443607888612718 10.820538141376115
12.901526970738965 23.835026067971736 10.96245640303891
14.47864483728383 19.36124817128728 12.032476468943567
13.128294582861118 19.46226858658148 11.68828278552558
12.653159242592547 20.824664744016975 11.244258249516378
13.301978569073984 21.487644345486867 9.97774546943915
12.547393598807481 23.182871899843455 9.884424443877272
14.68571671529047 21.68452079523091 10.063290079241957
12.536498490755088 18.260176337873542 8.200840095341837
10.54106361207961 18.07159575898816 7.641305892898594
11.791151884495743 18.147148944044282 7.427481676044472
14.77424279793621 23.153716804431546 6.822691824262215
12.165260768429329 19.067875334843727 13.2210507164448
14.681812713927167 18.66914794707274 8.581887919239573
10.919969427800734 18.765831611418587 12.964786152439608
9.995217656914784 13.422030006346468 9.675277347883219
15.021451171451696 16.234139547775438 6.66705960161403
10.400583208790135 19.130738648767032 9.200919318473284
15.606169578594464 22.57851583488776 6.44395487594304
10.60353643958349 17.421860496867975 9.576603536670182
15.944786927944788 17.540148510007896 6.4456258516969065
9.865672678964847 17.760473714360643 6.474238036885983
8.84120107758874 17.436608972467273 6.364832521163278
9.054541732184404 12.856653852670165 10.436081612887625
15.934154647438104 18.464106790766756 8.09261407040088
15.105935942042743 13.025718811648982 10.885193694554975
16.15912849345535 21.87338985510791 12.452653048420622
16.000293737446047 24.46216676783761 12.949475197217017
19.866939152272085 13.873431534555806 11.422459032964596
21.710076897977952 18.27431394040332 6.920716582680332
16.986241141132794 13.820292724107247 10.604593996657343
18.37297631798627 14.268610173977331 8.773858815638336
16.664269508862066 17.779620150816516 9.11925346125045
16.624245679592267 19.628886601176863 7.980950113923374
16.82630072127255 22.419642753972028 7.019189820847343
21.185398479120938 16.0711492683872 11.319556684624443
20.120921859659237 17.528313493123562 9.931537324447827
22.230632268923255 23.423104390159384 9.272332113534908
21.308090638902303 16.97823714422972 10.326431625046629
21.854606021425926 16.311554647537367 9.349733733748934
24.15727851863019 13.884830492471908 11.352651688980496
22.20209538158286 18.542394373500397 12.28972999193266
23.658677865514644 17.95188409830606 10.322488997753446
23.698219715104035 20.62728631234012 8.952849091682715
23.422958703931712 21.201270066795356 11.236656050938535
20.84173930937601 21.953935523350484 8.517006557281197
22.42568596623164 18.434651596924418 10.858222306018579
21.869078949892817 19.639857816899852 10.021378276396693
22.730824148013312 20.919503683633565 9.941519964011006
21.59805115162652 22.276437789499735 9.56248045483059
17.370436332155652 22.678760014928393 7.915389955858605
20.90264101765677 22.58307431168118 10.655487181852584
18.586793563397883 15.160196132408233 8.18440426655582
18.211608036830395 15.213772936638414 10.580764260703338
16.74008030616238 15.3811922048271 9.891787381680667
17.489751697752272 14.603548412226068 10.037948034475585
17.639445654034844 13.67585096314127 8.227352380789391
19.62412298751642 13.444236053767419 9.161365250841376
22.80808779695342 22.763343277772467 12.896690811080347
20.076656457237345 13.328869968161131 10.513684389711303
23.537393993148623 23.048685056775387 7.111409108032712
18.24561841906162 20.312382639978168 13.323171333656964
22.534180012872667 20.16340927478429 6.338639792037336
0.0015151265588976646 25.400912367669154 15.162776968564243
3.2207189777208094 22.121612992061568 13.367568245002893
4.8116027110088915 25.147531233006077 17.899511211576133
5.0075848002926096 25.135253614834067 16.55485281557966
2.1553846681148583 22.029795784283426 13.519332565938761
3.4728164757550064 14.149071763007612 15.040285072154012
1.5081391915911841 16.51625565310645 13.56929746482536
1.1269889276506662 24.86809016346258 14.47260052845862
6.217868492947553 24.867371577253333 16.35366762773732
4.182804748760916 24.19552412607625 16.070730699108104
1.1934369991832792 24.576484028458975 17.328412567641283
2.824750214769187 13.078728318337365 14.743630552123495
1.6942586235954564 13.090454780148704 15.492164427344044
0.008435288704466665 24.476697876765176 16.78280426885154
12.735411163763628 18.10098940802525 13.94759588729961
12.091074243395452 20.07633461708251 14.082179450022695
16.285665631518565 23.679883059815268 13.637221576483515
15.836283452682371 19.4761086921514 14.135300566526317
22.028643193480907 12.810852674671368 16.09840805032145
17.161397848502443 18.441869001872078 14.10061218479791
16.971979852071694 24.753822502767044 15.45788873087594
20.786802293007902 23.868373985792708 17.59987861514449
21.986970234894113 21.208096340479038 14.564457097796398
17.79308224968458 14.33955585157259 15.394705582957075
20.739091768982107 25.12878703935854 17.35972136344324
16.376341587860008 22.369820582845847 13.38687732745776
16.81551296838957 19.348663775006692 14.596784421974156
16.750495742909116 19.19162669141647 15.673451554946052
16.890130572584656 23.889963207213317 14.941025293504765
22.65096338099819 17.432141992903848 14.772715496232081
24.17948237576169 13.816406536729245 14.063466643317003
23.58640041524776 15.041815283751044 14.403885198011984
19.75160533319864 15.33998172681943 17.168431206262376
24.079959561178338 13.881934074467003 19.565269257867577
21.03461914553503 15.160241291235266 19.61607701500418
21.837693408887763 18.03610882423685 17.030944918931574
22.92121643689754 21.589856847347335 14.603737491808037
23.430772038625527 22.423567337341698 13.711071953590276
23.4618464466681 21.088765694178225 16.612890219158405
17.492216340820203 22.40258684392124 16.420165142043295
17.908036122060945 15.654171988624084 15.351670642001299
20.70830095376397 19.68397444596146 15.657061972217177
16.844047850912826 16.04931252881296 16.010176825451673
21.452870756463746 24.612642443241537 14.80819656250337
23.904554087633862 14.431391352888896 18.422572519150226
20.784679723375127 13.249243861638714 14.046971108305357
17.119669560298284 22.661204884109008 15.439999031211562
21.457507929696614 20.405255151951224 18.61957691871975
18.452859066681665 20.31240000059853 15.07235528580972
22.84676427986802 14.05349012802248 20.270216175986622
22.046114842713816 14.799425742497277 19.501671620290267
17.060503090396004 21.798757409896556 14.465426169736151
17.731755203137677 20.47305820850922 14.270920223445874
23.70410044850558 21.57109141935321 15.677435841207034
19.305665912200478 20.45081629955661 18.474133191061487
23.166901697870163 25.390796850268643 16.495915262828984
20.367513730250884 19.693239277786606 18.411384926106106
19.534984634092137 16.23484981913543 16.01590513520387
17.67668225141469 15.980516416452732 14.113514139206288
22.324826704967155 15.567931564063965 17.608646343139476
19.371738893973294 17.745429099582417 16.490118259229746
20.58519456549896 18.742974159878376 16.749921110675558
22.70018740784365 15.028336385827442 18.375484908929582
20.198292541076125 19.013086523261826 19.564958574588193
20.472260979462362 16.195233047028974 14.93811974551731
19.434366298503825 25.322589646518278 17.257703814265756
22.609147391463285 13.831047380922806 21.30000131794241
1.22995090670653 26.230054238489362 -3.349999951338183
1.2299508725040078 29.07000026242641 -3.3500001183715766
2.459044301966289 28.359473615844724 -3.350000740577781
2.4590440610762117 26.940528882665085 -3.350000417902704
3.6809554904294073 26.22953653836418 -3.3499998753958025
3.680955687611166 29.07052021958805 -3.3500002598952108
4.910049129541682 28.359993895041512 -3.350000670883362
4.910049227931602 26.940008574759116 -3.3500001375651465
6.139999937564929 26.23008517808523 -3.3500000035005675
6.140000011887 29.069969099160154 -3.3499998714065815
1.2299499483265879 30.489935111823296 -3.349999913696803
1.2299499574701012 33.32006487320504 -3.3499998802799813
2.4590402200272954 32.61080367782229 -3.3499999253251156
2.4590401213449034 31.199196277459077 -3.3500002302097376
3.6809602735473534 30.489412864257854 -3.350000526134782
3.68096024327768 33.32058697199895 -3.3499999188893224
4.910049559036376 32.61131703942401 -3.3500002860902587
4.910049680991274 31.19868289566449 -3.3500001145842297
6.139999992753029 30.489966812444486 -3.3499998577564325
6.140000066146667 33.32003324040579 -3.3500002643096205
7.369950877126394 28.35999384119246 -3.3499998706762413
7.369950754361367 26.940008748301366 -3.350000638834343
7.369950382944546 32.61131704892665 -3.349999872413083
7.369950364022404 31.19868294813631 -3.3499998413536924
1.2299509043232157 34.739999720478174 -3.3499998971352962
1.2299509099019375 37.57994567555373 -3.349999970517107
2.4590440233934956 36.86947105075125 -3.349999891402967
2.459044325130453 35.4505263554416 -3.3499998830170585
3.6809556533816785 34.73947977413771 -3.3499998698852975
3.6809554322041795 37.580463422909304 -3.3500001221849693
4.910049252050112 36.8699913016983 -3.3499999960487035
4.910049119907704 35.450006174200794 -3.3499999004723335
6.14000002756437 34.74003091701937 -3.349999907221979
6.140000013841321 37.579914786348056 -3.349999906365977
7.369950780883252 36.869991323585815 -3.3499998986332713
7.369950861296534 35.45000619136156 -3.34999994370196
2.1594614134060512e-08 31.198651868121342 -3.3499998876021064
1.0208991558103176e-08 32.611348110382586 -3.3499998932861375
5.005591839416308e-08 28.360025043199034 -3.3500001694236348
7.148393369538176e-08 26.93997733123803 -3.350000270077149
5.81758269488263 32.59592130519499 -0.9073290965781167
8.599044574242999 26.229536554620758 -3.350000125679622
8.599044363676379 29.0705201996453 -3.349999898066284
9.820955669097572 28.359473633448022 -3.349999821283661
9.820955967567267 26.940528971823735 -3.3499999016996584
11.050049082381532 26.230054256361136 -3.349999907815635
11.050049067834825 29.070000275103514 -3.349999849494317
12.279999976392254 28.3600250557201 -3.3499998835940303
12.27999998298631 26.93997734765764 -3.3499998782086395
13.509950910772922 26.2300542303369 -3.3499998823821633
13.509950895987568 29.070000282516034 -3.3499998989871926
8.599039764569083 30.4894130324866 -3.3499998690524913
8.59903975904874 33.32058683199552 -3.3500003668254497
9.82095978655143 32.6108036794833 -3.349999830285384
9.820959762925225 31.199196338566445 -3.3499998467464067
11.050050038394179 30.48993512691474 -3.3499998757147695
11.050050034012253 33.320064900681686 -3.349999848826185
12.27999998028831 32.61134813557996 -3.350000013085679
12.279999986979318 31.198651891201578 -3.349999891515927
13.509949936799405 30.48993513788572 -3.34999988041474
13.509949903657358 33.32006488691608 -3.349999966076538
14.739044327036327 28.35947362949148 -3.349999898433851
14.739044043286938 26.940528921113167 -3.349999883242487
15.96095549563058 26.229536548802514 -3.3499998836803213
15.960955657354717 29.070520200510384 -3.3499998817008567
14.739040187856045 32.61080360285739 -3.3500001783882705
14.739040218038204 31.199196327500307 -3.3499998635537445
15.960960238232651 30.48941303055612 -3.349999889902727
15.96096031926409 33.32058693691499 -3.3500002707593612
8.599044338736237 34.73947990761791 -3.3500010264407165
8.599044542758486 37.58046342264598 -3.34999989965155
9.820955996994055 36.86947104141852 -3.349999940064905
9.820955746576551 35.45052638974758 -3.3500001026797555
11.050049096867085 34.73999972257868 -3.349999893585287
11.050049087917023 37.5799457091267 -3.3499999244288747
12.279999981592162 36.87002262430098 -3.3499998450485577
12.279999977286321 35.44997493782413 -3.349999824293748
13.509950867106367 34.73999972743052 -3.349999873153917
13.509950889738287 37.57994573943865 -3.3499998736501277
14.739044006499638 36.869471056509035 -3.3499998787282728
14.739044294432098 35.450526369553565 -3.3499999128938738
15.960955661500911 34.73947982359403 -3.350000017593099
15.960955469109779 37.580463441812405 -3.349999895540461
17.190049129784228 28.359993794006492 -3.349999889372449
17.190049247064884 26.940008636144654 -3.349999944077624
18.419999992566016 26.23008518988527 -3.349999899171948
18.419999966957963 29.06996906886455 -3.3499999414097195
19.649950869619925 28.35999377557368 -3.3500003694512093
19.649950754217883 26.94000861733351 -3.3499999233327413
20.87904451941606 26.22953655708748 -3.3499998537493
20.87904438462423 29.070520213032747 -3.349999997899241
17.190049643198215 32.61131704784132 -3.3499998747604542
17.190049634853793 31.198682950462555 -3.3499998801226685
18.41999999900748 30.489966832749833 -3.3499998736421066
18.420000001232573 33.32003316141557 -3.349999899774777
19.6499502952711 32.61131702557535 -3.350000088592414
19.649950366372778 31.19868294250185 -3.3499998814910183
20.879039762553216 30.48941303558242 -3.349999899583019
20.87903980820491 33.32058703017421 -3.350000891350554
22.100955689034016 28.359473603320076 -3.3499999309043216
22.10095598087371 26.940528934268205 -3.3499998621560643
23.33004907022726 26.23005426571802 -3.350000060185999
23.330049144245386 29.07000024234667 -3.3500000395863125
22.100959866304272 32.61080366836883 -3.3499999766016963
22.100959791678047 31.19919635392759 -3.349999910123654
23.3300501048646 30.489935167954084 -3.350000019723648
23.33005007631583 33.32006489994638 -3.3499998276576806
17.19004922239076 36.869991341640045 -3.3499999175441877
17.190049117272856 35.4500061849949 -3.349999884739688
18.42000000907033 34.74003092051897 -3.3499998849670987
18.419999975259962 37.57991481270135 -3.350000092302945
19.64995080042068 36.86999132009135 -3.3500000110606343
19.64995089707023 35.4500061765691 -3.349999880401906
20.879044370634418 34.73947983368104 -3.350000046449333
20.879044547811905 37.5804634295537 -3.349999893799901
22.100956011669158 36.869471040227374 -3.3499998507708084
22.100955737488558 35.45052636624912 -3.349999998951568
23.330049103545242 34.739999708383145 -3.3499999230420476
23.330049104108053 37.57994574178951 -3.34999987634623
2.6633413034176314 38.12041254757675 3.8900992386253153
1.6580470411133859 27.746185887531052 5.858194916708425
0.8846983900618668 35.46787796023099 3.9723261699255987
4.719921936130829 36.70287093498437 1.9956322221210199
3.3950385223910944 32.182605265709796 0.012354503495202174
6.399369397361284 35.17574297329099 -0.05838502607855123
1.9596631092192012 26.73778360510946 4.910782052019517
3.0946095189225087 36.747451627368974 1.318162450299768
2.5306166425984955 34.10987355342326 1.3557187893636302
3.3667375871128495 29.750942115132123 2.6067232392645714
4.333341752715754 35.07303947489803 0.69600210677217
3.429162938313751 34.09051134300084 0.7568534796458881
5.475369706974757 34.63117493291866 0.06838335109066618
3.909002961330455 33.04279160402438 0.1389247164843188
5.1984571668014405 33.28615436485887 -0.3535584728477337
4.129584406360185 36.478269845729635 1.1072877215788668
3.143959295407403 29.259755174283622 1.2823946946066633
4.12202186765668 33.48053191198078 4.822399668032151
5.894354491205166 33.11492972653805 4.350459566966311
6.175644410506197 33.708598041413744 3.20416985072999
2.880490589299425 30.25466345313625 0.23947483264217806
6.903943757443878 33.27172135306667 5.221489312280644
4.88090966262512 28.050836356584334 -0.5821999847776327
4.752620453666878 28.451310137266077 0.716935419331729
4.97541339064568 27.36047846115539 1.3283198793727813
5.947772317380901 29.16976386971504 0.7937185244227674
4.05844681489758 34.93873605406271 4.915462498063668
6.109217720008129 31.858926170238018 4.041635406923931
3.368518642113332 32.83248289381158 3.750501657767079
2.167451736731325 28.00982309097377 1.343429503610497
1.1167000494739134 29.018067082202982 5.481510738845722
1.783484047213284 30.93480586578787 4.057927818647833
0.33372036989832005 35.6313122705803 0.1026865582981773
0.6694285612567663 28.179478388068244 1.7834017600618934
0.29737525849247765 26.956826563441407 2.347875176625002
8.050387367529709 35.28350519572208 5.476848855148422
0.3943810861521894 29.416232981012513 2.5222315602463166
2.1516297203516577 36.50017498061144 5.6819032172337005
4.765985511766604 37.68994546200599 0.24501440908671457
4.316080397143739 37.781363052095394 -0.7435847067686341
7.869321380846069 27.10197511044305 1.2511679809633347
0.5151930489270506 33.14660237175124 3.4337021901070655
8.162908208833073 31.84981483443125 0.9561492441810904
5.822426717858195 37.945506033092116 0.16303409034160055
3.7869698196377675 29.12202725817457 5.72379127386581
7.925864763537234 27.162419266699818 6.192957113163079
1.5391980926401803 32.04035127545203 6.228327755921098
8.29117608080342 29.749438683612134 5.935761721135439
9.014521877553086 35.73148023398551 5.286683107381005
16.305231061205436 29.409762464209205 5.8979438771395865
13.294666637951844 26.651243309086876 2.404140812367619
10.054160004851628 31.543998497335263 0.2733751208872426
12.73766017480131 31.37456024221682 1.234411185184917
8.667416332798602 28.678427896031824 0.003881643769396703
10.749289640713185 26.587776476901702 2.38248220197369
10.264280523348027 34.02680050910237 5.305110998140993
15.646744998802268 37.384547589419036 5.458771849259367
12.255937204400375 27.00099787460245 5.2862188345171095
8.764336286916064 28.97482644020203 2.1104271325591717
10.217772022247898 35.01559308342613 5.104546285286221
8.85503986499374 28.024228183856643 1.1363023637183023
8.617276772731804 34.78537096588046 1.8360878532363978
11.19577626424191 35.82376428807077 5.199894410214506
9.697200553571065 32.08649889462652 2.3964056244105834
13.179015834835392 28.86827395236212 0.9032671243053325
12.626927638911056 30.194688337322273 5.356357074624708
11.494085325739926 28.248249035981164 0.6587368632405866
8.700669766924374 34.28236781817823 -0.5148707543145159
9.344516418058861 32.272436635269564 1.1322867177110008
9.328793913928552 34.12949344430481 0.7490873439268808
11.890792634840503 34.11460225879997 2.769765440545121
11.444416797600256 36.41081799913817 1.9898534205108054
11.681072230795154 35.05450463569618 1.7037445516233363
10.815110589861682 34.52677857462668 0.6165957676127709
13.78228840617216 29.562008904851503 1.3214704484866713
14.418441291141036 35.415041746376666 1.824377169516781
13.553193332841973 30.852797910708045 1.7130234891354068
13.852007568826199 33.95212265012115 0.42752297383436333
13.445779396750794 35.1262183404634 0.9628688727771229
13.54148068556781 36.08842733635705 0.008625778160241682
14.413833149683825 31.185982266797584 2.675533612668115
15.284408193986119 30.11076861462121 2.807570428075371
14.898739321100317 29.186386191241354 2.013781660148574
15.379902692510775 28.219502984701236 2.0181030981472627
14.562910317926624 36.84491167445757 4.807443634648342
14.50439268620436 32.15738761624344 3.138751290464179
12.269421731651041 35.71088395555567 5.169178928448667
10.499892622473604 27.17321988115457 0.9871504023031374
9.395668102141233 36.94965031738283 5.515976356253582
10.314914424440529 26.13940736623824 0.007531171897531275
12.164970364658227 25.90374737014993 4.645886442215761
12.10893773334789 25.948936893254228 2.790868208834084
10.755255219019222 37.0123703918978 5.547397830081243
8.806815950737324 37.84139873405272 5.672302632516314
16.157861624238407 29.03012575101539 4.886876018244201
15.242473044629689 28.46546489517394 4.70989617072531
10.10839679460735 32.090359987793526 5.917751143577137
18.18947517781216 37.712083576974145 5.522604691508327
20.790091239210703 33.164885979266245 -0.6211440113237887
23.698963948847467 27.60841700996076 6.0392405092849275
22.584642380807043 29.750473858572022 -0.45275880399752944
16.90941946506977 28.261111172077953 4.708333615545177
24.37321059279811 38.248903719430636 4.674297786350313
16.58962488737131 31.07350762979667 4.384480020716666
20.88155908990791 29.36616917563187 6.161103047891947
16.387430095907376 30.185871010672862 3.7850482063013557
24.533055288487134 37.05078427149791 3.009547929234481
18.804163786797133 25.91599691163737 0.12654458978339167
24.483592591997233 35.21281553434893 0.4180698671459093
22.905418476590267 25.56171333687378 1.4686396420295267
19.77112255132134 34.90789049713824 4.731307526486952
17.174310831115413 36.402425968103884 0.3431770646634513
21.85279924729794 25.815460773293893 1.5939592198627128
21.9395348327391 31.95078302379557 1.8981428227164088
19.44708056340587 36.972595959167776 2.4054427120075483
17.37570870592173 35.561390534864366 4.774406768212395
18.949111767815367 26.420348462906777 4.864899429385247
23.07442502023665 36.77078719627797 0.25500826143772914
24.081529614987375 36.40704033587094 0.11419435335141448
16.803910184612597 25.951635099568993 5.185497050235145
16.92940494292378 27.457593620065143 -0.021113556161278524
23.583484502822973 30.763215336665883 5.585482013705736
20.65868381085143 31.545315346017784 6.026246400149596
23.482444129907535 34.49169568037075 5.023034226031297
18.728580129497843 29.512747113301 1.140838544019528
17.275032527819594 36.998671047431785 4.713100470826061
22.004268892503482 34.43227322087527 1.9531915312578618
24.48649928923198 36.98002824155495 4.447952980952944
17.581725391635775 26.577942048918104 2.1573496613565557
24.29705298298529 31.653365913485192 2.3943829744903002
23.673012424643407 32.555891802752456 0.2529216069870521
23.051274578120807 35.87363786459901 5.066093405164077
17.865209899338033 37.51289955001029 0.4789390103420721
20.113145381813275 33.290392891916554 0.47765600063295555
19.70607606204547 28.49579013621072 -0.47280378228345854
18.946003019609652 37.39511540183067 -0.33368683999214666
21.13520117870724 33.30410535232795 1.9880321811471502
24.00038610445393 34.35506855151527 0.6436393758593306
23.162061758219302 26.714425055373013 5.758323400085422
19.498108482043875 34.47860582044261 0.30511970200751914
23.554112137376293 25.59307580223566 0.07728497069116935
20.345505235525582 28.003955721226205 1.5764821242169136
17.30475665377793 29.923738739574972 3.257887264069418
23.214377096768207 26.51521069097428 -0.39425224900775935
21.82792354372318 36.247587414812024 4.323650126189667
23.509528463501457 26.190799538571458 2.1223992877498867
18.310687896885614 37.81070108883333 2.2410758597054956
23.5199512414442 30.040709530581246 0.4440633265930316
19.282302976884782 28.311843497282112 0.730030538941
23.362020832877242 31.644239502149166 1.3010295890513102
20.133988338397977 33.26578497456239 3.0530213154235577
19.1772538387713 32.35542204819446 0.4639750040660895
18.012872229242817 26.945866602293716 0.7173281902098472
21.75528817264179 27.5521589774369 4.381303361931403
23.449169577355047 29.12624476132606 1.3505055052213122
17.095660008001335 37.55821215932684 3.2061747218638015
22.115580621185096 26.70321026019396 4.943331321190438
17.936393991723516 25.57367018302298 4.659706977130672
2.4996469072333665 32.40582833253316 8.634182066082438
3.757805592844807 32.037240342451724 9.002906803672508
1.960807521389146 33.18679486635502 9.620899483823617
6.389903132342349 35.720415743323265 8.269132072760769
6.444301946499757 37.02255276915765 8.583070874903866
4.166190566792867 27.283821795870086 6.796837941585968
1.8157097995840346 31.286150631260508 8.801553401280678
2.758429386925934 30.741096008511498 12.984494498086775
5.17430234210903 35.18498468723779 8.726611201126289
3.9001865312711184 28.992645253567197 11.318049031897374
3.27324024302188 28.263260428855155 6.514040458882141
4.569934829104422 28.369389397835413 12.324623666125362
5.678250344172138 27.833070386729084 11.746131803715889
6.279771038480387 35.7029684344825 6.932084462889151
3.035526746172741 26.23513123678039 12.256845569322708
1.3764080330942883 27.473076083778498 9.617945567941092
3.178367507421697 28.931941828727066 7.66454671660313
0.8743270997196166 27.144869560342098 7.075757661710487
0.6510842491197878 27.7670275200467 10.362188781895174
2.4124530311989156 32.97765298720763 6.85040663505208
1.9268187776968957 34.3389200143546 6.835723122243947
5.0534963978094565 29.33172013993344 13.056516877114888
3.500435660433582 27.181269599843304 13.212483072197763
1.4248217926179871 32.204166076458854 12.282370072063479
1.7365533754258398 31.410536970721473 13.240747131557361
0.6785239482380222 30.53733756526531 13.198890308435104
7.062049388926127 30.380350875012134 8.83837875896909
6.594043951638838 31.098628120262617 9.495226313199424
7.164360192658196 28.98316855917656 8.828127587325413
7.590276878260304 30.818876886563565 7.665378571335272
6.8347594719883755 28.260916750426812 9.560326801721082
7.8219478008111905 33.55736437823362 8.023339740399054
7.973812322131151 29.727108642116292 6.967838081609534
7.496246744915746 26.26327407589022 9.060381630489374
7.667725939799463 31.80730323796969 7.472726058857624
7.90430931825148 34.77911838919417 8.709783885730689
7.7614869234677695 34.619630863505364 10.2519957680283
3.8657785659061816 32.92003572433092 6.262908542486065
6.257853643515147 26.36938531889932 7.776640114843751
0.23222962912763695 37.23247556834209 13.100054917639387
0.7649416739950986 26.30997493212839 11.947179254458382
0.31872039181116957 27.11959203179333 11.540354084199354
7.315710066259766 26.211519481272617 7.986683362988515
7.788750560057404 28.62270519295849 7.674084628412433
8.166208134923247 27.26068919757647 7.251577953950984
8.539430310118155 34.58136292759849 12.98616978143469
13.495541866823405 36.97528698751317 10.084110797803707
9.040326725663546 35.569327985721316 8.326042574848708
8.819179300661402 34.06236084680029 11.226174253570813
8.645131804577598 32.632532200114085 11.23999193117106
10.477986269240413 31.52572437044058 8.23336426113022
13.731859268219521 27.406443443030927 9.672712910471637
12.84672517208588 32.67747931975806 9.321468617311726
11.195544176463462 31.58504701615757 10.669583130094626
12.787162599537183 33.474439436849934 8.107722044467417
11.069842128007695 31.863988535470906 6.949512682684794
12.713213139381416 29.52463772590959 10.39497858654195
14.141184526017664 26.2373049376101 10.03799983901208
12.34644388039435 34.813210625422315 8.100688907297913
12.873307735171148 27.334119996850465 8.667202143087207
9.749430929931561 27.555738752353346 10.705355176822838
14.824358730553252 27.91569189245163 9.026569578073948
13.109479205483371 28.384749884054596 11.087472690138975
12.037998749997186 27.638563504938833 11.784760835763317
14.23221085083525 28.54230084583151 12.023182392483728
10.522544226341664 28.05366707615192 11.758484009011411
10.235585226282069 34.33363188293635 10.885548819970168
14.552334865274654 35.183409986933235 12.048528887927928
11.379352279273672 37.11358853763089 9.916540185925244
11.33334627475166 36.29547898618203 9.326048687983965
14.499112887549286 33.67006306355234 7.783765179161995
12.277023907513016 32.76479779954913 6.876876867286662
12.676489677446261 32.62298242916324 12.493367206048498
14.075152514196787 34.810129299184574 13.245703682037512
9.985431961234182 25.71853254585371 12.796998932019285
9.824194246823216 26.993420675362547 13.12814458839275
12.583676890613162 37.5389856484051 10.215053857277631
9.229986099828064 27.055904342378 7.372158238822899
10.300432691897432 29.488920637019778 12.065476099129643
12.723407252243652 29.80852464606953 7.413704784533671
9.431144627222944 37.99670674816541 10.012273617806837
10.48792479615088 38.05977632155824 10.225903913925343
15.113991581075243 34.29626736549069 8.828285918771435
15.135706774011096 32.51140486834179 7.6576667500663405
15.556990626367375 37.12750338063274 6.78680247414285
11.018147479855957 29.19744472638704 6.349671592165137
11.851531209817896 30.167627706981694 6.477777078495659
8.730636181006874 35.94106092398626 13.11043932907278
15.102469148089043 32.40827633158061 13.012539296891138
14.62250278189697 34.320766309378946 6.648648321583387
12.364488005439778 38.06702389181795 6.285783635751567
20.753834052820025 30.509445192938514 7.944483626966777
18.07213971686652 30.662915106589573 10.620371647325905
17.733465157736557 30.27685071317409 12.639414973600092
18.91564833661085 35.22922650274196 11.226207115321557
18.660440624826045 30.220480080271855 11.668569404759554
18.963253202637055 28.957440563786154 11.309675352285675
24.513051982478228 27.637375571009034 10.766680728816475
23.14055997294678 30.851436155701233 6.95897843664018
23.254026646802206 32.18010236926421 7.504702768224398
22.55466405940631 27.993798314720046 9.818749971326389
23.69277920300032 28.499752357999792 10.19641568762474
22.473521509509222 34.829735805735375 8.370961619865142
22.91695855253175 32.8813006275104 9.783839930704245
21.349107323852138 37.1695660246171 8.710858535524412
21.814493923224298 35.74085791838456 7.473916221450068
20.139132659930933 31.16209652094262 12.249919168572818
20.80295026017198 36.73648723409606 9.833835840418343
22.833727301619277 36.363451098325875 6.501250108536532
20.500109049130586 35.50747021184529 6.8473844959599806
21.03283889266341 31.225559576397377 11.09298608025555
23.27034199297511 29.26316362391511 11.145107004047283
23.428681405810973 29.64164715366236 7.83057371853971
21.326131762981117 34.118266748377685 11.679334302098448
20.60798417278412 38.121209728596845 8.27129935384004
22.48876349689081 37.743715459000036 9.098092048166347
19.72440147248071 32.60338064470767 12.688755942922914
20.512828979915483 33.889274453423134 12.795622515564139
19.173893789065843 35.17589075788128 12.56449967965495
19.6038631188097 36.36275583032956 12.948545439581544
24.31385105270654 32.75604234842077 12.083055742676533
21.310488415115827 30.53167270126721 6.731927363153979
18.04307513775168 34.954267649894874 13.241070858227133
7.372389201216069 34.32902706784312 13.571585905973247
4.374683021334203 35.400260934728074 13.584581324047972
0.023728634351787757 36.31239983583556 18.768236476945223
7.531641465112843 30.02014378967706 13.715696841786617
2.5050126912253274 28.058584616210407 13.760189437222296
4.369360657743683 26.415376239520974 14.199764905683484
0.8984808471692606 37.33225726594354 20.144737991126693
3.3724564946027016 27.108793705999055 16.38397715252167
7.666521958104894 38.18929329790433 17.66745461231109
0.8114374065764861 33.0141513043718 15.040366201625215
1.9451145371913525 32.25739329694776 14.845834921105169
4.569188470331654 26.775874643357707 15.679789612758517
5.753671447626678 27.600691271797906 15.92264000689102
2.110139099395121 31.254810712328492 15.860618070519699
3.223279479643645 36.55820801519632 15.015589416336146
1.344280459767412 28.679606408481128 16.18795539907593
2.9479089453602656 34.307949712368305 16.874205578010336
1.5785448935633581 33.36992312150576 18.570166371278656
5.304271381150831 36.146746483217534 15.355575710017726
4.197838535454562 35.62874664714388 14.915098750592813
3.236622354904471 33.087572219304846 14.641493558584644
3.8205811506645126 34.035322102639626 15.753651974481093
5.088448288777825 33.464579626148094 16.14270175442533
0.44782725630818293 29.816127985903385 17.95291330391213
5.897293190392662 31.581578791640943 15.060325629921753
6.6560198052617245 31.0120326649581 15.406809588375937
4.301749912194074 30.84508270649225 18.199911412817393
5.56727361276712 37.550703269307725 17.772039790467907
6.676371208315402 33.210333468889374 19.985431230082213
4.513149089596048 37.77950212664137 17.71844340513448
6.728017161412043 31.69807894426589 17.42527443709951
7.186225568394824 31.07181520895318 16.674116138487978
0.20312028630226983 34.970290470422164 19.294051930589916
4.398233765921864 34.0551117877376 19.568451540008116
3.212438989045842 28.488545839841237 19.484679269984845
3.815348544274454 31.05599875099201 19.51039180618318
3.717303840235739 29.421737540702054 20.26071140867733
2.502384056926972 31.595240217812307 19.638179270714357
6.36596993630711 36.519194735904904 18.06671820001931
6.018362858829157 35.544797494657416 18.376749384687617
7.4908353333852205 30.163965565869482 14.785299644753213
7.674372769697977 36.88152450613727 17.90561843705614
0.7733847465679259 36.6253697205395 17.510514033385995
2.2046462228717982 37.455691830357004 20.020962443352264
8.123075177759373 30.140615978956927 16.896901737866163
7.996715562533762 29.580631970446493 18.90549965020185
0.22473007695388933 26.774021973174072 15.461570673638928
5.3013648174064585 33.14495445796022 20.281016358219453
8.584232316939511 27.26486956721897 13.489778570760357
13.044368523345028 35.64497472186445 13.495260338126046
9.005591673512075 27.787950501869776 17.76702430791098
10.430824439286882 26.96434292996208 14.258184628249465
15.043254534386323 35.13766779636177 14.033699939279176
13.773466853483336 32.9723676260656 13.416655756575558
8.422785511114256 29.680195231253656 15.63796452005184
10.075887673201386 28.57020632667007 19.078582183983986
9.341826578032475 29.20205920172823 15.332760564663058
9.41957150185577 33.88717556819175 13.732484146202731
13.907676835755074 37.71371421349457 15.590531106750438
9.138657527856616 36.33903452300637 19.205700140738372
9.307226427796166 30.67498491197344 18.472433725665034
10.664188445096075 36.99560782484846 17.399964011456632
10.588243804964492 28.760165268858238 17.459732220862975
8.538845150500014 34.98860199141577 18.246976889362024
8.858274188063387 36.029634381609625 18.198845267606796
10.734740824996132 35.30633888737437 17.422946354751044
8.75990294134425 29.787339937772426 18.15522180745024
12.973781867719987 38.109702506545524 17.39739748099286
9.694557378614634 28.58107019747861 18.057519412820433
16.3481276385311 26.85081987637939 17.733174523386772
15.720373661655463 27.57011182566894 18.681044690211753
13.57847140906221 30.47394069523795 17.861009659833957
15.56066119076809 29.803737475044276 13.702306868864872
14.877140320581029 32.017034692904915 17.24724126432569
12.819945199907494 32.54178020612257 17.886630397968037
13.5001828989525 30.4149187087653 14.927576368429037
13.620982569084019 31.66867684348685 17.279608322718207
12.94173357962805 31.563493240996806 15.53553886435112
13.37567843129397 32.84617153113339 14.915268308543842
11.56082259423525 31.540197439131404 15.657261580704578
15.419660151259198 26.03409763294728 17.141859470369887
10.037052085479228 36.120813252454255 17.228108134444497
9.872420189444554 36.14630159161167 16.15091424131517
15.113177512385594 37.654325238269465 17.214566534726824
24.144735534298412 38.09674147156412 15.442676265176484
24.325342522743842 32.13685635663939 13.371290812986567
23.851927315715198 26.452027378110827 19.265852094701163
23.665933603104907 35.693958302936366 13.361206335046136
23.900707999927924 36.57002103713094 13.94754673788349
20.49066642814327 30.317828412906042 13.394451551691724
17.2239011515461 26.057358728930694 18.366266364944543
24.182401679064697 33.15124950333159 15.985667606961709
23.222872359759155 31.211326368469994 13.63242312498658
22.198456649656194 37.611244595683125 14.91973011753542
23.2377023995865 37.37690741714031 14.742376354176832
22.010404805790042 32.78812249013655 18.847687871136173
16.37500899996907 28.925517939077977 15.955323675338365
17.632842574118282 30.15693143361069 19.760913729042283
17.303608803567773 27.94874386517807 16.488543746603263
17.801574178746193 26.945434975610617 15.504116247322342
21.223193080804098 25.735417561762667 18.512757826097054
18.302466904135578 36.529733687906344 17.624916522185192
20.30346517523512 36.17226903933815 19.49740574111743
17.88971523185083 31.023587249377524 17.057160893595373
19.99894681164684 35.595710982699174 18.636447337103437
18.38613134580311 28.548981224252177 17.35318294498017
21.04627111762689 34.27229862094416 14.1003365744669
20.65501911549147 34.359814236102025 18.35665442924451
19.004954910667895 35.713622969573976 17.707825484452005
21.71909530480796 25.628623960017244 15.803402768804585
22.602450634199336 34.438432928918026 19.016656436733797
20.289944468020852 32.80302173023178 16.929344545127027
19.98462566707785 33.771472659004765 17.297153229033306
18.382275569588792 34.319498157999696 16.20184354636299
19.627388413105376 29.434191689959015 20.014478483293413
19.251594526356786 31.457585622536477 19.58383044794165
18.841995594554646 30.271316399547505 19.293084163599893
21.2837820099757 27.030809427288755 15.466804508812334
18.880318345378313 29.99518734166515 17.436834476349553
19.048389360820146 34.59133734285763 16.910712980536424
20.31314366872052 30.158361716270576 17.116160873997465
23.30929053097923 32.079715023808276 16.311837529871475
21.983895816450918 29.446841823021167 15.328978123608456
23.77349138649494 27.960640104467 16.612848022873372
24.22075252042185 26.537863736639935 16.569440170043055
21.73744008156771 33.793091772179885 19.16959935260866
23.714373073019033 34.5069098092749 16.172238925750197
4.238999466166486 34.54113610257868 22.397470621474078
5.541045696132108 33.00777399905261 22.898310191794614
5.359917535597909 33.93861691934809 22.029297861063434
4.8964525834901 28.93629861710459 20.671637601302567
4.763279146769571 31.72992622830301 20.509402949502967
0.7174758463169969 36.75607675066579 21.195770716965217
3.0197358658084883 29.39931150505592 21.375867066354324
6.416725427957739 34.80701350922009 22.088168980089684
21.52316719277582 34.86152672091174 21.048994156001303
20.491753054290495 33.46777070445583 20.799242653190042
21.493705833424965 33.85886261908068 20.62250063048119
22.060904353834793 33.119007918159866 21.187302241545662
1.229946120832969 38.999455524653584 -3.350001591887881
1.229950761581733 41.83000879039204 -3.350001198947038
2.4590446140957654 41.11953654790132 -3.350000355105769
2.459005393276463 39.70108178998281 -3.350000060833578
3.680994655289471 38.998918224678384 -3.349999939778816
3.680955965558073 41.83052894590724 -3.3499999113561882
4.9100490774027605 41.12005425698223 -3.349999923768443
4.910054044253756 39.70054433929976 -3.3499999221141175
6.140000000072206 38.999489812548674 -3.3499999196510686
6.140000005952193 41.82997736714211 -3.3499999219959484
7.369950926805024 41.1200542654851 -3.3499999175432627
7.369945958675049 39.70054433756664 -3.3499999186673857
1.2299508824323624 43.24999383875953 -3.3499999599936094
1.2299503588537795 46.08868295726864 -3.3499999058019334
2.4590397594709255 45.37941303035444 -3.349999918798879
2.459044351361989 43.96052019033808 -3.349999910478595
3.680955675327001 43.24947362600641 -3.349999910716537
3.68095978237407 46.08919633379091 -3.349999908701439
4.910050064411808 45.37993512839172 -3.3499999022126103
4.9100491024138 43.960000277862534 -3.349999910738959
6.140000009919892 43.250025062651474 -3.349999913505819
6.140000000622447 46.08865188173003 -3.349999893080734
1.2299503630010429 47.50131703044855 -3.34999988336679
1.229950799191029 50.3397480831194 -3.349999922122894
2.4590434708459745 49.62946799604531 -3.349999864547808
2.4590397655652203 48.21058579197478 -3.3499998769041204
3.6809597387254382 47.500803633324836 -3.3500000028266976
3.680956477380496 50.3402669028003 -3.3499998515040175
4.910049261599759 49.629988316562034 -3.349999910640664
4.910050065177758 48.2100637686103 -3.3500003820710758
6.140000021467329 47.50134807052174 -3.349999969891516
6.139999835662707 50.33971680416844 -3.350000527398892
7.36994994434663 45.379935112950506 -3.3499998995292666
7.369950904625823 43.960000279146634 -3.349999934424548
7.369950734599994 49.62998819101119 -3.350000240186537
7.369949927886367 48.210063728577694 -3.3499998948401677
2.544520703719455e-08 49.630019579104335 -3.3500001216204733
4.657030915090318e-09 48.210032017191075 -3.349999890291697
6.787602420495265 50.62844266641865 -0.9394587866617976
8.599005349609628 38.99891819560665 -3.3499998923447505
8.599044048312335 41.83052893315428 -3.349999917761198
9.82095549415019 41.11953655880103 -3.349999860792452
9.820994698380868 39.70108179619928 -3.349999901297779
11.05005406846752 38.99945566567354 -3.349999997649711
11.050049145641987 41.830008593112176 -3.3500003470522843
12.280000057576885 41.12008511656716 -3.350000568570822
12.279999999469286 39.70051016558077 -3.3499999125222866
13.509945920418303 38.999455653039554 -3.3499999540780157
13.509950788533382 41.83000865688546 -3.3499999211950957
14.739044497698686 41.119536558581785 -3.34999986563877
14.739005314119227 39.70108180920467 -3.3499999937736193
15.960994664416184 38.99891821612363 -3.3499999115294687
15.960955956077736 41.830528940873236 -3.349999896454292
8.599044220988015 43.249473597400765 -3.350000339612915
8.599040221211315 46.08919630197165 -3.3499999027542127
9.820960245796828 45.37941302701305 -3.349999921019211
9.820955656793545 43.96052030064142 -3.350000624926831
11.050049012897402 43.249993696457736 -3.3500016801037558
11.050049637140761 46.088682916607944 -3.349999902686871
12.280000002131647 45.379966831786376 -3.3499999006837387
12.28000014716181 43.9599691268065 -3.3500004627079716
13.509950886751415 43.249993782287305 -3.349999917688893
13.50995036869759 46.088682928007934 -3.3499999010676316
8.599040204599449 47.5008036293095 -3.3499999156656224
8.599043553957328 50.3402669040282 -3.3500000982193123
9.820956526656015 49.62946800052296 -3.3499999189193885
9.820960231567677 48.21058577525075 -3.3499999233547104
11.050049637402426 47.50131700204565 -3.3499999323015106
11.05004921614947 50.3397480939502 -3.3499999196606
12.280000005149496 49.63001959409058 -3.3499999178332205
12.280000005205892 48.21003202373845 -3.3499999648235446
13.50995038155102 47.501317008026774 -3.3499999307050334
13.50995078763596 50.3397480910684 -3.349999911752727
14.739039768899834 45.37941302167078 -3.3499998913805262
14.739044348406376 43.96052019741637 -3.349999921221236
15.960955676764446 43.24947363329219 -3.3499998922406427
15.960959790375819 46.089196320079814 -3.349999917652693
14.739043480943371 49.629467984704014 -3.349999899995846
14.739039782926623 48.2105857683711 -3.3499998983588277
15.960959796023563 47.500803629811855 -3.350000027067818
15.96095650547396 50.34026690171688 -3.3499998935585995
17.190049082726194 41.12005425920216 -3.349999907087465
17.190054046816847 39.700544347630064 -3.3499999107508494
18.419999999372056 38.999489835005164 -3.3499999325947902
18.420000006789664 41.829977365399 -3.349999910827685
19.649950920433863 41.12005425353797 -3.3499999542613934
19.649945954612303 39.70054435267776 -3.349999903300401
20.87900533818662 38.99891820891091 -3.3499999107991663
20.87904405236368 41.8305289759755 -3.350000066160479
22.10095552248376 41.11953661665988 -3.3500004431101438
22.100994724709157 39.701081737291275 -3.350000089537104
23.330054083825967 38.99945563502309 -3.349999831958206
23.330049264763176 41.830008674409264 -3.350000100001168
17.19005007468367 45.37993513030756 -3.349999875917229
17.190049107097966 43.96000029312319 -3.349999887166839
18.420000018461824 43.25002507490054 -3.349999887342686
18.419999929196134 46.08865184474138 -3.3500001161335224
19.649949933470776 45.379935015438186 -3.3500001462961815
19.649950924354137 43.96000028287463 -3.349999845837294
20.879044338634863 43.24947365993767 -3.3499998878473147
20.879040314471702 46.089196251585875 -3.350000224395383
17.190049302850426 49.62998827405575 -3.3499998659218013
17.19005008139138 48.210063735472 -3.349999970579862
18.41999993295986 47.50134812043947 -3.350000149398731
18.420000007049023 50.3397168454987 -3.349999871115944
19.649950704776117 49.62998828905644 -3.3499998349997737
19.64994991633033 48.21006382227459 -3.350000119429226
20.879040294247933 47.50080368340983 -3.3500002006000615
20.87904349675278 50.34026689928542 -3.349999909100072
22.100960250029367 45.37941300426158 -3.3499998665889708
22.100955631004556 43.96052020420882 -3.3499998878213635
23.330049122151358 43.24999382015674 -3.349999940936459
23.33004964555444 46.08868292150506 -3.349999854090803
22.10095651677061 49.62946799073143 -3.349999905676536
22.100960231697176 48.21058576958731 -3.3499998751669766
23.330049646374082 47.50131699436949 -3.349999879774183
23.330049215673096 50.33974809284737 -3.3499999078503437
24.55999997382517 39.70051017694256 -3.3499999258229876
0.4240224729905189 48.50051870003173 5.860238035361723
1.7096879830262997 41.157658886565514 5.802266780216217
4.428756354837885 38.648319684608445 0.6398502548419516
4.7884136551443515 47.98987200308204 -0.48260357278912425
3.957073939452748 46.620426576705405 0.8381067755808036
4.280722876070291 47.896730269996894 0.6875651268102911
2.88156172862983 49.11017829500164 1.0149144276897026
1.8397992999817943 48.7352725308792 0.14580633248480357
5.297686755272144 48.00232468960073 1.5658626653517316
2.5877845272231785 48.8582836220347 2.40266563639979
0.5675842328868077 39.06181096031354 3.9841025235362837
5.220331176552512 43.884418932871064 2.1234213066933503
2.2685411167131195 40.201738202647455 2.639318139632997
1.5572463369451528 41.8632189171889 0.44114991016508065
2.038238317034865 40.93519067112046 -0.34151176725647603
5.211025006279442 43.09123734511109 1.3758409670398386
4.517849237206913 44.71538787684875 2.059314056720889
5.28424474077669 43.85154105880898 4.656914951796436
1.1228815898644924 41.060729526676965 1.9884097398392808
0.45663367632630336 42.47115053387031 -0.13267938429879167
2.465656716496158 42.82591506811872 0.570054431938426
6.153709027398627 44.43512186712416 2.0066648696349656
5.006168434173216 43.15307438104284 3.4128468618969587
1.9418199083674188 39.27857140001805 3.807162953847414
5.736381812029698 42.35395225322039 3.285205772580453
2.6083877377823717 46.35214787082106 5.521255036895986
4.012622823060632 42.70734529284152 3.3649647284141135
0.8081414220610321 42.13726906282 2.8744155288001494
7.158098465972089 40.888847352886344 1.1910221622640005
3.7486138673497744 40.67491896563531 5.170689959710325
2.5303324324536414 40.21601970544729 5.303225406733864
7.821271341148731 47.64053887596823 2.761100581663264
3.488813251697258 50.47888032599049 0.6852765268731564
6.953401135189562 39.445667688193375 2.764012677433728
7.8100445074324805 39.95533583582066 1.8430027797293247
6.348347325765358 50.36209296343091 1.5028180859819784
7.826755927705736 47.03733280862724 4.772047674055613
1.0188081807883305 45.27644154817664 5.982519996821116
6.450129695813325 44.39813663856279 5.051153689888142
7.456277146453052 44.23760607977415 4.6929676387704635
7.990174901529459 38.9994135280563 0.990457726257834
0.5299565179745376 46.13484500659945 1.6877309516982386
1.1807272839854894 50.634117681431384 4.008598908852377
7.621285985047847 50.77587089636465 -0.25291918024988647
3.6199069739509064 43.15717335386038 5.94379048075368
4.5042164348313 43.76862922115639 5.841230743621924
8.16164479331421 49.829239877680486 -0.25147947538767035
0.02416908305057367 40.28180608738868 1.4466835487043717
9.744924258123099 50.89311659452825 1.1947972264609508
11.9506682373664 38.77012282439043 4.724694824775834
12.058254939087586 38.37187164427515 -0.7587394185106777
13.546719241604833 50.981927575159816 5.382741314588021
14.600111937796354 39.246045070188586 -0.6062284572052956
10.584804615028485 43.6513114859737 5.348462466848067
8.855629013159112 41.67206409516237 3.5154038272486385
15.155929977473365 41.7151132429471 -0.20375136260132876
8.76933151474798 44.007039304892174 1.3914394778812367
9.385863307374056 43.49848298892945 -0.5929470306638263
12.115366898719236 39.04992164999633 1.309317765687894
14.624191950934568 45.68443497680209 5.016887830401097
8.646559385017678 45.75191851596037 3.34665322759741
8.583092302807083 47.00551457841748 3.6699634802030356
9.794333978551764 43.82891731590567 0.5656180113579479
10.382750612900814 44.96332036146245 0.4430371584637238
10.080600979068615 41.19500706754669 1.2793020796838594
12.932773627946489 39.824266712201386 1.9606838601233734
9.347222999910235 40.72303690316781 2.5876065753093727
14.074406872905751 39.972584905834715 1.3356068916393071
11.792744529541299 49.4667130436545 0.4608960868613332
13.805124819356198 48.999795568721986 0.530869347157521
14.33277747930435 42.38593387226745 5.075754663834325
11.509887421859021 43.06420671423768 2.3570655802379115
10.942976747751473 42.469619887351975 1.1053715543286025
11.031493163134583 46.76019367240154 4.8533090273835535
10.352550472164184 47.72565779871276 3.9895864817305915
11.736225655634946 42.38940979117297 -0.11814311871261918
9.94584339950802 48.9687812145185 4.512801535877262
12.431324429363123 47.54038254468359 -0.11679413411315398
10.90139687090465 47.7029208719109 2.5721127528469956
12.812325431711303 44.59132274551386 3.7463860820293524
13.018973518227526 48.972005265383764 3.216375680121609
12.444418778718957 47.87277097303313 2.4819253020858234
12.602993456397543 48.521196607310436 0.7536859780746041
13.012033988053435 46.53326937249146 2.480124143340671
15.705987290633303 42.489694894454146 5.615607643887549
13.825835837432361 39.27860592959687 0.14599246143512934
9.977516248633755 39.52088769531648 3.110803618115848
15.28133867855745 40.64700782178484 1.7291708853525078
15.88349528379328 41.448456065773186 0.5628271889536973
15.055808085746621 41.342661162508776 2.5374421156513938
15.971066520114656 39.89753284181359 2.1173238956638096
12.607012186389639 38.82267738961386 0.05491877960316138
12.775862211743185 40.19027991615886 2.9645828300802055
15.845774962912976 44.93401786491332 4.726406365331908
15.86923594244221 44.43167901426091 3.37618271387941
16.197019153648064 43.91730883532943 5.813054411544147
15.422913541340943 38.654290610137465 5.276405372513943
10.638872750425824 40.32413913021511 6.20567857731293
15.887016090057287 50.70807421743354 3.9901607334109768
13.551982318900711 50.29796697385565 6.125890152861596
11.215529401171823 38.6504773234029 1.5347877368941332
11.533329690782699 38.35598958034331 5.64253042855103
17.22498664185168 46.87885282968836 5.948674223797255
21.6582493339696 38.58185893068357 4.208001427318599
16.576641869095443 40.97942400175702 -0.13549704375541372
23.921751354528755 39.29245678187475 0.814996733188843
16.973201805024292 49.22269842023905 0.09590762007874121
16.74765071958545 41.65201164008883 4.935201490345261
19.735820458162937 47.85645149196041 0.6990720789581917
16.46949927813496 42.24687479368006 1.018048951967383
22.82420465085088 49.65436541179482 3.693027065569068
21.811623239545305 39.91147143157349 6.00164025781326
20.768881569619154 47.66699020476314 0.9506454488996985
17.041816258360683 46.73509084182886 -0.7272232997663308
23.54546619525172 48.989557143686355 1.729784724308162
17.789468013283333 47.32598671326664 -0.21903148329106892
20.570211758135024 42.65677814938323 0.8626514337034841
21.310961311391974 39.342485409782434 4.891549807934801
22.854015589547544 46.59567292066533 5.298352746077459
18.769406364544853 50.161769744437585 2.2241197066654115
21.88668694436756 43.85899018508717 0.6733588582728955
22.123396611473762 45.57874611155709 2.8343590438952115
21.19563034706095 44.956911172336994 0.01150848247143288
20.20557141367999 42.184596811163715 -0.3316691525140347
24.365312398838142 40.20791837353052 1.206511323501367
22.66334837830419 45.39491603446469 4.637371427717829
24.366820614311436 48.318544288647296 3.462999333763758
17.809307148179876 48.546851309913386 0.19866236897852385
20.394393867764446 50.36598037218734 1.5758089655498142
22.18580848155966 44.200915211410134 2.170271615110626
23.792540781370782 44.6592562177593 4.8093321392503166
19.34926021684878 50.21982990909175 1.3029799086039184
23.36471652919167 39.718141326859026 -0.01963184978361343
19.252706802161505 45.871682724156166 0.30411771592378734
20.24369853295803 40.05032818625423 4.485489645417627
20.87223552213952 41.615351074552436 1.6525391160098701
22.81429324039593 43.13637700828644 -0.08988077101886316
19.04438084655994 46.8525239877298 0.18307759303467397
18.397628313375375 45.80761750212435 4.659247530479657
17.12106270308361 46.20738029601213 4.79736557794147
23.919830049908438 49.444939127617175 2.941298918869001
16.78150083630813 47.100546643025304 3.891754121461326
19.586950470835113 39.87583037131057 3.738273147072576
19.43941814134324 41.94722854838475 5.257179051912344
17.179272526003107 38.52994142627859 0.0080421284437171
20.119801795337363 41.11241978252951 5.338249436802121
18.540381936125314 39.23777539264343 2.3578564596539175
21.730409059344876 44.71831529662319 5.434446188613995
19.01953923563809 48.96083677627125 0.694269414427301
19.456434289098922 43.25256449487747 1.2482776392656014
20.769939794532633 46.04548841946825 3.0637460148529727
23.49737449585591 38.52602251768073 1.4635202875035636
23.031496981988635 46.42940831347731 2.0817551549172277
5.954184413231226 49.558125353287004 12.454401766852744
6.732336606396301 48.58401851790006 10.267687605629693
5.616271410923134 48.770159413308505 11.311778658929718
5.459896303081028 47.089770809907606 12.053772166192308
4.307699483944132 48.93042369319091 10.758442096088448
4.351066080095894 46.837695801663365 12.692566884763302
6.92800739893579 41.86212771709501 8.802518892470081
6.111267274580647 42.845354304093775 9.108094200224917
6.554107935271473 41.61009975121985 7.5364841647015615
6.543813683038585 40.76119507729322 9.496192759919458
5.600947760824843 46.137451075748565 11.205611680534393
7.189100605350294 49.69539393789163 9.306304306072429
6.440954876778532 46.980076182312665 12.964672958339087
6.968952528332704 45.45285291247311 6.841104862883796
6.272345268985956 44.99668763622895 6.269482988969772
6.937429265067255 48.368209079954504 6.910104967939919
2.446912910080897 49.89510759160311 9.661516778152567
1.94765302273142 48.503622489612205 7.779025071947747
2.4190463785933844 45.549792452332696 7.440229112640649
4.67718562324823 44.906160758100434 7.760129083708138
0.8840786993464729 47.85739598979992 7.07840537993322
5.011144491414195 44.598172361718916 6.780325724886088
6.405779809276002 49.33370923284588 7.62571566408235
6.397064301196191 50.37122904162587 6.885724327184683
5.136839031891029 48.984845964664 7.773087260028487
7.677685576796205 40.13988666755558 12.76527898687363
2.6768905067890247 39.394418324494644 6.330890487459717
0.15258701682956688 48.65784868957619 9.8794068773888
1.7388824338708384 46.23199793462914 6.531290904810001
6.63302674892572 50.977302558749045 9.621251360394309
8.606136003051429 49.598059752203866 9.018697109462273
8.900444292311088 42.687087759719695 10.339485740236396
8.706864338421576 42.0617984649219 9.008964751058814
9.167517157652576 49.363826399640125 12.654260145247315
14.443435219996214 41.106928546647936 7.59310855762668
9.270890111544322 40.757034882717825 8.730230753498184
9.016740517499576 43.14700914732825 7.939494610507399
10.420183476317664 43.67593240358069 11.912434803715305
9.514320417505598 45.44357291741295 7.5254767944004906
10.156608671508957 44.20532855535479 7.906749721663974
15.52482487439804 42.77388254021356 8.32261582047392
13.630774011933045 47.13763350137675 9.346095450892452
13.113806273294182 48.19018223118385 10.657474455153173
12.185049261596076 46.82446962319643 10.244391027189842
11.33606810856985 47.88318163018817 8.304569784225375
12.765084966648383 47.62827717324726 9.791012594471782
11.993102661490703 48.5620001563062 8.848270993806658
12.878164940644698 49.213790644219046 7.89191232574641
11.379966199129006 49.36866028575522 9.250095725197365
14.213253788098536 49.50346889543364 8.058761963499784
10.912251603594697 44.22834361954816 9.172784607632048
15.579962165400122 41.790748674439456 7.413652102836529
14.733016744998341 46.03333134823484 11.946912668166613
15.272852369487794 44.84621483627795 12.107080322518437
15.483447659517381 44.44928809616086 10.848094138966623
13.43282738698492 43.04876873461021 12.425244513918233
14.75491340250722 49.341424969900324 8.978950329013264
13.612358087489765 39.40733357257663 11.443691851313373
11.23321815091707 43.70633722700236 6.568975616106919
15.550337081339823 49.38596004837528 11.450137114484184
10.986072840163859 39.87562373351274 11.455850895853706
11.251297668470235 39.00538046145573 10.873843647134885
13.911183058167289 38.620581821781656 12.136386098202571
13.482826767008225 40.324978714045834 12.017494109637138
12.45605371178517 49.90014974783037 6.809408818119465
11.779551738722997 42.50226952026033 6.728469742972166
14.637013237759739 50.05083355044298 6.895663284622015
14.913000103540034 39.59392139766589 10.749736285544508
12.571014324740135 38.727278783178406 10.723670706211495
14.679747191104946 40.22218516845612 9.890098156188555
15.675105781355295 40.08574406405117 11.354224003124433
15.545569085317561 50.558464622839104 6.60715511161782
15.31952119476877 38.74350435555455 10.202350263732644
11.00404988333814 39.39584184022395 6.6450073869004935
11.633716831885014 45.21910340389531 13.32822396804307
11.804926401693772 39.61501010887602 7.351167476852558
14.352983124185185 43.715728575176854 13.325176920836546
9.25731625333645 38.64600705688014 13.078086665948973
10.141620728343849 39.00243448410146 7.183102735961291
12.144822823118393 44.646665517183266 6.312058364647148
11.447867339968719 49.87569251522648 6.422934907754253
16.391426750368215 49.84513743237932 12.406363765234989
21.34984707071339 49.880854532671634 6.419450050391557
22.654837508425327 39.550744080218784 6.571960759569415
16.58303476866147 40.99159928472648 7.847787960069051
18.26404874829453 50.921295624390844 10.782884435442245
19.111096894332494 49.789006124725134 7.376923621109621
20.95751498900896 40.93313416225303 8.355240138054945
17.6316907273054 48.73709115229178 8.277061129200199
22.54468614508502 50.57600239280928 12.371580900998248
22.95806759397654 49.704008616769634 7.901457815548132
17.97948264592907 41.09713734899759 11.98198018992718
24.123819174151105 41.22201760909139 11.41061631544975
19.611217141995354 42.912025436676025 8.902905295415174
19.295993724360365 41.02268222922373 12.248302879933984
19.842220775532365 43.660990236981746 11.79074359037134
22.599766041246394 43.82775392431232 10.30983969138534
18.565266529921985 49.555261138117906 8.526619222838027
21.40367156746012 45.158167152038445 9.28311457396015
21.90734005973922 44.920505932338195 10.491788826455831
19.87281200630605 40.80871782938069 11.099396315322057
19.493224572652633 48.99896844023867 9.273296315263089
19.688487993126074 42.46426022215604 7.912130079654557
18.70614562641376 42.00434613375197 7.804508028001036
22.864404813887237 45.880599500274066 10.544758385943195
20.598485911535708 44.97377910741112 11.765642792006396
19.867795219467705 42.5883522229163 12.979877376246124
19.74410759202268 46.163007666626 11.529860962689991
22.671324725622146 48.90319286360118 8.56694459724508
19.527551755809583 43.30439209708199 7.236572561738716
20.960108308286284 41.6883441237192 7.569268644401651
21.79133156625149 42.36667928132394 7.761698656112356
21.51680316375888 45.07041263745721 12.870423336881462
20.936756137483457 40.953175718490776 6.339401517284415
22.2746460785289 50.24379619988718 6.843030197668511
16.521015468441853 45.161029282028 12.55230903469873
24.471562179388737 49.05728570895074 10.526567081343007
24.12684803721079 50.46051914366055 8.012570686316362
19.642787754778524 40.04443840277374 13.078033266125395
17.21098884740495 48.842728043617235 12.812839554635055
5.484454022513923 42.30590397521951 13.361622410067653
5.0983642366833175 44.208751711693814 14.370431585166216
2.88664295086851 43.36330538767637 14.53216549916219
1.3990658473912998 44.227745770990005 14.910051412877113
2.6672713662003114 44.625666143586876 15.826160998917555
2.265393385555478 43.732232860959954 15.348279153527676
5.836929074258076 43.07892052502004 14.454712500515178
6.430854654854101 38.58503168139989 17.523925529800266
0.6475613915990256 41.20532394118534 14.88984899573734
2.9951908214782303 42.29804072895472 16.899119702537202
7.767981484662741 38.730558172447495 14.34157845108204
1.6026109387872631 43.334873878001055 17.196258516687813
2.0663142316520164 42.670443073462906 16.467141953574462
7.641405998945895 43.21741008784575 14.664368519471884
0.986485058540888 41.782086551380495 16.08939242842918
5.293844412042038 42.38902111222634 15.477210308682478
7.802345089496035 44.19604070444237 15.80314958266997
4.21622340414605 48.91244662749102 16.1807823700148
5.354592143715775 46.93334761696135 16.58383494074013
4.699348232233269 48.023431273321656 17.177714088630417
7.314107607946112 45.5490290683885 17.61329037298912
6.75317098201757 43.42949967642258 18.5563976421611
3.179770779917734 47.313099523462064 18.103649665127797
5.720024317618903 41.15000482638294 18.439630737031205
6.572422596916262 42.079326315807606 19.177320414224543
2.776348414879798 48.15140644461198 19.02152433716802
7.903610026898753 41.45538222239159 19.720566861015804
2.105777255086661 46.96970678121876 17.421764590090444
5.661368251149329 48.67674280949745 18.317128043165525
3.5491634933764664 46.20764587136882 18.734745077643346
7.126734385826827 49.20131474560871 18.059610895131634
8.041792684241052 48.151593877299106 18.339813274033315
7.241799620188933 49.92716690029617 16.826387674068624
7.399481918437682 50.47767313007237 19.429369836518394
0.10495389405446393 41.30775585204826 16.980830077352227
5.401587373570437 50.74351541578219 15.055518190506824
6.176672232183761 39.558132319129754 17.616480620172375
0.39558743752568215 38.498585351119175 20.271873254961335
1.5096822718960166 50.170452300084015 14.036244044777348
1.2125653047353673 41.46291029637653 14.006208883800133
8.15160405966769 43.67775624913742 13.354072035479053
0.4562721882415355 41.39841165565359 17.998060130683168
8.11842463639619 41.80643145470693 15.054120622424518
15.004550518274241 43.974387491729324 20.340840421646032
8.324921977376654 50.7629693486172 14.079690090269194
9.39036137827706 50.52128287712212 13.346793457533456
10.094731690008288 41.42897514122079 13.4708167549243
8.492429425451853 39.559322820836286 13.666543851851854
8.511215137662651 38.851410147963335 17.787848587523296
10.428536484685138 50.25500871611144 14.155686270259665
15.398224070916559 42.84172544874853 13.874392921634291
15.555154165289087 50.06990162768598 13.423652477049325
11.681161039261088 50.398450711483534 18.257515533871956
9.527729763038355 42.94876656972957 18.60298484986687
9.31962826705433 41.89802283257718 19.490038413819907
9.287840576816022 40.8897523910796 14.532521453761664
10.17324442133914 40.793261822239934 19.060278137695
13.763244533505175 44.67220892998547 14.431079346680399
14.7279724840574 50.89611462970339 18.592316304366918
13.838430875076073 50.502325634992815 16.637922287158766
12.844531693269099 47.27125911080501 15.553017862650828
9.95415114527899 40.29307594380398 15.624078725463168
10.757538668817933 46.837981519649496 15.642791456734637
12.009916902398942 46.286489990501416 15.708838981835695
12.24346556347066 44.82782733077398 14.534195427399531
12.112097185384414 45.91444245656127 16.902792553135544
11.59718237161968 43.77014819617954 15.17015597485943
10.970686034562199 42.164721093571664 16.889605820148013
12.883669148199717 42.5318844427517 18.570131336360838
13.18795453062983 40.83644803359551 16.055397503790854
14.310320851496153 42.293317535366036 18.43168177091407
14.413124500754858 40.28582221055774 16.612924263787956
14.523583310088148 40.81291787892123 18.03429095178636
15.083624575234927 42.67634752650021 20.129431639510827
15.654590396297618 40.36654636801097 15.806005460141456
13.745530415084257 49.60268769181107 16.029546518427022
14.33013129990552 50.11828025030128 17.94055248924985
15.094191114431041 49.35610938401865 17.787555200045723
13.483693002561502 49.47069514700602 18.169191381301648
15.136794099433917 43.02965365422296 17.451823595765955
14.134474346310785 38.40784216917203 16.73187732021819
16.369471095523743 42.387019523449986 20.07810494708533
24.373863292273178 45.31687725374136 19.26328325939877
20.296489655293176 38.37113155609639 17.570590048137024
21.07223969995879 42.265454635283774 13.592075606328454
18.980997838012073 46.84805814221813 13.648918923118602
24.212801715418408 43.069197093542634 17.50829520131444
24.529661489328813 40.141455245496594 17.372273136777288
18.748049959871256 42.88822384840429 13.89554668443001
24.369554822115322 43.47595785455924 20.406853399726934
23.972877435856088 38.83789017198212 16.10695286217628
20.379184060601027 41.08257920349492 17.081446197591
22.165905036976433 47.09309970843715 16.30686854427538
19.918754703247412 39.619041551359466 19.143194327444185
21.15351621001028 47.230549259504166 15.956759298547503
24.457196315705637 48.6668671088508 18.446468526031698
20.547678975665537 48.94354835831833 17.59236562513555
23.526185446805698 47.749226842532224 18.268596370974752
20.681222913788936 45.9540595538264 18.693034437010454
21.952557713056713 39.440194662768114 18.59194715185206
18.46421759339109 49.233216297723 18.08544490422717
18.200273624080765 48.54446635032914 15.852392427474289
19.3933465669381 50.54506169489806 18.527262892347185
19.43955427234179 47.14183064567601 14.581562323747539
20.710774515055387 39.499647742468575 18.128200479722302
21.205544309432593 44.21292434230483 19.820429265993557
19.048069103674663 44.911568413511716 19.66098753681328
19.1001125205853 40.79601496822056 16.454213413597284
19.472252819212233 49.06504263919634 19.51918356425943
20.210277745034862 44.76123361957711 19.02070542698558
20.273345775576917 42.2800198687418 17.992227007896087
21.480047617540897 41.13874360562349 16.146735266318238
21.186171768589105 48.35505055162782 18.251226221544727
19.984284568226144 43.732204347702584 17.4991012660008
17.03704581303951 42.43589452720099 15.455270035754316
19.060642874128476 47.92482399103403 15.646946327394794
20.742091459974063 46.834191028203826 14.809528126880275
23.009566741375032 42.961835452739905 15.469774247427972
18.575227533368533 43.817025877372856 17.179204773468058
20.997885192681295 44.099563289991586 16.506822070480926
21.34465239226802 46.28068105182445 14.217373561939194
19.446270720042467 49.456633849722046 18.502285705851317
21.138373296485817 49.77772241688341 17.213771039824216
20.203891052322145 48.00641538688971 16.47591612783679
23.75820178856508 49.85353789813288 18.673182064240912
24.5455696632163 41.72784244575229 14.217099257953262
4.685236477815135 43.405525669019454 20.624929908771893
5.591683483394983 42.45484116432058 20.787473959438206
4.956150021136395 41.445613427549475 21.235752860674154
7.624926051817323 49.9229789251765 20.639053322617066
6.3014950991253 42.85501832190488 21.790888094625448
9.47580999544377 43.53695492089755 21.683963097018285
11.3751517575477 42.98198079391175 20.921726776896197
14.470820328010317 41.935203553344635 21.133693876967296
10.190082782574063 41.533399915687234 22.04654428863627
10.1111849690906 42.53490195912941 21.086917690855774
25.789950671636774 0.7102494567047373 -3.349999919482035
25.78994595701965 3.540544396218075 -3.349999918311841
27.019005324249 2.838919418200816 -3.349999863359967
27.019043638488732 1.4204752437288746 -3.3499998732983585
25.789950914084116 4.960054250020982 -3.3499998921294005
25.789950892694243 7.800000279569001 -3.3500000448312073
27.019044267479213 7.089473597653739 -3.3500002971439025
27.019044026444416 5.670528929796115 -3.349999962544138
28.240956764935213 0.7097305189010309 -3.3499999868753996
28.240994676758252 3.5410818269624857 -3.3499998689476476
29.470054054238656 2.8394568028934577 -3.3499999016263713
29.470049258351924 1.4199571782504672 -3.350000010447085
30.699999940429155 0.710280819870627 -3.350000593846434
30.70000001228032 3.5405102116209326 -3.349999868898802
31.929945950519414 2.8394568135228964 -3.3499998399817565
31.929950743336875 1.4199572439229826 -3.3500000915359704
28.240955474337717 4.959536564510432 -3.349999905089429
28.240955716922397 7.800520219366539 -3.3500003140176196
29.47004913135888 7.089993811068009 -3.3499998796001096
29.470049235987254 5.670008659787581 -3.3499998753078133
30.700000019596683 4.960085198884057 -3.349999858553492
30.700000010637567 7.799969074251033 -3.3499998798012287
31.929950884379853 7.089993802432194 -3.3499999335563535
31.929950786038166 5.670008655024773 -3.349999851648043
25.78994990722187 9.219935105424296 -3.3500000164337953
25.789949956326787 12.05006485856039 -3.349999901223737
27.019040215992064 11.340803685134302 -3.349999919313454
27.01904020888612 9.929196375460869 -3.35000030457274
28.24096026835878 9.219412986284135 -3.350000185040546
28.240960154114347 12.050587006259885 -3.350000214783131
29.470049812542896 11.341317205695148 -3.350001124589679
29.470049763191163 9.928682740077472 -3.3500006436786034
30.700000033740764 9.2199668289951 -3.349999878286569
30.700000106935885 12.050033115309603 -3.3500000340521963
31.929950388839465 11.341317054801435 -3.3499997959351777
31.929950384311663 9.928682961358376 -3.3499998418821777
24.560000006770306 11.341348101252189 -3.3499999102132483
24.560000006435104 5.669977357768195 -3.349999889997606
24.560000002247694 9.928651863420972 -3.3499998881947626
24.5600000010584 2.839490960986903 -3.350000020449213
24.560000002525115 7.090025053597277 -3.3499999336486272
33.1590432174361 0.7097305314104073 -3.350000078858464
33.15900532048259 3.541081846596507 -3.3499998251707375
34.38099466334112 2.8389194320755076 -3.349999835160824
34.38095636371528 1.4204752666674831 -3.349999917187737
33.15904452137483 4.959536564177574 -3.349999846126006
33.15904434263275 7.800520198449774 -3.350000294540263
34.380955721883204 7.089473637951468 -3.3500000113078054
34.38095597721421 5.67052894055083 -3.349999926093128
35.61004931518981 0.7102494793940622 -3.350000068913203
35.61005404298746 3.5405444018065717 -3.349999859016164
36.83999999300622 2.83949098880331 -3.34999987629395
36.83999999688728 1.4199261602614275 -3.3499999189866356
38.06995066006364 0.7102494611625217 -3.3499998974156666
38.0699459389419 3.540544410543526 -3.3499998694912314
39.299005329335394 2.8389194351631706 -3.3499998928274852
39.29904362671394 1.4204752514743357 -3.349999893191108
40.52095678243465 0.7097305134948337 -3.349999898695536
40.52099468734707 3.5410818582422308 -3.349999869560328
35.61004908054676 4.960054275852606 -3.3499998544590492
35.61004909475176 7.80000028279244 -3.349999867265238
36.83999995758094 7.090025028595142 -3.350000044633089
36.84000000406528 5.669977374040261 -3.3499998381816685
38.06995091791904 4.960054289520087 -3.3499998354993443
38.069950903378476 7.8000002422943595 -3.350000863574807
39.29904433627837 7.0894736065777515 -3.350000207219459
39.29904402164559 5.67052895844485 -3.349999858524634
40.5209554812008 4.95953658831474 -3.3499998397307538
40.52095563646603 7.800520253498486 -3.350000055575868
33.15903974501253 9.219413077203663 -3.3500000515590154
33.15903974248151 12.050586952753784 -3.349999841327571
34.380959713245815 11.340803669068984 -3.3500002262606046
34.38095977175169 9.929196321122044 -3.3499999368478104
35.61005003773798 9.21993511301162 -3.3499998932378396
35.61005007944514 12.05006488546819 -3.3500000063408084
36.83999999707883 11.341348106545205 -3.3499998577133816
36.83999999645402 9.92865190064677 -3.350000036797974
38.06994996301636 9.219935177645777 -3.3500001331222187
38.069949924905856 12.050064852364466 -3.349999873974946
39.29904018293148 11.340803696085242 -3.3500003448131355
39.29904021515676 9.929196244365988 -3.350000059738445
40.52096021161619 9.219412985956408 -3.349999900989702
40.520960235874966 12.050586969808034 -3.3499999945094894
41.750054046717324 2.8394568312224187 -3.349999920371406
41.75004928215935 1.4199571745080113 -3.3499999005135725
41.750049136206584 7.089993824865679 -3.3500000930714102
41.75004923512571 5.670008656432046 -3.3499998760653127
42.980000005879496 0.7102807237881739 -3.3499999464085564
42.98000000028655 3.540510248925981 -3.349999919284181
44.20994594503892 2.8394568175499044 -3.349999884060817
44.20995073058321 1.419957166318707 -3.3499998778451303
45.43904322111121 0.7097304970340143 -3.349999857373578
45.43900530941733 3.5410818474046053 -3.349999871072742
46.66099466007816 2.8389194145359693 -3.3499999043298345
46.66095636642526 1.420475228265741 -3.3499998741507744
47.89004932411434 0.7102494425557789 -3.349999896474279
47.89005404426939 3.5405443940501224 -3.3499999058288097
42.979999997032266 4.960085220874264 -3.3499998308066403
42.98000001052063 7.79996907834918 -3.3499998611346147
44.209950878546685 7.089993822840279 -3.3499999060425556
44.20995076188382 5.670008677479612 -3.349999826571909
45.43904450782055 4.95953659303611 -3.349999841069
45.43904426069415 7.800520210870719 -3.3500000636918816
46.66095559635657 7.089473436941689 -3.3500006971148744
46.66095595418924 5.670528955717909 -3.349999848452163
47.890049062693414 4.96005428563146 -3.349999885741396
47.890049318346996 7.800000203887115 -3.350000812931744
41.75004964229008 11.341317113505374 -3.350000436856464
41.75004964217517 9.928682827234047 -3.3500003431771743
42.980000020517195 9.21996680887759 -3.349999841318266
42.98000001833151 12.050033126905246 -3.3499998972872302
44.20995037005475 11.341317020393792 -3.349999876599724
44.20995037053479 9.928682908462536 -3.3499998378446962
45.43903973345802 9.21941302203824 -3.3499998888605917
45.43903975309322 12.050586942089895 -3.3499999590043963
46.66095980513841 11.340803663222449 -3.3500002882950386
46.66095978250156 9.929196311118734 -3.3500000674763974
47.890050123256025 9.21993523665002 -3.3500001919910085
47.89005007619647 12.050064840077667 -3.3499999602433093
49.11999996779004 5.669977382847666 -3.349999904256661
49.119999969937076 9.92865189166416 -3.3499998689927746
49.11999999005859 11.34134809754162 -3.3499998601762604
49.11999999372322 2.839490967564768 -3.3499999354227636
49.11999997963715 7.090025070907021 -3.3499998758023066
31.901799702505475 4.973480089712782 6.146782180543264
30.982966860881984 4.534799699719026 0.08235219937164473
29.02644901906789 10.752207604546026 -0.736636242308687
26.7332675261383 3.3281855748159823 0.3576081395830144
26.902153273035474 11.608908082020793 3.114857085999383
27.861612170740027 12.177703345452917 0.3557225215366988
25.976076337333286 6.403705117564085 -0.3213832449050158
26.326270892287173 6.151898152529374 2.665140713419638
24.674903168733188 3.2653145947834563 -0.29216103673064375
29.227106338730753 3.976370647886824 4.723294170077644
30.13128085475688 11.304864765778515 1.5195918569791367
29.536643116322985 10.08790692800213 2.0326932237338315
28.59521180862472 7.196886714366948 2.1069918614307745
27.15253721824435 7.125946536139334 1.9876193022182853
27.872674208833875 5.5103782928270935 -0.014971906044988215
27.151512822028643 6.611386417990418 0.2142274518166687
25.560001861429164 2.6956236434164866 0.49570410389874753
25.931497740448997 9.115214025280311 3.406994456478052
26.428403806943827 8.59657634143571 2.094571693773232
25.18909341236638 2.4813975259132905 2.3212146752797533
29.096553710372806 11.839258856970998 0.08631703945973679
27.639826791469062 7.5911252574582395 -0.5222170505249912
25.72235788515075 10.989421505489041 3.2733938856127853
26.45755679507072 2.49305533441321 3.0150353455812215
29.561902029784317 8.549563701639237 3.992326709061947
28.494559358270756 1.6264239826906735 4.507929416441831
29.901647960801757 12.468107439506422 2.3482328868810862
30.361868927161627 7.722456351474801 0.5595589938698697
25.32319349064672 11.61895899827497 4.412945816372506
24.650051351457655 8.629241932664991 3.7049080482926158
31.39948452131288 7.533950869257694 0.326708050332134
31.711605450426376 11.149579864085448 1.0928035214103793
26.96577075530709 8.919380138979832 4.381845773102006
32.13338453600441 6.46750829862283 0.2744523022788159
31.73997844995584 5.023770353500562 0.695492603168667
32.61633187684578 3.0803402641256277 1.1324871793806313
31.391376932024823 5.011327635459373 1.7281697846049626
29.156470898802517 6.370136027902069 5.1373718442343765
32.30893035215768 1.0023334217649111 2.4196061830384963
29.7831909444099 1.358011335780803 0.11653066766781461
32.72402753138216 10.285791249044799 5.874068938324772
31.553912710251414 10.022912589467294 5.048341836574352
24.922790189209287 11.378153519710098 2.2991414802206025
31.687486504900818 9.537379306583652 -0.10429888525539055
25.688612122071156 1.534985546001275 -0.1215629383325223
32.02973732460526 8.587256360912708 -0.0891079498288716
29.214323750945272 5.075312687478166 5.715475519828455
29.871749181021023 0.37126172135155755 2.838171169359489
25.914929732466984 5.2048545313578645 5.702206318365794
32.63918527682388 2.065427263859746 5.581214550061537
30.579595556074278 0.21881140661948825 0.33617035191901623
31.569040358678063 0.3766628552682289 -0.565040193015619
26.725331658322116 2.9178329868762303 6.087324759677026
31.100166630588788 0.01030769953072016 2.1046104546315183
33.62980609365319 4.126105859887169 -0.025799671991629802
32.78036727463156 7.395367751573451 4.30961607485585
32.97748137183127 4.0679218002910735 0.8455137459878015
32.7524095352561 12.275169246067673 1.3163998083286488
33.358012352822406 11.5862608711301 5.74602468884371
38.63740706084154 8.139316225090923 -0.5050800236814568
33.569364992116476 0.7235026863227016 3.4158763787817925
37.49606174495862 10.841420295135325 5.353665365863259
39.3176292215774 1.6018326489820163 4.855594611687151
39.784689647476725 0.3485371085283201 4.538918065691345
34.071114010817254 8.882538598362418 -0.7352110208764917
33.692988140278175 4.308444878770925 1.6318334729418493
33.48474504732658 3.495961572029206 4.136742080584916
34.25612680292664 6.098056752248606 -0.04821697720938989
33.98483153066759 8.026586632901319 4.831820018157313
33.810117983767675 9.131731647324303 5.941894667519186
33.33115924183515 8.140249767425725 -0.4746841867928142
33.46362743737184 6.822399424351965 -0.16514622414558477
34.71793183840162 0.8440674151778024 2.677625403678805
35.011275635798526 8.266503618797934 3.939779116705502
35.803362995945164 10.813265234834123 4.021881977991634
33.564119177072435 2.2024159408454977 4.652581573884072
36.98255280653066 7.436592079158572 0.6025185824994661
36.92043910394747 9.333206834445429 -0.3725992289539004
39.89663379752367 2.9282079355018995 3.5940491319196797
39.11606441610943 2.711984546338687 2.3050887038103154
37.586313212059636 9.39170553536848 2.7995197597563326
38.545137260984525 9.246619134274253 1.7974425819188655
39.143720487275786 10.514822022523687 1.2579011458490086
37.684648339464836 8.498348160601816 0.32688416611748594
39.58272678242493 8.349353925731023 2.141184605339875
36.15311192027848 3.373834304045153 1.9078530030829888
37.001479688563556 2.106094303681578 0.25402816488996893
36.999484303693336 3.36649464753046 0.8288383635726082
38.645723976030936 3.7527349706093904 1.2830308923542322
38.64033793332419 5.043379483425504 1.824472587146343
36.40488902527874 4.166203928246814 0.009594985164890213
36.469694282354205 11.407647328693711 4.629428308031333
34.79182682167811 11.35871371773123 -0.4753478789315213
34.72522541511049 2.2731614528781927 5.278290891591192
39.48025255707049 3.6988797522907273 0.1256251324105695
39.82487152444355 6.452641039401591 3.6560982968093048
35.0777878008048 5.630068210286746 5.097535673884837
39.65885400201482 4.214975078264185 4.233367934138399
34.772874534991445 10.637596341064318 1.5825749154926183
34.52461378617541 11.610140078151806 0.7980631149049189
40.266105535779225 11.270570460087272 2.0186159355703803
39.84016833005144 7.89229086095786 5.646620109257513
34.770451851434856 6.708592040847973 5.85055598707979
39.39657032679917 0.4529796462164737 1.3797437786732503
38.014860627740404 1.3597987693641176 4.845083950621454
37.66811226603457 9.853630317457938 5.475195519168437
35.51468263229331 12.481514179111276 1.0516809989334552
38.3370755291606 11.78652552369381 5.735522644581836
40.52332787489526 6.549730410803235 -0.3717933659302808
39.66736570547242 1.8341502847830649 6.135033604716734
39.95977064319631 11.449141096753419 3.416930008533241
33.133507550917656 12.53183668421175 2.7149770609228128
36.72230986584062 12.733864381314863 4.651156878473749
39.291567818002925 11.634708258343935 6.2174935860781355
41.09635598935452 9.21514631920257 -0.5288601789281078
44.28413000455304 0.3568327818642657 5.914061614252595
43.89007879290308 2.824901247222938 6.031236866984009
44.47546784657983 3.6893738611869824 5.718016887466454
41.226655716095614 2.4978290879254623 3.3059853579653717
48.62730678819361 1.7413365978158366 -0.1625701423682746
43.59210188455185 0.8472710532442572 1.8602954286432416
44.23982055981004 1.6623037048916243 5.233040082678912
42.67214142257705 6.460137030937422 0.3028158477584908
42.327190411430706 4.9664205768698215 1.5931205877562304
41.72731319778474 8.381453061600457 -0.2582154798897518
43.56565667140558 7.408698988678293 0.45037137508393665
43.534656697101255 9.45578717980926 0.25729191095524073
48.72808402827617 7.297290441870165 2.559793636820392
48.19458538330613 2.8461620378841586 1.6333396947965673
48.84373432389179 1.3888089299178725 5.618061438573701
44.57689933694814 7.299981659701168 0.8136464962069823
43.59586489448347 1.5984371322230992 4.355918561848773
46.242628456154165 1.203516691340303 2.6337707863391326
45.10589425733144 10.41860197167374 -0.03321933435773472
48.93163702312102 6.274280437796943 0.6324422199451152
45.24158229879497 11.851539211964806 5.499042522980055
46.98725222412223 6.499453928027453 1.5701162951039682
41.4760131442878 10.62746357264851 1.6224887113204323
42.531683772753496 4.5114353476111395 -0.09618817309130168
42.961937535829286 5.0965315057772225 0.7166120395399356
44.62063367677029 5.136784208645767 2.081529807173401
42.15688342609786 6.621671760985588 4.360601328765817
46.34393373110442 10.782158257983713 0.6383924723535395
42.91737198692634 6.9774838570332784 5.516741659272637
46.73567632401522 12.730434961247026 2.56907586935632
44.384015895264 4.678610353112884 1.1212232186860593
43.301076271330246 0.1378049844828225 -0.1640509599521689
48.20465724778632 7.0455400205409955 1.3770345173257947
43.00096348222976 8.59927044363634 0.21666393379307647
45.079573930751835 4.9906216316359195 0.3421545555610561
47.27680298550917 11.576746738789106 -0.14413308363047217
41.45778428374134 7.045904467606353 -0.15499270810215737
45.27400389402139 1.6311020858566856 4.890124217622562
47.01826937628614 8.204140963898638 -0.6045971185881971
44.8941360989083 8.881214371325612 5.755880882127361
47.07718323458817 9.681819804004745 1.3575667035847105
45.22521120351812 7.367821081230186 4.333290696353245
47.84766685792938 8.65832573753647 0.39649110771549756
45.7928407065144 11.95274253838248 2.0184603484886665
47.97725966289162 10.561585071173873 4.485439504355899
44.26301175222225 8.161180306497371 4.855616357108796
46.66219657546218 2.7568920265084293 0.10829832932442551
47.641484463392906 2.0400441227569557 0.7249149393727505
43.62226546100123 8.973387584478404 3.9551438625233484
46.98859323026946 0.6396550347125015 1.5623980852048958
45.23191867810612 11.280326931324336 2.9940615541941806
44.37353363744761 3.5958235205928104 0.9964722765089407
42.81019119470483 2.9241453830209148 6.141206757319621
43.84529749152094 6.047230491226142 6.073379146347485
27.012123883792224 7.802310514210811 11.21200877746827
26.26885014386102 6.900194213718558 12.046203381324334
26.5956548338451 8.808643077043968 11.167869181123066
26.940540795816656 7.3680364196756365 10.214821797665525
28.909925958166482 7.123674247153888 12.324740861362933
28.507539972603748 7.935074950635327 11.718263807084487
29.15427321250974 8.013663793907165 10.844387437021373
31.224785387665257 10.987406806987197 11.297766627638062
28.527197499135315 8.772090514682906 12.416202577486771
30.598138471759523 10.119080969977018 11.094238045854272
25.152041195210536 10.619152476884354 7.933909215864494
25.62409621996437 4.128814593655642 7.982944047890799
30.89115513095469 4.135335738212358 7.669323866605188
28.093524662452033 4.902931269107176 6.7505774478014215
26.298347188048645 3.7089241637658508 9.041277511826767
30.948489499395656 6.28302272538669 7.390798623415245
29.41276122394226 3.0375287002465856 12.177256430272779
26.064721722208677 10.976601233873454 8.814905583856122
25.79663975886674 10.379213623816042 6.809751915925574
31.951761009237476 11.17702967369171 10.50805173345931
31.11284976552229 11.313494634743073 7.665209551439025
28.763808887765116 4.07172726693857 11.641683269176573
32.032144900771364 10.344130968767518 7.590447192599347
25.101790607946327 1.0704466107541486 12.992698172135382
30.72442083887963 3.1892697706213764 11.798457968349945
30.795322585536763 5.121490532680836 6.791457200933625
24.829983026923568 5.232424817154297 8.354147417846834
31.68158994940445 10.784622827131523 12.7506977826659
28.996611052928753 1.9238701447153035 11.56593555739895
26.71831232423937 4.337115362682498 6.448110316465506
31.496908710212 9.217530104813779 8.006530486693261
25.593458810874584 5.45389052484209 10.631945529932418
31.963958508068036 9.731908498556363 12.738027258348849
25.439434509019893 0.15320563001887347 9.520094986592039
30.869937619037103 0.4197116415226837 9.076053529546467
24.766832269872523 3.1590318752387323 7.701361811111646
29.75614344721859 0.607452405241935 6.37045898187215
25.593911575543565 5.752910040647002 11.669725431450336
32.46286793264984 3.482499419999012 9.969881789426152
24.826650837311465 8.166711531690288 8.768305277984997
25.136399350159138 5.124867634021367 12.722292010592868
25.03789363146511 0.940019141919121 6.820191840607177
30.600920639040346 11.874818686899783 11.191028954806587
24.59162572725563 4.294310632841327 12.539270789335433
33.18891171545749 1.7156623203069792 8.482490699097387
33.83489039074419 1.3732730692645247 9.277400223379876
33.81589925682764 12.065272205524336 12.707701301225077
33.896338355645995 12.297174115396615 11.655964140377286
32.988436119801335 10.530788027369374 8.473795628115388
35.47318280641031 3.8121305786957373 10.098725230642412
34.41350453957703 3.6969362751622485 11.501011017059035
32.94765883286599 5.072877769887302 10.186310989551666
33.45175973775534 4.264840339444374 8.70551009587392
33.317277367415464 4.131836531841967 9.778973872276548
35.669665511166066 6.70881021199579 11.316800164738229
38.81273624081742 8.259498816807353 12.341520620777752
39.022183190315076 7.200600377084209 12.305938748190817
39.238733917495935 6.428957402104211 11.272860370548836
36.39028676432411 8.88700132138165 12.972380464694677
35.301584674815906 6.673180199007844 12.578940211454736
36.600581707168 11.478306781407962 11.071194094865595
38.75818663031952 8.593033114065394 7.979907763405455
36.178224747476506 5.809973242206599 13.111042148435253
39.48866817848704 5.2270640230271495 13.079487925319746
39.4751755925551 5.126222212827575 11.753140768851985
39.306063941313944 6.6939261235805105 10.228035866540719
40.02484137190603 8.758580293823453 7.99112648670722
40.31017770056912 6.3004998232095595 7.48192807734132
34.50259285936313 3.4541789839139265 10.44212850749857
37.826176267035756 11.780074375979543 9.281052411889025
36.97084015238165 12.350935532184225 10.209867890002778
34.42416515072347 1.9888128783636667 10.288427782950333
40.621974268793736 3.3757415886099125 11.327412169773003
40.099614383240485 10.972704674357539 11.483013563636899
35.81743014118506 12.51585035765276 9.559361360855
39.70927003184177 3.8234748131498995 10.934212555767548
40.56551567119661 7.517450830086703 6.806138681999307
35.90451161998409 1.3530207225246416 11.811399302666302
35.12896336628471 1.0794656793570385 11.11133320280197
38.18180566690557 2.4998969431442055 11.805427085142528
38.50338481024997 2.9244262541105948 10.854395162089682
34.06166327356782 6.157999568545945 12.585883781563659
40.1877839413727 9.959291132310396 7.68691670780251
37.627901039866416 3.368937431422656 10.38106865669115
34.00685411355582 8.747336039651804 13.034099187789483
38.71617447532544 2.1243935694982117 10.14533362607477
39.89261094736624 4.0955594401925834 9.89476266992019
34.04130311787413 6.364918489320427 6.946405360965461
40.404889074022236 8.499393336208005 9.205238704791022
40.15868364186191 0.03478045175841376 11.13910557637531
33.7115952036599 0.1364376155547711 9.644090882024477
35.95782821624059 7.072120814264787 6.309181200102193
41.063710052218354 10.521290629437306 12.329876471561986
41.37975791259747 12.50939582477086 7.83228749044566
44.220616136160416 8.973752048439433 13.153744970708896
47.09036611299889 4.046047029318847 6.454358939109408
44.98107664441374 0.19700964705659307 6.9516617966166265
48.66806177338372 4.5452329490303915 7.750798914979655
43.85778342464316 2.9206252894039904 12.57842664981327
41.51516583638348 9.368655018890804 11.793734314484801
44.99977415663026 12.209530360513666 9.693630884844872
42.55966078656108 1.549618233927177 10.923420484252581
44.64900426124037 11.877148615250032 7.548862928737434
43.18729150877992 10.926849116184513 6.7175452213453335
45.4391052452673 12.211908549287314 8.707029375294583
44.66379524148994 2.7822802400977067 10.316427995897303
44.269274051846615 2.758310733389097 7.050980294779125
47.26523450182024 4.696246813302585 10.181807267955463
46.99988772499815 5.047409029425096 11.168050739819641
47.54035282046664 4.5862924048057385 12.268717268180833
46.115868590894735 6.00023657707475 11.491704567892233
47.576049418469225 2.654128131277904 7.924717965267451
45.26743102502524 6.757153893666988 10.584917738904348
44.28502656471375 6.685532900168325 11.051663826487145
43.86798006226579 2.0730589345051786 11.298802516757956
48.13462724252448 3.4983167641942847 7.055588486371558
43.3034534366711 11.528768070011504 7.6188220820282915
43.18712789216631 11.49218062813847 11.132826849742893
45.560715864427074 7.806955752156142 10.585165400625801
45.10955256457706 6.411853719025645 9.021009126559427
45.87546136788414 6.674357587287283 8.291231472388214
44.78073828096843 5.3732020341589415 8.986602086362508
44.29858878392896 7.0643820144744325 8.697520996806952
45.28020246584905 1.0664987553774044 7.518153131805622
42.498193945144344 11.640169226236836 12.399821731539863
44.965752594969246 0.6896760748676624 11.752289350416948
48.11600324825664 10.349086836585052 10.112750222940413
43.18255729467539 10.869006184762508 8.478006798947463
46.109745309364 1.2260478570572022 12.127015811974925
46.07532770896731 6.0196099142952635 12.827792392760454
48.2414898052957 3.868551462540941 12.384280532771045
45.768229126403874 10.939124971465906 13.199370605094295
49.04138947331513 8.795056825749882 8.936019311221871
46.65531693680221 12.320477956962387 6.96413734796105
45.52448202222805 11.957497552665533 6.535932380427612
46.62415544869896 12.43832384711245 8.365160992268068
47.468972714557275 12.381100474327097 6.368831388294531
47.09522758445019 5.352436754843148 13.328219291091095
42.09200780175453 7.701159090475999 6.5909146074701805
47.37531878455765 12.562305288724211 9.131178123109216
26.055293887925004 7.072015665703821 13.386650693468125
25.059030999654738 5.766296196467355 14.780454738408723
24.587710316150385 2.0894173598727015 15.673086289933865
24.767225615773754 7.648936501916503 17.715654808479762
32.43524913898319 2.390841137037072 13.83988693658566
30.771554221497563 10.87840223869008 13.343268788483261
26.56263970634909 7.7669263798623 14.039413528905833
26.59174438667623 0.39427262907836497 14.65024450329606
29.897338674223892 3.9016733423021406 14.545795742626472
29.28913096516202 2.7452079372047202 14.001112182811912
30.050049339663378 1.4084843229990933 14.251576922531022
25.652609421299193 9.736841291667695 15.633679310085846
27.189882123409163 12.154771472576831 15.393060889274178
26.038225281551163 9.918594587066615 17.020817296952636
25.400969625922137 8.75704986391425 19.312915989561585
31.36651642781287 3.5613643996286477 19.144104545875077
30.667714433482576 2.882361617345731 17.67671769223808
28.836058772730496 9.880602078146481 15.224162655472071
27.495750581206675 9.478731394493208 17.35875494442023
28.455638057178952 7.607939070406188 16.090369853830072
31.89507130501704 4.431908488744967 17.383931292244633
28.612872939237544 8.962719902456909 16.377426921900863
31.310381429546332 8.789404648545162 16.48461320207631
30.265449742215214 9.090330464376697 17.244462272270624
30.347573877078553 8.301257605336223 18.284311272104674
30.8780700927796 3.813504536962375 18.202857750519684
30.482593154940503 10.256370375820687 17.77238067402089
31.818509952792827 5.490437801502555 16.541748458535945
30.864471602470047 5.995178167869832 16.503696016502282
27.850445854998192 2.5677368402353062 14.102395182586227
29.76370961721864 4.860783832610183 18.70984860720636
25.976799763645488 11.30077969076106 17.36009695486098
31.81821997963542 1.3101862105722109 16.052490798123273
31.60788559046015 1.4214615295677464 14.591480980327399
28.416392419877887 0.669522482913105 18.980507071601263
29.991515491083643 5.9246028122128385 18.776883392522354
24.951276719503632 8.89540988204447 18.118078135954654
29.67478834066206 4.600153245915988 19.764488215723762
25.329033153300088 6.071856404483711 13.78038884248183
28.843443151408458 4.837733551267286 18.12617205595811
24.590187011265307 12.069214330608256 19.972696493304415
38.93555926610972 12.628351681594449 15.136674903721312
32.83208161233805 11.494520994806045 13.350914424904635
39.09995837470056 6.402498957591883 13.483495804040386
32.985691245064196 5.7812244169512 15.999778273919494
32.76732078572531 10.862966581745292 15.41624418413439
33.30686497212583 6.529599939971872 15.290425390718095
34.68168026228597 12.606124254989105 13.542690247843703
35.27534289599122 8.250955387567194 13.499923224634465
39.629687394675024 4.4624991656568405 13.829123943339273
33.198226322834444 11.471874737286242 14.635250409505966
34.868464939821436 12.255607711995992 15.769669974689654
40.47658202021559 10.357292590229328 13.522676742453022
34.296704001859545 12.217334659977938 14.854233137307258
39.018663945602945 6.554517317460567 14.478675000997786
33.137207542546754 4.1048659263997305 17.339365730735143
35.513463186244216 7.886410474678836 15.02385348822269
36.14969099601247 10.003100781093726 16.194191318471006
36.49902921159095 8.63208382649766 16.03408500639917
37.892729634444464 8.371440117423516 15.910793601378106
33.859808329848505 4.860030396204545 16.564858987578862
34.83236991711234 4.7961271440937905 16.300018784413744
33.41850089207392 3.198593252766405 17.85506321206886
35.92294272295446 3.8007097326419634 19.59625808416688
34.76327759124776 7.683321480507221 17.84489744090742
35.635682521371905 1.5873919883137968 19.22389510325303
36.501740779175684 2.651174400830944 19.312318298913628
37.99303317646178 1.5048277469303757 17.583265304357756
39.46326772809495 4.341206883977674 16.96579345544159
39.92229397467909 3.214842767996344 16.250652985693456
36.478516042078155 3.3186624846216715 16.708919253783638
36.64961314777497 6.736842904807484 17.950495804547835
36.11023865575981 7.90480781173438 17.684265035821173
38.75850476500222 8.229865885030906 18.74904358267094
36.4267452354451 8.611953395413293 18.71721163917195
39.51572299484166 9.867253510257099 17.511076918620194
40.08545452426182 11.018798652706307 17.789171770764032
39.18916654562956 9.220264281812867 18.742605698777382
38.93503316121788 5.378308571162397 16.168738924098168
38.40648304564372 3.9690063160540197 18.045634676198482
37.40241439560345 2.8344329259872194 17.705825211482168
39.46505429018682 9.459385828992767 16.588484572730813
40.329359191998215 11.730761892623052 17.01456292882257
40.47064042208518 5.813090059857611 18.96503892261031
39.42770243501309 10.16749969351619 19.648368158122807
40.03007791952188 11.299708334746326 19.05465546666173
40.024905514265 12.634072965710182 19.607631876606224
40.90738721662672 1.069328428009803 16.329911265062783
40.775148072971156 5.06737765161022 17.972588837483958
37.28947597919717 2.427124447499532 20.34311290391637
45.248587525387684 6.463821586136919 13.362186123483216
45.09199801417756 2.270640429115292 15.251288296243226
45.1877429498429 12.754629914293485 13.637091053309353
44.0793124466194 3.1833824413106373 15.212720520825954
42.0251970304897 3.921534038451033 13.737357025434061
41.90963820712163 0.21860122652448438 18.499592477673012
43.575565190204834 3.307252109043495 16.36930482156574
47.276795687787065 5.189318116284681 14.380276957235505
45.57454949523963 11.130296753867375 15.97088412395512
44.49287004088346 0.5852984416520634 20.281027360869537
41.69702593629129 5.717542302290306 17.337908935388526
43.261696760414985 11.266889438476955 13.704272119137578
45.78624776859682 9.066261172000722 15.458022037355347
42.921306390265784 2.8528910162971823 13.838888986242207
44.97936374472171 10.077708251172023 15.435790833203868
44.85209830112762 4.256385854857423 15.09503966319519
42.31338858410632 1.5532242850121132 14.159157857966848
44.06888086051822 9.833713072312626 16.26828802641946
44.52728889369631 10.312567327434614 13.630741001046298
41.443236500451924 4.082029843844535 18.600436456770247
26.1798198304914 12.192604688866021 21.77926254807027
38.2069777157916 12.294990837228724 20.7335981061535
39.25425737942021 10.050081229565233 20.70786318736961
43.21256499987585 0.19362230341960518 21.997619218045468
42.775344700303364 1.8217521040550724 20.73298488748619
43.216652472115044 0.5874749215537692 20.689321522557407
25.78995089924568 13.469999506505841 -3.3499999092273
25.789950360318834 16.308682942877248 -3.3499998877684787
27.01903975949338 15.599413041251214 -3.349999895776402
27.01904433712156 14.180520433339165 -3.3499998944679765
28.240955625706594 13.469479585354012 -3.350000024963371
28.24095978640438 16.309196319083195 -3.349999898437739
29.470050069309384 15.599935130203137 -3.3499998873529724
29.470049118331342 14.180000560929813 -3.3500000767745144
30.700000081734927 13.470030735943281 -3.350000194363104
30.70000001271975 16.308651866914367 -3.34999990161031
31.92994995789885 15.599935115419653 -3.3499998535936104
31.929950917192567 14.180000488195533 -3.3499998711644494
25.789950361481136 17.72131705814405 -3.3499998931081576
25.789950889757836 20.560006210591325 -3.349999857009861
27.019044358166504 19.84947981010582 -3.349999870731164
27.019039762369093 18.430586988718794 -3.349999888919063
25.789950765995865 21.979991366809053 -3.3499998397843935
25.78994592218099 24.810544379771336 -3.3500004832731944
27.019005340640756 24.108918164030108 -3.350000122678897
27.019044508565546 22.690463440621468 -3.349999848359965
28.240959781841166 17.72080368328893 -3.3499998974241594
28.240955651743022 20.56052639198751 -3.349999988604125
29.470049111133935 19.84999971905781 -3.350000131020716
29.470050059555803 18.430064876213166 -3.349999914664802
30.70000000052408 17.721348111649874 -3.3499998937325026
30.69999999374878 20.559974945615558 -3.349999917114884
31.9299508938759 19.849999718792155 -3.34999990825815
31.929949945292442 18.43006486878706 -3.3499998963959152
28.24095595556326 21.979471058578525 -3.3499998658432673
28.240994666909003 24.81108177834958 -3.3499999665625757
29.470054030616215 24.109455643473527 -3.3499999086612564
29.470049066370464 22.689945726946714 -3.3499998888301863
30.6999999814917 21.980022631060745 -3.3499999022919367
30.699999995323704 24.810510170315123 -3.3499999317975426
31.929945959892493 24.109455656063805 -3.3499999210750775
31.929950910797064 22.689945738291588 -3.349999921153234
24.56000000115225 19.850030937920657 -3.349999875028009
24.560000003595317 15.599966862546927 -3.3499998975848886
24.560000006398198 14.179969298032722 -3.349999947567237
33.15904429323676 13.469479544242786 -3.3499999758192645
33.15904023713953 16.30919629996034 -3.3499998616790485
34.380960235169454 15.599413042518469 -3.3499998636048165
34.38095566726454 14.180520484487419 -3.3500001954934557
35.61004912515924 13.469999506129374 -3.349999938003132
35.610049618434125 16.30868293556078 -3.349999980481261
36.83999998258753 15.599966840531431 -3.34999990419802
36.839999978436744 14.179969292388279 -3.3499998586627333
38.069950875992646 13.469999496384304 -3.3499998738262016
38.069950347132554 16.30868294248003 -3.3499998835975786
39.29903975768506 15.59941304566684 -3.3499998920945218
39.299044326116984 14.180520427804366 -3.349999895792558
40.52095566669719 13.469479550831137 -3.3499998953622545
40.5209597857421 16.309196331583465 -3.3499998974147225
33.159040233540864 17.720803655201596 -3.3499998903524517
33.15904431915168 20.56052636176422 -3.349999918189747
34.380955651623246 19.849479783735358 -3.3499999037895343
34.380960248836466 18.43058695196747 -3.3499998760626326
33.15904404122993 21.979471064073245 -3.349999913882389
33.159005355260604 24.81108178884308 -3.3499998898646774
34.38099469523544 24.108918215438884 -3.3499998781010962
34.38095550612154 22.690463461583533 -3.3499998782917597
35.610049630972526 17.72131703796905 -3.349999882548328
35.61004911600708 20.56000618042455 -3.3499999810636116
36.840000018023005 19.85003092790506 -3.349999887785012
36.83999999529126 18.430033157789392 -3.349999869538057
38.06995035934237 17.721317056723148 -3.3499998751404214
38.06995087041242 20.560006202593804 -3.3499999287518225
39.299044362055035 19.849479777648927 -3.349999949393956
39.29903976690547 18.43058698797741 -3.349999868564698
40.52095977835693 17.720803688588667 -3.349999911642957
40.52095570739961 20.560526356497228 -3.3499999216145095
35.61004922414815 21.979991393903745 -3.350000034542273
35.61005402909314 24.81054432661327 -3.3500000245009067
36.84000000053211 24.109489774297007 -3.3500000555114138
36.840000018443234 22.689914830069867 -3.3499999351243503
38.069950760595184 21.97999136718552 -3.3499998922845995
38.06994595494803 24.81054432477868 -3.3499999447883733
39.29900530987779 24.108918208129552 -3.349999971694303
39.299044499556125 22.69046343563065 -3.349999925744661
40.52095597339136 21.979471059337552 -3.3499999038355677
40.52099467156418 24.811081792054512 -3.3499998947865848
45.43900532688013 24.811081782983138 -3.349999880889624
45.43904402691871 21.97947106486589 -3.349999880094414
41.750050063982236 15.599935144756948 -3.349999921136455
41.7500491049398 14.180000495288992 -3.3499998921056386
42.97999999326051 13.470030700394673 -3.3499998994842715
42.9800000102209 16.30865189165978 -3.3499999403811733
44.20994993050481 15.59993515962828 -3.349999900614793
44.20995088482388 14.180000496501378 -3.34999990975571
45.439044334219275 13.469479534521982 -3.349999898477487
45.43904019992622 16.30919632846407 -3.349999894423793
46.660960227829264 15.59941305506941 -3.349999927116597
46.66095566495265 14.180520418345996 -3.3499999202081856
47.89004911451134 13.469999474943265 -3.349999905514618
47.890049633053245 16.308682962786435 -3.349999925886158
47.89005412763414 24.81054438141369 -3.350000369948043
47.890049234283566 21.979991339814873 -3.34999986945388
41.750049071135486 19.849999708023013 -3.3499998875725123
41.75005006328099 18.43006491808029 -3.3499999912278087
41.75005402853173 24.1094556380526 -3.349999950228517
41.75004908032587 22.68994573179538 -3.349999877463483
44.20995091245924 19.849999659825546 -3.3500014361217256
44.20994979037124 18.430064759112053 -3.350000344684001
46.66096033127524 18.430586953542154 -3.350000194515208
47.890049644713514 17.72131707890367 -3.3499999018312088
45.439040207711486 17.720803568640683 -3.350000217662762
45.439044371353305 20.560526553525175 -3.3500003521749333
47.890049122235965 20.560006227133073 -3.3499999370112574
46.66095575817231 19.8494798683145 -3.3500001751446584
46.66099461583203 24.108918178133553 -3.3500001961904835
44.209945967621806 24.109455642578986 -3.3499999132397362
46.660955495528256 22.69046342326597 -3.3500000372698002
42.97999999370529 21.980022668474504 -3.3499999351857657
44.20995092228156 22.689945729904093 -3.3499998746025375
42.98000001962048 24.810510145898572 -3.350000321008415
42.97999973787686 20.55997502604075 -3.3500009512785036
42.9800000128133 17.721348125174547 -3.350000002208411
49.11999999279127 18.430033188533315 -3.3499999006606562
49.119999914321056 22.689914840622567 -3.3500002454414535
43.662431904025745 20.322122374642152 -1.0279927680535972
26.28741140545585 14.657532242045567 -0.13568390511316197
25.432261736182284 17.314317764975065 -0.10181891526394815
29.553306617030294 12.876427084434498 -0.6145999105270128
26.074401343820924 20.55504996189747 4.387325560659027
31.123257347440262 15.25432044026218 2.7296202493149524
28.899700460052234 17.39715187355486 0.5112554527745594
30.82531684400051 22.679895816135367 1.78045270580926
30.70414706626285 17.576606918064897 2.8297056583011946
30.109743636806197 16.30378913241554 2.6917685696327984
29.56105951918999 16.294471434188143 0.8653929391351167
31.094752811898275 18.428357506572766 5.1718122060186955
29.08737267230914 20.062108974002722 -0.24554894224597001
28.801965363163003 16.15438032498622 3.516229390493156
28.746173812001988 15.296475180334056 0.5280604116761867
30.747794369793933 21.433132922053485 1.3686922373110855
31.16520435036379 20.56297271907863 2.320411432652416
28.759558904257165 15.678928811447681 4.972301498791307
28.895642067252023 21.12188748549228 0.7310770036445247
28.385588493690307 22.445041398966953 0.3748946186436075
28.034309345363077 20.713274726404403 1.9486067858938427
26.629180219416114 19.97771573136909 1.8288880671025909
27.032975652566105 15.219681231504024 5.426822441776816
26.531183677281586 18.58606885759935 2.1234119420811295
30.64284446104243 16.219440563522046 0.09313376210938862
25.63565336894415 20.68820873073878 3.17538006096449
25.421518929510068 22.00348600360846 3.1906108593866267
31.571835516249443 13.643976880692003 4.758578357169347
26.653334264616806 14.248076390721184 4.602558258592349
31.906273959477712 18.636377582089587 0.7468612879471603
25.89675162613792 20.350175450640585 0.6697153689118085
26.20337286796865 16.154487927727942 5.229503675277641
29.21548110490059 16.722640617202284 5.848756744372443
29.523501435709647 14.447310020238262 5.277349718059783
29.244774239465855 23.49983487161062 5.273464404736544
31.644266848412368 21.274047592287243 0.4269051162305937
25.39558521255819 14.287222987993134 0.36990199065889406
25.488063477772513 13.220024290254475 0.571482519701163
25.19706876722256 14.99179895169075 1.6746891987879653
24.58965104109113 17.167028294473457 0.5575087939471801
26.18370338394146 15.365782094878663 1.9481645027781447
27.795820476780335 24.387931707067985 -0.5265668968829051
24.86015907696827 14.327524808937588 2.4705106134553736
27.03655523095031 24.97678461567944 -0.21532978722281437
30.03883356832959 20.609345270834247 5.625187148197216
25.79322414250067 24.571957671008313 -0.28093751221182406
32.43423538480053 13.352735015459775 0.42569389528224755
25.357261021727645 23.691028303485567 -0.7284859528943322
24.86451514116319 22.79552014071778 6.090439519960588
24.609245593583363 14.348272908570658 -0.38245624236652453
32.93112738737538 20.736089708447267 5.146817029307974
35.1792981616505 18.214147308916484 6.127089997470926
35.42670915296448 15.698335854043982 -0.45498969583782856
32.97121911751977 23.084872360359544 3.5838538961817656
32.94008588717675 16.637340843791048 -0.25371242379757186
33.12751215627884 21.930695445321533 5.903472636377931
40.6721176922841 13.89304656478462 5.972959742226214
32.8877792564332 18.44847772277364 0.8932887256205391
36.00865469756526 13.488685699022712 4.355621636780052
33.467204908227004 19.742450547345026 2.4819818302780385
33.75473676810393 18.979314865537912 1.773921549861145
33.92953636906112 24.330676642643898 5.1687292707609895
34.47555652273286 24.00245308157741 1.2113033026607067
35.03095159654057 22.636970632029445 4.293179112464227
33.477600436066 17.32144039834514 0.38619843648284635
33.81996826226021 23.082594666992478 4.676820690630911
36.47275384006651 17.061130284905406 -0.06617735682511228
33.152481764080804 17.09716397787382 4.891291536074995
37.79897315591274 18.214521347277874 3.728024114241386
34.725529856879334 17.25984454874983 0.8344457838979003
39.62026075707802 12.864493835004982 -0.029394382264676944
39.82966187298468 24.61348046572345 6.249601411079597
35.60277651905059 19.016777747000802 5.126323388925186
35.178106463591064 15.797014797044683 4.988014793932746
37.23598632334816 16.40187567731701 1.978135704412033
37.19568572749129 15.077980453396032 0.8674283202373412
36.08372898493706 15.05219293879322 2.193812228645201
36.55377470517745 15.719376363764315 1.471300430597856
34.80759649019626 18.21746943447147 1.8125195122569193
35.74695047091853 16.36160297107166 0.34851651491341284
35.68465402428993 18.330212502888905 2.4325671573732266
37.38320589347862 23.301554653423324 -0.11482798442948972
36.290933931303194 21.503150826811318 -0.3995116679217958
39.048761941654035 18.579059261225805 3.7126115864704765
36.26536753149335 22.384526084636054 1.490175368640061
37.05756180278304 22.157446493038282 0.47759466538641826
39.20569416887555 21.97839212276679 1.9005043409370659
38.54097646366984 21.187566111498153 0.9484540025216615
39.414901011807906 18.98946724355071 1.9797160329977759
39.268497779713904 21.058193314788195 -0.2854669138591792
38.2323556628047 19.88324492090873 1.5517077345672803
39.74836806289123 17.579933119656147 4.161941152035622
38.00712103455406 23.366927781601728 4.80234944180487
39.16602682388537 19.577823972977562 4.610846394813181
34.30465358351292 16.670824109823723 5.697217519830194
39.27291602603573 13.736330029239681 1.8284068924582542
39.26639554333493 17.76309950209886 1.27029640858344
40.17346982883206 12.880082066529944 1.208565195218806
38.51553089206606 14.326714199708881 5.459315863390682
38.695025342559255 14.598394288743062 4.419089122720653
35.13674493688714 24.34809938177279 -0.35823808902777254
38.511277685939916 23.311276525030742 6.087415990774815
36.12598207557518 24.947806392339295 3.2138221738372916
40.671071069574396 19.65303542120565 2.1275639150058865
37.93001111358405 12.978459853262883 5.203036108342809
33.424481885999526 24.786322735287605 0.18250771843529412
34.48787356736829 24.751229179917374 0.4192915320585011
37.842055820641 15.06980725360172 5.886333476719848
43.17872391034286 20.473812009894285 -0.06304881549535457
45.35752012825196 21.138602387905486 5.769444827386887
44.92582991124433 12.9293276135203 1.5732979073851305
43.421362946356375 21.438668384725943 0.38223589579651995
48.841518528044986 16.755599602304844 5.61627732924507
44.57043336192099 23.56247236900768 4.750765128718445
40.9948526231047 23.888421691533615 5.682142337355178
43.217149918479215 19.417239183788283 1.808056096603572
43.81228143424146 18.509669617025633 5.21178902616128
41.137061558883055 22.21532153642665 3.5861869521406495
44.01647737055829 14.995035345520916 0.3586227973007805
42.230614946994855 25.474582317555214 2.296798244929242
43.68482284789871 25.420894369834702 2.8657804363789072
44.60158435524502 15.855174927676336 4.623504824767812
41.29542084478529 13.514277224337736 1.1807493298145455
42.08968499424435 20.428936172751925 -0.07201533095337553
43.50963246883362 15.865605684832662 0.28571511837364727
45.69747262396659 16.446410490980004 4.126213631962682
41.28021394569952 18.14059579841073 -0.3566452898354844
46.80656442743502 23.90139578161473 1.4072744239389479
42.810050795126045 25.123375017629527 -0.4728213109083379
45.745001942064796 24.92022423560873 5.9655273697207845
43.058418335968604 19.864131055188754 5.531840194087713
47.83303164605679 18.900346654502894 1.2944958040682653
46.59176932454505 22.574097949096213 -0.2776701601652798
44.16087203642368 14.769554924788732 3.872509667756928
41.387036939869425 15.514284746973306 -0.22950027001607531
45.046550865820464 17.13848589191058 1.0045083420287582
47.449158786591546 24.534460507411946 -0.5306640925438155
48.92978620029943 21.451214617890873 1.6337157500594157
44.0717043594067 16.897104135519047 0.607256360883065
42.15594171922886 17.543487232321198 -0.14937197545250358
43.242581953721725 17.200047145133656 4.669544793925886
45.267292292855544 24.71371670874247 4.741644155085516
42.753249099427634 17.390750689484246 3.3512509171448457
42.2000154900695 16.19574831409882 -0.026834823430291754
43.72238218050075 19.388172307218113 0.8426569674180795
44.75832002601603 19.688704721164658 0.9995424324193369
41.67595116342463 24.219696330962705 2.208695683078592
46.321342055138636 24.342300531156482 4.050361090418218
42.18907285307705 16.723455457100833 5.511894931311826
45.01037197304467 15.416182280102554 5.814872656523739
43.072082875374576 20.631907354223426 4.275566984607128
43.45065630264354 18.008836453935135 0.26830551941741554
47.45371357963155 23.499323204071707 0.2862456956020254
29.543003660324228 24.854032550220513 11.432538109883108
28.847433540354828 19.202938778840107 9.615628091332272
27.46958599318352 19.37009635040241 9.693261798399552
29.390674783430836 18.465370647952493 9.043542255189102
27.969205792591946 24.91500302838331 11.80515368701848
29.374024356553324 20.13784090473258 10.462957293556162
27.085472271538006 20.348696475342646 10.539797602618084
28.211568762075586 20.780741715929643 10.970591232155321
31.285058243566755 15.622792055197879 9.937251843277231
30.329822928875117 20.59683695425932 10.668314824739335
28.376161883689093 21.585124747415563 11.558789364498558
28.517648442909515 14.747642005086359 11.647833401371166
28.83075532304738 15.276836076659501 12.841076681440274
30.5637205171223 21.19273245272999 8.04777985620304
26.621720985790716 17.321709137557963 9.1386918765087
26.639771123629284 18.40054645145717 8.98414659814281
25.621072734994794 18.770762589000235 9.099444494179826
30.466469668117956 21.605679301734344 6.612814375790149
26.084258276008846 20.698056570694817 10.744536602351534
26.894790992544458 24.545251410257393 10.271256285510551
25.953815075108142 18.530007024784485 6.88671792884292
26.894310507195478 18.455204538721226 7.432586897021948
27.337934623159043 23.550679611404103 9.593114105225853
27.54858802663636 19.28606580202302 7.1685973344041
27.706149076474563 23.741064831320077 12.676367690576802
31.751046542891526 17.355117590717253 7.432472470984405
27.389240812851444 17.518860607545484 7.174897092450461
25.407983235535596 15.349843920495504 12.291705154609584
31.886088317179475 25.132720018337352 9.403615764098904
31.864816462015966 21.935629093679843 13.303083179387919
32.518904456517284 16.109013118979583 7.568605800508072
32.47218536994991 15.782340125012952 9.43858243076938
32.05829482163355 17.55703749583118 13.170841130114244
25.6693244120369 25.111217549748428 6.398824707992014
25.64587056574222 24.355814262580434 10.708224433761007
25.182707339809152 23.048113802383156 7.78504067982135
28.9907236031926 23.651052102705936 7.313629401496886
26.829190275036527 14.71408571170209 6.612765324989855
32.0252307302582 14.93177663774604 6.86577432691621
26.022263708271144 13.315316087382792 12.161106725938996
31.739656793848688 22.492565456024934 6.322975007549891
29.392319674041207 16.478631020484055 12.568260517634192
24.97256592910807 14.097976965264618 12.393600026735465
24.590888490559085 25.362360203150438 7.768677442500925
24.672578144747934 24.898902759370777 6.785501975545792
29.089915148226076 22.812160062432504 6.387711017533421
32.169038308645426 25.46978333097989 10.667270306994926
27.869021365680943 22.267424035316047 6.414322418195681
24.562020807830372 23.386088862562538 6.955208716365399
32.90051843063035 24.5496719669838 11.204035733009816
32.88842598354943 16.923356384365405 10.100509596158377
33.28439379720999 14.779885432560903 9.793492756151604
34.133395024689186 21.755861294988428 6.974791974460323
34.86150962484233 23.350091721026836 10.284110392577183
35.67353295773568 21.598573787329062 8.542320732907717
38.13376020792719 21.013501718133593 9.07644913509489
37.799833787888154 14.858615652943735 9.687918749313994
35.82314892256933 16.942521613943708 9.630514140739212
38.337540084345896 16.305365159946124 9.946822863962284
36.8663339793337 23.61413469200995 10.560511481459862
35.875542134555914 23.06241665319669 10.048778447426477
40.04234134770846 24.96730466966223 7.75701979019246
38.8522961358747 16.849975627238557 8.742636575371021
36.810600999489765 17.32276983468853 10.350183386598708
36.27428779672523 22.064679174926976 9.207105954573288
37.97445541840574 22.826822840023773 10.300901984683346
37.55700283542338 21.829034740836512 9.487127624901238
38.90514388873012 22.98946547920404 10.824128840769463
37.64161126533345 13.869794092950427 10.910039872959885
33.96097164293039 16.226226373987725 7.1370540220281615
39.040105832296966 16.441486067979767 11.20780016404722
37.06004863287747 18.659218142018602 10.15541179944196
39.02628415635795 13.528112808817127 11.287074233171314
36.445498863884886 17.19858764768649 11.654235380194951
35.08908211497104 21.914510464742882 13.131106482050834
36.68983470944519 14.203377823616725 11.981022657002306
37.065265743243025 24.64239251700827 12.38511686199723
36.282934447986975 18.007271990856687 6.766839231164466
34.412780785593064 18.931478841743704 7.031695134632812
40.9007916744504 15.09001986705292 12.438367976651245
38.84408708266204 22.066085319263333 6.421933009793253
36.829373478008065 24.87201975528235 11.346018131551691
40.54363223129413 18.04893330658962 7.6148674752625904
39.807020930215394 14.290097034360663 7.487205212555612
37.55180701566911 23.617998198916847 6.862876585758233
39.8023277559326 14.390648166881155 6.401863126377375
40.21575468803618 15.399200678689533 6.401919426444621
34.455559423897434 16.84628486506601 13.219959562125217
35.879032212356876 25.405592118860376 11.330143136140244
40.98573379885452 19.08502335164846 9.951318929110077
42.03867984154669 13.007785251021756 12.507979366538793
41.9286183426997 21.408968575481456 11.66447016035034
41.98289422847376 18.40909689319304 12.045733822127794
42.612268475101615 24.535991502464988 9.53201791159753
42.60831972871522 25.386275698790897 8.487883196222496
42.31796462192722 16.305880337434985 8.702977625598521
42.19124433029573 19.077163392835764 10.75615228210238
42.898480899028506 16.063021313427733 10.92307299863917
47.377180140753644 22.353883179283862 7.454389228436722
47.03483696327941 22.296393989216437 8.693887442409455
43.15528380104878 16.764632272582496 9.717266657066913
43.319681018822834 18.301858590312136 9.958052665310984
45.33218171739577 16.796964417980956 8.304628995782634
44.86944855442563 16.16252680221089 9.365190534606333
46.96285424774204 21.562323420418444 11.296690307149438
47.595577794641066 21.279363481363166 9.316838117130645
47.74817740043146 21.089435198875968 10.706991845161992
47.611044676131876 20.010170605606852 10.773943722496048
45.66523691675687 16.52737817622471 10.364239451571546
44.93088072086727 20.163587050224123 7.600098200318537
42.764328453160246 21.437212204767466 9.701432994053524
48.33515313694735 14.643527436825694 11.287849824216122
42.78268476460213 20.772874486768195 10.862117859140316
46.40789444440312 23.053170979085824 9.141806704613382
45.08532211813199 14.93649212860923 9.055841576353464
43.13090323039663 24.810191036234674 7.45909698300265
47.10180032807014 22.956408536954477 6.692005367153342
48.49196022809557 20.6678360971274 8.414234575170402
41.92960921337719 19.721605106507663 6.376801146210143
45.682220544523936 24.26726100398026 11.298520537401709
43.8819548904333 21.93318512352157 7.0671677165365026
48.3275359584931 21.35939643452775 7.266666522259665
44.34656263311073 20.789992404384538 6.60364735445587
44.01909547073267 20.82492194160839 11.324496819582379
48.361295454673844 24.601971325186298 12.205833020657753
45.819509607866145 24.707949808338636 12.533659793753305
42.479823614384465 13.255117749672348 6.631321227164966
42.67205394582909 13.45780880940137 8.44068881764412
44.394025306950894 17.350214766759436 12.955347019258534
44.343181851376656 14.831015882985215 12.465682858223984
48.62720892430519 20.996612334228033 6.294563744719046
47.477831737151064 24.250505703291168 13.255478347667939
48.82950402488729 17.428116431938776 7.651704677847765
44.78883640612685 24.19847748979513 13.23718412229985
42.40950755989421 12.794382556558109 7.6166530160578505
27.734545861271805 15.564128261804193 13.490421302949564
31.231483148906964 14.484872343430926 13.42149340453643
24.643405555254272 22.7900307638501 14.103078749664068
24.862910063295597 19.96050647079065 18.1742214739387
24.572900314023034 14.391264015791188 17.575162867084206
26.315709147873623 21.82279223208488 16.947349821914536
25.31714612758172 23.23961524166154 17.26052331630907
25.248771545810435 13.332255008321658 14.895002755040808
30.59751874798403 19.710036526187316 13.826140213207466
26.709728379176077 20.106168071174487 14.668944276853038
25.249719877646005 23.49576535133422 13.554697828960082
29.257247498474374 13.043273290476433 13.769487910595664
27.018882930043542 18.475690950432398 13.412433220173304
29.93728416673801 14.313134503779798 13.930689371791317
25.12974393843395 13.004824205314048 20.119708351918053
26.04769659544281 12.955673431990636 19.53400610423225
31.813554822812552 17.898832695140307 14.165666931165893
31.163859818203726 18.970487473069838 14.372697611972264
29.88111275411844 21.910596534446842 15.77468973209885
25.553503792645017 18.696571548313127 18.484890040063096
28.744275639936355 13.215711478554772 16.798101341692092
24.650644376496874 18.14409351894572 15.714239363048202
29.85759996254927 13.984366118379482 16.61042328093753
30.14131965343593 14.285866315267194 19.16829499594746
29.736511364617762 14.93962350557899 15.382626176333938
28.82698003027194 15.584419918183348 18.328765599102045
25.855751536797136 22.695855317618413 16.484424509080256
27.079840166209134 23.48682152123942 15.947574531975915
27.806375839342756 22.81810476024037 15.485986175784946
27.069456266900442 18.827001346367478 14.655753166953119
32.347217523861644 18.164150727297564 17.297826853622276
32.55587399103507 17.597119936016515 15.32351512454581
32.047669101856265 18.335744248053658 16.274486047039833
26.060025552267845 17.789158887375542 15.923254221932789
28.39339011898006 18.873563149845644 14.92262295694781
27.51639908710084 20.165961968281835 19.43033476459066
30.859093885624116 15.919306712791133 18.049141833008832
30.62248065823547 19.844465132691155 16.213154990453912
30.940591867982963 22.59505311986388 18.05932776114604
30.976537276333456 24.16239121743559 15.901584968933735
30.984068204824933 22.773602109365985 16.146169614041945
31.153099102678844 21.34380659229357 18.282099549046173
29.73886171892061 22.892492371584726 18.51614490186994
31.83671767419084 23.367416487888867 18.638865928324154
31.181345113673864 19.165981850033113 15.715730669833366
26.42686655918635 16.364760159972665 15.835399460859854
26.48096964346934 18.352745610328412 17.280376067690586
26.659510410197072 19.194198153971726 19.826527617169887
27.364261670598484 24.201521817333344 16.719849026344697
29.92138781707229 15.020503475726736 18.091592106246356
27.475240843241593 18.27229337850907 20.301954264679207
24.72953441016137 17.551484589746398 18.836551790947883
26.89438136344786 24.100732879399025 15.066201808992949
32.32242265716785 22.066704618206483 15.703992016958635
31.141698610573936 13.324956236781556 16.52277718161532
25.439721165513035 25.297749495677238 18.718729101936134
24.7600357206081 22.402565567928278 15.50174537437599
35.568902681612 13.05669403160748 13.369706852871309
33.38696081810906 15.653718469391546 15.367064022846812
32.79837369149813 22.374095626667735 14.22467079885821
35.64680408429354 16.306044514379327 14.411643437851815
34.34520831200804 21.42093124873059 14.095501994327448
34.045508132929406 20.17706073102292 13.842118991820222
33.23759235295952 23.707542285955945 13.992053495997542
37.712358525059045 24.885810677731506 15.669277037814046
34.865927542350214 17.03960259447063 14.211083299525406
35.341995592474525 18.019357020004293 14.250332217511561
37.013354798174795 13.00863912086012 17.16588537520942
34.31093210177878 16.90356214130608 16.195774495318826
33.7727346238849 16.66921243764877 15.27733903695424
38.448466523440665 24.638132656267626 14.52651038916337
38.77774273121273 15.096186668815045 14.679251536193608
35.08701024208187 21.51942486614437 15.225847038389649
36.9616643245703 23.741368225300807 15.819882940676868
40.12798857341033 14.391011190889493 16.565071369291402
38.95080949004507 14.02597218940299 15.579087713127763
37.549959551215004 15.020695394897201 17.659931125556874
37.44616004178116 14.150487230487418 16.67133087033479
36.436044594683736 14.72999938057639 15.931222072006577
38.63878980998223 24.895386241917425 16.656730647072994
39.686478387371025 13.385388849070479 18.894125378206986
44.86014503001528 19.429008276878108 14.540933253123114
48.613562525995796 16.26466346290837 13.65890930522835
46.31638835075165 18.455387053733737 14.089419858370064
45.36806625988371 18.468399762192604 14.626649680332243
48.84023891682728 23.187125960165222 16.635058236883967
47.50405587588149 22.864187969983323 13.58432834257426
41.86730359687066 16.09345132634975 18.34099518877638
41.88950849184591 16.350470773022394 17.02915316947355
43.02369619039967 16.948051088348567 16.764612202345436
41.55749433474326 14.774985200282877 16.123744228129162
48.166848624163976 25.019749354054994 17.596505956831233
46.30524269188612 13.422727590804923 15.973162760244465
47.64954639917036 25.179050727858808 14.47945000685616
40.96321706039851 17.249307391588502 16.854082613602632
44.56347582138547 17.235264626132906 14.025941708477854
41.76825593554614 15.087600225677104 14.716661706393547
46.1444499426657 16.057539225475765 16.04062698918111
44.993223789159444 15.827211069147536 14.159911953520098
44.91890828480663 14.764141862469854 13.376982446238248
45.774656308749805 14.05863092738629 15.279978054429982
45.30390975592221 13.696360527776651 13.983138340062458
42.418247704331044 13.86856828451431 16.88428533383753
45.50696052682257 18.409098048038516 15.706136451563244
45.660891080869284 15.403643408252103 15.32999974034599
43.59500832274294 17.081849317441122 14.50200309920249
41.01179041793869 12.931717501135147 19.961984691758705
25.97153674341174 13.765880416919444 22.120339962272084
26.164699148703896 19.932531270434826 20.864317979617176
25.41129796583245 12.95537893055187 21.65416418778165
39.487780847108326 12.943286895473499 21.739473130151396
38.6232027866226 14.02215678209976 20.719638227356636
39.028652614995444 13.010927951871336 20.75320442745457
25.789950915865223 26.23005428695824 -3.3500000065135414
25.789950892724992 29.070000281437718 -3.3499998560257813
27.01904429166101 28.359473632391204 -3.3499998696661724
27.019043998498198 26.940528938182855 -3.3499998703506497
25.789949936704897 30.48993512949804 -3.349999868928868
25.789949930515128 33.32006487702966 -3.349999898609415
27.019040198344445 32.61080369348917 -3.3499998481859485
27.019040199478123 31.199196330760778 -3.3499998820866184
28.240955452886 26.229536557689663 -3.3499999097912116
28.240955620618728 29.07052021666221 -3.3499998852381263
29.47004910410906 28.359993814924636 -3.34999990710247
29.470049216546418 26.940008652734875 -3.349999912014657
30.70000000085644 26.23008519821204 -3.3499999238920095
30.69999998443102 29.069969076651255 -3.3499999967768734
31.92995090115825 28.359993799715088 -3.3499999781900582
31.929950780796386 26.94000865511418 -3.34999991439753
28.240960218416156 30.48941303654823 -3.3499998709434378
28.240960217597483 33.320586988490334 -3.349999853253788
29.470049620225804 32.61131706731479 -3.3499998752604396
29.470049619921493 31.1986829560499 -3.3499998810484843
30.69999999413251 30.48996685061423 -3.349999915301698
30.70000001134128 33.32003311818004 -3.3499999807126155
31.929950362020413 32.61131708052256 -3.3499999119982746
31.9299503520773 31.198682944601714 -3.349999974492607
25.789950908621734 34.73999972482143 -3.3500001274465294
25.789950917176927 37.57994571964817 -3.349999893573793
27.019044011074875 36.869471058723356 -3.3499998766711236
27.019044307224366 35.45052636278436 -3.3499999050643083
28.240955604308102 34.73947980286375 -3.349999849613222
28.24095547211146 37.58046343023244 -3.349999824905221
29.47004921899245 36.86999136591723 -3.349999889852693
29.470048961976037 35.45000629706654 -3.3500004054014223
30.700000139891262 34.7400308605714 -3.3500012670288237
30.699999992215 37.579914814509884 -3.349999914696189
31.92995073978076 36.869991390021376 -3.35000012815994
31.9299509058532 35.45000617143972 -3.3500004630727642
24.56000000443905 26.939977386817276 -3.34999998199375
24.56000002102304 36.87002269269345 -3.35000031067592
24.560000005876393 28.3600250473782 -3.3499998453011273
24.560000001287232 35.4499748832653 -3.350000351481661
24.560000004240116 31.19865190749825 -3.349999852991461
24.560000000665845 32.6113481315831 -3.3499998215185456
33.15904454016738 26.229536554463877 -3.3499998870369687
33.159044368743146 29.070520212465183 -3.3499999001195824
34.3809556849584 28.359473633202665 -3.3499998899285277
34.38095598398947 26.94052893023072 -3.349999876580095
33.15903976081697 30.48941300454413 -3.3499999735412542
33.159039761071845 33.32058699246905 -3.349999881167144
34.38095977746908 32.61080371169824 -3.349999950935605
34.380959726470785 31.199196329503128 -3.350000290889543
35.61004907759724 26.230054249607345 -3.349999917673548
35.61004909693419 29.070000275153014 -3.349999899687127
36.840000001488924 28.36002505174825 -3.3499998955310426
36.83999999561135 26.93997735011103 -3.3499999027241847
38.06995091672387 26.230054249559586 -3.3499999050622886
38.06995088788742 29.070000253517392 -3.349999963698761
39.299044335308004 28.359473613410945 -3.349999923521781
39.29904403565895 26.94052894518585 -3.3499998827753985
40.52095548709959 26.229536561451223 -3.3499999116629633
40.52095568067358 29.070520150094925 -3.3500000394315665
35.61005009892699 30.489935083471263 -3.3500001159349138
35.61005006337385 33.32006488154536 -3.3499998613979987
36.839999996054935 32.61134812363567 -3.3499998584077675
36.84000000936258 31.1986518985166 -3.3499998920679475
38.06994984541639 30.489935148012876 -3.3500001352607702
38.06994986500838 33.32006481111303 -3.350000109554289
39.299040237368295 32.61080363828435 -3.34999998802504
39.29904021922366 31.199196508038337 -3.350000476587267
40.52096036742485 30.489413069666455 -3.3500003575324855
40.520960280550064 33.32058693261372 -3.3499999875971707
33.15904436654325 34.7394797718856 -3.3499999446265116
33.159044534667565 37.58046342696397 -3.350000015756358
34.38095596476394 36.869471074681115 -3.3499999293624083
34.38095564154635 35.45052635734094 -3.350000106667542
35.61004907568535 34.73999966968501 -3.3500000334257187
35.61004904890191 37.57994573833231 -3.3499999669446945
36.839999945902115 36.8700227240512 -3.350000458346012
36.839999883045806 35.449974825798975 -3.3500010505108966
38.0699508431247 34.73999972903206 -3.3500004498957625
38.069950871170235 37.57994561532145 -3.350000456830937
39.299044031141406 36.86947088352323 -3.3500002939224105
39.29904433119655 35.450526476583754 -3.3500001894227003
40.52095566220916 34.7394798103504 -3.350000400232853
40.52095562345434 37.58046338851915 -3.3500001506432495
39.38398082770224 37.959605848780924 -1.0745247387146528
41.75004911822253 28.359993798998595 -3.3499998683336827
41.750049235619294 26.940008672528304 -3.349999901945999
41.750049633230574 32.61131705200944 -3.349999837475676
41.750049644564555 31.198682970258595 -3.3499999160283576
42.97999999988252 26.23008524916413 -3.350000027644091
42.97999999458011 29.06996906623514 -3.3499998854610826
44.20995082928639 28.35999383026653 -3.349999953256666
44.209950729467955 26.940008638594087 -3.3499999467745756
45.43904450165792 26.229536479115872 -3.350000064222386
45.43904433744665 29.07052031197124 -3.350000123140248
46.660955839235015 28.35947377437722 -3.3500006128040627
46.66095610243017 26.94052881361137 -3.3500006056084866
47.89004910062311 26.230054228025566 -3.3500000484896466
47.89004908092935 29.070000273973104 -3.3500001025663053
42.98000000278321 30.48996683829718 -3.349999930263726
42.97999998651497 33.320033172535055 -3.3499998468347547
44.209950320455164 32.611317084153015 -3.350000047813304
44.20995033755494 31.198682913859148 -3.3499999895721433
45.43903975637389 30.4894130231861 -3.349999880057535
45.43903975503669 33.32058699688728 -3.3499999342007425
46.66095977222661 32.61080367806438 -3.3499999054880245
46.66095977504991 31.19919631038882 -3.3499998886362015
47.890050050598646 30.489935118386732 -3.3499999360980115
47.89005006176315 33.32006488590555 -3.3499999095699162
41.75004923214048 36.86999134236779 -3.349999848229188
41.75004916214628 35.45000623845484 -3.3500000340931146
42.980000001586696 34.74003093958077 -3.349999848190308
42.979999977914744 37.579914693698484 -3.3500004232280958
44.2099507410498 36.869991330850794 -3.3500000142834283
44.209950864588805 35.45000620781213 -3.349999861367423
45.43904431473932 34.73947979499717 -3.3499999831596403
45.439044470880745 37.58046353945405 -3.350000320223643
46.66095608449104 36.86947111582399 -3.3500005426031274
46.66095571188276 35.45052637050569 -3.3500003238589047
47.89004913077251 34.73999973705664 -3.3499999838963035
47.890049101543774 37.579945753807344 -3.3499998732670653
49.119999977440166 36.870022643258366 -3.349999881546488
49.11999998634665 35.449974952589805 -3.349999916087263
26.68065878811443 34.24281859541021 5.51647518385103
27.23205664897818 36.900447019380714 0.22832287678756114
26.91258935243318 27.73960610259123 3.2840743398090124
27.15955984530262 30.831625522090903 2.9344429245410506
30.415226581617073 27.902530922496197 0.8408480683476127
26.610438108536968 30.944544846605602 5.279617316041509
29.015692462922335 37.368167258965535 3.657422496915943
29.05743068913622 32.513979821936566 3.2144408746489828
31.451188036930482 32.59480970597193 4.211442625116386
27.755114411472526 32.17563976466159 2.5519148029369862
28.284417354221667 31.994185242246974 0.7135519852032401
27.391425524328753 30.206838951250564 4.326591748502037
28.59737423457793 33.17704026490527 0.28918917444806125
26.717914032732054 33.19492012996793 2.5467485502471945
31.48525215659416 33.86656746424978 1.7492110208766753
28.685759831104313 29.704396296172607 4.613184654212773
31.474456269754526 29.174103522694924 -0.2603103286395958
31.477984574151648 30.017864851862836 2.7992606481825035
32.41608031832641 29.036154122874294 2.333553371560888
32.366304534078175 35.14260383705223 4.366390260026083
30.492216197876512 36.8807138440162 -0.20605886203147517
31.117597098363756 35.307018770415425 1.7416731198945723
31.070303239355255 35.70292482762894 -0.04649772287850018
29.834662274873708 35.584481640924565 2.2536303821729775
31.6275140302069 28.389601903165914 0.7376264249255804
30.30989766618224 34.888538170187076 -0.6935099960804436
28.91810029578891 35.10184845614921 5.1825529787979026
32.67247586094276 27.849050790819867 3.1461727746730537
32.0361798323708 27.567850786354633 4.793839518635155
29.283895494864918 31.193195629468 0.5041447760523954
27.234574279448765 31.648060831159007 -0.0709122382658045
26.423321229801218 28.559578972961006 4.10358678989872
26.452879438738982 27.919064713060433 5.270722287745979
31.78943047578555 37.51191806903317 4.38207991202082
26.288897315439502 34.175137236330066 0.023858670574575802
25.87081017105031 26.685828877451954 0.5114280250368841
25.187787522379903 28.69032688533815 3.747867859860267
26.288693722504057 36.375286997409574 0.20237407613672986
27.13324217665843 26.240251995622017 0.25003432702565886
24.965043243850875 32.57034315792494 4.436096366588963
31.520750942617507 27.434498549575725 5.652122828645503
25.79634640506187 35.13164763551647 0.1181001521721814
25.157555402772115 37.16439730464106 0.2601298976506494
32.27141697871438 35.82133664372761 -0.5014803756788822
32.31563286779254 27.402849083404696 0.23961476817738636
25.648091230021457 36.663440433333925 5.017432670681011
25.47135492492441 27.63536418575503 0.83580158201362
32.20274751577306 36.31040051556454 2.3580068130251552
28.083764497099278 26.75190649849577 0.28345569625535694
28.758884957492146 37.81326967636042 6.0655839446631195
32.53363254097313 36.405451782497 3.809031970570685
30.710348214951335 26.44501157081693 6.216819011654894
27.912364505925115 34.71172771766704 6.102344325246194
25.006602275873313 25.61929819601262 0.16104802973450405
24.64509108128409 29.940489555346378 -0.11259468607158096
29.306014798348993 32.246152460263524 6.089664843909639
30.386199801333824 25.56525301908477 5.680766125682444
35.634583470835494 29.616765157845034 6.022919244803094
39.25465174125157 25.69059653887223 5.483701979339232
32.98496423301648 31.643066182800982 5.896758656649595
39.96801484660711 29.835038927475704 5.934652197983288
35.213852755803686 32.66639382423571 5.42312310961081
36.68045783620695 37.99996167978265 -0.7589272414944215
34.66804743102502 36.77196637626035 5.13081626251347
33.73229526062865 29.606077125818118 1.785399106705502
33.534711259246336 31.888672612863875 2.9424981469358116
34.15923101899204 26.75609962305159 1.35059114235347
32.89386822079848 31.558564682618858 -0.31064907529592234
34.64397478443751 29.18213889528892 5.079340910083607
37.77346245656543 27.66798930599124 2.7806525755180846
36.11734316654945 26.523692488780636 1.7388936853880443
34.203519100022966 31.080652438888446 1.9728782187674976
34.29545881891961 36.87169544997198 3.923759933506229
34.060655206103625 31.717334296536496 0.27299944228700745
34.3264400221601 33.07876918011444 0.32813283476163857
34.99450111604202 31.180047413789033 -0.48771245970126387
35.60168552274969 30.98703693376634 2.2108975561790056
34.645906965119465 38.10747640695453 3.5158683756050015
37.06055045275399 32.16835447562326 3.843206301065456
39.86991858069547 33.8835038237912 1.7524689188214826
38.50856590109691 33.901202049579176 2.2937254619144785
39.0837587198456 34.165004456425905 -0.6778882375178841
39.208443845911944 35.977855256309084 0.31497822108128903
39.80124220942775 34.791491186252365 0.14781839564975696
40.11471657594162 30.972069634603375 1.7727265856905905
38.86336155550789 30.73978096786813 2.4037002710636624
39.792502937180124 28.558949903361494 0.43633422176740044
36.94887741443575 29.924869822873436 5.464958157328366
35.16253310647049 36.033860421552475 3.2516111303911286
36.81254680290383 27.743112718935077 1.8127610346292466
36.58540556491613 28.452879745596785 1.0310720774784887
38.52967601831194 28.368766233741233 3.1022932856220278
34.92136222362312 38.173098259469576 0.9886799506107735
34.93730659432307 26.220066580583183 0.8071143930400482
39.385027959558535 30.25817916354417 -0.6917984652392761
40.124791243870874 29.829671435759234 0.2920523827435484
40.32304461698178 32.45828183112844 1.3008405421982416
37.57260741479313 26.442177064208803 3.429368201096592
39.16435924175637 32.09522548916477 5.598966832987861
36.58545631168757 25.840541768748697 2.8159440844290105
38.09631053359197 26.172498134102263 4.249799988533038
39.64714143863264 34.66153610203555 5.743866549487716
40.30569671677271 35.494988685347806 5.938960723569059
40.844482693384634 34.613170553211305 2.459411516197698
35.1259914677585 26.758210478404575 -0.1218092661284953
37.7649934660482 36.80329194282661 6.102200468081934
48.60891633390487 27.222306870806417 -0.5062845797482984
46.3584932049547 28.08340793566279 6.096415342767685
44.853569868605796 32.12780564102154 -0.7202992787851314
40.96985790686056 34.89438122220262 -0.47035179201800115
46.90908355869582 33.307513399595436 4.191867111819959
46.90686350552484 35.3646997809081 4.552759575822257
47.476393695129275 30.63760939807987 3.177577248817615
41.20843073789926 26.41080035002872 -0.03276869162127216
41.333009539494185 29.91182511387025 -0.32459463893548923
43.1189823242036 36.997340599316686 5.6198711288748555
46.2453567596062 31.24089602347433 1.4404591747535744
48.64859449925019 28.1857122333464 0.2823474189171826
44.751580467201244 29.743240549339973 1.646147808927173
42.78580886972904 32.30603860247483 4.369643506163845
41.29113477320483 30.531449689674975 2.516897819882793
42.43371186159244 26.028744766306517 0.42611440215898466
48.03319472500185 34.311206368360175 5.85942987312551
41.41816799536722 35.6762832377469 5.248978993595738
46.65300592130333 30.51488126123695 2.489558078853642
46.74055115434082 32.16871624692862 1.1948331494018838
45.299668652403284 27.057667753132893 3.549448367068112
43.41700148085758 26.5570870145634 5.008089296885846
46.72836051006266 34.82080740441072 -0.42209865918406253
45.267145267567216 31.467676429165678 6.188034188413929
45.65762876079446 28.636266696696207 3.0471754549901497
48.53402422555029 37.2887393632568 1.7141604465556104
46.929098500050095 35.8088496217671 0.41870568152083565
42.70041157357714 31.470268344283287 5.539359249197755
48.581627898830085 35.902914637711156 1.1522504795541444
41.65235898497171 35.11036074911288 4.445868592165658
45.024131654646844 30.916966268909825 1.0930141327091392
47.66231712529051 34.342272948841305 4.6061290767785
43.18327976385511 38.18994504796509 0.6044244695501266
44.642225942419216 33.639601986312684 1.2195689361625828
41.340091100201725 26.45434787997737 2.828721730225089
42.828901800216016 30.0356085231045 5.353475341260674
45.9619075318934 35.68723100588486 1.392296011472558
43.06230121531923 33.61820832333578 0.3072932353295166
46.55192125278925 36.888494188875455 -0.24090225797248288
43.83779421792276 29.174454743871618 1.5573931025368037
45.65743665675626 29.49033259356564 2.508035949215206
44.11753227197801 38.03589281082454 -0.33266401725027595
43.55333747423662 37.385521870772294 1.5484215446902128
42.00122549363169 37.652889128337286 0.2672196660124615
48.78798105152072 29.311806348480363 -0.4642189531139651
48.502143176455974 34.69603866925173 2.1205682961783943
44.3162977096421 26.146728830856343 3.9502024062101415
43.32992175748686 32.824754367273655 1.7692040260796404
44.31042393913709 31.704328838675565 0.12454384120680673
47.3097405510816 28.258312280885878 0.5483883759367014
43.826429044092734 33.03579807490901 0.8220815062108799
42.139411278023076 36.65525383584038 5.919566326904452
41.467174357650784 28.23973582371977 4.6990859169565855
43.36621787566303 31.30947111794707 -0.25050587606516683
43.25620869370858 27.063461207080064 0.3654227711878588
48.262633952624256 26.227104441280108 5.482100354095624
49.11161436896455 34.43761613976299 3.4818630531603234
27.666794907303913 35.78265637481815 7.207490129640853
27.674844452284976 32.39345054300315 7.45278471304683
28.447373990509664 37.091056128453125 7.299267140103643
29.53280520689429 36.8417898024103 8.23187937048071
28.607098479643515 29.260188020745243 8.63764827164757
28.291852263460203 28.438717796399494 9.281003922605448
28.159206739386928 30.145558160699363 9.088882916148382
29.473087098456023 33.53889165112653 7.738428929404328
30.165779659119107 29.21917725659764 8.354875735792321
30.41893864715944 30.155189706728503 7.856988981441702
30.580779322494347 29.25470446335418 9.362155784854908
28.60115805385216 33.12767699391019 6.847652653447756
30.29718803796593 27.16140520144398 11.182400559216441
25.738045839332074 30.047992163883382 12.389449209574899
30.764199306126248 28.190654184374285 7.541414783907465
27.959793528591366 29.091108840915137 7.777120217989523
27.03215494167768 31.51681715519336 13.201216199744245
27.02529004295852 37.98204536036202 9.40433818795141
29.662615411668163 26.458234699496032 8.190863642754797
30.321681004531968 26.86041630310387 7.435693130946406
26.56479188069753 37.644696967735584 12.308449930810262
30.988247628692097 25.735640089058762 13.017387244216515
27.513241798020395 26.249828557208552 12.240039978443349
25.463466289121516 28.40362690045898 8.266450545500678
26.187496670124983 36.74171296350061 12.788416817438863
25.80891240984779 36.08247620211381 12.007276080494343
30.639975960441884 25.854707620190595 11.620611478754375
28.350378577978883 35.918430947621495 12.72784792399846
32.11146563352529 36.59194315589612 7.909507260527143
31.57025419585911 28.463735102340483 6.492913029419459
32.49613431199748 36.7571099320419 8.905072398454706
32.41978189059378 34.73572886194183 9.933672728322739
25.106574401752685 30.521325817357813 9.410952465970862
26.869813206677875 25.62768460588935 9.425699220661093
32.60255849395006 35.79805591950062 9.866934914574921
25.832906735965228 30.97601048589282 13.293425076981073
29.884940102662437 28.966501112948496 12.87474472656519
32.2166337420938 29.312229955481595 6.323650020825795
24.56642488017905 29.363168684956847 8.854771841400769
32.93419115994371 32.59911907440543 8.44142651193774
32.98403401862057 26.545002842719093 10.567998977741983
33.039065094374095 29.802691359465662 10.731081937231767
33.01125960180233 28.102908349863196 13.24460046580514
40.93151235820165 26.207880535303058 8.207369996494052
33.72765520699357 29.28712931194125 13.197117221459001
33.4451784914906 34.26569002975829 7.157201096499804
32.797553108598706 37.98669535038363 9.380941506518539
33.14019101258401 37.81090988596598 10.63020990830389
37.65801536454824 26.013594225771268 10.913335859888825
40.49037424989065 26.79371641331111 9.422961506226489
32.9681029237705 36.526756706182944 10.96880763257339
33.23471887978319 36.170819352863184 11.875628746278007
34.1045680693115 29.542702884438345 11.431989503768458
34.79503736196156 28.529009919368747 10.955013136571033
34.87481550752545 30.65466303199435 11.290450669578892
33.89863880718127 33.06924047764084 7.577110242341696
35.02522329008856 33.32436582751883 8.287934365146556
34.75613161016173 27.75773182863302 7.7964111782532095
39.40420828070126 31.24715168279308 8.097390054127347
39.892855185272246 30.30363392303059 8.78752576682263
36.51724677612982 28.702004805654983 8.417311916193583
38.08746805489658 31.110193400835698 8.101074860340944
36.602519549076796 33.63691036829162 11.601073032877224
39.68590054128636 32.44116948150277 8.631785140328383
37.877400806250584 35.194155460934844 12.15275346578456
35.90543403665718 28.274331260228315 7.3060259573019035
39.18061615337594 36.5501389084858 7.808849468047124
39.20330397801354 35.9120580992876 8.69227356987404
37.30631747518882 27.035804046538377 11.052962780386244
37.348089849512114 34.0717091991128 12.608933723824922
39.46904780739625 32.68537066859542 11.6818535800811
36.52164936557099 27.195794229537814 6.868605611836117
37.692532318993145 26.08097818706617 9.825968405206142
35.107495325986726 30.82557976051709 6.8689990964639716
38.647968405059295 32.78975702776939 12.92306186212179
40.346686865253595 27.69603111849455 12.31382713162897
37.88709332713323 36.30541443831964 7.064130618535977
37.79704843733106 35.244381699648 6.83131858030956
36.98285873271779 36.5493773672255 7.621752253133673
39.299783071333195 37.5818143479929 8.13982534800101
37.83427331988586 31.63203338025012 13.18334085652445
40.337138656972044 36.37212740707944 6.933724768030122
34.29799531603712 32.005645759300066 6.292886975151879
38.698820533142246 26.00699108231093 11.237034792857848
40.558326645348295 29.95838084741803 11.252586770199452
40.03587033254193 31.19900610439219 6.346152011273212
48.981908771427634 35.427105362358894 11.918340222371317
49.087900773121554 29.719321202208082 9.640514886113385
48.07911449667312 37.23165812157692 11.317811376247182
41.111130535744664 27.827672818001158 13.079592329127385
45.62980166425642 26.043115740996647 12.468694289219656
45.137631449542575 37.807178842783415 7.254695334747091
47.97638973715988 37.5285376704813 7.818033979449128
46.62085158774102 27.904845110204135 8.187847075185918
47.22375273380311 28.06730772745759 7.077724470193523
46.97433305927177 31.164138420319883 10.081311392599769
41.47974894683063 31.830142389521903 6.422866344013579
48.4606407789951 36.49790349553149 12.379774901574814
41.242022774532074 27.059383199869643 7.133805687463683
48.216235646866664 28.841152209471748 11.427063083428331
48.20926029673442 25.695287738342564 7.890601407098313
47.921224369062756 27.263662221587968 12.915080337738608
48.48827040418075 27.74690260932682 12.133199578661616
41.82324493078245 37.69404196168702 7.8149486635953425
47.65768211843154 29.31679234296926 7.078577724734066
44.0591860674699 31.451690334107727 7.790199211406029
44.18688977287129 31.976572481028718 6.594151695410097
41.556382708046755 37.022518922882504 7.0123021895370075
44.45422009984824 33.261818458529916 6.7980041031493315
47.00118349231561 29.63624031602936 11.67033606276339
46.19524574501569 29.214238706878184 11.069937037519752
43.51228879237622 34.364750494453936 11.003572293594594
43.27646382359696 36.36250569512567 11.545186376619371
43.37012142961375 35.08840362613611 12.062763734106584
42.203943375181865 34.63628368886758 12.73502845637134
45.93055258695647 35.636304118443185 12.533216588379567
41.7472008559272 32.47491507761661 10.789398856275822
41.560537582405914 30.325331687008422 11.417875362945772
44.81094058657401 34.8586996022534 13.215909677777166
42.092283763078065 31.536361529529824 11.197363345094594
46.735648119475975 29.51060325819461 12.720005675393177
43.38248178298338 31.565661720173306 11.761851205965524
44.0068621509516 32.3437225799708 11.919554897560994
48.527655508189675 26.63581060096784 6.826192300960309
42.521925733404984 29.632585319659427 12.131868609420142
42.890006694231246 27.443256466131707 11.886034577629012
46.27019194192018 31.724569162391628 11.538969684378667
42.496477019200086 28.2104143351682 12.552895282297538
43.447936592435504 30.521910745784627 12.513750124362911
47.081080776472604 31.099999403556215 11.164173854514862
43.46943486975036 26.350998641749097 8.755442533576517
48.038502605830345 31.542342305067717 11.439448622810367
49.041132559359625 28.8902238820008 10.331029453231329
45.13213561178643 33.45462356984563 13.187255506957747
24.646775423943684 33.13086432583222 14.503655540061548
32.276142414552446 33.500966890127984 13.535101719571578
25.19092690750445 37.04616571977041 13.902557083022733
25.965169577380575 37.859830823166064 18.200247130633556
27.92979857666428 37.020139456065614 14.004102642248645
27.339850701568594 35.3685718109435 14.039405628129188
25.897973760277765 30.243064471154 14.392582605695113
27.532255117575726 36.21734358553032 13.383153378351144
28.02893743809807 27.520762671152667 13.348891632557343
31.12494334615427 32.37932862794894 14.845889274393903
32.35859455377578 32.864436510624 14.71573624083826
25.307563569271647 37.85338893352733 14.951515869343602
29.531858830593023 28.699409287213218 13.859831307454924
28.401052503866346 27.993572610014603 14.160113636314255
32.47353426261995 33.8879245217675 15.604735008800649
26.341056951810696 34.12665503327952 17.07795760641618
25.743313416340698 33.00617700483872 16.94269977914063
26.537236684486334 32.00046172571207 16.566645593439837
25.325396537657326 32.73443915164387 18.19871230848491
25.39017076171525 26.23201897916312 15.754302255587378
30.084037882891632 28.98343441709328 15.029665429603222
30.985622094426294 29.51684406283613 15.292382119826048
28.129501704740605 28.060155291144348 15.380789683513202
27.33257905967135 27.54030417732185 15.89173891482234
29.0377198966946 27.84884269338023 17.885994769789896
28.38496501208728 29.435924013021005 17.488908974600335
29.136023609067838 28.628327831467168 15.97411885203874
30.468921778771847 29.42695209997401 18.99342173492868
30.48653190273698 29.355110602879847 17.905934409665722
29.254891180892706 28.788566397549715 17.378199542338656
31.385443235209294 28.761060692763078 17.741122030241673
30.742917234148287 30.328333998024583 17.487362092330574
25.72013899321466 27.33873489845126 18.8921749632189
24.840765084555557 26.43933403574477 18.414518929466105
32.55090430108782 37.71107120156121 19.682513241683704
32.89808896112651 30.444290552888727 13.641397427622744
39.94031338235293 35.99107905663016 13.905986478874299
32.74745121508192 26.027908121324884 14.58425752661305
40.64877053929966 28.594937611158574 13.700581838562417
33.17261773083938 30.821948944026882 16.094848181221916
33.45174775555044 31.389316655692724 14.819025951409676
36.47176521322707 34.35026521658716 13.565296135351407
38.76106445099287 37.762204524464664 13.793819816915079
33.81095031997998 27.814466880553027 16.588007128717457
35.06623426428609 29.2735343937348 13.734470296936882
33.96405374468762 28.71147919416874 19.551907446846958
35.29629501843272 25.936024930700768 14.78743816133108
40.324684996774074 36.92513144778867 17.705166914054494
33.4442915008199 26.636673165931636 19.47633550851308
34.47179944672491 27.576352049719254 19.21816442056772
34.91874201773323 36.755428683940416 14.850587975499558
35.459308691155535 27.340292003478044 20.063729044017176
34.76108184548463 31.89807169856793 14.692213374029116
35.0247800276515 27.84337235206712 17.400600895752557
35.81881195232361 29.074817704153542 17.314179509322457
36.403410642949794 26.31626850411868 15.669877078515345
35.94860920912218 26.699541512066553 17.07896060021395
40.27707654973976 33.253305170723415 17.656517696030868
40.90055707423395 32.94590915739507 16.563081867902653
37.156280821799456 27.3706644742078 14.980384197964318
36.6629882390054 30.312182201376565 15.269303968833576
38.906866594646935 31.416222331010395 15.851743739728864
39.39374120529388 33.263667328998785 14.219975322111672
40.9294222005955 31.322171677002807 14.576183085658606
39.949131543263626 32.178116798801035 15.160883435934164
39.58000537913339 37.025133914518676 14.549580832659185
38.820737195163375 36.51751800678327 15.505993367700924
40.65721114154285 36.878273125076625 18.73163204272547
40.167305892460796 37.756592289780144 19.64040425410244
34.28894653271588 37.96131263845754 14.619770462887988
33.05687194051671 37.68329138411398 14.529866838607482
34.83011506472136 38.267596240560074 13.437229155806115
41.2622914451337 27.035958134676083 13.813375839210927
40.976704953693414 38.2589370144364 15.104711904643795
43.060150984099664 28.16307264768869 13.484630451856672
44.12980709451798 30.390911162689502 13.340969398416163
42.00193930607105 32.213397459283684 16.864234122992652
41.21937190065027 35.81489694992293 19.2511827079175
41.598516418966085 34.97425898124294 18.689064180026396
41.379014936791904 34.14637089754291 16.303688289487305
47.01359049744289 36.310177807890106 13.479562781289893
46.626626580020954 37.61190843930595 13.951527247685377
45.468311337963186 28.272338195739923 14.682686325326989
47.5520834491685 35.451485227327325 14.469261951951813
48.675573476409085 32.098716746253714 17.839164658879817
48.429346776857294 30.725708042901864 18.166257798649774
44.26979774904284 35.483492753176186 14.40519435876685
46.8870175276493 31.292817358514235 20.245176794162127
47.93690339799003 30.60941524682559 19.99779856049228
48.16247199620319 29.419672596498298 15.220775916893398
47.22713908835181 30.279322741701638 17.371062614031715
47.072942985034004 30.11206779459045 15.847756518092538
45.524127294259756 35.53081413520238 19.99275058769296
44.512752922536535 29.54606821998727 16.10604078140218
46.825487690444625 34.484825169860535 17.85434228198054
45.65324971377665 28.904759156718992 15.83114103207209
44.36224700627073 34.97670213197126 19.72398056765561
45.459946702443375 36.575606243296924 17.537509813474674
41.94984351016678 37.44820348998664 15.72036661721961
47.60405183663652 36.72123826618975 18.741138480825384
46.423774542275545 35.80070874272532 18.382681034319283
45.73093318086319 28.157856288248805 16.89120960209363
47.65753796240327 33.4683397223732 15.652108617876127
46.68341618395403 31.293041015330395 15.163296734540015
44.262366992478135 37.78940859768715 15.915813020560618
47.571405010548524 29.349615364134948 20.40239777435058
40.86505404299277 37.85259650602871 21.619134066083934
40.64781311948191 35.05975805650819 23.06783421543965
40.641203638713655 37.239037023443956 20.758997008701616
40.918999850910225 36.048982220106275 23.43660692430692
39.57928073204555 34.84450668147585 23.065514129929742
45.20924809411235 36.598524318676446 20.66856340756347
41.15874571672854 34.38159590477015 23.751313532635344
41.18611395672363 35.98462866698772 20.59428270221058
46.15739655130377 34.72002366662305 20.743010625310077
42.44170656201846 35.13573001381299 21.807203320793885
41.37431386956357 34.9708571138103 21.66026875402253
41.254892545450666 34.050365638439516 21.088837226042788
48.813632647092376 31.02513926551496 20.808698836773626
25.78994597304406 38.99945562264081 -3.3500002196264287
25.789950765084512 41.83000865052765 -3.3499998626206997
27.019044519178117 41.11953655337479 -3.3499998518123206
27.01900532949422 39.70108178249321 -3.3499998747742135
28.24099467270408 38.998918199938494 -3.349999901166342
28.240955906095593 41.83052891660211 -3.35000010884303
29.470049087925677 41.1200541845414 -3.35000012691393
29.47005405800461 39.7005443384429 -3.3499998682130605
30.69999998838398 38.99948981386111 -3.3499998444124546
30.70000001358275 41.82997736655373 -3.3500000728998947
31.92995090886939 41.12005425329084 -3.349999953417697
31.92994593230235 39.70054433206151 -3.34999989100792
25.789950824942913 43.249993803365605 -3.349999980519933
25.78995036786571 46.0886829353756 -3.349999978975604
27.01903972098182 45.379413203943756 -3.350000688408734
27.0190443181392 43.96052010002806 -3.3500011189312406
25.789950395533424 47.50131700458483 -3.350000026221026
25.789950800664624 50.33974807853875 -3.3499998859104108
27.019043484404996 49.62946796569622 -3.3499998502189765
27.01903976635848 48.21058575909301 -3.349999953622931
28.240955709441167 43.24947364123415 -3.3500000632997406
28.240959780388852 46.08919634845944 -3.3500000285435405
29.470050030355605 45.37993512357476 -3.349999865862745
29.470049079669266 43.960000296263466 -3.349999881003244
30.69999998945805 43.250025062289176 -3.3499999353389267
30.69999996852877 46.08865188016417 -3.3499998646207363
31.929949928279385 45.3799351205894 -3.349999887901766
31.929950883038444 43.96000027180981 -3.349999887970674
28.24095977976485 47.50080362081098 -3.3500000723080503
28.2409564684286 50.34026688776456 -3.3499999867182373
29.470049247806127 49.6299882449818 -3.3500000137420716
29.470050034687098 48.21006372353748 -3.3499998531020614
30.699999968358235 47.5013480794505 -3.3499998623156424
30.699999995482596 50.339716752545755 -3.3500009067483028
31.929950723389055 49.6299882850022 -3.3499999321441787
31.92994992394886 48.21006373589434 -3.3499998819320798
24.56000001256062 49.63001958142665 -3.3499998929568653
24.560000026514462 48.210031997479014 -3.3499998859838676
24.56000000303758 41.12008518365061 -3.3499998520425622
24.56000002401108 45.3799668366659 -3.3499998701029687
24.560000006153654 43.95996907834841 -3.349999858686854
33.15900532058475 38.9989182108109 -3.3499999271757854
33.159044006111785 41.8305289330114 -3.349999899613821
34.38095547811203 41.11953653626595 -3.349999901594607
34.38099467933065 39.701081776493695 -3.349999909609985
35.61005403397495 38.99945565313151 -3.34999997232884
35.610049239054455 41.83000862746877 -3.349999911143443
36.84000001116707 41.120085171549604 -3.34999989532228
36.839999944083836 39.700510257108554 -3.3500002294810205
38.06994597568313 38.999455757847564 -3.350000953546756
38.06995077344437 41.830008614341594 -3.349999915988912
39.29904452343193 41.119536544807836 -3.349999895696075
39.29900537399239 39.70108185615885 -3.3500001456228023
40.520994737332316 38.99891823873454 -3.34999997395929
40.52095597597241 41.83052891511227 -3.3499998956493817
33.15904429640917 43.24947363366502 -3.349999904845146
33.159040209815814 46.08919632049247 -3.3499999085685483
34.3809602259284 45.379413027559735 -3.34999994624945
34.38095562833171 43.96052021155254 -3.3499999193511454
33.15904020704974 47.50080363076575 -3.349999893885003
33.15904349735966 50.34026691313734 -3.349999977387733
34.38095652251033 49.62946800397357 -3.349999901679992
34.38096022668169 48.21058578003968 -3.349999898801097
35.61004911229257 43.2499938029726 -3.349999928181079
35.610049626005484 46.088682944009705 -3.349999929585119
36.839999999690875 45.379966836037475 -3.3499999242358713
36.840000001014594 43.95996907241688 -3.3499999316579334
38.06995081178279 43.249993771872845 -3.350000194288439
38.069950366308824 46.08868293667558 -3.3499999321615617
39.299039751158226 45.37941303941685 -3.3500000880266345
39.29904439030721 43.960520279963625 -3.3500006766775026
40.52095569781953 43.24947357056189 -3.350000262622266
40.520959786131044 46.08919631513224 -3.3499999881193334
35.61004962820357 47.50131701556662 -3.349999913756274
35.61004920453053 50.33974808306216 -3.3499999664122457
36.83999999642078 49.63001960253918 -3.3499999047034787
36.839999994728 48.21003202713149 -3.3499999121017976
38.06995036168028 47.50131701557899 -3.34999992203866
38.06995077445743 50.339748096646524 -3.3499999096980315
39.29904345497336 49.629468002416786 -3.3500000322828347
39.29903975888227 48.21058577633644 -3.3499999314666473
40.52095977916748 47.50080362925742 -3.3499999367028224
40.520956494391605 50.340266935402646 -3.349999939045041
46.66095568495916 43.96052022798011 -3.3499999494765853
41.75004908980393 41.120054240535694 -3.3499999037044894
41.75005403724797 39.700544343213096 -3.3499999116905754
44.20995086101109 43.96000031188134 -3.3500000455620196
45.439044377748814 43.24947373769044 -3.3500010083029466
42.9799999894518 38.99948992617373 -3.3500006751755453
42.980000003013004 41.82997733590494 -3.3499998861209477
44.20995090017039 41.12005422096447 -3.34999987421855
44.209945965889624 39.70054435610781 -3.3499999051781923
45.43900531547747 38.998918223471236 -3.349999896342446
45.439044038652085 41.83052880214663 -3.350000275705427
46.66095548607919 41.119536527018745 -3.3499999898443225
46.660994664972286 39.701081777555 -3.349999873908623
47.89005400972748 38.99945563510655 -3.3499998948482457
47.89004923030957 41.830008660677116 -3.349999955560911
45.439040205610894 46.08919629235786 -3.349999997759122
47.89004911449267 43.249993792422686 -3.349999881345539
47.89004919555965 50.33974809895493 -3.3499999745876554
41.75005005832922 45.37993512049029 -3.3499999642368907
41.750049147140835 43.9600002749862 -3.350000225451221
41.750049294110035 49.629988316240535 -3.349999918088394
41.75005006224635 48.21006373643755 -3.349999936588447
42.98000001429048 50.339716881739406 -3.3499999347889062
47.89004962742243 46.0886829360662 -3.349999996665952
46.66096024359002 45.37941300541401 -3.349999921660335
44.209949956709075 45.37993511503801 -3.3499999115011203
42.98000000701665 46.08865187189806 -3.349999932061889
46.66095652702172 49.629468000619525 -3.3499998672577638
45.439040186738254 47.5008036639576 -3.3500000486852355
42.98000000545735 43.25002503390771 -3.3499999264304217
45.43904351702644 50.340266928741904 -3.3499998681151055
44.209950726181916 49.62998832018213 -3.34999992135139
46.66096024661904 48.210585808505776 -3.3499999425871607
44.20994995367052 48.210063736641224 -3.3499999399364877
42.98000001520399 47.50134808164 -3.349999930635729
47.890049645888254 47.50131703120088 -3.34999993442921
49.119999795374795 39.70051023858335 -3.3500009110119677
49.11999989362327 41.12008522194182 -3.350000387996314
49.11999998922122 43.95996906047052 -3.349999899051024
49.119999994277585 45.379966831165504 -3.349999926278752
46.32263287419523 46.90222102839193 -0.8649436797797827
26.93747508853167 43.07586967509877 -0.7445278790290999
24.970685243282357 44.79105816996628 -0.43637313744391615
25.768355881464664 40.89969845784954 5.428327623448118
27.132108446289635 43.33226127998434 1.0472665540341042
26.013194650567996 41.297918550390044 4.133783699444676
28.684659436320864 44.88042015334741 -0.08293119613695055
29.51371588526062 47.58576086261227 -0.16397977091567095
30.8165304862786 40.90896312314799 -0.3192081038447836
27.620506751704323 40.43553792105383 3.5448186039320637
26.92682605534438 47.76995915594315 4.401877595464077
27.167617587012597 45.98870399412681 5.522947908106929
26.79424799544367 45.88327893078908 0.08058452755759116
28.53604125517285 47.133159814920795 -0.08845090872204309
28.16740996006095 45.827405186262766 -0.037408382386384664
29.86960137403285 50.27060190576784 -0.20511781302862464
27.240463174348644 47.31873795762363 5.616976593768136
30.445984697880395 46.14358997258627 1.807920879368965
28.981508501472803 47.91345969334554 6.213556422390419
26.027422968642348 42.62109507253751 4.258595106272198
29.89387186279052 41.483747115826496 0.3752552360989003
29.983142575241015 47.550681867667976 5.204063866335041
27.865109125416236 40.8105134507425 2.0609792389999573
29.19326011491828 42.142129776749364 -0.5380798615984639
28.900315626044268 40.116612242148626 1.157566964841632
28.663616071927347 40.93463332709456 4.386250041480358
30.315040915137782 42.357979448347486 1.232621825323581
31.45360140917094 49.67399081886216 2.2812500744484865
28.331597667544145 39.442677622587645 0.005606788202121571
30.819063947322412 44.36323903152977 5.689061756771327
26.38596599024592 47.12992251214379 0.06342062491345168
27.45603965236961 47.916014402000336 0.047494395711962234
26.25061566483279 50.42689608805069 2.1148909178722572
25.448865659100466 44.95125694965274 1.251309600522793
27.2693905179812 39.024187109690075 3.7211146805263717
29.77712928626936 39.36293522612566 2.0161814347123475
25.32566616344485 47.32892420342749 0.11404279304175646
27.198900269124092 48.89273147721782 0.04573583144522164
26.448477988247515 43.320641459591165 0.1983764688716505
32.22460638562318 48.38845397468731 4.707755799598222
31.850866698457285 47.10717810173835 0.6224687464595391
31.634114735877677 45.988143422890516 1.300212004859277
24.9855223862108 41.1120174151443 3.306134478947127
25.603870233433987 42.63523659557201 0.26878891727096565
25.517373590161146 39.054892487659636 -0.7676928064063171
25.819767897787454 44.751648539201874 0.24597979746540544
31.53701036584605 45.083303934826546 0.3836572286132278
31.80481310869568 41.113046282399594 4.279935979710344
26.00533578319351 38.84281614107322 0.9114467662495196
32.47309359979361 44.081110751533664 3.131476149063015
25.132780022857222 50.85527482123939 2.964967201501818
28.25112693669687 43.37627695129518 6.099445439671439
25.221579772676467 38.62055790916971 0.1872728957218961
25.474770008237208 51.02319349020598 4.320397634758373
34.48971519881724 38.60623387958142 -0.5364713756156769
37.89740878398528 50.64583653143507 3.2103578773314934
32.871115694119744 42.2985411627726 5.837794193195652
39.328702578344036 38.36550496953012 4.858966874532705
35.57619157507683 40.983368061140204 0.20690204057310368
35.08813406773033 48.6527755144332 0.45117159415083874
39.51523025681968 49.7058023834251 -0.5963237549688594
37.57684347916978 47.953298610378084 0.12485371404721057
34.231020221638985 47.990488693700804 1.719997552701421
35.7489368301999 40.05122502482977 0.7448318099607409
37.75636544718979 48.52391189511554 5.533809344601482
34.40659055759294 49.74752498177111 1.4433681615515248
39.21047959106616 39.82992220578708 0.061023455206771215
38.025013163752796 41.528227281350865 0.788454100792626
35.70898299428161 40.26998218805436 1.8119067815043144
32.829091538350866 46.49996431492028 3.4120605879541612
39.880284072586306 41.508360343642366 5.0624093969914945
33.33456316025704 50.621041108813024 4.201836997134799
32.88685521654124 45.44475885607778 2.4574141403367245
38.87688580858778 49.702062927258005 0.27482627887232436
32.98898889471089 41.73515134716461 4.576904571533445
34.70023134315571 43.51436333280251 3.971850411436696
40.14413205839701 40.18943327577943 0.1993884100579113
36.37149320103679 47.52954094009099 2.481921087108377
33.81012522867484 40.68102578502608 4.827895924174164
35.92269969045826 48.9367066126157 3.4416410142031895
33.581318815675694 42.93340314162207 3.3298683688161965
33.967147319701084 45.37338462653744 1.534583164674933
36.15108592604533 48.59584751180028 2.43181191915716
38.158861591787165 50.23681243924616 2.245608313443589
37.42242006783494 49.18314891935247 1.8491316997520502
34.93579128117672 48.79775255692804 1.520691735381231
37.90434806399279 48.85160702625697 0.6270317071514664
37.25629032731042 44.08087921283349 4.4986889660737726
38.458326382226026 43.87846272759506 2.2384905779137334
33.75602891792582 42.298420940703224 2.050851593629183
37.41717115418643 41.69560805441552 4.602699033876837
38.18963713080599 40.58140737014589 0.29567524066949735
38.522976924713504 40.93997937893157 5.196749403936889
39.68699116742385 46.888401395694075 2.822854369336504
34.647345474179836 47.752541959464615 5.6110007337358265
40.324232909323875 45.884797133377404 3.574551243641668
39.60821634912179 45.599677624499044 4.8130202670285485
37.113776535298165 39.81777928850402 0.2678238500253438
39.7325835485029 45.437122691786726 -0.23958020210870012
39.80867834736049 43.8215192801717 1.8666920213982463
38.735408427650924 38.664267623768396 -0.5753197460078807
38.75171022738842 39.34009321577338 4.104130864336232
39.102420349608956 43.52793355979834 -0.5817203339936083
37.70605277194127 38.74371035805121 3.8127166307654203
39.9483513334876 44.22093638431364 0.11750338797943738
40.73754074560396 44.68344552904185 2.6308213979277206
39.5096008403378 39.51162153387522 3.032597682163777
36.15536873465232 45.933773431240255 5.596304775471647
40.35018679352176 42.485525831891856 1.8245975100909473
37.41980602810633 38.716110716675146 -0.43197952688790897
33.66482121580795 39.5053831220938 0.7301580015059472
38.888483698648145 50.6347182361603 1.2723233564006242
34.62052170555115 39.06716900746477 0.4425732942482896
44.40136020689437 40.52842375382354 1.0864781865627904
49.042690468550624 46.40793485650366 -0.7503655388049868
45.53174053404105 46.69783308885221 1.6434494271710376
43.85904652068514 50.19641105311703 5.471794111712061
46.62392100697056 43.65876994720036 0.7300460035677414
44.79334731857822 48.899153685315035 -0.009678558705558116
46.28840016448726 38.59245591378191 5.169691848454738
45.440882656475075 45.153877903654674 3.598067883194438
45.03349811795731 41.73478988115779 1.742392457676325
48.66653796152707 46.27097569656435 1.2625764173587772
48.463355756168006 45.905809956737166 3.8420829734318627
48.33187259144304 46.4117335658063 -0.03285350772332718
41.90037536933977 47.79635228778688 4.726581950492354
46.62458900038696 44.874067809756454 4.931321985894474
45.98726182527769 41.33134707928734 2.7341541086760754
43.345949825293594 49.96057780214463 4.551188627000559
45.232848580118386 49.36674628038583 2.3738155783833514
45.28556247309228 42.92124439627497 -0.6542649751320351
42.4725076896318 39.9083068589531 2.384746674829674
46.74846344687676 44.006999014806205 3.4084099974005277
41.14692252732118 43.824767760979164 -0.45433270739948517
46.00053962465767 42.55195415124654 0.38564457582065836
47.58915170219095 46.343118873634545 1.9902307595751179
46.157529444536124 50.955703847611595 0.5673786956576032
43.57581868814115 50.80876879012073 1.0634768828886854
42.666355860650654 45.9253494351597 5.077581217261774
42.75045198402184 46.8066906797531 3.1175535021023473
47.283080149343235 39.101902326625826 2.798385345951676
46.869014528364964 41.62654613779177 -0.23189555112885896
42.949653420416055 39.98089084059751 1.0773244208435462
46.51374306362812 46.60158532540874 1.204351032851212
46.48345974626946 44.96563416447435 3.8543827414106824
46.935163499999234 46.62914013621462 -0.01840185642266401
41.92546042863216 42.034503745448774 3.8523740514837668
43.79892040735948 41.12549604057826 5.086816535182476
47.46305607956736 46.095063699006516 3.4526172125879873
42.5562621172439 50.04874355413572 1.476923533859411
42.051390959692895 40.55620940852414 0.07248244550599026
42.011828727560726 46.63862717521339 4.158426769083658
44.146960955723756 42.73250088604644 2.2291455774302174
47.09288482950872 47.00990813158238 3.9153621863198005
45.072626880356005 49.872633434048204 0.9923251375958664
48.130178971738594 50.891957279194465 1.8448343981682247
30.084958962455435 50.462345197516676 8.75332006510601
28.85421919442966 43.651012898940536 8.168927946284672
27.61813227123981 43.33318176668281 8.938732778754284
27.683242965406734 43.98962399858289 9.806456348866536
26.34371848876731 43.58954516501602 8.147182100764002
26.313649850927263 46.02688764985436 12.65585561765738
29.197459200606367 42.27187107167578 12.274496085692764
25.45011857983485 43.6599723241444 8.7673588640995
31.560090100185466 41.366166394715044 12.159056688882764
27.645190950780194 46.0547102474577 12.391894615061375
31.189287118518028 40.15179597375017 11.824645164364455
30.56026849075869 49.4576724354773 9.426540414330379
25.996393998146903 42.811837701433575 7.467008005992238
25.66356893177936 46.17901037296128 11.538978548845853
25.85368897768375 43.26501744168415 12.857642459040727
26.20695907556294 48.90094904469547 10.41493272937132
26.236004127245593 44.43364001844206 7.46600554896215
27.827515008283893 39.593889639148884 8.304936515965567
30.928359016822327 39.39536903520284 7.536675280844035
30.01576703895071 43.89622927899254 8.648316310494598
30.242597577256372 43.92944190435131 9.703704782998422
27.57149490553833 42.306088164976345 9.300677097410018
28.99868356772006 43.74992366045499 6.783512117810439
30.848009006308963 39.51798735263564 9.261371001498963
32.415288572043224 50.75493486678682 12.556712939768168
29.12053495320246 47.342612554053595 7.528603616053124
26.259837114316205 38.45834332189342 7.444592845761054
30.8728360176532 44.45541455037563 7.757744300233115
26.104307691343855 40.92139355756341 10.880876377469228
25.30332188624954 49.04326228374809 9.822238227900197
31.651309109394074 45.08060414923836 7.910117560529812
25.342629214275735 50.32061371392859 8.885046474056686
25.346089925755322 48.15658613311747 9.189722379274604
31.630070547552847 40.845132197219 8.239990242705195
31.466653355952733 39.77985113934422 8.402996650840196
30.238932775416433 44.2187097260357 6.588483294884916
26.257629169849523 50.229695678420704 8.29971836663882
25.262850388210666 40.76067591684832 11.933761909540092
30.10443218200901 50.32358968031015 6.79852377768283
27.326941140306825 38.32353281229579 8.110742641299106
31.395188985298322 49.808737505166725 6.396406032271314
31.906530710740988 41.97014389281835 11.062324482000584
28.803715173727284 50.700647357525895 9.079451979262247
25.046436239717654 39.48945560779425 12.243354084915891
28.845333457018054 49.444699677936 6.483974339942744
32.73410474908685 46.292531114369304 10.795172722351701
26.232635068742436 47.61276912923962 6.423602049716031
30.310691097981156 42.393523187601815 13.152913421454164
32.604833672585485 46.65033947497878 7.59945125368909
30.950105168937608 43.83410545392433 13.333246529847704
32.750782335046765 41.13257186157146 12.717626045773844
33.25978577688673 50.44647572691193 9.123148953647856
33.93774315967261 48.26464364412144 8.877659452125133
33.51589676907767 39.96448871999412 9.204683560707073
32.87489542305798 39.268340312044785 8.663763355009081
39.3704126365537 49.14447180278772 10.775118102069344
35.16172019014034 46.52064983000689 7.645486077174356
34.60483999302621 50.90731811754456 10.69247523746892
34.82686944445749 45.662633863917975 10.409931552992767
33.570525142885565 45.82287781375557 9.871140173566857
33.09255527295313 44.613410265066335 9.6368549977499
36.31573287610742 41.16380547093793 8.585213244255023
33.82499758270877 46.93986350117196 8.347506380404916
34.859655949417174 49.939337247099466 11.09803887340978
35.1812235488659 41.465618112089274 7.969582291305306
36.8143814239955 49.19076060413734 7.2713865028815725
38.6635294663079 44.516813414614724 9.435527358924446
40.245431285078965 42.753444335668966 10.662905073701705
40.50796874029367 43.68262449776693 10.366597276075602
39.735799248343625 44.49516048428369 9.562683424144002
38.1332717626019 47.56660904422814 7.351663345841761
40.35745406518059 45.91224944042877 8.021578969947543
40.62843907611748 45.27454490372953 8.850011253042382
36.27230567982849 41.74313020533 9.792075285797216
37.92182663559036 41.66976613779249 7.775288847759723
36.4297933387877 39.80202109426201 8.853041850408648
38.91364327201246 41.67249977329618 8.830094164000297
39.241266135373095 50.19055101852354 11.649923593471346
37.802427784375176 42.98361437420641 7.142013996351042
38.619583777354784 43.7679775334943 12.753156062179155
37.982984915966405 50.65106177611942 11.425269182407666
33.33669554350449 39.073494245126255 7.6958399804023445
33.49057189131475 38.58731661927092 11.294157062974474
38.23798281136727 40.561104907232505 6.649078034084452
35.64409993709886 46.9985782883779 6.326363673011269
40.500437301856195 44.477097726356035 12.87139341668944
37.17087045852669 48.0902701508222 6.6344933978745315
42.75065693941178 40.05792395390971 11.409359022426308
44.192940780504536 38.905905996081934 12.508613218208144
41.881346396953944 45.00338734568708 9.372102100121504
41.78889217411194 43.98274582639163 10.176720306799782
42.580074051250776 43.503028814386305 10.733768622181948
44.93496909747852 50.014532205875724 7.364962146491626
43.39850454334422 39.97766064245686 12.566677948760475
44.20998202983604 41.00304074286852 12.39167053724604
47.04428709258945 48.853533479634294 8.726168215068329
47.45666153825632 47.360822825678014 11.445203177078993
45.2178543605163 50.93904444597028 10.753019020104022
42.794917197636956 42.927007570529334 7.181849622141985
46.640228275431326 46.16316522272198 9.883945980800652
47.73515581891894 46.800805643682146 10.262198607694033
43.97593026470889 42.341193480645124 7.390846752965792
44.0677711256693 42.23752359505177 8.710996178832067
43.207658118176724 46.75174099050799 11.25815122531492
43.463163903120545 47.93005625068442 10.114505590725908
42.816675987265576 47.070596910168945 10.291940132539702
41.844893853681 47.530586221019156 10.471242444260328
43.999430214540524 45.39013088903256 9.195911934238348
43.05245871335799 45.923008024973555 9.281859218677843
46.75591692105431 42.99326847782307 11.893623856413848
42.84801189160057 46.396170237421465 8.321432741325015
46.82637776455273 44.86111789919775 12.963764847077526
47.0973569199264 43.55304838049282 13.018304657270864
48.3461165460654 43.454215492306474 13.05914376806204
48.24147680433869 48.112352700504005 9.067179894277022
42.936460812552866 39.84453969496947 7.057276606896512
43.98295837703157 40.65342989030872 6.460801348414231
48.80521584483636 47.35345591589459 7.871741829072388
47.621553334671226 38.72553465342517 7.5533136141882204
45.481524667784164 40.14090458706151 6.799936967964387
48.62036111074357 39.116312284998585 6.779926852520105
45.54011322690578 49.63627318200691 8.079679358731672
44.62946648859463 50.97078686139789 12.789983725770316
44.82951605107707 43.253187942515716 6.881313167051396
45.99107733380514 38.77722073029628 6.588246144784552
48.64292707051289 45.84959297861395 10.315958841113398
47.563406231789486 39.38691183390325 8.712569629467206
44.218787746223384 48.24466661306877 6.341174196392167
44.33801585958861 49.317962370581604 6.356036019954917
25.72421143716609 41.8115039620997 13.362708177500581
30.85483946339188 47.09982038126775 14.253064664198938
26.886467610127447 41.304166517768145 13.975191158267865
26.245829238357747 38.3133782590494 15.224402942256809
30.08085444231296 41.65145852744046 14.380826617779865
32.596321092553126 46.65538579898859 15.556841951653501
25.830878068627797 44.57692645365279 13.832506035775491
26.04254115715964 47.049066566241436 13.35070570744693
27.58694602813557 38.86294333298923 19.035362360890645
31.880600585582787 46.187477756937156 14.509269688012168
31.308709816418375 44.38918106521422 14.729043524802886
26.996982547058902 44.515432831784274 14.76617745819315
30.06812496674759 44.44649356750594 15.524674858981676
25.84008502874901 40.482788731206135 17.823954212561684
30.266107212790068 50.89193216843436 18.49846877980005
25.08830909418061 48.26322524941189 19.566970386810464
29.201602448638663 42.628423811649206 18.5413986662449
31.5803192628078 42.57058883781524 19.104183705792813
29.9820318475364 44.518295395168686 19.800365351816755
25.453922460260248 43.15560947031436 18.19416968289848
26.899000000158924 40.59019558509089 16.80185714682256
25.064542250381145 49.194196073894965 15.926599146799692
25.65114072079777 48.67721236643167 17.130406923638265
28.279401233691644 42.53702779755808 16.09237399259455
28.215222412556102 45.91287567170724 16.831563887568397
26.519416711480563 43.843047697011386 17.47771587782731
26.708930040488674 49.64675913234645 17.673958825112777
28.15885605800834 49.720872442430746 17.301395965244943
28.867738499296127 48.49221764822063 17.114437068562115
26.1346993577367 47.29304200398469 17.080695410916537
30.966035970708813 45.69222343614212 19.402447345379965
30.40872263566387 46.28209893909489 18.18918631124616
25.00077198455222 44.22202894692353 19.597427043232504
30.209664364517014 42.973161282839975 19.467702922391975
28.960770330136636 50.54878786432612 18.671978406679745
28.904973093802532 49.84286139458859 19.795723805897104
28.394280978224607 50.71507550162448 16.293908469085128
25.97917723237515 41.7896593943832 18.64850803739355
32.46840756711284 43.71445887829775 15.291124075682685
31.659961641422903 49.81497276125543 14.314518768931194
32.37147815504759 45.39063609029888 19.23307227826972
26.332969692372156 39.00628443245018 18.76609884832885
31.228664019100403 48.2609023987983 19.93030758746082
31.94001228477118 39.73596109002795 19.284275081240814
25.862945220346276 38.869825552169786 19.980448115696014
26.0803566399832 44.63738083308542 20.220250136112046
32.68612223473365 46.29917651812972 13.446566465195508
32.34686012699453 50.85699003033956 13.936195149542861
24.56654871533505 44.897841376141706 14.385563353752678
34.275976032049904 50.97926431724746 16.941671385318468
38.94403462865184 45.687040192670494 13.568358391714618
39.75334502189292 38.67157540240935 19.53296915225163
32.92842456794909 38.96943204759479 19.768873502573527
33.60532940027611 50.731452160527276 14.479399607495896
33.46448323263528 49.365397446008174 16.922672931554676
33.96384305503819 38.823062562273314 17.254635481922968
38.44250255012164 49.065878120061214 13.812760091138243
39.643980067434065 49.80532153234079 13.466443142503627
34.68441711527871 48.47441910907341 18.762292031634264
34.99891653538201 50.116378513260585 19.316956446633974
39.36223273990446 44.440764160697235 13.554417232594831
34.40368052479868 40.508581983599704 15.45578328939272
36.20963317729425 39.03839637636384 16.129682717334504
34.786190753094445 39.22058832946564 16.01061647844046
38.526749063787996 48.006793457894496 16.121177679905625
34.05171231856047 50.074317445987 17.506363289779216
35.094982925513364 49.44014739772172 18.467496190265297
34.61683528126902 40.746721507413746 18.60250637206664
37.554312250683765 49.48660985886394 18.60219812026566
36.41534684935772 49.229123150772224 17.97876536138779
36.67934075516653 48.68224076315383 16.85148974364674
38.5539901400491 48.98533531424485 17.97422709283151
35.986508143507706 48.11407565992977 16.248520932163203
38.21391986369246 40.42782714985752 16.631028928767215
39.54388468593806 42.33220509227525 15.106087692015315
39.48187232086509 43.721906790130774 15.344443053183824
35.874737927282084 43.32530716484821 16.566697746425458
38.20543530328639 44.33578468717927 15.98643563259867
33.48586131757594 42.7517038190345 17.221305695245157
38.00928463039493 48.48362336658196 16.84572153522752
37.025604565388264 44.91761498371594 18.360125282520304
37.233744674543814 43.646195695713125 17.00181200331902
37.91430525041866 42.594488513044475 17.668210727226167
40.69251957312172 44.30716057991359 15.81510529559682
35.54416766121286 38.51280781506609 19.24324466031603
40.65912380211224 46.15632822270938 17.933719790166325
33.31530319853535 50.51693870197968 18.177100221508475
36.265026743158806 45.964008210456534 18.045955807581283
36.473986664785315 44.33462831883042 19.372842056456864
34.429247853950045 39.293868149593536 18.66951973765213
38.30812267378198 45.234307570706314 18.795683869775775
37.61185632803239 49.97252061961655 19.564995820494406
39.81938529976036 40.31479220583979 18.88017885679885
39.60506818079496 49.00495960101703 18.22171414209503
40.17577405096861 39.09447416803919 15.981193000695134
40.86378371594679 41.13215844422988 19.32226514313848
40.67711498927366 47.87114482706894 15.859424329762838
39.9498004184326 44.915320682406936 20.083950527248824
39.738674213084614 51.01297533713051 14.222726359715235
40.96088199877713 49.057588553477515 13.585177755626795
44.398387867112994 45.62602232136641 20.399597829644108
40.958827042508 45.23722704867487 19.872665025861842
43.09148963399723 45.66317314024784 19.810991916518983
48.25314235414179 39.58621224105188 14.35968751018813
41.22589060854663 42.357850219308 18.552085057706865
48.05229488020716 39.48040451498161 16.66805067725257
41.41514717571552 38.98053915190075 13.78537998844335
43.22001607323587 40.05185562452787 15.105020935708515
41.30360519942048 45.84629639471134 18.646898585147778
41.500098465229215 48.73153470644804 15.023196847435885
41.910957471488274 49.95381245902025 15.691974538539696
42.86837106762451 46.58022180192321 14.250087534338496
43.09669487850547 47.794339387255526 14.794068676439505
43.782442573602694 47.43356236868239 15.896147119177733
45.096049897218364 45.20254341250128 19.67707910558169
43.89810197391265 48.43337617926713 13.963218825832488
44.862709455312014 43.13141144285689 14.247235988759574
43.21046229113507 46.6257110885115 18.01332737144201
42.585200745912104 46.06316577335712 18.69081594578519
43.69520458249592 38.73699679569422 18.1978959476793
42.36592099048857 40.13543245961107 13.961462073892012
41.75780636230358 41.415982271449415 13.85249024440764
46.86108851973529 46.42326194677769 16.093111082437993
44.82605148442626 44.18723425361807 16.914237679071555
46.26133850796212 42.74054695527984 14.485207508554858
43.54530080806032 40.06405268354574 18.775460376863066
46.94067981342333 43.40672455468295 15.792007619591423
46.52430316506452 41.314439102971036 14.329954668164731
42.16686959170861 40.21364646769148 19.58705816689993
46.24696976498924 46.528820365195536 18.159770696447982
48.033441231199504 45.62912529326354 17.542931764663837
46.834914763411234 45.736849444928694 17.257315366523347
42.699828482292894 42.87962073607244 16.059132177187703
46.214762600822326 44.0185010414397 17.014254958804862
46.696446373257416 43.362720187905516 18.212494899004977
43.864186447596126 41.15113791253238 17.92562733277514
44.778625350087836 40.06814758868769 20.158183063285595
45.94778023657937 39.45581521552265 19.941610751364426
45.07737818183946 41.34641915927119 20.39581217999076
42.92951483874549 49.31997110538618 19.294442369707358
44.88615920052979 47.60850032675794 19.868836618289105
48.52000154244188 40.3135462946897 16.340598004502144
48.76592455170698 40.296592622379855 14.991204835002968
42.1451833634253 50.529782167051806 19.679957787692114
30.81607503910223 47.14280049955643 20.544841364262567
29.579281640657207 47.31952842261858 21.008816416901883
29.744006288038864 40.732572702409946 20.880438654743124
29.793224832178304 42.080488859119264 21.057425266507007
28.573481904414557 42.41225964139152 21.432362542137533
30.681134426808455 42.31731470788538 22.014297287609427
31.559924724852934 46.91261190148118 21.65557202790561
40.907798039426076 50.40581354664223 20.619416652774593
40.40166026287793 40.76534989535002 21.907734042315496
33.348023916467426 39.267590397531514 21.028396484105414
40.162406880570074 47.97961384906473 20.45578689011015
40.71383135317478 49.029804886560775 21.35669676264725
39.360204721895116 49.37902974182345 22.62154668901124
39.1942233865066 48.45222098163629 23.576540532561474
40.288178976442204 41.69706889845342 20.99871759084827
39.003575430665975 41.98609822051334 20.982024389064254
38.15277171325092 49.60005748458955 22.06509574604694
39.56011570617105 50.459997189352855 23.26925396281812
40.83908722967054 42.74418573714532 21.62958580904093
44.47843531402424 45.04645263204273 21.31926699978066
44.74779609018678 47.0582371382979 20.799517053795125
41.79802081346054 48.587640451563196 22.15883551042286
44.20546240633718 47.49511058857215 21.63803703813156
42.095508702101945 44.99296583320281 20.5654712036284
45.812633934119205 47.06463520695656 21.032281807750596
44.30698521466627 39.519002938693426 21.296084092982714
42.36706681960012 44.62458005777649 21.54370844949537
  
  
