  
  
1.2299506799839823 0.7102494397040925 -3.3499999455494214
1.2299459537582702 3.5405443965200694 -3.349999957967734
2.45900535244969 2.8389194170341687 -3.3499999402534355
2.4590436527512787 1.4204752250346138 -3.34999992907111
3.6809568082438906 0.7097304946593815 -3.349999912677996
3.6809947110026657 3.5410818377491253 -3.3499999069444963
4.910054083015869 2.8394568049767646 -3.3499998802751496
4.910049297495336 1.4199571527993007 -3.3499999048696627
6.140000002261662 0.7102806792389292 -3.350000090728021
6.140000011799169 3.540510209141548 -3.349999905590245
1.2299509201243224 4.960054269735152 -3.3499999485308765
1.2299509095297712 7.800000273763549 -3.3499999442560946
2.4590443280923857 7.089473641440256 -3.349999981243026
2.459044043335014 5.670528936198836 -3.349999980694629
3.6809555080700633 4.95953656514279 -3.3499999039103456
3.6809556611486562 7.800520198030331 -3.3499999136654344
4.910049130606626 7.0899937987716415 -3.349999882715701
4.910049231247099 5.670008652656399 -3.3499999411238566
6.140000013294269 4.960085170428912 -3.3500000186346677
6.140000011307955 7.799969066656987 -3.349999872163534
7.369945962841061 2.8394567999572025 -3.3499999058906784
7.369950756772874 1.4199571708335335 -3.3500001096038323
7.369950877742228 7.089993797824796 -3.349999910730239
7.369950777549238 5.670008647663837 -3.3499998957485824
1.2299499480011182 9.21993512349325 -3.3499999406385363
1.2299499412537325 12.050064866061511 -3.3499999320395615
2.4590402288010975 11.340803681412783 -3.3499999437582986
2.4590402297778975 9.929196326534212 -3.3499999319895455
3.6809602510916037 9.219413021576397 -3.3499999170384074
3.6809602451538845 12.050586954889877 -3.349999914501355
4.910049653957869 11.34131705701895 -3.3499999028692673
4.910049653109415 9.928682942861974 -3.3499999037318373
6.1400000109906445 9.219966826570815 -3.3499999114061474
6.140000030674152 12.050033148382381 -3.349999872057369
7.3699503608505506 11.341317083006064 -3.350000029758843
7.369950372088438 9.928682945854673 -3.350000178961128
5.944232138990948e-09 1.4199261308012214 -3.349999961001451
1.9586218729011055e-09 2.8394909772068533 -3.349999967614865
1.4159695638227277e-10 5.66997736407423 -3.3499999468074537
8.599043238943619 0.7097305629616785 -3.350000282158697
8.599005305950291 3.5410818093373457 -3.3499998788749785
9.820994600057965 2.838919297141161 -3.3500000851473244
9.820956369833892 1.420475269350716 -3.34999997548014
11.050049363630583 0.710249477553012 -3.3500000993357535
11.050054262458898 3.5405440916594224 -3.3500015960485516
12.280000068371239 2.8394909764966223 -3.3500001459994855
12.27999997598255 1.4199261501661582 -3.3500003650159247
13.509950703286174 0.7102494423197381 -3.3500002209308155
13.50994594657085 3.5405444010104903 -3.349999868157364
8.599044509458402 4.959536554967293 -3.349999883623096
8.599044378886454 7.800520211057707 -3.3500000268948016
9.820955702490597 7.08947364297216 -3.3499998781860474
9.820955952427624 5.670528989081181 -3.349999967712046
11.050049224914401 4.960054532369323 -3.350000851849785
11.050049108957328 7.800000294133842 -3.349999857224871
12.279999989302098 7.090025056734663 -3.3499999045003968
12.280000037175235 5.669977365308103 -3.3499998717650703
13.509950893622934 4.9600542366568074 -3.3499998489636806
13.509950812067332 7.800000280269637 -3.3500001284727166
14.739005320758077 2.8389194377002807 -3.3499998747390514
14.73904363719933 1.4204752504730371 -3.350000005272854
15.96095676359147 0.7097305115767187 -3.3499998842938705
15.960994652079089 3.541081835655469 -3.3499998572165666
14.739044272606266 7.089473510973816 -3.3500006591342943
14.739043996115836 5.670528863912801 -3.3500002706993994
15.96095548084318 4.95953654266606 -3.349999921941158
15.960955778470664 7.8005201593656235 -3.350000409361804
8.599039802966136 9.219413040647387 -3.3499999672261973
8.599039764668724 12.050586989339411 -3.3500002554063624
9.820959813277183 11.34080367368451 -3.3500001240825785
9.820959800647405 9.92919632339425 -3.3499999124035327
11.05005005865072 9.219935133378035 -3.3499998543715694
11.050050062757002 12.050064862184522 -3.350000022656201
12.2800000011716 11.341348123847437 -3.349999951284638
12.279999983909061 9.928651869524032 -3.350000051033739
13.509949911730008 9.219935125885412 -3.350000000165455
13.509949921616721 12.050064834653993 -3.349999843836483
14.739040207643406 11.34080366552881 -3.3499998459323987
14.739040198363854 9.929196344900094 -3.3499999076830465
15.960960271804979 9.219413076516895 -3.3500000217154557
15.960960249880262 12.050586945337905 -3.3499998536761453
17.190054040337984 2.8394568167224086 -3.349999887010621
17.19004926618801 1.4199571698033622 -3.349999878584379
18.420000004766486 0.7102806990702228 -3.34999987875194
18.41999998044481 3.540510237189197 -3.349999902945725
19.64994578012877 2.83945669239712 -3.350000524670346
19.64995073014355 1.4199571360738554 -3.3499998808691833
20.87904322706287 0.7097304963419497 -3.349999861754298
20.879005564726928 3.5410818448854475 -3.350002822981546
17.19004913478256 7.089993787316606 -3.34999986411171
17.190049227487577 5.670008650068286 -3.349999874956006
18.420000012998152 4.96008520415163 -3.3499998718801627
18.4199999987343 7.799969078561569 -3.3499999139316494
19.64995086126218 7.089993779605755 -3.35000026978319
19.649950752153025 5.670008641754232 -3.35000001207293
20.879044577321277 4.959536722732389 -3.350000230682922
20.879044391709133 7.8005202589508835 -3.350000234951004
22.10099478826892 2.8389193813831737 -3.3499999860351948
22.10095637103792 1.420475243175524 -3.3499998589458024
23.33004933217333 0.7102494599490621 -3.3499998847077164
23.330054053185176 3.5405444121207217 -3.349999862694232
22.100955672317735 7.089473609919678 -3.350000222816024
22.10095596838536 5.670528942817383 -3.349999901099264
23.330049074020334 4.9600542638789715 -3.349999942099405
23.330049093665053 7.80000031461634 -3.3500001034603
17.19004964611075 11.341317056754828 -3.349999865450749
17.190049654766096 9.92868295971278 -3.349999854634349
18.42000002315596 9.219966847697975 -3.349999860866909
18.42000000335066 12.05003313317455 -3.3500001185934005
19.649950381124967 11.341317047937729 -3.3500000686367395
19.64995038858132 9.928682932508314 -3.349999959722015
20.879039772330216 9.219413026942785 -3.349999864919301
20.879039752421274 12.050586938241576 -3.350000084939958
22.100959763068293 11.340803663707646 -3.3499999649564915
22.100959742150444 9.929196286266896 -3.350000001160651
23.330050046771763 9.219935094246633 -3.349999925019681
23.33005004380933 12.050064846072562 -3.3499998657106786
24.559999993679906 5.669977361116752 -3.3499998610880533
24.559999993059744 9.92865186180663 -3.3499998408004448
5.5596943549728675 7.018741872331654 6.10401355121769
2.861841700687096 1.1863997214371265 1.5643431430557986
6.174429303119323 2.42198597383758 -0.02048179379846138
5.864106323076067 11.855416060538785 3.706695657610269
3.6468472465526722 2.131414335078835 0.3991772335919863
1.6783037309845703 0.5604863173677754 4.820357741469091
6.1919742461682254 2.6099810568966717 3.2436077883009826
2.7118791078125404 6.371876612098526 -0.14769018504991904
2.907704196458782 6.540329248155636 1.963331125244242
5.502483089458847 5.575371798013572 2.2687239792113223
3.3163269852907526 5.834413505277417 0.9211611126983654
5.2766222806144 6.108628813107565 0.9191983201250276
3.060651493466436 4.548989624387034 1.12436995431479
5.9647883278419815 5.464585410167088 -0.17095899316185714
5.534143171922407 7.57302775684742 0.8099309739881344
5.911168777258406 9.5762956937004 2.2891974011658265
6.498741148938523 8.362881825432643 1.7186265038066229
7.742729855722869 5.361754032155321 3.494476941600404
7.2754319982072655 7.512058510941981 2.5771408537640217
4.652563013240469 7.179206334913948 4.9547828343379425
2.2799071025351423 9.91094956150142 2.459333312607944
7.523291204142174 9.937543977882843 -0.37250220505157805
2.5215262443012434 8.203594836795487 4.081220441658182
6.592086733087369 1.4382913039358804 -0.17638903455273414
7.838939890647203 8.997946138054512 0.49708169514299905
3.8444258744344686 1.3348143557720522 1.116457624258903
5.970590919629924 0.2333852235521357 0.06816609770080695
1.234178713693095 10.867901472579195 5.578566296968162
4.425998533132162 1.8556988964770371 1.8770840360874197
1.359769180660166 4.998490348248292 5.280267166232222
2.1670263309256095 1.3143368918736131 4.203138548776591
3.6201322529105924 12.310794264298691 0.53539278865538
2.3520788463447038 11.3072019462352 2.6000721118215875
6.31415084111879 2.04096499589002 4.414136757996092
6.953256107487129 2.801873514918689 5.259805941143435
0.4747118115160637 7.865568667029713 5.601101767240375
7.1694523494125715 0.4096950664868104 4.281903136010574
3.480102691340836 11.903759650607526 3.2271578022794745
0.9910599759185644 11.839548652511542 3.2321289982513046
1.9474016847500657 11.226845603874407 0.0424315841560341
2.331786421380996 12.042259237661627 0.9590481767707615
0.3452029635052652 2.1595342437880443 4.917595539952096
6.800604631376081 6.336722197673028 5.944786804583554
7.926518583367383 1.251565218998176 -0.14712676176244832
4.997058488890391 1.8305873810240918 4.806457904639806
4.898505662629972 10.318710510125081 5.302634361317246
0.1751952873816448 5.360738346966936 5.8454862167840504
0.5188038944156099 1.2967227496614326 5.56065000388794
0.32046732863233574 11.241205356532118 4.54276857959648
4.566274483835051 0.10455237982905416 0.4832147679676879
2.4988408587187103 0.08701402426125782 5.359470726174415
1.2361137362069747 0.010944575790610145 3.9893511933722117
10.156982444048309 9.638590527890626 6.077555320364003
10.656988041117248 12.602782752923057 5.711512953678043
8.257864762446939 8.00356065683534 -0.2801245692302401
12.005835890894483 8.479352326206067 -0.4722060502345371
8.442468531508743 0.7456900466687715 3.65204959440213
8.68135647873703 11.631829700244626 4.632950932264427
15.6616595145661 12.098270836848688 6.1067394743779175
8.865922700617997 4.638746041569449 1.4793695023800746
11.716221249106832 12.479829796712668 3.006722653960531
15.386434704136862 11.62182466310638 4.908242730542733
9.297643324446007 12.052494764306452 5.878616667757369
14.98167697635015 0.30426894220464046 0.025994730805363186
8.959999431361325 9.527899720558846 1.0360194382422927
13.080883165556665 8.684674638338915 0.9031325975081206
13.210733885290102 10.59847056690712 -0.23846787318643647
10.699059213340462 4.069651088169424 -0.7930729866015229
11.321810557385621 6.7631001021184245 5.585537479294906
11.391428113146343 8.770294888184416 1.3007733768338925
13.19531124588934 1.0728264986319413 1.0501957690990948
11.502333430099139 10.69396037368537 -0.6566099126971858
12.995223176356758 5.897952745897655 4.684310824171254
14.532328533781655 6.187209337480321 1.6111854817345606
10.930400382582711 0.6447665631884705 3.6243001652334006
11.163032579243753 5.850766628418167 0.21221801467080192
12.420582124306867 4.1460699515532715 0.39761068001035293
9.40965096818709 4.711528322846637 5.016422077630343
11.28539062759532 3.107418153056837 4.746515984300977
10.148013200293327 4.13475633050652 1.8399561492143668
11.127605532600132 4.534209886263812 0.37216463359016183
10.740878851570933 4.445524699264562 4.494923380461095
10.80663897239586 4.951172599699012 3.0129429583344756
12.106411274451522 8.960969356385283 0.5004344942483907
12.203329189175642 10.384779900468754 0.11870446291491032
12.084248563519495 11.348859502066064 1.2443919053349195
14.493861742734595 0.7277300648234039 1.1861803289165218
11.928080831199665 5.592634919836887 5.41992658608517
10.178189072075568 2.754155043596325 2.15053277352954
15.054280628953673 2.1654016921574923 3.5311727472290144
15.526510453044269 5.98350660790206 0.7131404304552968
14.90323147099068 5.9968829147394365 -0.47561336663234144
15.463668715430584 2.014951408711545 2.0932161414431407
15.318440374338277 3.3211871192678966 1.348795364501847
16.3296672133384 7.0355233936608395 0.8047264392221132
10.485091214665461 10.828830954639466 2.665228894978784
11.275648347177283 11.492578586122578 2.347646618940993
8.700099045534593 1.9897312066865023 -0.29906175955287106
16.121621788207314 11.078899634615054 0.8851150617599701
11.355758941656363 12.68146534891765 3.9284113373943486
12.982803899271042 12.455440470520525 1.2884462273497044
13.951095434702305 0.6371085003868255 5.758459477350746
13.852473971616446 12.578191329682474 0.6599510467538794
20.47384052869201 7.144154050369811 -0.25168032927512685
16.41153935414979 4.470210530936261 1.1418827026210532
22.19976947141237 8.79848164889949 5.881634275480728
19.699073011777905 0.2653369312617539 0.5507913112117702
18.450959938218297 12.387006711401453 -0.20219594951305986
19.91737179356513 7.141215301692722 1.128718145086841
21.56874540863109 3.484394546339797 2.8101556174028817
16.797892822181336 1.4854031161257517 1.913027335929618
17.938781558736906 8.469890725139114 4.301040933751972
23.120000419027704 8.435006580175695 5.678752838279202
19.69045527607961 7.741811279422767 -0.717741894490963
20.61007756580954 2.931080127341674 3.842160016287276
24.423625807193783 10.48032730240616 2.9155616401733453
17.82427942318122 1.429159931930484 6.1654858409614866
21.806729950531768 2.888822807287048 1.387112228422479
22.74508413307111 11.572346217395411 3.9731411175410933
23.592389692594747 8.034225906816728 4.503456303857661
22.907755179507703 7.843992773450917 3.690137830863196
19.304300159185427 9.831194619312669 6.055950630298167
17.018374785246532 10.661205907879094 2.838448811031032
18.898878575563813 8.232358266761752 5.2660462446158816
17.092761010644406 4.231376595360573 -0.08297379899730783
24.007891498824453 7.7236523474156185 -0.05135416475416932
23.01254955967246 6.917152276695959 -0.19041339458302442
24.20298176436205 4.013603578367564 1.2670014240443572
23.473121868683737 9.034974924228464 0.12981147770066204
17.235884375281 3.086341693237797 4.592343709488639
22.1524615327328 8.912136477762148 0.21531759048961652
19.95439534468966 10.414363476482237 4.929077857869029
21.540936249109212 2.917176507793729 5.427033119846085
17.741638736221525 9.687756657593708 1.3052402718176148
21.298615704929393 9.572733502637716 0.24628326959632796
20.382661994191974 6.124680825036293 -0.6264613557258591
20.40175478772349 6.283111045071983 1.5946904616217994
21.40902207689413 3.8637993426818475 0.4400573209842451
22.275429390889393 1.8588107967060765 5.6495466005800585
23.95934155971857 2.318587039897246 -0.07686131966673226
21.502023108321463 1.4936959406032835 1.0610158566647154
18.87067589918706 6.84031087918377 1.1732628786093413
20.297381937693455 1.5677932024023478 3.7041447939806247
17.264999972680233 10.873073015014443 1.541751094027125
18.49324679579426 12.210216071552034 1.1876865212486476
19.44846649658113 3.8008887686615096 4.206632810009523
17.170190979380656 4.699539301077777 2.3419549195985603
22.639463344775397 11.018889304816447 2.0647597791208447
24.07598357045938 2.0733059050465106 2.049252245148473
23.49892850443932 11.486346698212104 2.881422559678212
22.460754611375112 3.9933246970304275 5.413294157290313
19.992797213418243 8.028960811557763 1.7566663245627756
23.625260275407346 2.872227688048198 1.1059112825173734
23.062039505536973 5.903390137017266 -0.5595164558582111
19.773576578573568 11.778414004836906 1.7786765949493943
24.154366534403977 9.857784677589544 0.2888391963299908
18.302774683095226 7.360626848362711 6.124172870176514
19.97540179381014 7.675628886895045 4.810920306762948
21.8699049712018 7.672164051533963 -0.20462511784127613
17.876848244174862 10.400005711451428 6.171495709339673
5.261635969678561 5.499507947042133 8.278710099106183
4.695980384181595 10.739133527968729 7.797798222501763
5.580136371566464 7.863679535033968 11.527899070531848
7.062627034804309 7.115553502919344 12.912032822379862
5.914120938866898 11.158450629953235 8.160580539222359
3.9138185979709452 2.8264653590567335 10.977812723284
4.633724861688188 2.3359556581833636 12.113274507214042
6.360424684398776 2.1563161049545707 11.34282335557065
7.251176943003639 3.134827151241861 11.389331116899005
2.0839091909595346 2.373830849539708 7.2279514554715965
5.802844429549168 6.891239754690201 12.393803225685314
4.202907900307257 10.272356311592658 8.849388133571724
6.922225714732053 1.2024726200526765 12.001477759691522
2.990459949530987 2.2907647103314575 6.646861325919637
5.7122208272042005 5.7603865262176175 11.716233983370145
6.383500076530634 1.618311431187006 10.132712094512119
5.62920901488241 8.40638903234043 6.804206161000824
2.718370953847169 3.0381554143685507 9.11187146224002
1.96543808922403 2.8098464085110146 8.478572876079388
1.5161872093973598 10.02042637366507 11.829818014831005
3.3075359761276584 6.067141660467188 13.094056754604845
4.135565657598175 0.9426428384953301 12.558346643927234
4.587258576662801 9.494067150654399 6.451529694310953
1.1584950196397397 3.446774424420379 13.150057657980398
1.7076577677971077 7.098269270138539 9.634356948269966
0.6332669161997985 2.674306813219409 8.847963732637089
0.9091897823297076 1.7905166648752806 6.899428289796604
3.9358018784934377 11.819101359641117 7.565098355877384
2.1091978338639206 9.434230817341811 8.441808684261181
1.0403281536078024 0.35573173535585517 12.56564434660129
3.2588078814238743 8.969425663902904 6.58376482408992
3.3875219871174522 6.355399734229961 7.769527926232714
1.232334095169483 9.150063451212038 8.854675359832463
4.560589946139147 5.909332388856233 7.196866783391547
0.9921346215125008 7.896715970922283 9.504320440263626
7.184665271157772 7.703638462319058 8.57664339330362
3.703331418947635 0.299192636319162 8.467987066481088
0.9378474115675286 4.690926160132572 12.818413702650416
4.255313538801474 4.7366581856969185 6.478445478879804
1.2536576733761657 4.916027525096213 11.562811499209317
0.1799721708664808 12.5291002886395 10.526731143798676
0.732773300094423 11.027768738631815 12.649056542150394
0.6241125185136083 12.645656203232598 11.809134074194267
8.016094405935135 7.053346910926389 8.805218309095414
6.178420702235156 12.132894867338992 12.378617435857599
7.821212704642605 6.002531160356693 10.700120326875858
0.44526833351609685 5.56029633458785 7.120984043393297
0.44073984797535565 3.1047490838314187 9.819587517696203
4.900142880259623 3.232756981701411 13.160912917458893
0.0694510824777953 9.720410949678012 8.839942005560392
13.686764361385178 0.4040813240507728 11.54469613271566
12.243970983890216 0.9396909381574824 11.835319197110094
9.60412083809797 10.486534829395692 6.772794408357564
8.382198546333736 6.2396408427191 9.808226900503307
8.69311833165467 9.601631850243502 11.2426323595765
9.170943197430658 7.474923920618751 7.058891283516763
9.14287826116203 7.192948865897761 8.028325359610477
14.910497860932212 11.27369207426803 6.862275481712641
10.105997225828897 3.898904730993164 10.194474346526524
11.509353378602428 4.9629465657812295 10.22609185502935
10.448549893428378 4.896920403549811 10.467828308359653
9.39361034635123 4.702774121880975 12.261451189179024
10.243236279963156 5.3021112061605935 11.934295517656976
10.350410920456241 8.828435480036902 12.329006023656873
10.090316723359804 6.375233080716555 12.048860135398057
9.746721867494726 5.9985430691924595 9.633261116682233
9.776391431578812 9.974717399531357 12.05392009060562
10.16263088965319 6.672237074901489 8.568278110719085
11.116770296315316 6.479607303081615 8.100398036564304
10.648763702030669 10.508788145740464 11.245662007624107
14.742621944835083 8.98941748794133 11.490523270463116
13.39254485349127 9.359959960346547 9.262174582570637
13.785601437989635 8.388501368265702 10.047684824907467
12.719382809244744 7.618777505431896 10.388643066676627
14.46506173310006 3.143356789950377 9.586838249209364
13.761535853951221 9.751350816808637 12.274246169661092
10.319098415358939 10.57343111812464 7.857517884380649
8.503817483251906 9.873376931407854 7.083323800567745
14.653961458283527 7.645347339919465 9.366394019489784
11.695490770929002 1.7218845567462149 10.735898096053715
15.596562144959055 8.036632765533492 12.075081676854003
15.567143592058429 10.02914994571874 10.608274678397326
15.240361499788879 4.773429863137215 8.733094088433187
15.597730336221971 3.5838390261133846 9.216551339814485
16.342341535860164 4.825824682780983 11.41549238075992
11.188308239509087 5.167877954232065 12.460527810045852
12.37166997696775 5.1471704972957655 6.584363411767134
13.568061332519866 3.2559776467849777 12.473675543022873
15.969926100780894 2.918575764746519 8.101371130269882
12.750799253595256 2.3160584875820938 13.01870157572912
11.22745901109774 0.10402042644571428 12.460590019084648
15.443747679418301 12.666049444939361 10.539304761088339
14.122131602419579 12.650934222245088 10.97113351059406
15.431426827121609 12.68836483408509 9.215076952944248
16.438973811523628 11.318751290261465 12.596810016150076
16.438860259066306 11.24199415242959 11.137518650352312
23.71690846781171 11.788102924287209 6.684408427871025
16.858439673745192 0.44160531557085553 12.019526223132406
24.10300825993415 8.73666152118117 6.473836181692453
16.975854590580543 3.8728586856133496 10.51085996971816
17.3094646612445 2.6017473046652784 11.082654391540295
24.03904658965264 1.4920451227393177 11.088159878212963
18.264790562508207 4.464172165071864 9.799976610647981
18.681149584194255 6.402581811757957 11.386024769143571
19.860016087701304 6.4409608889601335 8.96863691367666
18.969530639596762 7.30545036351354 8.500577200869902
20.2459966410433 5.671588969105546 7.936633343454043
19.525101933868843 11.712236044078194 9.045464067002008
19.252279884768235 5.459407045946076 10.462548536942373
20.335450840667153 4.701428514498331 11.029915242888272
20.90268689390443 7.1865252218131594 9.406806015281965
20.049312615126468 9.493147819232021 7.242845678854386
21.94398759142688 9.699874249423361 12.084820090230924
22.379040408147354 10.562853061113637 10.9956372004541
21.600078789129935 10.541084549268714 9.725519198423587
17.731036236833706 11.218211851366366 10.537330752323049
23.632402253350936 1.72246862940866 9.111974259134792
22.526714172299 12.04195208357864 11.572438022625011
17.738070813215025 12.393083070267508 7.699400732611653
21.248635712301503 3.4183138316982395 12.784906789955562
23.906455890730093 3.8612375336127185 13.02676818186348
24.039860770513766 8.873730796444129 7.543239944718927
24.237468269269495 8.624110569607968 10.656544982344803
19.866681355351396 0.6879092034803223 8.13763189650038
20.731677635821878 2.9893645109438847 6.4500840240936785
24.08884936855733 9.941656585133552 10.538491180367743
18.243288583645935 9.57173964083908 12.47474581772019
18.86247367792677 9.58826376829314 13.272515691971282
19.200061124107183 0.08529384677333746 12.056711563668562
18.005429112028754 0.6257707809375918 9.054451026545232
17.535237989601715 11.950944662194717 6.363992988477304
17.984681975290986 0.027113279986938778 6.434047080680934
21.21561773377072 0.8246251414687166 13.210741098932084
1.3198694365383956 6.651946304888266 20.253362819476518
4.499638484015537 6.8794761762546495 13.697268616329495
0.26189184791211023 0.4649957718584472 17.02727512261595
2.068452146820456 5.766925270544252 13.90689701579406
2.315039714451162 4.969793829546599 15.124084684514306
4.129301113718731 8.26916242738541 14.003499056791842
1.252398333996639 0.9061566793234028 17.98513973644923
1.180697974844688 6.879847868826151 13.899780402462303
1.339603035436976 11.343016807934259 13.89733750180881
1.3200642843827999 5.5048264422059034 18.359027579840717
2.958795305782511 1.4808110925305815 14.739262557296307
2.3814727697346827 9.133063506451599 15.164983082773565
5.080262842896987 6.040494481752015 14.681641880648895
2.9766313706759226 7.742699713333036 17.082123364932546
3.1081975240333186 7.528965882363368 18.47035140505296
3.326468136056173 8.792220346401125 19.28506103883986
1.985517927032576 10.53710242700976 18.71883606255929
3.3763044607341754 10.16642219794056 18.62643686461115
4.021708702650283 10.295805860413202 17.324029367200417
4.319413730313485 3.169660678900328 15.963813237356977
6.324627802005905 1.4703587362685733 15.513940929451891
7.594087752940571 1.0121706079276058 15.880302786120069
4.533351472209387 12.615463963889981 19.334347892644406
4.317588529948571 11.326419014394512 19.760013088239454
6.080653759782384 2.411329293335273 18.667066707307082
6.799119885972816 1.23921976892056 18.538826522406936
4.147255481506963 6.578725942634014 18.833555822063452
1.386289502615918 6.73956529876133 18.917723757577967
3.504197574136154 0.47295941834711225 13.87228494197646
5.473510313774977 10.7980920169515 20.095541645533547
2.2039322189871067 1.7980996909248317 17.438931036533564
0.3337489054298938 1.8686772427198446 19.34570254050097
6.744653731438493 6.040197581065892 18.40138173482157
0.679922484179956 2.861526683715948 15.489741333208716
7.1120621857968125 12.22031554693463 15.25031847396381
0.32616619734797836 7.434181108106334 18.42559636043311
6.923793084878493 8.358105001879244 15.627805503493454
7.558168653649017 10.788254413379075 16.447425579270185
7.08076460951032 8.717050039009175 16.634243976931852
7.44402471578543 9.97565757797235 17.036286806189036
7.412005582875313 6.458743857127879 17.648015607789517
7.1016843907221 6.073223679360847 16.676843660733674
7.355415254395051 7.94747785057043 17.691030821668196
7.8523827116870315 1.359048851708662 17.333257887049964
7.841741983224911 1.0026522257650932 20.04239048264762
8.08071288111278 9.887204940516826 18.246544018287594
0.9837034115993872 12.193818590611489 16.197451149700377
7.9913609337654155 8.669623631581354 18.632722368409866
1.1555973397038355 2.0670947205506818 20.41148750108217
8.787177951242644 12.24261733282483 13.341579637918706
10.806774018402844 12.699658678878627 17.27353579243096
8.736572417655314 3.4426837886466592 15.211959198727872
9.438639349659967 10.964861896256743 13.619749303205479
8.926329925153084 1.7205898957819563 20.057868855069696
12.529270794948802 11.886216911574405 19.083251865293484
8.823870564399412 2.1294435145238904 15.03354733148147
8.432479807886192 8.311387037923533 19.55113441205719
8.921613181947917 1.8773200662249636 13.735026571267657
8.62475108806725 10.04085270201881 14.373232751813923
8.667662905331749 10.596695236052016 18.810913746324577
9.11752982641739 6.316487177704747 18.92250931279466
13.893146444127838 12.355665003512277 14.538001498857346
8.791628522979845 5.973590049896724 17.940516491940063
13.409542681527931 1.708535009727311 14.062059321700147
11.727523263013623 3.003434059699877 13.440636857421174
10.810814526144426 11.205603046377838 14.085754747797829
14.43092120531194 5.677384254071637 14.900103774489699
12.99180243472701 7.569093739171829 15.598654852169066
10.048151423008772 1.840977605031584 15.531483835561135
11.85297862258153 5.06490481007256 16.70982276961664
12.220674411492906 10.827394838518863 16.70788132715671
13.697321814912419 4.601214490064291 17.681159338663512
13.008199492442309 5.6260916108236065 17.141249278545448
14.02947218265344 6.585023611345329 15.965479772330774
12.9302373017119 9.954080657780928 14.526122081576961
12.670160342798884 6.3356492745085236 18.118491125976636
15.267897647325709 9.306665112791688 15.330759237141642
15.156282161830337 7.199604391311017 16.738791541211945
15.997823977319952 8.44134658202282 16.179368248666485
13.42325274915964 10.979391373093808 19.306203534427393
15.765951748401566 10.194908537325766 18.154105820698568
15.715253450318118 2.0725145671675107 16.332494031713583
11.499342205807682 11.528023413305482 19.755976076525915
9.34748766762916 6.336157221362215 17.07583987173777
8.930288158314633 4.8944266035981085 18.005936380879607
12.067059286750663 12.13163561852389 17.26539346079612
19.779251351977493 7.623618573837169 13.47580563489074
23.222600707851317 0.198028509175286 16.468924246448886
16.53939165375235 6.046543506023627 13.396624238217212
17.130993559305995 7.932740000635324 15.498110623904429
16.67252954831464 9.300614387284266 17.672750196611197
21.811427409236334 7.948216429475125 17.530491841915868
17.01337877680498 8.502004134076355 18.64670917116672
17.731141203938385 9.982031197738976 17.45211505946336
18.514386957542737 11.640979070071813 13.795410546797504
20.789172100924883 2.8916795753953553 17.970483557143716
19.829686000069394 10.42565951058395 15.032066282765522
19.298758454424632 5.096821649725969 16.623995005397546
17.872215695909702 2.914351601392789 14.815766011482669
17.095729605494178 3.2944742322872704 17.30561569684546
21.529021697775626 8.658994189302723 15.519659519636132
20.90374630322523 4.854732561613363 14.77146374949994
21.00564219120715 9.472401327101446 17.499590753749704
17.019789915782958 2.2836889806685168 16.432019877852614
21.030200476076825 8.500010575483236 17.007703452801245
20.168843949483232 11.05501325343558 15.841563504367077
22.44896104287995 9.230277726286815 15.395374674039017
20.386821363786357 9.193831999790934 14.74985388485514
17.659268379043763 1.9115515487466375 13.877621568947223
20.007406127460573 8.1234134143305 17.02059929837244
17.253454609405086 4.204042650524237 14.651455926775476
19.02169796000726 10.714913571379187 14.022210544410477
17.605498562911727 1.2421776629196721 17.053285572285194
22.044480130133152 2.465463027946574 16.319865100743066
21.434213248911973 3.4727616419953535 16.98792232875772
20.138784633471538 4.2559459555735275 15.841610627664116
19.387005553506462 3.0749921749211726 15.21650339243764
22.308808383026907 4.340621730199928 17.46027860880237
21.732020098673075 7.6310232044500985 15.219380808548435
19.657037815176643 8.651026730803803 13.785476961343836
3.650794629187442 11.381840852947372 20.886630577075024
7.131233857828885 1.3942901817196858 21.075612836841763
1.229950888402111 13.469999505829616 -3.349999922005933
1.2299503638928326 16.308682960714847 -3.349999910231518
2.459039752520317 15.599413054128721 -3.3499999475287536
2.459044336665493 14.18052043889613 -3.3499999247089995
3.680955676184175 13.469479564693456 -3.349999916118386
3.680959773012204 16.30919635826735 -3.350000099234458
4.910050096099553 15.599935135797653 -3.350000000554878
4.910049131338738 14.180000494198636 -3.3499999073401288
6.1400000336746645 13.470030710153718 -3.349999867090938
6.140000015924078 16.308651876789984 -3.3499998924334573
7.369949955710923 15.599935122602462 -3.3499998646245865
7.369950914048723 14.180000483916837 -3.349999865108926
1.2299503818071589 17.721317058844775 -3.34999996141741
1.2299508968620836 20.56000619635412 -3.350000022745927
2.459044352961444 19.84947979614879 -3.3499999155383566
2.4590397651709734 18.430586996719843 -3.3499998742473327
3.680959773365271 17.720803698492652 -3.3499999104592493
3.6809556328253463 20.56052638937531 -3.350000222939081
4.910049120931864 19.8499997062954 -3.350000080744673
4.91005005262466 18.430064892966413 -3.349999938580519
6.140000011467353 17.721348119656906 -3.3499999256409874
6.140000006718766 20.55997494701276 -3.349999885003978
1.2299507818507904 21.979991375641845 -3.349999960784836
1.2299457558186477 24.810544270622273 -3.350001200219169
2.4590053601589297 24.108917925727518 -3.3500020044343093
2.4590445163363266 22.690463368325613 -3.3499999094193598
3.6809559555576397 21.979471078070564 -3.3499998889689464
3.68099482404044 24.811081795643652 -3.3500003531576725
4.910054047444713 24.109455642007035 -3.349999856609057
4.910049066812275 22.689945742482394 -3.3499998603602608
6.139999989883383 21.98002263696331 -3.3499998775060247
6.139999983868936 24.810510170206552 -3.3499998882346995
7.369950897200098 19.84999972910322 -3.3499999140368897
7.369949943180667 18.430064883857156 -3.3499999030382064
7.369945936389221 24.109455651231706 -3.3499999043788877
7.3699509064827895 22.6899457318784 -3.3499998908709907
1.292378335750439e-08 19.85003093995858 -3.349999913184795
1.7576322553709754e-08 22.689914833287993 -3.3499998778060425
1.3754569555157867e-08 15.599966871839229 -3.3500000378628902
1.2500733814810043 25.138666322933535 -0.9000219856320024
8.599044319492936 13.46947957851282 -3.3500000282341236
8.599040216981079 16.309196318053417 -3.3499999075267715
9.820960249057388 15.599413043159144 -3.3500000282729845
9.820955672082954 14.180520416183022 -3.3499999799909763
11.050049096216455 13.469999490326478 -3.349999899780137
11.050049622808402 16.30868295104758 -3.349999874301953
12.279999983274077 15.599966853318687 -3.3499998872267254
12.279999975563447 14.179969270171314 -3.349999873907019
13.509950877729239 13.469999481753328 -3.349999879250982
13.509950359365995 16.30868295603637 -3.3499998932275723
14.739039766885451 15.599413044471715 -3.3499998980939716
14.739044338681973 14.180520425691613 -3.349999892528732
15.96095568670796 13.469479551317017 -3.349999868652348
15.960959791188651 16.30919632571555 -3.3499998850606563
8.599040214058377 17.720803657749798 -3.3500000344190086
8.599044304422552 20.56052636228597 -3.350000033052395
9.820955651205402 19.849479772372884 -3.349999972269954
9.820960274439413 18.430586987839234 -3.3500000201906985
11.050049635011526 17.72131706599145 -3.349999854893241
11.050049049078947 20.560006189664115 -3.350000326899246
12.280000053076222 19.850030856437698 -3.350000488553987
12.279999993388774 18.43003315008793 -3.3499998783032723
13.509950357135258 17.721317072628498 -3.3499998710014367
13.509950909091689 20.56000618904186 -3.3499999274818992
8.599043996762862 21.97947105523911 -3.349999980867173
8.599005322957304 24.81108179526567 -3.3499999067175388
9.820994674363265 24.10891821418959 -3.349999912333587
9.820955477757888 22.69046346277067 -3.3500000108905437
11.050049258194969 21.979991358161303 -3.350000005557603
11.050054060458846 24.81054435978923 -3.349999906602635
12.280000003572068 24.109489826368918 -3.3499999016787463
12.280000002105579 22.689914798080007 -3.3499998926430505
13.509950757199968 21.979991328010666 -3.3499999078106524
13.509945936801227 24.81054435820325 -3.3499999156463334
14.739044354476558 19.849479789214538 -3.349999864777974
14.739039756123187 18.43058698504482 -3.3499998778097986
15.960959781557289 17.72080368226904 -3.349999895887361
15.960955684432117 20.56052635326851 -3.349999885670166
14.739005327554047 24.108918234227485 -3.350000017161493
14.739044527784985 22.690463411208402 -3.3500000492633397
15.960955977996848 21.97947104282833 -3.3499998976592513
15.960994665184131 24.811081782952627 -3.3499999178425446
17.190050069180597 15.599935127767031 -3.349999865910911
17.190049129608013 14.180000479471891 -3.3499998507580306
18.42000000858195 13.470030716487509 -3.3499999237892797
18.42000000289403 16.308651873771716 -3.349999865050266
19.64994994064617 15.599935118909787 -3.349999860593579
19.649950888168327 14.180000475377852 -3.349999848104451
20.879044316719956 13.469479558182625 -3.3499999065123056
20.87904021006035 16.309196316264345 -3.3499998936311695
22.100960177775058 15.59941303691779 -3.3500001318756425
22.100955644922113 14.18052040779969 -3.3499999101938083
23.330049097592497 13.46999948905151 -3.349999876492955
23.330049659507097 16.308682998678577 -3.350000125191225
17.19004909884117 19.84999972869366 -3.3499999208450815
17.190050045215997 18.430064880713367 -3.3499999841737482
18.42000000335611 17.721348102745 -3.34999995081938
18.419999998797806 20.55997493732489 -3.3499998791022003
19.649950897290747 19.849999730600143 -3.3499998826442634
19.64994994072939 18.43006488166193 -3.3499998987534028
20.879040223209724 17.72080367297169 -3.3499998901194927
20.879044316065908 20.560526359989368 -3.349999899815997
17.19005404520402 24.10945564649167 -3.3499999451009987
17.190049069808403 22.689945720085937 -3.349999963756326
18.419999964364003 21.98002257805518 -3.3500000665767784
18.420000002418874 24.810510165688413 -3.349999945601513
19.64994595851017 24.10945568231723 -3.3500000141765085
19.64995088425683 22.689945769084815 -3.3500008224182585
20.879044099939616 21.979471015895648 -3.350000104791299
20.87900531540424 24.81108176361789 -3.349999968332862
22.100955630876026 19.849479783892505 -3.349999902115127
22.100960247828155 18.430586978717642 -3.3499998902550443
23.33004964488448 17.721317072026856 -3.349999881066037
23.330048949263944 20.560006126386508 -3.350000432528798
22.10099468067069 24.108918173501493 -3.3499999714713278
22.10095548397818 22.690463437199313 -3.3499998801094755
23.330049160197635 21.979991406932935 -3.3500001213011474
23.330054089402147 24.810544325042475 -3.3499999599448205
19.919359791880908 22.463821775165258 -0.8827129296436687
6.849356317418799 25.283219975797376 1.0231742144513922
0.9244265939953626 24.16335607752676 1.4172815016385332
3.325159347326362 19.78566786121955 0.008174533344378343
4.10656541613835 22.241943075852486 0.6058138405055935
3.9505829865814865 15.845337523394372 -0.3379171630897515
3.464691164607555 17.272151105472926 1.1199995505111149
5.104620800010111 17.584610295744486 -0.16610136323159996
2.038829263286128 22.201054459554886 3.686902440453106
2.7831756153674228 20.713689369814343 -0.09873530719657242
3.3663517796201106 22.044968961619357 4.217066219018909
4.472577604639915 16.658344305796952 0.5519398424276334
4.799415858310724 19.876142205955 4.631617617073057
3.0964054574216067 21.973881759914732 0.333563975560246
1.9487840491719879 22.811011845047613 0.39839034094522385
5.664528266025516 15.824060162344253 1.8335132105368002
3.8994372888725244 20.337368357125474 3.7354690110757014
1.8814327786029563 24.190544502118875 0.8962249284467028
4.493275976866485 20.286205688958376 2.519137344781118
4.453256032140493 22.83709788493782 3.5907980463225373
6.122865607866226 16.85862327778432 2.746062127543939
6.7679725083625755 15.26916012588986 0.98473207188704
2.848409979373348 19.533998187136273 3.61078267835011
4.913177922809204 14.85158907706382 2.5174861293609108
2.5368405641822536 16.25846797551381 4.437501833969546
2.9547373239912798 16.038267110877847 5.72794211836427
1.653464379423326 13.165580156605499 0.8187962903851798
1.3563826953735514 20.743120003306096 -0.09471629454252728
6.420554455452608 13.51673927141216 5.54861061052279
0.9492337618772817 22.006707570737614 0.07505742220354272
2.6678384766628276 24.264143970229938 1.6473901543536495
6.274594301734384 23.11704424269318 5.211194752180558
7.49004797661284 24.372961671665355 0.3362512667222639
3.0270878127539302 16.115955279213726 3.485794017970222
3.351210998512632 21.952193853936233 5.7561198116945675
7.787844318880805 14.363998108303132 1.6568578796990463
0.8630343397470444 16.58715389528524 5.851123922950765
1.9963433848344492 25.31312636805696 -0.12494471533272544
5.747770300713976 24.741457107031163 1.342683862298557
1.1565100109734983 16.44752983722861 4.592168550442235
7.2722192861322545 13.05666844301385 1.9085913251440523
7.523776358560949 24.582467509339395 3.466028640609735
0.6126450285288484 17.219603601738545 1.9631043661892966
7.9169488592730834 21.390586773053798 6.109827796040942
0.5426795030971432 16.327759710791245 3.7990940114177443
0.399444199172672 18.309855526164338 -0.15750463985599872
3.9130557538483948 15.755146303434021 6.137659576623129
0.7780099777707263 19.915207751738844 -0.08262069624228818
0.004315048748379078 13.581214002405316 5.85101918420488
7.908404600620231 21.506699059804543 0.2429961136280845
2.9764710804637513 25.34022926611079 -0.6010908417419847
8.480179670489859 17.371086095288273 3.721498574832541
15.924834515517041 18.603926278915743 -0.38503583321151
8.221996258991377 18.86538201528091 5.819661529370825
8.318429443103946 15.187760123438203 5.74400118687908
16.080900073817457 25.222753207321954 5.675938115197971
12.394222625870945 24.71302285805282 4.951115298919778
8.655643150473932 19.71056723265786 -0.27471138140219287
9.434542349823605 15.255110841135151 -0.32737417343945974
9.002222139552835 20.782872511079326 0.29635272337434015
8.610553019970588 19.491353267308707 2.496913076482148
9.854060964315657 21.452310866684954 -0.46298811880507995
13.03330910063942 14.10335915438165 2.700824973843984
9.239005676976323 14.223704487539221 0.4617042276994232
8.435289713449935 14.972999281905622 2.781958620060432
15.455105872181809 14.528716478297648 3.330567776416814
9.697399652108938 21.657115865504995 2.9288711888503505
15.532881162803116 24.752306381289458 0.6207404292366514
11.37837820633953 17.016744609268553 0.5638210918703734
13.221768798231523 16.80250880100186 1.733033877496788
9.562234910423633 20.485964649926178 2.057964739739254
13.090506944564366 18.316143260913837 0.33852692749212654
10.704769941181526 17.77092008846293 3.2371260529460546
10.998327114285182 19.900197870249194 1.8898233281985755
11.651625017119308 18.702350582349506 2.634874431020781
12.364025332545735 17.677984569068773 1.282792435424095
12.787175921748023 19.085975910597377 3.409788081686833
14.226217689297858 20.806920268970824 4.4251417791948535
12.369149034121788 23.367349015221663 2.0453282654154603
14.224985474362859 24.39779553597798 3.2554524515318017
14.353200997028932 24.202963176195574 0.5578852954516478
14.38868172301173 23.268352194316943 -0.3288792863671297
13.783821349970136 23.44772998049084 2.15276345450114
14.421101923707166 22.121942385013373 2.2578813278148626
10.338004909178409 24.156161747343507 3.853723984068931
14.051607620930184 23.08189913888628 5.229334032617904
13.767489140993193 24.32307216566497 4.726370910525777
16.133331978648922 14.49138477865463 0.4357538902157565
12.046761095999235 20.877448503029964 6.006384860842724
13.451130260504678 25.143866308317225 0.2863344211917729
16.15125728776333 21.108165785738272 0.5448275833891181
12.656544291493926 13.160424348048647 2.3329632746503
9.182290739710126 13.154621235759837 -0.2790918077228999
10.424364074276195 14.137973535652955 1.0897060589871332
15.8093474875313 16.59279421496554 2.6346241772644663
14.61812367085274 19.30407738923125 6.024155814712052
19.48840672608132 20.880714277112606 6.0456823515561116
16.968472299277764 20.425732673651446 0.3635965913273631
24.43306274910928 13.764437021542694 6.241562810249324
19.93566727380988 15.939634673847134 5.691477778969843
19.86961790132317 13.393343797596769 3.9762553746315032
21.982956541803368 15.737385231445186 0.435959797703136
18.08820944991425 12.796173348162526 5.360486344386805
22.154980204475763 25.380863809582507 -0.3938725859351644
17.431641305003343 21.79420206385054 6.010283635343237
24.49570106796788 19.464325979765544 4.405314722427697
21.213271323650172 25.440734042577823 1.363042628515173
18.92218973164168 21.922566086243013 1.0082278583810633
19.84513774534293 21.64129617138131 1.515331594767153
16.784670436704733 19.151658513948153 -0.028564813896984065
16.54650483374066 19.919682859127153 3.9481121292956534
18.28088767395171 20.565238800299685 0.708473597635626
24.10072370110247 13.08377569706382 2.0982552510435957
21.52430654681206 16.904892177652712 0.19577055559873546
23.958460104583313 16.203501838963412 2.1074245765584476
20.992584713255127 17.997182681771655 4.640649901862265
21.729340023335318 19.344708437215246 2.3709661332993273
21.714887633777007 15.940758898424031 3.191322784094508
18.346285529349167 21.055066498751543 5.380003279710507
22.925259674248178 15.598034247617486 -0.4535877326689586
22.01014438581151 21.002692839627414 -0.08574380224795508
22.797241306504972 22.78263756397824 5.330424107121436
22.349609184921814 25.15800938361418 0.9192379649137028
21.601093367877205 13.732735513410036 5.356550756090534
18.634726004511773 18.585957169691007 4.350043995714183
19.218450639355545 22.87537912965458 -0.1564575310249272
22.876119357400142 14.015455143749673 2.2290116642360447
19.687565914583896 23.799244679467257 0.1819258384960909
18.266163312115992 22.387715835969175 1.744002992407151
16.386336812371116 15.392360062799689 2.785666444226955
17.21656939961236 14.649224521624294 1.3426895241860748
22.529039647025588 23.847144501825614 1.073668436725841
18.809518815374638 21.643450648477796 4.267315932777339
18.037920121641342 13.468074428905176 1.9610420156536257
17.15938294304083 15.701383292359216 3.7463413232092524
18.195556913345982 17.611770123469295 -0.4446583194141407
17.987245958081967 18.536697003958658 -0.0964962712272488
23.205002549337326 19.305278754158767 -0.09220135361072135
22.856478326104675 20.22328151923181 2.3188338989477786
19.769680396744736 19.07625155725363 0.8614868240596085
18.098192814366403 15.807226580330624 1.0759382424555786
22.689264237552205 21.608369917710544 2.715626957573628
22.69582328503719 15.53647912693264 2.1536136926206364
17.580365498798976 19.385107831476883 4.83555781487225
18.782324183043368 19.38076678719789 0.5471650429015573
24.24844710099845 21.035063662759796 0.20148910718227997
21.0103758645677 14.860015246077175 0.08021259034300177
18.310724035475598 23.130567081433018 -0.7032769911282744
23.380721032389033 19.15299926958844 5.238377671570593
24.155782429012103 19.477550455129524 2.848286043371532
23.097896249081685 20.481606061295142 0.5303950331310803
24.39901661373736 12.798769947995137 0.7612654400708496
17.058152908152493 18.776581549619184 6.1702749872751275
4.380582048937775 22.406420844688096 8.755103401982243
5.4943897577990874 18.8815888993305 11.313634762911931
3.116535422051299 22.309653208356217 8.298611222545139
2.836165151618319 20.999482149623134 8.389668027144543
2.345125057217311 22.903857668876146 9.163044629120137
6.279980547330236 19.27170351162637 8.023771503623262
2.361699062244802 14.922153416310879 8.506340708626384
1.9515867360662422 16.31250360952088 12.716102601630585
2.579600429018431 15.002300878158344 9.57132680191926
2.030622693412224 16.344627648749825 7.97101782571737
2.73348151581165 17.063554761827366 8.392008659680915
1.0364105017175356 16.594531398907062 8.341409825899625
6.318642846280657 23.04470544537845 12.281279672101386
6.64249271493609 14.846194190169639 7.725580193575489
5.86166314357833 14.011290055079112 8.35256353234539
1.5026658404127398 17.419769152084857 12.105882774320037
0.8454935361941868 18.756046236686707 13.227403893039899
5.7792356420225435 15.825517247646584 7.438694204552254
2.387248722321454 17.89781365096456 11.302333768747031
3.9970298262866497 24.099577063607633 6.515468383487123
2.9877116957612246 23.115276018344503 6.612973210668379
1.5667418394268169 14.17974299028019 8.435844084254658
7.285681378254752 23.068414068742868 13.07278138377003
6.729965825498102 14.051506930756622 12.096999501038988
6.402852296189138 18.230713351304363 12.04071465959306
7.258565174944721 24.40896157031461 6.741528454543543
0.5469142104390337 16.858983302202336 11.29151767282885
6.986449916588347 23.875010894406124 9.632670415118538
3.0696250470799553 14.481596395304566 7.804307724167865
7.46963723294035 19.820889861265083 8.175967526892014
7.278547782899112 20.913674272998918 8.944197941055766
7.457219773978309 15.305051422383125 8.60116666886394
8.054315797794315 18.960660752319082 8.942885545976024
6.040032481096598 16.965618253292828 12.090759122380302
1.9329289767641475 16.362605512199455 6.5702099610541
7.500235178492159 18.28628752179036 11.28919729885667
2.8466993563658014 24.139782106138334 11.818892904747875
5.2442834437074834 25.05409522872387 9.113994322019106
1.864138954891452 13.212691559461529 11.739250601387992
6.605713357746745 25.1110533500963 9.229221061133831
1.1531536286522313 25.26873676245343 9.189835538134908
2.9611760780288092 24.246526570686108 13.184558083804877
6.439717993400292 13.222030151837927 13.024777029894551
7.475409689928041 14.092546759133441 6.271712951416209
3.514730033191338 25.430937547739177 13.257736626446786
1.6588250487692722 23.53462854906203 6.2545154751994145
8.44346895364832 20.095045633585784 6.592317450783529
15.168045679926127 13.313327371078124 6.265352379579989
10.774831526781135 24.924009163236835 11.612255406786382
12.042601513127346 25.460985305908924 11.387523033847952
8.445281710044961 22.94057758581921 12.324032817939656
8.342496968147607 12.888705818025112 6.836122368716863
13.106251917634067 24.692836085010132 9.800570653132139
10.050109348526593 15.613732376490827 12.731944659550837
10.968311207038816 15.21901253936516 7.5390988222103825
10.442005933062324 17.152704887694007 11.363405776123209
10.550190599860128 16.086815477081306 9.48049163900487
11.900114044774758 21.451292388845886 8.479468950563277
11.040229051414261 21.880136844644976 9.31651581681046
12.479158153646424 20.402923585876852 9.060152019453234
12.880630386951605 22.34666116347752 8.407757852962558
10.864972211418744 16.635463063216825 7.47339451223343
10.775689548619829 14.973077715315792 8.788052340753495
10.517224509554216 17.17099475690246 8.664585404101663
10.528238912325454 18.23075121745372 8.872419297553485
10.043029264144977 16.261018389804242 10.879863836104741
15.218092697317902 17.01182475455219 7.2930465904131765
10.303563884100567 15.112288702836457 11.797913053733472
8.97488015740806 16.414788592420134 10.726526914906676
11.100971987098596 17.193533126675256 6.579380021191704
10.725564110791925 13.986674610239623 9.224969214957074
11.738432425943627 19.693798562832125 11.530580329349249
11.33870151369852 14.809651972056786 11.639795701633052
13.93642222068446 16.946712528095247 7.752415990095588
12.8546431125311 22.704700868857667 11.296054097066639
13.6192532053986 23.4452552587869 11.530682743232624
14.404681040153822 22.91029920786253 10.996805285214965
13.973922354464001 23.42755410158092 12.561214869818489
9.686366286007997 14.231970022243024 11.618452345706002
15.679110765861651 18.838799983024234 6.906856649236069
15.794603278492225 16.37749512972876 8.305843772948387
15.68030374877227 19.56627481635602 8.208123961620267
14.514343359416278 25.498157681293815 6.997742530475083
14.179743302998176 25.39023708735942 11.010463736058167
12.35555418187849 19.778745138338056 12.706303210673987
13.640455272709914 20.30263236853232 12.405315293373448
13.28007808620543 24.790589011840794 10.872171711802112
15.749536387244232 16.9689216252621 11.293225745013975
16.002881888257118 17.922019119358943 11.733477064001702
16.218868624916748 19.111854101337045 11.051012091537878
15.981479734931517 19.35043884385014 10.098739107795048
16.212996647662735 18.221448216178725 13.077631664334653
13.004914373228033 17.265279914389485 12.694914961526644
10.51200498240723 23.900368476054492 11.389810017432136
10.38834932064386 22.6029564852575 6.63120462998328
15.882228124125078 13.826945129633943 10.852641135771407
10.952428828483182 21.285623565799508 6.925823445006038
11.240771116334944 14.620883466451774 6.772217338459385
9.922804086378052 20.1490059174478 6.988988308843097
16.35684796844853 23.638516248200595 12.751049385619087
15.277184818110284 16.159835599410606 6.252081314669002
20.971924175130656 12.902723615863215 7.5631575621567535
24.356956386470674 16.479486628188532 9.569894645763116
24.19033518819012 18.613275922862044 9.259564698804386
17.78840134302027 25.366417212998908 11.967380582081706
23.103474582018055 23.963101975911986 11.892134086666339
23.080032630047896 18.139225644754276 9.881521667386805
16.622478875072215 20.015689638852496 11.909994894439187
22.180864112721604 21.956424768835866 7.189560136302075
22.370361748736645 16.28401463965154 10.143399795189206
16.698145190323945 21.076792453101174 11.723620468983116
16.83417918160933 19.447144790909096 13.103818176816594
23.617727386809996 13.104306393914328 6.9442867734223155
22.53371461600098 23.063451685636245 6.534159509039391
21.721312519801568 15.28392660061789 7.34278717140451
19.72794929940749 23.930458762211583 10.214190044334666
19.91530585618906 16.74265908497636 9.404155156631582
19.31470624556415 16.268341527292126 8.33419648180442
18.28652112566642 17.001428765654353 7.990176797230396
20.56882193521987 16.261495243753508 6.9834789658629095
18.952791930959542 15.040733334211373 8.605940044440363
23.412854527800654 24.24866783739495 8.850889784760845
21.873780258213724 14.341262690938592 10.72604997203493
21.543228398418528 13.189255671020014 11.581917978264535
23.88419075850951 24.14923089931111 7.35338138278972
18.97159058162549 22.827419393329382 10.66590212055303
17.786808315836144 22.485202775082108 9.948656954703281
17.70274336778404 24.11582290815724 12.710037136759176
22.057254659774483 18.402858402175532 10.106961222114862
18.647737327256763 23.064658072886385 12.179247388548177
20.186063149561026 21.30919332907714 10.526955471045886
19.670100625884636 20.26162960451925 11.091892495632866
20.548059072932435 20.958268713903728 9.279469386710975
23.167169792189288 16.88469371461357 9.987253738649887
24.072225195668643 13.210129021150312 8.194006546984298
21.37372956510347 21.535645531124015 11.191248681088217
21.84893035433651 13.795903290003665 6.780779595058587
21.03106988138987 17.598571601013578 7.04388325781535
21.381509252229364 23.763956250141078 6.559847612526232
23.652202505184274 20.594357029613928 8.832569499790488
23.878635534716437 24.91969755939569 11.47836725640988
23.880698508601622 25.412099548981136 6.683496829749579
23.34410696152376 25.47500498921301 9.792658175755099
20.140258200604872 12.767356118609538 11.427185641152068
7.4451459557369715 20.40905147150847 13.463146714949513
0.0627306994713163 22.773501625428942 16.771988395713326
0.03186655131758739 13.116294624299291 18.411869183558426
7.783299236805629 12.94966935073343 14.21500911869077
1.9183588566370977 19.66915052458829 13.696821180241512
0.6026395938362656 25.332041901300766 13.714317922667124
0.728933812210081 22.852519777941293 13.684138231300228
1.325492552769943 24.12699343647744 14.075492386612352
3.8131055579189823 23.2632475673087 13.545396229592248
7.274598528785746 24.414533620013696 13.415819487140773
0.08973318568555505 17.923274639713892 14.303324492997595
1.4645915907539753 12.995869669616793 16.73769241607608
5.327048881799919 19.191231612362635 14.205063018447389
0.8568703732022106 13.454851802710042 17.937688067459508
6.652165586447821 19.011016499760586 13.702892501310801
7.131385291672462 21.74429866539904 14.305857485358585
5.585415094780499 14.749943757299823 16.81557224600963
5.284747151515258 13.537962511313092 13.508922995599818
7.590307487544732 14.866103559231162 19.145688783380223
5.796542899173269 21.863004314769967 14.830066035590752
2.6151060761990568 13.725386942702523 16.556515933537547
1.738712483478372 24.25158010315241 15.544786422550732
3.8836347104537325 15.840143184487673 18.75858042505468
2.8988936095694937 24.27075153338499 18.639078744100267
2.688806249758204 14.6168792098006 17.63355825331886
2.304973939658953 22.065217183454383 16.5412038625136
3.7882244917588235 20.42628466023937 15.644159657741117
1.266448852791723 23.084939999866133 19.291424088536925
1.4257122380284097 23.122301291880163 16.636948822019747
1.6754083977713707 23.89398214143428 18.320275092246955
4.991743122628 19.253701466896167 17.800231080940783
6.441372987338919 19.17478392358505 18.163284924882596
6.931035558869064 17.780694829380092 18.57740722868654
1.355008938320086 18.357332929056906 16.4823182931872
1.622092475889019 14.442989908698475 18.378651894906405
3.6776363909072343 15.70674801987702 17.696567985057996
3.149587775029404 16.593378184537386 17.34563834725966
7.28031346188794 19.807736531905363 17.214146800740416
5.942697644830709 21.346946859052633 19.663728135775138
4.985460067074304 15.650620590330004 16.945707590158168
1.4215661215319757 15.052052628822032 19.24769262133682
4.985620350725603 16.11492047042524 15.959540466501569
6.539627550168513 20.187015458412098 19.74559753045161
5.588719679963201 16.416297911680786 17.433474019321913
0.900032474940991 24.953799556551008 18.469763385765386
7.58650200772166 18.192523234682458 14.405677833486596
3.332274377722805 13.683657119303714 15.750086612899798
0.08242716727826933 18.289110280045183 15.859242836380114
7.817989795002093 20.63042176291738 20.08596394833528
8.12505925590836 22.07654306260551 15.24198508281474
8.37895414665761 17.282418456702434 18.251155141999416
8.48594844740474 15.792524190626148 19.367747851425378
8.618219641755145 16.740058535318855 16.899958659840976
9.347540977254324 18.141090525080006 18.789862896874865
9.616749622790099 15.149576466634866 19.42971590225778
9.103854620066587 19.539875182094427 15.629981330472525
13.08639535708882 13.155432764978872 16.685097054500886
13.061901112083245 12.884234175802188 19.75817090378731
14.567877738955222 15.703908638632301 16.191093927788156
15.972627505158886 14.113291895102837 15.558891900157848
15.034675069171957 15.307171048303239 14.161679350657465
11.759576021381681 20.689630278339912 13.38557121851932
8.263215956353188 14.319306387535288 14.553338998852471
12.2697297485077 18.070840641497554 13.577786070952495
10.842070585603068 17.85747674773968 13.700532143541981
12.375017095803058 14.321524600002476 14.588230058180555
13.387412106280964 13.502460513317445 15.235622028702682
10.472125796819888 15.227934814458523 15.95499794594086
13.62338963766223 18.721658859182124 18.73760260503412
12.064018487796808 16.88063619662393 16.742796131611478
12.339529529149171 18.210409650516286 16.362836508652876
12.938974010085591 18.232640771376 14.94988604819013
13.795952423545582 18.827760621713622 17.424976675363695
11.3167078168867 19.252619454428995 16.52079818768638
14.145917431472247 20.112366070226372 17.264339612177956
14.898243522054171 18.060752552737647 17.115001954237016
14.795151472333052 14.699079839824055 15.299450911014928
15.508014008742316 21.709736813339152 14.871230268241808
16.133980963636496 20.88569085313274 15.213595025564354
15.382835293238342 20.09590959082911 15.224808405389654
15.932415463347864 17.6063002264771 13.919811662792705
17.78913280263682 23.527164353338815 15.228309554566032
17.24381522031455 20.32168602675141 14.308043388087237
16.546636872611014 20.996870417954952 16.21631841976772
19.409418373303634 24.41413686498273 14.553806469409045
17.983031227294884 21.11838822224652 14.22482494535023
20.86582489447269 14.799905578988938 13.548453160056308
21.595831817644704 13.747982528335633 13.374148732010534
18.143850966616764 24.443395032120204 14.465446112211751
17.715060595402132 19.48191226628278 14.818736867000062
22.82151987602586 14.091277940098193 13.786927363599322
17.71151624381438 25.51782817038661 14.97843898035719
21.206299837698772 12.766255400872982 14.166040690694796
6.097576389702169 19.55050830924342 20.803535767028983
0.1382884532371293 20.56498569525137 20.93291442717994
8.2338726140655 16.371071697168333 20.502281490015996
1.2299508692598955 26.230054347373574 -3.350000192108328
1.229950895421187 29.07000025647729 -3.349999948706346
2.4590443038301557 28.359473618821838 -3.349999905015293
2.4590440123765265 26.940528953474274 -3.3500001244167574
3.6809555032847245 26.22953656164671 -3.350000020160312
3.6809556397406618 29.070520192524356 -3.3499999146481176
4.910049122595525 28.359993801844134 -3.3499999030583263
4.910049222806054 26.94000863679093 -3.349999885879835
6.139999993525502 26.230085187089763 -3.3499999124666657
6.140000024461832 29.069969053099985 -3.349999932343335
1.2299499309563364 30.48993511258235 -3.3499999480391764
1.2299499257931894 33.32006487849122 -3.3499999300190275
2.459040209124387 32.610803669272585 -3.3499999387628208
2.4590402085045664 31.19919631260667 -3.34999992471938
3.680960232477782 30.4894130121153 -3.3499999395317017
3.680960237431742 33.320586974147616 -3.349999947330918
4.910049642574149 32.611317051549406 -3.349999949779793
4.91004958614135 31.19868296816535 -3.350000218945123
6.1400000841488005 30.48996678839374 -3.3500004068289413
6.140000011254093 33.32003314244111 -3.349999933944059
7.369950909694347 28.359993823408793 -3.3499998677838514
7.369950778913926 26.940008665329906 -3.349999894264706
7.369950376172105 32.611317028490674 -3.3499999222190366
7.369950397919495 31.198682933955027 -3.350000024359768
1.2299508928991063 34.73999972613533 -3.349999931420312
1.229950893151102 37.57994576806263 -3.3500000466930127
2.4590440592700196 36.86947106988375 -3.350000190497563
2.4590443176062338 35.45052635548068 -3.3499999911029588
3.6809556333967217 34.73947980112813 -3.349999951475622
3.6809554919588496 37.58046345729129 -3.35000000713515
4.9100492428837885 36.86999137554864 -3.349999971442621
4.910049113342597 35.45000619914092 -3.349999971805583
6.13999999973036 34.74003092602134 -3.349999950682828
6.1399999985477915 37.579914812447804 -3.349999965651349
7.369950780484989 36.869991386836645 -3.349999913454388
7.369950892227733 35.45000620621232 -3.3499999471147945
6.263363161451707e-10 26.939977340099375 -3.349999857316579
8.599044527562242 26.22953657489453 -3.3499998885721816
8.599044366563957 29.070520213647384 -3.349999864723391
9.82095566973368 28.359473656993313 -3.3499999464524564
9.820955980087476 26.940528957818206 -3.3499999285400586
11.050049084343737 26.23005426919131 -3.3499999196853816
11.050049015331123 29.070000348012886 -3.3500002907092794
12.280000143908095 28.360025112489218 -3.350001028752737
12.280000025812747 26.93997728898292 -3.3500001106644826
13.509950906748555 26.230054262736168 -3.3499998811174683
13.509950927056549 29.07000028686446 -3.349999914398455
8.599039724884152 30.489412990159504 -3.3499999923245083
8.599039766064386 33.32058694918591 -3.3499999140635017
9.820959774775478 32.61080368302737 -3.349999925713425
9.820959704179597 31.199196394704632 -3.350000727094665
11.050050151409343 30.48993508395286 -3.3500003455375307
11.050050054803538 33.320064871898815 -3.3499999089105037
12.279999989895714 32.611348105563785 -3.3499999125244573
12.27999999814956 31.198651867489204 -3.34999989820578
13.509949928811544 30.48993510415312 -3.349999896371436
13.509949940255348 33.32006488526253 -3.3499999195679298
14.739044301983744 28.359473633998917 -3.3499998821771184
14.739044007551175 26.940528950439795 -3.3499998888302995
15.960955463576108 26.229536561334392 -3.349999913023235
15.960955630971245 29.07052020615897 -3.349999887493148
14.739040224833316 32.610803672365726 -3.3499999147258586
14.739040221427677 31.199196314119362 -3.349999905253933
15.96096023708614 30.489413020079756 -3.3499998948528695
15.960960236712419 33.32058697391375 -3.3499999210602804
8.59904437186541 34.73947979023696 -3.349999939459792
8.599044525732236 37.580463484550336 -3.3499998866843117
9.820955979201418 36.86947108539277 -3.349999892361133
9.820955697657407 35.4505263806404 -3.3499999208935307
11.050049105632128 34.73999972911112 -3.3499999218215546
11.050049080260724 37.579945752200764 -3.349999903064252
12.279999997603445 36.87002263831896 -3.3499999072274713
12.280000004562158 35.44997495981397 -3.3499998990377557
13.509950898990109 34.739999736985006 -3.3499999094258524
13.509950940430286 37.57994570371662 -3.350000033512387
14.739044025259052 36.86947107237976 -3.34999992125217
14.739044310475501 35.450526373351686 -3.349999933118406
15.960955633785705 34.73947979731016 -3.3499999147398443
15.960955473005365 37.58046345886756 -3.349999887396854
17.190049102085712 28.35999381620664 -3.349999901843156
17.190049220545887 26.94000865923033 -3.349999920908875
18.419999997424505 26.23008518694542 -3.3499999361933996
18.419999988024582 29.069969075757637 -3.3499999119373127
19.6499508853819 28.35999381221799 -3.3499999303142136
19.649950772548408 26.940008649356407 -3.3499999362487944
20.879044518116814 26.229536558707142 -3.3499999659560475
20.879044376201517 29.070520207752374 -3.349999921556944
17.190049629562953 32.61131704970661 -3.349999921324721
17.19004962489703 31.198682941095417 -3.3499999036071193
18.419999986801663 30.489966835647927 -3.3499999122644897
18.419999994822618 33.32003316590891 -3.3499999213686973
19.64995036670802 32.61131706109055 -3.3499999305010264
19.64995036419424 31.198682942950565 -3.349999932154427
20.879039779479232 30.489413023369323 -3.3499999219657504
20.87903977134627 33.320586987504896 -3.3499999207245157
22.100955706774855 28.359473642794853 -3.349999899602063
22.100955989107497 26.940528959981364 -3.3499999474161903
23.330049113812887 26.230054265471843 -3.3499999460877774
23.330049100870724 29.07000025358701 -3.3499999556693405
22.100959799423528 32.61080367466266 -3.349999907204672
22.100959794601547 31.1991963232694 -3.3499999121360347
23.33005000741512 30.489935132548037 -3.3500003020357063
23.330050081241374 33.32006487659972 -3.3499998838549985
17.190049237137462 36.86999136910637 -3.3499999015656168
17.190049113820344 35.450006200761194 -3.3499999188600302
18.420000007826175 34.74003093670505 -3.3499999175565307
18.420000017476582 37.57991483050544 -3.3499998769451333
19.649950772525035 36.8699913609884 -3.349999877966545
19.64995089845369 35.450006214461254 -3.349999897779478
20.87904436783714 34.73947981380938 -3.349999904362637
20.87904452401979 37.580463390844244 -3.3500001785026834
22.10095598244286 36.86947106581802 -3.349999872988545
22.10095568752751 35.45052638231025 -3.349999881661845
23.330049107824184 34.73999973136491 -3.3499998846035517
23.330049089394176 37.57994574396456 -3.349999860301318
24.559999999254252 26.939977367238356 -3.3499998899530636
24.55999999968428 28.36002506462874 -3.34999988833675
6.970877476829704 38.22594687850431 5.450862581614596
7.715213633044759 25.752122025749266 2.6158372183831524
1.7980505141917908 36.71198596899523 -0.40105657193837296
6.820920823222009 29.06647432366684 0.1892831413221452
5.681867023080684 30.766387839177092 -0.5234659965668631
5.775113370514724 32.74615107304802 5.785345591847548
2.2869517788386218 28.762333748223266 1.9001953926289383
4.279996137272015 33.70916603700113 3.6785276175770996
3.611876115710483 31.258184335319342 4.0281942772590185
3.92730599506816 30.004170469749855 3.4361083051539953
4.702392459320819 29.084327658674326 4.191197600711264
4.661756543412056 30.206587059866386 2.0604053956856063
5.933689677841493 32.211051042920424 1.9666537951547347
2.9977778821557775 36.73185624637741 2.0120517735087406
1.7624166469499496 37.13658122176467 2.541099088063082
6.092752322204585 30.78447818763498 2.0044399814004823
7.187285647189936 30.289460215460785 2.7820733730031777
2.94362927158751 37.0320885370271 0.20450353409487088
3.1280851611337264 35.27578931412286 2.063929854428559
6.613692071938135 30.371414981851007 0.23210671745473976
2.4000374862223612 29.02654495733022 3.1409689484263126
5.403687668593289 35.91857406336181 3.8948648236533048
1.9419345604779525 34.79872731531636 4.739340486480799
7.657441082968623 31.091335646746366 -0.19091350117980244
1.2092522875823468 29.595612834632064 3.5028252492797662
2.357143233588311 27.79302284199894 3.747626491034329
7.186051417713014 27.012864613873116 3.084152492996054
3.955032578772354 36.36091148692018 -0.2479821872339949
4.847951654805695 37.22522264597715 3.9316943532054416
4.172224442694535 37.627253197300355 2.6118231429786554
6.652330535556619 26.23387491038906 0.06171903103109777
6.9477992712206555 28.719876714557994 4.874793366005754
0.43212791218151664 36.464003577102694 5.643836322940722
1.8502543737732688 26.25853061488591 0.3975194567102336
7.375814464054463 38.226448151465604 3.3099304750408587
4.019541950203269 37.543653542109205 5.068421173390995
1.0275862947150929 35.17445179611848 5.838135814967127
3.1322477130080797 38.263852982468954 -0.09091807605676072
0.28600883336469307 32.300346642363465 2.0454657323082004
0.5458476970819265 31.88848293186152 -0.5330642957342235
8.121745519073945 31.928031172416844 5.434391578583037
0.09209156672975813 30.375619911118694 0.41330010864195965
14.843504344718609 25.563169803859196 5.698499580012491
10.930934705753371 30.508380149914316 1.7418738025414782
15.376084800026907 37.654839992527556 2.006608516184767
10.572074110044415 31.65104248811632 0.45455020819920144
12.081774871703251 31.740338873847982 1.4413870872767998
9.532603829289013 32.451729526835294 2.9048897692856803
8.41259871067787 34.897067350032785 5.527912407094653
9.933685334822583 37.13519621502635 3.4261084911660222
11.00809985801173 26.173903931907883 0.10172803810828301
9.62151899912095 27.73111371326434 -0.17160840247956277
11.30667082933359 26.896889915959207 3.1725639240016044
11.686511452039703 36.61160824541443 4.529424869511905
9.18405168472643 25.91496163367279 2.3285723298750227
10.710298290974503 33.56844629589166 2.2203661417055995
11.007581267926465 31.55554935256534 1.4491931479565734
12.333048472058422 34.238775764746066 3.7597910448626704
11.371728309511365 31.261030641629056 4.63090132590853
12.69492880879279 32.7385077697827 5.363228698222484
12.127003503695903 33.31066789618351 4.272198359019814
11.277155883177416 32.381679024326566 3.8196468644446204
10.566185015533982 32.54686661052007 2.572085221164077
10.074481264036999 27.17479713665052 2.4250693955431126
10.607146311510231 27.366432494550143 0.5868622996535366
9.456934282107218 28.44415520855245 2.7552574520845683
10.647941889037064 30.495766216373898 4.392356619267826
12.154779104453144 31.54095228917002 5.70324920780952
11.576470288964384 28.302378247816367 0.40866464823375304
15.594690814485233 35.02547766625527 4.907311665119264
15.220165439529069 36.327253365403706 4.427653464854876
9.731354869826333 25.86010134217037 5.527394452932192
14.256031096855734 33.590262780777515 2.104306976162116
15.160407450644163 28.072101029896622 0.9908979970389631
14.933386707363633 27.686065565197765 0.008127320770551227
14.705393647201216 34.45587201711053 5.903045437085904
13.50636860572952 27.38797328387066 1.946544140171319
14.382546892363374 27.88491938234892 2.0204101356617477
11.531003616378422 36.285681639266336 2.4371431594229653
11.292318607001544 37.217772628557 3.337299685276809
8.840956209941211 28.06760598461842 6.062615550372909
15.562416603042935 34.04588451564786 2.301425915498574
15.736517875080926 35.32682220643262 1.7324526921237537
14.703275964974985 28.768515652391805 3.082679841084749
14.098989413806432 28.93754133423802 3.961695246499316
14.820524633358096 26.867835361902316 5.325746743495337
13.379264267938494 33.23640469088543 5.914485113475838
15.922201354027706 29.165215575951034 2.7012586968501804
16.007689913551943 33.98585911380091 3.8031989189392714
16.284386635527962 28.593970159410908 1.4711163564205176
19.030469813602316 27.32166308648512 6.1788925967139985
17.573312640781147 37.74447286525988 2.6172366455929685
24.149856925307727 35.26516675176358 4.518317401262345
18.01489014964886 35.93956104660127 5.148321632769824
16.7149033043189 32.89297052191811 1.4119399395263288
20.161122621177192 31.535033399320014 4.712201337934489
16.64659678439055 29.64899331498331 3.3397023981294547
20.727079730914642 27.93608406041751 5.992709017200354
17.886915943204954 28.006647183383432 0.16349976053170234
23.904342741165344 30.386472421208452 -0.5128493047018934
17.017330442254 35.433871821257476 5.854033656820224
23.700523500302236 31.322099046131946 1.4928609366249979
18.14484367847589 28.225459831740974 5.665247865247993
21.88497800953386 36.146237165032396 5.669721561596495
23.870378303105063 33.97391792732173 4.880629430804298
23.998632853042444 33.94578270754745 0.6595554366040834
24.00917466907105 29.095095386962605 2.910127341597298
18.96353326059724 37.56810373266859 0.31448624261916747
21.290208539196797 30.699325685372326 6.03279574156894
23.38306806158829 27.628311332454306 1.1728509870960357
19.307483520911305 30.67072461540989 4.205653524134439
16.45490198469442 32.64456683654868 0.12771611932885563
24.29303777357511 28.823844173039646 1.586957572709532
19.624965232513507 28.144834451416123 1.7084603799387321
22.457443016596386 30.379845920416557 5.265850981771582
22.453163029688984 37.18681139993965 3.976761927598541
18.390895810809454 27.12550353020905 2.2599725816522707
21.646871218519834 35.37274617136072 3.6677843878399807
22.049678177529284 30.107483716583776 0.6666360514719416
23.6468988987224 25.781530412784374 2.965762069978176
16.79333685065275 31.684070258988747 1.941795488435849
18.613345854054128 28.18233560849616 2.11258894413752
17.95135241005451 33.42948733074012 1.530326601510038
20.861591579453986 32.00150071620811 3.683546577476484
20.379757547526946 37.8037996123998 1.7290298209747024
18.810788312062137 26.08252195195423 5.877018685690104
18.559021501941096 28.63047525709816 3.1047178276039054
21.043151418331163 27.801476760081695 4.604250490383151
22.462395398098902 35.98829542156456 4.455753999782032
19.462314942576484 32.580612971777185 5.135520153520851
17.667592222162735 28.64867859075091 1.0166074779066103
23.737323235035493 26.18480247400093 1.6020225776293229
23.52496179198649 27.08704563041972 4.987926931555327
17.898455888095658 29.67456670410556 0.7296309165080295
23.441424287630156 30.224332694571796 0.7276513606951462
24.456990086410606 31.065565459475604 4.316662119114372
24.305833566097274 38.15925288019787 1.087962202911733
22.971089695846295 38.0787195235233 0.14807146535806615
1.9985411171566618 35.09513458622694 7.338339890969753
2.6403804078316635 36.1744204111059 7.526477989346638
2.95139624662382 34.18108261680043 7.310805897892223
7.306482346043337 29.949678260456544 9.601749554565949
6.67325907108389 28.787829622353275 9.88156095827447
7.260570220832842 30.684466736791027 10.720581671623275
1.094609885185974 34.8800027890276 8.362244607582532
5.805107292832242 34.33544489552418 11.062694782931745
2.65026400091797 29.60283252770367 7.2114064636975765
3.408880664485784 28.519286149982282 7.451854628190508
2.75119024415801 27.769106131716768 8.234983707624783
3.181743892824099 26.778665105397778 8.242063891781548
1.5558999039046424 28.17597607500824 8.451259481707359
1.5858324200490548 29.502979117019485 7.947487676312819
5.100837851828713 34.74813709260627 10.340344656427554
6.809807769907707 26.01934265200143 10.16617019492535
0.4792046103535578 29.42734162445609 12.714230274543443
6.445634448290948 30.666838107138698 8.094243855317844
6.669470970395275 36.934894436047614 10.893360637161194
7.435445480647738 36.17964299775921 10.797036628234878
5.340422257059072 34.68449402041941 12.498449024638962
5.052976872484511 35.73356749770132 12.568591667280685
4.410266779183597 34.1217621474738 12.57746565340225
7.099712249399229 34.801722065245826 10.768391203489053
7.214111497564185 31.897577579058744 7.6754158781090105
0.2080144677916542 30.700478125707402 12.91791430651124
5.802738802816906 33.251446489562255 10.948493879522937
0.7926083001463944 30.23298269204324 8.01298787606135
5.194515631166836 31.12333703436944 8.651924755425233
0.742225432257427 31.438226960204343 11.972101339576707
1.7856422508999439 35.52643785290361 12.853564706158066
0.32617946726605007 27.366355322476604 8.851559714762338
1.020923671769521 26.4621214925536 10.591186553563436
7.246534498224109 25.605716912682613 7.564752575819444
6.397816904404251 29.704502197309736 7.059113195554171
6.308251803413593 26.578001743268103 7.183138675442668
3.037965462949858 30.40056329815858 6.595197737521675
6.925296185909984 35.088072791081 7.061149558515794
0.5899689676769301 26.068623454273744 9.670568642870073
7.857282403555074 34.27749009178571 6.62240089204479
4.297073548572925 28.31336013680947 7.017334343551895
7.147639597632116 32.562121468891604 6.270941006511043
6.088779717339064 34.451675402365154 13.255982260417854
8.515194046577673 29.5834456270946 9.309231586803833
8.744080301365136 36.251265198285694 10.628199959135749
8.208351947894093 34.09056930585424 10.910527402493669
8.292581909323184 33.027397855559784 11.080738392407687
9.169429594977302 34.94086962141505 10.823680053513057
12.902400936552096 35.59735690865021 7.553304983364191
11.13851403821445 27.32419447656601 7.191979334999246
8.85841102943767 25.669535243244795 12.27448209322802
8.84351619819767 34.22444157608505 7.527839807881947
14.9820839729591 30.77164886267899 7.47170394628113
8.68459868255093 26.257321065845915 7.74034480008027
11.78997229531461 26.24833685926172 7.668962532132143
12.698414005559389 33.87536758828803 11.478779602224556
12.271236020506553 34.970611581940254 10.44813447222131
11.804549397086044 33.91488827627165 12.59200201010133
13.02695991003045 36.265015827504705 10.074725932948617
14.063662234008397 33.95609452160407 11.826992151405909
14.409490500019698 36.10025172275772 10.05082353690314
12.407433569229045 32.25722901011532 10.669053590721429
13.128320069284314 31.312454157048432 11.207972750550198
11.141453774912353 31.899783833382944 10.796751949704296
12.633766736897577 32.28455314366262 9.358107569448759
11.069684085964552 28.157557899297615 8.167613597476125
9.900903729668489 25.85794940564801 12.06446049018432
15.188870299017466 27.406417379594775 11.410844067026805
12.606198885528322 36.61406947752419 8.23023324977615
12.55975084963018 37.329060419159056 10.907414776693646
11.333913645520548 36.73563578412816 7.9997023274014705
10.137911427531895 34.65942762130878 10.877840377128738
14.720329419859567 29.172298450120714 12.41965238946415
10.66435688954306 26.947337662761125 12.25223425875654
11.917435782625995 26.72359737951999 11.861098456342337
15.782670255867654 28.394815626136985 12.091607685788935
10.266104221401912 27.852546163560422 12.457398540294477
12.745317438974224 27.41029076872164 11.95838233216551
16.069211696515524 27.77496500082693 13.239510141598831
9.371159536497325 37.07179921420739 10.312137367714083
16.33471927058718 30.123513814094537 10.139534696424764
9.505778102633608 26.85970593378937 6.529288190025846
12.03411533329682 27.783138249400707 6.2768323202589045
16.151011499872173 35.06233722642356 11.611150315568269
13.200359064202614 37.72302775400919 7.745484363872386
12.158385481363531 30.972637108296887 6.621619965935132
16.34037182902203 30.90269385083284 7.595565152466651
20.598221140104336 29.40352276053364 6.408938689013642
24.370379887268097 26.520303302067536 9.619126855954981
16.80111888146131 29.687977465957168 7.236547213585562
16.784612787575366 36.334237921605656 6.764434636103493
16.432202950434174 32.60039940397927 9.608682723442229
17.550012058254254 34.46976205429417 6.460330827394464
16.78031016016851 31.848120501550984 6.699425165453325
21.526897191848267 27.134732454054717 6.838677281795688
24.52983874229813 29.320098147827768 11.153558114476464
16.97968040713143 31.292401522953938 9.32370780197765
18.70258269046675 27.26296178723746 7.467974409101204
17.073061645715335 29.384992358119945 11.261251684188968
17.662780736255343 30.2633637989255 12.189977966138885
17.816277923284456 28.337381242734732 10.681142945512939
22.998754192345395 31.06134579640741 10.524719647847435
20.479507186137408 33.7754323666538 11.16832311275718
21.531781260583866 34.965272624938436 8.636737271276765
20.79235309055757 31.62883103207039 9.35038675282973
18.414953459902794 31.07365207911181 9.280041444691225
19.651346746161412 34.20818647599523 8.355061017750437
20.259696257445196 35.19311162894839 8.99084451333032
19.994343984591527 35.084576132317345 10.836597143068833
23.610632887482037 30.30717359310335 11.551448564094352
18.564166762250675 35.328014892951586 10.854168593285424
20.533721348584034 28.82064554533354 11.907984263404824
20.839257184887167 36.15805405407587 11.485783309008932
20.55503208646682 36.53458306844935 12.96916726037042
19.4533155411392 26.371675395835453 10.325124214583216
19.96319158942596 36.336348897143765 8.50739992369887
22.767586534115054 29.569598827098304 12.551816052266771
22.01930834813098 25.968944721414296 9.951174204698157
18.292582841634303 38.24624882239794 12.333753304624732
21.22196501756029 29.780272062031468 12.753628117933879
24.25569442276887 38.051825062014096 11.84329313404469
23.73818607489087 25.896373729631634 12.382894123920005
20.841442659668818 31.21460637592652 12.62247082104553
24.078262414563817 32.40345645179884 13.263829172656896
19.512971215429204 38.15959963310903 12.888931026653989
21.368656822788576 31.60134174850617 7.132687029480909
0.7548640209608665 35.10999952989258 13.516663306247214
7.782241060367291 38.10372834455858 13.676497290036657
0.8457574956209617 33.73091478899278 13.69526958751391
0.8229973132023508 35.61425108512219 14.713488575588933
0.6287538355925202 31.031887251864713 14.041619416972859
0.3542686217104794 27.90518583170194 17.88316304654381
1.0119919701829743 28.031804690768162 18.730374744703603
6.941309858957637 33.66492799676477 16.036396947697103
7.147547569672272 32.40452489301605 15.885063227544308
6.105631472438748 31.707531680535965 15.43757035602294
8.046801526738223 35.9893372598917 13.729072799148796
3.3708933082201775 28.234512513025894 18.007845847697375
0.7600166942796543 27.873571956924998 16.586893172895778
2.1784698905315905 28.23087623796305 16.120585087786218
3.356348260409527 27.72226058815244 17.045823806715333
3.2521494191763156 26.64536504592112 17.178257159640488
2.227556151306366 29.312180829690288 15.99224600743883
7.344654369011107 32.03513663008107 17.196748461485303
2.4689717534904987 27.76976222552233 15.176613406147174
4.386037284519763 27.810971640542334 16.699455703384487
7.381791436370609 37.07744957937301 15.320544797516245
14.925230617694067 38.20156477217974 17.22944200631644
8.306545991243942 37.13549736685581 14.340281015621096
8.225487945932201 32.30417622189706 13.58532174162718
15.301415488106631 37.181073116671094 13.543021253085177
14.972457962126736 36.67998029370496 14.905222827771416
13.562418499511633 36.37324788550038 15.089378022103677
9.614374642749484 32.97977508667719 15.523760637293849
14.378555424164112 33.49770615495118 15.164598497932952
8.654514892107665 32.090783152348116 14.881505750011366
10.277384236363728 29.434353940793823 13.61992490361491
10.120703678969338 37.23103449152917 14.766296545249224
11.951822027880821 33.671088605185794 15.175225568999734
10.380001239051504 35.925200209122856 15.375274589832813
8.886154105324984 30.647058077270465 15.074188402848666
9.105650093175072 27.878266928114567 16.17472963942577
10.30013705819957 28.41139647831352 15.988132823733794
10.648733607215625 28.633493782022754 17.289305849044354
10.263186547761592 29.957524653358806 14.951290971126095
11.420733484473619 30.744722043132573 15.239763572268338
11.133282636242374 27.365135336615765 15.467238441302593
15.715908420756554 33.97885763698686 14.896661536398781
15.78123192813964 35.45581747716871 15.332355866326647
15.575070795890499 38.1323826702446 16.092052614138886
10.701264522030286 37.57993418984611 13.473229183509954
16.331520788872716 32.9730361672949 17.227987976153074
16.37254482099771 33.70419095689659 13.649078063332633
21.720724203226407 36.94786172168882 13.634920455575879
16.863260583242297 31.777559057646307 15.558663333124876
19.760671492921535 35.57147296076065 13.664218505437018
16.835314244190755 37.96807532336323 16.502754725811112
19.36149178418424 32.63261942590055 13.970822492899712
21.121251302864536 28.18036472001836 14.870611224893658
16.86643455660702 33.03303324000587 16.02091890220199
20.74452957008266 29.362404281309626 14.48981839687213
21.45574204479508 30.216392950864005 15.241789530308456
19.459431835185814 29.527504025654487 14.840050231472539
18.172036659041236 33.31428263269222 15.990768854505898
1.2299459465353202 38.99945564642706 -3.349999927450135
1.2299507726773837 41.83000865158067 -3.349999947121306
2.4590445285448874 41.11953655690513 -3.349999940977434
2.4590053314744 39.70108177621303 -3.349999937714948
3.680994695732547 38.99891821371014 -3.349999943915498
3.6809560002705615 41.83052894122506 -3.3499999251736154
4.91004913173482 41.12005425451097 -3.3499998860425273
4.9100540786070095 39.70054435548437 -3.349999896738305
6.1399999402951035 38.999489851854655 -3.3500004091227864
6.139999987707482 41.82997732095772 -3.3500000531371663
7.369950925023787 41.120054206904314 -3.3500001282443814
7.369946030533606 39.700544396383386 -3.3500003172497372
1.2299508789858171 43.24999380358897 -3.3499999446821893
1.2299503790934345 46.08868295023684 -3.3499999175409414
2.4590396936571794 45.37941315147924 -3.3500003207777773
2.4590442312949974 43.96052010382453 -3.3500005999654494
3.6809557443195824 43.24947355879324 -3.3500001402951463
3.680959803087973 46.089196361311245 -3.350000006311573
4.910050095658031 45.37993513337798 -3.349999912728162
4.910049148873855 43.960000277491105 -3.3499999377583203
6.139999949613472 43.25002504548164 -3.3500001079200636
6.140000019890369 46.088651887759625 -3.349999863578205
1.2299503866158783 47.50131701224729 -3.349999911060096
1.229950799198155 50.33974807806423 -3.349999938382533
2.459043487426866 49.62946798881666 -3.3499999000193057
2.459039784864221 48.21058576877747 -3.3499998889118343
3.6809597793921833 47.500803638137 -3.3499999719521565
3.680956512701202 50.34026690984854 -3.349999922027147
4.910049315732165 49.62998830168772 -3.349999864140946
4.910050088568127 48.21006374930616 -3.349999934724547
6.140000032671559 47.50134808726994 -3.34999988194967
6.140000007752955 50.33971686184644 -3.3499999874794173
7.369949980903703 45.37993520644717 -3.350000040184744
7.369950922222823 43.96000028721179 -3.3500009934458186
7.369950736423389 49.62998824979812 -3.3499999599490673
7.369949974860844 48.21006374845535 -3.3499998304255785
1.3918098236189899e-08 48.21003201361987 -3.349999957314248
1.1985129581669457e-08 49.63001959634779 -3.3499999803962153
8.94864418219403e-09 45.37996683789438 -3.349999939748712
3.257679466894713e-09 43.95996907465103 -3.3499999418294726
7.0331948694086535 44.35515626450489 -0.9187054067701572
8.599005309595096 38.998918204010685 -3.350000045295559
8.599044031683228 41.83052888195298 -3.3500002851649144
9.820955489885538 41.11953658919833 -3.3500001976601856
9.820994709843824 39.70108173847937 -3.350000391656376
11.050054010421956 38.999455664117235 -3.3499999506561595
11.05004921289527 41.83000863891424 -3.349999889970352
12.279999988964054 41.120085198307976 -3.3499998749057824
12.279999948695236 39.700510281460616 -3.350000315872385
13.509946066570711 38.999455691513376 -3.35000047633819
13.509950763925936 41.830008644193505 -3.349999913995952
14.739044517128589 41.119536565867584 -3.3500001972615143
14.739005349950565 39.701081780374174 -3.349999989655811
15.960994678530739 38.99891822795405 -3.349999873043185
15.96095598961643 41.83052895077375 -3.3499999435917935
8.599044319018766 43.24947358374286 -3.350000832076676
8.59904021176218 46.089196340162744 -3.3499998338836914
9.820960200313618 45.3794130270507 -3.350000047153533
9.820955700729911 43.960520251262054 -3.350000247657199
11.050049097518238 43.249993798672485 -3.349999909993161
11.050049629359636 46.08868297172098 -3.349999975108685
12.279999980562465 45.3799668479621 -3.3499999036276726
12.279999984811614 43.9599690709042 -3.34999990497428
13.509950891999772 43.249993794798776 -3.349999903819185
13.50995035478804 46.08868294983348 -3.3499999154628988
8.599040218801035 47.5008036484354 -3.3499997997072564
8.599043505446287 50.34026683125538 -3.350000348439093
9.820956430891938 49.62946800119617 -3.350000673705673
9.820960168248336 48.21058568985904 -3.3500001299086724
11.050049614772185 47.501317019401085 -3.349999876329055
11.050049297099749 50.33974809706402 -3.350000237118395
12.279999955851643 49.6300196258878 -3.3500000016266074
12.279999932394215 48.21003200829891 -3.350000019286946
13.509950347796996 47.50131700485983 -3.349999968910268
13.509950780350259 50.339748105602645 -3.349999970077102
14.739039763289489 45.379413021386725 -3.349999911274484
14.73904436826957 43.96052019065194 -3.3499999038203554
15.960955698133985 43.24947361725297 -3.349999886578656
15.960959791744681 46.0891963178547 -3.349999904954708
14.739043462079009 49.629468018812325 -3.349999904121732
14.73903976572953 48.210585781211925 -3.3499999244294787
15.960959794037148 47.50080363666286 -3.349999900102558
15.960956483239682 50.34026692966217 -3.3499998862443823
17.1900490406137 41.120054231676995 -3.3500001702732387
17.190054057090993 39.70054434459034 -3.349999876261751
18.420000009738775 38.99948983993406 -3.3499998538515205
18.42000005233978 41.8299773925335 -3.3500001387535727
19.64995091802792 41.12005425641294 -3.3499998756775886
19.649945928199756 39.70054435920237 -3.3499998788377408
20.879005325099783 38.99891827230348 -3.3500002914269746
20.879044019922834 41.83052892079309 -3.3499998899484584
22.1009554660718 41.11953656665738 -3.34999989427603
22.10099464562119 39.70108178310142 -3.349999973866129
23.330053993988773 38.999455533659315 -3.3500002711992716
23.330049226608146 41.83000866612743 -3.349999901026204
17.190050084788922 45.3799351152276 -3.3499998808593503
17.19004911529155 43.960000262979705 -3.3499998723552347
18.420000004779446 43.250025056499865 -3.3499998699818176
18.42000003112458 46.08865187618797 -3.349999843897087
19.64994994377244 45.379935145675795 -3.3499999048105877
19.649950789842723 43.96000029015342 -3.3500003827533256
20.879044349546763 43.24947351832751 -3.350000755585861
20.879040187256972 46.08919627719655 -3.3500000289906797
17.190049298694788 49.62998830209236 -3.349999869904492
17.190050081345028 48.210063730625066 -3.3499998723896796
18.420000023820354 47.50134807230097 -3.3499998505508155
18.420000013478933 50.339716866301465 -3.3499998610277704
19.649950708291215 49.62998829619564 -3.3499999268920932
19.64994994305274 48.210063722537065 -3.3499998690884647
20.879040149499144 47.50080364748284 -3.350000138001924
20.8790435113066 50.34026692565547 -3.3499999085005836
22.100960222627208 45.37941301721662 -3.349999970169244
22.100955691612036 43.96052023357029 -3.350000074906122
23.330049101252385 43.24999380911522 -3.3499998679072296
23.33004962471929 46.08868289520076 -3.349999950093192
22.10095650164892 49.62946801877342 -3.3499999509340386
22.100960044361088 48.21058580777756 -3.3500004520834805
23.330049644863006 47.50131669059262 -3.3500014301488124
23.330049205549518 50.33974810332732 -3.350000025031694
24.559999978196643 45.379966844429575 -3.3499998731404035
24.55999998710016 43.95996907574447 -3.3499998822516694
23.534219890063675 40.090146738922584 -0.9467709057459106
4.038330960804399 50.81029213611862 -0.40686026386880125
6.743255803079243 38.59500825421439 0.8702225440417044
1.3515214364385433 50.73317972117742 0.2018205334313028
3.128116834728075 44.49950213886479 -0.6791386285252043
6.198131893709354 42.10186355588812 -0.2744527776579764
3.8433481974714137 44.1088652522112 1.2252792978498572
4.581481600977293 47.16934574421791 -0.19533423408514827
1.803491839172766 44.745868156937156 1.0852641222579495
4.2801981119188515 46.9111999538311 2.2766763440010984
2.5516133577123896 47.746931169155815 0.7103870528722989
3.7357271573033675 46.78352984877527 0.9190161554941179
3.0989368344859036 44.977172652220844 0.5597519771034243
5.4813519006847535 47.94615934764274 4.248330498811789
1.7973007021411993 48.47061070014493 1.7659644831287202
3.4561874321714736 41.44156378136048 3.6056361444256213
2.938686795381501 41.61079940888297 4.790121918456338
1.7258902209210127 41.087803735023094 4.779552327695998
7.242158012598155 42.37033149629702 -0.34028915216829714
2.958964027516665 43.40497422658521 5.283835651394119
2.213514248133243 44.10574006732217 4.278930131027608
2.5274361743630265 49.37861527002564 2.6666091913999357
6.630238498227995 49.36178083209568 0.08224848427637488
6.148393729640206 39.688633228651426 4.187653674844135
0.906828291546452 47.63226918059855 2.4938601553725794
7.601464981770964 43.99034236017053 5.920890014611302
1.2185715585200345 40.66762414903941 1.9355778305090765
0.16483935319530268 45.54682067885436 3.7632784804675823
5.281223406420126 46.19635426850243 5.7729064855827215
3.6300255979751985 40.829629798715445 5.5308145782310785
0.01582148544640066 40.91073948469042 1.3951043201144175
6.288115868435586 50.64561620926008 3.457157903465904
4.42601611164702 43.83500852517088 5.365231039179039
6.928512605555683 50.38685610084212 -0.08100974845074216
8.085550778693337 50.98278179484364 -0.37892415144583746
6.847450198508592 39.36543985313795 0.1062338781850869
6.65259261587103 38.83055832682018 -0.8232994861728715
6.0395335299894235 40.096827808420805 0.12726518402903508
7.8428964143656925 48.50548798993731 5.222210799406649
6.992126134141307 45.7070277928262 3.099697641065581
1.4465400211891428 38.41717004464482 4.536989162426241
1.3884249929463677 46.63744773684869 6.230840730226449
6.449081650444257 38.34698405526425 4.2392138878170185
0.7740143881030941 49.72554255077888 0.8539278122985716
4.496338312566407 50.36643685823955 1.2350334421797593
7.672286690128932 43.56222971474039 -0.5592208710701896
7.664634105928931 46.966080039088595 0.3948716082034731
0.039949209627485424 49.16919728911438 -0.05960007914495469
0.17976384727584951 41.039034686965515 0.1002355997214377
7.40124953105629 50.905352664800915 5.643459143286452
8.22693827322438 48.50135016079095 2.2832630087705583
8.25879628553581 39.987077920378646 0.11613626345648664
8.685027942102987 39.75055367276504 1.0910633664049985
9.285394176220398 42.8882735380943 3.9543070986320696
8.907318215598313 39.55348448649758 -0.645123246318936
8.273161209623675 41.45515341163908 -0.11600627087321236
8.274487860454311 45.89713485504365 2.6067417559571373
9.00673752647182 46.30114478167723 3.68088359561375
8.92620327688809 50.424688190039184 -0.3349365859423481
9.002205221268232 43.550870289778814 -0.40670555806593733
9.571600384495447 44.37804724974713 -0.2986897008997025
9.357037420172107 42.26055670722589 -0.16516351444949562
9.878352042275264 50.06600747362278 5.443049595532675
8.89554294247494 40.87820718478221 3.2476678560542283
8.840296279573641 44.735492030958625 2.3425614514791793
8.581713731689522 47.30492565190059 1.4435783882181563
10.335019918185646 41.80266811428344 -0.14818499247289063
11.035843907640771 44.35572991816701 5.195845271947695
11.876131221748992 42.17190288215162 4.897540167869496
14.885766856331868 40.999270613572996 -0.40201462964169266
12.404135757093812 46.43496451295165 4.30038718380948
11.747217360804411 46.140334537939516 3.4820037778232837
14.60138139872895 46.23022876102401 4.455456844969895
12.656752514099823 46.87723037120276 0.043461659102675965
13.398344563568521 48.28397521139122 1.458832940516509
10.06594767436738 47.21118404433683 1.0970469420068507
10.798877411839683 48.61571670447281 0.7815061792516709
12.564096466567156 48.1297489786318 0.46147278270674774
10.293022464739318 49.15238775532228 -0.4811793665468955
15.192400572713918 42.95434856860969 0.12113103519452606
14.543163133303755 41.58665855333616 1.5919984199959558
15.35247297183485 41.707845863999935 0.5472300416367715
11.592893100160804 41.81686029280298 2.493332210082052
11.320526428927385 41.37936877545191 3.806637154343467
13.09910466872282 48.88359278738541 -0.44566425627439954
9.634886387323775 41.67385997984098 4.031492664908878
13.755423875540878 45.80578538026897 3.9148056762663175
13.893358450099127 45.85441647657188 2.834662597946618
9.125819045539393 41.32086138453047 5.172152972505382
12.533874076042403 47.51608044447559 4.250825992097701
13.638291674502844 44.728432113578066 4.031809894197646
11.477075588753642 39.84479077198291 3.996950360287098
10.993475208241806 49.509461886889774 1.901253443268689
13.333673866740014 38.57586258915852 2.9782993072531285
11.95044403857013 46.187673250955136 5.692699428967063
8.442091152601511 49.70825413359888 5.787432390442825
15.66885863444265 48.33239370905478 5.367094024135986
11.924839023125388 38.83757555728593 2.8919189361577926
15.799384458116727 49.80200331973176 5.424663075807209
11.236759468909515 45.11567021762356 5.936469116086308
13.165452190039918 49.92745248538498 4.865840792364508
14.076324885773223 50.39200176102534 5.751556701228159
11.381789603083515 38.94410701156105 1.517609984658661
16.161236350134377 48.30468557874351 1.4438578828027315
14.544574732322051 50.74187838498688 1.966066541567405
16.24026723011205 50.41903244909254 4.188803388924256
16.141824564272333 45.8145347127783 1.6732513732290977
18.041665936567735 40.522195081612836 5.9762237001460194
19.420673484406606 38.44894054813546 1.108698712420938
24.218047508856486 40.801252413383835 6.056317077019724
24.256723511733068 39.65472794681248 -0.256481841383015
17.250430214273685 47.91707103734978 2.7727690452249574
17.932556677163582 50.43171679893906 2.166758498764233
17.133919824806526 47.878598706874975 1.689696928555633
22.925298628557993 39.34204220717255 1.452353307897043
23.548312188864628 50.1175108384461 -0.2291819613900803
18.347846062232474 46.52580102662538 4.718491660554295
22.910408060764468 49.75246600384237 5.0739706475015645
23.373164995603222 48.48264420763459 1.9881948743858213
19.522668779023117 41.73576041393939 4.474085517187239
19.523475827214277 48.01925407997669 3.891374905243503
20.73670906257152 45.56044216300638 2.8462336976948563
20.387249851650203 43.10927160539078 2.6860792208914996
16.937627274535846 39.732125526708344 1.3336108613244058
19.398714514438186 47.15629944886146 0.24145348452430215
21.01996696739959 44.3328366603235 0.47877697233747574
19.218336523183165 50.43194889458424 0.4405753531277945
17.864626631988198 45.90225111866448 1.5943956830908168
16.428688221322382 43.65458767377188 5.292544842670447
23.10181307587008 41.90193502160623 0.8490795421563191
19.81241673036624 44.47221513930245 -0.014741297535313391
19.58373300315422 47.01334523444315 4.681375700444904
24.15595107285179 49.341930386426306 2.9292055153586505
16.957815775605145 46.36846243089276 1.2091151578717563
19.970740936839466 39.324819586236266 0.3459562625667145
18.410432438052243 49.9539320532121 1.324288028019619
17.038829363932688 41.217650294246376 0.8951697995223518
18.05045862528554 39.03270179577159 2.213704181082987
21.239322498546326 44.24344657190936 2.3489127515299
21.99710535748704 48.77518280922245 2.085662358756025
19.00018147257171 50.464987798356084 5.5295809775258284
18.59077257250834 39.82270088782691 3.256863810461689
19.20509041217155 48.212114890976366 0.36046381775983183
21.571036398675464 43.36903769485466 -0.20436646565439753
24.181785387828686 41.89510018735321 0.8526976348802384
22.93795795463936 41.68099612326458 5.874573211427835
19.81518751321945 47.537946919517466 5.888059772541273
20.768111062423074 49.33241376128983 -0.6501702220525296
17.792371679672957 41.41218055888382 -0.33726777141645514
21.631936833756253 45.49138955863524 0.08122591565619564
16.98736706706078 46.290029606346344 0.12234240617230108
23.532369801916676 38.82671884845886 0.7080372276791946
24.110448986420245 49.24088265107872 4.477687287539562
20.56002533431806 44.67858996230873 5.243927829257218
23.883789817970726 48.838826443404564 0.14690054639815653
22.317421440129465 41.57090209616595 4.5769775161303174
23.31650421573736 48.12442163408968 -0.7711410791218987
23.701317012130698 47.09850016940382 2.0290033917085912
18.206119311220068 48.63928645133879 1.0857856199611782
19.823123187997602 49.34119029025291 -0.12736921800944212
20.85694038148465 50.29562815338493 4.02022327661673
22.134698149286127 46.4553334218367 4.8540525254421905
22.60663735468337 43.9882143350867 2.6489030990861795
17.424588882927313 42.13848246526845 1.9196217785349956
20.89996544409585 45.791172074809815 4.380430749145039
3.462054421183792 50.21826808412159 9.11514523905692
4.393265522800898 50.225731805518045 10.060071841804675
3.3764997780875783 48.84251311635159 7.840357160432376
3.6125227803291207 47.67452438324735 8.69472599382325
3.6334580932310705 42.274905051880914 10.823652632849118
4.946872476941383 42.72904428962031 11.230824271065861
3.0144910998219565 41.41845308059092 11.98523863365232
2.2143435587042446 45.074016482788835 8.51957144786997
2.3713993443617967 50.423305353159165 9.725701776201168
0.5843734557302253 42.001045878053006 11.580040178292986
1.5628366021295264 41.73961124019379 12.539815143300592
3.931663595612276 40.915951475902695 9.609535482100004
2.7584804201414173 43.18312132172661 10.116083410636739
4.272998668909851 41.42460456126624 8.370977802847806
6.787142352081266 47.71914320772314 11.392124987873164
4.405157788297583 45.01323807041692 7.667365712309746
1.9244548405096003 48.89061032804295 7.216759259564871
2.8497232452390433 40.249831862198526 9.221194633184103
4.861627721383976 40.064153204231474 10.06108256164598
1.0453288187811074 47.61997411591089 7.242448692541057
0.9639075635943775 47.16505014439383 8.584364671299895
8.102308895101258 47.3050466506361 11.360849617125053
8.082336110646434 49.5049698319344 11.522288742212044
6.787447678343713 49.02300691326313 11.588492270608988
6.860842935066105 43.43046056052603 7.8352586072727135
5.594644307467367 46.76983528926408 11.326822101983808
5.62866055381168 46.00337089059421 10.55256424998226
4.6725860884462875 47.33598015627658 11.194956143943276
4.491184323044034 49.06790234134917 6.942606612693049
7.651133290129615 41.642058340411616 10.07844809585977
7.517118194832901 45.237208841476544 7.598930108420849
2.055884357077709 49.56242456985272 12.675842679715721
5.536204504796362 45.9731549185764 12.673971860473687
2.300249683195974 43.32230177669678 6.6049412090792625
6.819399315484498 44.368285490338025 6.924136338827259
7.216790442454912 49.083902779235906 8.065335615899293
4.582616338039469 45.51507454521845 12.93652086511158
0.4800237581086943 46.59611114093843 11.205153681336693
6.328819290323439 45.24140753438665 12.830201081373788
5.975936293808445 49.72809772730459 11.691914786199273
2.229563090374085 44.40020493136661 12.937882263034332
5.034027851622989 44.877850838913545 6.394649610838917
1.8331015448232775 50.625425578547066 13.304681355646867
8.503597435821245 50.41455059425218 11.398588569125558
8.874509460249703 48.34847700200779 11.48919392572405
8.321691131985261 46.26500227690787 11.169592892077594
9.95067713844605 48.43918076001622 11.495190318205012
15.77889713008739 40.24450264371221 6.925768133465526
9.143489578934055 48.183841623512635 7.909424956701968
8.720425268378644 40.80804704473239 11.593537377877887
8.444347598693918 49.30530545326908 7.631108607508058
8.666908967899989 41.909836068458745 10.877236152224295
8.349023488768694 42.91094376638509 11.717711016603452
10.642988650130052 44.30056413290752 7.767640480633004
12.95633613153439 42.08836789063099 10.713133847388868
10.509410336292245 40.8647827379149 9.17019538851832
11.40211992373932 42.41915288494237 10.938336027095607
10.2581451292921 42.08643277915062 9.870785846861432
9.967982743160304 43.23360904742786 9.041543047355681
13.242311070471192 41.75008930619671 9.298468984436667
13.927633810025128 43.564294019227056 10.989180571917665
13.44303684513616 41.14519971022088 11.672383149381409
14.25031246970948 50.05308269354429 11.626327481766001
13.781764382363512 44.46162967461464 10.007285972792847
11.582619171527533 46.11807572685745 8.90266871680172
12.211893540893032 48.35833274518082 11.838712578170533
12.903959645002603 48.94800797380597 10.963223200410274
11.585175561462425 46.175044574859506 7.824175316116625
15.279754181130723 43.36160933515627 11.01549801018722
14.282480098141358 49.64670278184282 13.025414836471732
13.455457319311279 44.136075085766905 12.111411435101946
11.013521351264565 45.09891450230921 7.272219240604247
12.234433989429641 46.87024927895756 6.865697427839075
12.037263907183657 49.53787852332163 10.138232874469889
15.488320042432738 49.857316987413725 10.843868150752265
16.24000942161892 44.9730758984003 8.835108657750121
13.498007205258974 48.04232337151843 10.206333469912016
13.478757644595307 41.003914086396975 6.884916760149638
8.990628822583526 50.33329360075556 8.344219508739066
12.906264608465278 47.71025295538617 6.962843930373943
16.008153595673008 43.3749465521846 6.654576437164403
14.610325192146679 43.037002199788965 6.983670592542291
10.307679719571754 45.94042959519608 13.248558541412464
13.75897572405728 49.83355123255284 6.977336332921732
13.223361571665572 38.634533798424464 12.83603102805741
15.157128238183937 45.85134923302191 7.277155863315955
16.13795695680574 45.020525315751655 7.5275214268151895
24.11645077413793 45.871037415736176 8.99936940142586
16.88040820579907 40.253171206024625 9.645810106470417
24.16383937708928 38.781062954086494 12.940402563818484
16.993882587672015 42.43488346815038 7.4109869346072985
24.108844029356433 38.94872709796006 10.795323141822655
17.74832428084853 38.797824387031284 8.418022875084581
18.986575343374625 49.85057388310017 8.58767696894258
17.135665290321835 45.74672462315188 7.118873305071391
17.651520300111702 40.1197720055581 8.599279317670518
21.78937085766283 46.74851712061979 7.609473868375608
20.608251198244343 41.63600789246341 6.953444346921806
19.886510249716114 45.47598448303483 9.87633506455939
20.478131818011107 46.55103315424658 9.28955999857305
19.05740184245069 45.505752318129474 11.087456728130963
19.332384303986494 44.395307599058356 12.127095216504895
20.30809888481562 44.39591659553447 9.285290063241021
21.197364427247084 44.74850760161345 8.35976522052354
21.238635428240144 46.163838362593296 8.331444253468211
21.683945372813586 40.934852716260785 6.919148891540241
18.013935365904533 45.57869426686511 10.780932365454516
20.771381193341888 48.44411212201918 11.627808707268073
20.145668395855083 47.54883757059578 9.535027755564084
21.368803485371366 49.65424870827869 11.788712434032453
20.300218331909928 50.778125487830124 12.945367344021454
18.866862622541134 40.56740094897879 8.92142994030606
18.727724999370412 43.526854358810496 11.8657982687799
20.333815218671678 44.01849362601863 11.919135237016981
21.684286690350135 44.15345099751819 7.704849693362114
20.135946850688242 43.366011298656886 9.561077584285343
19.335835658515503 46.45273040034761 11.549849550753613
18.986209815746513 44.69146387431286 13.11732482860534
21.650265141846006 50.24721904246431 10.5696257143984
21.317303252270875 39.732686586345665 6.615891216817566
21.993120871575506 40.96451534379076 8.207957374717012
17.045145493042114 40.955989550305844 7.013978007348285
16.695350356720297 50.19795650540834 6.597308509152386
20.185831410431927 39.08865284330212 12.250908955099808
23.89233771010578 40.134467073165574 11.344844460562788
23.96713680092382 40.7927330915651 13.32960259731401
23.84330940468539 40.07474401502946 12.630132467903648
22.48058784053761 49.32964562589258 12.375485889473705
24.04097307123801 41.053293412369584 10.797061941850183
24.443677194272677 38.74138358587568 9.376137489370342
24.54625318978154 43.13547576077592 9.489344845573006
22.995744731122752 43.015883447950756 6.369987560456081
23.410903357307646 38.59435395181644 9.060130386038086
18.704009247711678 51.04594693952833 8.147820982095363
8.107006297343638 50.834774972153085 20.353651641391295
6.065145856138826 51.03504209091 18.32749747204195
1.1346618532892647 40.772837776315335 13.473082539338357
7.042008316781356 41.4930435392422 13.85174747490453
5.73007649949031 46.7211445800739 13.44275343933591
5.591205971825309 49.23058138584885 16.919933122512838
2.0044745040346035 43.34752529901037 14.84766922747189
1.5940256859266873 43.35751797936325 13.56500784830499
0.35290671682255864 43.761780062415866 13.676248005676715
4.632085559788478 48.84077072035155 19.389122142773562
3.3379891051393478 48.619349745028494 19.53430673424414
2.3352814758611693 49.50035813387334 18.23076892630328
3.178308777938671 49.75324746049028 17.120242853875382
1.9545274151018295 50.87835218197192 18.78975344982498
1.1724274788813889 48.66429010983302 18.061302830996656
3.1712075404770967 47.27101322895958 19.460946361668626
7.084447242685834 47.501165545217894 17.53600047236451
7.018040411037972 41.50849100793229 14.93137098128196
6.287360831258241 40.90625864607439 15.825693682405356
5.56221988640057 40.114506545194786 15.708650011697587
6.416688357886943 41.559047035270304 17.06543475938553
7.813218215097082 42.313965347113296 15.614952511503084
7.416011017543413 42.35536960919163 16.92112605637797
7.733524395480263 46.684155634910546 20.35091854958157
5.139166283066787 42.92558144353555 19.401495421967443
7.90688455502559 42.994822203048976 17.639835699135535
5.958524192401821 42.20765799088372 19.438081385691387
6.012285791601505 41.063991647410894 18.36648561471869
5.744635427292261 41.66645059142914 20.359735414094267
4.9770339676931155 40.72295302054184 18.359680009453673
6.6334260808293495 40.236593228936826 18.7095549942195
6.925271946570585 42.69414684776369 19.56780174640805
1.1802691766076858 50.11921711909791 14.365881747602783
4.213405401442305 50.4595529348322 14.510324331778708
7.9387533193043085 50.746747721741315 15.582326311951523
8.202399893354178 45.35794684192477 15.200575267152528
13.708397845466576 49.10723205914501 19.286711019556208
8.345435012955848 43.056780902156376 15.184754497379778
8.332208348814016 45.02890570099155 19.078951728714763
12.65631112641726 50.42687320998611 17.4499278785783
12.887368683878458 48.390286830783246 19.2875207390993
8.524368311242583 46.3405233366717 19.29661735059269
9.762417729441536 46.31680360467348 19.77175792457823
8.49353142887091 47.52011305431704 17.825403237896385
15.497036167494585 39.34152832330499 15.58023902219793
10.306334290678123 38.37349516604193 15.821618052912502
11.820666749591583 39.555555209800914 18.26865640341743
11.366276742079782 50.543746861906605 17.312575955402473
9.020757351807926 48.77401673646616 18.348383195441734
12.552909645991809 39.27745125548329 15.499524157896884
11.225233727217525 39.65648258153499 15.687691244729978
11.896708394537518 49.66956002335034 14.366711435897662
11.008108129970415 44.76573270631515 14.997566122380876
10.640225407522676 40.68407487044387 14.908366422939014
10.545798049280009 46.01421652118184 14.559320845520359
8.704443625678035 47.78909433414891 14.764567964281333
8.992176073304654 46.54501577527602 15.370735253659136
9.4754696665449 46.79526292774267 16.754950342153734
11.47516288803479 46.95054178761562 14.731375184870464
11.627731500037381 41.542997727354106 17.517059631090895
11.174590656445172 40.30769729836672 17.402800457744565
12.040524427027366 49.89996792064015 15.412000462797282
9.907667274954296 40.36887018127288 17.776276660324527
10.961790519872466 50.27770247303746 16.108920151339262
9.98556236052622 50.40352636103342 15.882542302962399
13.087526456241925 49.93390367028855 16.198780588187507
14.091668699984238 49.60159430103793 15.980448644637827
14.566832740341548 48.7157238253772 18.740898932535792
14.343099535821901 48.94533811601243 20.1579423984219
10.704312077070059 50.9077598947442 18.084390242866103
13.449720148109861 50.4494001273363 18.711622784734423
12.863734580854135 50.92279947044768 19.49941335151
14.394392059690963 50.98704620793256 18.63018770582801
24.377713181903772 38.62357816737484 13.987234230200777
18.496530550449535 48.019171104947866 13.704595297982964
21.438435981198484 44.1936397763076 15.473202729108069
18.30336773870106 48.47287086228326 16.121927571242793
24.37296486965246 46.61744871442984 18.852375209545826
24.492617867178588 40.53168828427647 17.649387158474276
22.299975074396322 49.329472596335684 16.963066394421208
19.355431470330007 38.59514646140192 14.147475242291556
24.402368448215306 41.48273602957336 14.759237024763241
23.28303788280057 50.290962704401906 16.969520547321512
23.208341444916258 44.62836205612697 15.565483686296467
23.784755479447284 43.36989019679573 16.238488775089937
20.831140754247087 43.9898301060834 16.602377110908627
24.139610166089355 47.72125392396978 20.205058774035244
21.191174711210376 43.112879694400576 14.745996675000919
17.15850923093941 50.07131688723786 14.261982659082125
18.41254122156195 49.28378507634418 14.442418208213729
19.818499601419454 49.99929008139228 14.22860849055883
19.40306108590147 47.83906904096317 16.493439076285487
23.73980706127534 44.9438068967593 14.264907435298856
17.335591004140262 47.61599087331188 16.07621902259747
22.583625116511726 48.33002179726714 17.745865669857924
18.084700914512066 49.25151813761799 17.210601555126214
20.80228473531353 45.24650828617588 15.058749893861496
22.086918742271838 47.37379036380759 17.81869577016937
23.8288436149184 48.501352938008175 18.174740641961055
23.369461256065744 45.66625489181296 16.603403766283638
21.391350371340117 49.40517140327705 16.5285887314458
24.160722985324128 49.799432973343144 17.87670830680526
2.977721558129241 48.888920995275946 20.798402960710114
25.789950617218615 0.710249466288659 -3.3500000023082532
25.789945946972228 3.540544395490523 -3.349999855290987
27.01900532620384 2.8389194291258555 -3.3499999947035874
27.01904361408169 1.4204753456578159 -3.3500003383391794
25.789950915393295 4.960054265707081 -3.3499998409237666
25.789950908273223 7.80000027853527 -3.3499998372530024
27.01904432165496 7.089473643105966 -3.3499998341604376
27.01904402471979 5.67052894801656 -3.349999876748959
28.240956811096325 0.7097305120360876 -3.350000177355138
28.240994691570123 3.541081834023098 -3.349999989100846
29.470054028443908 2.8394568235560116 -3.3499998524434793
29.470049248508538 1.4199572422599662 -3.3500000831507415
30.700000027574266 0.7102807385553093 -3.3500000984738065
30.699999963396095 3.540510229187515 -3.3499998765681105
31.929945926164137 2.839456819858098 -3.3499999165985352
31.929950713989356 1.419957169263746 -3.349999917093217
28.240955449300454 4.959536526070808 -3.350000069118323
28.240955624294536 7.800520220987358 -3.3499998648975584
29.470049147876104 7.089993915822489 -3.350000214435287
29.470049297736296 5.670008561936276 -3.350000508929094
30.699999993674947 4.960085201037191 -3.3499998766561
30.69999993728448 7.799969060740507 -3.3500000085379256
31.92995087271186 7.089993727067536 -3.3500001804646518
31.92995075628883 5.6700086688880615 -3.349999869921705
25.789949921058977 9.21993510349304 -3.3499998380092375
25.789949949773145 12.050064853480709 -3.3499998448823174
27.019040186872324 11.340803742035673 -3.350000118859917
27.019040118749235 9.929196255859681 -3.350000489914372
28.24096025802461 9.219412942523725 -3.3500001565034863
28.240960252179917 12.050586981786727 -3.3499999094386865
29.470049628339815 11.34131706697527 -3.349999846472793
29.470049646892292 9.928682956496544 -3.349999982503342
30.699999971607358 9.219966851846806 -3.3499999484378096
30.699999966084373 12.05003310387062 -3.3499998812835763
31.929950356144925 11.341317035669823 -3.3499998806760853
31.929950356556205 9.92868297388877 -3.349999942966675
24.560000006960788 1.419926146287969 -3.3499998830463698
24.5600000039873 2.8394909923635696 -3.3499998799036
31.151474117685567 8.465142329918137 -0.85467799665644
27.012377882470197 0.5397906733609876 -0.8723513284322537
24.560000007143483 7.090025055113413 -3.349999942970091
24.560000000590303 11.341348100675892 -3.3499998547970034
33.159043220907336 0.709730502360554 -3.3499999326803644
33.15900531509596 3.5410818487915776 -3.349999918500183
34.38099466851468 2.8389194296450593 -3.349999947295662
34.38095636257667 1.420475231912458 -3.3500000371839054
33.15904451370443 4.959536593077141 -3.3499998856770743
33.15904444366261 7.800520172003293 -3.350000167052766
34.38095567642784 7.08947365015358 -3.3499998637368957
34.38095596217764 5.670528975385061 -3.3499998725867783
35.61004935336904 0.7102494384503301 -3.3499999605392885
35.61005406101809 3.540544399124256 -3.349999922347303
36.84000000664069 2.8394909739023415 -3.349999918474703
36.84000000933843 1.4199261305472994 -3.3499999074498046
38.06995067343543 0.7102494389902787 -3.349999893006088
38.06994596004443 3.5405443951143685 -3.3499999260477553
39.29900533962609 2.838919423568401 -3.349999893908482
39.299043635560885 1.4204752331044046 -3.349999896216879
40.52095678780118 0.7097305013418772 -3.3499999105318947
40.520994665995 3.541081802753409 -3.350000091456927
35.6100490842385 4.960054279915744 -3.3499999051986897
35.61004907988521 7.800000288020993 -3.3499998795954666
36.839999990387206 7.090025070765518 -3.34999987923862
36.8400000003291 5.6699773750412295 -3.3499999152948092
38.069950934393844 4.960054274308202 -3.3499999632082123
38.06995090193359 7.800000282363024 -3.349999885804472
39.29904433109781 7.089473634425113 -3.34999989327604
39.299044041093694 5.67052894524135 -3.349999888891375
40.52095546145316 4.959536616771264 -3.3500001145535405
40.52095565062331 7.800520198707238 -3.349999860471975
33.159039795073056 9.219413037530963 -3.3500001987220065
33.159039748401646 12.050586895982434 -3.3500001351138753
34.380959787326084 11.34080363689798 -3.3499999511889667
34.38095980260372 9.92919631475091 -3.3499999269703062
35.61005003785866 9.219935117918004 -3.349999864737263
35.61005005208114 12.050064843817555 -3.34999988953282
36.83999993438983 11.341348115917933 -3.3500000820044984
36.83999997568107 9.928651846786549 -3.3500000758827086
38.06994993397715 9.219935108162568 -3.349999941945093
38.06994979827523 12.050064940692236 -3.3500010242664366
39.299040364239026 11.340803591830245 -3.3500004845983424
39.299040235214456 9.929196296521173 -3.3500000011954545
40.520960247217324 9.219413015855014 -3.3499998780732385
40.520960260244124 12.05058695102024 -3.349999915971434
49.11999999920675 7.090025056225924 -3.3499999445236686
41.75005406475086 2.839456805766976 -3.349999907396901
41.75004927929852 1.4199571653420289 -3.3499998787770426
41.75004908671738 7.089993798409431 -3.3499999468378783
41.750049232822676 5.670008668222272 -3.349999899076579
42.979999989501124 0.7102807089434615 -3.3499998926308585
42.979999988182776 3.5405102256822443 -3.349999875709976
44.20994591249963 2.8394568143487517 -3.3499999853800477
44.20995070151 1.4199571640568371 -3.349999969672618
45.439043200619764 0.7097305046624758 -3.3499999396712354
45.439005298563934 3.5410818395158015 -3.3499999486075605
46.66099464771732 2.838919419448275 -3.3499999460408567
46.660956348531485 1.4204752363882531 -3.349999944100027
47.89004932999857 0.7102494460181736 -3.3499999570381434
47.890054049053724 3.5405443981372193 -3.3499999600847694
42.979999982046444 4.960085194217551 -3.3499998739500327
42.97999999016891 7.799969111527572 -3.350000105476493
44.209950899343454 7.089993820874278 -3.350000032203584
44.20995075250554 5.6700086457234145 -3.3499999261627913
45.43904449574042 4.959536567729533 -3.349999911446103
45.439044336655215 7.800520206680095 -3.349999896892617
46.66095566622542 7.089473638790353 -3.3499999362062525
46.66095595744643 5.670528947523354 -3.349999942447589
47.89004908198518 4.960054270577423 -3.349999950497544
47.890049088835326 7.800000274314879 -3.349999942869324
41.750049629235804 11.341317043230925 -3.3499999175646087
41.75004963377716 9.928682932252222 -3.3499998931044206
42.979999996128754 9.219966833821015 -3.3499998795559827
42.979999986698544 12.050033114603393 -3.350000021719098
44.209950365579026 11.341317041076426 -3.3499999191448926
44.20995034861428 9.928682946333625 -3.349999871795004
45.43903973937143 9.219413028601025 -3.349999899353061
45.43903974719839 12.050586930340675 -3.350000020444872
46.660959765843415 11.340803669769363 -3.3499999559066405
46.66095976191471 9.929196336550946 -3.349999914791464
47.890050048459045 9.21993512600027 -3.349999938020496
47.890050061334605 12.050064856392483 -3.3499999617148237
49.11999999790391 9.928651891375669 -3.349999938219803
49.119999993902084 11.341348127390166 -3.349999922306932
26.461822060098108 0.3361833492994481 1.541288759806646
30.924561546540357 6.1402107682877745 6.051513194486011
26.45976312464849 5.721522746953679 6.0786295775452315
28.366886914898682 0.9223940194096458 2.150136132285645
31.63061174204289 8.239456872418264 4.480339735469972
26.692803918667877 6.057334890237221 0.28825341607832455
28.968575123447938 1.7722991220401934 4.000271374670708
31.442577327889694 6.398757880632086 0.476471412204893
27.877311170029383 11.381324716878996 1.8232513629673375
28.302912572296915 7.608477042383177 1.4319940870900238
29.531118014113808 10.235390278257512 2.654630612585258
28.152747436589014 6.337986417170684 0.6063657580824933
28.17430878303221 8.917592936807171 0.684859361193233
29.054552982536094 6.176407788504074 -0.4851940401684418
28.288216683466633 10.151782867736195 2.063388175826335
26.837816069781756 9.119791993690885 0.22064931823374656
29.32615388995809 9.233287208662704 -0.1295942217325985
27.45454095538936 9.795048759137895 3.059352179980218
28.5987224413263 5.002605255013219 1.7438250852652792
29.875285949104043 4.89871646328683 1.9399939751950868
28.128600049472993 3.8129954949743543 1.3488850915638062
30.038836006034604 1.0158032083633204 3.5139529335056396
29.601656654626236 0.37665415632411026 2.421688567951239
30.8380939929373 0.8528498675545959 4.221789693713775
30.142119779882673 7.098707527846309 3.540627129141889
28.89563034237436 2.187315436208695 4.91817143359609
27.929114903357977 1.6669550194001899 3.148917400635737
32.12243298710511 6.335825432944061 3.7098095318779056
31.201801451658486 6.986399988722291 4.3617933408905625
32.209219304583065 7.099334409442602 0.18007200774184606
32.04783177075653 8.233470906523912 -0.4509809448913371
28.047951740939613 5.18103653983814 2.9429217123262075
30.343131262070994 4.851913241102806 5.726099614806463
27.37558159981865 8.253221115430458 5.902252695030956
26.99362330660668 2.1839208085326933 3.3038426906019556
26.10401339778893 10.987824281231031 5.810058410927664
27.485551420417156 1.2011588203532881 -0.14654214055048298
25.091757699868314 0.7099814962329939 4.5162498507527795
32.00015405694685 11.820225657256481 0.6900455128759186
25.29899355209859 8.445206448610476 5.943471730637146
25.78150140740371 7.8538117908051746 4.00648309985592
24.978288559726792 7.503748794722297 -0.22476688586755
28.451507749216518 1.613393242801936 -0.43824601767647464
26.784416239273202 2.0304275229167126 -0.2404723100217565
24.94744904612362 8.052166704416653 4.663302699920572
27.483043929874263 0.39954538995835204 1.1655346574229164
27.773608134262588 3.094279638045784 6.230381683190881
27.834612794805416 10.532876825672448 5.9020413775881835
32.85136822051175 4.5344484739074815 1.9468131655089782
33.179067586776576 8.95244799599009 -0.2606486969006083
33.44792369140388 9.89919236970186 -0.7053862441169945
36.85572730718975 5.807707768292575 5.5084723738387895
40.30527688882986 4.108251310775919 6.211029982279884
35.96972380017862 4.861606671750566 5.5009449826783285
39.86263208551509 7.344716624942913 5.688132599363377
34.339704936646754 3.7620507843949436 1.578490252541237
33.18433783532245 0.6494607065460475 4.887741890540369
34.8970550933766 1.5013023791731157 -0.239787690221962
33.15653262531009 4.127096478832735 0.2846995634183913
33.50956575329259 6.944084375818949 0.4959412285448783
33.81177043711315 0.8385449725981636 1.5605430022533695
33.635628234082006 4.498247217536349 1.1906877128007443
34.32536740386531 5.807223469331209 0.98985759056748
35.081888285592626 5.661614298706089 0.2187712623297533
34.839938353886396 6.045601578513432 1.9207134422551908
33.81685808313792 12.315275051946678 -0.37172238945478164
34.10802236716478 8.103277030779958 0.1830779919051717
35.17460952123358 8.241452220114112 0.2815638278011301
36.440474017108976 0.4199863132189684 1.5397036243713613
34.88135812357702 9.46662274375118 2.91621282792193
36.652525931115335 1.7682697920263462 1.9076335910652742
37.73133076356012 2.918093371326423 5.367227176741769
35.01838203179109 10.958908879123527 4.364292807793101
35.46158592486305 9.760559340620013 4.043177744212324
38.018582447425246 5.601469178187392 1.7476980844748635
38.57498445745235 5.365186915409373 0.6192656243090089
37.72316801285032 4.668243771554979 -0.12822902625932775
38.98172192912641 9.767234892116317 -0.1506488989343857
37.32021635411809 9.745116610854824 3.9019046795511834
37.32922939434905 12.339170330494273 2.0038948118169406
39.61535354616059 11.323288281194666 2.2050998194449303
38.205144240510236 11.204718976452623 1.810478413899853
38.190024761532385 10.750890019221613 0.0783882114452572
38.478432389019446 11.802543186629286 -0.6728442479548957
37.51215644781457 9.935250017532299 2.3895453261379096
37.70273897492514 10.8830228817793 4.772782469944099
36.985525725601285 10.413247058228277 -0.3514571236075237
37.714621253132655 8.403385358178031 4.312872834539792
40.216582803703 4.58030429557389 0.9263537128834831
38.81115029887978 6.584146322110846 0.024653531739095014
39.902292616624436 3.3937677102114896 1.7667943853200307
38.11275451287389 1.3869657449244843 3.755868382348906
39.86071125400517 12.271762193517231 5.078681647440595
40.63128756693313 6.086205298154646 3.7529700985846572
40.46506194043696 5.725717501852219 4.681688349706807
35.537228900903536 4.712532705913845 4.265954541745277
35.0612691707725 9.007333733735983 4.998228768287419
34.8194625820323 0.5856913158423479 0.690707140410507
35.49340663593918 2.305686843033822 5.956542829017416
40.10661870100807 6.295730192812767 5.768742752675674
33.74554969555198 0.22773037188594372 6.048681327409689
40.7387146694259 4.406230212056198 4.95679492933615
40.90420578403857 4.323323869503775 -0.32244128134542804
37.506375270045055 0.10560895833734897 0.4406178422860718
36.597161375753615 3.3020562845893795 6.170510620457922
47.47026494877638 12.201297908028645 6.118847131147137
43.871777405480685 10.539376761271656 5.212185459811569
44.997675295404136 10.49899932181265 5.872012762154828
42.902906706873104 8.274861178937819 5.81622293570047
48.63353990954077 5.142284189153699 1.3545072065853947
42.90665265901666 5.983801546554983 3.135555687708079
42.812747010726966 11.991055326570258 0.13119969427866973
46.23323247022002 7.34687764721131 3.000015852334743
46.59537887844799 12.645795855408027 -0.09765461228661954
42.80671289456871 11.666886241188665 1.1718619803389085
47.33792145835383 6.340706388727436 0.078658788354522
41.15463087048775 3.8441141383411437 4.133727961549595
47.51826998773698 11.999480994370266 0.5854036528244644
41.45028767874567 0.9345125929745408 1.3030534047248532
48.41791009545318 10.241198446107747 4.218740252158537
42.879514049092776 2.16543611375253 0.1539294108638556
47.28722591602727 7.085862424216126 5.647761369399494
41.95376617232609 12.646861780027296 -0.01082078181380064
42.601214653150905 8.6663401739615 1.8603881144081547
41.013390427450005 5.67772234188798 1.7819175930161824
46.844492135577894 1.7162379261023288 4.054050059902207
47.658113096749936 7.292153484027569 2.5770608784386773
42.703150133391354 11.0540415066286 -0.41477981665459907
45.17360453639724 0.7583094853498319 4.756379768991915
44.729224592453214 2.891199470112052 -0.5299988451590021
43.35582394423769 3.1641759967032796 4.71342450353904
48.598182914930064 12.006877445371462 0.5738553894314202
48.617877213032685 6.979072315829154 5.147426975363696
46.603586610505616 5.038434633847547 1.6865017168686813
47.55531626911151 5.901265656794281 1.3386274238515516
45.024710014599826 1.7071123723988273 2.919220981962287
42.422299829402114 1.0821799539984138 0.8560783164322439
48.53382387777619 4.3361048532867645 5.71719356678209
44.095084517761414 9.970895229179511 3.961577926101707
42.55380932207387 5.8926092235777 1.771842623864337
48.73054187770428 6.756055182402365 3.62841505475176
44.21517641813083 7.720289516016798 0.7154987514193933
41.45502140270751 10.168968930395037 5.228121855561655
44.80956456050424 3.3942278750179917 4.849722201530556
42.493926884135625 9.665647249326037 6.051771620858677
42.91908330563915 7.665923949685785 1.0059334963784028
43.24643265234547 4.9218917626432805 0.9692131960109596
44.77148002776382 10.449892285252034 1.4213794762884402
44.89419484631733 6.419356422786587 4.852455544319673
42.310809952476276 3.0000225741919824 0.1658075708969553
45.36956996227275 4.429360151131789 4.019453791405723
43.193457204118324 0.1219817474670905 0.5960958447178089
43.678066825207125 11.874056340567178 4.9342040723258815
47.20196485590671 10.235256173071145 1.8354382374001943
48.221669577742695 8.438101930431436 1.931147903008189
45.34973418556183 0.2317633643100422 0.18780159225519122
44.20675632753967 2.033416526760231 -0.13296567981280316
45.27249624338917 12.128577234930036 0.15649288380095272
46.79610504407078 10.98461609267401 1.293370415009183
42.31520847572004 7.880526875998054 -0.16836597487621674
45.510483913267656 1.8472861775575602 4.132013837249971
45.497511216692715 11.128122370661565 0.9979616401252622
44.38767130486799 0.7219854726695746 0.16505740348498943
48.455837520922614 12.589439426443658 5.205979497333253
48.71760721880386 0.7149921389328138 5.593607295539654
29.936130019465743 7.080549236145643 6.77624019821775
30.083734144052645 7.411607088449283 8.195897583130293
31.09725306923905 6.805732752897129 9.000084990463339
31.02004622925641 9.707051418447994 9.298925556931442
30.669523478334064 9.097328785295256 8.119141384634808
31.787015017596207 9.221654515136187 7.416905509930816
29.744946088782303 9.863177109384855 7.639328896999155
28.81588346957171 7.410502673114016 8.867869005083682
31.086453958535735 1.7259449317238214 9.662059232216729
27.209298692063527 5.68059025456711 9.999527428634003
27.27478908654545 3.513623374943697 7.496396668022584
28.240914082118152 4.272559171088162 8.259238876590524
30.777524982129425 1.2646179480394923 11.02884375575509
31.031581023883767 4.3862766151805 10.649397833231081
26.463364369499136 2.317859927713991 8.1751477055869
28.67200751462341 4.135596844294219 11.348813271972737
30.08403169287609 3.8723514741325213 11.612995236272385
25.804961519474993 3.7125813983423397 10.0838222041232
30.351488304602327 2.3891229445040976 12.041209988377155
26.171665544943234 2.390382147792591 9.714656177105525
26.363921439748978 3.311641527907632 13.025601004709818
26.730218102918382 8.56173188433327 7.511886270139846
25.008896549756102 10.45820119406994 11.41220445109023
27.179766843077168 1.7699843739710839 10.418438735808627
27.920268137302948 1.4588411224124078 12.972550943425984
25.878417435387973 5.729245177253948 8.063230402523224
29.778914768666656 0.2795193348359086 10.923555749057334
26.30524630630268 6.19301358290338 12.49377658362856
32.319424920143774 0.41134313869341604 11.645101919463803
26.09474691435154 4.954101801212941 7.075993451615961
26.991072736022197 10.781421279947088 7.347831061654042
29.99782179922519 0.42744491759648245 7.744317542480407
30.084075211631816 6.111991957579605 13.272548284771046
25.001138258269233 4.553321955266984 6.571903118807473
32.29955351729663 6.217812428209954 6.483281056957332
26.84662855442459 10.391559133494459 6.340238194861505
29.170554596794148 0.04929877980465175 7.143705792338074
28.51323036535154 0.8305315058002172 6.761998727770817
26.637564886779458 8.830173282197869 6.459529582470713
24.643389356171397 10.134527411004619 9.34289917842493
24.61822545431232 1.3696993493436163 9.904411644932479
24.772633513926152 0.04593099278368004 9.822142947493365
30.387195316138282 4.830901759118496 13.272787083672485
32.9271821549991 4.674984243282212 8.504823041039835
35.564986854994636 11.880699215772133 8.815460692233009
35.34964852466241 12.376488385024752 13.080841649702567
35.01125244328806 5.292119759952221 6.334481029783956
38.027548391724785 0.24724998256232847 7.057364064431086
33.44746400828893 7.7762730480899735 11.479281178101473
33.404034781669345 2.691739410541322 7.0604020344231975
33.43648668164745 1.1793757159939444 11.696980966599478
38.28449357074281 9.373462930381812 10.630373809097607
37.834411647222176 11.039263993694188 12.20475404330189
37.45995211062314 11.085878642568353 11.192821669049325
37.65385902862499 10.118717713446328 10.371539146348374
36.5676647749668 11.885717997158055 10.683240995366125
36.931258545789525 9.519077929653895 8.351253756571799
36.955498027983694 10.204219273849114 9.185755875254262
36.24533891748183 11.35731535883735 9.470892160361474
36.84063508250449 7.253954830522964 10.248278624651252
38.049476743604984 4.809233419757442 11.74182641653829
35.589592890463315 6.749043392065519 10.730183548852342
35.78576752773958 5.812013949681383 11.990493679257714
36.62225173639372 4.498374959002653 11.858098789493646
36.08133838732119 3.649424871637352 10.9272709177635
36.82250051406994 3.6608507603250113 7.575859413419307
35.049262542886716 1.3096956762423984 8.16222839612018
36.99740834050229 1.3488064413734253 9.511766075332366
40.59436147221628 6.449321380525706 9.098407287882415
40.634595252550604 12.04257709457573 10.375262808869547
34.761660849576785 6.0683273437859295 9.829418793772565
34.4699144405766 9.088478015276158 10.138727502451118
34.63082096763046 8.246376848544585 11.15161465094372
39.19560739042899 0.681454471395894 12.181229570009597
40.543904065472645 0.9418371271250308 12.54120893448876
40.14410878728342 6.836063198371593 10.012630065284672
35.304979487729916 8.89835321239863 12.14035078804528
34.479126758311516 1.7748687705061348 6.959061345855538
40.3188601025947 10.504616824100502 7.88493416893881
40.08808122096172 5.386462388694048 6.764099702084501
39.59263415959094 5.67604146036378 8.15439915785597
39.27518356843633 4.7486544055575965 8.631136374280995
40.757571978306615 2.873230969646993 10.650053071583544
38.736950824189826 6.350991845487824 8.135744180625997
40.38471956365704 3.1766463702197263 6.751586266587485
41.46261144962963 5.864246759989139 9.40160634087963
45.75930380215272 0.11853257850660039 10.44786142545905
41.39417914283466 10.163368040978561 10.501208721846753
41.094930835723844 7.267086870993394 8.579957758080077
41.36242769746928 1.0026220363109668 10.015543782578147
41.36067050047215 1.7418421734161182 11.08918525537289
41.47964658560517 12.448321819975789 7.612067720958117
42.60732855834642 2.1120452165347405 11.397846725518864
48.23652421841018 7.205301536143636 10.419544130485184
42.710406892655286 11.855786145325116 10.23708574181409
48.350398042786175 9.122245282847635 9.684461146476572
46.17186358443557 1.224560341201352 12.283071020335596
41.57246318788702 11.27971389936926 9.869569294620824
41.50988038643228 11.09464766434065 8.103642285093192
42.65060478954158 10.133771458786171 7.524519193774215
46.0708675005287 8.646018240400112 8.980095737696399
45.99707390372323 7.6122915124798975 9.31782870505403
45.105783572099924 9.128749032262451 8.826199687838784
46.92872218467062 9.484355360643638 10.058196442319803
44.690298105864564 4.0810916469156835 7.47839388756315
46.59110184092707 2.8994169774971668 9.149473584602742
45.61730200722411 4.629360153265817 9.917361250775688
46.03122676805432 4.072975661414742 8.791519790278574
46.999512474989785 4.870038905952261 8.548789802951557
46.605999778346316 8.684354389932588 8.031273422863853
43.64975230552943 3.2854072216857793 8.085143635633457
46.72778530798011 10.520357248222325 9.785387968655717
46.671916980260086 9.361022478352288 11.110308647577483
44.435566956190705 5.4646090205895845 7.264847566131014
48.11577297424559 1.4172110738095334 7.838045488935594
48.960640782114815 10.570329971566734 8.214095776283475
46.52330683977559 0.11497240547943995 11.582073591475258
47.71480193539765 0.3142995592440481 11.037607307208237
48.39664798599297 10.506019888787911 12.794707507260153
48.79252047370892 4.966967998988337 12.984448792654574
48.85618207464823 7.951397823394908 9.944397341152971
49.08868340998759 1.875641743716883 7.936466040526627
45.279231449573324 3.4491314237296615 6.296057730971364
24.633068639224927 6.526789089758697 13.748525410829417
25.2565096809438 4.000550109583758 13.604191099890258
25.675178260179546 5.754244638903674 13.586250678933032
26.485058187105803 5.997700795851756 14.514615524502775
27.140853282018053 2.2410617292038384 15.461454655936468
25.04379673036128 3.786166060889414 18.25309433142037
25.844877855352898 2.64565902449536 15.958971078268714
26.243312967826473 3.5083697342802087 17.673909484574494
29.793797579414314 4.271292243787821 14.284110558840586
26.963740628183555 4.616996291421892 17.62560247436523
31.665626994489934 4.801931388980362 13.7057059363323
25.035871235679274 3.6402826756553655 15.070635878055631
26.789108360027186 2.733796661585514 18.613357303898265
25.015994121400496 1.6010580017795712 16.364566992542304
40.56788706740709 2.0950484535538076 13.680171875427277
37.20226394982518 0.32591113775941644 17.051688517216085
38.26492397164208 0.540298494629625 17.1652303163178
36.86481523003858 2.385631278267885 13.445134528857956
36.466302505523885 2.004334799136336 18.261852977492044
36.53350611264146 2.4671787918108463 16.826989018495595
36.30179881242815 3.633878409707533 13.468658138543589
39.09308095366319 2.8584810172028194 16.385162385811526
35.1188557340863 3.464103704152183 13.855625859521217
36.27875333249023 1.5204449055905638 17.303325002549563
36.87456711770717 4.340552387061576 14.3964591256393
35.225879405888236 1.2446041338203904 17.36221781525237
40.52236215138775 4.440162597656571 15.820288916255382
40.41437648948658 3.150740856962231 16.252720932395047
47.94791612383795 2.0651655952930033 15.3300631557867
41.30741719441043 1.9917377708329054 15.056619318273583
44.454872680230196 0.1865563907780978 19.51645570638627
47.45143566315325 11.95503961826928 15.642094969185807
41.14556885045176 0.752359518017442 15.686694141987225
44.90411060072749 4.621959272556128 15.548265273144553
45.749789407620646 10.811487874802049 15.683027484394762
48.18143913154526 4.077253482388997 16.053562774240397
46.64179107818819 6.417581004232635 17.15422508919897
40.93715880830041 3.233134832068324 17.491365369623004
45.93795287619794 6.174025460666076 16.358365501752875
45.12243849808796 6.7870383338669225 16.742099154905876
46.86961018595408 3.8664101453265105 16.02122419732459
47.84841389969384 9.851914849685555 14.17191070426951
48.817116917522966 3.0586637413973286 15.613556512559619
46.97706536449385 8.71368497228728 13.805428228886674
45.243960015363974 4.346781689740233 17.25453982822844
46.733917010534526 11.121642037387826 14.865590261402875
48.847693482167784 9.602007567613786 15.114813646897453
45.6663837654251 4.719228196072339 16.32129721418582
46.1995943968717 6.622714476447512 15.400074375920553
45.77026714733528 2.111860090377146 15.338365851753595
42.60059948726261 2.5462304797100352 14.929669113687504
43.18338671844403 0.9302161482058696 17.929589123327474
48.97592727330055 3.0702763366199948 18.946957998613605
48.46808538173842 1.0994712177249522 19.81566926950468
46.71970020497663 2.5960884320483197 15.51300772022691
46.1782402518997 11.939243860003641 13.971032462973017
43.93959966935855 12.696096146195396 17.970682755687665
48.161719373808445 1.0284881428667016 15.115614957044667
48.54453590370752 5.029564900551075 16.410863343779372
25.789950917395224 13.469999498018199 -3.349999857525927
25.789950390792377 16.308682953889626 -3.349999857289929
27.019039778611067 15.599413039425533 -3.3499998480343542
27.01904436421307 14.180520434225823 -3.3499998260058463
28.240955665548675 13.469479554771624 -3.3499998567639544
28.24095975195126 16.309196318580312 -3.3500000026264463
29.470050024683207 15.59993516338937 -3.350000555337709
29.470049032026914 14.180000432680798 -3.3500002154468467
30.69999987154658 13.470030575294608 -3.350000785029014
30.700000014324697 16.30865189628386 -3.3500000143428244
31.929949936801695 15.599935156084527 -3.3499999275823833
31.92995094076488 14.180000657979924 -3.350000886509936
25.789950373641954 17.721317056974655 -3.3499998970673692
25.789951076163977 20.560006120939146 -3.350000419208299
27.01904436595588 19.849479781211784 -3.3499998390804198
27.019039729165 18.430586989051587 -3.3499999605972306
25.78995086379012 21.979991415165795 -3.350000104586839
25.789945944921985 24.810544331400312 -3.349999910234142
27.019005323856476 24.10891818851082 -3.3499998790009986
27.01904452129555 22.690463437579968 -3.349999834584664
28.240959778639898 17.720803638350233 -3.350000402194595
28.240955659823783 20.560526369929057 -3.3499998694213797
29.470049075681217 19.84999972371492 -3.3499998994200064
29.470050059619286 18.430064870665046 -3.3499999370186186
30.699999978027414 17.721348093085286 -3.349999891678487
30.699999989739336 20.559974955496063 -3.3499999114186227
31.929950902076218 19.84999972918411 -3.3499999234586486
31.929949936067054 18.43006487148496 -3.349999920795689
28.240955954665043 21.979471062463656 -3.3499998601415895
28.240994669765524 24.811081765027495 -3.3499998849105905
29.470054049270104 24.109455637700265 -3.349999880245159
29.47004907663314 22.68994574420334 -3.3499998765055814
30.699999992526028 21.980022653537112 -3.3499999155446227
30.699999950905063 24.810510101041686 -3.3500001901940157
31.929945967284816 24.109455624363125 -3.3499999520345125
31.929950912390453 22.689945755842082 -3.349999901336923
24.560000007647094 19.85003067004029 -3.3500006900983728
24.560000027018013 15.599966860711358 -3.349999924704885
24.560000005219358 24.109489817615408 -3.349999883152365
24.560000006415173 14.17996928038645 -3.3499998912373874
24.5600000107628 22.68991487811494 -3.350000036867052
24.56000000743227 18.430033138406557 -3.3499998730994474
33.1590444547475 13.469479581372232 -3.350000345159998
33.159040210260564 16.30919630676983 -3.349999895390207
34.38096022443351 15.599413035026078 -3.3499999025413163
34.380955658856635 14.18052043401064 -3.349999899675331
35.61004909887977 13.469999488293698 -3.3499999027168803
35.610049631356375 16.30868293703275 -3.349999939149866
36.84000000360804 15.599966858734566 -3.349999923855942
36.83999999987528 14.179969282291943 -3.349999914100249
38.0699508827132 13.469999546185877 -3.3499999835062577
38.0699503655792 16.308682957781 -3.349999999157368
39.299039754986524 15.59941304668725 -3.350000043304544
39.299044322693014 14.180520429693534 -3.3499999955430937
40.520955670538896 13.469479550784593 -3.3499999320302942
40.52095977027915 16.309196321522172 -3.350000139438446
33.159040223723636 17.720803669564603 -3.349999913563818
33.159044316458825 20.560526373832236 -3.349999916661517
34.38095561679161 19.849479795170815 -3.3500000436456876
34.38096022160431 18.430586975719514 -3.349999988527894
33.15904402384892 21.979471074055198 -3.349999893247484
33.15900534022156 24.811081779613534 -3.349999897651438
34.3809946705718 24.108918223952656 -3.349999863698563
34.380955478440875 22.690463462792135 -3.34999988202643
35.61004964083275 17.721317049614917 -3.3500001549304503
35.61004913209661 20.560006216958985 -3.350000037330121
36.84000001808598 19.850030925153213 -3.3499999159789837
36.84000002325388 18.43003317359981 -3.3499999408752323
38.06995037499012 17.721317065387428 -3.3499998940143074
38.06995089449198 20.56000618726804 -3.349999892106016
39.29904435893099 19.84947978327916 -3.349999923370357
39.299039749296156 18.43058698087809 -3.3499999217303564
40.52095976261674 17.72080367939893 -3.350000054336917
40.52095570429782 20.560526348575806 -3.3500000020152942
35.610049230428864 21.979991361840668 -3.34999990087561
35.61005404379974 24.810544288409158 -3.3500000812378827
36.83999999735341 24.109489839880467 -3.3499998786530414
36.840000002014804 22.689914822590072 -3.349999891007335
38.06995077745242 21.97999135275113 -3.349999896695386
38.069945943906326 24.810544349994895 -3.3499998743626893
39.29900531378103 24.108918219534637 -3.3499999270514635
39.299044527063565 22.69046345616906 -3.3499999104449243
40.520956000312125 21.979471085170463 -3.3499999802501703
40.52099468306087 24.81108182779627 -3.350000042299779
47.890049651015474 17.721317058481212 -3.3499999302322636
41.75005005329362 15.599935127005068 -3.34999994757926
41.750049100920045 14.180000491031398 -3.3499999093280106
42.97999986502834 13.470030713655142 -3.350000279858303
42.979999987873164 16.30865187588228 -3.349999936499363
44.20994994552401 15.599935137933786 -3.3499999324727336
44.209950925915024 14.180000679077157 -3.350000616139609
45.43904436218821 13.469479571971702 -3.3500002150703145
45.43904022540229 16.3091963087933 -3.349999955378401
46.66096024187712 15.599413026754535 -3.3499999736180897
46.66095566298147 14.180520524080112 -3.350000225967608
47.89004915244786 13.469999515717943 -3.350000052651204
47.89004964450947 16.308682958217993 -3.3500000237822114
41.75004907909389 19.849999738188302 -3.349999896923117
41.7500500499578 18.430064890097725 -3.349999962749428
41.750054075342575 24.109455661832943 -3.3499999767553854
41.750049086347325 22.689945751534854 -3.3499998799955155
44.209950958733685 22.689945683329302 -3.3500001467761042
45.43904403406336 21.97947108354945 -3.3499999036509633
42.97999997793163 21.980022648422867 -3.349999915030274
42.97999995976634 24.81051015935022 -3.350000278537515
44.209946067407955 24.109455736528666 -3.3500005576338565
47.890049138120155 20.560006204251057 -3.3499998968495657
42.97999998131858 17.721348120518538 -3.3499999356353394
47.89004925118822 21.97999136746588 -3.3499999190309513
46.660955486429366 22.690463467396636 -3.3499999072619726
47.89005407258561 24.810544346190195 -3.3499999014335566
45.439005352522514 24.811081794983842 -3.3499999007709738
46.66099467718277 24.108918223036074 -3.349999895588136
42.979999977263255 20.55997495988581 -3.3499999071619224
46.66096025924863 18.43058697531467 -3.3499999305603847
46.660955658145696 19.849479800146007 -3.349999926059702
45.43904431921814 20.560526382941116 -3.3499999336321693
45.43904023066494 17.72080367492195 -3.349999951237982
44.20994993757186 18.430064884017106 -3.3499999487793497
44.209950893603455 19.849999737882083 -3.3499999403803993
49.119999992497505 18.430033174518424 -3.350000042687692
43.6002556091238 23.61196713067697 -0.9345042907735412
49.11999997165426 24.1094898034446 -3.3499998639075335
49.11999999560106 14.17996928566454 -3.34999994437751
44.0805702899472 13.390156513257391 -0.9967948682005401
46.69515659452098 13.382268736319451 -0.8812693794687276
26.1452525690483 18.855007246219753 -0.3475282052563111
31.313534666341596 25.477461980614137 -0.5340956280521703
28.179225492642235 17.844721836813434 -0.8080278856273226
27.930332705193944 23.94038951032077 5.701396882778421
29.953580015898996 15.608418704150544 -0.8012806881888768
28.31508139660213 21.25297440903509 1.5112611939069331
25.71740304891195 17.32935116734688 0.08752814202466097
26.119314429772672 18.430537728177974 1.2978862591450357
26.54307659185803 15.586222828084821 1.7400195031116594
25.72098236612258 18.039976225281972 4.774350996440123
28.586476339990696 17.81497396553157 0.9054058003395593
27.34819533543609 15.325382075414423 1.069090363288403
28.031542099836024 16.090446787176678 0.26408650010523615
27.85521918752116 17.48372600314671 0.16808784674525734
26.47736833954834 18.071121323490217 0.3331493800584473
27.29553665842368 23.43471984624203 2.58967258782393
26.16281097849363 23.034211305073388 3.099977322123857
26.88929137714622 17.99867730766676 4.0744971150954346
30.986747671928658 23.217035644703376 2.493607684192831
31.760194184921698 16.20681127373173 2.544272629874589
31.04182076160215 19.98207675768189 4.659534822200886
30.910814802196548 17.16187331409135 1.918963718143607
29.07502813940424 15.263723687699446 -0.27617884450165775
31.51821504387961 22.464184801515835 3.730045037995471
30.115656319110922 16.50560211413766 4.636878351929152
30.492583888711533 15.542007364123451 3.794118866360497
29.405106934760262 15.268604014297171 3.22191087058443
27.740560593182114 21.750460133640566 0.7298945704229143
26.439972298245266 22.968053940680218 4.431348816984863
27.71026649754231 14.075044274219636 0.9784514724612214
28.73391108951974 14.026042443567665 -0.00550882752350268
31.351718623970942 23.189050232936506 4.94542970976333
29.260975816131605 21.083106907955173 4.113934806396365
30.55698371389926 20.91483019621864 3.8561019971352692
27.391582273102294 13.42421854150101 1.681989837337673
30.875219882082718 14.537258866735991 4.550825637914972
25.218877905419095 20.564448353412086 4.888659488838036
27.590416909307116 23.21645211952227 1.0964764575908725
26.028132683593988 18.16593856147485 6.11605376900262
31.775246254194528 23.50426035492059 1.1320434039499927
28.31790699153876 21.429354457251467 -0.13709002055566577
31.582730747945355 25.319369321627754 0.7417560239177357
31.00115475940845 22.88323299078989 0.08436248635539934
30.492585592031514 20.22219659174148 2.7092133078979383
26.791985303067335 21.231614792404542 0.5916757909370018
28.60122276953424 23.574736219827965 0.9015302678026638
26.91672766199478 23.730260730948963 0.41073342252746614
31.877229488743566 14.878949005904486 1.6263022904552038
25.90095175367314 22.399779055026325 5.069016839559853
27.971456862537302 24.20084384018981 3.519136843149372
27.53249518682228 23.818411854626365 4.704779222645142
29.213848980588136 13.070466507850211 -0.15694941616096303
25.268225114177348 22.629731803271213 2.649963473440687
25.263617707150697 16.740613473525713 4.67585060902747
28.81313655111524 24.873450965974115 3.444471213088882
25.193346270421188 13.361417452748231 2.9810678756739497
32.06899664378 13.380445322878598 -0.6660508426750933
32.905501224478854 16.55772278745359 3.3230358238723587
33.22941955216463 13.861840638577831 5.850827068185388
32.83685855504354 21.95190816701123 3.4982774662608906
34.07466441917241 14.93098411860899 0.5989814342405619
33.16779555877067 23.2885200222118 1.061499653840885
33.216559124015326 14.127257758541656 1.3703336988498793
33.46021606291566 18.33591489499227 4.996382579536207
33.88126801005066 24.83098192087296 4.588911510225561
35.434371461104135 15.283598668919417 6.097676318139951
37.336506213852466 24.734730872176456 5.072785616740645
35.22780637515601 19.81688897324717 -0.34356254926552143
33.9544030269558 18.473153674626936 0.7131667478023829
35.57957631983043 17.877599390796927 -0.3398755668412079
36.33775505005699 24.380670806179975 1.9113009260537206
35.213778719539945 18.769237746038225 0.4180303271619634
34.949767413587445 22.116330380367344 2.4055798706738543
35.63535613476661 19.783625043683145 2.7536935148606223
36.37127413660122 18.82429666808954 1.9386740307500128
35.601146808654775 22.37901833888792 4.499326433363392
37.78132484514808 19.320991607682 1.4313483194026344
37.93239342072962 21.802362415032047 1.8651761797081412
38.60868932655108 20.49814226495551 2.0251950922111006
39.196347446486634 19.965805902403506 3.2475018116078394
39.30249127156892 17.956599607594363 4.657713012782407
36.45688279596663 17.49796485706195 2.365794932772224
40.102600997806356 20.673093230496782 0.8060043283099072
36.153506882854465 14.645294612156599 2.275144668785561
35.64814852777216 14.848778072205405 4.719018026237199
33.91920455670351 13.497320140264893 2.4005171242549848
40.55105472067934 16.47782140881075 -0.32043039237813264
38.73814511208933 16.165920876209693 6.0151579672329145
38.5875879857774 23.088832273344874 4.464178817269676
38.682571988789675 15.229774805865036 2.5815213104485633
39.85007942600917 21.218918579560416 -0.3853497728888766
39.82639845565974 15.925251486416872 2.1157613966837885
39.812382302902215 17.31038014403851 2.404502234957564
36.269684812390196 22.410150011524244 5.736699298013713
40.618263613795364 19.48287248646072 0.6390529322415628
38.446686086598646 24.112505080550598 0.7671142601397274
39.41444250601837 24.583840325100095 0.8548103273658758
32.7600406111171 12.827207353036023 0.23736051451636375
40.51234697197455 24.426014444602334 0.09950370331604397
39.64005527585901 15.779852574139762 0.2058040745678147
37.75553933610387 23.493983099695985 5.420650796138649
39.746295691610534 25.492949379058484 1.8557853818909498
38.43253913322832 16.160257528221237 -0.18410144835343756
39.869969790561456 14.619025999281252 -0.2208167641996006
36.97587809325382 18.710010556262507 5.95631840751434
40.643721496671155 23.83553241617775 -0.7951871418514433
36.94151725358968 21.10623677697407 6.177868709497992
34.797905352973785 19.887779616468936 6.069941193424721
34.63141833644917 16.539931495298013 6.228986993195602
45.930679221715764 25.239715806007162 1.9986472757185847
41.460470835516155 25.30409613871342 0.5308157535064661
44.05854770011869 12.921508847101153 -0.012932900423615612
41.04721835465267 21.448040304555395 1.2685624667603612
44.767830262249674 24.74414257147323 -0.3854992464260154
44.03986984219797 23.688070920989905 4.975587114451541
41.12732402099602 15.231797331246213 2.441050387740429
45.02482044349854 18.583074005922356 2.1451998260896277
47.26665357965765 15.672749905992069 1.4667899616646507
44.1431798047363 16.19411611825237 2.7914321670369837
48.13146834218564 20.19925577150918 3.6067073469951962
47.40550677840619 17.806467695724166 3.6747803866759376
43.85240855321927 23.633123052431877 0.7025660271860712
43.79206208427031 24.327812753859977 -0.13520752475421616
48.572584834418734 15.468764728876105 -0.27342729578918035
48.624666075471886 22.497914884114845 4.719737458946441
47.7657871985694 13.224659324862479 4.3134748620574825
41.57989338948643 14.25282840155779 4.752296684883353
49.03732106816135 22.30214744024428 0.19452070563331425
41.89212556328681 15.33621922925902 3.850337708570187
45.76971885850635 20.598983744336948 1.6518378228187236
45.23803411501848 20.02528252185469 3.6586996126573625
46.8500603461923 16.642619961512437 -0.2550377333026499
44.04101896467427 13.715243714148185 0.7339122675540499
47.48178458210737 19.041099337129836 3.007485552754651
48.03338210716236 18.85753266702319 1.5774145455663047
43.2886905448869 25.177605138046463 3.7528271392317447
43.64737451615256 23.391995167967693 2.897477787103817
41.66973175036377 16.610099114175934 4.534049615410446
44.1193110193769 24.216229923679098 3.804537617924714
45.871724927683 24.59512303044346 3.4583602533345936
45.77225304945384 19.61977481182076 2.5284181968307164
43.745987818305835 15.255449143152036 3.606432475743626
47.55176604689335 24.933292908674463 0.20850682005103094
44.15443513536675 14.044966317710397 3.1691959615192467
47.86223585332964 16.31026371928677 0.4534960054358217
48.83943292364441 17.74608615582486 1.0047167815975522
46.59869396848881 23.361309484609784 3.650809148093143
44.40616248536821 15.350298821988979 4.792444699025604
42.82344658948842 25.505756069693625 0.04131123178174878
48.97049581144981 16.54525167922893 6.224500318990954
30.446556039078036 21.115626096956788 8.404836205046408
28.84366419422431 21.98936644521804 8.20147321627923
28.46059645869923 22.060908308524514 6.970545384286008
27.880264552779323 21.553735201601114 9.013658006904478
30.212684506340704 19.614875067910113 8.661872043534292
30.74060418290165 17.106395252235046 9.260816127590054
29.60923622029076 16.793021662856095 8.580391560277475
30.425276533151937 17.241418007444828 10.469930243739196
31.132155187940384 21.493836751224535 7.217044871274172
31.028602370314882 21.746718589578872 9.551966829995761
31.39925333812775 18.630205061059993 8.618796042005275
31.652569577195504 16.172850399185613 9.106412365539757
31.75642571307666 18.39505411269372 7.234416223143202
26.05781857544699 17.847183248574208 8.974663551201832
24.61007636126039 15.433559659941338 9.661366255956567
25.05219991576505 17.576276789353404 9.26056703440503
32.42392098850375 19.014760288490308 9.552326140998908
25.16073724861275 23.41396102176366 7.208039144503032
25.25539183354812 20.252181123485254 8.188137338540912
25.274258381701877 20.59864292316134 10.285254982467853
26.155161586156147 20.018345616167636 10.559781083154604
29.844552310327796 24.74607831085292 12.6159389824528
32.298005793337424 22.653115608127006 12.7782874456014
28.999093714299164 23.30677806885439 8.563924973524294
25.532786532219056 21.655148790232634 10.214131510194452
25.16595727506519 24.682115844216458 11.5171810988649
32.66917223061973 25.061497496567732 13.270979687658901
24.6807208881325 20.48954962311521 11.192950909325287
24.586000566946183 20.06726826127989 9.028269808126621
35.94506395950547 13.17234618011311 12.63341475064549
34.2561817688314 14.117393849591469 6.739455653848002
33.10498252918087 21.178891238739737 10.93337997645034
36.18549881267651 19.83323139647214 6.463618627609442
39.04166824384236 15.521619019739587 8.442710866236784
35.77742514815476 24.99222767133982 9.979648801727459
37.35369194252209 23.237689667440915 11.088056816080458
34.74130234425319 23.00717372349156 11.278829197279325
35.2878107496086 18.55352278909941 8.586399099146462
35.48205976576308 20.677884972858333 8.83218982878137
36.074237790541346 19.60397676967314 8.311456711553255
37.24463361739057 19.566193092516347 9.016728811901473
35.691557090137145 24.125407606388748 11.295673978260417
37.490577119524474 22.49309553364308 9.995448327472081
38.36355557459693 24.02822214708919 11.137037025735328
38.47540991304521 16.574963993043006 8.98592174952029
40.3970059462511 15.689451256135742 8.366677187865882
37.51012973991565 22.283985093013246 12.024749511622069
35.23357836368682 19.94596897332417 11.634718169501745
38.51910787341372 23.479997628229302 6.548563667654777
39.30186065966415 20.734941438080337 10.586264643574044
33.899687582593444 25.089917000970836 8.346661006597332
38.97600225680893 14.579687474470497 9.387928767850758
33.713023046298886 14.405480897284912 7.921477444891757
35.75031678170548 25.074486464563783 12.44399802688182
40.11123415526653 21.282499593939832 10.126379211513424
40.657831313796315 22.262171577698393 11.913744359429604
39.68052822182682 18.542445819993343 12.07213600234056
36.61318193130896 15.331859271640571 7.134470935304355
34.97182930775793 16.740387993572497 11.122952227727282
38.16795622358671 15.117966666562204 6.835162474005436
37.128534265079324 18.415441794400074 12.06811387175248
38.52927212424554 18.63108152845052 12.926458002182805
35.54219319495945 23.012318257375934 6.788055682812432
35.53640741903983 14.127744286207568 12.96252611689637
35.7497378796116 18.936185983805824 12.51032184432291
34.81272261971642 17.39698634023364 12.254037938165162
38.45279623487302 13.794392301281478 6.340197428158216
32.94426259103608 23.611890098130484 6.704145453416713
33.532593887479685 17.57360289783849 12.56370681825177
35.046643064185076 13.41662125356191 10.745735868485347
40.013122521357325 19.322596941285877 8.065960386004313
39.69573013056225 25.316863981438953 8.46980574745383
36.038109246145126 13.164969559016244 11.122254440636247
36.714584269180534 13.973828866178675 10.846159955565668
40.81217469886966 21.992415484756165 10.95275020238119
40.66026150054711 21.25156266678128 8.902214606619784
38.283209496186636 15.953764778957812 13.212705398830199
35.142590390649836 16.454503843639127 13.131646238299856
34.78818458575377 12.92697035101911 6.988377851249156
40.57464455326129 20.20154183561165 7.7493393487711915
40.01100978360408 20.68808488624006 6.953291795549531
36.90571753736272 13.206673111216544 13.147288631263475
48.83552601147801 19.343667809075964 12.492524390615655
42.406218844743435 19.24206874262933 8.13670167280743
41.97728152807547 19.739213528508397 7.266667282075438
41.63810859116168 22.742224027331165 10.125563280534271
42.13392082595368 23.63067274839063 10.487818850841425
42.47562324700491 20.49552247581725 6.660241435236332
41.506700739435715 22.312323643545454 8.84988546260478
48.54899564011045 20.39903312002249 9.355487707178403
47.358073709984254 17.706244061102975 7.455630230424064
45.618700743373886 23.95364531026025 8.305949460832784
46.881104144620274 18.64420626732593 8.219697184381422
46.77879378082503 21.46936640214697 7.93161018865785
47.82716872786498 20.333088955462085 8.1047918528989
46.82281540571312 18.222461482176595 9.441519681461063
47.20045851914765 22.933718435616928 8.029779009774401
46.145152395849806 20.882667098514922 11.256899092770926
41.83100510310329 22.781984127647085 7.933018127922758
47.6929287410821 23.385294332723934 6.795220169165996
45.32899906986255 24.060954691930768 9.632580742760206
45.72796230983823 25.22915505406263 7.904716114658377
48.04841414530477 23.194929986370713 9.198171872539055
44.961770086493146 20.756593772052728 11.785623522268846
46.66303681791192 17.089337541038734 12.93162684987744
46.35679237095052 16.04431007613527 12.88438347442744
45.57251848256936 14.682258660137 11.449457114569473
46.084045730059536 15.641038213419018 11.534201691808844
45.67920228439412 16.425051115644067 10.894259855636578
47.033194181408504 15.380068781561517 11.066107499347495
43.47303458807213 16.542544550046753 12.77699187423366
48.586015102068316 20.255137008304597 6.884548335989642
44.075482357839405 21.2463878312005 10.915190363673865
44.80484783979351 19.441733063927288 11.825014754685025
45.58504860960082 18.753679728339698 7.722127738703154
44.578509330636635 23.266776144449775 7.762332896101302
45.337138577665726 23.109541816532513 13.157717704661803
41.68248454803776 19.028419212146794 6.49467882320069
48.72468784668001 22.033279664844844 11.42725081006505
48.992995305415306 13.650164463913121 12.330328621066203
47.21949480724176 15.43207247587273 13.147080311680828
29.502723187021605 23.52026958009252 14.224079927291575
30.345083127749348 24.363578404182572 13.740358815717933
30.102086629275895 25.397730501946306 14.631173451206168
32.15189942977022 23.759103636935404 13.68437593676849
32.51442099261708 23.295910778808604 15.177721540052838
33.06039514986999 23.642890572066758 18.350266017147398
39.89287342168008 16.7555508684488 14.415124802689524
38.634337605815546 16.985923883078836 13.940574340283018
35.70423400059704 19.284481354687045 13.91002220410703
40.4063992004786 23.481717216049173 13.337203184744045
37.85414012808657 16.938889425049403 15.013940772771056
38.60874052908493 19.61564303230455 13.985698895693622
33.316894971788436 21.615579742382653 17.806379524879866
34.02206524709946 23.406772326760354 15.730520948210174
34.594953916103975 24.726423714363158 15.699640041488173
33.76834855040713 22.828800832482024 17.556696362964182
34.96228649766068 22.873491993451506 18.14659864025722
39.63850611646947 24.73774438610313 15.22304491312256
37.018454723505954 21.2795329270948 14.75454014609037
38.63666569102423 22.658594650305066 16.09276404112271
34.96305426858105 22.426849712044067 15.14596525839422
39.45725600350695 23.77805616799819 16.517484276479216
38.35852942875584 24.657404558001044 17.788400505062203
37.239905833209946 25.154744610981044 17.241237256370322
40.850519095520184 24.59107303925761 14.216471034673807
40.634999151520184 23.444558964124205 17.28665258179715
38.03271548444702 23.926294678319152 18.839737863472976
39.62239689766666 18.59974584905504 19.141260886712427
39.84683179807426 19.468267751457287 20.149066888936083
39.2164090534118 20.628662807126858 19.810057052518715
42.710268883782845 12.947778718077897 19.772559976196607
43.95886271040825 16.205656780833063 13.680804723633003
45.3224916235597 15.998581452952523 13.915766959195743
42.19077091241761 15.829334124395208 15.054121948480834
43.23703280347205 15.819234729344242 14.786476553244752
42.13058124577254 24.650086261511444 14.91261346157681
48.282730489927744 19.411834037846845 16.206536983929443
44.248727257764386 15.412851858370857 15.66693762902864
45.37586082040189 15.349669849323945 14.998241858916398
46.231888444399786 14.786276298685141 15.339129544325763
41.72685334860559 18.180708462993323 16.439316357930288
41.56915261151269 20.187833162820873 15.89002207917135
47.232605451741485 21.597866960273993 16.435509639368984
47.09879788780802 20.911812677047457 18.91794872332705
45.80010496258314 20.793346834115308 14.187356283500701
44.826476366047864 21.63754918231721 13.428347248806867
44.217290960977095 14.956220046080105 16.567270427092858
41.69885830818152 19.915264565178056 20.33832500526194
46.73800912650119 21.188334388258657 20.33000755547905
47.146363225730234 23.68215634308668 14.50984918010636
45.253182664772126 15.163132149791297 18.293334396744314
48.383626356536084 16.834178104592873 16.64129766781409
44.94069878964574 23.855352505544534 15.438938189895673
45.73921927515784 23.949893182077325 14.288116490904606
45.24674978137656 23.38159414527145 19.367949394405038
43.97158943037645 21.05856362276874 17.517571341322853
43.214998293429666 19.851397434752926 17.892583848074896
42.407229288775305 19.31628750196001 16.338338216663775
43.253985374586954 19.09092345511732 15.302170824298617
43.97826970060261 18.746204178100353 18.406970815414095
47.03653346108644 16.967472698862178 16.703835428842634
43.4469192499767 21.556582229209134 13.82774906847631
45.68982876918011 23.01051634120599 18.04024570582343
42.89657622226766 23.142205522327654 16.916128831164876
44.61328563883304 14.789962672736369 19.47346717976
43.92756432424155 15.781129079936344 20.270641542623725
43.84600678896026 23.637183121474663 19.407046507093437
42.04160833169782 20.346162356072686 18.86228852169068
48.55232108074718 15.678445893894311 15.958040249075847
48.64914741945414 16.66152486669349 17.944632137071682
45.54980847194432 14.055557069775881 20.40392174440426
42.47218250622128 14.211975725819137 17.955823125258064
43.37493915019608 13.65845497362489 18.790971719379222
46.02522032883061 25.081196397061674 19.650588370411157
47.42066815843892 25.05114202750035 19.655612555987805
39.43688563090739 18.871952902871854 21.31069922935972
40.288114731942045 23.31559968603902 21.933406909328518
40.93098334772817 24.183264322842362 21.950080868065463
46.58092762303435 13.086864487675706 23.065089942909076
45.88547196987596 22.487343357564935 20.47766874084333
42.44259988289223 18.765324294111277 20.80373189731285
41.717145275855145 21.05899723201549 21.26821812043219
46.929863801055355 14.279262781181227 22.68402133699649
46.83192378036374 14.719195036565566 20.973420319111035
48.900372386931984 22.621731572820277 21.110870626781594
46.834396084030445 16.132362834529197 20.971902885840134
48.038174243228035 14.081494191442863 20.427056993724626
46.129027482891395 20.03993253278474 20.957298772980998
48.16085057680956 21.319913032447257 22.652937322682227
46.20941460201193 15.050777195959544 23.461409315884627
48.330221963661785 21.431793860754173 21.325696625861816
42.78769029305338 25.17980890669908 22.345839313806096
44.74077507694443 18.08898377949391 21.15779521527121
42.781824863609614 23.126263962383256 22.000824573669817
42.296565894170634 24.01179495314125 22.022239455713127
48.14902993378092 14.401406582510447 23.235326600057206
43.80764488864038 25.500316694692348 22.49870324398039
25.78995090296673 26.23005424775493 -3.3499999000272895
25.78995090664155 29.070000260160626 -3.3500000178823397
27.019044313537467 28.35947365451768 -3.349999891974428
27.019044021605563 26.940528949138322 -3.3499999139628853
25.789949978110243 30.48993515980469 -3.3500002515154357
25.789949948883315 33.32006487407859 -3.349999882676953
27.019040218665452 32.61080367706077 -3.349999862732923
27.01904019071466 31.19919633288627 -3.349999928721096
28.24095548382075 26.22953655014297 -3.3499999120019552
28.24095561432874 29.07052022016568 -3.349999923893161
29.470049057194046 28.35999373197717 -3.3500003934971367
29.470049230500138 26.940008645304882 -3.3499999210635267
30.699999956799868 26.230085244254415 -3.350000170238303
30.700000082054068 29.069969093900497 -3.3500002160936138
31.929950883376396 28.35999380232239 -3.3499999070929007
31.92995078692728 26.94000866789713 -3.3499999576316486
28.240960164887042 30.489412874595534 -3.350000370835602
28.240960235739916 33.32058698421122 -3.3499998636395443
29.470049663243028 32.611317114841746 -3.3499999939613003
29.470049801315476 31.19868290402229 -3.350000624502095
30.699999999905682 30.4899668144155 -3.350000103711208
30.69999998511699 33.32003315744373 -3.349999879540657
31.92995034033963 32.61131707358667 -3.349999933377638
31.92995036249785 31.198682948802826 -3.350000033756614
25.789950915446358 34.73999972297978 -3.349999885079813
25.789950924630226 37.579945751024 -3.3499999007811274
27.01904404001611 36.869471066022285 -3.3499999368792164
27.019044325379127 35.450526368428946 -3.3499998697964015
28.24095563904507 34.7394797959842 -3.3499998415657775
28.240955458660963 37.58046342242131 -3.350000017764171
29.470049180916227 36.86999128555947 -3.3500001207143804
29.470049102925312 35.45000618987331 -3.3499998513502147
30.699999977768403 34.7400309274968 -3.349999941032017
30.700000056543416 37.57991479524419 -3.3500002058161362
31.92995076480539 36.86999134176084 -3.3499998937368436
31.929950877388453 35.450006194536826 -3.349999907122363
24.56000001647924 32.61134811329142 -3.3499998580509205
24.560000007945668 36.870022656985064 -3.3499998672429285
24.560000010376093 35.44997494984685 -3.3499998867293446
24.560000035706434 31.198651949792538 -3.3500001307383833
28.617490396425616 31.367195767248404 -1.0298425465958971
29.807161145754385 28.951237529218755 -0.8804972807671696
33.159044532395725 26.229536550328298 -3.349999937979653
33.15904435731034 29.07052019885854 -3.3499999161126857
34.380955696891 28.359473610908978 -3.3499998960821387
34.38095595525349 26.94052895893668 -3.3499999777979172
33.15903974844771 30.48941302208352 -3.349999934991498
33.1590397406353 33.32058698744393 -3.349999904815344
34.38095976403015 32.61080368440203 -3.349999925686568
34.38095977363853 31.199196323352187 -3.349999933338097
35.61004904699607 26.2300543010769 -3.3500007298076593
35.61004910757284 29.070000249748595 -3.3499998979459447
36.84000000214491 28.36002504385858 -3.3499998803093867
36.840000023015946 26.9399774036836 -3.3500001427087645
38.0699509230771 26.230054249580924 -3.349999945419947
38.06995090285426 29.070000262836906 -3.3499998917409215
39.299044312693525 28.359473627979813 -3.3499999007419268
39.29904402591858 26.94052893625126 -3.3499998762111316
40.52095548454609 26.229536545847473 -3.349999867810709
40.5209556368886 29.07052018865971 -3.3499999156363867
35.61005006131503 30.48993510715216 -3.3499999207733233
35.61005004782038 33.320064885468355 -3.3499999304045436
36.839999999528374 32.611348113225766 -3.3499999359775967
36.84000000759227 31.19865186876124 -3.349999918881452
38.06994994841138 30.48993510025836 -3.349999899441843
38.0699499470502 33.320064885193055 -3.349999935432786
39.29904022699467 32.610803670729034 -3.3499999280015325
39.29904020322801 31.199196318808074 -3.349999988841992
40.52096025211904 30.48941300308685 -3.3500001032412885
40.520960244903655 33.3205869798932 -3.349999918666706
33.15904434434792 34.739479795598214 -3.3499998881240236
33.159044516629976 37.580463444935106 -3.3499998931663644
34.38095597470724 36.869471065254814 -3.3499998926651333
34.38095567122554 35.450526371824296 -3.349999909592923
35.610049090973895 34.73999973708565 -3.349999924542061
35.610049091196615 37.579945749861345 -3.3499998920370135
36.84000000364102 36.870022653559296 -3.349999909839887
36.84000000334746 35.44997496382884 -3.349999909735024
38.06995090770342 34.739999742718524 -3.3499999196016192
38.06995091481561 37.57994574849194 -3.3499999433234273
39.2990440203755 36.86947107963524 -3.350000012187305
39.29904430947846 35.45052636850878 -3.349999977082978
40.52095564721852 34.7394797983878 -3.3499999323080596
40.52095547660803 37.58046345024358 -3.34999990328819
41.75004910486811 28.359993797741136 -3.349999887831631
41.750049191464036 26.940008663416247 -3.349999971491334
41.75004964024633 32.611317057393784 -3.3499999162318552
41.75004963719601 31.19868294338612 -3.3499999273076755
42.980000053323415 26.230085242971867 -3.350000794347703
42.979999990300655 29.069969062067084 -3.3499999080380816
44.20995088545796 28.359993791427943 -3.3499999070441877
44.209950792364914 26.940008640835966 -3.349999917067662
45.43904452551516 26.22953653841344 -3.3499998637735673
45.43904437154356 29.070520194783047 -3.3499999099408617
46.660955698352325 28.35947362322836 -3.3499998936403417
46.66095598468291 26.940528923983308 -3.3499998698497393
47.890049100794485 26.230054243236314 -3.3499998556791075
47.890049105107444 29.07000027306589 -3.349999887678621
42.97999999281917 30.489966833819572 -3.349999914273095
42.98000001032809 33.320033176833256 -3.349999900875893
44.20995037169344 32.61131707335443 -3.3499998937496587
44.20995036674936 31.198682954215574 -3.3499999173163806
45.439039772275585 30.489413024567227 -3.3499999158519254
45.439039761179984 33.32058699445209 -3.3499998895545624
46.66095978129392 32.61080367966251 -3.349999913802364
46.66095979056437 31.199196327778637 -3.3499999063971755
47.89005006064283 30.489935100944653 -3.349999937446185
47.89005005395539 33.32006487824736 -3.349999906332438
41.75004922266793 36.86999135293857 -3.349999930495043
41.75004912525704 35.45000619446443 -3.349999908626151
42.98000001225291 34.740030933143146 -3.3499998899378705
42.97999998544812 37.57991485309646 -3.3500001121603438
44.209950813118034 36.869991343135446 -3.350000202486214
44.20995090683176 35.45000617850272 -3.3499999136052274
45.43904435950251 34.73947980406408 -3.34999986016856
45.43904451850008 37.580463448707604 -3.3500001438050866
46.66095597496586 36.86947104163293 -3.349999945144333
46.66095566935399 35.45052636230741 -3.3499998897849546
47.89004908173324 34.73999972665846 -3.3499999052140526
47.89004907404338 37.57994573345612 -3.349999900431868
49.119999992595446 31.19865186478804 -3.3500000181012757
49.11999998410306 36.87002263866583 -3.3499999304078276
49.119999999363145 28.360025040542528 -3.349999900874987
49.11999998440245 35.449974941674924 -3.3499999131492366
49.11999997854341 32.6113481230774 -3.349999959775787
42.79305399210104 26.03293314906616 -0.9122403494198073
28.053670068876695 28.936854562499693 0.8579258336614481
29.50195633604706 27.491548710732552 0.11386327886294345
29.235871578533363 28.994565157221036 2.16240360738444
25.62598759574203 28.754146147904276 1.103702959892946
28.766168455526845 33.74200882852921 -0.12217087971371665
30.93016501977593 28.631908791304852 0.5066291008051316
25.895568079668656 33.30542360359102 0.022890280869040103
29.192580392408214 31.222955963221825 3.086252047656478
29.098127444650927 33.530635885132675 2.4811760569236507
28.09499695651953 28.062116346432084 5.3791411474506585
29.135604202891347 32.81599606867819 1.768445094110338
28.996709589200055 32.85848493393948 0.45457543685256674
28.9712323640628 31.590964716164326 -0.03425524355432197
29.086911673080717 30.770613664861123 1.0537316635024285
29.24896824520877 31.572035221925013 2.0657795682468336
26.70973241100472 30.040916954464432 4.3289543977451945
29.26192985415651 28.701941193918447 5.182296843717406
29.019330552206252 29.346762773869898 1.153856720433818
26.699384570246455 29.31706833317099 5.52802894722383
29.927285832210796 28.495071237127043 0.10214323018758353
27.10833963346807 35.07269818905766 2.463561055474488
25.865187188025317 34.4494404279845 2.5430588925089426
25.28024754166274 34.30035317933415 0.741527769065975
30.140989304235692 33.7583340142537 4.2875437622862265
31.29444063299276 33.950314185381984 5.15235718462332
32.52992062219554 27.71578992543699 2.90603092771378
28.712268960610864 36.54222889474349 0.6202200956537784
24.76938727924501 35.94689958955615 5.564799379343201
25.492918893159114 35.42621995594268 0.0317703291444682
25.495943516367333 28.597116717192456 5.813428946031756
30.991302390126158 37.4226815420761 5.544670537554936
29.00340222779631 37.759801204324475 0.37686544736383776
31.814377518686058 26.697667228155108 4.578732772650302
29.904162489340656 37.707183168776695 -0.5192834306943139
27.899879247085366 38.1455085338015 -0.2486631163461861
26.95754392217038 37.19890817958473 4.35224907579971
31.33185183969422 31.316845519692045 5.561809386285839
27.99071378262445 27.191509619962495 4.366277488906837
25.906035378662104 33.077949336026656 2.9426809416277635
30.854056448803625 38.19250068755974 2.391779490747563
32.652993661871356 33.96141924213866 4.607555481629993
24.77905298149016 35.36925994056243 3.17140331765696
31.139576319164647 35.078896902859114 6.220490094275909
32.671557693298084 26.062349934681716 1.0233507003906739
30.30866233443969 36.350408612525406 6.1074525432474225
28.94802546920577 36.23677154163906 5.618057044221157
30.57254249654419 25.784165486459333 1.5784066489712656
32.713841213027955 34.765104325098115 1.414005683720272
31.3842679317318 32.42409392915286 6.240034138739522
24.891592354151037 25.6751541585286 0.9183248200565319
39.179607446762006 25.881840708720308 2.5958718410013306
32.882157150132116 27.22086991583996 4.069061029751464
33.156245690636666 28.366438546266526 4.725178476167931
37.19936043057842 26.523502545648324 -0.23325205802316562
34.694873797616346 32.50378965359422 2.740573264293392
34.37411404966466 26.10900354910313 4.10877489593984
34.7466616755243 26.075057751196223 2.5966307182622117
36.17300834699619 25.795325037714274 2.0733846857224814
33.005904077063555 36.362439781955565 0.13302462900575907
34.50437400568679 34.785828126476126 0.2014658466590824
33.654319174706096 35.533955813924344 0.9675131396181169
35.69034228837337 31.992968633623242 0.8820884429749121
34.42426344058393 30.666410782321652 1.989055218549144
33.74361991185315 37.10492399884895 3.2961849241426
34.57716803072566 36.459967421083554 2.3502947816546316
35.404862149129094 31.577861416787673 2.0992845835773655
37.15628108155209 31.85397391804808 3.98332830951454
36.867496631466544 30.851368939630948 3.054450226457094
35.40216519414555 35.41278314731289 2.925098181995299
35.06757338867564 33.96313428097605 4.710056788999132
36.36044539629654 29.6194658307613 3.5338610807761883
38.00593435868955 30.664853310394953 1.9403048635946096
37.42152418962796 27.948499509451654 4.876381727740949
39.454127267100624 28.86291538700979 2.8853735847712727
40.00198249622667 37.818307918265624 1.087793444920031
39.503018458016726 30.121606145638705 2.2088985931064045
40.18592988606847 32.880456546882236 4.344771277947293
40.19074131990308 30.64076847217658 -0.3271916306669109
40.5122222656771 30.936183346294104 2.687924923398638
40.04044450055621 29.5893223480314 0.5272359987638331
39.06881343142844 28.926829460063907 0.05203055666849532
39.84688495707357 36.46466750724363 0.9910352760791963
35.43801150509568 26.620862741564356 4.905718503273755
37.24381244617136 26.51753525187821 2.691653107179257
35.69134853297816 27.75854666496886 0.4612060798594275
36.038186579905634 26.535573258413088 0.41448326916164957
40.00863134294243 34.118205844340494 2.0375727418566427
40.08767706163924 35.98666662643835 3.532863074926027
35.541867562270824 37.4982508354251 1.6347871775432254
38.53266504459733 36.31743934156474 0.9775074758916147
40.61479558337542 35.42318581602246 2.314410013561319
35.084640716854295 25.9628516726131 -0.32473389536650465
36.4261487520676 36.87805012102908 5.519251745880785
40.24095364756339 36.0584238353857 -0.21972050035446333
40.83290846921531 38.02940598920913 5.674796832032247
39.63112253761447 27.0468693278003 5.947923826588196
43.49704067772869 29.123477444452764 6.16164029302158
45.436677121047104 38.268503658534165 2.447414737389825
40.940758542653484 25.92403312703497 1.5374454286956107
44.595300239236444 28.262146091984324 6.090400929467281
45.507476152349895 32.785430769777584 5.50316143516644
48.56715805393573 32.26760638430591 1.3502266036942956
48.41249778982588 34.73115527447902 1.8510902749402502
46.539299870054045 33.36969441360563 -0.4075114944469449
47.243253505251786 28.296633399537193 1.8864794571094634
44.28897502569293 34.67270467222119 3.144126661952903
44.949837954962184 36.738385560136194 4.501933295174631
46.78346288889549 32.66909563647737 5.668264414645147
47.574810749527074 34.28880169502698 5.966776562845292
44.03947163221234 32.355974724127115 0.7765862915015487
44.31753711921207 28.557155015252604 2.293260192769815
43.64032053075734 30.061260290123823 5.2330319349501835
42.87911023347949 30.812664901038023 5.083532790905072
42.370876997363816 33.10900993881715 3.2946131755089416
47.30781248086712 25.72834436730528 1.39042971635837
44.62919189140072 29.77319145250456 4.48365506798574
42.30338714592468 33.29700675790965 0.24429366255214746
44.2290301556177 30.023464700636232 1.0813173022220623
45.96755202578456 27.777784952919568 0.2905160449657551
44.0763564994789 29.59701327137985 2.072745531209108
43.11000540962435 37.8156857566295 5.553592327536485
46.09135444854372 25.630551611017882 4.439396401495115
41.04401566618369 28.708078298488054 0.4651914638235344
43.03287558757649 34.19113374043079 2.604509905877971
44.13113327538424 34.397713153409526 0.09268749729245629
46.980373604857576 35.43570447002817 0.2740190929298736
46.41854651527365 36.13085283911212 -0.3322144153796103
43.34766312311916 26.14002715876613 0.75615192170988
47.73652725087167 31.772603576317177 1.8533415901427819
42.12883458270915 35.446773464776506 2.3281185398999438
44.60316773887438 31.375188221356535 3.2756545744166345
47.13984192868323 27.43044798212107 0.7963671795226146
43.029613792945085 29.68796255458471 2.3628454005882906
44.88983557177343 30.33661211582083 3.110484278589815
43.45711432747873 33.52894250187323 0.8888206359634165
49.104263167641136 34.0349235611223 5.9558460001357485
47.975812069841574 36.65488518783134 1.7297770558033054
45.22700293038432 28.626246199478874 4.972497895846609
48.94250486142392 31.387306756091526 0.11012897463065885
41.66978545646179 26.572466471608983 2.000537165384916
48.28029535265497 25.8139504437486 2.4510226549641914
47.09054702521907 35.05952922751566 4.881180387962067
46.050222311242926 28.08870390676063 4.525554795766828
45.96933059766036 30.308455625432067 2.9621680583384116
48.10961248706425 27.876682385313 -0.05867368047628996
47.287663279532076 32.042610825313346 4.592165016262188
47.73992409220873 35.719287335998004 1.431258175461787
48.04743537809213 31.215915459025044 -0.48784731537508397
48.011337773715326 33.64312728412603 1.1729958172088861
49.04759080694612 34.75088401125535 2.7243987180837745
47.05661706654867 34.097868998029604 0.199567324867298
26.87278964355465 32.86544440914224 7.796211173618478
27.480235841084813 32.95089835333944 8.928974489292006
26.176997490339772 31.19234842663004 7.439503760059073
25.754007634672387 30.816591233225147 8.74986913726456
30.64360557179435 30.18249034585096 8.988208476470984
30.717092890166818 28.897930024637063 9.517396633679436
25.94961907961986 28.30426278555589 9.578698456210692
29.910731036221453 36.78557649010169 7.847893920412536
30.90285639980133 37.22080394619037 8.441789754800515
28.192327454866778 28.71315849356651 9.344908051960125
30.950524780663326 28.120332626209322 8.428381418791481
29.13530032616589 28.42348631215421 10.354826965489401
29.671164636349314 34.188434014208596 11.621048343240265
28.889404490445177 29.54989003959694 11.441783161570857
27.807502265747136 33.321400574862444 6.9339976641917564
25.986306129581155 33.812573489134955 7.852675892965016
29.308424079199437 27.005444302470956 10.676430861151893
31.766536731985735 28.81782649723546 10.30199518456947
29.052795689283425 37.820676597884585 7.900215699288722
30.688429886610745 34.219997154349365 11.259696466493285
30.482539457708448 33.27432956558423 9.412916682853584
31.100336642543002 33.700058435120894 10.089068713222257
31.726199180025016 34.675258124059184 12.010378686552517
24.894130706702175 36.50990899161808 9.258138302616379
29.44167167622519 35.80810067519285 8.698179931793131
25.425253063969052 32.35147608295221 11.692954537286333
27.142517626499657 30.214205697949577 6.728461121274634
25.704838748293792 31.187071099299985 13.232966937908222
31.616150438186295 35.34560786814661 13.299483117008611
29.39977661265744 29.37687177661999 12.893719916907335
32.09567819401801 26.9402858140808 12.105988709319096
30.39263476166537 32.4733845655381 7.129134824895409
30.709285626587377 37.11446717254943 12.822276622512057
32.51294499950191 33.72802045771105 10.13748471461627
31.691090031182508 36.892089658451305 13.24025790483248
25.673386170136574 37.43894177804633 7.967814975359157
30.499899069995653 28.476412580485555 13.021051337936079
28.414839114612025 27.37475386515985 6.467201223841046
25.079397542296643 31.48412006334192 6.567209965732906
31.069023697090476 31.348178419244025 12.729939731953117
25.366001507495955 37.46149078351326 9.01333217368102
32.482298799443384 32.39083102331359 6.926301249447128
32.577872775957374 37.28070140829266 12.739561116526957
26.211119719984673 37.52864887793847 9.698434354108045
24.711350574329014 37.07375740680451 11.796805141012847
24.748245464028667 31.59831458615868 12.474075979229616
35.038576414612294 35.431502901038556 6.754041207529099
32.839933077875834 34.391179646988206 11.259267724190012
33.2083972519336 33.48897146460519 9.346534815125555
40.54749518939004 29.01298032869697 7.208170538761348
35.830114595955266 36.624307147398255 6.757240971676931
34.47439671415097 28.05888187996792 8.185934406270635
38.021997209935215 37.16506939970278 8.272346729005127
37.08485370392735 36.28070329388334 8.017055297779734
36.43407035267594 36.08998012019583 9.2534403854285
39.95796027756644 30.967565210365034 9.26745061154653
37.577636426074385 35.10659541480585 7.6724310366426165
35.99472693744423 27.880515668062415 9.581059215437323
35.35377325106395 27.253400635462636 8.619208914233434
38.8799652889745 30.730796807813327 8.585249377491648
36.1604216568426 26.79643737739543 7.678174766134563
33.82577609638967 34.69462068873471 11.579325651860493
35.0634721692533 37.78256609191177 7.384289065757077
38.17618229258106 31.92458456463636 8.609007153099753
38.782018209122946 27.112131429976234 9.025415436094855
38.15475804911345 29.822482563037592 9.205864047501224
38.167211712754344 29.18506211438484 12.201819768072538
39.08666765616079 29.664290436821382 11.86560408843915
39.45574838937961 30.053282754896333 6.962629057121795
37.31203370324092 29.55898470421091 11.638834447251522
38.14861337946444 28.130175672209823 11.928015647981375
39.883791589559856 26.616741671014132 8.495114892563297
40.15962006955071 34.59676881755003 13.250962540507787
33.634885537643044 26.269276436548946 10.359000006982122
40.5531909377709 27.45711882264895 6.963187383168381
34.56043549791992 25.737490211525927 9.427211453770099
40.822632827945924 35.1415453643529 9.423598990516677
40.75846752961838 26.7007803736589 9.534569126358983
39.984663197155726 32.60503331921557 12.859108973108412
40.00027556500037 36.99419423546674 11.55365368918834
39.75449074989373 26.22833719531356 12.412793886733864
39.99897440552617 38.04619255614624 11.797985104681874
38.24231440276702 29.562794146152978 6.360771766637625
40.90102832022589 26.039180585465505 13.10841114550737
39.998453043777985 31.22594537016187 6.2668115719739514
41.821477621967404 26.065920223109686 12.10789643365846
46.47145479207916 37.864707437252115 6.42624248550705
41.9279467321043 34.72945940580973 6.27174484907821
47.54745741212727 30.838173032383683 12.830617207576969
48.32317085783346 34.749650624319464 11.432447181099368
41.84938401635183 33.44972835739548 12.70515291125848
41.65401559296817 33.39855994751633 8.748466254977851
41.99822844693999 34.61854859604509 8.879781037475897
42.90216650807621 34.765995245178594 9.838564154982091
45.29452633579024 30.15552048691801 9.626087211441671
46.040031117198936 31.56965226474158 10.703702807897008
46.13293371455606 32.54997159608389 9.676259676005133
45.57740604368938 36.12130443665309 11.888324811067823
45.86259761172027 29.81024750565712 8.519834261604819
45.023540807997094 29.015579102860844 10.211390856731333
46.67167828949468 34.96948416700089 9.480116402732111
47.15847108896214 34.79916118128947 7.250574669276285
44.09173789046431 30.471081500005976 9.227229241845187
47.27166159898943 30.859308077926418 11.236790165661636
45.04363078937531 31.734451852796305 11.665190749199777
42.0370338395223 36.85644946377497 7.5602622096286
45.91501367740612 25.79526531713863 12.377182708720644
42.51929771516479 35.4143434439641 7.298431761053576
48.33551043923303 35.60496820391011 12.576787976211726
44.78658530813468 27.421482013442414 6.7408576379693095
42.78438491034452 29.09969265198714 6.876941656778456
48.43256765845876 37.06695649431449 12.281703787947569
48.1485767750858 37.221891149541946 9.005503865342783
43.960860245034915 35.280510765730405 7.33871488261477
41.91876814792587 26.936871098437084 6.80199639089209
46.26032225049585 38.05286667201859 9.433702301908307
47.030229481572775 31.751041843578015 6.607783247116609
45.63887044465193 35.46402032633344 13.15832522409176
48.85688658729896 27.292640154449103 7.9375575392723885
42.03440550817642 37.94598908032482 6.4525459471058095
48.87565741436607 27.955905458906134 9.569219261481168
48.713375522364316 25.630205876615026 9.722448627569339
28.319341740517356 29.24845267939213 13.76029915934905
30.74470464188917 34.996568080214935 13.853426662423749
29.121185531414977 31.865821175074146 13.490952402822801
31.690943891302574 37.337260627944865 14.235206540045516
30.71585037905897 31.050391799654797 14.677886464998913
30.066279088294003 30.939418404498916 13.524250637636573
32.50459967103951 34.95332426294482 13.79432807662692
32.17458809145256 32.44928243021662 16.681258274627105
36.83277060221511 26.844736480680776 13.463660315338572
35.43549928875664 34.99649927846488 13.66291606761506
35.600807351615664 27.705020016728394 17.357292591478817
37.11042124860605 37.199936873997686 14.861473291229464
37.91490415131238 30.19108036850925 14.20229561593699
38.32382401577307 29.23934369937293 13.863058444969706
39.34674178059265 29.16563578256796 14.232255398768341
36.63252642156604 27.431881528764094 14.34772081138177
36.015912042411856 34.70251566759574 14.93866680136727
34.75172909931169 31.72661717253745 14.933710512864046
35.274743033591314 37.21271356027214 15.706632832029761
37.425399964119784 28.398724781419734 14.724365492695915
34.94976200913704 34.05235978129909 15.87508772545069
37.281597988649196 34.109796686727215 15.196087065121976
36.36312715328723 36.44524192779977 15.616442596792698
35.733887407083614 27.172514915871467 15.333157684796891
37.07975828991394 28.74983572420653 15.984357944408991
36.178629097354715 27.83311663152742 16.453902704710202
37.61225194571958 29.58101386942581 16.422528456252195
33.213258274773395 30.79834837905096 17.653355402778224
36.93051807659875 36.362266690854874 16.800682456071158
33.55252132355729 32.650294703638565 18.399484591990074
33.36001176440773 32.03796580143802 17.204751933334105
34.91025249804465 32.43493385560071 16.13230377370342
35.9411341704184 31.874468845106684 17.027293748937954
38.13079260235211 33.02603378425353 17.108950009090158
39.670741344614996 35.11598980617453 17.277291077299687
38.75171821839606 31.338029820540875 18.413781650986852
39.695790760728784 30.82435729150889 19.421530392355205
40.336472453632965 29.152756088253444 16.517692189421386
40.509480779448765 29.599919284431287 18.95192354075191
40.124863705786495 32.57507018653077 15.702038931440175
35.10274013462993 26.384311338969514 15.31106148296104
40.56077918254142 31.792060650100954 20.03116836253198
38.86865749707359 25.743408032311965 18.37540086108077
40.78861595344679 33.45939429760586 13.372462933456003
47.20519090031073 32.10201087956899 13.389258266760752
44.24007465886072 26.033699382465606 13.658002614978699
45.58451304897786 25.670745832701872 13.672491529874147
48.82938696291885 27.478928838619616 14.813217052295263
41.00956479210756 37.1337208009511 18.93427520142517
47.16572459753815 35.254107137200734 13.582082609643818
45.23907544216221 29.73213833314308 20.15692442814779
45.66059526193689 37.954814053926704 14.125779250891155
40.99652118930463 27.170135926215004 13.794358128914423
47.11406658966746 29.65477490544324 13.434175925595614
41.34392155756521 37.690812244547004 16.918095393672733
45.60366268653807 25.999630496209196 18.87738540141061
44.898774622897164 34.26902235075651 13.50014353428502
41.278467077191195 29.427100321309926 17.60226767469029
48.50919341270085 30.96179518573807 17.023527110637577
48.807666303508796 27.716801840640258 15.866471365314728
41.65037469766079 36.733045785642176 17.838972071829037
41.143822654234874 34.968042634042185 17.28410194002364
41.703648538650825 34.167604073444465 18.264232775965866
43.82201385251531 36.87779298109007 14.167783633716997
42.938780302270125 36.8654419734232 17.98603582418845
48.133212075209016 27.692130532432813 17.916610964380915
46.817643596414975 27.173697157632425 16.31829620662035
46.21917030842785 26.561765223424132 14.35716525066939
45.11298698954911 36.836619918206125 14.308169160080237
47.288073214440956 27.654128295219635 18.587950026321256
43.03348681683221 27.563947742389317 16.668541565028182
41.70215445935222 34.56009428576577 15.858434090319344
41.34403886545676 33.17050295136445 15.13027146944127
42.54781340966339 32.35839142922077 15.041119386719336
42.218127154824984 27.821833954547152 17.668128316077404
43.04522459890287 27.846174383699946 18.698580820031427
41.36549023361093 26.800164512157973 17.862505606807574
42.266394224576445 30.451818125556837 17.474953619852236
44.722235483356584 31.95160372020875 14.227385333827641
45.302780231006935 36.66715390262401 15.613950791083047
47.53403798932805 31.810304719426963 17.604379113998096
47.504427555290924 32.92987855688838 16.850235661078205
45.71147544366642 30.36983971414236 16.355171449076334
45.85595434585252 30.87098862187415 17.709865228145166
44.975627472209 31.864300272281334 18.135115153403056
46.0234308308547 29.86468053714544 18.7872636305603
42.748100389868036 32.18457326938933 18.880673955999065
48.16311366241967 32.00334973132875 18.780436109114707
47.73608215616829 27.480050722114697 16.605903761319535
44.05676288554821 30.569602673102416 20.232923445058546
37.93010930788865 28.96564114880049 20.533346801186244
38.54070507954452 30.145572913744076 20.81946917271446
39.7824745390302 26.019128002365054 21.796922922122405
39.263773718157346 29.886242528124715 21.960563556320118
37.55289392825298 30.858587850274056 21.292354054077602
40.74087745158187 25.533272697169867 21.905589750929575
42.83846309036074 27.856581540758448 21.437440034326535
46.435889820161655 30.422923271107972 21.476075996315124
46.71722208128141 31.686451587183154 21.359228713362107
42.48317671548432 28.31986296824556 23.507849789736355
43.571805501772694 28.26591250051626 23.516608370126686
41.89073828229761 26.088059751024286 22.35053303929962
45.99150675616204 30.24600873092027 22.667917106156093
41.205348996767725 28.078955080693632 22.058794644203765
42.13204581835874 27.862371572581427 24.43278693171319
42.15496288034791 27.574907342692978 22.23843136402194
47.652674697253204 29.88295232708961 21.399240169718514
42.095395057001646 29.3373059771346 23.45749991667036
45.047941154273914 28.3605087932146 20.540604737065397
45.67824590829225 25.673980282174526 20.80937481960765
25.789946048957397 38.999455644579136 -3.350000109028748
25.78995076993755 41.83000863020708 -3.3499998688248356
27.019044511552295 41.11953652993198 -3.3499998472714
27.019005316323188 39.701081784048796 -3.3499998481923274
28.24099466026132 38.99891822487189 -3.350000090780415
28.240955965909183 41.83052892684963 -3.3499998704640808
29.470049079051023 41.12005424092994 -3.3499998696588307
29.47005404290922 39.700544344844346 -3.3499998956557233
30.699999996618914 38.999489849803645 -3.3499999419966375
30.699999993510435 41.82997734900033 -3.3499999077869846
31.92995090389045 41.12005425047968 -3.349999892039033
31.92994593863559 39.70054434326151 -3.3499998830098674
25.789950882470002 43.24999379813017 -3.349999884066875
25.789950268622373 46.08868290723693 -3.35000023753677
27.019039785844175 45.37941294885397 -3.350000150507019
27.01904436385814 43.96052020406042 -3.3499998804309152
25.789950319420186 47.50131705448583 -3.350000073959941
25.7899507788931 50.339748079219014 -3.34999989154537
27.019043467782904 49.629467989980455 -3.3499998638521955
27.019039764500462 48.21058581842792 -3.3499999837338756
28.24095568752425 43.24947363846684 -3.3499998832071176
28.240959800331535 46.08919629127428 -3.3500000994368797
29.47005002890036 45.37993504968598 -3.350000111711374
29.47004909209964 43.96000028391062 -3.3499998717913426
30.69999998894195 43.25002506271799 -3.3499999206453213
30.7000000632116 46.08865182282215 -3.350000300502437
31.929949923485534 45.37993510893446 -3.349999905026806
31.929950880690225 43.960000272477274 -3.3499999064366026
28.24095980509778 47.50080365875415 -3.3500000600379343
28.240956478731608 50.34026691040785 -3.349999912620034
29.470049260230223 49.6299882875671 -3.349999898712994
29.47005002983532 48.210063751034305 -3.3499999493340127
30.700000023071873 47.50134811663953 -3.350000139697281
30.69999999510051 50.33971686299589 -3.3499999793946023
31.92995070102487 49.62998830265396 -3.349999930188212
31.9299499249833 48.21006372473631 -3.3499999241861014
24.560000098451464 39.70051020045755 -3.350000770825561
24.560000040572923 41.12008524028412 -3.3500000334536892
24.560000035464242 49.63001961533069 -3.350000002184894
24.56000018079804 48.21003202059769 -3.350000361826556
24.932604367775188 39.02496110356851 -0.8349961381859039
33.15900532397762 38.998918212604266 -3.349999895927449
33.1590440204834 41.83052892765373 -3.3499999028189498
34.380955478613075 41.11953655064416 -3.349999918860332
34.380994662813904 39.70108177876337 -3.350000019239535
35.61005404016936 38.99945563639491 -3.3500000258701434
35.610049234637316 41.83000862894673 -3.349999901214394
36.84000000038931 41.12008518307428 -3.3499999065613206
36.84000000501817 39.700510202960785 -3.3500001881517205
38.069945970743824 38.99945564809524 -3.349999963045841
38.069950771166766 41.830008638208184 -3.349999901740256
39.299044484705426 41.1195365375533 -3.3499999703797623
39.29900531960711 39.701081781049425 -3.3499998799023167
40.520994668764864 38.99891821334835 -3.3499998856065236
40.52095593593148 41.83052898732249 -3.3500005133715502
33.15904430019952 43.24947362112812 -3.349999922555953
33.15904020066134 46.089196314401455 -3.3499999427018
34.380960236016556 45.37941301947403 -3.349999952706514
34.3809556383778 43.96052019298015 -3.349999940831332
33.15904020038952 47.50080362951713 -3.349999947013612
33.159043511914334 50.34026692788638 -3.349999938346805
34.38095654053029 49.629468008737994 -3.3499999436103653
34.380960238084114 48.210585780966355 -3.3499999501305244
35.6100491195538 43.24999379214206 -3.3499999260567392
35.61004964579819 46.08868293965639 -3.349999946241221
36.84000001539497 45.37996683679057 -3.3499999271511927
36.840000008660546 43.95996906565527 -3.3499999269092875
38.069950895740455 43.249993797204134 -3.3499999090875967
38.069950377976916 46.088682950503305 -3.3499999260956193
39.299039769581505 45.379413027757224 -3.349999919314927
39.299044367093 43.96052020257751 -3.3499999037051498
40.52095568544251 43.249473654919306 -3.3499999396973945
40.52095977191516 46.089196320094715 -3.3499999587522233
35.610049651781 47.50131701881747 -3.3499999446441775
35.61004923353159 50.33974809579162 -3.3499999130415805
36.84000001945799 49.63001960791637 -3.3499999056181218
36.84000001608927 48.210032027587005 -3.3499999730209797
38.069950385495474 47.501317018003675 -3.3499999387088417
38.06995079483515 50.339748082771926 -3.3499998819513124
39.299043457935724 49.6294679910033 -3.349999944729336
39.29903974964919 48.21058577971179 -3.3499999949544392
40.52095977864629 47.50080363061167 -3.3500000337282843
40.520956498671445 50.340266911662106 -3.3499999610297237
47.89004963731467 47.50131700975784 -3.349999944325682
44.20994992827306 48.21006373072379 -3.3499999162096783
41.75004915528178 41.12005422746564 -3.350000098593976
41.75005406209823 39.70054434071522 -3.3499998960147783
42.97999998668929 50.339716886253186 -3.3499998796046015
42.98000000700479 38.99948983431594 -3.3499998821812325
42.98000000185645 41.829977353300016 -3.3499998893624463
44.20995089852328 41.12005424988181 -3.3499999015616346
44.20994592247908 39.700544338990376 -3.3499999438477603
45.43900531699683 38.99891819270606 -3.3500000244608943
45.439044011398664 41.83052893706148 -3.3499999087234835
46.6609554675683 41.11953654897516 -3.3499999222880583
46.66099467011811 39.70108177503714 -3.3499999351302012
47.89005404290481 38.99945564441458 -3.3499999113773082
47.8900492218759 41.83000864506554 -3.349999936396765
46.66096022665909 48.21058577051883 -3.349999942086722
46.66095652123246 49.629467997571204 -3.349999943296532
41.75005005252801 45.37993511565583 -3.34999991762123
41.750049095955916 43.96000026975795 -3.3499998963302535
41.75004927712364 49.62998830615227 -3.3499998794507615
41.75005005179723 48.21006373836559 -3.349999917318004
47.89004921902266 50.339748083932776 -3.349999951240794
45.439040202211366 47.500803631531184 -3.349999941584038
45.439043491224936 50.3402669251725 -3.3499999252306334
42.97999999471635 43.25002504670699 -3.349999894278899
45.439044302260875 43.249473632757635 -3.3499999212509057
44.20995089904069 43.96000027165037 -3.349999910798185
44.20994993504804 45.379935112838545 -3.3499999231780144
46.66096023499433 45.37941301628521 -3.349999972681459
45.439040205143684 46.08919631271958 -3.3500000227845996
42.97999998797609 47.50134808093243 -3.349999904476201
42.97999999550851 46.088651878763876 -3.3499999124193867
47.89004962865424 46.08868293623061 -3.34999994142529
47.89004910690227 43.24999380684748 -3.3499999438477603
46.660955627574566 43.960520205735335 -3.3499999730602745
44.209950697076565 49.629988310879895 -3.349999904810531
49.11999999425608 39.70051016261856 -3.349999931933189
49.11999999539797 41.120085184236046 -3.3499999602875876
26.924430780772397 40.48481631290166 0.1264540050270646
24.655526565681168 47.9934589119948 4.988384988943698
27.91501848315047 41.03905331424387 5.267788037648139
24.86563627034597 43.81095703401954 1.4108538372276103
27.209408741922417 42.605909909411565 1.225488030636137
26.515138729111385 50.20292627204706 4.792041771910812
25.417124314911785 42.15446387231243 4.319230319962944
24.85455532653489 40.89823929820589 0.2349986601360421
28.968715731769922 42.22650072817382 2.2839036848788985
25.61129073636375 39.72189669731108 4.195932889013768
29.31537348706584 46.01598610270453 0.06375297420502357
26.798941902312745 47.35276783935434 2.483412615034528
28.408667075544233 46.8971970477631 0.5251218497738586
27.70597374470817 46.28159755296638 2.119584851823256
29.12978256502212 47.531047745333 5.2220704987522835
27.20821825561277 44.991402086670995 1.6013288950688542
28.88130324638409 46.21860884628896 3.131637096937161
28.735177633961346 46.274037236743766 4.703456397445174
27.51520666380286 45.73169460329121 5.109783391616141
30.028465905228856 45.143993483064605 5.383532888363792
30.23349516377307 44.01053790628346 4.718081409773763
26.273259871604754 42.277655797720136 1.0358185000284725
26.10406391321993 41.1115726089028 0.4435892259137397
29.694110370095895 40.080215879420386 1.3390664421208676
30.102376218026325 41.35964150516552 2.1958703738268515
30.483800504466696 42.729494183832145 -0.01777983776358738
31.24448088569992 42.272013785985585 1.0142242938684676
25.06978775420304 42.76901440845273 1.2131729409535885
31.22449724133872 45.71081159163069 5.48358570641185
25.353707614604115 40.93163668609809 5.0194013845836825
30.907269340799534 41.02625546369682 3.3125598906790343
25.27969211408847 50.53136461892896 5.018436142732351
27.47316230841046 47.11573849892013 -0.2943637604442051
28.972107886460588 48.08823085022753 0.6459356691372498
26.840380925522453 40.918019387435436 6.085073728066554
32.18811771861535 41.679578622109425 0.4033293225277301
27.82029135023364 50.43481719800561 0.9447501755684584
31.73152470128771 43.340952575310034 1.6100413519534051
29.59489297965802 38.61083430753137 1.952739978522282
32.24603117643328 39.06660955729048 4.239994759494341
24.6081470017543 45.64442527642913 4.259907345316135
25.21208141467859 48.72856758757369 0.01912323292087237
29.95871272200999 50.56991559986685 1.8664111914363257
28.537406896172712 38.38895261940979 2.895828724045706
39.27849229113132 50.776489870824655 2.2423062073378155
36.5434391444396 43.71176810415073 -0.01699713054353791
38.54009015986309 43.72179265382331 5.957434740995755
37.91845700627131 44.278421263518 0.9001120856906686
35.6932537919037 39.012214262973664 1.9651418185474812
36.47271061508467 45.29386472019165 0.736642592252772
36.80783620370332 39.26086866124186 -0.41371777728918535
38.735717064074926 42.45520331721372 5.565516107798509
34.90762957905054 43.78868596308764 4.620669971235946
35.16368137737038 43.59432888190982 1.9798803038918211
36.322225893846515 41.07680077812527 0.6115832010750177
36.64764399432963 42.70982509727526 2.3235388410414726
35.96429705600215 39.820884647577884 0.3782572585838384
37.461665906549754 48.316283775474346 -0.14862772878531327
35.63191833326657 44.57315388599728 4.458140347680864
35.93415961369493 45.66742894973634 5.1398852205087735
37.680611185969404 42.03074984613364 5.059411591807366
36.23637575294226 43.70248592032665 2.14028239767325
36.828810645827765 44.27272992593891 0.8729382271540542
36.375678789143976 44.59181888466866 3.2593279678523923
36.83364620341427 46.49928786851416 4.427826570034518
37.16914158010874 45.697515161282176 3.3838572715227713
37.98657038848854 45.727324505142015 2.678646986247019
38.0102847533034 48.18322259514276 1.9459389345867129
40.12675412383477 42.27621680737802 4.403126163715702
38.33822186888317 48.629194066194785 0.7666866085765278
39.91003175342445 42.9325979490671 3.0929311467464258
37.11880139661515 47.45832609012039 4.5657838290708055
34.83239733644826 39.80481055451108 -0.26688106111469545
34.5969777270967 39.6078968865526 2.686607249358146
38.955291119786686 42.11242673944717 0.3739909210468584
36.97174005566321 39.13468564619114 2.652077389510825
34.46606176362216 50.41238284851769 0.1654238978162892
40.32044045806349 40.83262609167843 4.293591971535448
40.20926521494392 41.64929272023884 0.6628750473321432
37.84686513263814 49.77393929846551 5.23027096612778
40.915530124050264 42.79902354912659 1.908575688333486
36.18766660165867 50.48305712193953 2.568438807682182
40.00497283459549 40.46977408068079 1.2514171863360057
39.382729038297306 47.83312570643815 0.47118630247401705
38.83065266811524 50.484721044398995 0.9227943558705298
39.7875121193863 50.67028207428136 -0.11020357808938619
34.742511201912606 50.40451757950145 5.612954125109702
39.1870289458345 38.38246826818219 3.905379092900562
40.73970498525971 41.569085146420555 -0.5395708728683712
34.00882024230956 39.66307369881334 6.074188875932265
35.412766509213775 45.84367799508918 6.069124428078054
48.763104089793686 42.09310486697103 1.8110479898627607
42.80270123372682 48.31150062765933 3.759215463987805
40.959353135989936 44.07426297727918 1.2496673676441727
42.79532036204811 49.80150484493483 0.8838615384196857
47.1035143965868 45.91172457288084 2.2995992879313243
42.03109142104547 49.49359370045563 0.1702475995775532
45.91189418183533 43.85353000161845 2.8886029990522957
43.94497554763234 40.99417948028726 0.3143730965628255
44.31294642403031 40.2924623966406 3.298812763906691
46.94979479048866 41.41337338351123 4.997433901374943
41.89342815751799 46.6967266832367 2.9667503832588507
44.526738566360535 48.783228423918544 -0.09404305077682418
46.658825866093814 40.29641572632784 2.212296118984538
44.648983313568905 48.97520062404277 1.675303569051153
45.269814423024066 39.64959070208012 -0.27942037994805546
41.17547402844189 43.09729379133576 5.090286444434346
45.146026985524315 46.89984977394327 5.09229274276163
44.18565107800397 46.12731413135927 4.228656204124313
45.26852224105242 39.715047805287035 2.3777552763562615
42.066790154706936 42.058424736838354 2.25988765247937
41.724832334681906 47.155600436692694 5.041258172802482
45.739603057180034 46.020933162219734 -0.18575039044471997
44.63955074080239 46.05466024135144 2.7453473433332984
43.96929961223606 48.794429902272384 0.8425659078297554
44.913890879333906 42.03355970703146 6.247104472204516
47.988142694281215 39.514584143589175 2.011940795946736
43.50527718574405 38.87031905711733 0.4160440788425168
43.9045388423435 42.52258307221091 3.864539358655227
48.43190814974973 48.6514544729239 5.558678056638846
45.89449789150164 45.176222286714754 2.3003874937787083
47.97066186243837 38.531999760866455 0.9072771208600761
48.39458933326382 38.95266428504019 3.284131262277655
44.43376179012632 39.791148082304 0.7124553084726637
42.35549608792257 49.76301674484253 1.8804423309942864
45.6128983587327 44.911597809010644 0.5438993865582142
44.45779362967976 44.45120023528984 0.2675390898419461
42.5900326494139 47.11750702744618 4.04798663745189
46.538774925525104 44.0220704404703 -0.028947053618073593
48.966113489973445 50.15099132790271 1.7409640442441465
43.64581414680032 44.886746528691475 4.715717063273751
43.62081587023625 47.77983558808605 1.035587821683599
46.25584946210391 41.47963313508361 6.233662603175433
28.735260085508738 48.979855483800975 8.737889804177435
30.04394437123722 48.56564566649381 8.455033348939555
26.885414447390822 43.50206852480787 10.30305236005103
28.97442216628644 47.36523052347316 10.057265550380373
28.23592006699791 48.38204292856921 9.734746069394566
27.217186381914622 48.65838814558242 9.963252086647673
27.467122165293706 42.41806248923223 11.197086394329439
28.96283945683913 41.77929793624522 10.341851275595738
29.803613626740894 42.726934487464085 9.848531528702015
28.614211144339205 41.02984555496722 9.369881581702316
26.638607557152504 41.2461997171057 11.355791883689538
29.77802867462241 41.03412950195696 11.09917549477658
28.024474143323765 42.976596734108654 12.466617667144547
25.425834512784352 43.97066054812598 10.284154860138878
25.760076309619695 46.66434592542069 10.07430223324932
25.363506586791136 45.60946159974675 9.316471566316146
28.180425931600595 50.17602978224283 8.03708204473484
30.752606557515143 48.98526773958758 7.756380916258946
24.95776668524099 44.21237171291451 11.643974280844203
28.846302792833118 46.745258396300336 10.844234411079201
30.16764703683383 47.59355807288867 9.374238891910942
31.015242331277292 46.95205440870071 9.565171512737118
27.32544698757472 49.8313836110742 7.455420612081303
29.582574585466997 44.763401253749564 6.622874063412678
26.994340988022394 42.06065510068732 6.782824772434384
24.827477347807665 39.62216222241299 8.861330304929103
27.024272583250134 47.51441547136813 13.035180739738317
30.173061451570327 46.389854592955075 12.517038759567594
27.772215580431542 49.8462335062337 12.780582372748263
26.961969573177168 39.79693069562942 6.789681390897911
26.129833353267106 45.693040064460966 8.288526460550901
27.8111291201599 50.86696255041742 8.794928846669347
25.29959400235325 50.71079688793369 6.309818380194198
32.44212989860557 50.38928801935951 10.853155987115397
29.47537228487911 50.49321558284581 6.289147620976846
32.20598079523094 50.90746204117225 12.883658201298125
39.80544579352792 48.035504066599465 6.897446459863437
34.38726364378124 39.84427842592634 9.342490065730036
36.335408623812505 49.15702873268259 8.71614603524627
36.043024174828034 47.47572423531899 10.792567188672743
36.671109205004306 47.583684471424334 9.568581663469574
37.988806377621735 47.312426618649155 9.686690273387622
39.17829015968584 45.247664526677 12.060368164108642
38.08005234499429 42.12727147275712 12.70536983412471
38.390316222673285 43.12864547760989 13.003843332330863
37.010065925106616 50.08554394336153 9.611029358356753
40.69787290297967 43.7396528577845 12.586823971151004
36.23350120460844 46.526167220973946 8.95118856809806
36.47477505051583 40.154789984688044 9.023115570221513
35.269851395249056 40.28614691393779 8.452784863932992
37.07097427154998 42.0576157346563 13.111583472520653
35.17727964423527 49.53010463388069 13.224875353474753
38.10096637769101 42.11931998253992 11.615599501658377
34.910555746358284 49.130214867314045 8.691411905252046
39.598476090480226 40.09782457921649 12.69504505901505
36.91149129027152 49.056468994721584 7.274767676955225
39.99046671150232 49.40451676162767 8.38686459280121
38.01624859231111 49.92629726376671 6.62886912202312
38.93698777630496 41.89530581273781 6.785100448018644
39.5896547782706 38.71086218169311 12.934766525321917
35.15895799886183 39.3190176824627 6.8550999766957155
35.18912415391493 41.591056233098385 8.181817311544506
39.69709319856481 49.313932807486935 7.106625194540874
40.48846937838542 44.945827159932165 12.036476156229067
39.92369673263204 40.203541910724546 11.364957222740033
40.21240088106474 38.97900127729722 10.83160071342353
32.894049801652756 50.50829513048601 6.72669276914669
40.02308214520648 41.174914973360686 10.903484674213592
40.397211855809125 38.76653235161898 9.861651302765578
40.762623869205434 49.83830638142943 6.533181375548297
40.909777390614316 40.07872008835449 7.488792882226113
40.718598138197194 44.584346886317185 10.757986569105121
37.809588441942026 49.48875659970831 13.09918619147876
36.489511882206415 39.62198248322561 6.304040472485455
48.527412027216 48.22713179144525 6.798142281196623
41.363068103637396 50.79553625655803 12.797002745411973
47.84458946945957 39.20179520662347 9.741693574159779
47.37195700767761 38.358029197884264 8.869793651413373
41.65327287782658 46.290156112586445 12.716218185671204
44.8218933916131 48.125840385134985 10.026713130820143
42.20920706433205 45.866315431928605 8.23926029114258
41.46039735780755 47.49023102358672 11.934597832351376
47.538819976953185 47.31292284532496 7.011095141098699
42.8406459222324 39.78021140395102 8.302620286038975
43.86820426364391 39.03041699508082 12.003262585586725
45.97330594464962 47.767491017063236 8.74280190041452
42.82171452995568 40.81323888462264 11.457307260720565
46.66182106929132 42.97229701149545 8.425676805174255
48.31732863398803 44.949750902615726 11.198352273361605
44.00452436461323 40.332229956141866 11.644259851237152
43.24611016954234 45.23948601038291 7.5815548785055045
44.44743184274097 45.859702823060374 7.881754647595556
44.04392646257423 46.96128064716653 8.538749489970796
44.67209351547316 49.415262997768856 8.209595914700474
44.570478171979374 49.10648353403633 7.169197161894103
44.95401418271806 48.09642807810404 8.945149903966188
45.45113027154656 45.637367826124425 7.550761274202237
47.84476581112192 46.63151250311962 10.157473035582337
48.3292207220357 46.267168708842945 11.267904061098422
44.555814703978555 40.21937463784348 10.498526323008507
44.969106308187776 41.512326979498575 12.836800887426895
47.222370949696014 48.524501943830344 12.084226440880764
47.458489832873326 47.13402413091528 12.676082410687307
43.10320012555032 44.29041406339227 7.0863386036916385
46.14767523790931 40.180911691024356 7.124302470499789
46.419651939194935 49.60631092864032 12.724423066885981
42.15101561339721 39.66450600990181 7.189840750981112
46.320276627709795 41.01127072823612 12.666837382019072
47.139831418372 39.01632425029396 7.0368700478457145
42.78993211534569 46.81423784139551 8.957618025362496
48.2653565265068 39.652613487935966 12.971504547700034
48.16953363862442 49.219828871194686 7.6036196496090245
44.947327002051765 49.33197229319617 12.799546956135535
42.912557888711454 45.67867915398996 12.68271654074047
42.38606904462429 47.45749205220158 9.72541919788721
43.67246525439677 49.84299108353758 8.28635543731935
42.62746704598068 40.612654595604624 6.426934188877233
45.47530445075583 50.14993527535225 8.266242521538565
47.31815020546474 42.640723642542184 7.169448573648757
48.42273643853373 42.06958555460366 7.464451138646724
47.77020233372071 43.70106263544896 6.462529744686144
48.46495247051766 39.38908359382883 6.582690027477879
41.2281375500386 45.62634073455116 8.243101254830478
44.58109208163257 42.87631839309253 12.449173401472274
46.184139125766926 46.34160609073235 12.789892202918912
24.562264212606408 47.63153861939932 19.20435166322289
25.05802462195344 50.2735536452064 18.246112369386466
26.501574791452178 47.08207459167478 20.160760674657304
26.35570941530398 45.27823540683659 13.622359621854724
26.068593648946802 47.73828859281583 19.405770267291434
25.842209963111547 41.95145988544604 18.28858501342511
29.13418874006603 45.83589489513964 14.63852133897698
27.28520666643855 50.26146007022346 15.661766541917736
26.073213751168872 43.312091206767406 15.367778966579756
29.84159683323114 46.81001809571874 13.872511111986451
32.12074061268058 45.80647225193209 14.90532016561463
31.50908279788885 46.92834939822593 14.743962383153344
32.45731612634608 47.641094301425795 14.114953340491818
31.546444107865312 47.386435979306526 16.003067762061463
29.26561991862408 48.19952260869216 13.874837536716235
27.10909769604857 48.309513887880016 16.17339440635942
26.889522662517717 49.09960025535449 15.167662795460108
27.8011372871328 48.62691749655705 13.56037719507605
26.345778159354484 40.38188612596671 16.869710521285015
25.414743095169236 41.351461430742106 17.2235150517933
24.93622031870027 42.41196870417813 15.731884556398775
25.613329506910915 49.19345517651869 15.054121422105627
26.6069834240429 47.527557794466524 18.48174159845599
26.237868409107215 48.80285334420973 19.567473533615473
39.09934634880358 41.25136289062609 13.55257282241309
34.692960889192456 50.717017957183025 15.52968638896084
38.64183634397141 40.790786786555095 14.428160766936871
35.660516655842024 50.49482290779705 15.104403896423005
35.87933274338202 49.93844645370142 13.936759054784241
39.96601854870748 41.81996829590849 13.889718479175821
37.25437982345043 49.826412650475085 13.872382014969947
36.95383388535683 50.55418145881669 17.725799603686916
36.930105933226606 50.70646663848742 15.74053206631039
39.25079103583754 44.840735757903026 15.92109885682273
39.00187849596205 47.21079547842067 13.922996221033351
39.64221757406407 46.04210021120586 16.299278954902185
40.106473459588734 47.08344785984141 14.837495171332133
38.63496714550142 46.6083530246843 16.88458876261805
40.57543831182907 48.35678868916595 15.331651913326533
40.59154185121727 45.73194280055344 17.172229123918836
37.89601578339183 50.30822292722258 14.878355013510422
38.928203335682475 50.62260659695375 14.924742135852817
39.282902467480035 38.331163508330306 13.898162569209667
47.14034548200526 49.92484770415353 13.915649878805967
44.76257947102169 44.89317424549203 14.240244925307925
41.962623608127366 41.09757869465117 14.401926910470953
46.71428263280876 47.75720900748449 16.852735190183985
44.81087054570812 46.80038195208482 16.039277982631013
43.80677364400716 50.9657819022392 18.345632958653802
43.90533546148956 50.03632038333282 15.993818335115144
43.231584309705184 41.6187329500867 14.898070085794838
43.51703205123559 39.62911204314117 16.582258404816706
44.054143755951145 41.501007102087065 17.547958240513772
42.732685678601754 50.35549886850878 18.774785678815846
45.616674354073844 45.99566815661036 18.478186037726406
43.24675181365713 43.0058504215941 15.144413105473673
41.268139354239246 46.26101841857141 14.194535010658583
42.076463642931834 40.8185926898624 17.340230860348637
44.49324618905543 41.08598563027959 14.198913206823125
44.66346043134589 48.56181924513479 17.793284384128984
44.583742134575665 45.150892760888894 18.533862608831562
43.222716321139586 40.9048231854456 16.688606375941262
45.95916749147373 50.51041948843225 17.162048620949808
42.62388007139594 49.4347063852094 14.166773226515705
48.2933968139612 47.213178882734724 13.89268631470589
45.70202797332766 46.5124762217761 19.702776440999997
46.572975616985396 45.21046076778499 18.149381922129827
48.49418035190873 49.36450582739294 16.085754475711152
44.686047469063226 49.94066887274624 17.16097576585417
45.39351090768878 47.39693205520649 17.193251146779033
  
  
