  
  
1.2299506646356384 0.7102494724040312 -3.3499998958330615
1.2299459200862688 3.540544377926798 -3.350000025206956
2.4590053188446297 2.8389194034189016 -3.3499999922169463
2.4590436239667204 1.420475254235746 -3.3499998821493735
3.6809567726130834 0.7097305085916473 -3.349999909861535
3.6809946794566692 3.541081826652077 -3.349999980589483
4.910054046444057 2.839456818455757 -3.3499999007510994
4.910049271786736 1.4199571690856172 -3.3499999358566344
6.140000001270472 0.7102807125204358 -3.34999992604349
6.13999999898705 3.5405102250443803 -3.349999899955116
1.2299509085373617 4.960054274997703 -3.3500000057516632
1.2299508524005411 7.800000255189655 -3.3500000318308643
2.4590442966542216 7.089473511078228 -3.3500003049945315
2.459044017548814 5.670528929134057 -3.3499998896684655
3.680955462908778 4.959536577448831 -3.3499999823832107
3.6809557341128514 7.800520184690839 -3.350000182391477
4.910049113247993 7.089993805641832 -3.3499998920350507
4.910049222113738 5.670008655669912 -3.3499999297797265
6.139999998335619 4.960085193649282 -3.3499999071914974
6.14000000079509 7.799969078604021 -3.3499998860933164
7.36994594303757 2.839456813117881 -3.3499999092683885
7.3699507164744285 1.4199571741982926 -3.3499999209124987
7.369950888937346 7.089993820772928 -3.349999907087333
7.369950734887468 5.670008649963684 -3.350000007008828
1.2299499395447846 9.219935126564344 -3.349999940460405
1.2299500058943693 12.050064803498548 -3.3500002126101536
2.4590402231362227 11.340803675178332 -3.3499999083133556
2.4590402081265474 9.92919633584281 -3.3499999951042216
3.680960271617681 9.21941302997282 -3.350000060475976
3.6809602344092553 12.05058694659128 -3.3499999129107847
4.910049637675855 11.341317045779352 -3.3499998991485636
4.910049645693358 9.928682938744856 -3.3499998985115353
6.139999998214536 9.219966834916455 -3.3499998768523875
6.140000013862617 12.050033132132876 -3.349999892037353
7.369950374408959 11.341317064488097 -3.349999917579746
7.369950312219213 9.92868294669292 -3.3500001908293076
1.0797703581300916e-08 9.928651883573243 -3.3499999138020433
2.3711779699723254e-08 7.090025050979745 -3.3499999703987307
3.6210809564448805e-09 1.4199261690093326 -3.3499998820946963
3.453525226907731e-08 5.669977318575256 -3.3500000484940626
8.599043139286632 0.7097304544921034 -3.350000329373789
8.599005243369458 3.541081857279361 -3.3500003170446737
9.820994714703676 2.8389194155435833 -3.350000700778466
9.820956452855011 1.4204752612494753 -3.350000975772457
11.050049371273182 0.710249419547127 -3.3500000192696957
11.050054097080311 3.5405443846351803 -3.350000164373329
12.280000020672889 2.839491000457058 -3.350000022226709
12.279999975316015 1.419926144025507 -3.3500001666665136
13.509950692542715 0.710249433239358 -3.3500001034152858
13.509945939094136 3.5405443936002183 -3.3499998895612815
8.599044507691413 4.9595365097421285 -3.3500002518743397
8.599044371967214 7.800520207277735 -3.349999880241139
9.820955693126425 7.089473658363561 -3.3499998985068737
9.820955952731431 5.670529004562253 -3.3500003307626924
11.050049182026763 4.960054259195698 -3.350000694276539
11.050049092805555 7.800000284729107 -3.3499998634958583
12.280000001529421 7.090025064758067 -3.349999872708873
12.280000023594228 5.669977375853434 -3.349999930954545
13.509950908170989 4.96005426604353 -3.3499998928011565
13.509950904291678 7.800000278855986 -3.3499998948878806
14.739005336871466 2.8389194193578753 -3.34999988895715
14.739043643991586 1.4204752452447496 -3.3499999106817144
15.960956785013174 0.709730517337731 -3.34999992909776
15.960994682576816 3.5410818332256087 -3.3499998908373763
14.739044310177338 7.089473631249728 -3.349999922544553
14.739044032488598 5.6705289563549055 -3.3499998798125343
15.96095547005001 4.959536570908766 -3.34999993067308
15.960955676257848 7.800520191493175 -3.350000055308672
8.59903978425863 9.219412946642608 -3.350000286613346
8.599039766750375 12.050586955226839 -3.3499999293263407
9.820959812766882 11.340803772423424 -3.3500002907426674
9.820959845732643 9.929196232477674 -3.3500004617390102
11.050050069082031 9.219935118892423 -3.349999870402364
11.050050042159933 12.050064775256459 -3.350000023362364
12.280000007752855 11.34134811748704 -3.349999860009454
12.279999998715162 9.928651892161104 -3.349999862628419
13.509949919395254 9.219935122502037 -3.3500000334948155
13.509949939438146 12.050064845311569 -3.3499998526241583
14.739040216101241 11.340803688692759 -3.349999881192265
14.73904024409692 9.929196337801837 -3.350000095160456
15.960960264100017 9.219413053358972 -3.3499999666568883
15.960960229981731 12.050586941902795 -3.3499998655519123
17.190053986444095 2.839456804332191 -3.350000160752468
17.19004928247615 1.4199571612775719 -3.3499999210165123
18.419999978784173 0.7102807126037224 -3.349999937625788
18.4200000300602 3.5405103166229663 -3.350000591984761
19.64994600444043 2.839456822687566 -3.3500001247018654
19.64995067007674 1.4199572672491405 -3.350000412138007
20.87904336568412 0.7097305405476011 -3.350000692258195
20.879005292557213 3.5410818575888925 -3.3500002202207457
17.190049113548522 7.089993815713158 -3.3499998726522326
17.19004922492365 5.6700087083834 -3.350000058237601
18.420000059958554 4.960085230533693 -3.3500000828849985
18.419999983176865 7.799969057678176 -3.350000062594182
19.649950891247908 7.089993802079086 -3.349999887321453
19.649950768178492 5.670008654261938 -3.3499998679960683
20.879044513328648 4.959536570467789 -3.3499998836641276
20.87904435097347 7.800520204903283 -3.349999860694478
22.10099467133574 2.8389193792643725 -3.3500000643483308
22.100956396421346 1.4204752594589611 -3.349999881333554
23.330049329239703 0.7102494754154856 -3.349999893309258
23.330053685623177 3.5405444593092117 -3.350001092732946
22.100955665704582 7.089473641682324 -3.349999934654355
22.1009559658013 5.6705289328515835 -3.349999905865708
23.330049066137384 4.960054317079217 -3.349999981499634
23.330049096512436 7.800000260853746 -3.349999970145312
17.19004963026201 11.341317038789338 -3.3499998494500396
17.19004963320954 9.928682939855056 -3.3499998279808754
18.419999981699384 9.219966860461259 -3.3499999556732476
18.419999964219 12.050033129189602 -3.3499999828143254
19.6499503025046 11.341317050747476 -3.350000212846699
19.64995030501858 9.928682902129802 -3.350000052638351
20.879039749834433 9.219412969134458 -3.3499999749973295
20.8790397623815 12.050587010672569 -3.350000082821337
22.10095980470879 11.340803688715203 -3.350000012572878
22.100959793909997 9.929196289722515 -3.3499999828638884
23.330050055904476 9.219935117833632 -3.349999956911142
23.33005006187347 12.050064863015795 -3.349999904093818
3.6039896808567202 1.848955261615489 5.850073552271564
0.6988544754637128 0.2623308548110931 2.1577780278926264
4.45321215984666 3.528750692465723 5.580088674015963
1.480593932864503 9.294156213619193 0.6373535944700459
1.4148714194782686 5.193538174627413 -0.3069977990455941
2.0891621023853633 2.5527097622552697 0.1374730629552734
5.039267650048943 8.380693936557856 4.856637076557314
1.5424574686029995 10.420734363960632 4.272002067438695
1.2826767521672953 11.995158463074196 2.272919529594465
3.383426576372084 9.8566614295696 -0.25018655162493575
2.915662796607944 8.852580280550837 2.899867810524576
2.7264619646879065 8.846067004081823 0.33215101151018334
3.342017739318644 6.725216205131688 1.727084209737837
2.623155456730073 7.9479358077101905 -0.5897966363300755
3.608278323255375 8.22009850820961 1.813569035981657
4.300982258376925 5.597068461730388 2.1535131476678004
4.092871294595335 11.600583691702006 3.791120164495807
4.944640323129094 8.695141374536151 1.5475369320207966
3.567827266127446 4.460654652774563 2.6954243945513
5.981615671579569 4.121674530451678 0.7254774078195614
5.35433482358419 11.902466994968336 3.4636761697137466
5.070572342105622 5.084392224902408 0.5756065028224633
1.1294065500902808 4.001696120656108 4.085488571587154
2.042122597436222 4.153110791331424 3.68036758398937
4.11952712117876 4.571113335488075 -0.20672049857127783
6.012473473026694 10.72213225451881 3.326373625069654
5.69904901180927 6.106534143254004 -0.005815467668197627
5.468003597740411 6.1071431697915965 2.930892010775782
1.1258916756000177 3.0407928091138254 0.15435572545104304
0.6803500461572274 2.7736935301430963 4.1222353001114875
5.821688011477145 1.8600755779528992 5.409780897703374
6.92178647407708 8.205909859849026 3.3312669890438054
5.667909922871 1.53739872198651 4.380056688657
1.342906004716549 1.9464200909739684 3.9147786572223744
2.8989637130534187 6.408872848385366 5.213248552278772
3.741694806576549 0.9123560749749088 2.6716241499125513
0.8103464661734163 4.32744920384125 -0.08152169018692756
0.2749202997402498 5.935119076766718 4.39688852177574
5.337285524914151 12.393706012800699 2.215067719042513
0.07678706040180644 4.873507462143244 4.408024017258202
1.8917818480676234 12.435868304571631 5.591484307989773
4.759541966292282 1.2503699133903439 0.03919369183166155
7.01179458029158 3.4365962059920565 3.381300169032767
7.422335644352427 3.4937499577187596 4.378591241594801
6.44366376188282 0.361302852213613 1.157168657164389
5.886471344170645 12.417735721987121 5.9076910380371706
5.228355711673139 0.11530359347069198 0.6746912229397772
6.95026944610108 2.8197493687260193 5.43562396021132
4.474692406296457 2.4989416274514147 5.9366442642202255
0.5714328331479835 12.741524980497271 -0.5555254939334298
4.389368531472286 8.325721070295032 6.139573713961795
6.152950250838299 0.9949228637592968 5.984129320220326
7.377267998621178 7.515105564476396 6.140392011515066
4.812385385663964 5.70409378026287 6.223975442857318
3.781506819141971 6.596693958090621 6.232482363683099
8.382141848395191 4.297719395467112 4.795564742211161
8.82890715721737 4.968658247336791 4.187007583052376
11.221495562357168 6.2037871961084115 5.991747449644322
10.25694949424432 12.359077228974824 4.979958073837314
8.640979450923755 5.686697711596713 -0.48307699752511146
9.598990572591669 10.542386602486697 -0.5770468947176322
15.01240315970538 1.1507580260447066 1.9069450814791
13.851337483770449 3.3358362326841733 1.5168917818927075
14.20225601643238 2.935621498302948 5.328332678325982
14.43888244047958 10.111256234060798 -0.280837650082979
9.24875527084997 6.479442248765476 2.670238722615456
8.740772487295724 9.455478292292385 2.2099716652917687
10.346992923074884 10.588196455434904 0.5094152722107204
10.100869875805937 11.750973040043357 1.135351424496639
9.68310100420765 5.305321894948743 0.2700277610456192
10.202713466051579 6.551025266048851 1.539460707320519
10.049178479309225 9.232473016923525 1.630766618633095
10.083854414124776 7.899818478616806 0.8515950400366856
10.667104448633948 4.975550082880446 -0.5974515654545065
11.551360182731568 10.639241362537284 0.04677885099869439
11.604337515154869 6.298814270128357 1.8174203509017306
11.160638076303083 9.356464775082005 2.54169697185187
12.865400252050655 10.956615328827077 3.341672778863259
9.211425367357027 4.161284577045903 0.8521049381669588
12.302572305165814 3.8459654764063465 4.044763584777703
13.286379966692357 9.199545995067728 4.802532974677397
13.33913073794337 7.808852575569351 5.225875098301311
13.630103622158478 6.793435677887343 4.230283898764592
13.965124482063251 5.5592161034184695 2.102475328619584
13.753062690110715 8.38424761141099 0.9030696418391981
12.986894531835626 2.7378220593274776 4.540239414277969
13.83119423494476 1.992022335768661 2.0137017244725355
15.18219933462867 10.23114438430021 2.689643833153058
14.813702876275586 9.022927911915222 0.42402639348959603
13.166807031271874 1.7129872972431777 3.416474892377864
12.673441722633028 1.001526414859148 0.8715140547015554
11.371816906600252 1.3304836365113972 1.0657858065015746
9.816433686704103 11.12443489417403 5.260621649672535
13.316534548283537 12.294328569798715 1.2742410817207783
10.783522188986279 8.185722491651244 5.452271957536256
15.412971042329474 8.261753278716997 -0.4039674771635693
16.012279071122745 9.523633479957576 1.697663039905073
11.819094724475347 1.9449495909291898 5.707760702098625
10.581902492932983 1.7519517219982408 5.175964727508351
11.647896961544133 7.421442227370941 6.048952050473744
11.242842554462548 12.621031582509175 5.870071730444483
10.887076183269693 12.334524057892846 3.7758179075299623
16.062196151537513 5.823168171621271 6.182413581013076
12.988366508303224 1.189631565284136 -0.3956669469759777
8.669920510096155 4.094583523571592 6.0870425954534095
15.738140999080697 0.32344228174791045 3.5775977419664406
15.88534771333514 7.248079081073817 6.183534771974885
12.195292638339177 0.6515419848665195 5.987897702880368
24.36984342217795 0.3081730732492669 3.0947710357245315
16.679490862798623 7.999168098626968 5.201503494853479
22.515746644401464 1.7033925155406169 2.17783695428536
21.323774131080352 7.820284504241737 0.11829819344473691
23.337327260384942 8.561967879233915 -0.17829670308922352
16.60835650778868 12.160392246260864 4.992680393110356
24.445280447230314 7.307169398352106 2.0515910314529853
22.965126678774404 11.427719972549188 5.724464307828409
16.414982793794692 10.639707814668787 5.730397526350423
16.390001762102333 5.272298943152367 2.331487024977259
19.450725887882342 6.570183693760119 5.883616860944318
19.66919211898444 0.20943100400204112 3.297312493426836
17.998233826261245 11.37439850181621 5.835596735973474
16.93031905111252 11.590789729355242 5.86445622076104
20.443052289171725 12.010085875562542 1.3799346155686187
18.565791501463398 2.5883560508903924 3.354006737996972
23.16161703347982 8.4664636454959 5.131048764796898
17.472378666089757 12.713807928398625 2.0521520939473614
24.36704496654458 10.989099660481566 4.158557074495299
24.06792693877823 4.134215097089994 1.7068322693197124
22.06404986314208 0.8664618960951407 5.887329529401719
22.20991106367138 6.463796468937041 2.696682412665118
22.989734080482886 7.490755176466194 2.1423401878113655
23.77656573560594 1.0142629456245142 1.9873240190159547
19.46534417741995 5.283664951175918 0.16077879792377625
22.338933828051 9.19244131588735 4.181593427398255
19.81958853368749 1.0704069174418824 1.4829833806316295
19.82602025721915 3.115956708531052 3.8069077899858383
20.94623802646792 9.285824773854827 4.583489275361784
19.352735767107205 12.263570541320723 -0.3532790618060333
17.986673961792157 11.3984031148691 1.8631275788572943
17.983335273306412 0.28657303085282515 2.014467627235057
17.903633838149247 3.4483844237706514 2.2597766062137072
16.974719572638246 10.515761339747703 1.103620087474384
19.46463220351193 11.507096954742954 0.7401521719699977
18.780192065586302 8.285445244792419 3.6498107936763846
18.560527981934246 10.623749331107339 2.9612047301385958
17.48093667600911 4.6833510968363825 -0.48203722923923387
18.754933787463525 5.743232275518411 3.014193935974169
16.683839041834087 8.308414296021162 2.1565545732630054
17.619816429063782 2.202395406810871 4.3650663442909545
22.928017811676387 6.458540256891159 -0.23633318641185008
23.050052513818493 10.925214167097973 4.458280340897625
24.03398239220246 5.013620749299357 5.291046076022546
18.09105003787277 6.6852930902480505 0.01795519448616223
22.601278924984978 7.614185494298407 0.37455240379770105
22.2918616577262 4.0127730131333825 3.278007935135431
18.174714047605548 5.381354275695323 0.45152924022223595
24.30860553780061 3.3567724874633744 -0.7189932227591578
21.215139377571216 5.492642686302913 5.339420631804988
19.90730753068962 10.273737296656556 0.43217692734710544
17.792716667177647 4.963038011869147 2.2091490380301995
18.981219191255988 0.9852798855916892 2.4706829381330198
22.4663913747332 0.065183006873376 -0.15906920048771145
22.474285909727982 11.787166918617983 3.6725390148531964
22.557257094825346 8.921141587097525 2.708027444766806
0.8810192883010418 7.808386736554297 8.301361048336577
1.8205947114036387 11.048466760988717 8.153723551113664
2.890248409251458 6.692679441969946 11.34858642121942
2.5837547155474736 5.55773682708869 10.701276291455258
1.6386353763091068 5.124470339383867 10.4089928923365
3.131282841874847 6.32775229362578 7.326027323647106
4.243887344465583 6.801606189609678 11.576086925828681
3.7402955737482246 4.906335773175679 10.584161387142553
4.7719200067896335 5.608111851243577 11.114963753454322
3.710905787766701 3.9668745145162405 10.21450102408736
1.594555279162578 3.481043256126344 8.504464330791997
1.9672430737317435 7.765002836018051 11.647625527913252
5.392515286000698 8.47964728302217 7.338916534091533
3.7393106389707773 2.046247224798824 10.117922012669688
5.735234903046474 5.12002952315655 11.129107717191609
6.9321754878158295 8.352157592382692 7.2733233279664455
7.032376381742935 12.011331262691423 7.950047055378851
1.315082565542782 1.2307112379193899 9.61181730489587
2.6774255853465747 1.152839977667362 10.423690104884137
0.9232808822924673 7.518865778257837 11.453564990462885
6.818282198442938 7.918302406994109 9.927483984483963
4.986121942345349 11.981761143977389 11.926135647475208
1.0704618013470322 2.1416082108795673 8.38069791675759
6.804336527949576 2.3693697391015376 10.378366067754785
2.1853727198156077 1.7446989571494527 12.139364386135865
1.626544423022923 2.8981530920477288 12.124690923703689
6.618387956677215 6.068532706138783 8.762410552297538
7.077425730530273 2.028918212541378 11.676566730649743
1.2384562535285923 1.501244648568508 7.082703983519526
2.2615182168905115 12.303747489331162 8.135964827956517
2.6600689124188674 9.83423460352866 11.703637407850552
7.405150082812128 2.795356213384326 7.452005204100204
3.575092845710645 12.180201877506931 7.948038274141382
1.338494547505068 0.9377496249836176 12.752501126790149
4.410045412535593 2.5609125760383527 7.022959305115441
7.677321552022686 3.2092947134991676 6.492329420507429
2.3864983915444142 9.10761636877963 10.9385981204815
1.5217763314742903 9.561146429257194 10.454174499937654
3.2801787069183566 1.9199719204616525 12.93851499671529
7.602278651574997 9.618688282435597 7.488917985884534
7.213735042852839 7.2852777295067925 8.801092452646039
3.1765171912719814 9.068079788070003 10.188660019588841
6.132385470364074 2.4953365151445466 12.422099475406277
7.275524397915479 0.15794769213486287 11.829986426621167
2.06648301230505 7.9809713214688545 12.711396672643437
7.939766850290528 12.313735781730463 11.398108564327714
4.738257405892203 7.676802895864242 11.971091948239232
7.42214002805554 0.3094009764846428 8.396826094114424
8.161646360642221 2.7134218179028906 12.0472536479805
3.2388587103021163 9.097670091459523 6.389763030200997
14.388006095758547 7.622497722630164 6.330053901161624
14.185859981178355 0.15452618376984453 9.455954165038808
8.442855942538989 6.901356253036915 8.886753184747707
13.410523340805474 1.2382757549589019 9.643558638249527
9.409165222513481 12.378122411794243 10.88145965099989
9.36416038029456 12.630657079332185 9.479013194455666
12.007220440999912 11.39668642332494 8.017091141695914
11.634981961516184 7.749989545128206 7.372701617286409
12.962839747008148 11.86723112993435 7.838823305744712
9.453186357286734 9.836923548077227 10.140037476247775
10.131641572945922 10.689714882717881 10.847710872129142
11.354034465737122 10.676638640839853 10.315528746960545
14.12864634082407 11.315444751106781 7.362898107487833
15.03422048957877 12.356068794189982 7.564609269870793
15.450131507012218 3.614042807922902 11.742460007574321
14.195761807852765 3.2816804421487284 11.628811288813356
15.492315301648764 4.911322216066887 11.918040645499438
11.62109834392342 2.6111166490995266 6.826213212033259
14.41214712859283 10.340067995472173 6.995927416622609
15.82590353242213 3.1195798657994236 12.915304256444974
9.393241284523386 4.720793422223654 6.588109676921793
16.10978072644664 1.090578466070034 7.830479775246141
10.27357887614643 10.179245207338747 12.057785436843574
15.979046869834493 0.4731254597016247 9.146304076313106
15.930676095902312 3.55479830230035 9.158640575400604
15.992376301208244 7.068126264519992 8.881267325277314
16.276263709482915 8.992749817740934 8.187348135633329
16.340474692937025 1.406485850414252 10.29762564888901
16.400639242548017 3.4589008351311588 6.447320071821573
16.955252154760387 11.848362384363675 8.037982960763848
21.366747288780555 0.7569153159130187 7.001001716728642
18.985794708612566 0.5206566889927202 12.516908807570905
16.46812153171527 2.9805765557783532 10.333642854006516
16.601845182189848 7.713042916913408 7.880944183330817
23.630585940284178 5.953753493994576 8.657933663126569
18.81704747969797 4.066193642635276 6.9431439436107825
23.72067726605322 8.40255697056185 7.648551549253677
23.327017873682145 5.777978432603441 11.349170081265703
17.818081286884997 3.3720013170557173 10.635932817717569
22.214442249742625 4.8915643159156685 11.144196774492688
21.665003784771887 8.829024198699123 9.185744302040028
21.481842910994853 10.128763552548257 11.162328412242053
19.874565920216167 4.355421310281064 10.853149242845083
20.06772994933729 4.519009983059315 7.449232648565881
20.190620286396207 5.129731613721741 8.785730947044634
20.774426007207353 9.538417447948778 10.041549273368213
19.629520255671505 10.69372290914632 7.88920473512775
19.51739608700806 8.767982109488047 10.468238119648191
19.272901894510706 7.951031613145885 11.765143563731492
17.9099702267463 7.5526258721845245 8.001009451798263
21.277271662116085 11.746817558400394 8.733214854186874
19.429403199444685 6.52099247974092 11.515010166392674
20.241480518205144 10.988285236049494 9.04985073410705
19.363301906593748 11.760911214771959 9.760064840389548
16.620072728253692 7.641128539776043 11.440546774153212
21.124745054802993 3.4803243904152703 7.130259976366014
17.50248232289995 8.176523997737991 12.239830988736262
21.32089233831628 2.3027614367987774 8.092279377959699
22.589669780975168 2.366024508327077 8.797988777939844
23.05264219934579 7.179807302588126 11.549473334696291
20.276495241446284 2.103920399535566 8.983412061426323
20.643096570638345 2.257043753076127 12.095317419242127
21.337762506995738 6.835388408151464 6.906635901284307
17.2001407469311 9.49555054891924 12.2299247533916
21.319958890456 0.23932735971776584 13.272293707186828
20.062978926472223 8.386989896815278 12.878460700427091
22.60444471939484 8.825609564610055 13.110851880294833
20.15687577776055 1.2163703312846568 12.960638032322981
23.837986360620594 12.04412826248412 9.875389676863033
24.32678758034302 5.665044635385727 9.781733270761153
24.30190891296367 1.0734193104986713 9.790693548342404
24.211775945418626 5.143777174047796 12.441770312251888
16.48168154087848 12.304036472618803 7.1683899527370585
20.092619967134272 0.3554878376871105 6.703935647427413
20.53820390780095 5.9112901730216425 6.339412225183686
0.47933128635684413 12.761150073490967 14.773407511445956
24.54331929822297 4.864879533743 16.325726242422174
23.55259447918432 6.770763826523741 14.212453860307871
23.980815434334957 0.28217630753656725 14.684791920826804
20.650751070781794 2.895063020897532 15.151871632569746
24.543256692288306 5.798674787348111 13.837727702191163
19.770841442701894 2.001182748334447 14.645684971195774
23.243611944564307 3.8582785595521836 14.971634456609095
17.227937320501386 7.828752148472111 13.539328517110665
23.922743740066494 1.166808902905728 16.899642909324488
19.568758294356147 1.069635807941843 15.569815375559124
24.392158789870578 4.484233080357262 15.058188738332408
18.612076390845935 2.624050685097789 14.53495855984987
1.2299509380312337 13.469999558701803 -3.3500002723124664
1.229950357479299 16.30868294869226 -3.3499999212995437
2.459039758617883 15.599413046142654 -3.3499999332737183
2.459044339492267 14.180520440381205 -3.3499999820794746
3.6809556628099944 13.469479561819549 -3.349999938734171
3.680959770383839 16.309196325132717 -3.349999918276528
4.910050019106025 15.5999351408682 -3.3500000660032034
4.910049104154498 14.180000482439977 -3.3499999436591166
6.140000011120355 13.470030702297814 -3.3499999124246527
6.14000001750491 16.308651934552174 -3.350000139487952
7.369949947736926 15.599935135827483 -3.3500000854432086
7.369950900896178 14.180000479449173 -3.349999931925601
1.229950367750521 17.72131704182924 -3.3499999964653613
1.2299508918651036 20.56000619669663 -3.3499999094385924
2.459044363241844 19.849479798865314 -3.3499999223956953
2.4590397616412263 18.43058699122396 -3.3499999624523547
3.6809597770903273 17.72080368437133 -3.3499999193302523
3.680955670226926 20.560526367925416 -3.3499998993471536
4.910049045180771 19.849999667119125 -3.350000070011676
4.910050060985121 18.43006488503638 -3.349999901407851
6.140000004666317 17.7213481269325 -3.349999902200267
6.140000109388148 20.55997481858333 -3.3500008495510327
1.2299507746399034 21.979991347264125 -3.349999890761711
1.2299459443913365 24.810544336197797 -3.349999910697965
2.459005322103113 24.10891820856122 -3.349999927931473
2.45904452292775 22.690463430211704 -3.3499999287271356
3.6809559661750626 21.979471052842054 -3.3499998922237317
3.6809946714949917 24.811081780143205 -3.349999912047422
4.910054057518954 24.109455647458216 -3.3499999078569873
4.9100490717394205 22.689945755955815 -3.3499999353339813
6.140000047509009 21.980022766744888 -3.3500003145495394
6.140000006655618 24.810510170736386 -3.3499999409559367
7.369950925365651 19.849999709499038 -3.3499999235788747
7.369949935960732 18.430064883279485 -3.3499998956755594
7.369945955653666 24.109455654000662 -3.349999904027061
7.3699509269133285 22.689945753295973 -3.349999901556482
1.1405054674735104e-08 22.689914815010297 -3.349999890729003
5.210183660358105e-09 19.85003094899894 -3.3499999798657676
1.1306103457926367e-08 24.10948981129014 -3.349999956577132
8.599044345631773 13.469479549132155 -3.3499999285752393
8.599040231697284 16.309196334147497 -3.3499999996303833
9.82096025534752 15.599413030435988 -3.34999991241565
9.82095562362868 14.1805204448045 -3.3499999417637727
11.050048754462704 13.469999404010245 -3.35000163133469
11.050049643542792 16.308682932641222 -3.349999912256166
12.280000005372713 15.599966896830367 -3.350000114351289
12.280000240767157 14.179969502218002 -3.3500013391294248
13.50995089183772 13.469999397219102 -3.350000330243399
13.50995037499337 16.30868295702543 -3.34999997347765
14.739039811409837 15.599413089962063 -3.3500000680974393
14.739044436768765 14.180520438847628 -3.350000599678303
15.960955704438872 13.469479549808394 -3.349999967922451
15.96095977292314 16.30919632001755 -3.3499999008327475
8.5990402132958 17.720803676394713 -3.3499999104928446
8.599044310748837 20.56052637123573 -3.3499998994961997
9.820955642560518 19.849479802082126 -3.3499999035016526
9.820960241567217 18.430586977649234 -3.349999912648911
11.05004964793151 17.72131704714057 -3.3499999016578155
11.050049118576426 20.560006199551268 -3.3499998938089792
12.280000001020603 19.85003092775292 -3.349999895680976
12.279999997126346 18.430033158825825 -3.34999992104118
13.509950360164233 17.721317014409692 -3.3500000311933453
13.509950882423396 20.56000619119705 -3.34999989801825
8.599044031078174 21.97947106687592 -3.3499998929868555
8.599005260701496 24.811081797224126 -3.3500001736079166
9.820994718532713 24.108918139177945 -3.350000345313593
9.820955485988254 22.690463446800177 -3.3499998971788
11.050049217276353 21.979991336701943 -3.3499999599353836
11.05005409332999 24.810544366531015 -3.349999972067381
12.280000025828379 24.10948990426801 -3.3500001410338665
12.280000068626448 22.68991475505452 -3.350000346875116
13.509950771900606 21.97999135123782 -3.3499998898011674
13.509945913189858 24.810544371548545 -3.3500001454201356
14.739044365292688 19.84947978841591 -3.3499999094364408
14.739039795259792 18.430586965638398 -3.3499999845537722
15.960959786219766 17.720803671017237 -3.3499998738986014
15.960955689332302 20.560526352103583 -3.3499998970978693
14.739005343015082 24.108918216039307 -3.3499999856465834
14.739044511891265 22.69046345482966 -3.3499998996731604
15.960955973777901 21.97947105868241 -3.349999912506018
15.96099466365276 24.811081804629595 -3.349999905681953
17.19005005844949 15.59993513486188 -3.349999903421269
17.190049102733937 14.180000496833195 -3.3499998722318
18.41999999394693 13.470030714242244 -3.349999905252253
18.42000000098498 16.308651889631577 -3.3499998576019885
19.64994993798502 15.599935143344746 -3.349999878639245
19.64995089119119 14.180000496639288 -3.349999890002777
20.87904432766246 13.469479573868583 -3.3499998752658
20.879040215421902 16.30919631579815 -3.3499998632990993
22.10096022786788 15.59941304048898 -3.3499998771696937
22.100955657265498 14.180520444489693 -3.349999877084233
23.330049101497135 13.46999951059688 -3.3499998964873026
23.330049620468817 16.308682937312433 -3.34999990178912
17.190049085823794 19.84999971922098 -3.3499999797908764
17.190050048347484 18.430064856044147 -3.349999954311768
18.419999997439675 17.72134810418908 -3.3499998802146025
18.420000000660224 20.55997493886628 -3.3499999271436245
19.649950895673424 19.84999971241265 -3.3499998987397572
19.649949928539662 18.430064869097166 -3.34999987901891
20.879040207987718 17.720803667114186 -3.3499998769004025
20.879044311523053 20.560526362774667 -3.3499998993340743
17.190054027794353 24.109455630967773 -3.350000147155826
17.190049092594496 22.689945748874973 -3.3499999146741444
18.42000000220875 21.980022642737083 -3.3499999057278353
18.420000068124754 24.81051017807568 -3.350000163988568
19.64994595223186 24.109455674571837 -3.3499998664807107
19.64995091172401 22.68994576021934 -3.349999894408675
20.879044027895375 21.979471064125814 -3.349999895482764
20.87900530631558 24.811081785302015 -3.349999897452829
22.10095562958164 19.84947979557658 -3.3499999248211854
22.100960228559142 18.43058696670194 -3.349999908140698
23.33004962238181 17.721317043503493 -3.349999910717009
23.330049099702393 20.560006192369098 -3.3500000007742106
22.100994661251097 24.108918220285066 -3.349999880374294
22.100955472026676 22.690463456335316 -3.349999888831791
23.330049209585273 21.97999136157864 -3.3499999987237237
23.330054038214186 24.810544341425196 -3.3499999380421253
24.559999975203148 24.109489833915422 -3.3499999206442075
24.559999995968212 14.179969282791498 -3.349999914759869
24.55999998303942 15.599966852177035 -3.3499999135257497
24.559999983353332 22.6899148152142 -3.3499999410533254
24.55999998856138 18.430033158227612 -3.3499999343306697
24.559999994906924 19.850030929021425 -3.3499999583612903
2.1569026918315224 23.01423701677325 6.022256293433578
4.890991516531142 23.174608442706408 4.444595629097016
1.1460313247953875 18.502150997763824 2.1801590371717907
1.6265305980900902 23.85714522512315 1.0242976919913571
1.3669092610832363 18.71818161547957 0.32166245129110593
1.9301290236173323 19.87273799845926 -0.02700206956354423
2.4036916004028437 18.232882911289423 2.769151339360368
2.017230378770014 23.02311889533231 2.018702378265267
2.009148851282863 23.276889393062884 -0.10041921360095074
3.7679454513359425 22.47936542759804 4.645078956808581
3.5944358644057313 21.042753553593702 4.369116916664575
2.510650540645572 20.931292715195326 4.336164620432736
2.1107620318473597 17.71435788575652 -0.1471200479386925
4.297005757736611 20.17073041257581 5.399712423239941
3.5178929260642993 16.025688624309243 3.3620937086346645
3.977285642624763 20.876317703957177 3.3622280670753546
5.775826271711048 20.9777610048285 -0.660446550525926
5.4921413527835 21.840017079344204 1.2416609895986253
5.262321913042873 24.771150288939847 1.3508269651683058
5.636773545195223 20.64167596193986 0.6657549329036616
4.305945747740655 19.092479663995416 5.2403530814935255
5.51492023809149 16.91960763849078 2.1454516644807873
2.8145876477601863 16.78089345905647 5.664447676855966
5.699276134199482 22.730283295016132 3.882767238936836
5.944794972677021 15.551945695541104 -0.4337172187699523
4.5165018997989135 19.924457006677226 0.8228550971246296
5.57918821424743 14.38864913415516 4.4576037719668085
2.115089246332015 14.259548663126253 2.655039085336356
7.114188584371941 19.713655669495523 1.3405594218400607
6.8276374596260485 17.030950119691116 1.5680137643581493
6.987892334687032 18.305993232202205 0.6723666670110395
6.194860621488545 16.595397945446692 5.970642143263907
7.084469735339012 19.844437819266588 2.7787731655275905
3.7753908621000343 24.40697189645647 5.78425755558934
3.093467554943153 23.274693110508217 5.551715242439511
5.357683726949332 20.419972763864397 5.369044915390081
6.947530308026812 15.611451872554902 0.4175289346737321
1.2894609680537026 14.798442856222216 -0.2889545421323214
1.1192849326334342 13.43626072299413 2.056243646950241
4.896650558994345 24.328625170504456 5.035406393607991
1.4206576107404032 13.539919630127644 0.1721675312811244
0.6231987647517152 19.871894367168597 2.80127996675009
0.5440169503447986 15.883457220577709 5.390325204735581
7.453817041223528 24.715997918062097 3.6234054955336203
0.4228136572309161 20.827572746464316 5.998756100590358
6.135260079525344 13.0515002723543 4.6493583547522555
2.251621238433447 25.026130042109063 1.0066955407829181
5.6926778603054435 24.949784101861017 5.010868305852076
7.643706689944392 13.027368193107367 4.228224968499296
6.90862702827283 14.454079261112067 1.0676910908962967
2.6818262984703223 13.153869905630943 -0.1329562686567365
6.476001584695312 25.334831278090096 1.2166081936229078
0.17833101504697133 22.255285786194573 4.359105285953692
7.79753069208039 24.554375474389683 2.267224556612332
7.952686207921995 23.238095714840583 1.7685346705958682
6.699663931118551 25.32064445760099 -0.07562931754079516
7.281233247534197 18.246663538370438 5.260757366051243
8.076777298523766 20.47451774753451 0.6160759291765494
7.258911599303578 18.085172058181243 4.264001505262266
8.11449740075494 15.588306712148201 -0.28166544431850626
7.780195288101564 19.385349226406337 5.795005666743464
8.030607531713226 20.29757202746908 5.273907528597851
0.21431332306503395 17.43282500403595 2.2895236785496342
0.2670396895772891 18.717785781748297 -0.371579603928488
7.903153016714579 16.91922369705635 2.4818563512620706
1.7204302520672974 15.982900135804156 6.228734079112895
6.773531833398652 17.47899465765681 6.19602288489181
14.167975705947763 25.13538540777873 2.1336496507854763
11.677809969754465 13.6228401068925 -0.8038198120589513
14.66978117949675 13.561887945515668 -0.35816638797394496
12.696049430099345 23.642872407052437 3.3572696223715393
12.800258366411615 19.758855408015513 5.556114546237669
12.19879725800666 14.327908886872077 0.14706833848666556
13.757782606549215 14.486634873502034 3.4432103461438865
11.270432358994185 14.458530296491979 1.104467580122247
11.972366606470603 21.743018752627147 5.383560517431002
10.110021354611456 25.068764877135578 0.8896621409186745
9.684572801902881 22.095231171959973 0.1954813954364787
10.05460349956566 21.107434516195536 3.226559178725883
10.1061439882418 18.70981441885178 4.080717722247403
10.797026710265246 19.964056249070534 3.714458182216296
11.076806575369453 24.172055311396853 1.3879834793025347
11.336687333014984 20.263047584348012 0.45150502979546037
11.876786205533392 19.251860145613644 1.2707605074722939
11.298928729981037 17.922944059141564 1.205580357506012
12.019034311288111 19.686789790289 2.7480382166916293
11.66386685336498 20.462946430873345 5.309765935771175
9.582260819481435 24.755310000840826 -0.4299068379861759
13.676274970100573 19.045160195617285 0.8182185517430096
10.43264666523593 16.328691746831577 2.795169770737073
12.322305193104096 15.59927948130423 -0.25128532798455616
12.426079375376313 15.11432767901302 3.594441762865187
9.292017531583696 14.855859462718922 4.549205796865593
13.779339905544099 18.364041495907365 -0.33502350191340846
14.20827665468747 14.561435829734302 1.9657690283621077
14.308127807183078 20.218538397056495 0.5856603573451591
14.427059897744682 18.40881590137496 1.7379698719245906
14.918189355789567 15.608108355820388 4.34656727701972
14.657866749075955 16.915094734423455 4.157574889382444
13.780266506628784 13.559906385911416 0.7785642882559329
8.79159893347116 13.644162616022884 5.059497372584458
14.82837619758442 15.435155749156783 5.665273997288666
10.717461552414065 24.80192157196653 4.554537258360413
10.462651622376786 23.771046994493688 4.357637524557352
13.176394215208486 24.364311479499627 4.018249616953147
13.84383919833543 13.178429561293425 4.0098228791801125
15.860712711607377 23.107875342699288 5.788275863274662
11.967657912046366 25.289202195083263 4.359439341811239
13.570101898117022 23.819470176930718 4.876295196591679
15.216041226441346 24.296141067145566 3.1742169248227823
14.365406761476958 24.9774140882923 3.193916617449719
16.169799730835877 15.376623135649833 3.9738315766100163
9.057172831839969 25.44217554864488 1.9228340173643943
17.116935411751953 14.42681855839561 0.41828154566046827
22.883559275931134 21.568033940086472 2.6703696539244492
18.569302777345175 18.801551985243425 0.3318823482342592
20.261977103060495 15.515331506636963 1.3666599384216038
20.423114560501205 23.51063880431668 0.6938008216856528
21.13239416055091 24.10552392905491 2.8657953132262595
24.555178805333956 19.92328869137882 5.381939671392695
22.851251337928947 15.305906780642504 2.133332180566212
20.03911446106155 17.058148274305836 1.4893661858625384
19.03693583843565 21.43979158462116 0.7405184990108993
18.04158632189836 25.2140575941887 2.1404749718841884
20.12428069973851 14.772630767073903 2.6054518978273498
24.210728899980435 17.88951270432814 6.100173226386682
18.783605321362156 24.441130018250657 5.8717058614990405
21.212997793791814 24.538725060502987 6.060810856189073
20.71750316069666 24.592315436464528 1.6237439554030408
23.43195552998863 19.39424933101683 -0.22239389990318048
22.387803741901784 18.793686238824538 4.249376509673974
21.6449209709276 19.81709868556906 4.9364364118845225
24.1092869042265 18.678641354863462 5.028495683868741
17.104534697239608 22.13140107607887 4.403427067760017
16.887785198180932 18.884161029572734 2.9733387838085354
22.07972209682059 25.500115582642653 0.7897992699385536
23.6251017005346 20.427437469485337 0.5675038305391444
21.17126657755138 15.159848181745119 4.8506557182919625
22.07223620730981 15.347466507441366 1.0191243975951136
23.621319200846358 21.50963941677446 -0.21141236328358515
22.639678837014547 16.255386586661196 0.15786512912962292
22.52745275935971 19.03048524339484 2.752613720682623
22.452589266518615 20.394330334793136 1.9516558739022183
22.03670473337882 22.51507502590291 4.694674696248375
17.929688823063085 23.791631430913277 2.3481497663823148
18.621246546786633 17.705483415111253 1.2898504988577597
19.653907522169582 15.033725751847093 0.1940228061424043
23.158525823543254 24.709165165366155 0.582933439206833
16.957935094183412 22.391762636975802 5.707914104779888
18.384029579947278 17.711287865409773 4.013394430266029
21.868058111415575 17.488799633991434 4.562598666782996
22.432915394792737 14.235996304946397 0.4662644324142251
17.583456404899167 16.686238570364743 1.130624139820201
21.17818713030448 20.60876303837451 1.3172015836356643
18.174509066295066 18.544347488590606 2.9467026565926666
18.83651568553163 19.64900062487547 3.0869610767642475
17.644414534662314 24.6995198681239 -0.44432911213222015
16.659523817243226 21.202663205109367 6.180809546615775
19.482783216425418 22.11361772965359 6.245029911529379
1.3664327144587347 23.237525796868873 9.3082837442016
1.008340296778849 22.018869636184625 11.998673999980351
1.4277236621013065 19.86306827169393 10.846343924057852
1.1525165287810095 21.910225841919537 9.267108638141616
1.8201789833882844 21.25348444397474 10.87286226462097
1.774015179457893 21.38468203469132 8.18620330299705
3.235391846833938 21.541012176053343 10.903773771453857
2.4351643596160244 17.09638906161183 8.645428022482287
1.361503465797925 16.835695899923476 7.874213745178555
5.803168609993078 16.175690453418493 8.597172353597248
4.0021509054435445 23.25973619856571 12.280929831514896
5.1693682531689165 22.10009672429601 8.406341572079558
6.284305984412635 15.300077674697118 8.161386753760851
4.912295713904355 16.485785799974952 8.051016369315668
5.910441907073131 23.476914288500254 10.93728465639591
5.755989932784005 24.139334191579742 7.946445812068623
7.0989690795210025 17.93929681972732 7.363496051579271
4.393598116599004 25.356612964394404 13.316193520750737
6.842175697392601 17.33323252601082 8.67786086578134
7.746957257077797 16.91864069635945 9.122365021619096
2.3510582879856763 14.625963870639618 6.652271309107187
6.2013936208980445 22.961070985673416 8.45119407635352
5.451766628206446 15.909466646176275 9.594038207995935
0.5675519131609806 16.09831853562018 8.699662938792962
1.568518795179149 13.291146832861456 6.708252945917229
7.535563046668353 14.823489054152624 11.504915399291495
7.017705156164695 13.556656256576314 11.164148859527943
4.695216455730486 14.018512592308243 12.338136768847484
6.456698540182378 18.094805620376054 9.35573532573306
7.09057238942389 19.46397961778704 12.005119893321748
7.618842408155788 19.179417690831553 7.102317998556974
7.98306305487904 19.839734747118293 7.875444576676831
4.387147802344042 18.7170015593508 10.931518152393313
6.970257341258787 23.05744040208229 10.07981749840416
2.0137645471442496 12.793571609330998 9.325468580790439
7.062975838581073 22.50499027530076 7.534385649734457
4.808182620728968 18.32299579962463 12.114501675269372
0.7884480003354827 18.04744522089177 7.720107609208417
5.452493522132662 17.216409116931793 11.87685370676457
3.5229856771494146 25.277324626367346 10.288114631361358
3.590070143146108 25.290121286529335 6.377640556645284
7.494884072183221 21.732414013720053 10.255194234880566
0.5108100139550347 16.05385178982731 12.945357489792187
0.0033209152160229415 18.46041141964234 12.355138989337908
6.483198862074585 13.39723695917151 9.844027251014708
1.2685170253575095 13.026569911111286 12.763940031575872
5.9557376876900445 19.470779517843557 12.882038624300375
5.601408685431204 13.101404642909198 12.308455793202333
3.770017102296973 17.985517516176767 12.84581169149772
5.185697260279921 20.68071661079857 13.064208990968005
0.17582818231292732 13.412380590236696 6.882699965809941
8.151039757613116 24.075258155218123 9.8426279348982
3.891454363713196 20.304763853169185 6.402539977521917
10.88095023290905 20.337856639520382 6.368173484268805
12.526157534494573 13.64581068141109 8.866503335815661
8.547210692418648 13.645485537976445 6.542752915696316
14.350148751717152 13.451682303764176 7.983582843874874
9.635451430515332 15.662497233500078 12.783383533249378
11.911380681805602 15.190397577230568 9.475501014325937
12.293875449509907 17.408682518504268 10.555064525088687
12.117488076772666 17.337903048540454 7.520733013476747
10.554093557346734 18.43835970257849 8.417527690097131
11.009105824149104 17.22195090174363 8.2177725551438
9.673771951863024 23.94270083964304 10.029031796564794
10.131263630233214 22.785400086190652 10.786232707701247
10.17484779439518 25.20213895173753 10.572402165600685
10.366881607029962 23.756723721868326 8.343060239217499
10.062634572005647 22.59139370400758 7.74779957356401
10.0247093939378 24.761224794378055 7.540599908069999
11.73227633266523 23.731647322491874 8.288520396860843
12.078183400813442 17.89014792582493 12.015591682802627
10.98118543098963 18.817137806269464 12.257401560704906
10.063797871963635 16.296689103721402 10.449663913759457
11.334899583504198 16.438500202653557 9.840060408286117
14.591058739916308 24.88835963709726 7.448168599244676
14.858829608772407 14.333304728191877 8.34467242613281
13.408596810991801 20.08251256736758 12.077076238970028
12.0561630425414 16.711263674121977 12.828092577452159
13.559917551150024 18.84103937578416 12.472882820510415
10.209620886316193 13.2461490713977 11.687724788719544
14.729851300270349 18.375699812613714 12.05661219293926
9.182233719605483 20.730832884793386 12.378401819211971
10.02327283901573 16.64304304719536 7.505408665891197
11.562080620114427 23.920912405170444 13.326612685199278
13.173863631928104 13.110495905295071 8.306133009991486
16.54463508009679 16.63384667021563 8.196981851941905
24.06838409413618 16.426482653161965 9.388563888522143
20.850427746888787 21.47400476204587 13.115833586815985
22.803796707216954 23.894885886926065 9.056365690639733
22.70399626895209 22.461294578683205 9.084829055017117
22.366419710038766 21.82562961699608 7.78381623326958
17.733633130997518 16.230665840472493 8.710771807518404
21.802397438285944 16.731878312671032 8.152446699521299
19.118628422888985 16.667630848389624 7.600882475069398
20.328496368286984 19.801976792376692 11.907139885161673
20.043774877395784 21.0984431323087 12.09214677564109
18.055402176018124 23.20836928071968 7.920484958085503
18.370590370529744 24.963372144966243 9.741897781703903
19.756638630556996 21.1431675300606 9.488654384325576
20.423409708461318 21.92177658138757 10.48724322979043
19.955790029467124 23.316235040682255 10.565837172879176
18.763686545268026 21.194727248999033 12.477295279902027
21.974542267096826 21.855434984937084 10.277053283067213
18.894417505399833 18.05663367721625 7.316069174719581
17.8427764328223 16.701715504779795 9.881780540128638
20.3593239764681 16.406922630255337 8.525175092176342
21.96062867657375 18.156639816541848 7.876461315699606
22.57353154420911 17.516449151027807 10.495682689805305
17.543344430411558 14.935029384600478 8.83876390463481
22.744470879892976 16.47647335677868 9.696732601396734
22.532220085412728 15.403539882860182 10.382548207229469
20.478693822005003 20.054022478999915 7.368761197767283
22.278422191546838 15.852520347028326 7.151602395505998
19.108138067945646 15.692922628210427 6.487920128255582
16.843064295391525 13.32948992673312 7.091268499256543
18.440476710439633 23.08797921562635 6.567628737522785
21.108965547843738 24.433225351481436 12.735385787039883
19.993850985648884 25.23012596781892 6.466137719279876
24.436155626212706 21.87718467060695 9.371701913510858
8.1013441272687 22.563146085903018 13.438541469338736
6.056631254725941 12.939738688583317 13.58788685525164
7.885314123683556 17.971915246177026 16.412215632537457
1.1751824036188885 21.788071876665192 13.548546426226261
0.962648729476452 20.412125914533576 13.881847347832474
3.857683727499305 16.602344822068343 15.385395281685362
3.399014408841275 15.25470583052056 16.491379189804046
0.22094385763357388 18.057149850682503 15.611202046252039
4.542990799241677 16.820895700185723 17.954466679104375
2.8250241777169642 17.146848127339293 18.16645461830546
2.4183160820409073 22.332697054218503 14.102069823600958
3.712517465988522 21.35765029320177 15.567341906104723
4.55961156061437 19.55545980863608 18.01887988551251
3.9468102667718528 20.58244029408365 16.170878434280535
2.8064318297957307 18.913712869457207 15.424433567508158
3.515848996019414 19.3392266842126 16.118742776745332
3.8795526337672337 18.677896148382853 17.166565992512403
3.6532806631877976 17.21188115452264 17.46086132170433
4.718352765857735 20.68682069650602 17.28580826962146
5.098736727933436 21.63231060251924 17.64323921301484
4.912882996926258 19.3335331377697 19.015046460482612
5.9221255905249945 23.46736429369757 15.156661660097122
3.243868137981179 16.302659056609873 16.23481794690322
2.1833140975513596 16.51531914034712 16.100278673110815
6.396935973228904 18.82308376056833 14.227352236952695
7.2949168335030885 24.530203560484054 16.37050421767692
7.207111270089284 23.524084011289258 15.5864977481479
2.1830886423824887 14.054446520484394 14.361624447830557
7.42477627505239 22.441335354298854 16.306017573433515
1.0128654162178385 13.68810704260808 13.914387469251473
7.0940497979160835 16.903599406533406 16.656637414148072
7.857009095181466 18.460999632379597 14.601440953472489
7.581133804452485 18.985895121505035 17.20206883085581
13.523428311477714 22.37153684976765 15.12537164205141
8.2210377913011 25.016544155738632 13.73706600066425
11.064717282320753 23.027381904143063 14.326470424645905
12.426719431773687 22.99490896558132 15.572524246328829
12.042068170455712 22.395061475187504 16.726993528215264
13.709272546054471 18.873465954340524 13.734083971287083
8.424517726067572 17.400826316086384 13.826112208511853
9.824608203636112 23.687437436108105 14.997406136780928
8.578417661708716 19.668946811154328 14.609045506030702
10.968929532319194 21.646616183807616 13.86369361202519
12.756615990702311 24.16076231610743 15.938731051460485
8.413141978099272 23.717497048491822 14.236734700594466
9.101252488915343 17.661782651899898 16.886223216036363
24.554274338404113 17.57988305701141 14.40809701875397
20.75171831875918 25.490181684011475 13.432549505176235
24.407878903753893 15.369670273163528 13.721566375624981
19.59295797141391 25.029465768143492 13.996807687537881
1.229950909062062 26.230054248981244 -3.3499999174218473
1.229950905092476 29.0700002831592 -3.3499999264503333
2.4590442941088506 28.35947357892748 -3.350000055844329
2.4590440335092714 26.940528951623353 -3.3499999120504045
3.6809554878600967 26.229536568108216 -3.3499999120288884
3.680955855465701 29.07051998581086 -3.350001010901471
4.910049147036484 28.35999381877319 -3.349999875553852
4.910049238600319 26.940008679406912 -3.349999885335364
6.140000006329555 26.23008520730098 -3.3499999150720985
6.139999982254225 29.0699690804137 -3.3499999141385626
1.2299499633287936 30.489935115408876 -3.350000000120592
1.2299499661750946 33.32006487510816 -3.3500000804236487
2.459040230204099 32.61080365812747 -3.3499999062184402
2.459040216527389 31.199196350466973 -3.3499999475584987
3.680960351687993 30.489413224560977 -3.3500006662252346
3.6809602581927585 33.32058696287917 -3.3499998983571477
4.910049635215539 32.61131704808287 -3.349999914607671
4.910049642439574 31.198682951505855 -3.3500000548458866
6.139999970732406 30.489966785037694 -3.350000122389524
6.139999990071818 33.320033185794536 -3.349999984402914
7.36995087364605 28.359993817591892 -3.3499998868564216
7.36995077821994 26.940008658707274 -3.349999875615758
7.3699504204861235 32.61131712321228 -3.3500002196102354
7.36995041264541 31.1986828863312 -3.3500004446072316
1.2299509003207842 34.73999973225821 -3.3499999384153734
1.2299509197798102 37.57994576269787 -3.3499998866094205
2.4590440327220806 36.86947107545391 -3.349999903067725
2.459044324279159 35.45052638116918 -3.3499999082413523
3.6809556596110626 34.73947980164333 -3.3499999005028522
3.680955492168444 37.580463450397154 -3.3499999063469144
4.910049228634611 36.869991351676425 -3.3499998871038192
4.9100491162297395 35.450006210949226 -3.3499999148000326
6.140000010849875 34.74003092432837 -3.3500000409601363
6.139999996024444 37.579914804975324 -3.3499998980846857
7.369950760172614 36.869991341793906 -3.34999986617924
7.36995088882093 35.45000619550128 -3.3499998834010647
7.224454682986035e-09 36.870022650681044 -3.3499999042274817
5.496353862007866e-10 28.360025066324962 -3.3499999201444486
3.1763236835482793 29.635282102994932 -1.0564294911105276
8.599044521970166 26.22953657090744 -3.3499999036625328
8.599044344827576 29.07052020758027 -3.3499998875772494
9.820955673874563 28.359473624972054 -3.3499999153160043
9.820955976010032 26.940528921827227 -3.349999916476516
11.050049076358366 26.230054239791027 -3.349999936580633
11.050049094494895 29.0700002599702 -3.3499999095347355
12.280000000698045 28.360025039868027 -3.3499998989152457
12.280000000564753 26.939977354542794 -3.3500000021246112
13.509950911580715 26.23005425667427 -3.349999900896654
13.509950903763604 29.07000025541552 -3.3499999288786544
8.599039760173184 30.489413007886654 -3.3499999937185643
8.59903975042525 33.32058697938437 -3.3499998775591164
9.82095976567935 32.61080368198163 -3.349999898438456
9.820959759934679 31.1991963240652 -3.3499999142454637
11.05005005285401 30.48993511649124 -3.3499999175038164
11.050050070720525 33.32006489729139 -3.349999887886459
12.280000018385639 32.61134814336053 -3.3499998878793247
12.280000006926857 31.198651894817388 -3.3499999150820257
13.509949917971673 30.48993512435619 -3.350000072593158
13.509949933769176 33.320064897082204 -3.3499999483635223
14.73904432378342 28.359473625113683 -3.3499998904377994
14.739044029861759 26.940528933387963 -3.3499998653702145
15.960955483282508 26.229536558771343 -3.349999871622215
15.960955649535226 29.070520199390067 -3.349999881798529
14.739040225168573 32.610803685873904 -3.3499999210712463
14.73904024742118 31.199196367658196 -3.350000031719811
15.96096025395623 30.48941302564744 -3.3499999110937106
15.960960243394418 33.32058698224907 -3.349999952434052
8.599044353157911 34.73947979819232 -3.349999871243229
8.599044522775317 37.5804634348745 -3.349999879111958
9.820955990978819 36.86947105477128 -3.3499998788672967
9.820955691474314 35.45052637163079 -3.3499998914332973
11.050049049160181 34.73999967974567 -3.3500000031308863
11.05004906701418 37.57994577640549 -3.3499999104897116
12.279999999400124 36.87002300177318 -3.350001500906675
12.280000057767332 35.44997456972299 -3.3500021161853297
13.509950962072267 34.73999970051698 -3.3500000273606068
13.50995093009849 37.57994580104184 -3.350000231690254
14.739044051598533 36.869471021294906 -3.3500000400219196
14.739044316764641 35.45052638044149 -3.349999921161557
15.960955630387542 34.7394798211391 -3.349999918980936
15.96095546325584 37.58046342627122 -3.349999868409065
12.470540401717304 36.192550594481496 -0.9246976166476406
17.19004910489999 28.359993807504924 -3.349999899327015
17.190049207428967 26.940008653639136 -3.349999998631242
18.420000012520493 26.230085155505822 -3.3500002221929814
18.419999990669503 29.069969111662093 -3.349999968186647
19.649950964167225 28.359993879680086 -3.3500002573388876
19.64995086669684 26.9400085673118 -3.3500003475146545
20.87904448411565 26.229536559539874 -3.3500000182580605
20.879044361750793 29.070520207547325 -3.3499998765070913
17.190049628208758 32.611317064590985 -3.349999868732297
17.19004963583875 31.19868294751973 -3.3499998836394784
18.42000000796012 30.48996683072034 -3.349999884851629
18.419999994504067 33.32003315743579 -3.3499998814440977
19.64995036349978 32.6113170504766 -3.349999879443193
19.64995037434714 31.198682942393997 -3.3499998743291695
20.87903974637842 30.489413026229744 -3.3499998801848574
20.87903972884278 33.32058699855748 -3.350000013788086
22.10095567114891 28.35947362819322 -3.349999873004097
22.10095596432574 26.94052898544564 -3.350000041132982
23.330049094914937 26.23005427107628 -3.3500000766718596
23.3300490836559 29.070000269881653 -3.3499998947493284
22.100959806444923 32.610803680777906 -3.3500001801298684
22.100959771160117 31.199196304854222 -3.349999941325957
23.330050048228284 30.489935118541744 -3.3499998963486552
23.330050050072586 33.32006488100872 -3.3499999078553833
17.190049211601064 36.869991335851935 -3.349999870198206
17.190049086360872 35.45000618642614 -3.3499998483178195
18.419999968084124 34.74003092450788 -3.349999940192813
18.41999999120053 37.57991480953156 -3.3499999140542913
19.649950768236184 36.86999135240514 -3.349999896640803
19.64995088896208 35.450006199751286 -3.3499999567764394
20.879044362282915 34.739479785027164 -3.3499998987079174
20.87904451554621 37.58046344581921 -3.34999992644486
22.10095597825602 36.8694710670737 -3.3499998935925346
22.100955676469404 35.4505263637869 -3.34999989100322
23.33004908620765 34.73999972254384 -3.3499999006874948
23.33004909066854 37.57994575038806 -3.3499998736666994
24.559999987863414 26.93997736532422 -3.3499999091845325
24.559999994125704 32.61134811342653 -3.3499999059028895
24.559999931076074 28.360025013816696 -3.350000016124699
24.559999989545975 31.198651886372648 -3.349999909941447
24.55999999673593 36.87002266241576 -3.3499998813579204
24.559999999532877 35.44997495472539 -3.349999905250894
6.336477426654293 26.617104199011106 5.961453179493211
4.8015330511610905 28.147834254607172 0.04403537724551376
2.748950730685135 30.50160082517597 0.506451094997854
4.603427265068683 29.03308704402744 1.553894569446821
2.403595758685395 28.84774182361807 0.3194509018704639
0.908864792759493 37.48771737386369 2.2850528934570926
2.204095067947668 31.203466627715738 4.92465562654962
3.341896559127187 32.296687994153935 3.9503530544697805
3.4666976504465237 31.967586010598872 2.6627649937866815
3.6488576004917026 35.18136602668994 1.7046691418750648
4.857632151440284 36.48822836991809 2.9022834382158367
2.6769556997319968 29.76699976041712 4.563761853844702
1.92861031081353 37.64660785491056 3.119952668569076
4.8463390671959194 35.55273049653293 2.002959620576099
5.313350651824412 34.489199971474726 2.657282489835442
5.567275822920617 37.22311387033973 0.0578987052818869
2.1152818790744274 28.49842239475871 5.222179638641748
3.1378321338174273 29.600443959124725 0.032333433283505686
4.57960615304511 29.127078519322815 0.4682159073055536
5.9183826908789285 28.36958933667986 3.4472995657092884
6.029470088538629 36.0040845090566 0.6552681850259667
6.007052711255665 34.833912439933435 -0.15428921074866153
1.691449476010832 27.34076494975848 2.843531410867949
0.836247726703229 31.41740619690901 4.467595945070322
6.953978897395441 28.65722620166407 4.279873359596068
4.60156691906975 32.37960673669919 4.365551403826224
2.849174135878814 33.59344244932218 3.926766996207194
2.1925584154818814 27.103405425470676 3.9872517496076174
3.3854308282025314 26.81614859352232 3.60457189448545
4.718505350300404 31.954376638694544 0.32258819562401286
5.540934019632558 31.324582716115724 0.017022001483602
5.630626512314632 30.035974239053985 0.15497433094046165
6.20033402062454 26.58430311931967 1.4858744981176852
7.970610483330166 28.14969166657877 3.713931432716422
7.061683222417284 29.95177331528456 4.1677934389149645
6.107018245948988 35.24561919022113 5.39329643945715
7.390397227342811 36.27504753876597 1.384363521179438
0.9330906715971425 32.256009644292185 1.3373153908038937
6.364496111470463 38.00429243447701 4.406345421079386
6.915298840167916 29.70424072247645 -0.018840767252563673
6.709424869150783 31.855999478158033 -0.43353483701721096
6.925334663925541 32.818830681799135 -0.6490320152646034
7.28356136105041 28.695751554465836 0.09834418821857427
7.562948610231494 30.829171566317466 -0.3594154747214795
0.4375888326197027 33.147537972316634 -0.38197964219468417
1.6856469437153365 25.9494577275569 4.377600300168323
2.22512213805189 38.183279837845774 0.17839136820459123
0.8798799673782471 36.202058266769114 1.966683364648708
3.7789589426593024 36.65606878863529 5.2695709827415484
6.592182909694356 28.065153733836922 6.065494955822956
7.453644114190383 33.00050259866538 5.893986409425997
0.6919849420095784 28.66568003118772 5.3239368407722445
5.2645269917426685 35.26251878599618 6.068813197438222
0.38037355442818926 31.049462343440865 -0.3438067609476092
0.6438004133957024 34.377313439964865 5.384584188562461
4.11847271981424 35.93228004064238 5.99569786107106
0.0697220141045875 32.12446353074328 0.3474354688110093
13.744939058212823 33.26339845192146 -0.2988969912937678
8.359222173844836 33.96422153115588 1.3414792917389462
8.60276300298134 31.081498258557136 -0.5061031328084442
12.999323206035143 38.06969396926221 0.4106190482100758
8.587956771696474 35.371097585394956 1.2419338173142669
8.923941856294514 35.15641554316356 3.8408245572477773
11.02249527969478 26.624481522864606 0.5327612365740375
11.527385840677752 27.217961418335374 1.6142763550824135
10.233227772504508 27.460963658007216 -0.10022788024508844
10.163941566622832 29.993748355219125 1.4889179428724297
10.37871880026194 29.958872077516453 3.561607364191235
13.0179257300458 30.34419996981388 2.2547569552835736
10.721463858763945 35.04805905867913 2.730190184023036
9.471996973083646 31.57041539764591 2.7246134273117284
9.49523125813028 35.90147781977641 0.23130867829583623
9.524902651027286 35.652674411579746 2.7634580363243733
9.811921538556197 36.93710527290782 3.061075828121087
12.11477987379955 31.558252137428724 2.427585626606652
11.949979347331432 32.36289973022799 1.2752928034565003
12.234294617734705 32.28549403074647 3.669578913530258
12.57412348134928 37.20236220358894 0.9156346940165605
10.432791013219969 30.763210172877574 2.528327744244512
13.334459158617538 37.143797599836525 5.009576185318477
13.565842383787642 33.94907557847701 4.657561815349304
14.289279391259363 30.450973936004146 -0.37554160032803874
11.971842793177567 35.17320546000464 0.42245841624440006
12.68843223255572 35.933353283483335 0.11137183316974886
14.539146836603226 30.511584426862942 2.3291299283790003
14.457127410305448 37.988375441388115 5.322480354089707
14.838536940821003 28.599967043688515 0.3599439518634895
15.00838586633559 29.918825971156096 0.5877357384234683
15.067462144459473 31.892966603867695 2.434689484062246
14.097062143844887 35.363601822614186 0.08740133253630655
15.157143195081513 29.38802515830058 3.0596400661649135
12.856149000094534 27.154045857563837 4.929251466085963
11.980053043362432 26.54141345293821 4.775832394510159
10.461331283966702 27.889849406711193 5.22723447369506
10.796057674003789 26.955630691159058 5.039368469978683
14.44954122662644 34.06838026385978 -0.15077519409472995
12.056988302423775 26.464388202777755 -0.2771067390588644
15.263849459531272 37.11170406519912 0.6376846329307329
15.235634222790154 36.059261149238964 0.3969195822812055
11.560640205584875 37.60209791379432 0.949737654122913
12.870496397319103 37.06304702510756 1.9552761590243584
16.299751443820842 30.09355923584388 0.28786993183328224
14.659411454683237 32.06613032712297 5.7854436187067515
15.733738726288168 33.92553782718756 -0.03263227903109067
15.544294139452932 35.46536270705393 3.8684986794764367
15.824281205291287 37.23748417269508 5.51366182204227
14.500996576448397 25.958476595726715 3.6491437680799677
9.981327377688574 25.866816549299607 5.00052963306657
8.993293449426352 25.879162866598225 5.43646142256479
16.07374399323598 35.77679589014017 5.142183326100273
16.255611889189574 35.15951392026976 0.39067301294910095
16.260859561659473 33.07153219786767 -0.14628970320445966
15.919505180970305 25.531407062770782 0.6141323555321798
15.602550564647746 34.89669385596908 6.186150213025873
20.567515946110444 26.669784143130244 4.372755929322217
20.563153553699028 32.404554120441624 5.821991437123528
22.1584127005854 33.2989142433558 1.916613454070134
21.408115735347547 29.82009318106421 0.03596278762421412
18.582274345823194 31.46634557549578 0.04046846999850584
21.87742716441012 33.790983518979665 4.710206385564382
24.438157625489776 33.672404605161844 0.6974617401944139
21.106690127605077 32.96609966585747 0.9877621399550762
24.281721920144907 35.86860183982531 5.279958053108825
20.069887973285123 32.17948012533563 4.876406557768798
21.571567271418623 32.53784038168716 -0.30288332554096686
22.80101905710175 31.890028078908056 4.6787313989949295
23.55464278655692 30.265164720064963 3.3629791464216052
20.78261578617989 29.00313265979743 1.8401396760632294
18.526805951389616 30.43001096071859 2.3993825470073524
18.577265525724023 35.44530285202912 6.221399492301779
18.31955693088901 34.40659769385328 4.445872137493133
23.682068827154087 29.4745808292353 2.638313902435491
18.316645026185213 38.22016330821578 1.6976968512645862
21.11371133502843 35.596147279660066 0.39852139797960096
18.473383963126864 36.48958771769417 4.3360217191050126
23.83402905065464 37.83262365000452 4.398861030380102
18.12191174372179 30.328650896266442 5.786245613676049
19.602516700737187 28.48987353666768 0.20170604694825345
19.219947809035418 30.966563664919313 1.2422274571810332
21.727835417693594 26.01213145514679 -0.41173559554612993
24.122722617696656 31.944859494681673 4.592808699290035
17.232067325586303 25.574569020418544 0.4947479448648151
17.923149549550956 35.50909799552828 5.051061004171754
17.311581627584363 35.294452227586866 0.5726608280706635
22.592351533120993 26.49697098329201 1.5666327288313986
23.864686054220208 36.38226085390539 1.5671301708158103
20.097638384407542 26.76281364372456 5.653389633313589
17.443156239664614 26.734847671549115 0.004029194266704783
22.432072595442683 30.86288341402814 3.843534942084638
17.535803201144997 28.765313768039306 3.778550540605523
18.925736891535422 27.40149243377165 5.456132988823384
21.375437053239143 30.786402382177528 3.6336016604374963
21.992881344100823 32.941232500756364 5.383031430539025
20.226691985600947 34.621616893122614 0.7040809184009489
22.43909306216988 36.267140831227394 4.161376751853353
19.61552919079154 35.11319253033249 1.787352265783112
20.291178829238945 29.496864127419347 0.709679288970968
17.442246000089124 26.256431874438967 3.0231932779240864
20.190243946827565 32.002915275064524 1.7876953903373283
19.305115016584743 34.607601490991605 -0.23878716267393463
23.78975431375821 36.52623828259763 4.202145495399428
19.550787580721213 25.555986615731317 1.811767289629036
1.3729441659754407 37.10305343757648 8.8710941457385
1.0072842465320269 37.14598023787731 10.283649547914731
1.0843136075271127 34.51038001951545 10.359709547194031
4.033346648070172 31.827846509430398 11.065394932359132
3.2689138271297344 31.717330166195048 9.876849338003685
4.516882557211518 33.2896502756105 11.259748188838515
3.4817803066914172 35.6741494436672 7.180981599447028
3.732040238872811 29.663613501882203 8.047454493144205
2.1038425013623474 37.26695002294899 11.219532353789065
2.7091598122180356 36.19335788292874 7.572874656498608
4.118649091098277 34.77520602912044 7.839642305852145
5.053953028810804 30.823954193746115 11.212012397578784
3.6486816467711694 34.355514163253595 8.716790719200029
5.526908281214584 28.95316359081094 6.450077923100174
5.822084970170584 33.6298023219471 12.04460055400393
6.961095729619093 33.87708797566686 11.193002636032212
1.6609539494816332 32.23265358935657 12.392691240388261
2.7843599837403024 31.514720610245845 12.513373190190212
2.4724896610685394 30.196602872088107 12.438977210488423
5.25336707323317 34.46137660627 7.193797492094763
3.700947423913277 27.592085312297066 9.484321843903697
3.2870710027352903 26.70691878839523 10.518971237656633
5.849165280297517 27.02570610215072 12.245493341238065
3.5283205857066156 27.257780017413392 11.934179967240015
4.580351629901665 26.73282306842696 12.868474027729048
5.759641896849207 32.76735360841591 8.424867136418046
6.234233704521419 33.46182187405846 7.731630924654617
6.951395551632788 29.407922611558742 8.9029111609308
7.89788049607496 28.198096141848147 6.927384103905978
0.92210217646781 27.919317182938336 10.72411788658346
0.897837258712794 25.6770763535471 10.887303467411124
2.575851948543354 31.500916509164973 6.3356125557295675
2.7999776456081658 28.059697637958962 6.428682192326235
6.522284618711446 38.02485760430743 9.315386853905359
5.623044319380491 37.115162346574934 9.538959879049948
6.975165304567146 34.0348902003853 8.289047338426268
1.4518072715860753 26.712432310734123 10.298518439458325
4.971082295345307 36.1452218963331 11.922390340771198
6.914505442181424 32.50290064625667 6.700101655174311
7.525303084132559 31.79246134921764 7.257149450201292
7.5835199377442954 37.3599969799065 8.909965284691806
7.766508597755523 28.285014572442194 8.467919565209115
7.596533330248222 27.047280065535567 9.193452642775021
0.3087250965347104 35.496470555735854 10.687195176150391
0.9647469885400856 26.58717602278087 9.016846691476335
0.045854318161183134 35.323942770094476 11.968401427954522
0.6940158689118151 30.276804369526726 8.047135879750057
6.168357361016252 32.777509848211515 13.167537066422883
5.447489270930225 35.333534217275215 12.861789350666687
6.973676447754777 30.51324580116387 12.524349347365483
6.104261474860047 31.90603526096171 6.281345848829836
8.18782538264364 26.456302721385352 11.69104529322013
14.579137500666508 26.117466261209124 7.870896256359296
14.937598684099305 26.29618167482292 9.700151378576331
9.5716210996811 28.643506425524087 10.304339653291317
12.839222422820628 29.9891002130495 8.34313376991084
9.695816049358001 29.97905369892926 8.736048882185974
9.302255132965296 34.56948963813114 9.112232576885692
9.918645002231484 34.32719378581797 7.966343739691277
11.748075011357045 34.5560250888644 7.973635776281947
12.138330049739364 33.57564838440963 8.955810816522057
12.111859786264784 36.01980392533337 8.311484113602765
11.572734078140606 31.813984836393246 11.872012755039066
12.410838509035411 36.41804777902014 11.062099248275954
11.474963936057291 37.397207308163225 11.177716469231067
13.192856477856319 36.37294657759215 9.349197756641333
12.19745673410102 34.24988800746144 6.671956209610429
11.77284530652019 35.285466795157824 11.352408638847095
13.54693122394888 32.01438117650532 10.435566584264073
13.602063774177038 37.72628145234452 9.114841063123297
9.467550739335824 28.711519944572707 8.994667881283082
13.317605369036142 27.947041790637495 12.107650358989549
13.363948475906698 36.660871521602296 11.977247654293073
9.124705419444206 31.23492118230142 12.083690893397069
10.495674126505792 31.272340325472545 12.623879932844748
14.266648931335876 35.36811413979364 9.417376436712367
13.087533107596364 30.330175576654952 7.050984757101155
14.670780339203926 31.930238415216895 8.261341510359292
14.70997509751293 31.244988802169967 6.988658835494395
10.499896261530024 28.0509051217035 8.481484759795897
14.494169839123545 28.498858517415663 11.473322843948528
14.538005170043904 29.91177130317042 11.313105255646583
14.887091844964326 27.82317416780203 10.105807301657157
13.400777329700055 26.569750578308202 7.541113175267354
12.219030783295592 25.817009307423177 12.111203244182539
15.364474031386957 26.785400224488708 6.9999421837453335
9.570593671851007 33.13709378451667 7.640312952275385
9.369482654816666 35.11226372233404 7.047452882814847
15.84078460960075 28.14882850516959 12.679929389536067
15.854391587437233 30.23048315214313 6.890155455127575
15.969773380682255 26.92792348661522 12.99160074289102
16.088617052174854 33.185288388037506 11.117082547962143
11.977440246764457 31.050603348249567 6.735526103855577
16.101479320482763 34.08121262772703 8.536251560985054
10.297130998645484 27.45231873786164 12.661282353626262
16.306273560160953 25.901252258694687 9.87247662548248
10.937132994014872 29.879639120743235 13.257616632455093
12.943866000109336 29.227813038654045 6.276600407328678
13.88634436164529 25.61867895888357 10.410298939903335
19.832148901056367 25.525281428192148 7.876694463590983
20.77496742949813 27.667431387531867 6.265438757519596
24.24150200155125 36.5821426089044 11.947549596102311
19.745562432546404 26.686869691775854 11.267686095648804
24.281127215312193 30.194761001886278 11.11711812528281
20.76382635726762 31.482145796309158 6.366962362579333
17.02609310124042 28.54639980245009 12.145081459757535
20.52702350309855 27.05436553872864 12.443061346667587
21.946332031827666 27.4961349372921 12.05729434984494
22.23956405037963 28.61460524077908 11.080344463921953
21.89036710719631 33.194560891707205 9.99276623395129
17.366906132291245 30.736206765537048 6.996544843042912
21.259266474051067 29.676501306287655 11.103451880432475
21.795609548506242 36.961595724667106 12.2504075149665
18.118556053132632 29.718576726002848 8.361313561217875
17.746662446966454 30.03933489365546 9.613756663527953
19.472172359039455 30.182133054669215 12.720140531731694
20.070502621450736 32.173292035666165 9.546989421949068
20.57072462539023 34.895694949852796 12.150462897121319
20.009141919822195 37.16590680698849 10.11117856707844
19.92459798357612 37.024573870315095 8.045597908662174
17.47877825947713 37.439059298127596 9.182260613053993
17.275819400710983 36.08213836707579 8.831872390970425
17.146223371336607 33.07830478952709 12.089333859669672
19.392026961950542 37.712769729295495 9.036928060709883
18.37563334357126 33.92699219634886 11.624042293019022
19.917335467621644 33.65753671158104 11.719289581584377
20.558202970188486 33.28360970872719 10.0129248849491
19.44571889989007 29.748859320302948 8.347736356310323
20.14680748554944 34.1955572175123 9.093897109693662
17.401153815022862 32.085943598384034 7.5452354975030484
20.257618794115583 32.426074562818606 12.38605598632793
17.812076331211255 28.406869759754997 8.298824040832107
17.501186834092206 31.726221187278306 12.428261798556333
22.58490444234739 28.032465938701318 9.81468391462713
23.839360438556138 29.24924631157886 11.790785207050146
17.11363557467394 37.71149733130775 10.608283807313034
19.987689693411298 33.148505685766935 6.372879279334116
23.876313439632266 25.981272146015833 9.382342235740103
23.750485246748152 29.70826042654266 13.007248927526671
22.45892221028066 33.30287706637052 6.299611552989678
22.538055202928238 37.831192902826025 7.688554357226314
3.2254928944921826 31.698651838966846 13.71609246660484
0.09599826375619737 38.02129942620557 13.616413495512974
3.160016886267486 27.548778391364447 14.914042797483624
6.502377969959072 35.8611081230454 13.457557582261321
4.4845820389358915 35.19720868255249 13.749674003704863
6.35601376488652 37.3900436598646 17.041463868298166
4.427665261437405 27.695004158130264 14.490963631078971
4.727837246995444 28.99468048290206 14.428993646897704
5.224572042148401 27.168072148852414 15.466419713805372
7.616735814562813 37.83983723847877 15.411616537523487
4.666386704158918 38.09038047992302 14.669935576054279
9.689556848792781 33.55943730317831 13.62506827765068
10.329872566509723 32.46580795141689 14.018836389505534
9.790312277832491 36.49561983718822 14.560558910671093
15.605968214615029 28.75830812793922 13.831237257077479
10.186770057876583 37.46560092741653 14.299105447613499
12.828018132620736 36.41810455196529 15.053934574754855
12.319595317490906 37.16402352577545 15.664844654654255
10.253553948678755 29.030947865158122 16.08506519505342
8.597024400047966 28.87835310655367 13.462834945566572
11.508511731703317 32.882894912568645 14.28748206289193
15.182186356896363 33.23541211541479 13.945009078840284
11.684334132434628 36.635691052220444 16.37576520174637
11.360229879927719 37.88220692826857 14.790807096633952
13.40551459205179 37.900255521272285 16.44109634113764
9.995601351202742 28.594202391569354 13.48585501772859
13.939717632761129 37.260304825604024 17.143371371641443
10.303734453004239 28.03198102996687 15.246953460371186
11.513919734241764 27.501438913053896 15.362865157042245
9.752069133893622 31.862346846103552 14.994129581870592
9.449599898941171 27.08183711304976 15.651925990070994
16.159987105452647 35.05726640206976 13.50877780750567
17.0952341968675 33.73892327197837 14.793683533322428
21.49327969371449 25.5965987783255 14.508429336332348
24.11452386835049 37.82462638808327 15.385065927208874
16.393980683762333 33.79463018220943 13.688919502342833
20.00758082987166 28.039086751045495 13.429369054241453
1.2299459558107297 38.999455664115885 -3.3499998592343827
1.2299509074751538 41.830008606439904 -3.350000295291402
2.4590444847322828 41.11953658337542 -3.350000397585445
2.4590053092900375 39.701081730030715 -3.3500000199178217
3.6809946684902033 38.99891820895947 -3.3499998864694525
3.680955986428523 41.83052896182478 -3.3499999790589885
4.910049082621948 41.12005424711209 -3.3499998937246698
4.910054044689433 39.70054433725306 -3.3499998920437135
6.139999992691697 38.99948981913306 -3.3499998799509925
6.139999999906745 41.829977355741114 -3.349999899877658
7.369950918111002 41.12005425643446 -3.349999903275563
7.369945943781424 39.700544341586074 -3.349999892228394
1.2299509271564153 43.24999381165499 -3.3500002192076384
1.2299503674224004 46.08868293296475 -3.3499999289408997
2.4590397273350915 45.37941298949486 -3.3500000505522873
2.4590443845020253 43.96052019387363 -3.3499999774723257
3.680955679222757 43.249473627452716 -3.349999888662304
3.680959810072905 46.08919632292119 -3.3500005496928598
4.91005009958525 45.37993509991631 -3.3499999826205675
4.910049095195469 43.96000027698514 -3.349999905924764
6.140000005497052 43.25002505760415 -3.3499999108701317
6.14000001365659 46.08865186573292 -3.349999906222706
1.2299503678005075 47.501317011513486 -3.3499999254253163
1.2299507913994552 50.33974810112754 -3.3499999393950928
2.459043471947522 49.62946799893266 -3.3499999149932624
2.4590397713579755 48.21058577427842 -3.3499999179364037
3.6809597898151534 47.500803663787025 -3.3500000106708527
3.6809564862210284 50.34026692644162 -3.349999921182526
4.910049272439284 49.62998828745852 -3.35000001117114
4.910050054096305 48.21006373516134 -3.3499999896654744
6.140000023730695 47.501348063360446 -3.349999983357872
6.140000016749488 50.33971688241838 -3.3500000048334346
7.369949944364705 45.3799351194554 -3.3499999017524673
7.369950916164165 43.96000028238491 -3.3499998992386857
7.369950724447908 49.629988294825374 -3.3499999165283056
7.369949956299658 48.210063713938005 -3.3499998995631453
2.7195590006741296e-08 39.70051015603817 -3.3499998782816998
2.5521443686155943e-08 41.12008496080611 -3.3500005794713807
8.599005323724914 38.998918208355484 -3.3499998991700233
8.599044029918954 41.8305289538113 -3.349999895150547
9.820955496736161 41.11953660341046 -3.350000097271489
9.820994691684215 39.70108174637464 -3.3500000838398805
11.050054076107312 38.99945564464308 -3.3499998632943617
11.050049179620927 41.83000865001589 -3.349999989355302
12.279999889719319 41.12008502548247 -3.3500005862569617
12.279999971510897 39.700510129138046 -3.3500000037170876
13.50994593923381 38.99945563308298 -3.349999928794911
13.509950981094974 41.83000856240021 -3.3500010719928386
14.739044546813773 41.11953648685704 -3.350000274370446
14.73900532516093 39.70108177073353 -3.3499999070261257
15.960994663315649 38.998918213419905 -3.3499998831638966
15.96095600059523 41.830528946409274 -3.3500000128518326
8.59904432771272 43.24947364141864 -3.3499998837698586
8.59904020298036 46.089196318150876 -3.350000116451791
9.820960243661068 45.37941300444921 -3.3500001644535238
9.82095565034763 43.96052019364203 -3.3499999655376724
11.050049095736814 43.24999382095468 -3.3499999185629004
11.05004965264222 46.08868292281302 -3.3500001672670967
12.280000008767892 45.37996682993557 -3.3499999342635167
12.279999985025524 43.95996911116073 -3.3499999549157855
13.509950969481432 43.24999393151107 -3.350000252040882
13.509950337678598 46.08868291405924 -3.3499999370616695
8.599040222712226 47.50080362974114 -3.3499999393463984
8.599043515918863 50.34026691100416 -3.3499999486112975
9.820956558329696 49.62946801139425 -3.350000064766215
9.820960196898623 48.21058575462934 -3.3500000761003044
11.050049496038662 47.50131682280478 -3.3500009540621045
11.050049215075411 50.33974808891789 -3.349999893387924
12.27999999946803 49.63001962374125 -3.3499999465199117
12.280000219542352 48.210032048432474 -3.3500007768389963
13.509950340560112 47.50131700296973 -3.3500000515527493
13.509950777401917 50.339748085932484 -3.3499999175860684
14.739039750761888 45.379413009225324 -3.3499998973791643
14.739044352571531 43.960520197065925 -3.349999873625932
15.960955682675536 43.249473627103505 -3.3499998949735863
15.960959774001786 46.08919631082175 -3.349999928327728
14.739043469571293 49.62946799885116 -3.3499999146566672
14.739039772529935 48.21058578696215 -3.3499999819614756
15.960959791909636 47.5008036314587 -3.3499999366163236
15.960956496638468 50.340266925963995 -3.3499999227086796
11.535983816824666 48.07008265909256 -1.0206186891978897
17.190049003517 41.12005424593081 -3.350000302040066
17.190054044854595 39.700544332506595 -3.3499999462002084
18.419999999890088 38.999489843391025 -3.349999929863489
18.420000066756874 41.82997743271137 -3.350000284331429
19.649950941344354 41.12005426152144 -3.3499998975156786
19.649945949828528 39.7005443641559 -3.3499998840953937
20.879005317294137 38.99891823969182 -3.3499999316022553
20.87904400158437 41.83052891985669 -3.349999948878022
22.100955478608984 41.119536542614576 -3.349999914049988
22.100994642756422 39.70108180810666 -3.3499999842503003
23.330053964711762 38.999455518937054 -3.3500004132026016
23.330049226256502 41.83000864621119 -3.349999912002465
17.190050063930574 45.37993511103705 -3.3499999026166796
17.190049105801265 43.960000258846236 -3.349999886405829
18.420000001353852 43.25002505009168 -3.3499999057307797
18.420000011222974 46.08865187371254 -3.3499998905675374
19.64994994919096 45.37993511950939 -3.3499999042091932
19.64995086416166 43.96000029037199 -3.35000024642457
20.87904434379434 43.24947361914505 -3.350000176630611
20.879040216243855 46.08919631033239 -3.3499999313561037
17.19004929915322 49.62998830961803 -3.349999900287238
17.190050064104046 48.2100637304294 -3.3499999047910722
18.420000008361473 47.50134807473022 -3.3499999022090057
18.420000008687616 50.33971689195857 -3.3499998935016198
19.64995071904734 49.629988306614905 -3.3499999207154563
19.64994994460499 48.21006373105662 -3.349999935649702
20.879040210533077 47.500803619366046 -3.3499999227492583
20.87904353517952 50.34026687621377 -3.3500000344427328
22.100960232877135 45.37941300404916 -3.3499999567167036
22.10095564130917 43.960520212277416 -3.3499999254397927
23.330049109178738 43.249993802059414 -3.3499999004303582
23.330049627065115 46.088682934103566 -3.3499999181692877
22.100956523944923 49.62946800435988 -3.349999889968446
22.10096022795713 48.21058577725841 -3.3499999038990778
23.330049628801174 47.50131700357469 -3.3499998970007825
23.330049208275714 50.339748101785716 -3.349999927977393
24.55999999674448 43.9599690617078 -3.34999989956139
24.06713880928689 39.837746848798496 -1.0554050591082886
24.559999999641455 49.630019603544454 -3.349999926383501
2.727244382075348 50.16645297998804 1.3618747359524108
5.2893612640267715 47.359012194263286 -0.2674655373110546
1.1126441628889492 40.05659214532613 1.3347601499347417
2.684343281484367 40.84215625143299 -0.38754946683129843
3.565487741805206 46.025532675401806 -0.5238467932131297
0.8369693782389295 42.53536268970084 0.2148477215370903
0.8936604699830817 47.95175630301749 0.605069171345638
1.3973119588651362 50.0673324314057 2.1287164390380053
1.5290499267568547 49.29168231357601 3.333183534395243
1.4486152960687493 43.59455550450213 -0.33167304934866193
2.081765416414246 45.43889063811511 4.182814140962857
3.2231087515308747 47.49720321164773 3.921647775966577
1.0414168418934007 44.924133344525906 5.055677190968372
4.688245429067799 49.65832950989476 2.739557249939182
4.6665305016031216 44.465455029971196 1.9950764265066756
4.500425059537122 46.48140761531957 0.3051841391985177
3.7371394608448716 47.188179289972865 1.198078688527442
3.640328861478985 43.190092453995845 3.737861633422672
1.1616053678112508 43.41085902842303 5.151650568918376
5.523426614783642 45.211453482347785 1.104204893661509
5.428892339275508 46.50520027419087 4.125176397582598
5.369666304653309 50.17042837061564 -0.2510128192034511
6.150714188745772 44.48059823001117 0.04097187526563295
6.525539152338861 46.05226846578919 1.9739212395329697
2.6486750489200674 41.777264371376155 1.9671632470718314
5.614341260991767 41.5334017115123 3.819558352101481
2.0000914737938413 41.19790987260911 0.8264345093338055
6.660771624471392 46.1190757719879 3.5291026758188115
5.883271974719917 40.26390831300408 3.2099324601763657
1.671640097601032 40.175439659450646 5.068796910614925
7.288674091960741 44.927721926817895 4.02037118606088
6.7373462603006775 40.597594085522815 0.19524742362710068
7.3152125363426865 40.21869221409699 2.6297425640587413
4.94810428203924 39.63953471815322 2.3313372244291486
6.666654119097006 39.58760008563023 5.693984971028772
4.678934696784787 39.34898186969434 -0.12195396715837137
5.9317719173119245 39.19138125913354 4.703169725875361
7.897908785490535 47.47133788686547 3.8045852134875924
7.6687929769332035 40.935439274041585 1.235744962514791
0.36174010868294604 49.05611144998609 0.9343308989314958
7.5901782492661205 48.613514365944155 3.2026845820203755
1.2375663829962715 40.81379318662125 6.167890566893122
3.237514173997351 42.629660847598934 6.119175098317344
1.038577826743467 38.58374357530812 0.797279681179055
4.730495555668665 38.981747393561015 5.239401676059884
7.932907758610393 47.863998327953354 5.048408446450386
0.07750716308092917 49.65338182557467 -0.20084036547126205
4.014922312270668 50.7061000736022 2.0104815880797187
0.19975103500609342 48.5083564074205 5.882308974612962
4.863088438629602 49.64809273094829 6.067312377316455
8.13357104657742 44.38066777409877 -0.03320530572950342
0.131060040454324 43.06382062475608 1.1465966913068293
8.052505083488859 42.366350373806135 1.3659577264203748
2.8026310430647055 50.1820238329474 6.142286564135265
8.192384572692983 46.79867774166206 -0.18539642021942582
8.223716746810974 41.28929419045722 5.4240811166946585
9.358938608252759 49.20216677838924 -0.662753066952696
8.437544733681786 43.56597532008575 4.479063169240537
10.636297719269837 39.11281585508049 5.025766079038978
12.88594130651026 47.11929566368761 5.007952925641366
9.18478321585436 42.89117808042226 4.558958952606986
12.70746407528854 42.19372327100306 -0.7543574781460682
8.986769810604654 44.91818611989709 -0.09000228842019897
9.149814049220465 41.713705384493345 5.0654463093439155
9.366429309554096 48.69525372560531 1.073553076602486
10.26921937041134 43.24818666675369 -0.1645813552895159
10.390537185879511 41.26556862707215 5.139677780550574
12.118221646668621 45.24537442292051 -0.13728511718884673
10.36810654235185 50.010105903640536 0.3736137076963786
10.305853167015693 40.17155459918328 1.5842625841060398
9.314640035431564 40.02811370706595 0.727281819550919
12.224505493975053 41.88707441921214 4.269828779164361
11.694882942611763 47.87208730143235 0.7224080151042711
9.7782862075557 40.451024542038866 -0.4057588694616854
9.187905541278807 47.19373582792755 3.4040308360662284
10.703416321152275 44.07998806643437 3.5226815044981805
9.094219382411813 46.206898626932436 -0.13162416191250137
10.348733043924952 46.54171961763757 -0.1544183474850036
10.978715662664861 47.90400634507605 -0.09868004504996253
9.968026873756383 49.00787919695492 0.22006278054750084
11.044220324382088 45.35899614531735 -0.14064130084203708
10.19875094801128 44.325842134691875 -0.17421950286484633
12.300620380084034 43.52212715578258 1.6594024546277253
10.448975131067167 43.17188314611058 4.048994276990613
13.82392394640031 46.9047838233157 5.520079118709866
13.657303370397795 43.191645141036986 1.4653578882441476
13.448180929682037 46.077594265559604 2.472268455659096
14.427131573985264 44.383721407829675 0.8600950745181768
14.37692698105951 42.58075116890406 2.5253070721322137
13.633997065224818 41.899351098769934 0.1541384578548055
11.188125933289346 42.12112397620565 4.463576582379808
14.779344633841642 41.70356046302848 -0.4758701299326473
13.326473934995773 40.7308630375258 0.658290810890303
14.669813321467654 45.58016905330451 1.8474215921260606
14.558208627682312 46.57506530236594 4.785088163783133
14.199109346042674 47.15498420908271 -0.34841363146916327
15.035596529652581 48.98788234407047 5.468000780359226
14.632943664080544 49.946179371614605 4.679358009106781
15.145813179840028 46.966220181016254 0.6215276552944504
13.748581832871574 39.79302031320854 3.4680789178788074
15.715810590549811 50.58579160091293 4.211911828686929
15.211898320104481 42.262421473944606 5.772417862595626
15.835647397684085 45.37440710114584 2.7183478829121013
12.765807010124064 50.756238819292975 1.0582501888274232
13.628207451250981 50.25657274819765 4.433266370839113
15.757529836769171 40.10448334443344 4.0659114031113495
14.81546511049602 39.175871591545494 3.8810949466212277
9.149999715642819 38.70982113190607 0.6955187797341233
10.78813804432592 39.95850740595802 5.696474895708125
16.192182957265185 44.86728404041269 6.090365410038817
15.254070131334695 38.53841581427787 2.797771547148975
15.310452711912625 48.16836840015102 1.1334511518396573
11.862201026727565 40.09703516037035 5.820163098006963
16.282325708082528 46.72315950726683 0.04102671252392165
18.32717023582037 38.87369324228966 0.5726521098815518
19.37665655310827 38.491087177881745 -0.13813666664778235
21.785348435491333 38.40323828811081 -0.7104676137749077
16.41934562205497 48.99079409767512 5.451961790798174
23.82348653220093 40.26359046895134 1.030647929242161
23.076103252390293 39.65226293065914 1.8915659031296772
17.217953373630014 38.43549265291745 -0.12480087846951204
24.295929762373383 47.30317751832021 3.7040608518876885
17.515810442079864 42.157247825496775 5.8696436058047565
20.09719234090589 43.70458135725356 -0.478140109552061
19.25632650609638 40.117357656311896 5.666221119635859
22.186466335490753 38.9030379963906 1.3008137739898362
21.84143092703189 42.49902814323012 -0.407290526241435
22.341487898923376 46.94145821298666 2.4027915169004457
17.098796434916817 48.40306894003073 6.0513996376909915
17.483144548021162 40.84257278104107 1.9598544996973377
18.296179158601294 40.664399082360845 0.8290469231187725
20.538351523628418 39.78233841511418 5.755978725271608
23.5791780908059 49.60110128036532 4.411527002372486
16.84743029741679 49.93551556721948 4.706733745960559
21.18141262437398 47.25611128873191 3.3895031090100005
19.279421643759786 43.04092931405959 2.4820665607417745
18.60185372498158 47.7164084615778 3.157651208570589
23.41676690094707 39.77688092297242 -0.19534010803847313
19.595694286362 47.36985201446805 2.3757399142116364
22.33078670080565 39.04631754450729 -0.03567418695941682
21.61389428515716 44.362033730866735 0.65202992016264
23.508453764503187 44.92014615445467 3.3928771673017035
17.95731043222838 41.20338388727324 -0.4266752495253312
22.737681969901065 49.738013704551484 1.3404097178245045
24.32568012971288 50.12681264906007 0.044325615904642346
16.585975336409934 42.73490323454239 3.3797875919964557
21.048412106235347 46.19932720172541 4.381219582417721
19.8710269011346 42.607146779153965 5.599555829096964
19.62258791781124 48.14812009647583 1.3526574109573686
23.686343296569877 46.29642299101247 2.8798386889862027
22.969461979968088 39.87863470458252 2.9421768963687143
21.573514411256166 42.111076039491294 2.551423142051772
24.184459474441642 42.12815447560768 1.847880044334218
21.353657076078065 48.596845435944964 3.909326302217475
19.32425790378021 46.18525807941969 1.7468156945252256
17.833937441076984 50.3176042822871 4.489450821191541
23.34272141381366 50.70517037934093 0.7531074524795089
20.978744524381842 43.22818518868451 0.30829229629146915
20.322187133622844 42.29011582713339 1.794302397110561
18.950851391785665 40.044102980604166 4.388395675015635
19.776868342895664 41.01625890164851 1.1487843635048
21.763013333118966 43.90994270605714 4.8491544584269555
21.4258546893826 38.3641686697143 1.689645064817149
18.61305716448028 39.09154696387749 6.18166431163079
0.6382524781662586 49.647009723717865 9.862773938174051
0.9897699857490931 45.08572529361082 8.861076637102265
2.123910878466313 48.455557194361404 8.365750144536864
1.2483106788243599 45.42022787142492 11.094025735997366
3.2804714508484323 48.10287913084855 7.613872645029546
3.447981006857825 45.50756680303006 9.19639552106313
1.546165641710181 45.43998044766267 12.47949431498251
4.436096226344974 47.639324372282076 8.521897029676431
4.677212624160046 46.22005657411326 9.036976150671483
1.3260432552977703 43.085616435719196 7.592649345551074
5.524135105433412 46.26588706831261 10.230847649267567
5.395922013937766 48.37084507062834 11.21689158387877
4.111503634883612 50.69234999952117 7.735769889379945
3.7457260525447893 42.839060702318264 9.644073168979252
4.145090086861236 41.66069169699556 9.638293308124226
4.912570636312806 41.74057190326803 8.558062178768802
4.999400825112656 41.27271442365682 11.20270452488803
5.673928760377606 45.29360986435192 7.7291265842579335
4.942693539147075 44.965655416847476 6.6949700073943665
6.069394020984878 42.212581742074875 11.328065216650288
6.289957903757419 44.205316185163824 8.184368906079502
3.807870859916239 49.74165098133678 6.893837808545761
0.8956117014408529 48.87167981200731 12.243844797292697
3.1665918570500176 47.937470850814414 12.223922334310714
6.732610682049363 46.05097785916222 7.290520427721141
7.091862545625967 49.07059741938155 9.345332577148856
3.9455521412263663 41.36132842086505 12.208397378729163
3.1440245424310533 40.861160202855196 9.36180372957455
5.35158153948261 39.795719383341996 11.006414383492288
6.831742300940448 39.20948614612851 10.729771774311775
1.1158268935748563 40.027170926917634 11.577477885426353
7.730299007241089 40.21192548344779 10.241490655142888
6.92111944770244 47.55297757864091 12.820793145903117
3.160406326263335 47.400135549773395 6.407668687739404
0.8472379280156845 45.48684767395979 6.380507393518634
1.8892066291379601 48.06835804297756 12.854563086038663
2.8342181132199493 44.91150419616012 12.870491178545132
0.3391052146266719 44.183301417373826 13.088379719301575
3.339009487542388 38.86486822577844 12.562720530311896
3.0302191139203356 50.825742285878356 10.51478372454713
1.7802351845989695 40.003786039572944 7.078409142431448
7.824125163005327 50.31636053603253 9.292806812173493
1.1843581067571745 46.740874159359315 13.21131385290625
7.278679898458308 38.41857893196758 11.796634840922312
0.7680893572638787 42.97431849233033 12.64271059991248
1.8336384571804438 42.627427640488726 6.317237824317708
6.017858860028212 38.6805122640799 8.29622183336389
5.942944094930506 50.61661685814433 11.656801219854305
8.156830645817275 42.56714131242698 10.137906340470312
7.900183633339362 51.0326884227586 13.106406836694921
8.794757546182437 43.52029620333922 12.34028383479189
10.197822222291125 40.39615095620445 7.653132661349565
10.770207971301376 41.51034758924803 9.880378671856096
10.061775638078887 48.963173312752794 9.327840508543733
10.49810790538769 44.174051776216196 8.593982915949507
10.254211462903701 44.69239543329145 9.889326023473405
11.830536346608676 43.341871455096616 8.544865076068294
9.3613359970373 43.51120065372798 8.073842814289712
12.023397869373508 42.069737732500016 9.377627875403743
12.88911447180566 42.565282155596506 10.949729643082563
12.102462579863131 43.24547253362291 11.795602070379315
10.811526937233939 45.64384105835232 7.465745454387134
11.731220410545147 46.50203996231893 7.886588803381268
13.433892523092757 41.51879077790452 11.703361244069523
13.022398054911742 41.171969212773554 8.789084856141084
9.262914133877945 49.22449806001657 7.413236988605824
9.415252119778122 49.8176895165727 8.542014618654608
13.914200930139474 43.33847764058735 10.71758914087851
15.209675531039725 44.447121735355 7.898857107439385
10.454887472662543 47.83803625034199 12.28367940490665
14.91999264996187 39.67662802405212 8.5195601163121
13.35069360165557 46.67405739934504 11.233413839068477
15.404216125439708 39.55711800391201 11.035650143258115
11.800653903118588 47.720911190760155 12.345484465466821
13.63733675446154 50.563877093045924 8.44746012254758
9.867069352889493 47.01663711163228 11.901353218252371
16.174025063070843 41.536454262859095 7.880263645803708
16.25990294310935 42.303866450668316 6.675615668510321
16.244568931276977 44.0814136119161 7.162808956140544
10.102849459057998 49.00192754062402 12.794459930639588
16.127808599637024 45.24082667279567 11.232559656948164
9.666649643041898 46.4423582634098 7.319217702083854
11.18630066535155 45.2481003899505 6.291401219598685
12.565763903699104 46.518663738915535 11.973574753881605
11.906115429244508 45.735332840660526 11.600269792637743
9.228867126982612 49.4993689915197 12.88830494216094
14.058197966861808 50.390081362302915 10.468085619163018
14.914820067620148 47.69369633794369 7.064797058720079
10.364043820305293 40.46540293877195 13.077456978950071
11.267314390347066 49.65716014187011 13.16269200392272
12.318587135803616 48.85374803286281 12.92260127471206
13.351107028448702 49.107175384748835 13.112541393219669
13.452467413751638 48.63319274432959 6.779377364340153
14.27286774610457 48.10979682715422 6.288358007574529
13.776879421101883 44.99047243315232 12.513183871769936
13.387560980354879 45.87250876146886 13.021655176077635
10.221507710620177 50.83579158951844 8.301982770871245
10.457054652223439 38.65627147701562 7.492686979783899
10.081566403548265 39.543923008153364 6.983586464750667
14.157460919085597 38.84493261963921 6.418297634354292
8.253178100860538 50.78579308030009 10.736745980008669
8.706238806388637 38.469018411426624 13.118462545408843
14.212410899036497 46.53722892270409 13.27830614365549
9.0329005561186 39.27567928254966 6.855347452647742
13.597700675057911 46.14306756736371 6.266210057045788
16.838236273865338 45.47738259225723 13.217284061478566
24.047672360877073 46.76856139513451 9.341727218797605
16.80946854972904 39.11301309762631 11.233133736218521
24.285334117003444 49.78054674403835 9.086808240206999
16.91920854696858 38.4511793913059 8.280703003352125
24.25256415244838 47.39606806206472 7.30829926721008
21.926258201589793 50.500976400956844 12.146349112789919
23.658365686317854 38.427376930762776 8.069123715514095
22.741870918611657 38.56570214270742 10.456183280033693
24.062691188451982 42.52598619182837 10.31920116491057
19.82163919166642 38.90098546481648 8.93742390320949
22.607655615874748 47.924221490094865 11.958279212879031
22.83713416993631 42.21885464016787 9.61078202479746
17.795070158657904 40.116481567374876 10.90534813413169
22.55155798537511 40.70378520567164 9.414233299871634
17.430937754774085 44.34157186753641 7.783112723033646
22.150950275434095 44.91332020178119 12.013530497229159
21.412838553378943 46.15336794211928 9.969964544967892
20.345069350424396 45.248792292880225 7.187948867256573
19.71511249867624 47.97435622184619 9.685527908339873
18.883418318702205 45.739556764470535 9.95785296135972
16.54987396499159 50.228194555272275 9.388289361726232
17.130457183273247 45.69098159986323 11.947900872726926
18.797960701773288 45.03246446504847 11.332300627207417
18.699045099272585 43.602362602338125 11.143052505458964
20.092596105212266 46.59711595854405 9.507967975501689
20.2012713949123 46.4771756582599 7.650019964662279
19.7646541525282 45.560376701048654 12.237268024237402
21.618462758779515 42.851257300880484 10.03643115608426
19.16538580037657 41.83223393388007 7.780200705883394
19.587304949623995 41.56065236824748 10.390602625535184
20.54384980392848 40.94674353297643 12.567051713414026
21.864232233710712 50.77033538771058 7.6431076129768405
17.12720554713292 47.01628402350615 11.816787643248224
23.072862448365317 42.91565001473773 7.916503297790931
22.888341565369323 44.19215067610782 7.877385314572373
23.455710882977147 39.47740421618512 9.587596860959392
19.056669993652694 47.053927239667324 7.1065396332678255
21.196680038904475 47.1606519947642 7.076036326805481
22.337321664228995 42.246955742858965 7.043277908545532
21.245622248224226 50.54044574038261 10.879239842897068
18.833220957896298 50.25606413832935 10.423139076945592
18.93341099862942 41.84678859647805 6.35667120380041
23.958138718192448 39.2358727714058 7.058732290556393
24.043149581517408 39.821451771816726 13.037070813594111
24.326451371510835 44.60111879079817 13.13858894861638
21.883487096111942 48.73036590940211 12.768945165527745
20.69176662231285 48.14073746771029 12.889399084919685
23.369951668409023 50.67437999619925 12.096905463023145
16.926547029533122 38.975429049435434 13.094318088622801
24.221241327080307 42.73111984747419 7.4510470519547916
6.708648076915385 38.30379928470442 16.2305568028739
0.2729192695069194 44.224564044292705 14.418789397369716
5.731000404684429 45.87711880092815 13.99349631063686
7.354149987213186 39.15932905507806 16.99649032385782
6.863395347856055 43.370650255813075 13.809366039184916
4.5072873402826685 43.739762027417825 14.008424973140963
6.962460930768914 46.56746371981057 13.801051048825231
2.8077870960576297 50.04588178764356 14.42793451349887
2.2596124050918682 48.86278123065201 14.511738519546974
2.1919893134387434 41.08675359048948 17.14091972828212
3.923463194372838 42.33201132035113 15.732404009332164
3.129098951728963 48.14952585838878 15.21246691027728
1.1955258937875068 48.97158159785651 15.291164881988756
1.1468472302445598 41.81486307054935 16.727008109665753
2.6405586403126287 41.696401358607865 18.294423623771745
3.406924307284338 40.986892330280554 15.80458179244033
2.693944613467477 40.52879037233647 14.633774214442465
4.455022858124761 39.969860199134345 16.31424749069788
6.46217661324935 48.076643312285576 15.889205237171687
1.828628855510749 39.88778332153179 17.49515017250823
7.424827980456759 47.37899203008293 15.34048144759217
5.977561282952572 40.100658305724984 14.435247414307604
7.908726797440042 46.57010019269393 16.279927610368553
5.2861022450616755 39.19529510305163 15.294806241637353
8.12109095136731 44.00651396584191 13.530891783952505
8.148631615579681 45.57270106248572 13.611028417746615
13.008870521500516 38.71856992307187 17.04204144781606
10.511352660201066 39.54132361259197 13.61669487141156
9.614124188566276 38.454000156901515 13.560750443627814
11.342153692844642 50.58832324244976 13.70466465920746
8.288275584791705 48.29962292681906 15.130881282853723
11.566305286392863 39.17429478948191 14.315406388189487
12.7719734060156 45.63333111696641 13.888803371602599
8.980731439000172 42.1459694267908 15.112894347395194
10.401326730382074 43.55248949956621 14.855881633802593
9.109471223972458 43.42432002687532 14.947481729127139
8.715903139075843 43.98339390853021 16.147743492042117
12.42486204138183 39.76417585212767 14.600574111515733
14.112683401981654 38.35868877460632 15.749828501216745
15.998889533038678 38.289848103413235 13.694876976199618
23.993520152337442 50.578545028019434 17.224541949566568
23.894491598195277 39.13986187579623 15.463624902794514
22.349268378123774 41.13828614715924 14.339297726715241
21.07554840804929 41.71192375653877 13.642261931762246
16.949444322964464 40.14285518045025 13.70042073206466
18.63329074943992 42.226305219420766 14.589507530185756
23.262976894615626 39.29091898670257 16.613933644285023
19.574467091979805 40.40717190192999 15.287103009389023
19.802366518244618 41.65871189813284 14.982649996395809
22.978216185188245 39.701167704262396 13.99587844297971
21.969285723847854 38.70045025214961 13.771865108658641
22.449819348643192 48.5780409634534 13.961409615460688
23.584930610710703 43.61778242102464 15.856558218099956
20.183683471926447 42.24006197240353 16.140104976133692
21.308789105041082 43.11315903079955 13.433352543847155
18.10489143346951 38.35057280714829 13.363485018920425
25.789950670356788 0.7102494690448203 -3.3499998708228906
25.789946119222996 3.5405444198005385 -3.3500002436931178
27.01900533155847 2.8389194261609654 -3.3499999564285385
27.019043635824456 1.4204752440388633 -3.349999872178576
25.78995087294676 4.960054245154617 -3.350000102257039
25.78995091082239 7.800000276626591 -3.34999985665811
27.019044310724563 7.08947371042309 -3.3500000948882014
27.01904400823383 5.670528877170216 -3.350000946536463
28.24095678519416 0.7097305009412777 -3.3499998537690425
28.240994688931234 3.5410818438578793 -3.3499998694188884
29.47005403529127 2.839456831071289 -3.349999977903384
29.47004923921907 1.4199571571458414 -3.350000074384866
30.700000005585235 0.7102806933763399 -3.3500000519999453
30.699999995713984 3.5405102213106674 -3.3499999547872736
31.929945891146392 2.8394567744060484 -3.350000119655334
31.929950712928466 1.4199571725999487 -3.349999880835135
28.24095550934521 4.9595365257601465 -3.349999943467189
28.24095564367578 7.800520193198458 -3.349999977474496
29.47004909316161 7.089993825444296 -3.3499998853822657
29.470049151816927 5.670008652939398 -3.3500001455596697
30.700000034949912 4.960085113774232 -3.350000206866368
30.699999979807714 7.799969086556557 -3.3499998657184547
31.929950881480014 7.0899938055485245 -3.3499998842017287
31.92995078265804 5.670008636313211 -3.3499999125849103
25.78994997271325 9.219935124775263 -3.349999846205163
25.789949970729502 12.050064842230482 -3.349999992653082
27.01904018505074 11.34080367594681 -3.350000087795676
27.01904019736122 9.929196308167931 -3.3499999455288867
28.24096023767496 9.219413029577845 -3.350000214390839
28.240960249840867 12.050587022367026 -3.3500001067729333
29.470049704054823 11.341317089188063 -3.3500001135106503
29.470049670627077 9.928682923363802 -3.350000023810673
30.699999976067712 9.219966852455476 -3.3499998448679733
30.699999989449733 12.050033134331427 -3.349999920007293
31.929950351177872 11.341317071397658 -3.3499998823204837
31.92995034989782 9.92868295657964 -3.349999879620682
24.56000002190281 9.928651876935623 -3.3499998873447625
24.560000010896054 7.090025042731841 -3.3499998766019323
24.560000196558676 2.8394905794828573 -3.350002298808853
24.56000000452931 5.669977360744056 -3.349999892683724
24.560000000572373 1.4199260684071315 -3.349999936994573
24.560000014435587 11.341348105077214 -3.349999917778864
33.15904319983204 0.7097305171056627 -3.3499998781912375
33.15900535005128 3.541081845735903 -3.3500001850778216
34.380994665463774 2.8389194209033244 -3.3499998941274747
34.38095635454299 1.4204752484562382 -3.3499998907457442
33.15904451226983 4.959536569887264 -3.3499999016930335
33.15904436635774 7.800520209083441 -3.3499998789293164
34.380955675921626 7.08947363909144 -3.3499999061937533
34.38095596813556 5.670528946408579 -3.3499998840828047
35.61004933022768 0.7102494673565958 -3.3499999139929137
35.6100540499059 3.5405443964523666 -3.3499998869596235
36.839999935868576 2.8394909767183165 -3.3500000582957323
36.839999991678305 1.419926144010886 -3.3499999282180717
38.06995066553984 0.7102494624297978 -3.3499999314138575
38.06994592421192 3.5405445085081477 -3.350000532065305
39.29900542072718 2.838919421868943 -3.350000147377914
39.29904363605313 1.420475237342872 -3.3499999367291133
40.52095677834707 0.709730514082689 -3.3499999157771287
40.52099469133945 3.5410818468871628 -3.349999871693048
35.61004908430981 4.9600542654013875 -3.349999886388635
35.61004907413334 7.800000306252747 -3.350000084246875
36.8400000157566 7.090025057497208 -3.3500000077782364
36.839999996800984 5.669977355674324 -3.349999900878063
38.069950909590155 4.960054278175805 -3.3499999076545093
38.069950890435024 7.800000282808269 -3.3499999035133357
39.29904431258545 7.089473630936627 -3.349999908054521
39.29904403125091 5.670528930571483 -3.3499998921882113
40.52095548726403 4.959536552455436 -3.3499998729522886
40.52095564436281 7.800520206737536 -3.349999907109038
33.15903976118775 9.219413033549841 -3.349999879037293
33.159039716928625 12.05058694649389 -3.3499999031560925
34.380959747064026 11.340803600567618 -3.3500000365017124
34.38095978256489 9.929196324707497 -3.3499998724653257
35.61005004474579 9.219935132317366 -3.349999938154311
35.61005018511189 12.050064735961055 -3.3500004397172023
36.839999985856764 11.34134809182012 -3.3500000989027887
36.83999999432672 9.928651899835632 -3.349999937471023
38.06994993537442 9.219935136117071 -3.349999899449978
38.069949963430076 12.050064879531037 -3.3500000961488574
39.299040208937505 11.34080366670786 -3.3499999489516865
39.29904021455887 9.929196346266373 -3.349999874413818
40.520960233605514 9.219413038815823 -3.349999893366351
40.52096024759761 12.050586932670097 -3.3500002222016443
41.75005405945867 2.839456829930679 -3.3499998830644504
41.750049280532814 1.4199571772193662 -3.3499999064560426
41.750049116285744 7.089993798742757 -3.3499999188574825
41.750049230605256 5.670008638546714 -3.3499999435779215
42.98000000079444 0.7102807182064484 -3.349999940205458
42.979999996584375 3.5405102163115716 -3.3499999175312967
44.20994593941522 2.8394568010564476 -3.349999946196905
44.20995072830089 1.4199571783593767 -3.3499998972932508
45.439043220516815 0.7097305089461527 -3.3499999007389256
45.439005369377206 3.5410818047400974 -3.3500000823195397
46.66099467930804 2.838919436691484 -3.349999877508365
46.66095637043888 1.4204752602894508 -3.349999889816738
47.890049336844626 0.7102494706179487 -3.349999905798442
47.89005406703698 3.5405444030331665 -3.349999885683548
42.980000002643614 4.960085196331142 -3.3500000091056306
42.97999999476826 7.799969061982774 -3.3499999015521977
44.20995088156117 7.089993783301586 -3.3499998967815445
44.2099507638162 5.67000866349292 -3.3499999596738306
45.43904457261367 4.959536594683362 -3.3500000722926493
45.43904436051466 7.800520186191453 -3.3499999157785068
46.66095568754241 7.089473606625167 -3.3499999024416436
46.66095597716409 5.670528918920006 -3.349999880566089
47.89004908492301 4.9600542272846475 -3.349999944748304
47.89004910110211 7.800000261378607 -3.349999924551592
41.75004961284605 11.341317075935537 -3.3500000280779805
41.75004961306981 9.928682942091601 -3.3499999757975782
42.97999998873865 9.219966833602912 -3.3499999189275043
42.979999982911295 12.050033159139282 -3.349999913533186
44.209950352243396 11.341317061927619 -3.3499999142066406
44.209950355606146 9.928682948162274 -3.3499999212415252
45.439039759208896 9.219413020910682 -3.349999929617148
45.43903976061178 12.050586959582986 -3.349999914552937
46.66095978514668 11.340803684562475 -3.349999914458323
46.66095978197692 9.929196326136964 -3.3499999310560105
47.890050063789396 9.21993511320344 -3.349999923690551
47.890050054768764 12.05006486988545 -3.3499999233146225
49.11999999572163 2.83949099320976 -3.3499998692919997
49.11999999325072 11.341348093398068 -3.349999990371807
26.602852411055988 0.31649477019612476 0.12999313834209603
30.877062816173737 10.9116567704412 -0.38160378387713134
27.75080264565035 4.625484198937191 5.436488118088111
27.24637128915546 2.884859175031228 -0.18899429491386455
25.655383775372442 12.031182440002938 1.9035907200467972
26.403271685883816 5.973028848496886 3.812083236296794
26.7397115520059 7.283114091733872 1.5871919858617989
26.38903300125127 12.036086942262092 0.8118688452208422
26.427487719106228 9.285825790344813 4.724400587659451
26.728224871914048 9.449189627811009 0.6400851830407916
27.536201389696295 10.623827613712708 0.7106969790287287
28.742132747155487 8.24658376690184 2.703463167334157
28.307912694907404 10.856334500095373 -0.497972947257761
28.442364074337103 10.629279051690052 1.944658965482764
26.726254084760967 4.941503725328255 -0.08242031254899085
26.61540247105358 5.43166980169033 5.163079762158751
25.54265648003354 12.107987531115889 -0.18498549525041819
29.35957163914011 9.426628617614488 2.230101317067441
30.023066193435945 5.450468844757061 5.422386053900315
30.337759977957926 9.246688608490684 1.1691909435289094
29.73268207500956 10.33700441627314 4.749448983654441
30.294440064300396 5.552165279673475 -0.5086633032139731
26.521207661748228 3.7790298436648273 0.5350727708746816
26.804061105117594 9.324748766227534 6.018311461961456
24.703625047844877 3.279700788489611 0.7082321503407873
27.077755072873718 3.9405912144612647 1.7339911253547269
30.68457085384981 3.648594211410675 3.8029682789781782
25.094747193310404 3.3418184730893787 4.81382133693129
30.804115138284363 2.4693572385274845 2.9909650400412504
30.36109828646241 9.990052150698121 3.683862394600056
30.206498297471995 2.6835843358645564 -0.15256593640253335
30.731532872967765 5.067868877510515 0.6215314288410179
31.088785400971872 11.016357936262553 3.4157967896198826
31.332937029039364 3.300086276234683 0.4729504832449227
31.18302964410628 9.022402835125392 4.059675947307699
29.81146520599773 5.22991811988898 1.5502097424607864
29.555385019232126 1.9644155698592856 2.598103216993297
28.979984436554794 1.1645007397545368 0.3763668980665591
26.52431450937951 6.554681586176145 6.230749679164568
31.437276949616276 1.0579238541789169 4.040852445202827
31.784610397101115 2.74564898898303 1.8605993712244595
30.6554560203023 0.8580966720707294 5.0782382447099605
28.71715607058018 0.1893174743475441 0.37013398606298487
24.85868930937798 1.8261099832675776 1.1698510094966719
31.693462909988632 5.877101319073484 1.0627222469152209
25.13805472008283 4.405757522178773 5.6048013444906015
27.331383608059657 1.0865118856808724 5.016291129730476
32.69524666300776 6.046855460878479 4.364214517508719
28.781905585052318 7.657217826236496 5.780185040608421
27.437352153254345 0.04734666723423149 5.834152246524335
27.575335703220848 10.383855386371117 6.19146572372392
32.65643870817806 1.2059769809606726 4.587541738924486
32.53546413161872 3.389637725355233 -0.3361584361279846
33.57947724321025 12.680933490515837 1.594211758215266
32.8064502516385 11.629834595671275 0.9766324610315502
37.673742692778696 2.3174274073128522 0.46235355623054475
37.12641457744531 2.714009455025231 5.551957198984687
37.626430761334 2.323811919870088 3.178253051976788
33.85146724855293 4.676910909457147 5.485176591618915
34.82879357814615 6.874091224546396 2.4476208478614527
34.5518936401369 8.865211807674342 0.00617915863997065
35.02510802063581 5.551470812524111 3.2665140056316377
35.54836406626046 9.254845348928574 2.8032118232045846
35.86765830783196 7.998431515276835 2.167152305472866
36.30053634510772 5.349023807415961 3.9544237326785723
35.70360617085322 8.307447603127239 0.33201307851951967
35.919788722838554 7.255101051580814 -0.3594011491171978
36.24878607382224 11.338818134609237 3.8122042874884166
36.60532492797136 9.196287353538146 -0.20755502800554493
37.273685476770794 7.644842874884355 2.3692138147338273
33.91515004960169 5.757792453753033 4.715097350591937
34.52426281231566 4.413036880693876 2.5551288104190553
38.33189909582101 12.406719120660899 2.851452128662907
38.35624843503787 4.38671533596686 1.931590291813401
38.22068371379072 11.843623173556066 -0.1887908445592812
38.76177664148941 6.199981704602585 3.489876929914588
38.4960298418373 2.948737718128553 2.026168140044401
38.17804022153383 2.9544837266365978 -0.5931252815054799
34.176130544520944 2.383483547608947 1.2637393401273844
36.39128409117653 2.6049066363943245 0.40831946438293576
38.035091141851574 2.116544511725722 4.659136451167175
39.53869598308115 12.05122296750254 2.0919882013817768
39.2406369282569 12.512870170493644 0.32068339353455433
39.41181676348857 2.3638057830953025 4.944508318847355
39.83428021410018 2.4688445244564794 1.9404322779512506
37.64130330811107 10.162636466908875 5.473591445669416
37.78547484872558 1.0344196453387053 0.24170234914150268
33.9722979371448 12.499573906799254 2.9269232932951628
39.664422969861036 10.514382896212656 2.070498447573066
37.88130486953471 0.27945603272453307 5.044434104806731
33.40348929843539 9.279251043913028 5.505235168398217
34.32205182996871 6.730884651329795 5.5044018104568995
38.565864390449235 6.71651195293294 5.8236001016830325
40.31198239313727 12.328396854784962 -0.44192194636765714
40.13443591966904 8.267636597952796 3.2253851094167105
35.85713445272198 11.677897277992926 0.875982237523506
40.77907021066621 12.754879380029546 2.432935937620421
34.61107445565763 10.925812787866459 5.810754378512108
34.582279990809894 0.15479033085717941 2.3140639335616897
40.6980384544675 9.55740563752283 2.7500573272924003
40.795046513820765 4.842751460753402 4.104619003187516
35.0970000250997 12.689165561843028 0.6239314115964134
34.905971983029914 12.705286218462284 -0.6827474065473038
47.09631380743316 4.313994578482367 4.780967896086144
49.10854148345504 9.348686258428623 5.71747185413453
49.045774307143596 2.40896343239542 0.6276704740646
44.51545925736217 9.13535240261821 6.013423109847819
44.652912534012955 9.547907371148511 3.251269566526126
46.94763709358794 5.518295478603354 0.01662213369283405
48.38584412917737 6.1799146335038015 -0.7556561844333676
48.95123888158097 1.467761940648134 0.9816518370380356
46.22410187628519 1.6201046939484338 5.886281010786494
47.65844992628744 1.5411047609451094 4.2380209871145125
45.378039330124615 0.39100181132564615 0.8325989734627981
42.41571124352802 10.042538558772176 0.7077619308356697
48.1350078116119 4.111749167122498 4.5650707913606094
47.99620388116595 5.769697714926339 0.17601036397786984
44.02040600815819 5.093354244588193 5.864656583407437
45.23461458390717 3.9760963322725966 2.316867133842245
48.052057009596865 6.533258580453779 1.4856732719623778
46.83058966987547 8.535784710736314 6.204342078606931
45.80397674556855 9.492461669784596 5.496508289172672
43.09263111501136 2.7696417033762617 1.8075932545020112
42.85696962347874 6.759464401534261 5.422549355664107
43.817701770558465 4.81564954632355 0.37635472052282903
47.47673105106011 1.4238027494367769 3.1696959009333394
45.77068053618049 0.5528377179673488 4.525737499961763
43.797798604200466 4.035320816924951 2.0546542972834967
45.645156445407196 7.8194438005311575 3.4475117257123102
45.713127217550735 2.299710123851029 4.27422082955494
44.136686117709594 6.099179477013432 0.3864073934350343
48.06987118065636 3.2332969974522863 0.42413818006793114
45.77020617338599 9.095654924613722 3.750511072507543
48.21774655068562 0.669704718169839 4.578534207019808
47.64583348366014 5.980986035748504 2.333067798452786
47.997286842352345 12.120994198235211 3.5557525974487856
46.11737528738162 10.951233255232538 5.631104714854511
42.57628337511695 8.107471819584603 1.5828936685622963
44.65069552732704 4.292627324969072 -0.49027044313242785
41.75343262434672 9.096595433809991 1.2849869844650241
48.50727495237651 2.7522750104118985 4.377572059670259
48.639625725872605 4.421419543809276 0.31278875740812007
46.81236289441661 9.653492506164127 3.0549988876457688
41.59705540351641 10.225416595149397 3.6745073619446575
41.03217620645058 8.447248635852871 0.3889456704717964
41.55625664921231 1.4042092420036973 3.114473068376711
42.79499652471611 5.472871181899846 5.590244996573678
47.18871869295181 12.221690286379838 0.6221448413251418
43.061458637852866 4.962971523225334 3.006660119003178
45.38646766362741 12.290131550171944 1.740343365651873
42.19485189008961 4.534329753079651 4.192796598601408
47.581734501554116 7.509148709210789 1.3651112752219052
42.45099377550238 3.1813188293175574 4.754210621183846
42.62310644486735 4.787313637615332 -0.21642093502952542
46.23253360967707 1.500451606022259 4.802901093848474
47.05645174527709 2.8904954514835355 0.572017009187189
42.256972762349136 9.498107216037514 6.076325617537045
49.116131440048754 6.748692565327797 1.5828010475513987
25.31043961721068 6.4785888119250545 9.76047142480015
25.032871269205344 12.037857703386862 9.391088964981563
25.014671986977504 9.570437593086092 9.530542062851739
25.890118868537396 10.564977636753394 10.010660565740784
27.20024270399416 10.570386390078719 9.482424958465948
27.74582870344515 7.922699883491817 7.928330029037581
25.88360270536935 10.879164959362846 11.58399690453422
29.540655669993708 10.410607153278356 9.082287273319105
29.21160026194515 5.9060422442922365 9.105250708253486
30.120362883458572 7.71827631728928 9.314427054826018
30.3869537694197 6.472280825039502 9.424470415265326
30.533408176440993 6.234790948301882 10.702934418917385
27.942250313275352 4.147221242981754 12.409475389848662
27.743284285556655 3.8363994420252174 10.331505281495016
29.57336095208775 3.383810480751742 11.397320961447441
28.22574592332723 3.3112852121681815 11.42475323190621
26.00519270155548 9.87983376586732 12.733221813333742
26.554362180399828 8.65130939455968 12.254144960449691
31.532615294522106 6.217942376903765 7.16671111715273
31.7240512044269 9.813339623986595 7.865885883216752
31.075730620450933 3.556330022999971 6.772005365992206
31.935183273702442 5.920565808218323 8.466698426549975
31.480021838807943 1.8490306938987355 8.764589695125828
31.691820889744125 11.42094577802617 10.47985224411998
32.05996539526673 4.412735401390324 8.799723136861767
30.22231437595118 1.9216038935717266 9.138966633734032
27.547901652698567 1.5579912949953436 11.682041505148803
26.153282821728748 1.6804432876510245 11.422430693395075
26.08462340620214 0.8430859554960558 7.847777627652292
25.07070682090687 3.87773376133484 6.857225190451647
28.2242719217038 0.5878423168763224 10.83165856662198
32.091195969152615 3.3012531913014613 7.7512584867046055
32.17023335948255 1.6544563022371463 9.908932267489924
31.62448493237504 0.7118806066717939 8.149731763845798
24.790134990173232 4.438144474899585 9.682121324691032
32.021039464893256 11.722567370641677 6.429024223063195
32.5823172396619 10.877196797813168 7.451071388560544
32.40688781394546 2.2943751303668107 12.807192793335867
30.303573885734888 8.054267295359 12.975462470521261
28.153636428722244 6.8406074862725434 13.15909783399696
30.344217493662736 0.8708758286691088 13.233867951552234
25.66632669522924 9.472304710749874 6.629916996425017
28.56611365495199 0.1748253522777795 6.399374433792886
24.99967509472755 12.139965442065627 8.031328843971272
27.57896098487889 7.7428086208997415 6.526972686149472
28.452999038135236 10.949958410327165 12.840502311640643
32.68002296227295 8.091608393034285 12.334439493700108
27.87943192486359 1.2696950586651983 13.184909623089364
29.771569456508118 12.601281064309125 8.543240361374195
37.360566002940836 0.0831212617118892 13.31680574821046
33.03282018788662 6.723993356280912 8.987411616302003
38.2869865451219 9.623704721534974 6.640677699745226
38.66836898997658 11.964425617840748 7.586732822828397
36.89864235275049 11.19553710214385 8.470363501781094
33.06471408989775 11.443875613846487 10.092422560258887
33.248238028472194 11.755995829442144 8.597407336514625
33.82056021474537 10.251320535028734 10.455994361477241
34.753611589990214 7.768079981355707 10.89319026875771
36.87652741366293 8.222969847177314 12.21591728203379
36.76608924545346 6.132995798618099 7.36791529284617
34.684006703649885 9.309438463038445 7.3051231947124045
37.555799452734625 8.441434597641079 7.328652945250704
34.910771459979735 5.078390199908788 10.713646347605732
35.43964682176227 3.8016013111536235 11.01689618542743
35.63281084155867 3.9150141789206385 7.329635985960729
38.12764668429914 8.79171907652964 12.729467317501646
37.874703664136426 6.973402099851786 7.051211948004774
38.11309412413811 10.867853387610996 8.010861707629376
35.960261390076404 0.6055059807151748 8.925819300096213
38.717885624074796 11.436936748612995 12.770524970611191
37.682285557527365 4.82295004288919 12.110264054363029
36.248414187061684 3.1912344387384115 9.810676421350792
33.430291751324226 2.939581789043247 7.466099379063609
34.489749127183416 2.8550101631909617 11.550750228788736
36.59079947863866 4.189735795392242 12.462469388577006
38.865252631776976 10.52445225091954 9.06971041809148
38.4335435786022 6.539304569298891 9.690464984018648
39.01342773352985 6.492095938471925 8.42447994355828
39.34367042115327 8.631801192656182 11.986953544718736
37.021844449575156 1.8745576399150492 9.827019143093167
38.17968811706854 1.9852471694897988 8.939035704512802
39.47074019340974 5.280026059470921 8.260592332334518
37.17935445313281 1.3284387237910877 11.135353153978569
40.00238756712562 2.9265023683236624 8.625138459540635
35.858297578479885 0.8845726513002778 7.633837270311767
37.83368204542827 10.23235954236278 13.12541668711008
33.92102264109955 10.040598151295242 6.480167838884786
34.80046694888285 0.6275583688349017 9.462864589906976
40.10616076956518 7.367050564299314 8.551905468147675
40.118167433402206 11.190965664176229 12.958719766907297
40.40945455656507 3.098915637217713 12.290860023809483
38.446901738882445 12.110659742338933 11.52026445184717
36.96639940912616 3.091694474483044 13.07331511965412
40.75012325518757 1.093503294120801 7.141823232084665
33.72581124842818 12.62221993125885 12.43370743924051
39.71325838215681 9.381490504952785 6.480958724085685
39.620846752333144 0.5733274203110721 13.323742244861439
40.978836516128816 2.6900490546509284 8.52151760965299
41.05456611867389 0.7462685523751521 13.201431415172134
46.713629897267964 1.6913903501007577 12.536510031289511
49.014199687876854 6.45331450537437 6.874850849556783
44.224917309901976 1.0134090228730246 6.5787856458781055
47.993206020979315 7.2160751847109355 8.604330592741423
41.3994410887988 1.6747769294172765 7.77971610074828
42.709306749629974 1.5565158047992407 7.846962661687149
47.96535460911831 9.983533862961927 7.830091965063085
47.8028880842977 10.400069977273262 11.53854751546408
47.52503640112523 1.3343233047061898 8.459565982364428
42.02766230261573 5.360242866495923 6.653468738343155
46.84142724066698 12.55926705935023 7.7497576767394865
46.55787080778311 10.552031266094716 12.011162116077056
46.104774722481544 12.077050932073531 9.9364767381037
45.253454424493384 6.915788614951143 8.306210178782706
44.652908303870014 7.087690208883824 9.50529994496296
41.45171464713755 10.179835979391733 11.28024963835329
41.351810651148 12.184024900706818 9.687475591181373
43.33913411930211 8.703856396679122 11.10724159708361
43.06029782255953 9.065015738547206 8.690195264811777
43.676033784431404 6.211921218102189 9.528477355006773
43.952758083410835 8.823165965803538 9.809811718962193
44.182275597013046 11.483547365877776 11.383762234754949
45.58682330804048 6.713480955667431 10.471304402455262
45.19997503208339 9.785395228428424 9.780867225419307
45.39463481967803 11.088581061625906 10.640520227204917
42.050662469020196 4.201418620302644 9.673581750414652
42.09078916185517 3.348058483650356 9.012850091021692
43.16928343014124 2.6790606911254065 8.49811265473113
47.80649266230537 3.1776093500655165 7.436934248553065
44.240096055612845 2.78870964635509 8.58607530457298
45.733752638100526 1.7676726397923452 10.628966935508624
48.2960512600116 2.4387423488386375 8.424279957433264
48.028533433306265 3.02956414839303 9.59046817123416
48.149220404682985 9.037911463597549 6.754013547563794
46.150006280020854 9.459992312143587 12.576878234675227
41.52264515229002 0.2818798535000661 11.787631351096298
42.04193689121366 11.904026102377934 6.7177429839459055
45.8421811727091 1.0453960363779038 11.753280810769885
46.611644536841816 11.485406889292252 12.958416804772208
42.52615461776712 2.926325678359652 12.726298518904409
41.287401946554866 2.5503969603754983 13.111302478959727
48.84730123938092 7.539133595778125 7.705367927539559
43.5901644015467 0.4452565466574115 7.258779402831087
44.63937930232257 1.1259498237155054 12.3537582790901
44.10233558060352 12.718462733078825 7.728751029720943
44.23118660008857 0.001632033857795534 8.020611295798588
24.821229005815923 9.817243019614565 13.569168688579472
29.056562476542428 0.5344393499540624 15.496501148505669
25.546038130268347 0.5849648767974533 17.156997570484517
31.70831563401803 10.530241960037538 13.918548491810371
27.434504045025122 10.642789665865259 13.617678903073905
31.656670617047258 7.8689740611865595 13.353556313431632
29.05523323642867 0.39293220573566817 13.672928060179952
27.133467485946362 11.805250661980411 14.235273116469303
31.62625823078342 4.334294114866894 13.839361613277362
25.890923492873334 6.261389478880102 13.947270218761437
25.238720950377456 3.462807473566018 14.85010995263189
27.940965094962547 9.92172503067671 14.628831602352722
29.808575833535485 5.7007997756942075 14.61422329542738
31.192896082397894 5.425689342451077 14.638628593776694
31.26469598965548 6.00315653340058 17.337174001723362
30.854299811706095 3.9592664119077727 16.96673636389256
31.513787442947038 4.963666364572723 16.442950608492282
31.354867709659295 9.414587117862013 15.593076494960624
29.19494156645337 1.7519299265491821 16.006153675762334
32.06592576147242 6.721026541079692 14.306261247497075
31.974291865611317 9.356794647462003 14.434231659174236
25.664596859547476 0.7442450830869758 14.917097199906733
24.57804333337956 0.3110243468933198 16.737423191709663
24.885686489877628 0.05810680711399385 15.249682381465185
38.293409923667845 12.759722639654674 14.03768535260711
36.06413425973968 4.985046042153382 13.36792907524282
32.81012082903706 4.577101716033544 16.439210442100926
34.81147815990711 0.12184952286360812 17.889818453352653
34.55380758325831 1.1713963623615502 17.159111037633426
34.83672774294397 0.9868575822567168 15.350304657308758
38.424256725803 6.693251761020236 14.261699190853594
38.35667715986752 8.001602601817968 14.37660755084207
33.26553764061957 9.324179360454648 14.795371708182195
35.2035292740138 2.205582128403788 17.691766632949296
37.38925704326268 8.30595088189071 15.221092953148162
34.373335336265 2.19485198900325 14.726530448125807
39.45635106075774 8.497511163778743 14.997064561131696
36.23959399347284 0.7686358572746274 15.211043070407467
38.484184158491956 12.437603743862809 15.25279883540401
33.23985876998142 1.3531843487667083 17.43085348799147
42.31019180332282 12.294097779125215 16.314213985624423
41.91592034202985 0.3153968544004256 14.306474887542883
44.45874909184414 12.443105935671108 16.39971000593294
42.207849447115755 11.779253526967985 17.26949480204251
42.28231609680677 11.465999249986925 15.605993842466772
41.01135373847469 3.101023339798641 14.268111612840999
25.789950899239194 13.469999489528568 -3.349999913472601
25.789950354208887 16.30868293639942 -3.349999925242524
27.019039762678382 15.599413029991299 -3.3499999294618164
27.01904434300977 14.180520405414917 -3.3499999022094396
28.24095568614821 13.469479526858073 -3.349999859549311
28.240959792457925 16.30919630934778 -3.3499999289507896
29.470050077318668 15.599935111685637 -3.34999989779754
29.47004912690992 14.18000046471078 -3.3499998709218834
30.699999997087172 13.47003069576352 -3.3499999942078293
30.699999979237248 16.308651862927704 -3.349999996701208
31.92994994344674 15.599935074712661 -3.3500000844404254
31.929950886423764 14.180000471477987 -3.349999878505392
25.789950352684063 17.721317051061824 -3.3499999319220155
25.789950868510573 20.560006189607492 -3.349999937167948
27.01904435366329 19.849479791833765 -3.3499999525151525
27.0190397575537 18.430586970282583 -3.349999947032222
25.789950752092683 21.979991346070157 -3.3499999454045835
25.789945928777257 24.81054435596753 -3.3499999446140363
27.019005326712485 24.10891822171481 -3.3499999589057428
27.019044516689405 22.69046344278275 -3.3499999607740403
28.240959786965114 17.720803668228466 -3.349999940773465
28.240955693215593 20.56052636268816 -3.349999953935839
29.470049113357074 19.849999723776317 -3.34999993714428
29.47005007195911 18.43006487467383 -3.349999931300313
30.700000004973617 17.72134811119771 -3.349999927385454
30.700000015349143 20.55997494915916 -3.349999921909639
31.929950911495204 19.84999973139105 -3.3499999126605373
31.929949943491682 18.4300648811467 -3.349999917490133
28.240955985348815 21.979471058203487 -3.349999956649702
28.240994691261708 24.81108180064145 -3.349999943928521
29.47005407204796 24.10945567060166 -3.34999994778019
29.47004910529395 22.68994574665632 -3.349999951203575
30.700000012455988 21.980022625428855 -3.349999960362837
30.700000008213518 24.81051022262029 -3.3500000156630083
31.92994600540843 24.1094557433196 -3.350000355286146
31.92995096225649 22.689945679282786 -3.3500001810910165
33.159044288121486 13.469479557987418 -3.3499998914926934
33.15904023296685 16.30919630916316 -3.349999965652727
34.38096023176454 15.599413033946227 -3.3499999041019146
34.38095563282368 14.18052047925158 -3.3500000184093337
35.61004922406306 13.469999603011518 -3.350000368511653
35.61004963096795 16.308682937150582 -3.3499999311301276
36.840000002334946 15.599966843899448 -3.3499999097488775
36.840000019369576 14.179969271473047 -3.349999881226955
38.06995089560396 13.469999490003987 -3.349999871023538
38.0699503726369 16.308682942988735 -3.349999909210389
39.29903977079101 15.599413031310762 -3.3499998912899134
39.299044335272505 14.180520417638478 -3.3499998780465887
40.52095567044146 13.469479589143145 -3.349999977708248
40.52095977940666 16.30919631404432 -3.349999924709585
33.159040224858785 17.72080367625542 -3.3499999242766956
33.159044324002984 20.560526379074112 -3.349999892820729
34.380955640917975 19.849479796684232 -3.3499999345509455
34.38096024366056 18.430586986548647 -3.3499999054648475
33.15904403811165 21.979471048507197 -3.3499999098851085
33.15900532007906 24.811081844793573 -3.350000026355011
34.380994718583096 24.108918237721387 -3.35000007602698
34.3809555068645 22.690463418046413 -3.3499999631779573
35.61004961242017 17.72131706556806 -3.350000032826985
35.610049128858414 20.56000619198357 -3.3500000877413005
36.83999999754633 19.850030932080386 -3.349999917610095
36.840000010965774 18.43003320510371 -3.3500000602873703
38.069950376238964 17.721317060822862 -3.349999929885609
38.069950872516344 20.560006190597655 -3.3499999197613106
39.2990443510553 19.849479788888683 -3.3499999076845564
39.29903975939987 18.430586975338656 -3.3499999066461394
40.520959747753565 17.720803655149275 -3.35000001568024
40.52095568113243 20.560526362805135 -3.349999920050174
35.610049209890086 21.979991359520024 -3.3499999775598432
35.61005405401212 24.810544347493998 -3.349999881230503
36.83999999089016 24.10948983239857 -3.3499999015254724
36.83999998565514 22.689914835096793 -3.350000121799982
38.069950774493186 21.979991342233323 -3.349999968580901
38.06994593905014 24.810544354775786 -3.3499999081829754
39.29900533018166 24.108918223636035 -3.3499999026655813
39.29904451462067 22.690463447715064 -3.3499999120363055
40.520955979272976 21.979471065716425 -3.349999914793691
40.52099466738082 24.811081805119372 -3.3499999176680753
45.43904431587244 20.560526360378955 -3.349999926731572
46.66095564626334 19.849479784749608 -3.34999991364909
47.89004963033277 17.721317046233676 -3.349999908184089
41.75005005370924 15.59993512139449 -3.3499999417571855
41.75004909901872 14.180000485156995 -3.349999867300947
42.97999997949151 13.47003070842362 -3.349999885594237
42.979999999472696 16.308651877600013 -3.3499999256935697
44.20994992748426 15.599935129356721 -3.34999993121204
44.20995087931408 14.180000496579176 -3.3499999011365778
45.43904433389257 13.469479569342198 -3.349999907462582
45.439040241394316 16.309196292228908 -3.3500000935621097
46.66096024767422 15.5994130430584 -3.34999989728606
46.66095567670519 14.180520440462745 -3.3499998933559327
47.89004911011978 13.469999515798806 -3.349999906155836
47.89004963888089 16.308682942185158 -3.349999886284225
46.660960244727335 18.430586970429044 -3.3499999035872263
47.89004912324121 20.56000618759404 -3.3499999096400512
41.750049090880836 19.849999763519307 -3.3500000218809034
41.7500500238303 18.430064871700818 -3.350000635314098
41.75005396877379 24.109455583417372 -3.3500003757489405
41.750049093615154 22.689945747617738 -3.349999906962162
42.97999999526152 21.98002265871372 -3.349999903756411
46.66099467109197 24.10891822287681 -3.349999907284281
45.43900530695935 24.811081797422695 -3.3499998878962547
45.43904401957813 21.979471064808333 -3.3499999256625976
44.2099508972075 22.689945763729767 -3.3499999015707695
42.98000013462179 24.810510216036448 -3.3500006447761708
44.209945951907365 24.109455663361373 -3.3499999022219153
42.979999997865654 20.55997494806469 -3.349999924302307
42.980000045770716 17.721348077810962 -3.3500000576970557
47.890054045050974 24.810544341382307 -3.349999981453544
46.6609554850722 22.690463451225895 -3.34999991953039
47.890049242693344 21.979991353857066 -3.3499999103932288
44.209949937628444 18.43006487951265 -3.349999930702391
45.43904023681075 17.72080370441383 -3.350000052780641
44.209950899013386 19.849999715554354 -3.349999922361251
49.119999979285296 14.179969319302394 -3.3499999899038126
49.119999986469566 18.43003314312674 -3.3500001480775654
49.11999999539064 15.599966855869395 -3.3499999046741866
29.219210301819135 16.35429661432144 6.012895405700497
30.705070063668316 19.416509925299458 -0.025790827711775766
32.05381753903344 20.563090088470826 0.09796423391061904
30.810650176570846 14.18850132942712 2.408022504862423
31.531988688332465 21.027968841436437 2.516111286048303
25.96526793023016 23.596022016711256 4.807353648041835
25.738265490346812 23.62440194735025 2.040556122590159
26.47864833720966 23.102123389760628 3.0776717820210617
26.551283628228642 21.83988918083462 2.9014378366446234
28.875821300469955 19.878590769906843 2.4968420229701547
28.668238981104235 20.76296567695545 1.9127267907680112
28.995734746919798 18.091875908000826 3.7164172712570753
28.08257476496543 19.073451461591944 3.2454410734208547
27.761271483162083 23.447292269508285 2.843978854576923
28.74302264707379 17.32168475399923 4.31894708869896
27.033802994022455 19.106045087138977 3.5012054730836786
30.191569628833356 19.486576718925942 2.6962013632327784
30.21215858982186 18.506163986336134 3.5503668709757585
31.35735798213605 23.56756566560272 -0.5562931834296381
29.98855815227537 16.387913172420394 0.5744322278987157
31.095437398688446 17.99293878191149 3.900821483453986
31.261161631844164 16.097980637875658 0.7910585419332894
26.93232782627749 23.070778758216235 5.713414167017453
31.828280148751332 16.86202966308066 1.7320728112229
31.836802721936973 16.31217406715601 -0.37692228585837095
27.35726221053477 14.778790542950759 4.325863080069317
27.240096940991027 14.58784519621663 5.644226006746945
31.349322952877277 20.08130259776746 2.0076270160170937
30.476517499507167 21.150074581726532 0.4002218630327392
31.099515411257443 20.2655025740583 0.5325319734133738
32.22099044707189 19.44570329456931 2.1635414351774243
31.434004996266115 14.275822688856515 1.1413337737015128
30.860344983694773 13.544883955516696 0.07737560722683723
29.89299822075746 14.140021944174649 5.745335912041982
25.929130692632235 25.131287727495952 4.81833277483015
26.852169536281433 13.283404974673552 5.841444462426346
25.042194885046918 18.18289148518496 4.21065109522805
24.864321583784093 20.403845780453786 0.9865378392134239
24.61443747533064 23.085053914194063 4.9086655974821305
31.997722672789926 13.298188758677101 4.629418568957654
29.513409087481218 24.8847421351667 4.4558224508185775
31.938114062980695 20.10493314762776 5.8610133395696895
32.44129518644263 23.264328632604588 4.949520838598678
26.928763733138215 13.231283641076615 0.9072392283534536
32.3957240777076 23.84043684846338 0.23161102982772408
32.50976589131313 22.82094944193324 1.0989283074776746
31.786495992510435 22.717513566076814 6.167638106317198
32.48499806279812 25.50272002695905 0.9418339659172381
26.30516927613572 15.440545010913855 6.050832206324691
30.351204029064313 22.45849151488375 6.136655425515799
35.67964113893913 15.614954621574656 6.14302235757582
33.47957406767828 14.500832467282052 5.99834321306416
37.6433001262404 25.168241631110348 0.1582344828735971
33.491294056745 23.688854129513842 -0.4808051507915534
32.984201866683144 14.073160651283153 1.273744165077706
33.32545193604352 17.224382497248662 4.934878008680573
33.44972051945906 17.121833586907428 6.217813363410563
37.47701812113868 20.263512722631617 0.03875974435487706
36.54858363549034 16.27542954805115 2.55409714492456
36.0350340850381 17.438174978956603 2.303638698323731
34.2542568393806 24.23222214528548 3.654508550103915
35.341582370842346 22.47660475310338 2.2584361076218595
35.39436345092697 20.663431005067928 -0.31611469494360667
35.900708202064436 20.067105482679445 2.766847568961065
36.50411783876567 21.15097330762625 0.2953437962938399
36.36318581551849 21.498232160167788 2.138211472583852
36.86446993155288 22.244219417481585 -0.36700616287133947
36.773603324841176 18.828685728294715 3.281628586002526
36.62351938430075 18.550104567253246 4.671146234540235
37.70165116069511 21.90254805757613 2.5237923227922296
36.040541210679116 17.597092275054145 0.9854226685841971
34.708526349479264 17.30844677450108 2.6284155642447047
38.12091363542786 18.918429070557202 2.8669266534736746
36.35323611007829 23.044463520941182 5.361795078048665
38.232075051536334 15.007244637062902 5.749622378956357
39.52509577493363 21.440133070485633 5.147783340097999
39.83740576778398 21.02885947653353 2.699272063575411
40.17297886973665 17.468699834982914 0.02763977852004662
38.29447026049322 15.70036338546313 4.642422184613829
35.80240129010981 13.771499655699063 0.8036824760295946
39.06705914586064 13.980413135928046 5.462409373018094
36.199142923874575 13.444872134458663 5.318628086533414
38.49145095430376 23.89739304554263 6.189751372496738
38.968138580575626 13.847635183971482 0.2668120073322844
40.69918891906658 17.318492301022665 5.070896961589325
36.46928101211957 25.243974816737236 3.048987553845397
33.85024425535738 21.047290837645843 6.142398961453278
39.663328979227835 25.269021902763505 4.8373015802444925
36.59087774135753 14.431663340047136 6.2443802932586445
47.436575581641314 25.09777675914645 4.362501165998052
46.531511940299424 12.988401377930996 1.4779333523370197
47.609785412956136 13.38425048778633 2.899971764473206
42.83681381148918 18.894807243631337 4.864453331468798
47.345613138717184 25.247934827940146 2.921030918661148
48.93832054618789 24.158644294829845 1.0859367448348023
47.30896073999885 20.279662057353697 2.9223518438364957
42.80089929174646 21.779112530948563 4.244542741782046
41.12365781773385 18.904510241765127 2.480508277742474
42.6250061523695 24.86042825038812 0.6814381149715332
47.625443520067755 16.479609176573646 4.023567049444052
41.46090949138117 22.70572470075669 1.6901701882676057
42.76461742758259 23.194664889553415 4.35800171737789
43.89805148567842 22.62606366803808 1.0270271450424495
42.414173295592946 24.676220760883034 -0.6256604846249525
48.21962928063474 18.7299100227797 4.512679499504944
48.75035677712353 24.987140246681314 2.379034159206191
45.871753382338696 18.814006128097734 0.6322265909906433
41.98866356659563 14.619942071447154 5.108857779757772
43.714598239452506 13.284700528080707 4.609169692564184
48.41607277848043 22.836929417010406 1.198310618083347
48.69456299529306 24.946329831844217 -0.10802968690960202
43.387826040919315 18.075987382403845 1.9660982915001268
45.34166450367634 19.60854518730357 5.343473910748282
41.51821158975354 16.480207102040215 2.6062888537825577
44.33754979260675 15.8236240115931 2.146574837197206
45.6570636796541 17.458136129332768 0.7169125110455521
47.6040497430446 21.682564137465366 5.526672171403985
42.7832034649155 23.27892408002983 1.6693471242902036
43.99084632692469 15.068179443881702 5.828705913243487
46.32223989102414 21.95691156373473 1.2474093068079217
48.85470076465476 14.023573534040173 2.2644105156723695
44.251356850170865 24.944162557976263 5.756145098851685
46.24799787064852 14.101826873636288 0.7804756289894477
45.52986240942758 17.610783121171085 3.236448996392076
41.346339225418774 17.67360684179896 5.859243423475835
41.45014000977758 17.463745218837158 0.28068381331467496
44.63502378999183 17.20703216375563 2.1920939479487567
41.82492199801819 16.286816065763706 -0.1529569530157937
46.833592244638126 16.931959242270235 0.7936554068168467
46.29571028132226 24.4660186444978 2.3091671390233226
45.282819505336946 23.207018894911872 5.0819627779475685
41.59217352884208 23.7925750534072 4.850870279853014
43.13943171229714 14.052251106794841 5.569040942452899
46.82670602410078 14.366724025171477 3.6471469926701716
41.869618870746066 17.753275969237635 2.0318524396932345
43.171269760543034 23.854242875932584 3.0080011548206254
42.526808247831696 14.212968424115827 2.0810412142471026
45.05637329724882 16.915111672854927 -0.38422482497358357
42.40689349185025 18.436925112733626 5.743038827066154
48.74592213552802 21.23123500676081 4.984936234872394
48.42197796262539 19.90192255265152 3.7250384071811684
44.143275288829415 23.643569451880584 5.489745177125194
41.90916622740074 18.43147884531204 -0.5496985355390516
44.289799224837786 20.803124373777507 6.038098427969516
28.008334302354857 21.758742522468687 12.219022366574643
27.28098336064191 24.789421315495122 10.671714725599125
27.614135113326597 18.385319754232167 8.270397543313035
27.544486273676494 24.281584027233496 12.143981015432185
28.473790425355304 23.090316029658563 12.637156228157089
27.992675815781343 24.071642243022133 9.624449674637026
28.30783272864901 19.493610332055088 8.577129316423749
27.416029468295267 20.29674209685416 9.092950550433805
29.878876521426097 23.381236650220828 12.48319231715792
29.446053485419494 18.775645477740962 11.041814918023574
26.003610233852097 18.653812106173422 11.736216911871857
29.87681291123069 19.181441208066026 9.608518269761705
26.335457437674144 18.578270997528296 10.71124326622802
25.711588079200826 19.80771476990199 12.279937938731653
25.99661846151018 20.697020887171927 11.895240250960246
28.49592763407019 23.693272263589474 7.464647918713046
30.480215702676812 18.682326161211954 12.134333120309428
30.370796699291446 25.070259824206275 7.922817619327426
29.118709383325204 15.661987403249313 10.667062875830386
30.505264949847287 20.490597003268242 9.640537176259489
30.532111214086527 18.1620746910069 8.870304824676584
30.853875630315102 20.030015636780533 12.523114740556828
31.39133208378036 21.88705473018653 11.466695571491984
31.456694921487458 17.73670093339428 11.788255833681
31.11964632543466 14.639404640596343 8.746877228717882
28.673619431575656 20.13975247387991 7.448438727857796
31.07499146072688 23.302721381502053 9.518448884334497
29.20841893814432 14.34303859060092 10.379508575498525
28.71622873056362 14.816319661283847 7.88156231380237
29.806300792357806 14.046849088826418 8.706318661336061
31.433812933260036 24.228057980390282 8.466222719080498
30.018714731091958 13.788083675309956 11.303105037280835
25.641708729755162 17.62332317996395 12.537149410580927
25.322470578781047 22.35779066538676 8.46501799911403
26.061751158055387 16.18266829286871 12.415122537780977
32.391484347526735 16.62915838556961 9.647479653673145
25.653301421314673 13.106360583222271 9.760386099752852
28.001408899548917 13.843793003433412 10.581255864047495
24.934159748945316 22.103658279022387 10.607943957429782
28.91761771244727 15.001802569860326 6.364447141144257
27.150843418087234 16.220287867738335 12.438846329437014
25.850620614271378 25.00959045844772 10.448419757651132
25.763010032825022 15.789648529149654 11.443325641638747
32.244786588328 23.611256088034533 7.374845475815456
32.57359696708885 21.07930447123447 6.459725465228166
25.69425136674135 14.196601589163969 13.323571290376261
32.28509219348298 17.19268351290828 6.733248037246637
32.638916086423045 20.699552846240312 7.737140765200906
24.57916889111818 20.533274454080825 9.18891034889487
37.32375424378981 23.078762410516553 6.40171079444433
39.000131706245234 19.533945799452166 6.681036110460887
34.39758263365712 21.376788987007174 11.30996704451621
36.824740244447625 14.017160193404491 7.579517151626288
35.20642367389542 20.39409243455026 11.72054064337053
34.68489212304172 20.226297539143875 12.969189270756429
36.3879085323424 20.933698208509558 11.828736864284231
35.336917328731516 22.980405156964505 8.141588169136954
36.39875293224395 23.75287714340434 7.919701618036834
35.37895176587677 18.922953809622076 10.56700220693949
35.647452734350125 19.59550802805147 9.338567968764544
36.36128085546425 17.949050168586087 11.219620029068041
37.460755012637115 17.17145919614775 10.401085659487581
34.10197086967676 18.323492569103706 10.6917442209205
37.22808196948258 23.77156381186169 9.016198063616091
37.55063418201662 15.754112326681923 10.703907271871692
39.03077988209751 17.93485927009288 11.05334056083861
39.314331200519504 17.54776016246921 12.334287085817625
38.872785963449815 19.265846729453724 11.105233498585388
37.40026113102375 17.447470471684223 8.98561869383533
34.184355490931715 15.660644046632056 8.058309022636726
39.70117092259753 21.595520221046655 8.951469594651222
40.014903734983086 17.678154457955035 10.217953612353066
33.34766806158322 13.981821958925961 10.830429226290835
39.91162474405185 14.12138750862799 9.4118645770722
37.48734973928446 13.478730271463304 9.852330936085274
36.59388689669722 19.14762636984101 7.160963099243735
35.13108238160929 12.863779923377425 10.759576970574647
34.22833566223753 18.17778954782546 6.53891866322808
37.60743700453646 21.596168035129832 6.8095076537174215
33.63953062191403 25.161921059902046 9.825397645930213
40.24205533870757 21.511893707167612 7.743995934681057
34.19567540665781 15.572918493567622 6.630374968946291
38.819301153325355 15.842462922804932 6.654904911792259
40.74769228909589 16.50343013716669 7.592512064201858
40.77653789408326 22.74824488665385 7.561558224853235
36.0458808144959 25.023304902006707 7.739368357939477
33.84172636554471 12.824347223604692 11.119626321345946
39.03047577540351 20.986367648307347 6.416591318037467
45.15956310588139 18.24978550893935 7.328555054149154
47.39323302747172 24.675331963027293 6.282754081183359
45.87935400350926 25.21216160581296 11.731745837178785
41.336913125284035 17.184521914450006 7.135311017375935
41.33295857276015 20.7583020362652 7.777019680491552
41.251027836798436 13.619511051585029 9.393879278223427
43.429725431971285 14.15579770597883 11.070463891590357
41.437239777707 14.389455220626903 11.913753170609244
46.99391671408804 23.146080884454477 8.37663725125461
46.81996643373238 16.67144362667423 7.909847695589183
47.317121981546364 19.949322184437555 11.706939077216717
46.07213158683895 20.034409722050828 10.960337585528354
45.98643993937146 21.10753544420193 10.029551670278886
44.864042673183 16.12129764162462 8.603080411338919
45.63356959250389 18.72126084297167 10.265393416477611
45.000808915089046 21.56390708593978 12.89283256894194
42.65333488005449 17.542356512640133 8.797075758798847
44.8101114485222 20.412286528944765 12.230049982912448
43.615552989750974 20.428952632626398 11.792390983415652
46.29631578961955 17.27565630220846 10.494153176467085
45.53459815900213 16.536128900147958 11.439735022182965
46.16104543753884 16.208470891283664 8.981456544823484
44.360153129620606 18.977221184519827 7.187554952357762
42.17062729017094 15.726160666937774 10.621232793766085
45.12212685995429 23.89294932588304 10.245163112961853
46.03186121863676 24.441247234810657 10.489811431689064
46.4366477151712 24.965836251040443 9.232662940653004
46.85683358406185 24.209475070500297 8.247018499149855
42.13844100225461 14.454977344590704 10.788213650336845
42.35175587512099 17.682402320257143 7.769536331010043
46.59717535370991 14.946843026045215 9.144062798393781
44.70378291009601 19.45984169108472 13.169876516314083
42.02667270999634 14.008321693678766 8.063375975847894
44.22554877953664 19.510941130812782 8.128365607034768
46.75672622450142 23.726836602378018 10.880052602951828
45.770849252111134 24.565232553047654 12.602268392873931
47.73101450462792 14.560648833458561 13.216470745832195
47.72151132350761 17.341597766337184 10.702268724276127
47.08490988700822 24.940831206519928 7.207171190932526
43.04216165148477 18.402581541408452 6.942736813788
42.80174431902034 13.020676247760356 7.165063352698873
43.96815287158465 23.127535495815852 6.739307370437359
42.878870265817454 16.435155670586227 13.228340086080262
48.88130636872002 21.735562886385786 9.184191494437936
45.878774316402044 20.492879498680534 6.678005510169768
45.37919692133435 15.691622513979809 13.187664431716277
44.98385053592495 20.002754272393037 6.294614469119501
25.930017795702454 15.41200250752867 14.558397786441953
25.480282695918696 15.233771916783667 13.581631592826092
25.214805909427195 19.470698174752357 13.535614630356708
24.907051085716795 20.217049330819265 14.253003590666225
25.024924871284227 18.17187909308923 13.63710495055163
29.055603308872747 16.977203450862106 13.517652143309931
29.63565017496242 18.121259757052904 13.702545438469091
28.73249220913456 18.913948504369696 14.183519229033205
28.100304722936286 23.080998715413987 14.477462170504076
28.629073456420485 22.128977566255692 15.179897481421165
26.81824891572121 23.155739050857164 14.756300841056586
28.56515731449981 24.206626165290324 14.96849860370966
30.583083059243947 17.939316115592394 14.653757576979588
36.98503522810525 13.045696693854502 13.967046566260278
38.98180383154402 13.858409871544277 13.81598530517859
41.40523173238838 12.893865518862475 16.217126765052058
46.247417354893514 16.25152359932614 16.848917254654562
43.581272834756334 13.087164255790203 16.342053274160467
47.648737652790366 22.359693355970773 14.0217255351749
48.93935771957595 22.81516847952379 15.740914214221167
47.801600278374714 17.07326265450727 17.959589515608727
45.8067092376873 13.652611694219486 14.643203263336966
44.8951073460543 14.217910127629471 14.517426983596758
47.11389535081407 17.245284905228697 16.84064260428443
48.91624164275976 15.114028160914973 13.804741678044202
48.922461036031535 23.938077413279505 13.91730895634631
48.8864927478961 22.7295049049436 14.363656452111686
46.50007992439405 18.452606870434607 17.0185805032228
41.836255502123 14.858835272955611 15.15003701219247
47.352177195401836 17.60186366949232 14.293391505399997
43.545882069978646 13.68442952954888 17.25316341388922
48.223318686565094 17.145326422478224 15.37249327778305
42.838411610186604 14.901807874525627 14.749741507901232
43.80109279680184 14.074829343510599 15.282921982592196
44.69924320274775 15.294188834441561 13.819969272044268
48.71594606878008 15.68475919220546 15.223564305816394
43.357345998768224 15.675955310967138 13.829235906654018
25.78995090008643 26.230054276674192 -3.3499999269593594
25.789950841814385 29.07000015667337 -3.3500015783973103
27.019044409789636 28.359473583078216 -3.350000111101694
27.019044031427306 26.940528960344015 -3.349999917783771
25.78994993754772 30.48993527316437 -3.3500002980641885
25.78994994900928 33.320064877750816 -3.349999909395164
27.01904023630056 32.610803667900896 -3.3499998892819116
27.019040247487876 31.199196325927517 -3.3499998911594386
28.240955482581438 26.22953657690116 -3.349999945653699
28.24095565209452 29.070520216000975 -3.349999912936321
29.470049123914894 28.359993817766092 -3.3499999718808704
29.470049208632368 26.940008705230543 -3.3500002500506785
30.70000007005382 26.230085179702595 -3.3500001885216846
30.700000013930257 29.069969069597533 -3.3499998869292935
31.92995087642856 28.359993808010127 -3.3499998473985526
31.929950765054496 26.940008671105033 -3.3499999741542377
28.240960248431104 30.489413021836132 -3.349999861335734
28.24096024957023 33.32058697529895 -3.3499998838782696
29.470049565399595 32.61131706022252 -3.350000041752118
29.470049605748212 31.198682918193796 -3.3499999200194095
30.699999987472346 30.489966775062648 -3.3499999546986805
30.699999960474717 33.32003333687297 -3.350000404176834
31.929950573636898 32.61131715392541 -3.350000605515967
31.92995045774437 31.19868283499888 -3.3500001898572886
25.789950911190278 34.7399997324819 -3.349999906464215
25.789950907422817 37.579945753540194 -3.3499998742295345
27.01904401835058 36.86947105651531 -3.3499999266683633
27.019044329490367 35.450526372275576 -3.349999886450296
28.240955656736986 34.73947980168418 -3.349999875229827
28.24095549710898 37.58046345211351 -3.3500000442004643
29.47004923049393 36.86999132998889 -3.3499999035666352
29.470049118889396 35.450006199460944 -3.3499998874806156
30.700000007321492 34.74003094266166 -3.349999938990571
30.699999846237393 37.57991465956825 -3.350000734243265
31.929950815804062 36.869991261925826 -3.350000081133718
31.929950888776276 35.45000619220663 -3.3499998861810045
33.15904452476976 26.229536552462026 -3.349999951632765
33.15904435130855 29.07052020642304 -3.349999858347031
34.380955688075616 28.359473642740276 -3.3499998670361473
34.38095596837251 26.940528943912415 -3.349999877329781
33.15903977222232 30.489413021791925 -3.3499998522185983
33.159039777059135 33.3205869835144 -3.349999872795957
34.380959783192665 32.61080366342943 -3.3499998633259565
34.38095978761961 31.199196319693723 -3.349999844541627
35.61004909010003 26.230054263045233 -3.3499998871288272
35.61004909619914 29.070000277875405 -3.349999913658376
36.84000000761723 28.360025051390927 -3.3499999783753043
36.84000000465653 26.93997737353779 -3.3499998761940883
38.0699509105047 26.230054276734165 -3.349999888452182
38.06995092206885 29.070000284338487 -3.3499999107342027
39.29904429976394 28.3594736464336 -3.349999928224998
39.29904402991147 26.940528963165054 -3.3499998705678866
40.52095549004314 26.229536575410837 -3.3499998786584584
40.52095566994346 29.070520192000863 -3.3500000936650096
35.61005005465941 30.48993513110085 -3.3499999199259847
35.61005006199877 33.320064868050224 -3.3499998658004806
36.83999998869362 32.611348105143364 -3.3499999423538993
36.84000000445727 31.198651872820353 -3.3499998980131163
38.069949924101905 30.489935109851377 -3.3499998913735993
38.06994993629783 33.320064876587566 -3.3499998929478436
39.29904021483899 32.610803666237544 -3.3499998788663534
39.29904019343726 31.199196352532702 -3.3500001705659708
40.52096030587696 30.489413033528127 -3.350000203473993
40.52096024332013 33.320586953399385 -3.349999890356793
33.15904434577575 34.739479800889505 -3.3499998626775094
33.15904452747484 37.58046342639925 -3.349999919560871
34.38095596441175 36.869471056201206 -3.3499998734971936
34.380955678677545 35.45052637054703 -3.349999873291111
35.6100490982354 34.73999972012738 -3.3499998821307453
35.610049086473225 37.57994573519242 -3.3499998838373326
36.83999999519212 36.87002266438997 -3.3500000344811784
36.83999999697908 35.44997492078699 -3.350000010080556
38.069950899679505 34.73999972294739 -3.349999885196755
38.06995089341043 37.579945742234806 -3.3499999701908356
39.299043998770024 36.86947103557703 -3.3500002200686794
39.299044297206564 35.450526355630174 -3.349999915747648
40.520955631266425 34.73947979080512 -3.349999903617368
40.5209554944338 37.58046345061462 -3.349999999790376
41.75004911997591 28.359993817571013 -3.3499998589902127
41.75004923773951 26.940008676216753 -3.3499998848811288
41.75004965221926 32.61131702334042 -3.34999985396633
41.75004964805807 31.198682936467172 -3.3499998850907975
42.980000019555824 26.23008524336096 -3.3499999739309603
42.97999999434767 29.069969083057096 -3.3499999365988273
44.20995087084744 28.35999381994359 -3.3499998689995127
44.209950746750415 26.940008658901792 -3.3499998462212623
45.43904449494101 26.22953656215978 -3.3499998842275103
45.439044334722475 29.070520230074575 -3.3499998644906204
46.66095566235321 28.359473652087758 -3.349999894621024
46.66095595979042 26.940528943929078 -3.3499999016113478
47.890049082355866 26.23005425713674 -3.3499999275262904
47.89004908449885 29.07000029581743 -3.3499999041451733
42.97999999906855 30.489966832082256 -3.350000002025788
42.97999999690058 33.32003308721792 -3.349999955120302
44.209950374111685 32.61131704618084 -3.3499999267160954
44.20995035092192 31.198682953341713 -3.3500001092753715
45.43903975082271 30.489413022560043 -3.3499999526332456
45.43903976098134 33.32058695597241 -3.3499998967016333
46.66095974033504 32.6108037644145 -3.3500002741164425
46.66095974312203 31.199196258537544 -3.350000258634177
47.89005004144855 30.48993512711582 -3.3499999244222876
47.890050028673784 33.32006488734051 -3.3499999124055337
41.750049229409065 36.86999135138302 -3.3499999142293078
41.750049092649796 35.450006198409014 -3.349999911550645
42.97999984461304 34.7400309214764 -3.3500005480161876
42.980000003496976 37.57991481372537 -3.3499999083513488
44.20995077902408 36.86999137418709 -3.349999899138542
44.20995096242627 35.45000637112075 -3.3500007979721316
45.439044443360466 34.73947976574843 -3.3500001201473175
45.43904451539525 37.580463427647814 -3.3499999231772213
46.66095597136417 36.86947103503077 -3.349999921521405
46.66095568305681 35.45052634566439 -3.3499999366945934
47.89004907213324 34.739999703850835 -3.349999878422687
47.890049094184725 37.57994573786354 -3.349999923791488
49.11999998412907 35.449974942113144 -3.349999908718142
49.119999963707286 31.198651892265204 -3.3500001156157766
49.11999994864275 32.61134809559402 -3.350000118297082
49.1199999976917 26.93997735340433 -3.349999922171815
25.914718084412666 29.296870884612865 -0.7190101106444113
31.046169560853183 32.18530310478427 -0.7413660119474397
24.665137033453053 34.47620151116562 2.865359508458912
29.85176662402374 33.846301830039515 -0.19498052159340418
31.58999889165498 33.26776047254512 0.9535988616781355
25.83116433097953 31.713558926032018 0.9380780563744462
26.067329077450914 36.44851570880708 2.7620598250823125
26.618741736777906 35.16854655227763 0.7061103473743968
27.16741516221774 35.986632193687534 1.7897176208375565
27.63562922239475 37.55514014574086 0.8814155585220707
28.205582171418644 31.4637728241751 0.5315800772941848
28.358243196690548 35.54042411861304 2.4665767325450663
28.17072474938387 37.27833509126202 -0.2948091064899727
29.34935851694662 32.59550490302546 2.5404348605768687
29.508132784846236 31.749561621070097 1.370172508131604
26.95498519413325 30.860543939002067 1.2168437797649478
27.264293748897853 30.540364338695127 2.571321526142394
29.359165628843865 31.200791507715678 4.080632997725665
30.439320903645516 34.81662859530678 3.7286712641138218
29.90801861682836 30.736306947199097 4.789938637552701
30.54836406209061 32.84531469374817 0.25123862828799304
30.244563093769305 30.483958302214305 1.5598819701780298
26.518891748844844 29.190540865084763 0.45984498799066187
27.58832969662903 28.388370861617652 0.3019948397317862
25.754978532749803 28.484346285777974 1.2826524399997419
31.21155543174667 30.389010957471157 4.515121310332082
31.80013470982799 30.475903125445907 3.613775547273639
31.187819457938303 36.481089175602754 1.8297061237871959
31.482896531165178 28.733914189678778 0.3448593088620411
31.2589930083154 27.891451713199803 2.891317949592964
29.475647430164123 26.761384714530614 5.313560609590276
31.270605444368893 26.51116626798338 3.259398757897336
27.08704555128268 28.201339810121958 5.167738116505014
32.361989653464015 26.434063101738627 -0.14443603870236577
29.969265019021584 35.14305569213789 6.048235081670498
29.593809930243253 26.148467709271003 4.114500290450517
28.565894611754075 26.545129572676657 3.3814675916241734
32.28991190444885 26.16724238137955 4.19598107936329
27.194524650031784 32.549776821047296 5.392400032103034
25.974046682424046 27.79379468724203 5.808234825983398
24.932683852691692 28.236305707148052 5.147396220500894
32.62693809296576 33.249435937548135 3.757843051654939
25.579273836584658 30.801158005245664 3.8155629008321936
24.634298351871582 35.90911399313812 2.719106836036904
29.485472258008993 30.174099386895847 5.855674163909631
31.57879756271629 29.82977448906245 5.682403520147258
24.58383151789271 30.887948799472973 3.9627428866224443
26.978088621026856 38.2008616722581 6.221439011239031
32.52125496328845 29.372681695979114 5.945538897456613
31.277402039912335 25.678193392162573 1.9546011324455648
32.47146411297198 37.007996155671215 1.380157561778913
24.676760062298033 32.7073418163445 5.120125699916779
31.256779460093973 38.09060406531448 -0.6985553483670137
25.970396342730172 25.94516056198817 6.148150235793738
28.515112097869753 38.18621860493787 1.5895301625376956
28.493019082376616 30.382168363909344 6.227351436782106
32.83717821900778 36.27831727850594 4.426517784776864
39.33659769259685 30.93361085983215 5.846629678667156
40.28746736944767 29.661335342085465 -0.6027629013212665
38.80000321754524 25.928902636445365 2.604025314562227
33.201436379940276 37.61978441967119 3.9960687520984886
36.00927439702465 26.43576433924031 0.2619568865157551
37.387830175547634 26.254768862629444 2.5331000817669946
35.16078511963418 26.965380221972218 5.361600269204585
37.37805806137661 28.192585584128505 4.543802830692178
35.71005726989022 28.191480563017357 5.3407712870752135
36.227083512881755 30.162847771416462 -0.22553947463550106
35.2265053473278 28.846112817355547 0.9937214013257911
33.161672571592774 30.555572840321755 0.738569981466084
33.254897901024435 36.17657277379681 0.5264746166350531
33.969764140426435 32.94697505867574 3.423966799979974
34.06249556189795 31.624477817649755 2.6810431185658326
34.27357338735517 31.326236241334854 1.1828837003958437
34.74276607405116 32.37545452089615 0.402594353671043
34.77536194125503 32.72355371010046 5.033597630845272
34.72331074587401 34.040050282424154 2.810640881339992
35.25839540105198 34.746423541849026 0.5492417448538733
35.89901014904464 31.989618607612854 4.838662128466531
35.734584753812506 37.00177023074069 4.935402725019216
37.09913385193318 36.220022564836285 -0.2098525069490642
35.68317041097263 30.08980805302417 0.9879250572734777
37.90140046240626 33.74938778547453 1.1775890968743463
36.62590845602469 30.21520579095216 1.896484173904882
37.84838730800089 29.531955899409333 4.696424577242858
37.813737127565865 34.08737973889851 4.204794238431722
38.22471979972253 36.7840052878885 0.47908942107642405
38.562674193898495 36.09094256843862 1.8077063218990341
38.94180439370724 34.57083178717741 1.7746754840825274
38.92870211170144 33.906114406392874 3.5753360999487205
34.803242386626245 28.953516327266563 4.634961164599666
39.0342075577834 32.56968195064556 3.648820961162383
39.26106191344621 29.39619736585378 1.5404634262032102
37.20319970303555 27.732607010755498 3.0772698746698657
39.42558633379909 37.09601115004079 -0.2789808361761992
35.082007744209385 33.880701721680495 5.598161132471681
34.01765115691466 32.01758260856798 5.837937063972502
38.105867186239685 27.239694375078862 5.379307478296717
40.34683457603811 29.446197576863042 1.4586239240768106
38.0276032893122 27.225039501499104 0.1897503979289672
39.94155504707037 34.31023302531212 4.38253754548551
40.29284372132381 34.38880946374692 1.3304151610650539
40.48839398903645 31.186062635121175 0.2559735886721115
40.59023317772029 28.383919737127634 1.4791887516656788
40.84971355439141 30.160025362768113 0.18672268491841226
40.7163029654933 29.85570710911906 2.398780853643949
37.25454319070176 26.298109131389637 0.7057486315169692
34.854723806131744 38.018413525535806 4.936813707757994
40.45957711736776 37.69105290404649 3.6869106257884487
33.678379403400484 25.55779416874532 1.731748902580733
33.350668884464824 37.65905358782285 2.481832247191922
38.97707621514018 36.33523427004208 6.1281894758629605
48.6702126390725 34.78769780490423 5.950081291335641
41.17310407436576 36.91400954440333 1.5841375532051416
47.371870393295374 33.48288015832074 6.1687442576704
44.88055508916949 37.98210762986433 4.519346125255158
43.65464141894881 25.614869925820454 0.7758584978766114
41.609104737832446 25.66024055026433 1.065689308104567
42.86635480558234 28.906163654976947 5.619832157239429
45.226694154050875 30.091454065882917 4.358232350000061
47.03378097079154 33.521867209751214 1.4816717600768547
41.4711519050219 27.021282487966726 5.884304125518972
44.571736022548485 32.072010421073976 4.038395483506064
47.29419437583024 32.7661764300349 4.926406885440816
43.98649695755331 38.15325537530761 5.118903050552625
42.85106469912997 32.08267037596386 -0.14427041477248603
46.45770189473577 38.03066790623503 -0.28684542888543607
41.54575287532638 30.96479055531073 4.95648198614839
43.042976960953716 28.90750555651264 0.0813772541102109
42.57162121257906 27.940709664373948 0.17899621554068545
48.9343819106953 37.7105308198258 2.9897229576459328
45.272372608367334 31.122569643114034 -0.12402723217728395
45.64893224355548 27.331564627802035 2.850115422694708
44.40413516083862 30.607307417199284 -0.09630407714896427
44.31882371718728 29.239344920378645 0.0338372905257911
42.28126377486151 30.02763159654716 0.027569005702835492
45.90815945927461 34.45284251405707 0.9271108578721354
43.13302251660449 31.049503348010983 -0.004750948218759099
46.14664366799339 36.408557666427456 2.677103132107775
43.191142567915335 37.65478937870384 4.56478840053527
44.78143499904076 33.68182319624969 0.46965402453718164
47.13279663300093 27.30681623482065 1.2535301951363842
48.21236678464329 35.794021481675024 5.204595000607764
45.1488528076571 28.553090066652505 0.11449697533895797
47.68561809807432 27.742312713703324 3.251770228037436
43.82934955136058 30.537662282771315 2.825821003181841
47.42068821868213 32.12670239402322 0.8134763252300747
44.13215952860417 30.81621659428889 4.046208326666861
45.10285679501549 34.80149230287737 3.471823382919923
46.37710172553749 35.423128956932686 0.02080176266866074
46.875172339844426 26.9808904687923 2.5640769971275166
42.868238077784426 30.480733073871775 5.397401302682738
45.351669056260846 35.47473323639096 2.3490931826104666
47.31697169015873 31.02311382734227 1.7830076156339791
47.8669721248669 30.40088304293613 4.1241703975119535
46.78135339968584 31.94354904757669 -0.41596732627705024
44.17840406283388 35.991988673537286 2.0025906580898223
41.11244665248201 36.4418396344321 6.1960390630334405
26.506807613385124 32.980495869907486 9.002382467190623
25.572814435369793 36.136546803338774 11.613532817412164
26.1517006619894 36.432041639619214 10.372189216039677
26.317591221110636 32.53056942315358 7.793427526948586
27.371375505026112 36.79115441052438 8.031846657083056
25.04404576259327 32.6550863653415 7.518496740148998
26.565656188267955 31.189996736635777 7.80131011796961
29.22415154645729 35.386178871591284 8.323261681254229
29.66835001841102 34.48555040092558 7.2748657293871135
28.74155869604048 33.2850130195982 7.0984467910727975
27.31422104045436 33.42344348107816 6.548945418625525
26.813663850568815 34.735834025720614 6.482782999520796
30.473749950047306 29.079707983071078 7.8672757447808
29.459703481103034 28.82565917434961 8.175932452098785
31.05331136377095 28.1571115512047 7.835269604334304
30.83427934082045 36.8890546182752 9.434719076122171
27.504617602361353 27.28753727680263 11.615946053174406
31.228678922181714 29.93960668734079 8.939131775167054
31.58121084659144 29.350904541651254 9.786038515113827
27.69732374389194 27.075529083341912 9.546417843988767
31.231194562963257 33.87539787280122 7.968311844645886
25.50492368334042 34.33963723963998 11.906938346549257
30.967500230737 33.33520734567258 9.168773854423156
26.766513549283694 33.83825022716446 11.86043988459588
31.86388467497578 32.946900360065264 7.189878467513958
32.27653363989712 35.89165841030511 11.576172136052758
30.558552689630574 30.701158979350122 9.337966250974151
32.055506401021496 30.520139789548743 8.529940330259672
32.25062265522961 35.95010222577507 12.664295723588454
32.05397202121848 34.84178888898282 8.15514806906794
27.990502605177493 26.462206339437607 10.699207221392776
29.270470583119675 26.488548986475937 10.740849963786296
32.30285678909009 37.198119158557994 10.987414977234529
26.00797845994525 28.451914382932106 6.955986466589441
27.262276190393166 25.727932355656616 6.7917789546357055
28.75795753007325 37.14649018106773 11.702895456683084
31.87390034495206 26.207335285275175 10.190587348349286
31.520046480584067 37.54616190381011 9.948852760424106
26.50486676705291 36.506305254571224 12.747471407746847
31.36119316025591 35.39982095641481 11.24700997890013
27.70784899845368 37.59435770249056 12.58210780248013
24.821052716852204 28.358592140274833 11.771284670372127
24.84619922428997 25.74184709145272 7.002085538762449
24.66091334699337 37.58062712570344 8.130820253885378
32.54082595656552 25.539430796839813 9.251989792511388
30.477938275982297 29.666780075447512 6.5158130269953904
25.05270669450753 34.01864848344451 13.121663047550248
24.806515400698814 33.790518008720106 10.942833200281944
33.461336674849264 34.005753472351685 11.825900159837124
35.61986685589285 28.673030760556724 6.553887942145792
37.18865560325547 38.13808122132535 10.769894903361928
32.955946832021176 26.475645110144992 8.42272767942468
33.47077640438477 34.988999479449795 11.355540530323713
36.50324843904771 37.959777580626444 9.084132148619636
33.50006029337982 34.78995099504644 10.284269250574486
36.40276940769008 36.67284508984467 8.77987281810639
36.35533443687416 33.516212557934665 8.434386391340938
37.06034223968314 32.132401327808786 9.896338229839204
36.930580964947104 31.505129295289077 7.869614967303815
37.22387028023377 32.55169594730628 8.62507988130745
38.280344671031294 37.243453215875526 10.88282970791456
38.933153166029605 33.172951283365215 8.321567727377156
39.893631414910786 32.070656552306865 8.852444300685761
38.92708963302744 34.43288996090928 9.067357106589341
39.93151586591161 35.53122079808592 11.06597585794896
39.0873728392599 33.29107686665898 6.90452415857366
39.63475736971966 30.359364878944877 11.424098375928569
39.96035388417264 37.650761842331505 7.545625684219828
40.52696476214326 33.09965352652456 11.021776828096106
40.81601900122301 30.55226041147174 10.809939292617253
40.00202655017185 37.16673632365768 6.285272158156961
34.40720566094142 35.47931683196335 11.621602818931843
36.085275661822706 37.878298696883164 11.695014562109249
40.880507356896764 29.160361757519105 7.012253963716742
40.962649179915864 32.206877319044864 10.006651557002895
46.707601578577695 25.90827798291322 11.864138979275197
43.328903418547064 37.607368358815805 7.099300877297283
41.16107871083967 29.549627024976804 9.958112418844866
41.665623914753546 38.00454870938823 11.419823669681906
42.075350651328606 35.46001856979007 10.112126131625809
48.95176885778251 38.13032441326997 10.464067307324349
42.038326905701126 26.92770202103384 8.93898648677252
48.6608948218073 30.33073487966257 8.65260149622838
48.0124628609097 32.48503057603136 7.129600629602231
44.571335961160926 36.557463165683735 6.423539346654215
43.656818793952034 26.842241663179575 7.635249662248517
41.87909843628827 28.21566540795495 6.545333582662643
48.909487272594 35.4272618363677 7.125176896082374
48.9126755445964 30.913585260701677 9.859136112291617
43.62859598554513 36.02597959837066 12.61235529197743
47.01620465667207 30.31642186213107 6.589878545847646
48.264900027146815 35.28501765316134 10.148308571203355
42.75100720451322 27.65806829729839 8.063277590360531
46.92700144164567 26.273781886037717 7.612118732924281
41.71797779183384 30.43935370726625 11.802651278381735
47.21118485517424 27.144643924437553 7.040070572747894
46.528767386012575 26.297379575304006 8.910002839998647
46.51918633319027 37.70456261709852 7.7210174260162
46.52308019273214 36.62484100811181 7.745226618145297
46.37507687712291 27.07200799102299 9.646704981377457
46.268608936955296 34.04954702579571 6.817029978792796
43.45582002250847 28.63182834377174 8.705269181494796
47.34350196697879 31.23532426908883 7.625612133657768
46.26034450117961 31.56358203519553 8.508622937624272
45.479440252170704 35.98055428686255 11.739599817162448
44.27846513489864 35.507142857960076 11.5712756911654
44.24974741357071 35.3623677200354 8.920794626270833
43.551552003768556 37.44256946362154 9.873219076500686
44.36753426478132 32.95489953002913 8.19478905162143
43.441391036274844 35.90455322618405 9.966303053030089
42.328084609906824 32.34410732213658 9.472875489673815
44.32209749852223 34.20553272729544 11.717307289841525
48.239443730210624 29.090930276581172 9.015131934322612
45.43802583868304 38.2607346455806 7.259969189064823
44.28099599238071 37.59800613063701 6.568704910515219
43.44635913076492 31.163199829800764 6.530214634273679
44.97334311572488 25.81601237270366 11.6806721387015
28.509747773557837 37.73758578761292 14.208637481060311
28.745419067951758 36.53060725635556 14.73172049714975
25.78994596324751 38.99945564572789 -3.3499998773958204
25.789950783700075 41.83000863914259 -3.3500000101444627
27.01904452550243 41.11953656261928 -3.349999891524363
27.019005317715106 39.7010817916599 -3.349999876530344
28.2409946797588 38.99891821478485 -3.3499998954039842
28.240955983287975 41.83052895677597 -3.349999853014789
29.47004908833933 41.120054269716306 -3.349999870425729
29.470054050496135 39.70054435672207 -3.349999876564543
30.69999991266189 38.99948995689309 -3.3500003648739938
30.699999996340974 41.82997734245195 -3.3499999924248227
31.929950902952058 41.1200542601235 -3.349999870027304
31.92994595609137 39.70054438792412 -3.349999969699702
25.78995089590297 43.24999381356556 -3.3499999109759004
25.78995036863558 46.08868293168819 -3.3499998946508827
27.019039774571716 45.37941301341354 -3.3499998941802076
27.0190443727585 43.96052019486428 -3.3499998617204763
25.789950372722938 47.50131700833791 -3.3499998969527867
25.789950793871387 50.3397480998757 -3.349999894136213
27.01904348345487 49.62946800646964 -3.3499999153155136
27.019039779951438 48.21058577631462 -3.3499998960073984
28.240955674103088 43.24947361494365 -3.349999898418469
28.240959779374947 46.089196312715174 -3.349999882037924
29.470050046419267 45.37993515245212 -3.350000046514976
29.47004907838604 43.96000022807032 -3.350000466002486
30.700000015744877 43.25002505313646 -3.350000054472072
30.699999982790807 46.08865187230124 -3.3499998963293853
31.92994991971219 45.37993509702475 -3.349999904900993
31.92995087513242 43.96000026085339 -3.34999989584012
28.240959777975732 47.500803635730776 -3.3499999283556803
28.240956504956564 50.34026693251246 -3.349999879250812
29.470049280850056 49.62998831604795 -3.349999870750887
29.4700500527547 48.21006375380491 -3.3499999429407614
30.699999983820604 47.501348079573845 -3.349999908389927
30.699999971902507 50.339716882928684 -3.3499999290086944
31.929950700176416 49.62998831216151 -3.349999911625555
31.929949923618885 48.21006374189607 -3.349999906012565
24.560000257083335 39.70051010835298 -3.3500012468790317
24.560000000611883 48.2100320179784 -3.3499999079078524
24.560000002155466 45.379966828467076 -3.349999911405072
24.56000002051375 41.120085248869394 -3.350000106929152
33.15900532825015 38.99891820751079 -3.349999965732997
33.159043973072485 41.830528931191516 -3.349999982037235
34.38095541781013 41.11953648548829 -3.350000390513379
34.38099466265324 39.70108176492553 -3.3499999209296174
35.61005404424829 38.999455640983804 -3.3499999088038477
35.61004929886939 41.83000866835731 -3.3500002084887024
36.840000000836326 41.12008518612453 -3.3499999262838664
36.83999998491744 39.70051017544352 -3.350000018145176
38.06994596452746 38.99945562914355 -3.349999994505998
38.06995076077494 41.83000863951928 -3.34999995124472
39.299044523854974 41.119536551820396 -3.3499999278135495
39.29900531834605 39.701081772904054 -3.3499999234254876
40.52099464196176 38.998918170958916 -3.3500000465569513
40.52095597697874 41.83052894821041 -3.3499999360824786
33.159044248800384 43.249473611916954 -3.350000193105034
33.1590402081912 46.089196309478645 -3.349999935312277
34.38096023341181 45.379413014309286 -3.3499999411904433
34.3809556662205 43.960520218801605 -3.350000114744657
33.15904020560425 47.500803639847284 -3.3499999305045938
33.15904348769868 50.340266935053286 -3.34999992663658
34.38095651275074 49.62946798872458 -3.3500000513673522
34.38096022662045 48.210585782649105 -3.349999937973047
35.61004912254608 43.24999381276062 -3.349999948706591
35.610049634193885 46.088682932988846 -3.3499999420700375
36.84000000698994 45.379966823827274 -3.34999993121891
36.839999998210324 43.95996906651348 -3.3499999137723546
38.069950848361906 43.249993812724185 -3.350000081685116
38.06995036148983 46.08868294838583 -3.3499999920262837
39.29903979125138 45.37941303574683 -3.350000180410465
39.2990443843061 43.96052022082464 -3.3500001416528513
40.520955702064185 43.249473636267474 -3.3499999427458893
40.520959789619866 46.089196318544005 -3.3499999396853153
35.61004963200125 47.50131701687626 -3.349999943000591
35.61004922521329 50.339748100615054 -3.349999986235219
36.83999999730772 49.63001960231452 -3.3499999350981913
36.84000000174119 48.21003202191906 -3.349999940608772
38.069950376512814 47.50131700737082 -3.349999929852806
38.06995078370039 50.339748099847974 -3.3499999294718763
39.2990434141379 49.62946802089748 -3.3500000874768787
39.29903973769085 48.21058574144254 -3.350000028467177
40.5209597817866 47.50080358340127 -3.350000059157453
40.52095648888565 50.34026700810531 -3.3500001574168268
49.11999999252002 45.37996682642449 -3.349999918612312
41.750049110711686 41.1200542928743 -3.350000089653631
41.75005412322544 39.70054431085086 -3.350000353103826
42.98000000449672 38.99948982444585 -3.3499999467877686
42.98000001525837 41.82997735482538 -3.349999955125851
44.20995090575489 41.12005425607162 -3.349999899899816
44.20994593636466 39.70054436459965 -3.350000018355883
45.43900532928233 38.99891821283104 -3.3499999575980723
45.43904402153165 41.830528947285046 -3.3499998981541412
46.660955472307734 41.11953655296937 -3.349999905435065
46.66099467832226 39.70108178897557 -3.349999911602435
47.89005407092653 38.999455659840315 -3.3499999167196104
47.89004909515194 41.830008615447106 -3.3500002847525034
41.75005006795478 45.37993512184542 -3.349999903839267
41.75004910224647 43.960000278513675 -3.349999907074046
41.75004936933688 49.629988331194866 -3.3500001343559225
41.75005012052534 48.21006368970351 -3.3500000728123016
47.890049619765975 47.50131700488593 -3.3499999130522062
47.89004920819366 50.33974809686034 -3.3499999383007717
45.439043507073805 50.3402669237887 -3.349999929565264
46.66095652394013 49.629467990747315 -3.349999919618077
46.66096021990335 48.21058576178676 -3.349999902043501
44.20994994319172 48.210063712531074 -3.349999880567127
42.97999998696968 46.08865189789649 -3.349999887444227
42.98000000409242 43.25002505936828 -3.349999905754334
44.20995086143831 43.960000214178386 -3.3500001046486885
44.209949702095855 45.379935157216735 -3.3500008616475094
45.439044318083965 43.249473629547566 -3.349999929734222
42.98000001860041 47.50134806656988 -3.3499998851762958
45.43904009463219 46.08919651793026 -3.3500017914155453
47.89004964267367 46.08868293955814 -3.349999936320156
47.89004906832701 43.249993851398735 -3.3500000138686015
46.66095564435638 43.960520189676274 -3.3499999274567593
46.6609604155461 45.37941288641771 -3.350000671468015
42.9800000004438 50.339716869222976 -3.349999967401195
44.20995071560999 49.629988285391484 -3.3499999324412144
45.43904019159855 47.500803704059884 -3.3499999858511753
49.11999999515075 48.21003201194152 -3.3499999421696156
49.1199999985513 49.63001959689265 -3.3500000414884887
49.11999999042264 43.95996910038626 -3.350000003489507
46.12188670226376 46.05976550942866 -0.9886262643400723
29.145000787622138 47.25335642324517 -0.5699258838227661
28.2661145803758 47.368612506634726 1.8977863368095904
26.319690565968514 41.44858324114808 -0.3616376872468263
28.924433208816485 45.90959666425947 1.1895683296379256
30.551112589201495 50.35162014058204 1.0200925851819909
30.658817509066854 47.78753179348129 0.15506293794857462
27.732888869571607 39.32436633890508 5.765535265521723
27.013010450125716 48.49823245841063 0.03356125654860098
29.927344439755583 46.968347927794134 2.217321000742988
26.63632686717836 40.11496989034666 4.541870688169759
29.033647839609387 41.47704277160038 0.8162082458992792
29.607081138477852 42.7168699622735 5.335938345220982
26.03800488257874 45.876809067296996 1.8892312111071685
27.730059798371574 45.92891938867013 4.626332872695959
27.626187006536142 49.376815707580114 0.16959796117301362
29.00160430443539 49.155949869033016 0.22965350292732611
29.29831929261747 43.83411567412571 3.130014196581574
29.503411668141304 43.98047279006561 4.641265543127126
28.697307644714904 43.48238588130206 0.2533855744376523
29.575135130335273 47.7958758485192 0.27195125742486836
26.890133116629105 43.995350942628406 5.018249406191213
27.95285507150915 44.777794060931136 5.3193877672076955
29.66579928666713 42.63131632192161 0.638034354808944
29.550254061691984 50.25099989731339 0.6269542195147371
30.41295049831291 43.217557092547935 2.2362281288657715
30.598283789554955 44.951371939175615 4.797038205301261
29.160635525020755 46.94308394570114 1.4429701943367745
27.159799809445527 41.17650495251987 3.9420310050967746
30.576513113646495 42.493509256327144 -0.3216391337538771
25.500296256772895 40.524593512836624 5.0228959978399645
31.04851676831929 40.65618713113198 4.989796765800837
30.98547418025292 42.01792433103566 2.790561642921464
31.314875354532546 44.27657013786248 1.8866827011202258
25.478420210056477 41.99785959889899 0.061043838948895424
25.87495515374338 42.978472444778916 0.3242139079961448
26.344403484449828 39.34280602020785 3.466040508031253
31.335803136695144 39.289076505864365 1.0322045479588204
29.061505775148554 39.07805127368852 5.120338585197252
24.746458238059507 41.39404775181001 1.2705199239765885
32.011003421715756 38.41081507596719 0.36281450034466256
24.72022716229717 42.27439895622874 -0.6716015638946271
24.897219234926833 47.1107008466587 0.5258318132467343
24.83740052977581 46.060352382641504 1.3873985569873681
31.5197228642639 47.419162850734715 5.562118236665695
27.659871316166495 50.07173951083882 5.01255941578115
32.36777183120098 38.70422354820362 4.4230247061605095
25.48255307819824 40.9406947282296 1.9343989966356767
27.473072286367856 50.72609349380798 0.16950489712149186
24.89014606764318 50.544970892810056 6.115555723586915
24.661861464765334 44.93020053316967 0.7151218495644396
29.86974072708678 47.950109582601655 6.1812878425925275
31.473631405092018 50.88896995115512 3.4455893870846066
26.593694724922013 38.29057871132661 0.570550481304416
31.16681250432683 48.98733754778308 6.142193181844649
32.83728981686736 44.71023643687971 3.6510443741937926
40.04779753053484 38.434048683832096 4.857160378971647
32.926024660797374 49.19461257913464 0.7340985346227058
33.096865302929224 39.05817784232647 -0.09158808943771857
38.388402329915614 39.21671162364456 1.5460184981188874
37.283076934900684 39.12773631220102 -0.2755514285893246
37.651048281263705 41.034125204215016 3.8559990199840866
34.71541362880607 41.59843586822503 -0.5355085333440057
34.803601232489214 48.041237537334176 0.37388923387258743
34.64823892382942 43.69497829296645 2.657883605300886
34.572556349164216 50.13382480872345 -0.27219180895398876
33.70058897343922 46.88175378712833 4.17027188428046
33.708396286227256 43.40650441033765 -0.43385029516708307
34.33564525006056 49.14562036831697 3.4299106575566873
34.72680691283358 47.89302209555329 4.308284506947055
34.26385698809 49.23137354662366 0.6904715666666228
35.10174630937845 49.89717845211978 2.303077618461258
36.07348338108421 47.50218384591268 4.112648353539291
36.533940914269515 49.616731079042424 2.2098700810887326
36.495231807278024 43.89640278142861 1.11380326495361
35.40624570122169 42.957474600073965 1.688911597540056
34.234584874426034 42.461299081602135 0.2958743173609302
35.90177506891026 41.680196056673765 2.094606913348789
37.871184232925316 44.19849004392883 1.853414004553997
38.284152295050774 43.14873008819538 2.720906145354637
38.34296203729194 47.693580094156424 3.303203535030008
38.01004113220953 45.53374865476623 2.3502185732582315
33.18731728507159 41.81774071280426 0.7387552159533861
39.12484576014843 44.21982057447711 0.3963150475641941
39.00969214111779 45.26078589054844 -0.37112940585249277
38.4465236951908 50.56793570550107 4.144487016907764
39.32770994737271 47.75508199898833 0.48275256627291374
38.92208001480365 43.180074510367106 -0.39093047058566754
40.05267180054886 41.52219914350098 4.490968627398728
36.06031999631069 42.18425354020072 5.255231077952709
33.73010756650819 43.96861070552434 5.867330166619604
40.4031192351924 44.16653197017035 0.7186862826133089
35.514523405208806 39.04232636449735 4.4041634560038245
40.69619306586441 40.95376808892687 5.605928907753118
37.56478576052883 38.497004219462454 0.8475515660065935
39.886905426531385 46.18268411236542 5.383895575143784
40.11905731491944 48.177315772894865 5.939575575198671
34.629168873225154 48.27929807117191 6.159926992466866
40.621650096828965 48.150727259803475 0.29308827385955305
38.71240384494147 38.95394129944015 4.830708193380348
36.62236389423292 50.98390848585971 4.99116206167343
40.702031990180735 48.02808407462279 2.9574333167562505
40.756750942764334 50.2184975090148 2.0685084466629435
38.389901087758304 51.04518099154836 6.231962377754501
36.46980778720146 38.53088178565959 1.568597488412612
40.59835959286437 49.091964702479395 -0.6250181101324082
36.79795434453325 45.03039186855092 6.243715249875377
42.72611617177322 46.3199002864759 6.217300803683691
49.029931987311706 40.739716791179795 6.206569050028725
49.109138151110564 42.09142290827315 -0.7294014916655156
43.58779945212195 50.78275438484244 -0.1733905504128741
46.50351859798245 39.69548999161042 1.5625153629441502
44.5327044730321 50.41988559618594 0.6855310634653122
46.435398288365676 46.29272523227884 1.3364698443500589
42.220580237731944 42.00361446240655 5.856247361457209
44.23921795538973 39.24307026531403 -0.11584367924131422
41.95604158259929 40.62990593027535 0.4717108873562492
45.31735151974884 45.81403321452461 -0.2954893519016555
42.014811286618105 43.29583069802854 5.735858603889331
44.659932013194584 45.00801409329545 -0.6214230397127118
48.40422160697379 46.67456635037295 4.134126819204854
43.067032371325865 44.23131523363452 3.235060022867037
44.6071132223816 46.633901088193575 -0.18835284658436757
48.5753139327059 45.38958855051178 4.075639063356657
42.85987719938988 38.59095046924071 1.818619239356275
42.2950656361654 41.81048341427429 -0.13148630267738715
42.17418644495485 43.72923267237751 3.5773161454512756
48.378954319509155 48.58056507390116 1.4450022042245525
43.77185311002024 45.12028363406027 3.997909702733986
41.24220108211728 48.84045508846097 1.9138805693366856
45.44861033324394 46.37312230087506 3.553444784342379
41.27852318613304 47.10901885475391 -0.11506796213146986
41.29049085221751 39.9668016798978 -0.5079718767785346
43.888860793282106 39.23856228196182 5.144904931459111
46.045781404163485 42.092464140069055 0.9827717240339795
44.977526153213084 49.08980525572099 2.8900300407653035
41.11088827712104 40.90529317594017 1.4771125171945276
45.69415757279634 42.49278685183882 3.997128895593045
46.517159368218145 44.5796883894187 0.934707370532819
43.8362684495574 49.739899053788896 2.266380976448036
43.135004194780706 41.69505749556348 4.947993431299703
44.24436846208857 40.74882243942414 1.9148230066578287
41.072661243256796 39.46764008803911 5.297327389409638
45.83621790313519 45.41717468476822 1.0864816324300275
46.370310066366535 40.52765778894762 4.416201818658674
43.692556024093356 44.21232313304943 2.0347629001772405
43.47485284943846 39.65691288754835 1.0579050438808502
47.45544457956679 44.93165534288609 4.651426574054715
46.3961643682643 41.487808996533566 3.534235153172779
44.89934738094607 44.99779744605341 2.1601383806008343
43.33929182732712 50.8568480148723 2.9974845604976217
43.3478894104426 43.87710550148107 1.0676878953395097
44.783646443513035 45.563226227056916 3.292118599235969
45.753410937910836 40.954214983637556 1.8460533893659037
42.74437564113017 48.70750981977035 1.734003564860076
47.45145281881586 49.52259418124243 5.3230416045202205
45.28573080195573 49.5650404647367 0.03675394062413129
43.58701883776958 45.44971198378803 4.934613099865963
47.661266057055194 41.94284723958747 3.54773618317485
48.547081572787874 45.064690962771095 2.8148587015559814
42.46954641696508 50.96114001481641 5.667077563941822
48.91189857496927 38.30571129707585 0.06586296166467553
43.64107525122133 49.75040242316383 6.058618484165867
24.893840920262374 47.32864029432159 8.433209085062428
25.519273287990817 48.982205872263116 8.89859049131515
25.81688709739031 46.3853260139878 8.23057485355218
26.434036007709018 49.450082802193414 7.714474613485031
26.34676095119149 48.69692915596674 10.05624060930993
28.703903977029412 42.718510368377814 8.46066592807471
26.96199325448564 44.016379891638614 11.341189936339285
28.63274876703447 47.23186171593085 8.971039416334854
29.37661347877168 47.92136365044888 9.342054743676778
30.52753799235722 48.14249246726487 8.809291116910323
30.661665448029265 46.38218994398061 7.917222347843697
31.12958266664647 47.34934955416436 7.733494926649765
28.660727955820946 41.56721542904749 9.157413391303967
27.50924829824399 41.54955576227156 9.748640802556837
25.92319145345403 40.94894363116846 11.842045771697824
29.67233522715087 41.56988319076852 10.072492063840857
29.257602164707503 48.72483633472159 10.35723502720143
30.298266532727443 40.28341849535814 7.495979017516575
31.176668193767924 49.21926647039373 9.488484178147992
28.35417128452851 48.815707889205044 10.799564096257392
28.94779397202572 40.207827402931585 8.005758872424307
31.362235349791895 43.608759966422475 7.912742651072878
27.168512380408878 38.91655630963222 12.354944715078208
30.349257785994563 49.56259706565589 10.477980190081412
27.502206850174304 44.842253128517626 12.373920239143054
27.789018317842526 46.202709024438505 12.048684264660462
32.182532605584896 47.266624186228185 8.002851455895811
28.72201646315781 38.96513501777462 8.706659090092632
27.84758179093349 40.32396049169795 6.9849874361135
30.94900658545796 47.93655373400765 6.333279440980465
32.1073885912779 49.588089567659665 9.083355723656512
32.70183845117691 42.63637798832289 9.241771599687542
32.66951569498946 43.513982758838466 8.194253264727031
30.01120436201144 44.347097283413625 11.688086466814838
31.82152719944166 38.762200211173166 9.586068713427053
31.45552222718465 39.23951786256012 8.774706759679816
25.63266887022675 49.88281423582806 12.791264552462449
28.005998019539966 45.01667926319551 6.628798429619282
30.343160350377733 50.33799668687093 11.229723662993912
29.1401721702918 44.039465940224964 12.724908261144526
26.698513482227824 47.68845693659633 13.017133979991533
26.073225608036893 50.75294592617228 6.94611050044905
29.02887392827653 42.73719701022378 12.805924193931286
24.82261442781727 39.76994344927958 10.025107249421346
32.682011217811045 39.2494569810873 10.57770122636839
32.89153714200593 38.3390729509185 11.561184403821823
37.288901463064 38.51435022511765 8.150188265095426
33.05348690971627 40.26355567137789 10.580808746233053
34.13059433223431 43.31306566713381 11.776281499252853
33.47099320528807 44.84617604353449 11.590055327176618
33.77994291167081 44.15454375767817 12.373824974541684
33.077725835427366 44.68130232895776 8.658955156413633
35.33665684017689 38.52370496798 9.023644175803273
32.917825014342796 48.100553469774724 12.31602138629177
37.03143241780978 40.73773759706294 11.575590967339185
35.56529540045241 40.712408290772345 11.46853699935279
37.28062999265425 44.39231527077696 8.22661561833815
33.64596945783845 42.89766556280859 6.80150930271739
36.31584896210853 42.426644313431524 6.667546528222148
34.46619061297255 47.16439209951185 6.862363164836641
34.985166136444604 42.578679059715384 7.475615379643008
38.99608236942914 50.27374890365107 10.775382025480926
37.719425983125056 41.93724082531896 11.194386262194843
37.10674758402082 41.403049131368576 7.235372416654946
39.22252140108504 40.690864089225194 9.215918934963819
39.092993187863314 46.84028039384635 7.2172424388899445
39.637031453869874 48.38148040385678 10.139756915292512
40.36599827407622 50.085699710347704 9.172232006225581
40.03934765915838 49.62468205180221 10.359686718301157
37.89514529753813 45.8604778545328 11.647657697178078
38.901148996748894 45.83713349473544 11.560988220262754
40.27794875123538 45.618277087359466 10.012690040642848
40.04230519823399 40.99777403338193 6.897266553813188
36.987202007063836 46.660294913485664 11.014843669242017
37.30682496576324 47.46401444725285 10.368101003608247
35.77494110287042 46.30342351176331 11.44323977233906
37.77513105413045 39.565425871387674 10.815405925313975
34.82911357777639 46.76159340040721 11.1944614655245
40.18329131166832 46.94456950616891 6.382971015108936
40.75393551110863 42.657433004233134 9.566382166213462
37.273153504689 44.00198187331801 6.943538974869027
35.267594948494704 49.68077179571495 13.281815325226141
35.97842892790469 45.27676272971561 12.37527346355157
34.865483721507076 44.788202262510275 13.247546352229682
37.23211576359614 45.05981214439772 12.464482755525012
36.50142626669519 50.433078189365425 8.974522833741677
37.64726114675959 44.319009563423506 13.131765189811532
33.49853782975143 38.35837720995798 12.454256355491722
38.52866782551331 43.79571882242377 6.621037674236198
35.71797385673255 48.76502031061525 6.630548629736643
33.39061971788158 50.936090934010096 12.400938213082624
32.93123787847404 43.8021042752662 12.959987219984638
33.632262984984074 49.10564611560488 6.51250705754774
32.95698762536478 41.71578528362744 6.311310188511149
34.6512300166629 38.29059310294442 6.266746151971315
48.21001532481745 38.50712927499667 8.697884267392363
42.17873498711293 49.86062509590509 7.073264241789399
41.25871347967847 48.911982041741865 12.623057681288174
47.33517018359074 38.638383035658784 8.210525642510412
41.90191159684908 39.256387607307424 9.288007754651517
41.56255451383045 45.26871363742869 8.085282846627141
41.595072738558606 45.19324294228619 9.627796072429692
41.5121620601547 43.171695340073846 11.440232084792184
42.53430597179687 38.48161226921152 10.355779778707706
47.81389877699143 40.24159616586977 10.953568252201698
46.76197985152252 39.86524565612178 8.05382379218277
47.97377639587744 48.20613777494053 8.747813979618844
43.63699667710585 39.654882141973935 11.237955731342073
44.68175119001812 40.12722039811108 10.55076625722976
47.73433642041109 50.39423720384512 11.240009134629183
47.5281633739117 45.12094234944586 9.155349482248115
47.16148806730348 46.589282086709765 7.186839741649092
47.19352259471746 48.089145016006825 7.580596645184991
46.31717781569548 50.31968571674064 11.425361525995044
45.26683016953555 46.03516786667815 8.651866712734671
42.59064706094031 49.44782667724146 10.698640956215417
41.74480035348445 46.583785956814985 7.260972003513221
41.508961698294684 49.76420311500233 11.494164577786071
41.69178459892517 43.38468866816954 10.128723883535597
42.80526903155165 45.784141615289364 10.139304472778083
42.03799479844769 47.7141173616209 8.077430893149092
43.958807286456704 47.908560906099474 9.647446424347443
45.485492035265835 49.875325621397366 10.324985695547173
45.87455933039381 48.712954631379155 7.594989642112802
42.834373153820486 42.89338652013298 9.817300518722705
45.47822611061884 43.244606138202016 8.364904789144044
45.279905702957805 47.497691922658454 11.832355052219519
46.10089187872175 43.96395575665648 7.454552071573347
46.525562777537985 45.59507837324315 8.20894323725431
45.62158105462232 43.41430271104569 11.566063217395664
46.312466612037625 43.64978185330692 10.77005648357675
44.32538182699092 45.053453114086516 11.51826265422117
44.62457273281924 44.2368695730186 12.031854050516563
47.260090413728015 40.681532753962756 8.555781202654352
45.60760421755999 39.62070480214903 7.381410495574578
47.177005142240795 43.25409552922304 7.087777759317993
42.93716794646885 40.69488772081789 11.564166001330404
48.14987306147458 49.06577137159053 6.3262184708794935
48.49181828976378 50.17227745646154 6.969845186336108
45.252559355208284 43.98762010367022 6.4007360582378245
44.80250791269291 40.26125786431942 7.052911310525003
44.13330489043297 39.08875793479419 12.33272641316154
45.6173000684324 42.40739557761341 12.44825627692791
42.91630535176915 50.42969617653917 6.507359600524667
45.973759290270515 49.67715198257235 12.7860181733541
42.813164912467876 41.77177574218054 7.022510037406951
48.25899289667089 44.29909165951854 12.569876207064123
45.32281970767004 48.28397163357632 13.023261222471268
46.22612512201996 41.516176716952124 12.48647926142832
47.189893238279794 38.400494678316186 13.10952939874716
48.41664849731015 38.93641898406823 13.077663558753194
48.93512464054865 39.41660997800038 11.374196571147285
44.17977524907987 43.84539868657862 13.213687496811497
28.872593944576817 50.06742347258039 13.412090460687114
28.005028210699766 51.04546922534219 16.001458617828682
25.137813557959884 45.09796962912893 16.310696028106367
29.652511251012236 38.34418693136191 14.163689423754903
29.745448630315607 44.34391923115968 13.830722958328582
24.942097077854086 43.944507880633665 15.697877200940496
30.019823477089048 50.80948160304686 15.885668174323126
31.762401356643004 48.93479851863832 13.988090436480825
25.64314051621431 42.65761176302478 13.617789972682786
25.412120537480085 44.02820068275006 13.884608782214313
25.58261418049149 42.99886978460192 16.417167647929052
26.733719127400185 44.89633083759429 13.762833729160445
27.753624162017342 38.31584300088197 15.114747587030841
25.745741734351604 49.35876443390556 13.728807262182265
26.251449709557225 48.147631897216435 13.797769835425415
25.88609538409391 48.82627188942917 16.916980851632225
27.220603614579453 47.0526386420533 15.363678177455729
26.580248336169362 47.88008943687729 15.09596508530012
25.418504993020793 49.73648537482308 14.917976150324838
25.903031737716535 48.7645993638355 15.838876190846827
25.06121722718707 39.71767043673103 15.684688056564728
37.27651874071219 40.6166612699082 13.394494036366172
38.493559839909864 40.98703324428327 13.703690121530006
32.97013175009915 48.719154902142485 13.506833764551605
33.995770262362264 50.23840030146903 13.500347819627402
35.258156733372104 43.99845547871678 13.888021116601367
33.38387410290233 47.82943417047295 14.419063948958541
34.48850013381103 45.58281982674154 13.891414585706176
36.54852931685736 41.41465245486646 14.090719849141342
36.34424949379771 47.3731302586429 15.19888704090788
36.939844006996495 49.15886871787587 16.354684725236584
37.333673394669574 48.005167798243924 15.831731894612087
38.363702120492924 48.80711084421823 13.469918233045453
38.84810970059948 48.17850600847078 14.668608455937619
39.290826740914795 46.724812435721475 14.367965324102363
37.626469663647654 47.16936930366049 16.857645513000012
37.0877929277615 39.38735818659499 13.878572072068062
39.24392780134373 43.84587392084266 15.62928140190123
33.868050752097325 50.89741133960229 14.881559173931699
40.683618231472245 46.06724744258563 14.775904668709584
40.39745543044386 44.525886298007755 15.898902492061705
39.71684551178311 49.02263755733926 15.42337457104168
40.20430271231743 44.92196230215463 17.187301846979178
46.86776525754284 42.670941720659215 15.066542507076427
45.988171628593015 46.10945616447121 14.3477039124826
45.7265178933519 43.615080094155886 16.01625934750428
46.59476832199287 47.921390874472785 15.313306246935888
42.0872183522292 49.10674017837104 15.045624650821118
46.296932878213 42.07462234667202 16.550875124870444
43.8832455643359 41.95824233255315 15.210398788650599
41.355025331682945 45.46753982514738 13.65291636762724
41.52813421937808 46.908191234280544 15.591999187316068
45.140854533783916 40.92690767475084 14.534113577127986
47.65923107166767 47.215862855682055 13.632264238505932
41.421155825439456 43.70528583987629 15.809947734556324
46.434962725078265 47.36135121650645 14.150995188402424
44.79458774941722 42.7094518992935 13.52328406279577
45.95807384786109 42.60993006359883 15.663902630436317
44.876617292489385 41.95960948344121 14.761722133598594
44.19085441850365 48.31528357208352 13.92193495980765
43.51879166592721 44.430518320097704 13.835889809105042
48.41576672081225 40.06726302840481 13.933300785570866
  
  
