  
  
1.229950669386955 0.7102494374971127 -3.350000038487594
1.229945906893811 3.540544381308901 -3.349999970299643
2.45900531886973 2.838919389561011 -3.3500000304771413
2.4590436318234516 1.4204752416084903 -3.3499999318142457
3.6809567759788866 0.7097305052612637 -3.3499999174263397
3.6809946901483883 3.5410818240463504 -3.3499999814288572
4.910054054119388 2.839456809699166 -3.349999920039888
4.910049277245821 1.4199571570208072 -3.349999919909564
6.140000008004612 0.710280714733291 -3.3499999162371017
6.140000013000394 3.5405102192058666 -3.3499999184133253
1.2299508908573424 4.9600542536255725 -3.3499999286835935
1.2299508994108972 7.800000274716286 -3.349999930900113
2.459044315735812 7.089473635858218 -3.349999931712082
2.459044017591481 5.6705289391574425 -3.3499999377543754
3.680955482816183 4.959536561425105 -3.3499999465185146
3.6809556471254465 7.800520211183222 -3.349999923615452
4.9100491276736395 7.089993817968869 -3.3499999178727613
4.910049238808127 5.670008652212947 -3.3499999245337566
6.140000013152947 4.960085194978403 -3.349999918598232
6.140000016438696 7.799969093708016 -3.349999897310747
7.369945952855913 2.8394568069893644 -3.3499999100225852
7.3699507235349095 1.4199571686030776 -3.3499999143579515
7.369950884743585 7.089993864294826 -3.3500001253132816
7.369950769935285 5.670008616414156 -3.3500000823611376
1.2299499348248795 9.21993511891239 -3.349999936648768
1.2299499457917051 12.050064857818866 -3.34999990937495
2.4590402043179562 11.340803726448131 -3.350000018778524
2.459040139920478 9.92919630703042 -3.350000373637152
3.680960291173939 9.219412971550332 -3.3500001560876216
3.680960246770853 12.05058695752855 -3.3499999248095023
4.910049648194883 11.341317053725279 -3.349999887095685
4.910049667769945 9.92868295277387 -3.349999912955912
6.140000011720022 9.219966844481075 -3.3499998673034757
6.140000014801986 12.050033129523358 -3.3499998633904857
7.369950372266898 11.341317061797662 -3.349999894591562
7.369950311258719 9.928682952578445 -3.350000170312949
3.2029451880546638e-09 11.34134812880872 -3.349999913403674
7.89038817449311e-09 5.66997734110093 -3.3499999712676987
8.599043133628442 0.709730459108168 -3.3500003188933993
8.599005245943985 3.5410818613672506 -3.350000311528393
9.820994723451557 2.838919418346196 -3.350000687091532
9.820956447239954 1.4204752684902466 -3.350000972193156
11.050049377656194 0.7102494438489945 -3.3500000233486427
11.050054101766944 3.5405444408659226 -3.350000042480099
12.280000040952128 2.839490999521898 -3.3500000203745484
12.280000028127514 1.4199261556146017 -3.3499999634122943
13.509950663107967 0.710249453645058 -3.349999964417928
13.509945952133716 3.5405444032240894 -3.34999999919538
8.599044528046644 4.959536571750633 -3.3499999853633824
8.599044367958314 7.800520194290099 -3.3499999720529425
9.820955692190294 7.089473642776324 -3.349999866658634
9.820955992517767 5.670528953844992 -3.349999906232709
11.050049107577644 4.960054265728595 -3.3499998594738156
11.050049098325228 7.800000279240995 -3.349999861759753
12.280000010260897 7.090025046154324 -3.3499998505667827
12.28000001122513 5.669977357526063 -3.349999873990064
13.509950906970237 4.960054257946541 -3.3499999921233514
13.509950921747038 7.800000245368933 -3.349999898906224
14.73900537066646 2.838919485689427 -3.3500000914089503
14.739043718441364 1.4204751924369596 -3.3500003599551254
15.960956795551192 0.7097305230114245 -3.349999889325076
15.960994674668079 3.541081837496629 -3.3499998458288758
14.739044317756067 7.089473634752608 -3.3499998529018105
14.739044038179657 5.670528956612564 -3.3499999812849635
15.960955482124422 4.959536558332929 -3.349999874543934
15.960955637960668 7.800520211295276 -3.3499999687170945
8.599039723522562 9.219412983326519 -3.3500005798739583
8.599039771340632 12.050586925643454 -3.3499999130520175
9.820959773621354 11.3408036656232 -3.349999856767465
9.82095984032813 9.929196391803986 -3.350000183139578
11.050050059880514 9.219935123188845 -3.34999991858955
11.050050045216853 12.05006484690051 -3.3499998916895466
12.27999999749136 11.341348109969069 -3.3499999067954125
12.279999985074733 9.928651894217454 -3.34999997748767
13.509949957817806 9.219935121303626 -3.3500000931358267
13.509949942610998 12.050064846325643 -3.349999867612383
14.739040206804315 11.340803668101483 -3.3499999014120787
14.739040227099393 9.92919630893739 -3.34999995349642
15.960960242531412 9.219412975796152 -3.3499999453006835
15.960960230450201 12.050586980051333 -3.349999959268384
14.311326091122849 1.8249701774831548 -0.8667636157240077
17.190053971829546 2.839456812186073 -3.3500001358005225
17.19004926881619 1.4199571613345507 -3.349999888187949
18.419999965652515 0.7102807142026564 -3.3499999104443203
18.420000000344125 3.5405103266849176 -3.350000505026145
19.64994598368025 2.8394568057277723 -3.3500001580976804
19.649950662434847 1.419957268996853 -3.350000394120066
20.87904335667051 0.7097305377217271 -3.3500006831177878
20.879005295194748 3.5410818389276155 -3.3500004222236512
17.190049107891966 7.089993810890377 -3.3499998774150908
17.190049219362574 5.670008656817744 -3.3499998325716227
18.419999992282122 4.960085207856669 -3.3499998543304055
18.419999964840738 7.799969048150998 -3.3500001683658343
19.649950875209388 7.089993806295987 -3.349999898757612
19.649950753895844 5.670008647602206 -3.3499998589878155
20.879044505560508 4.959536576179546 -3.3499999409145467
20.87904433772227 7.800520209760483 -3.3499998624919236
22.100994696025747 2.838919387012984 -3.350000065176928
22.100956370942296 1.4204752650353578 -3.3499999140440426
23.330049344756432 0.7102495040689503 -3.3500001456869732
23.330054053754395 3.5405443860857457 -3.3499998839606917
22.10095567665794 7.089473640129669 -3.349999886128441
22.100955967191016 5.670528935688228 -3.3499998886700046
23.330049093350013 4.960054256205351 -3.349999885569569
23.3300490986329 7.8000002723795685 -3.349999898602205
17.190049698257553 11.341317075856319 -3.3500000826575125
17.190049696758344 9.928682872094267 -3.3500000644478902
18.419999972704584 9.21996686886738 -3.350000016920003
18.419999990704554 12.050033134624336 -3.3499998857999236
19.649950283431195 11.341317062599943 -3.3500001476785926
19.649950288493937 9.928682900024606 -3.3500000502497973
20.879039737978108 9.219412973278835 -3.349999986114521
20.879039766365292 12.05058700636591 -3.350000129358086
22.100959804478077 11.340803691791766 -3.350000018286239
22.10095979751725 9.929196294572733 -3.3499999891260424
23.330050044104564 9.219935108433626 -3.349999935790633
23.33005005347428 12.050064863850835 -3.3499999126096913
24.559999995220167 1.4199261488529074 -3.3499998936513076
24.559999994115305 2.8394909725217663 -3.349999910679884
4.853320904031986 1.3319838145657998 6.139354204576738
3.129129723030766 10.11883680355521 -0.5530459457706405
2.877746557644829 8.933613917386483 2.2025979405188068
0.8901772950446791 1.5114684720191174 -0.3547926775286714
0.6159731567654866 3.1240054174508707 5.108635980056
2.2121278194103637 4.7074737145233625 4.756582507748922
3.0519188687986105 7.796227424608155 4.38345322146608
3.261991022851794 5.788910745942069 2.265815977013207
3.7687577033039696 8.192885180941417 3.2480582753656675
3.146485808811305 5.2437961944306695 4.680863651429107
3.4020217269284547 3.017912893897347 2.3832313747808618
4.328249825440085 6.6331859798340105 2.4348718050537976
4.021592759153207 1.6909426313626292 0.975336989792106
4.48161269544426 2.6321158757873793 1.7673006805488
4.80877400931691 6.8505867638143 1.1665649689790136
1.9716212800852113 3.504473689870399 5.33909229159001
5.237091988636486 6.001295416220304 3.1567603821707
5.0030127945806795 8.891070372354255 3.498210988635381
4.871422263338965 3.6223848128391833 0.8926080398132052
4.903397223103343 10.5360513251121 0.5459017912216857
2.7197340670565278 10.438512724730728 2.084736707397661
5.257819734209498 0.9124694366245321 3.6575105702686606
3.5866539810276215 10.82483009493954 0.46657378403802463
1.365247756191057 10.90317987470253 1.863707247170564
5.860397653856158 2.07191681076702 2.9705631195142743
6.044278954281694 3.299242528755699 3.707292689622963
6.253507299995123 11.29401382618694 5.369142595689349
3.4492607994159075 11.222301342420517 3.03261778768083
7.066209050837962 9.762412931907821 2.7988188329488306
0.06927667448319387 4.114789430386246 4.424236112033302
0.8913013498897183 3.0611438043031036 1.0615987137004967
0.28180062821953333 6.911124020626531 2.1695805173274807
0.9728796425965286 5.022748146059994 4.1036491252783165
7.387460238297876 4.8184841350124135 0.8947121896924048
7.1377848701871995 1.7597428784164193 2.0509435170398738
0.8708112696602829 5.788545437932077 3.4530827912004147
7.80308788940931 7.408571474300295 2.354642182676001
7.699369609493428 6.579509259437576 5.848361734185711
7.709217354724393 6.493383703489574 -0.4257798474534791
7.316009474731924 12.390505235661363 2.8474897279652653
3.5178868901256846 12.108280952427286 0.13958027020279484
0.13885545114323578 2.102283210640342 0.5740909206498779
0.7820949241669254 0.37737014909934413 2.485672440314141
5.5699783451531415 6.3225820993640465 5.945720536598817
2.652544854025531 2.8270970402840376 5.832958630848203
0.9452698492008756 11.057455699429005 5.938077006533426
8.185539333790881 12.616747422586625 -0.06715349948469895
0.18919178698695305 1.0856093523532921 4.915933571415316
1.6548210820694322 8.58245302330703 6.203979925127942
1.3659584034226873 12.418606971397276 6.200375204649426
8.213132684149471 0.4272847206194774 3.6253598229967987
12.069916882011618 3.028536432634579 0.01083325398583912
11.784328363102205 12.608762668661532 1.623259232752321
9.838780027903937 1.6456596463243602 0.45014451776308695
11.825866032388465 5.8711067749608095 0.04788573797669615
14.296028176439897 6.651937308070588 -0.3967695484948319
14.024359476054098 1.663069064421183 0.8635633405876253
10.114994932405635 7.549902750665014 1.3126520671956554
8.260643573333041 5.722119508983274 0.5042267132032308
8.446695624014433 1.5173809916273713 2.7692532112718196
8.95819284296632 6.694774938710493 1.9149808028538273
9.214277239970285 5.060882469989263 -0.09944610376845353
8.393707981259455 4.5439166429508635 4.77025216995886
9.00817855184322 2.688035693720362 3.3185153284684965
9.362750065103286 5.659969133216778 2.7791074518988665
9.736569350533054 0.9245079841164738 1.5589760033497047
10.36882893063928 8.530694966465953 4.9360784788141014
10.003060983935649 8.984639250735993 0.8397170018992883
12.675796241162312 5.209562838695741 -0.03197827532515074
12.747594354770083 3.869275891435707 -0.00678506979359339
9.37870073202854 9.107006836980654 -0.40376167052125433
12.58272725062812 8.899287538807107 -0.35254665639209426
11.809758180819065 9.622622211909338 0.4638817193754541
12.520674710337731 9.838701377990164 1.5337459919744445
9.593275390736572 9.877355319288274 1.8934524046711543
14.129979684965988 0.6456180750067646 4.440507784524142
11.499500018902141 11.011017779180255 5.1377222440139345
13.964209018304919 5.747921002158668 -0.09221977433592765
11.763241959659034 10.798550398956838 -0.09338080957483674
14.106665744472432 3.59104003943614 -0.010232370673911584
14.466220268390224 1.7486760839740605 3.7648170502200493
15.099339937326421 6.909539688763126 2.5342829192214866
14.565306653823974 2.2358970549635018 0.11034076748936528
14.834778055607991 4.735120514921412 -0.03625086828720536
15.137073063113284 10.32472648669313 5.43952012684035
15.733953785730929 10.462021622060833 1.421064940584762
11.539784723122764 11.346402493684552 3.763761905282136
10.08174696496239 9.751416449185767 5.392690760442492
8.922683090223934 10.14367769264418 4.83618270610345
15.913106875671074 4.756159432460633 0.02000141857715909
15.999394712948574 8.588116958028786 3.898016972641355
16.12249288569464 7.726593555184271 -0.13843504939439422
16.05692114366341 2.067689691898873 0.31262334973854
16.24448134167044 7.515054811697193 3.0515210536579773
16.085068979043953 5.760595799503281 5.044525566349247
14.068584756944356 1.0246006513511765 5.735942771195123
11.107343160102326 12.26524335266957 5.986153661425777
12.203569278768896 5.623351403486099 5.063567422795094
10.952394663467771 0.892733850087232 2.0567025996143604
12.942207934227929 0.25596692248754827 4.033354566318572
12.688156642323218 10.272975811046626 5.536798462595022
16.36759688909136 1.0324821713153056 0.17146396886178028
19.356048571414725 3.312957502241489 6.08143994785022
18.889303967128374 4.74745187605136 0.44571196450570394
23.634293289419148 12.345009303879769 3.4625321866790184
23.900328530336346 0.07213493774036553 0.49524900433350894
22.455655136560942 0.05400880948143263 5.439776590237808
22.741897529745557 8.622090136773666 0.531928465867959
17.9493029350808 10.835846143842137 4.674462600790205
21.642238635016376 11.047456027987085 4.122191581950629
16.40306684415075 2.4530877708689345 1.271660092924355
24.08011336249188 8.504144311494114 0.5700933591613677
17.382999941912207 7.848476822434258 2.0040693543178243
20.15505153633482 7.781096294048401 1.463080925120016
16.92658506325799 6.1356724892454855 4.087962511834128
16.64840748227398 2.6191153585507823 -0.41824848951083626
23.812839377650576 5.4313434944316095 6.167895500852949
24.39517503457457 7.278227832330057 0.13088824943870647
16.377656371508824 10.606455863493359 -0.5501408488176729
23.73575552679723 8.403143374455235 5.706003771256029
23.948264868739596 11.75190215449958 5.831183277290838
18.08816560878407 3.7462253370520258 5.945683150105129
20.317930241692547 2.902424922546652 4.485293626873759
17.150202261921933 5.033685929120242 3.394910072379184
20.068468277229595 3.967802208486594 3.411908990071484
19.545101110347442 10.687027574421544 5.943843748671387
22.165620877550875 3.405171888843498 2.052881055965605
19.185699881271752 2.654858498662435 0.8736599135874668
18.415780924660744 8.319986692097379 -0.14372629550962412
20.5874074326263 3.7083393734904426 -0.32715889576965584
21.676506817955882 2.775173603343191 4.865398355868868
19.02702400231214 9.04602808185345 4.80325218803468
24.287211278266547 7.534410035555909 4.6863941097666135
23.43231859556143 5.942122080250099 4.977099207998786
17.206395296629506 8.362968490076266 0.5322613174313973
16.81101925705856 10.17608332139333 0.6137492016881063
21.164884630439655 5.673050017953086 1.934140830670562
22.106897079122163 6.153799419496433 4.945906372122368
19.95917865098842 12.576986340583918 -0.2991644010840666
19.133496426637528 10.353048913479624 4.7734178450567075
17.769000821052533 10.961100105084006 1.0736724244249773
23.94028442069921 7.9727750869255125 3.1896077514785173
24.228931923008833 1.3557507152946149 0.6001372181525944
19.84710407321458 3.8339276550787473 0.7497667757431681
23.69425052297737 5.001522000580251 4.054649594713345
19.882055583378722 12.264696489970058 2.933257608801716
20.978958689903855 4.2514604337388535 2.17793212446606
18.103255468455853 6.365708534830108 4.660903432944279
20.332863757826633 9.978906857385995 2.4291087261059308
20.361003838565473 10.91973529211754 3.4877902326427135
19.737492539622913 1.6956309870944188 4.02487118500358
23.63878296687609 2.1888033968940843 3.593391959378769
24.468066913228576 10.253640619242162 2.47541789833176
22.956567864804367 0.09744292576804273 -0.45210991351665064
1.541541515015134 5.77024299755814 8.59205057293871
1.9536595945903863 6.485844850989344 7.389162483421815
1.893820550051963 6.54208995552293 9.923326558212946
2.1078099262562615 4.4906025663803435 8.597382371862853
1.658371935226471 0.9508816336489907 11.431505147605906
1.8714667041779605 8.11810066392348 10.015604500852408
0.4856549273585425 8.554042107620777 11.228694185887033
2.9494139042817924 8.698442891714839 10.710080040832871
3.8422770840589084 0.7689626705935259 9.022034469392628
4.016083109722746 5.17670847196645 9.836610387620944
4.4857615232511066 3.6065745710567354 11.772652306246654
5.3746023380528545 7.153579702710766 8.76374322314971
5.153450569654268 1.5669179907462631 8.761535799382163
1.51560699300893 8.803149656104255 8.83853066914054
5.34636326609541 9.896010596197998 7.462809776589042
5.319568576412116 9.094279830408036 11.100893454187833
5.361117420108699 10.172053679884435 8.891661064544307
4.898039753575183 2.983700612521637 8.720573101095919
5.774580790577958 1.2180481479129306 7.030782916196051
6.437284709493839 8.832424478256874 7.223851971509409
5.309239057017356 6.376824576611123 11.744113500589723
6.525374045139901 7.487446887313865 8.043077024850882
6.222155264331898 1.0204600972634594 9.587454846207597
6.517011030121195 5.937299053085946 12.409043748004505
6.840020564293913 5.0959415419355825 7.07779000188467
7.777948048998851 7.444631637246857 8.784801612021303
6.488677151555859 2.264079798879051 12.359664084914726
7.909110546045676 9.60219504601389 10.87965882201464
0.7344568454756665 8.093981453420005 12.426860577619166
5.599096590307894 3.3303118127873774 12.67896892691586
7.230200418917029 11.652739096800047 7.197481292111849
6.736052202318167 1.9891879482879462 6.667533946616589
4.120808399973952 9.567166852607595 6.812410080029224
6.035851121417942 11.377533414215083 6.6571332224837025
4.835467627466272 11.30102294295129 11.637179252622118
1.2769147638791278 1.2303534581944409 7.190377338508104
7.728600747498806 6.1023915701347065 11.613256676874208
0.7645528561935938 12.435438229689883 8.811621263416978
6.688424532408834 6.327663840659226 6.673864880878503
0.2296813182090517 9.814763134439808 11.325911669450438
6.250247220255776 4.618157853461663 13.157276065503336
0.11767336754338285 2.519445766732805 7.497624073071111
0.2604523367729274 1.5671961175753373 6.986806325090786
5.304298521552625 12.432034812749976 6.790733572588534
6.694773924516133 8.476040515894804 13.146209572255078
2.5697004395103704 11.51921011618112 8.35800274850125
1.1095527041346593 0.1397765083271215 9.647062107778561
1.765724858613276 12.504701567388793 7.931624991307308
6.24387157518044 0.014843837382464642 7.011229719964605
5.110608981985523 12.725861326041263 11.850447069292175
4.362709665524602 0.03686391975775192 11.382866827239837
12.79274138223899 7.2286368131329235 6.327097892901668
13.609408950191312 5.374602280791228 6.643179693871782
8.367100504779653 11.932856971550592 11.405898236894947
15.88354052054088 0.6205491474423719 11.896182334425129
12.77852865203885 0.23126088944621387 12.474295218677234
8.822528574201396 10.575191313793082 11.419921418317793
13.90368725875927 11.500469933640735 9.519833264028229
11.363990445191948 11.16409763939613 10.723685993566454
13.127885585207876 9.35191175947962 12.403385110122292
9.548616452695951 7.02398462303252 10.208551535101037
9.635802680778115 4.428658041227937 9.821810845585636
9.30844666291543 1.5205622937097607 10.170168059468875
10.1140661855577 1.9290257009068608 9.226727728817071
9.411311363960264 1.7786608138999842 8.074672845484596
10.79332202876633 3.634801261113432 9.521916708925977
10.955914234334289 6.620522731248456 8.340026775815065
11.079137554466572 5.443951737554033 7.454403889098646
11.497140228785062 6.883468528644123 11.697062746150682
11.527425907553127 4.063035930104483 8.217319779062567
11.065205235060116 1.0499899515622908 9.171343944630486
11.670365389335036 3.4049689596207218 10.613882857904947
12.910943352779226 6.733432979144996 11.878000803874738
13.602602039315924 8.445496110240462 11.587634226850668
13.599541270453528 6.005616393681636 10.823912770095777
13.455309953454258 8.834247101830803 10.325522199619355
10.558563276970869 9.370893349557942 9.860897757757106
13.714546476989401 2.125607380633295 10.935664901177267
14.862727191140818 8.481913494645173 11.871774665650424
14.341482341607076 2.3093237360152314 10.075665062556316
14.74973516024556 3.473016647945594 9.622469296043175
14.42134807241762 4.3728426553375375 9.94274273699638
10.26317827017536 10.6416790061563 10.198850097382172
14.938889031380576 1.3352006153514364 9.471097268700383
9.960585070066486 11.345694540343116 9.080262946063009
15.569644812862014 3.2370888027567726 8.537819341333384
15.374101963985348 6.826872955506783 8.717955478922498
9.463915037446439 10.094470284398234 12.726951820596055
9.982084029246352 5.180770442249439 6.533933601728304
15.093986338471513 11.911765730177512 9.863506129623744
15.257293061669762 11.597134653897811 11.143576044472844
15.628892407601716 1.8736632216644518 8.449616257569513
9.793096182152517 9.62882798746057 6.704984813064029
15.987851386688497 11.364613468816087 7.482396857651519
16.061357896302006 3.967216628489147 7.912094480338052
16.272337490160044 1.2691173111333525 7.827601251482127
11.43447103911547 3.7985810154853916 12.387994977947946
14.028645645045822 3.9796330752730915 13.011102342624488
9.420212848700855 4.984463233872966 13.274808196477997
13.6987735723685 12.273951643304814 13.223827716789183
15.706013848614782 5.747785515153467 13.206735144018037
13.29598460163003 6.279646224610518 13.322580025379674
11.08543450605659 3.666907492516491 13.326576664296914
12.529089026080007 5.9326649542760705 6.288344771520046
17.07523716290202 0.09797763796200847 10.70754278377917
22.799547210493515 0.4740453173194797 7.529580406756512
16.474749180673186 11.230625709946658 8.828775927578537
16.561305248559407 8.706647586305461 6.903745785688216
16.60775395393611 9.728263480594796 9.126631710206464
24.138007776701723 11.882108548944338 9.609738206599278
24.16839409667727 4.577872608113191 11.4186925407897
22.065368343576843 11.870327148938618 7.33376971355029
23.165695964071503 2.547951514638686 12.439425688728036
22.613075349293574 10.405114861236346 12.506544502194698
22.467719594568315 7.539650573838683 10.287291654985285
22.466430135334726 7.03047871488309 11.63148294573253
22.34308449434098 2.734075054248661 9.970061307793852
20.997922563963588 1.9962154049254373 9.024173345538209
22.05181325914084 5.237888986670182 9.080225840251703
17.224610526396006 8.692657609742186 8.201619931773847
19.66015060736899 8.284010322860809 11.434501186249058
16.69943685806834 7.027322309411294 8.860867644057443
17.352495105321843 6.019871906012045 8.272196835567218
16.901993655608273 6.9253817263206 10.144020707406515
20.208709830378496 6.088946696252654 9.711521810065381
21.30218339380874 6.872993667704236 7.970409212392341
21.471426703369012 6.40938929615254 9.24877047037353
21.77606138486243 8.92723905123395 10.12963949579855
18.666291783688624 8.74595930414602 8.222664113688868
20.611407582828917 9.341641184359709 11.129036712525025
20.93923302726047 9.56632544022217 7.842567160627915
21.495957764729955 2.0485238396943517 9.992328687966253
20.82260897109898 2.449700808757644 10.749797130654535
20.01398297744955 10.536090834235415 10.599772914945367
18.5309226707579 2.0215193915245333 12.42348993369136
18.65654831143146 4.865436120705564 12.813731176152217
19.255629656250203 2.371762773953843 7.004743974006647
23.73452895922168 7.568548692056927 9.609743177830502
21.355784983647954 9.89105030202795 12.709403452636229
20.831085656464193 3.788445693996471 13.2551114850692
22.86395296536721 1.5983393022610528 12.85606439172967
23.42027184761014 12.299806187824519 7.027424639327055
17.59547469401576 7.144937277658872 12.662895459486114
21.83623696386953 0.7248462200936945 10.812050132903213
22.28774573674457 0.6809550174012202 12.21324640362554
20.922095950882355 0.1311782249303922 10.814176195785642
19.938595942696846 4.341398805252167 6.738804207715269
22.593773733821642 0.1681852950056742 10.260355781922918
17.659671401679987 11.93003145928731 9.217829606571243
20.57669074146911 10.780758803222385 13.255178166376082
6.834879772183066 7.263018432018685 13.690950237224804
5.927319843199116 7.228807728017888 14.602448538517178
3.943991288539305 3.6559496025236586 14.792623005756106
3.787899687983049 1.7366160626089928 13.79446090872949
4.664229453286429 2.6359729985682656 14.170426495934853
5.3964172328528734 2.0413450036643193 15.165621087709821
8.065541290935126 7.178077670974037 14.137164865156013
8.127473082747107 5.007456960645279 15.35758137610346
8.078085600931866 3.3635434248170077 15.988217838455006
8.074434914473338 5.1276229066609185 17.82290913088277
3.027924981418981 12.435599973532275 13.436858459500241
9.1633654256719 1.114400301158003 16.050870782445514
14.44913536738753 5.216716764061191 13.594750979785626
9.105319279028025 12.092298152973095 14.200552059700888
11.346872384785348 11.361087043550627 13.57679441152196
8.79876353726828 9.796348515750573 15.872134853688898
12.451358572631962 2.2983736339148444 14.119140590607154
15.119021136313322 3.686557996169529 15.676888986796294
10.712262891140739 10.231178632007374 16.33357506705204
9.974733415792675 9.857016044993893 15.281066202242677
10.34921674344456 8.604026514935846 14.986813789704273
11.61659175255305 2.9410381832829704 14.35693595029763
9.989281589573412 4.265943560188323 13.846026409339046
8.99415459185667 4.834452171439028 17.316681281926435
8.691783923093704 4.261567484960148 15.917315389746191
9.84516955177413 3.955444164375828 15.10859937373685
9.476652305694834 4.034248582788641 17.877903317202428
9.576736095011244 5.7505279865180565 17.41416919569224
10.90266100343228 3.118021081944953 15.448128007517976
11.1492806948717 2.730030084680586 16.425390364227557
14.53268985577867 4.860412850051088 15.487534223024022
13.371834809312494 4.82804542111944 16.05350089634131
15.226845746703086 5.712919507626571 16.174887822053662
15.27078813953215 10.794547464215125 14.238152255156502
9.993198744234311 11.039461744999771 13.852485079810931
16.135437405355102 9.016007545916322 16.716136228925944
23.91092865165935 4.233246496841278 15.067387877118389
17.442430017742847 12.009271053582559 14.342582168170438
24.160639147373125 4.069620640244381 17.59697414357707
23.99044190159361 5.383685698381371 17.734971450736374
18.672740022878877 2.4222141591221087 13.661154608459277
16.50271423570393 11.097252859102138 17.096804712878264
19.593453592853862 6.166168980050277 15.495595212312113
16.881524491747253 10.068543932213265 16.269275322086227
23.009095364329358 6.209228239418202 13.86849844643647
19.494340563410404 4.10735437919663 13.668786408876674
17.470999551806997 2.514242858633475 14.184298292982824
19.454200814370537 6.1860637350648195 17.37852842446154
21.578877357639037 8.916161528428718 13.515764754206595
23.42124334177201 1.868425749002693 14.837731582005533
16.659371546832595 10.619947080167329 14.48956952547048
18.49507140446357 6.984085207876691 15.007379724026922
20.441388483668455 5.5024158002462915 17.942306456088865
22.986572989994364 3.511652885331476 17.75872818980269
19.340310519372682 1.4543044626512411 14.284645278963287
19.406759244874507 4.700947608701061 15.103572266250856
23.042687963671824 1.2614675424234583 14.124711553410169
18.362858319794615 5.61160680577652 17.807168794142886
18.1573481805901 9.854115087795517 16.60834261156085
20.913801593861457 6.631376758615028 15.163800182535613
19.445941189767538 7.360428682475808 17.84547704538815
17.313412289068513 9.626978459145361 13.629366363768527
1.2299508410212179 13.46999941420831 -3.3500003929441347
1.2299503598551105 16.30868294548412 -3.349999891545974
2.459039762791623 15.599413066807294 -3.34999993576387
2.4590444217331546 14.18052044318957 -3.350000253390528
3.6809556710662568 13.469479550946039 -3.349999909009893
3.6809597678795223 16.309196316509237 -3.3499999167660963
4.910050051489521 15.599935137231839 -3.34999991786725
4.910049111394978 14.18000048605844 -3.349999908705421
6.140000011818219 13.470030691742073 -3.349999893136355
6.139999993953226 16.30865187739276 -3.3499999252574906
7.369949939338239 15.5999351197739 -3.3499999235887645
7.369950895847914 14.180000473550638 -3.3499999109544976
1.2299503615516527 17.721317052475353 -3.349999887445152
1.2299508847996534 20.56000618903929 -3.3499998981420243
2.4590443658202212 19.849479798600928 -3.349999891320828
2.459039751890809 18.430586982300433 -3.349999899169042
3.6809597152640867 17.720803657150945 -3.350000135357215
3.6809556840497657 20.560526371123824 -3.3499998961669952
4.910049093434885 19.849999753306008 -3.34999991677408
4.910050091822125 18.430064936948998 -3.3500003232738362
6.140000008162889 17.721348115009693 -3.3499999688739357
6.139999982170752 20.559974954534056 -3.349999902550602
1.2299507793313071 21.979991340634708 -3.349999893502733
1.229945952389679 24.810544334578072 -3.3499999300288605
2.4590053374973775 24.108918194540067 -3.349999905066271
2.459044534102136 22.690463429353887 -3.3499998819885315
3.680955977841535 21.979471056916008 -3.3499998852477897
3.6809946834871177 24.81108177076524 -3.3499999069559525
4.910054060572172 24.10945563538708 -3.3499998865663883
4.910049084612869 22.689945735897393 -3.349999876460511
6.139999934910502 21.980022607777066 -3.350000025259142
6.139999974987889 24.81051015059629 -3.350000000285039
7.369950884138304 19.849999737201895 -3.34999994247858
7.36994992856666 18.43006488887102 -3.3499999365835587
7.369945951638866 24.109455710991753 -3.3500001231241483
7.369950922344092 22.68994571204809 -3.350000851300501
3.093099016867711e-09 22.68991479394065 -3.349999911139215
1.1403377173014647e-09 24.10948981766653 -3.349999930000682
6.349196723931528e-10 15.59996686491468 -3.3499999614544973
8.599044338285754 13.469479545060777 -3.349999955219899
8.599040225019646 16.309196306888953 -3.349999934662622
9.820960254368758 15.599413026837068 -3.3499999092415687
9.820955672221745 14.18052041739935 -3.3499998896884717
11.050049111713685 13.4699994959706 -3.3499998698191824
11.050049662101895 16.308682929871285 -3.3499998888660465
12.279999966538357 15.599966844761488 -3.3499999995498673
12.279999976359822 14.17996928385561 -3.349999944591595
13.509950877393019 13.469999428882469 -3.350000110982921
13.50995034961147 16.30868298360808 -3.350000644731459
14.739039829394018 15.599413050195947 -3.350000294705163
14.739044441566588 14.18052038942794 -3.3500002478145685
15.960955676423893 13.469479564486486 -3.3499998618205264
15.960959770392787 16.30919634001378 -3.3500007145998945
8.599040220280875 17.720803671790524 -3.349999947480795
8.599044305039188 20.560526376462782 -3.3499999427093687
9.820955638836406 19.84947980035881 -3.349999943990918
9.820960247914392 18.430586970437876 -3.34999994712191
11.050049658826046 17.721317035500284 -3.34999993168698
11.050049120835677 20.560006197313744 -3.3499999342271467
12.280000017302651 19.850030919475394 -3.349999925302165
12.280000025147665 18.430033141239043 -3.3499999066148467
13.509950387896156 17.72131707876149 -3.3499999551037685
13.509950911026845 20.56000618925215 -3.3499999027862035
8.599044058607001 21.97947104227403 -3.3500000102408514
8.599005336214693 24.81108178806641 -3.349999925023984
9.820994668606827 24.1089182220159 -3.3499999011862536
9.82095547414527 22.69046345368903 -3.3499999206774067
11.05004922061122 21.97999133405003 -3.350000002182969
11.050054054344084 24.810544358884883 -3.3499999226825583
12.280000048504872 24.10948989688475 -3.3500001800141153
12.280000088142128 22.68991474918247 -3.3500003762563626
13.50995079425074 21.97999135007876 -3.3499998926331798
13.509945935451938 24.810544369307337 -3.3500001528131316
14.73904438478822 19.849479779605073 -3.3499998783222784
14.73903977002721 18.430586960398642 -3.3499999208663334
15.960959796185637 17.72080371363387 -3.3500000188257086
15.960955697583811 20.560526330024967 -3.349999900614132
14.739005347217754 24.108918210079683 -3.34999998051312
14.739044520336334 22.690463447899795 -3.349999889260867
15.960955971723426 21.97947105105649 -3.349999970885108
15.960994670730127 24.811081798977153 -3.3499998828054456
17.190050103133284 15.599935124001544 -3.3499999991926432
17.190049108571877 14.18000050426184 -3.3499998698175784
18.419999997991194 13.470030708664957 -3.3499998842234713
18.420000002420625 16.3086518997082 -3.349999880312727
19.64994992682352 15.599935158833416 -3.349999884579695
19.64995087849596 14.180000500733135 -3.349999946230746
20.87904433684964 13.469479578046636 -3.3499999359641586
20.879040214581728 16.30919630608967 -3.3499999172281267
22.100960228758733 15.599413050894661 -3.3499998727447897
22.100955658255632 14.180520448267886 -3.349999884242515
23.330049098816815 13.469999518254202 -3.3499999046833215
23.33004955168102 16.30868292861039 -3.35000016383335
17.190049083900554 19.84999970812656 -3.349999926603343
17.190050055718878 18.43006486393161 -3.3499999247024883
18.419999991274597 17.721348123000787 -3.349999890174585
18.41999998122734 20.559974928650742 -3.3499999053309004
19.649950836680627 19.84999970642956 -3.350000211440054
19.649949879414134 18.43006486430611 -3.350000003263286
20.879040215318884 17.720803661683657 -3.350000313990309
20.87904433054876 20.560526383493364 -3.350000051701154
17.190054053511172 24.109455663404766 -3.349999906108482
17.19004909039912 22.689945739051627 -3.349999909417548
18.41999999837992 21.9800226226471 -3.3499998916765805
18.420000020722412 24.810510169677695 -3.349999945515656
19.649945948572483 24.109455677676028 -3.349999887623528
19.649950908656887 22.6899457441516 -3.349999906038347
20.87904402033855 21.979471057963835 -3.3499999032173755
20.87900531670954 24.811081789356397 -3.3499998903618886
22.100955634413165 19.849479777701845 -3.349999911533753
22.100960253820816 18.430586973857196 -3.3499999426872487
23.330049603060655 17.721317072893953 -3.349999978475675
23.330049107948483 20.56000618402059 -3.349999913819124
22.100994665112818 24.108918228650374 -3.349999882168908
22.100955473481694 22.690463454256886 -3.3499998980142296
23.33004922891386 21.97999135742989 -3.3499999104639864
23.330054049399788 24.810544341403098 -3.349999925910958
24.559999998056846 14.179969298134047 -3.3499999144951076
24.55999999450878 24.10948983237149 -3.3499999177983044
24.55999998920559 22.689914823433405 -3.3499999404228467
24.55999999549621 19.85003091464393 -3.3499999120242077
24.55999998228534 18.43003316442643 -3.349999975853067
0.5985404769609588 16.558123234944947 5.496713405922384
4.551176317222 18.06114257611744 -0.4910634432104499
2.811810689839689 17.112945377580026 4.720388734081303
1.5378139675411517 14.112077248781663 -0.5736936108860358
1.9302144669371635 20.564855264374646 -0.03988031576918738
1.571953963605445 15.422090994861712 1.7425087135128658
2.124875542484184 16.68528174312659 1.0128754410973584
2.5739980079185663 14.467104365805213 2.1636558075021006
2.726642793587488 18.92815633092135 1.6407342470294695
3.1888473778462565 17.598493352071777 1.6932952326433592
1.6005675845979608 19.79288755577167 4.684478446880904
3.586275597754143 17.11424003326209 2.9983859575958114
4.180558656051251 13.476946631724934 3.743075924872091
4.508802107765599 21.24481722709759 0.026100894754610415
4.747553658157135 17.520051073119458 0.6915191625549444
5.443864107837059 21.10536868479651 2.2983978148241935
5.279426595535505 21.83967459191849 1.0968366288725862
5.097198198672011 16.294122916350695 0.33540290651796756
5.824903440538478 18.104273639157526 1.2224187107008289
4.762559010402372 23.264805671605608 1.4279419998621923
2.344971198550412 22.702105535019697 1.01365489174858
3.2672160341139462 23.671692006513343 1.5818456879689369
5.862222055027379 14.718779113752477 4.7001983292791705
3.0754371488061563 22.28256345103564 3.7040220582642567
7.07304582600858 21.98843420774214 0.46341212166431833
3.0069571047318733 23.532702134883202 3.4279125345116412
6.436395201652731 13.846248155584648 0.3503260924516105
6.772525747353925 17.60628841931025 4.34866307357817
7.285585717595708 14.948998461198759 4.668559068454251
7.438936550406547 16.7620222131433 5.1504571937134465
0.5644815001291952 15.773818826983488 2.7129305262072965
5.673168597640259 21.293214218657273 4.681535455318944
7.069856653278255 23.642623897530953 4.689098212497559
7.283682449672654 22.804435287758725 -0.6025375109127062
7.404442522660543 20.78865647175013 -0.02737954965175038
7.990753781180949 22.320418844515565 1.3310147811950523
1.8039118334119515 23.91716319799441 3.789361661868491
3.8653738252621226 24.148550747813832 4.230571962660623
7.734749041808743 24.9020953863247 4.298749231382884
7.638199090537149 25.09806799074034 2.7499400992730916
2.540202601318166 12.850683588498038 5.477150139349663
7.767928181125988 14.833387683245185 3.1754628930924333
0.6935347219831483 14.475556793282072 0.39609894644445975
3.073981456562268 25.033903922833137 1.1197485319030476
0.34424960358234924 20.258497243015814 4.777525983654554
0.39970912764507516 21.579731118055594 4.736739165455377
1.4107237977414002 16.949414992974635 6.091397366987666
2.6434510589785165 17.22989933078891 5.70936639182956
8.106864187427798 13.484310984021397 2.421271371670483
7.717201145290829 13.657745716972979 0.606353041730483
0.1394574824144601 13.413403687468863 0.9426165668021202
0.09522620702189451 19.9760879145587 6.0416224758664185
8.023758680701096 14.280305798658802 5.747088572891484
16.095787948051075 21.49690572513466 -0.18004915349798978
14.379411960643086 25.486834495259195 2.340062502286174
15.996563588536652 16.311584308643642 -0.7865129665788262
8.36438743221378 14.652276444159666 0.057903763158082544
8.680846765845896 17.17590755162237 5.156409176737982
9.558098674563192 13.264186494285177 2.384794489428017
10.320258383337451 25.301821790653833 4.14947394118194
11.670490188476474 18.716571340987933 5.910590607584311
13.878830358461395 21.714988925180734 5.901579492883549
11.003269888063903 15.617874141330327 6.107036069375886
11.93250192794317 20.000995858233523 4.255330198632796
10.849450609019891 17.085122703277133 2.1625519642169246
11.113570634776488 17.76370007889006 0.15922705531124293
12.028280170256865 14.806932910759068 4.41372100193127
11.772264289050696 17.31474807684886 1.2279318170300746
11.898828214051566 14.802417753556524 0.582590889442478
12.045451940255889 14.916403250227376 5.737749724756002
11.984852359039417 19.925560166964903 5.581172477121603
12.514923888926647 18.26732017115452 1.707259827907558
12.851712792959717 15.871954932944623 0.7835578323247872
13.624331761618231 16.252169466499602 -0.42012412977944225
14.915927152532326 23.46801507278032 4.690605262273087
13.75581127589423 15.421103911152933 2.003365791326057
9.830830130433178 23.265240832317613 4.230502191743134
14.831570272948937 14.351993600909347 1.9111473573441695
14.460152958581666 19.436818087598187 5.330181844030461
14.267583130259371 20.935699685795345 0.6888149111459152
9.451367624190476 24.490858940780928 4.676566387650976
9.882769336639925 24.488630024632712 5.936529984170874
15.387990671632359 14.41761505843366 4.457309406041725
14.571571240515256 23.99422827710415 3.9002770586416347
14.266805936533206 13.000281734768686 2.131384229269716
15.633878087891897 14.516693824636647 0.7203742182966355
15.971381497938447 14.601004888274034 3.299227242268662
15.20047509031977 24.93030969058177 3.1825848749881525
13.309899813769425 23.839119075837008 3.3698110623802258
12.591746708640073 23.12058008063855 3.7363595993779555
15.69989644474116 18.637875724386532 2.31390389578186
15.678356623316224 18.47076213818314 -0.13069042913124607
15.608744400219582 20.85168257034742 0.8522646213814589
13.29224638348215 24.6646206107082 2.30658824233653
15.885147017434882 21.613242584460664 1.8878085350902685
13.006153166960509 15.735273381660292 6.043105420588511
16.165590816685537 19.11391830728536 1.041808411702223
11.0586244515021 20.67803047785005 6.015875624172803
12.487703133215458 24.89038666713874 1.6223807838664739
16.260457963944837 25.136652209865154 3.1986806001072177
15.06142300046903 25.27671441341886 -0.06340713038372803
13.695951618340972 20.297739514712195 6.165393529623775
24.46617043497933 17.553566799378927 0.24004787015797224
22.131146116049635 12.78380562455974 1.772950185713027
16.721977329331594 22.10197591980426 5.354294396181674
20.15646941589776 19.83414690243398 -0.4468677981797642
21.190309459916538 18.986863370945642 1.286346174492643
23.161826507735746 16.798746807601866 2.357383532963011
24.189178376066007 14.696688919662357 5.961536341404177
18.636999416092763 18.058595611605327 0.9861711846180798
18.353025561225024 23.34276861701473 5.546099860312003
20.794499596913656 17.80986092911034 -0.4570098594335059
20.970476148683666 23.88156817120128 3.775389911615439
20.74205816807096 14.563119963731554 2.7796108482313486
21.03353660656014 16.895616841628758 3.444801238690214
19.834713372544385 13.590426790786733 0.5298343711984255
18.9391893051853 17.428838715578657 2.2338470999043047
18.12913397050437 17.11889284745252 0.004146563491321809
24.47217602392497 20.741378627653813 4.920379953516356
19.083602013699778 20.758138140423636 5.822444009583748
24.227427990571957 16.552880905532152 -0.5328269949227848
20.538575016889727 21.08572240452285 5.375108975827677
16.480232421859515 18.287886205645144 4.6535263791913195
21.84420801911337 20.215019036946522 5.393998742775727
18.046239904789452 22.178423292933193 5.102501390440965
18.459511332382483 19.622150664704243 5.165659570374777
23.222264935443217 21.585970085778783 3.535734728417559
20.663768414487507 23.061214728467117 1.2463599483964016
18.15641696188885 22.356250577457345 3.7977333663113066
20.280933674720142 18.714277046299006 0.3342945627260985
20.172200903717137 14.646951362912947 -0.132948919767798
20.606385453114786 23.512851546188614 -0.008452410730828142
20.812095469431 13.283240504583738 2.1069580376963772
21.668110972325994 19.083106421915897 4.517905535464278
17.083380749384112 13.825500837640513 3.2427831328272294
21.50904162534093 22.010551131785153 1.1078199894793161
23.40335645631414 18.315936562427336 0.17853591145555403
23.537546300175116 14.625247228550245 4.669939671389757
21.169727825059354 24.397165680589218 2.435297821474187
23.4490146739994 22.378341840705286 5.466141813144621
19.456449321852837 22.613558884270336 1.605765100201323
16.413679641321256 15.815065575329328 3.3909320383852193
19.500895217374605 13.86862098525713 5.85188718173122
17.725603815994248 19.21029531543842 1.1556214969771827
17.636268742282464 16.479980013050117 6.000739086049719
18.540932562470402 13.73668538759419 0.7245229638560957
22.526856639682066 24.74389339263625 2.017799102469653
23.297623378317553 21.2520073088114 4.8070629192002965
21.0361136076918 24.7772940867585 6.169887174504909
1.2444274316807769 17.25606470930057 7.337341557877114
2.49660970983738 17.744961290979056 7.772088279324577
2.3305430231904394 13.660287446805711 8.20093775035264
2.7229996706124706 17.9878524195677 8.799780589947408
4.505542379416491 16.455066534706955 10.316170838289654
4.916385257063535 15.761482666690693 8.316650003734555
5.39801254578773 13.45788892214078 10.499140445990998
5.461448949400069 16.002587281928843 9.522976076766327
4.948565221270484 21.97923505833067 8.350275936589064
3.7699479549205552 22.30115482140962 7.379324371844081
1.7658798212348876 20.853932877268594 8.242805923066278
2.120544206923168 22.110912824098435 8.175277980515784
1.1322235311916782 22.761904553787843 7.495308236300861
6.2688978855955835 17.077171733453273 9.277448729963549
6.42492587816274 14.566422262577314 10.282367081244795
2.06889427912274 22.565546374578847 9.412996899609034
7.402928431337807 14.195801354134762 9.302014216201732
3.866921835123205 23.697077418188147 7.0289956601799375
6.8354952112183 15.220088845766561 11.529900132619737
2.5461211254184155 13.468440659588044 11.646899820450399
6.661394508828603 23.731710861156305 7.884423752562969
6.457027790900195 22.336948267419313 7.9894238861329185
6.882019357364127 21.496894205938993 6.906051713276531
4.685999342189487 24.66252495841889 12.680473395049626
3.507078178558837 13.313939220839123 12.56276310944386
3.3674373486146125 17.76975835927528 6.751797790656261
3.6451363516666646 14.499555981977666 13.151108252192367
4.410468974643201 18.049772336401507 6.760584128281532
7.438203110375535 20.539448226793578 9.716703332536518
0.7495782048215427 16.370511543797225 10.022937141794806
7.458630708319125 21.89002278943495 9.506101111570649
6.9737393060832105 22.421296940590157 10.615897903122395
6.004619829609729 13.037807431067566 12.92998775511224
6.959860807068827 16.990809107732062 6.3376813133128405
0.17651420338569931 13.375434441482032 6.26250261357281
3.8426855995552662 21.382041639832945 6.258200900746322
8.282334098605828 14.212907672236009 13.27591666819597
13.119945056235245 24.827142453168676 7.391267685833853
13.0724702248414 24.410820069412804 8.582804171644796
14.335480578779064 23.948649375653225 10.927797279851646
8.730768207327785 22.33355243096574 9.421419485147899
9.1006627528456 13.49891243150848 7.974255763863175
9.79161934463422 16.77801824542329 8.49172648116818
10.280254963924357 14.743770901829143 10.46009724763209
10.24304623764826 17.19995346406659 9.677222085948774
9.203738774287963 17.593928721141097 10.41839141598735
11.193843907750958 15.836757355234337 10.537359527593045
10.972406013815503 18.266523981542797 9.42435216088086
11.863601007730841 15.323521614891474 13.12287888938014
11.527050612307645 16.281292106075536 11.97088758939487
12.780251694788186 14.305460710554744 12.679114624372833
12.450850492831165 15.775769308221749 9.849084749187432
11.843675861520452 13.60588778614294 7.937414331601702
13.015239818346577 18.9540969647922 10.746977689802376
13.610594489425623 19.941760366939654 7.691505986614009
11.209664742905199 22.686228497234353 11.440985754261986
10.604008896725613 23.091820176441313 12.237902554034225
14.116048473762332 19.60941340269134 10.320477633726007
13.805448708809488 20.84818606895694 10.379872275666848
14.689542261268974 19.29900269093695 8.529156789005892
14.68645098866369 17.88259165867626 8.250708247597302
14.6660340053159 15.586767588875704 8.791540465696121
15.106154977064115 19.36032500367544 11.21275029571811
15.093389243651629 13.254130919459929 9.882258144448429
14.755136951221829 24.327429956779447 9.453101224188543
12.473918597158795 23.22530608409195 8.49539115851822
15.425288801568978 23.23577898542457 8.779817309727788
15.501330704758352 23.696413442503424 11.927271735692637
10.545495479846117 24.392199708607674 12.451347129066114
9.954520759749789 22.46655501130676 13.1964080655675
9.840089250263377 20.9870586954218 13.33174193631962
9.02050403490969 20.708483141074158 12.669340445028643
15.949304754242998 20.065009497411012 8.47599441352496
11.114610607554138 25.08963463462078 11.993316021609026
16.032679695308154 24.967035178058122 12.386948142579332
12.179843093033899 13.255959729312101 6.575981670141293
13.557692412128503 12.84698577406678 6.402791908819428
10.994369620076618 19.210351490335416 12.99852634113953
11.168294074681583 20.28381242401022 12.92414954341294
11.547168373474904 20.58280448963814 11.946827687307211
12.2479612166807 25.19746895444474 9.204069936135154
14.167036285434362 21.706668810178222 13.094064485462575
16.34976795668511 22.621650273663224 11.518451526410832
24.54640562774503 15.065397856360326 11.017387777870823
17.04705088802279 14.605151420251259 7.626067001390545
23.996390298276925 18.03778919477108 12.343367587504211
19.64208888502408 25.147251712921143 12.363996224083065
22.869267171326687 13.525841759832254 12.6457434409748
23.695432075253734 18.92055446541928 11.29488122993452
16.638739460482107 16.401978627854522 10.284000045441749
24.26133526664909 16.506714236174933 6.4828282771781005
24.095287157833138 22.614614189546767 11.565383640692792
24.086017439631057 22.923449048047765 10.30189043209162
22.6184687465883 23.343097293733095 8.2273632952229
20.097055970758912 24.23616034643733 9.841963266981418
22.55351332694636 18.840359637879374 9.139460752578866
22.63262256285925 16.13868448010526 9.879507866789755
18.989333324125674 23.36436659817261 10.155677582448842
22.19833761483238 19.92433323006336 6.730874273300093
22.184072873945734 14.19553933801309 11.722624207163083
21.844645508175116 13.299630933166833 10.74642418511756
17.45009734477969 21.65172405833733 9.404462865974201
20.14075833542216 17.97784483222772 10.382074735940312
18.900692840953976 20.83361064114262 7.192338769794759
19.375694040041267 12.94611886503756 10.633160868561003
18.87536934896707 17.969761485466087 10.573059433075937
18.76320299702855 18.090575706885478 11.90441819642603
18.903840515401512 15.317657351461575 10.330199266717354
18.25026686061538 16.632994801950932 8.354114036337485
17.982615933434626 15.635931686171299 7.202214075357793
18.072169777149522 16.384163190231426 9.904915091365684
18.46963076056583 19.079292347408483 10.010957678322681
20.217866040565884 14.117550059552615 7.893589350993942
22.413272386085737 22.671754509907743 9.485060451043472
22.258716047745146 21.22923817335725 9.50362349098944
21.38920647257847 23.52667172755416 10.323843854322355
23.234378489334123 15.636866343380335 11.090080226501199
23.472863824878537 13.923965590089763 7.091392716460128
23.039692986861375 16.988041394363183 6.677051344734053
23.071485814980747 16.736816186794165 12.237772395638208
19.631731768969626 14.773085755306601 6.822419852760122
21.081917174061815 14.610164914744157 12.362213325630211
20.125685397545002 24.95859749975212 8.62205897120019
17.747163591700314 13.31473706638715 12.385473692190917
20.597339912756198 15.624585142610748 6.402810952216474
9.719102554003175 24.614613096561047 13.490372078471678
14.652698778874813 22.858013428435356 13.34638535389417
8.651965682256066 23.12000838949044 14.753743393899557
9.563869146655621 20.694618084838364 14.344797188491683
9.355313223094571 23.41062884025872 13.987426233450629
13.933647331163893 16.391108657923088 14.360760237270465
10.637120376366031 14.810475611764462 13.711946027074903
15.65810756287744 13.515011981030124 13.61822526434556
11.981698247041209 20.558695053347193 13.595650245314578
12.155954081481564 17.395384978314713 14.830219382972277
12.674642519125268 16.195261007924245 14.519168410183504
15.615427429602278 22.70357582845196 14.241714945514111
12.693393758877793 15.466296027922573 15.679454822479263
13.698433025910463 23.56918619032732 13.977039556385987
17.04140320210523 13.278580667890466 13.626653530845097
19.063649374651817 14.431648904111764 14.928647730049638
17.807109760771915 14.662989873750943 14.616935377811581
23.58881651268035 18.28105493010868 14.988097243171312
17.85042069266772 15.767490796409179 13.895238726286882
23.565937310986193 19.002832682732056 13.836062088787646
22.3538366561849 19.507033739559656 13.72879514568874
24.281205956963092 20.14279686649667 13.986773472083925
17.11262673163239 14.954392737938452 15.709070388831579
1.2299509117720837 26.230054254175613 -3.3499999445282738
1.2299509070302403 29.070000289309014 -3.3499999260629676
2.4590443261788666 28.359473651109088 -3.349999921654182
2.459044034879075 26.94052894737272 -3.3499999388761017
3.6809554934823554 26.229536553434233 -3.349999924125988
3.6809556411384894 29.070520198964434 -3.3499999636346467
4.9100491246058215 28.359993813073725 -3.3499999071318376
4.910049244725715 26.940008659067605 -3.349999903458488
6.139999975475016 26.23008521123356 -3.350000023741689
6.139999996561679 29.06996907546909 -3.3499998874447554
1.2299499209793014 30.489935117244496 -3.349999957910905
1.2299499359923867 33.320064882460535 -3.3499999016483595
2.459040212704834 32.610803714943565 -3.350000009866829
2.459040166998552 31.199196326247694 -3.3500005485744366
3.6809602661436895 30.489413002175045 -3.350000239562305
3.6809602402684254 33.32058697194636 -3.3499999054869867
4.9100496250815535 32.61131704951119 -3.3499999046392706
4.910049642255645 31.19868296113369 -3.3500000000825048
6.139999996120324 30.489966823431164 -3.349999925598559
6.139999990133451 33.3200331655349 -3.349999918891191
7.369950865979094 28.359993821342073 -3.349999995440175
7.369950766606992 26.940008657391566 -3.350000079364225
7.369950357667323 32.61131705349729 -3.349999936653769
7.369950355518554 31.198682932893067 -3.349999931943456
1.2299509017847097 34.73999972462501 -3.3499999098962627
1.2299509147521452 37.57994574139662 -3.3499999027986602
2.4590440272258123 36.86947107418415 -3.3499998920633987
2.459044313022797 35.450526378477086 -3.3499998949786827
3.6809556404439983 34.73947980088585 -3.3499998988806876
3.6809554877322053 37.580463457561144 -3.349999896909245
4.91004920137208 36.869991377916705 -3.3499999113419388
4.910049094205334 35.450006200745825 -3.3499999309786466
6.139999987241633 34.740030909863684 -3.349999959000357
6.139999974409286 37.57991485576495 -3.349999959658203
7.369950786040728 36.86999138116429 -3.350000024533879
7.369950899668377 35.4500061784552 -3.3500000069119107
3.4994393629414545e-08 36.870022678253626 -3.3499999785905787
5.351796283172323e-08 35.449974923727076 -3.3500001100696943
8.599044530824845 26.229536555558163 -3.3499999615214993
8.599044345704039 29.070520198743058 -3.3499999279803747
9.820955668987224 28.359473617780225 -3.3499999259131097
9.820955962721811 26.940528929985913 -3.349999907161224
11.050049088960295 26.230054246473333 -3.3499999011861026
11.050049092783313 29.070000262493355 -3.3499999502642073
12.280000009337826 28.360025037459312 -3.34999993689977
12.280000013101265 26.939977337163995 -3.3499999047661397
13.509950920990429 26.230054251680063 -3.349999895910746
13.509950920894257 29.070000262206474 -3.3499999309689454
8.599039740903548 30.48941301794791 -3.3499999221609054
8.599039749404524 33.32058697646258 -3.349999934094634
9.820959775138865 32.610803682411394 -3.349999947103206
9.820959765944739 31.199196321845083 -3.349999948516551
11.050050055186288 30.489935116104654 -3.3499999593326493
11.050050067641358 33.32006489289963 -3.349999935058783
12.280000012190014 32.611348137010474 -3.349999938432341
12.280000009372964 31.19865188815574 -3.3499999555596838
13.509949961448521 30.489935118142256 -3.3499999394602833
13.509949952243378 33.32006490232354 -3.3499999066126196
14.739044331802148 28.359473623629306 -3.349999914673937
14.739044026376675 26.940528925651034 -3.3500000042165254
15.96095548975892 26.229536553013904 -3.3499999194782415
15.960955650944786 29.070520188874763 -3.3499998970000844
14.739040229240556 32.61080368762852 -3.3499999388569823
14.739040232281065 31.19919632650977 -3.3499999366249114
15.960960188527855 30.489412991130223 -3.3500001085365194
15.960960239919393 33.320586984857236 -3.349999903847345
8.599044356827612 34.73947980036665 -3.3499999323668517
8.599044516803831 37.580463448009674 -3.3499999176318562
9.820955988699163 36.86947106352143 -3.349999921503135
9.820955691103581 35.45052637547218 -3.349999933284986
11.05004905598362 34.73999968357866 -3.3500000524295315
11.050049083548025 37.57994578121034 -3.3499999421023494
12.280000040544202 36.870022889211945 -3.3500009785910123
12.280000090589278 35.4499747031017 -3.350001671293451
13.509950969108758 34.73999970750683 -3.349999937827983
13.509950885138718 37.579945799549584 -3.3500003102563367
14.739044044043107 36.869470979127506 -3.3500002922581382
14.739044311729495 35.450526370801875 -3.3499998723902458
15.960955628004953 34.73947980581301 -3.349999884685766
15.960955534106853 37.58046342535429 -3.350000092397427
17.190049107607337 28.359993801502647 -3.3499999076562084
17.19004920670269 26.94000865391186 -3.3499999744739406
18.41999999026633 26.23008513397736 -3.350000292456917
18.419999992134258 29.069969096476456 -3.3499999901245037
19.64995095523404 28.359993879417093 -3.3500003685425495
19.64995086216909 26.940008574924153 -3.3500006349941867
20.879044468627228 26.22953647139119 -3.3500004535681494
20.879044378697795 29.070520203732514 -3.3499999414013395
17.19004963083904 32.61131708319864 -3.349999949752841
17.190049671213025 31.1986829829471 -3.350000512551258
18.420000036325273 30.48996681302838 -3.349999968489892
18.419999998847874 33.32003316609004 -3.3499999067524366
19.64995036922108 32.61131705381624 -3.349999909540058
19.6499503695008 31.198682934618223 -3.3499999009603343
20.879039763197163 30.489413011130985 -3.349999893049347
20.879039774255975 33.320586946418196 -3.3499999614396625
22.10095567904873 28.359473637042857 -3.3499999013385082
22.10095604079289 26.940528980157726 -3.3500002804902165
23.330049095429708 26.23005426382914 -3.3500000550019915
23.330049084777215 29.070000264645877 -3.349999892781792
22.100959781218727 32.61080367818086 -3.3499998944144505
22.100959776262346 31.199196322810355 -3.349999902238033
23.33005005135441 30.489935115880048 -3.3499999178118367
23.33005005147467 33.32006488570864 -3.3499998961487254
17.190049226810004 36.86999135271498 -3.3499998796103014
17.190049106069768 35.450006200404914 -3.3499998896782044
18.419999996711844 34.74003093540537 -3.3499999031652083
18.419999998770443 37.579914805360524 -3.349999898498229
19.649950775711172 36.86999134894036 -3.349999913955223
19.649950836556524 35.450006236007866 -3.3500000740654645
20.879044399624785 34.739479769857525 -3.350000572031955
20.87904452188358 37.58046344500893 -3.349999934320289
22.100955965656706 36.86947109604623 -3.3500001764164313
22.10095571778633 35.45052635273622 -3.350000096202459
23.33004909724823 34.739999726809465 -3.3499998953668033
23.330049102200395 37.57994576649652 -3.3499999008047765
24.559999982536844 28.360025047770538 -3.349999912304087
24.55999999597303 26.93997735921006 -3.3499999049037488
24.55999999714871 31.198651882110855 -3.349999907382916
24.559999998066658 32.61134812321061 -3.349999901514582
5.152140716985401 32.60640549155047 5.939203521610644
2.7595317048375865 31.20295770640328 -0.5425876486233983
2.5091172578924876 34.88054264766141 3.5968997225663104
2.156894880658765 31.795315676171235 0.44329912091685797
2.3017881668893683 33.09351488413147 0.20657784965860793
2.230822213221118 29.894630285206812 2.2940703653904624
2.7194173737337644 31.272825325886824 2.1507920485244325
2.1724703094723075 32.31490796899094 3.0141914256851887
3.491587576351924 27.505837800881086 1.6788256174196559
0.08973912435176616 34.721913537134284 2.937751729185244
0.8503968383306302 35.14163111657556 0.18238469090291365
4.301333750784318 31.516616297217688 2.1752296909865465
5.283138904514995 34.72235678387504 0.41068221665544136
5.8985257486748734 35.8696624134602 0.7259965989153694
4.509328563279234 36.08025101649999 2.861219923473739
5.093105098076953 29.471919405355877 1.0331306615510394
5.451878028124229 30.50737989965184 1.946594697736913
5.717709306121929 32.63003829791296 4.769376020630242
4.696778365128587 36.9519326694796 1.7129008579388494
5.788903182215174 26.419479711022905 1.9618383154232766
3.526424840900745 28.172271634695246 4.20596013646545
7.029640644243497 35.611113362932365 1.3273381199941892
4.005301422861394 28.568690048952984 5.487542915335447
6.123593009802486 30.067368849347602 3.1553750881580167
6.316905858278807 36.27236898931108 -0.46408948746372025
6.692161358722329 35.052766120947986 4.388617000231989
6.273152627662504 31.790015310923845 -0.2190738925986191
6.757439885871071 31.417972773362063 0.9555270951382766
7.2180919733554765 26.45836638526052 2.0514113396635847
7.183428308524107 32.57432989529961 1.5420854826766472
5.461129621725341 38.2214003201783 2.0970947115742677
7.597290318948196 35.575827048117006 4.659815878971894
4.096863804039044 30.147962431163034 5.649149179196772
3.905795040269648 33.094329540763184 5.747251738598474
7.865506167048135 30.679150527491622 0.8095884786458851
3.5099466679630122 37.13573626816377 0.9699997849355557
7.356019157151009 28.79597311911089 4.838939051904038
0.8581494045526415 31.467304496577704 0.313617175146802
7.602163319404495 36.780171636277785 5.353857161552177
7.675551851399661 27.67287463393095 -0.2783159333745744
7.876869245571343 27.583024177128234 2.7292847368662687
7.819773036469717 26.431975415355357 0.2754104320428752
3.024654422135487 35.94932215278769 5.791335169736165
0.6036232653918671 28.03521573948075 3.769505392116068
7.08988559141596 25.60643190408933 -0.441224138357591
5.632708238151642 37.06256691024328 5.171490725344712
6.379142256652762 37.34954992709515 5.912150569250857
7.410456859726558 26.042560070853554 5.105287164360978
5.145295004778441 27.836360148641955 5.922709551440142
0.20859491801154886 30.226320969602448 5.047498202913747
0.5254742774909934 38.06108487361019 0.07597274521745079
0.034428061914717034 30.465271316499347 3.3110760702998574
1.5025369405014817 28.342601588180734 6.161856193361732
14.954335421970933 27.056595449587434 -0.5449742598664864
14.74657486029855 26.69310408990902 1.522596128504431
9.277242163483034 34.60159072456614 3.6526859268022727
8.895132877930767 35.35520507885112 4.325335834942605
14.93352460634757 37.89317272682449 -0.5272068913417516
8.90988962844528 32.98468820086587 6.1621011297091375
12.836849436451205 36.51562205837419 3.6680332694486326
9.787339793059205 28.34854202224939 5.314968696927834
10.880762421819574 29.265956813592187 5.254071109335792
10.577339349883513 30.747836388187437 5.417500293041656
10.361828231547621 29.627382863093267 2.72495002037783
11.692121721141365 27.9628821175087 3.001101605307138
11.387809200410306 29.203341026111435 3.446437002385351
11.968317820934654 34.39844115919922 1.4902021633778262
12.399181205742838 29.99039474106589 3.138127316233631
12.688886778596977 35.46273900311938 1.1916352764607796
12.367047766556208 35.83522585434473 -0.025549610599847616
13.391080690548463 32.782586862621265 4.703611518842074
13.915033712594738 35.09476340731629 1.3035910225158553
12.330307260283284 36.860974855645786 2.363756984843388
9.691083637726456 36.33974126515617 4.848938428005518
14.161374383230898 30.925051667154147 5.307827939977294
8.853565194493784 37.17565459212151 5.45964505792881
14.466341928100544 32.219705112886956 5.232174976805172
14.629207822655914 36.75726352338467 5.92599362395152
10.690176565917897 36.484893611943924 4.8779921207201635
13.865337447663963 37.26991769525637 5.509115044158782
10.935431050858952 37.1209783831002 2.220413940585736
13.19999489608202 37.971328963195155 1.6817307110942648
15.463051565295372 37.3061589083524 2.4472460619636935
10.941211472946861 33.78458967144751 6.131844424976483
15.993388209970876 32.587726677224474 4.288512606471376
15.973098120662693 37.0868352349684 5.770310266167732
16.037416366521363 33.988810694197554 4.1069897373629
15.774412442627217 31.90093785010398 2.9431712509772137
13.85442861597385 27.308861783347638 1.4085016836519393
9.038619797318832 25.93621808637515 0.150760994429886
15.307916228876072 26.312731728345696 0.16899168975475498
12.10506757403515 28.832323994962 5.933697147632271
15.252995853738664 32.266267474278386 -0.021576815920988368
15.512673286235389 27.3021484061721 2.002448421835741
9.175160546071286 38.10164517665429 5.9129858427739705
15.361405521833895 30.102746216733554 0.4826088156325403
16.101632086263063 31.206236053702504 0.3767379393000869
16.358183989522008 37.85317135860422 5.113927893445745
11.956744428608433 37.792059640462156 6.240530715861262
17.71530617556743 30.408769898426968 2.3256656411793584
16.38856862204217 26.378538043107074 0.04265905683120352
19.713859174872276 33.75239580442386 6.020720423580201
23.134471681117542 25.610335146339796 5.182335400436178
20.51505095489749 27.08477919165269 1.889316582306303
16.98603219782701 30.96601794298617 -0.5307642143296576
19.459492000238637 33.94551088021592 3.958101454345684
24.167316554763286 26.277374568621727 2.4211860379638708
20.158804127091514 25.611757424033573 2.1473473356609354
19.826683866842536 32.02699755685572 4.763832016199762
19.509317384930522 38.119343900521706 3.3843276260135466
22.749114599096124 32.58285729683553 5.500257068336185
16.91027262828653 31.597922968978033 1.9758862941129207
21.710118842421416 30.600124280064495 3.054749731077042
20.498430909816545 37.12700929893854 5.604336510811095
24.04427516441981 27.870818436208687 4.703527095468381
23.526027230745118 26.927170125271523 5.673982001541292
17.02984052644999 31.987130748513973 5.056136309485858
19.1533033407844 26.821343471159228 -0.32508881023208036
21.791147980295747 35.25523249550149 1.1470599598410025
19.360161419858656 29.706214035468218 3.99427851192498
19.505588333996517 27.99196642925824 2.449908302664152
22.483495206056688 31.665116480346736 0.7149866663950066
18.365440497352488 37.3145740465791 3.7882370385607245
22.032778068197786 33.475481597961576 4.561556334880939
22.223345255704995 33.101075485112325 3.060362828190031
19.879031841553978 37.0118991122134 0.9292920368009849
22.246466320314187 34.91175280052046 4.718183155711263
23.566498966535452 36.78999236164673 6.144688205259445
21.262559066411765 26.668298022176455 -0.5712752190636239
20.42278094006577 37.47230556351472 2.31315853319358
24.019230255032475 31.40755394394419 2.7896692684305235
21.25008294310107 31.763717882292905 0.18358579203898384
21.182051806475513 35.89147741622302 0.20686406568085292
22.626016161931563 31.65133376360721 2.5921940993711456
22.187788293512742 36.51340248627585 -0.39765754270969844
20.156009941413277 33.299908109818695 4.878842364253796
20.868069755845227 29.49981224669038 6.020843403973004
17.09129013543459 35.24936854072908 2.3573924049644637
17.231761151496762 29.041232731170503 5.169969427877422
21.890102193915716 27.410248066232736 2.189203909956449
23.042886351009347 32.80369679327661 0.28514164710913614
18.62889849662259 36.29162468228501 1.0983948553389933
20.308267290847212 28.585780708827674 -0.19424984303267
23.11031001526543 30.631084577499642 0.11943345100852376
20.317152834151525 27.30805464400014 0.11660523320106142
17.643073299401788 32.81457314457068 1.730038119463787
17.480233812575896 25.949014033155223 5.297474816496075
20.690596715582856 34.89195389099109 -0.5425007622593714
19.855267495588905 38.09343899113264 -0.07596743090142133
19.203040408361986 26.906351431846087 6.140119805043537
1.1095262329459388 31.027313903066712 9.852571578767037
0.1871456708126178 33.25439837839939 9.739781127156494
3.0461427398690866 33.99908373639711 8.07580580015925
3.4153801304900355 29.983780363738287 10.062882214128216
4.188257584914304 27.811271844809497 10.511345630690762
3.2261397879522433 35.31316883506545 8.297744303326443
4.477194016994473 35.48202487326149 8.319823576175507
2.90740286792441 35.63865800550021 9.607216683950554
4.179616055869892 35.19478495552946 12.491925382137618
4.842657763172248 26.554790983196888 10.657289286422444
4.4844661206178555 30.948157683475017 7.953774276260589
4.527941991423861 31.41354093797322 11.624546547155774
5.764379276403894 34.57693536007244 10.950747782686008
0.3701498186348528 33.76601413162878 12.330540443751993
2.3982150729094 36.3599460611269 7.022133374952357
5.4086483062207895 32.062135943535914 12.599204935370555
6.656870105761543 32.54220876615834 11.941959592587537
6.360912112195213 26.890431027780032 10.8010805520636
2.759524530440331 28.578775497666644 7.797713966066717
2.5483239816043404 37.01254030805545 12.32161745960769
4.15448069144036 25.793985630357007 12.255815061946855
6.847451750588195 33.687287991771946 10.94311436685901
6.8232474630717235 27.034564653309822 8.387856815003023
7.12223578553238 27.576404977667075 9.667169290305946
1.6703784717260666 33.82612408055686 12.163866121907688
7.038654831411211 28.997113243028387 9.780493449274013
2.524969058422929 37.74108632707042 7.400321991558218
5.099416983283906 30.84981931027469 6.621166210587269
0.44378114961575965 32.15796752205687 7.012832555265528
6.212033693133641 37.6027496776175 9.52411650757989
5.323803460840368 37.6018020571754 12.29611055419576
0.9557234893652312 35.78891087070378 7.038490486164188
6.063229816021863 36.949860331321965 6.8757622946179335
5.737053294066983 33.52190408603375 6.732340308899085
2.7013940386096964 26.70811947703079 6.810472588083983
7.383870794179631 33.174903933986556 9.691383450662109
2.672934042365376 28.03309127012091 6.617190437135746
4.606239582815153 25.576930607990455 9.647432358053598
2.863649821851102 25.579239470316253 12.149016391777144
2.346544412476921 38.245770988593385 11.596684182236812
6.6938672669507175 29.798757050421404 12.810286063343455
5.268412922191141 25.532232676693877 7.253756184151376
8.064667734041533 35.16076502838191 12.881340034134213
4.304638517028154 26.67480358060328 13.262601166539547
0.08669924067677816 34.663828709622216 13.207645207274371
0.11344561492842702 32.5857767473765 12.950195374871598
6.468608329790903 30.40431330162752 6.462977914018488
14.445416472489946 32.710731894213005 6.471926499586784
14.589994968728357 35.73176054026736 6.757469190471898
10.68553673814243 31.24093046223567 6.79313507437961
9.214659664194274 25.939066417833196 9.613889263727682
9.79121798525963 37.799571936228084 8.511883963305841
8.3506351106417 30.948653003107445 9.73155497344995
8.93114549628281 27.168517655638194 9.889198699728404
9.788544053883568 30.618312317673524 7.713331351585806
9.269927874920368 27.409749449721144 11.144283013591211
9.748482787373499 28.009935835407877 9.235952517318642
10.657210479105295 30.66350643209409 10.867328958246965
12.001757794636935 30.126730087145205 10.98681362080973
12.229828260291523 29.322293960099685 12.294231924737215
11.993163288388969 26.88731869204362 12.068456362250885
12.873634572766663 32.334949454144706 12.177260312235745
12.511708331918141 29.399142273920226 9.899459424765078
13.15008381608247 31.59461609502529 11.12092471848643
9.458085939137833 34.07807317497449 11.654367301284447
12.997240362811382 32.37338421367333 10.064170246903876
8.289410740157232 34.70763060166208 11.638610816392216
8.580547165223493 35.80686907412163 11.019165251547129
12.034078207689136 31.49595044123504 7.169874568355472
13.581930345927617 29.405913002254756 7.655392750538042
14.422962084435653 31.181855988683683 11.233823132265023
12.904634449581762 27.950104040088767 12.457147410309279
14.247376643124486 27.866911787753978 12.021405458710042
11.574071453359744 36.63637787122696 8.844356995131054
15.719236270084126 30.622482668885258 8.043185773496521
15.34072626109544 25.64646300695831 9.212234079576012
11.105614205878249 37.8844546405804 8.702624572031999
13.68450421777273 35.23468393132605 7.0727489785652615
15.614906691551703 28.047281925267193 6.72545806616797
9.95182526126948 33.506931385634964 7.949494937069517
15.831483072107686 35.510743652620235 7.28352450643076
10.091693247042913 32.96835304654712 6.7284336490568215
14.651395522759966 35.22492232699299 9.849802758519616
16.25014806676368 27.093279485556373 11.041900580749196
15.71375435935289 34.98472084994283 9.807412279088513
16.292906123917447 35.83101255522277 10.176835590744739
15.899413751826385 33.56644680643761 8.16916086648533
16.182284523749168 34.59108158700464 8.410423573136022
15.86889112949471 34.13843006832625 10.476609182539487
16.435472387133988 29.12298908269424 9.878727678957098
23.235677276956217 29.843182943523562 6.686496945037498
23.81394383922374 37.92680707344817 9.681675160687304
22.05863375297975 29.037977823730056 6.738601237557709
19.758098925361104 25.57759788746708 11.125079179563588
17.890481587996003 26.658104829554617 6.278763924650631
22.32798734607107 27.505289789663042 6.5022116280702775
17.26859519064438 34.65932216287047 8.35235155258655
21.552321481380204 29.245065770797286 8.551452641093993
18.92858160174202 30.557710537605782 9.949954057442667
18.627368917771157 26.174214391941625 10.851746884292497
16.77378023613776 29.87981041290849 8.665896403360215
17.395933586791465 32.10995519180236 10.01008022108988
17.63837617339725 29.021035032923457 7.6520846700800185
17.93624703222318 31.154899449004784 9.258923120724406
18.543299039565117 31.79857303218455 8.238776204935773
20.662546418158787 26.56158080330855 11.046293570136944
20.480597261063906 28.54039341217649 8.838792177327448
21.329922057199916 30.45831134356111 8.92966337249328
22.467352497416307 28.86818426677871 9.455293218879834
17.756754255278736 25.820233497568108 7.2940909090743435
20.69630859200294 37.66990920094188 8.95227445098916
16.987959530553955 28.31508049892052 6.446995814857999
16.69694705673534 36.385381153721355 6.6664530789094325
24.311906910110935 25.951476439868234 8.018631576360843
17.763485472591622 36.471612687486434 6.812945160930544
4.864975650785961 33.00616778128689 13.523535634754015
6.94464290347471 30.9744178027466 14.582875271298601
6.048943014370236 30.652574848246843 13.638865914389669
5.1181248671730515 29.981784869644606 14.242440242215356
9.355314199885077 25.57733358530117 13.817827867809191
11.75962859052585 27.464892537528936 14.843407474659706
13.337207071071537 28.830982244518346 14.977961044852394
13.769878642310363 26.837980070072156 14.768992834510534
12.92164458286181 27.74967051505579 14.333122253865355
1.2299458933235123 38.99945561617146 -3.3500003059219896
1.2299507699541505 41.83000863341855 -3.3499999375738665
2.45904452635819 41.11953655890999 -3.35000004310384
2.459005403086553 39.701081808206816 -3.350000357707068
3.680994685284189 38.998918208347625 -3.34999990626772
3.6809559666522147 41.83052892397266 -3.3499999117326453
4.910049073084638 41.12005423454785 -3.349999891414839
4.910054039812993 39.70054433478047 -3.3499999216865883
6.13999998437358 38.99948982139535 -3.349999880373086
6.139999993564902 41.82997734303733 -3.3499999155743487
7.369950912656869 41.12005424896261 -3.349999906652953
7.369945929324774 39.70054433913524 -3.3499998956513446
1.229950895546874 43.24999378446006 -3.349999903995448
1.2299503772686038 46.08868294231149 -3.3499999225346446
2.459039744029383 45.37941302902203 -3.3499999683347492
2.459044356296046 43.96052019152073 -3.349999923551621
3.680955672934469 43.249473612099074 -3.349999928273145
3.680959746489856 46.08919640535466 -3.3500001850147076
4.91005014879688 45.37993515684775 -3.3500003147753645
4.910049114979264 43.96000023756058 -3.3500000317723746
6.140000000101135 43.250025052354175 -3.3499999270715453
6.140000002436854 46.088651891810294 -3.34999991361725
1.2299503709246284 47.50131701096193 -3.3499999250778876
1.229950780150218 50.33974809410447 -3.3499999244957825
2.459043472303567 49.6294679905764 -3.3499999236274745
2.459039778571969 48.21058577115216 -3.3499999294827854
3.6809597673905867 47.50080361503295 -3.3499999213009213
3.6809563934135716 50.340266981148055 -3.3500000257760765
4.910048934968458 49.629988704628076 -3.3500033415945674
4.9100499421639565 48.21006333059239 -3.350000984901087
6.140000011238801 47.50134801986975 -3.350000021832228
6.140000165714297 50.33971706215096 -3.3500004328424238
7.369949941848436 45.37993512279909 -3.3499999177544035
7.369950910912938 43.960000273751774 -3.3499999207263844
7.369950748322378 49.62998832322087 -3.350000015341644
7.36994995848336 48.21006371685339 -3.3500001403867783
4.201827522016309e-09 43.95996905890968 -3.349999928684424
5.205575145992312 49.28027202481463 -0.8822277254028887
3.8427643289651314e-09 41.12008516843752 -3.349999904400441
8.59900532362203 38.9989182206737 -3.349999910244824
8.599044039036086 41.830528936365084 -3.3499999282457784
9.820955505817743 41.11953656132462 -3.3499998862895666
9.820994693120557 39.70108180031865 -3.349999891038382
11.050054075902715 38.999455662200866 -3.349999872436109
11.050049211600113 41.8300086393207 -3.3499999155423765
12.279999943189644 41.12008515599046 -3.3500001883320216
12.279999975875477 39.70051014552194 -3.350000007488958
13.509945933496843 38.999455646086936 -3.3499999682915096
13.509950846846124 41.83000861070917 -3.3500002696184215
14.73904452498323 41.11953655597775 -3.349999926706866
14.739005319053334 39.70108178468613 -3.3499999847678765
15.960994682683157 38.998918229587474 -3.349999982858641
15.960955964635327 41.83052893842192 -3.349999886852647
8.599044329596445 43.2494736327331 -3.3499999212499807
8.59904022285479 46.08919631819087 -3.349999916483669
9.820960243454616 45.37941301124354 -3.3499999060945527
9.820955656651652 43.96052019262655 -3.3499998907518402
11.050049096487584 43.2499937972988 -3.3499999281741335
11.050049632031117 46.08868292699741 -3.3499999174801296
12.279999996727069 45.3799668189379 -3.3499999130808753
12.27999998687398 43.95996909389988 -3.350000010324915
13.50995094458517 43.24999385041744 -3.3500001394392385
13.509950368145857 46.0886829309779 -3.3499999217293186
8.59904021476109 47.50080362655957 -3.3499999284775486
8.599043502553 50.34026691458795 -3.349999919673415
9.82095652248897 49.629468006674436 -3.349999922043907
9.8209602271531 48.21058577386292 -3.349999921937006
11.050049632333327 47.501317003604484 -3.349999927751266
11.050049211100042 50.33974810474515 -3.3499999239594835
12.280000003834413 49.630019604704025 -3.3499999354459034
12.280000002054503 48.2100320160671 -3.3499999329313668
13.509950374455748 47.50131701065855 -3.349999925683189
13.50995079928935 50.339748108233806 -3.3499999167917083
14.73903976647809 45.37941301982932 -3.349999926654604
14.739044347096103 43.96052019062522 -3.3499999358699597
15.960955684496696 43.24947360668371 -3.3499999798246796
15.960959793017626 46.08919632606962 -3.349999911114642
14.739043452339565 49.6294680227363 -3.350000050864611
14.739039771268253 48.21058576366917 -3.3499999675739467
15.960959799542312 47.50080362808905 -3.3499999411623405
15.960956514791885 50.34026697547644 -3.3500000209215863
24.559999978663022 41.12008519733828 -3.3499998502953208
17.19004908600811 41.12005425909202 -3.34999989603167
17.190054046319542 39.70054434136302 -3.349999899951228
18.419999999427358 38.99948982371145 -3.3499999046824724
18.42000000968272 41.82997736979152 -3.349999885523196
19.6499509110704 41.1200542580596 -3.3499999029538783
19.649945957408224 39.700544351140046 -3.349999902747758
20.879005344645243 38.99891821986287 -3.3499998940154962
20.879043948664883 41.830528906967935 -3.350000491231121
22.100955540281234 41.11953649902346 -3.3500000906883107
22.1009946878378 39.70108179571522 -3.349999846501972
23.330054055941996 38.99945566737706 -3.349999846725872
23.330049245281803 41.830008639273515 -3.349999909708865
17.190050078927094 45.37993512689221 -3.349999911112792
17.190049129473955 43.96000026851463 -3.349999956460794
18.42000001375627 43.25002506173704 -3.3499998707249734
18.420000013578004 46.0886518839572 -3.349999864847354
19.649949954555762 45.37993511899256 -3.349999855259732
19.649950917171708 43.960000277952346 -3.3499998539039897
20.879044304197304 43.24947370529193 -3.3500000310770828
20.879040208749835 46.08919632026532 -3.349999946578892
17.19004931599674 49.6299883165585 -3.349999909836414
17.19005008029536 48.210063738121555 -3.349999927866981
18.42000001367176 47.50134807955983 -3.3499998727529623
18.420000000210674 50.33971688846915 -3.3499998641728235
19.649950714630133 49.62998829916317 -3.3499999005508108
19.6499499370052 48.21006372694796 -3.3499999297048735
20.879040204998805 47.50080360492532 -3.350000001975225
20.879043531878466 50.3402668670284 -3.3500000204477596
22.10096023795018 45.379412997516276 -3.3499999909335285
22.10095563926489 43.960520208590424 -3.3499998832779134
23.330049092260502 43.24999380102626 -3.350000027137292
23.33004962794954 46.08868293498757 -3.3499999173913664
22.100956513897646 49.62946798651327 -3.3499998941753386
22.10096023710884 48.21058577074181 -3.3499999310206405
23.330049619706884 47.50131700236746 -3.3499998770798167
23.33004921827471 50.33974804609522 -3.3500000998637103
24.559999967929336 39.70051018682531 -3.349999983389278
24.559999993932337 48.21003201102929 -3.349999893559694
24.559999997359707 43.959969068915335 -3.349999926018048
24.559999998454916 45.379966831487 -3.3499998973281295
24.559999990622423 49.630019587250885 -3.3499999363364816
4.689596693673915 46.80809542107538 5.86641217831461
2.875056133949272 41.489149650559284 -0.47800238358040925
4.159868020820477 44.17125202521104 5.774135403532475
2.696489314056459 38.844017950546764 -0.5843338724553682
3.3416992290541985 47.29338460649064 5.348321631800625
0.3543203732046461 42.305201018280464 0.32903200621246076
0.4409210063723944 42.49841584655346 4.759353475384064
0.7940750783909349 41.33117324569263 0.17319331556890805
0.29638498444989575 40.98099101455641 4.968333436436031
2.018148022993023 40.86329327648317 -0.2769743049118667
1.9191120989136736 39.45337354560194 -0.3734537544178662
2.665992279764882 46.73210495782867 2.441732589779213
1.84252234231452 40.23574998103103 4.3007428023250105
2.3814456684889618 44.4366753579765 0.5181394147424545
3.5664912157633055 45.09268320806968 0.6087943659291073
3.4452744933213646 46.785992474919546 1.259881668675864
4.376768833448412 44.23981199493784 1.3031454686272914
1.847807922217086 38.90274264625188 4.359310406437206
2.0480344401031383 40.4832198295937 2.987425735694582
4.90603355289184 45.09276683142699 5.20861699513555
4.8939072818472305 47.15004413237019 1.426157293919652
4.1087732467097 45.156970607874385 -0.5656786075217357
4.640343004218837 45.02178396195033 3.886519507482886
2.8400491651279585 47.563256629974525 0.18181567372657192
5.363192395183759 48.627932793087886 1.7034801069172578
4.879160207257811 41.33805005392654 2.171149332295006
4.264915402165606 49.58661936248812 1.8992266822681048
6.080536167822003 49.151268222646685 0.09394098338569079
1.9102177971473409 49.17889683512301 4.625093609984438
6.1862269278637845 44.72108311537487 5.2437174157258015
6.505639289226468 48.77051149963038 2.593956747741877
7.1192314730071145 48.394531624227376 -0.3253367961595943
6.067214496329503 40.85015504852435 1.835673539519097
1.8847356537602402 49.27941281165966 2.0134163552689377
6.496732567914139 49.89318791165303 4.653869464713893
6.785137373669565 44.7969531141798 3.3202403287926896
5.746545557471098 47.59130100095388 5.217410680264612
2.925088340315988 40.601099488904396 4.996574561579354
6.7507451515854395 40.818316923552345 2.971787340395178
6.681223727302633 41.732502826252514 1.111068605360166
6.644955359324734 50.3605786693555 0.13048072479187267
6.96765603738529 43.982794393566834 0.9035706134265176
0.7816064743304414 39.108827625951605 0.020914388366136683
0.5568364542242661 44.99173895527486 2.9771391939183767
4.858037168712739 39.39124346993 0.016265177857712754
6.300903417728418 39.17902628435731 4.82828456433684
2.6850801390399965 48.68909774802203 5.724144857567332
0.0622127064834904 40.17046399948941 0.3722298665791368
5.910090900483588 39.25258659198695 0.999309436054665
7.250979560810665 38.978524819103214 0.5130969611203828
7.601330561153813 44.73658190304499 1.347035367928744
7.403315203346863 45.247488598925685 2.6607147812276297
6.322519654014 38.81900218743923 5.856883314082884
8.355194039771286 49.09630877253747 6.1319613245506766
14.643427400972804 38.34553263506865 2.049248035628591
8.508566830554557 46.515983465558875 3.8655681895462877
8.382858527745373 46.08466151946567 2.883448644162898
11.949135601639702 46.61548228848439 1.3202545011818423
8.58850295461295 45.44589736941997 0.8211472238462214
11.069994272622166 46.527072716223145 -0.11536928000300817
9.04649558814157 45.4081505327483 -0.156205283675247
8.298200874831297 42.56535651136961 4.610835255658836
9.121935876531897 41.126740062297166 5.959938511138213
11.521294523254499 48.14435885760537 0.2995748108279239
10.948776225240247 46.02270809684656 5.5772719913831175
9.306091048626406 48.24956327951546 1.0012658945884156
10.110572909391582 47.85069210064912 2.5166219260859513
9.020418723940715 46.27487560714119 1.7603164401877591
9.469339119782992 42.03139535984042 5.051910735202302
9.799259136634113 40.023184150516556 3.314233865316364
10.449439606548317 41.28312074417799 3.633430309459844
11.340177283616148 44.67965896204022 3.9469460952714264
10.261873547008276 42.30672712975392 2.4094224016162524
11.690034680559263 44.285194100660306 0.0703181234427519
11.918916383011265 45.56716250761471 4.739906840140624
11.78704562003718 41.0954531901983 4.115914104386879
11.970997321323592 42.992994504398965 0.41877138008432624
9.467330794073057 42.35999635388588 0.01723584798875688
10.485075221836857 41.95722200700973 0.9089674750000631
12.626796626358884 42.46016530621416 -0.5913917920815759
12.324568961046307 46.632057250730604 4.006381818426283
12.819966255835919 43.150162819269205 1.3932562667350423
11.010642306934155 40.60487622706037 0.722730860847075
9.888514506117112 47.4843007102709 1.514350797232492
11.229674545058693 47.188971964408715 0.7358014408042879
14.147135546848387 44.13949208554502 4.734910935966248
14.730853446983232 47.76674323734857 0.4972736938562905
14.543896873354829 41.82461163273296 4.16293231958422
14.564413232105197 39.52041493386755 2.878915167479824
14.917856985406445 49.1954138985197 4.9614743710541465
15.039598625211443 40.01877406600566 -0.07181299925022144
15.895618966688039 48.406177003396245 0.46636497326659754
15.464342841830188 50.11702291193036 2.6865778705885535
10.123367037112804 43.00874072255631 5.651285237706515
15.376721080878387 50.3259417844944 4.20912184086405
15.704669046294573 49.31707165299329 -0.42834647101775536
13.358943071133469 44.772921427054115 5.7482741658382155
15.399631556414429 38.80733093427616 0.35915347473438275
16.092293209413842 45.312366613509674 1.5494080949326794
15.944354448840647 42.43985910003324 2.2114122726018115
9.598884831039955 38.80578761807274 1.242387855702961
16.116938566121654 44.271593191766904 -0.32858021324306597
11.300259939084041 48.63370917485386 5.995764041713121
9.483574953877621 50.72909673836612 1.2592063360629024
14.514907996788397 40.143600108014915 6.054368741218497
15.969025090399631 47.11237582403868 5.126702040411236
23.849349027284124 38.3251321413674 2.128094778870139
16.552509209475495 50.97959780174172 4.690790690144993
22.251246673027783 48.24239284342681 5.74291493003198
17.635023436493885 49.926604113809375 1.6138137723531198
21.279688802482397 47.183444436324265 0.5404302505003122
21.58455920672036 44.07590373110818 1.6948910854083743
23.313634855729276 50.38863595675137 2.087048048811724
22.98355361892285 43.0333527565227 2.7730637343334266
16.78956991782993 44.454847603210055 0.8011658084679363
22.09137451212162 42.8933364656384 1.857874899823585
21.165853146060222 42.0419733640409 2.320872559019228
22.679136942084067 46.056813088285736 4.92721938141845
24.291200939622676 39.9506433748862 3.4845551597742555
16.55058506159931 49.10641041332321 2.0707781383602155
16.711623410724798 38.83353602050629 0.18056591075334305
20.124197002185667 46.6267961067702 0.7652909557997623
24.280261004261224 50.76822213510937 3.035578766820184
19.209739354359854 43.67882031372588 5.605966179387912
20.237168623694682 44.385694488267234 5.088176160938786
23.5968219679857 43.23705303625004 -0.14033383488405438
22.13754480974152 47.726520611304686 2.135789193862184
19.742510326803824 42.559038338794124 6.07145514045074
16.807069787507317 47.66218522950301 -0.05274388459474699
16.779333215977815 47.95768244819938 2.913306919507419
19.639472575160525 39.16061072803716 5.806958955067082
17.223776283878223 42.88669110471324 1.7355690567579696
19.135259389273674 39.4424742776149 2.94349789427116
16.84434249840209 42.49397001020866 4.924954133573731
21.049711118134805 48.13639910587011 3.006497348521666
23.21515736677366 48.7992491614195 1.7978385375463735
19.48509290668594 49.88508601956615 5.4489730948445425
21.02019646534754 48.18976399892566 -0.2591121344875913
22.824892245278882 46.52149850439895 2.5495285065345397
21.963042796828553 46.26668233800452 -0.2032794036701735
19.66747494425179 50.26101203798125 3.135011677612567
21.58841728096233 38.847474125946604 4.847780266264719
18.195458376021357 43.28305989512882 2.9317598579155257
24.21819278940577 44.04914741610698 5.248504324327985
22.664411806949513 42.212723140866274 0.298728021662511
17.690191819598184 43.58330819647554 4.4461120084143735
20.352780297854082 38.32481964130592 5.002034852492137
19.69353789158108 40.47756123752449 0.32333631682676667
21.978750927515552 50.93366022189491 2.188486610875499
17.87692189044036 45.06662262468528 0.41399055194075385
23.187619778108584 40.82578281232809 0.5984982587552479
17.914103888066677 42.138512802611366 0.7750498080518697
17.124596824727494 44.925681581758255 4.576473024794946
21.419881305953236 42.093186473961396 -0.4608636868659488
0.5020146571811426 44.504678454147744 10.94149726895926
1.1977643137823348 39.72024202363524 8.360435463491186
1.8310771772763665 44.5147451639397 11.495687588716931
2.491516761015591 43.90890372853646 8.737228127210368
2.7776384433730605 41.49497215986664 9.314702426870145
2.603270254127691 45.73827842284537 11.245674610316465
2.9935218251843994 42.88090147212366 9.601760638064256
2.5610972510022396 43.196498587702706 11.098155836382096
3.677165948132515 38.84902621960244 10.893095092749313
4.7711642624062 46.718705408593976 7.313943493863093
4.85100953944799 43.08945788320398 9.501844904423516
5.080147569753657 38.82573145187371 11.630060695388027
5.36800222096432 42.872656370167796 8.31274169199465
1.896321518021825 47.8832896666425 8.008886484210702
4.5750995955265 46.889980360627064 9.613251912898019
5.269104525267753 46.67440797333285 11.933743492090734
5.198460810140619 44.30068960763626 9.841475128350885
5.570464846288125 42.34012010028525 10.318750690109104
5.379799167744943 40.10137967036044 12.255450043912875
6.301683843865146 39.724808894890764 9.313052680958034
6.326818411658683 38.745549318896906 10.24279610484701
6.667687743411025 42.15727705627951 12.578376603901969
3.872872070393888 49.443510300431846 9.77046663480785
7.2124569161573175 46.6183438332526 9.403265319976901
1.8094108597773595 40.63048670636343 12.453438862885271
0.5918558774812972 49.318079674434934 7.26948153073446
1.3580386626348981 48.33012812687329 6.906699818270318
3.5644235960405823 49.589192498404735 6.457734994380529
1.8313303947690946 39.42325124434043 12.91110230226577
6.730891005586635 48.57185194994652 12.580891120390177
5.8862377976780165 47.461317008949344 12.995929625182983
5.415074275887982 39.14643988383506 6.364256392783768
3.6794717147163043 50.796106263362475 10.17976013361765
7.564569389488399 38.63911157454908 10.724588704563594
0.5373511132744467 47.32480406105135 6.607194617302426
1.3225952827714007 38.29254159214971 10.570106985246529
6.895505552590776 50.8714646038015 11.560573092350703
3.5804614394561334 48.916242457332956 13.222539250993654
1.4315609485341232 49.93386667500503 11.270876202937911
0.5858508182409532 39.15066536427217 13.286141548624082
0.322620190985672 40.569843161906874 6.359504136595595
1.912054287153477 50.95721996962445 10.663906726780581
7.2163379689274745 39.292190860520655 6.2634313427442665
8.416531853050424 45.431246008820516 12.764679312991603
11.36046916713198 38.42394203235948 9.867663112122607
8.816244727307541 44.18577140855256 9.973824882328898
8.19559813775518 44.048575732383014 8.100938649621664
8.475544248143004 49.54166764094839 8.522820394729893
11.550148947549351 48.73612931932335 8.037006869190991
8.966912361349015 44.788819651792686 8.818403833977975
9.037142419187893 42.130040689881405 12.281762115564227
10.28458374963744 44.59571367982028 8.46367035076971
10.485606435189654 41.92486804048008 12.124960184102115
10.82603094488135 41.521312798473716 10.795192235685317
10.11953505712482 39.32247942126047 12.846593079139016
11.425098636409484 45.314170880494565 11.895594978050244
11.28844897388214 43.04258565882622 12.84869025111503
11.377779453409273 39.909245099115985 7.194200881338075
12.15039051918001 44.101702872515226 12.09598735197009
11.957125754950033 42.705347498087924 8.722088066700845
12.092483200262318 38.68660187469858 7.3650847289434465
13.282045766819063 46.07953612725322 9.167496202898567
12.779751203881473 43.53918169657275 10.923449906920066
8.601459713962962 46.616514488670795 9.054200533371665
10.02197624926525 47.17537712184014 12.404249091054005
10.873061310917528 40.381067097060495 13.183172836949927
8.85319391124036 47.226913264694 7.669736928804154
14.512474563240689 46.55942794970955 8.959348928275311
9.559279071620088 47.09425376702582 10.017289981610286
13.563502817264869 38.83490008937123 7.87758234799983
15.265663957734796 45.62560835382475 7.59683226077267
15.417464475502134 44.26595453045103 8.085840685051377
14.402458308188447 47.84812546256467 8.77129691790251
8.951520632360948 48.766661560637104 7.386844853082188
15.096048889644416 46.325898712076345 10.13001077538666
13.729179910552007 41.17736883019375 8.126673183957259
14.337621141803703 40.081469348932465 7.495054678215439
10.760173988188916 49.179487359708354 7.087243910954165
11.84141600583935 48.980039796215976 12.558544813792063
12.139056169306293 40.03438653596317 13.115207760177409
12.68419416564708 43.978821358487174 6.754440775409112
15.871832435470557 39.97455640269907 9.707374613667458
16.020795233363604 39.949214645748675 8.433988899115121
12.242095461188368 50.187215520657176 13.218659058846042
14.199705754969187 45.86044593113323 6.418360635727289
14.2766472985649 45.436403605028566 12.959944832574783
8.817163066388785 50.9868632239026 13.076320622621603
15.0881674367653 51.01884133462517 9.889774278746087
11.099592810275283 50.44452752548881 7.019168287705741
13.481077264853534 44.46910190242894 13.30451980673974
15.466375992322577 50.381301593024425 9.090648902491056
15.595677178714556 42.167085046825136 11.494252552507998
16.085333734013215 50.93740546756262 11.113361525617117
14.106032244367226 50.64429171618418 10.178258329892037
16.105247190254378 49.90664885554376 11.467260185137796
16.449955648463607 46.35582206373861 7.344667852264241
16.651078185728647 38.82039000085147 8.221872292556998
16.712825074491573 46.78693671338861 12.390788255439922
18.37042636593322 50.95330875472968 7.949842681465219
23.04578035199489 39.03491732000008 8.869381694951576
16.71127836251229 44.15272489081454 13.060351306564911
23.341416303198017 45.948943037182815 10.503206975353429
18.052990176932113 49.04560560822323 8.857376974523723
20.730679455774204 49.28048073981209 7.4236540972180105
19.423977257904575 49.05436899914186 6.6157983986368505
21.851360395106013 44.85756427386192 8.660769950317178
21.24457389684798 43.827680493257304 8.227304535773442
21.356568649894236 47.362353956984414 11.237739361244273
17.244973558848386 42.18355619352778 9.461162538221107
18.10895070571107 43.885654851181556 10.315277496094545
16.88540294932555 43.865171400663236 12.034001649479563
16.37444450920504 42.88819737284776 11.294456510925505
17.935742292639954 44.50343338944696 11.439149804221483
17.224544169478154 42.89662884866442 10.176152068597677
18.846277971124085 44.1792311090498 9.582773923058195
19.194981454358725 47.65419916155058 6.413051046609088
21.725872166624512 44.17527938535107 11.24750495087712
20.983345115658487 45.835642258666454 8.808124482935488
22.16225440673523 48.97828091004522 6.9583333125250135
22.72003085910249 44.62390827982926 10.26368280271631
16.954553341476565 40.896247639376234 8.252506607998368
18.09114533549177 49.7047675490297 7.723671801852009
22.744030147935607 47.12925192931041 11.379587924085309
16.882688241608097 49.646335890773464 7.230412364839544
22.68026846902481 45.190582268844636 7.7165293279266365
23.71646548796821 43.61558023948359 9.951128187428832
22.897728522295964 48.44546021819523 8.058880630523706
23.60513982396644 48.27283752092553 11.223461254668695
23.459195807660876 40.354183268597126 9.213391655328602
22.149276305712704 50.68197859002435 13.139716102602408
21.667965864057983 49.752334398506115 12.87419409611122
18.564543067413613 45.72053585461889 11.937286557435106
18.863389926591047 46.28138680210258 11.051715120584651
20.58595661817646 39.76869276940691 8.595421657540102
18.927798789930893 44.37122483593951 6.727130292746731
22.962769540238643 50.60292442156491 6.577408419291679
21.229281489998634 38.85743179904987 9.256903225469463
19.45660996427604 45.548646436004226 12.539591031601327
17.72488594890843 46.70400805906678 12.786964510132648
17.892164480597675 47.757953892877914 12.564892287113288
20.901412696076935 39.06409535426909 10.485927257910127
24.294084148809727 50.546029382587676 6.390016347935065
23.184440482808654 38.75576964062591 7.444626797996906
24.487498345991206 41.68406288984701 11.09964122623063
22.988479933648634 46.64607352522159 13.183555653212743
1.6260866294594971 44.50228776009058 13.372949789148699
1.0283913638581959 43.3827304457132 13.730034763346312
0.9751209806567763 45.55187121260099 13.924755419661262
2.8157641808077396 44.544248276356015 13.94048017567792
6.432819420186797 44.25682947833336 13.430830614431612
2.645315295876421 39.49288044184963 13.941535209367252
4.95289085672236 49.19179117522693 14.821969779479305
4.488210697639075 48.26939993085214 13.998886651079228
3.8119269623307415 47.423072175547084 14.723045758485306
6.7091620436240085 46.697381862989 14.019625574553698
7.339229777670713 45.29196326477384 13.679772099351394
7.4002264010883545 44.96482005650339 16.27022939578367
7.572420590196448 50.63164656822061 15.779949063339274
14.558036299683824 48.962529841405455 13.756789869843017
11.106770788364676 50.73207390405005 14.154159388052726
10.561952541590799 40.639274511067065 14.413254576164036
8.249785506586388 44.74832709029094 15.237503143832065
14.282671859968108 43.41002488396855 13.510413281993568
9.442113479625533 45.281298623225545 15.436209946773591
8.88930091757585 50.84113130456464 15.73108651595804
8.402906717996746 43.443234270774816 15.177576242352922
9.4646316534515 48.82222488132987 14.094887982357427
13.68150703136706 49.690709103087904 14.371989620414599
9.610179875828344 50.26181172983399 14.115291636014597
9.351698447120217 50.0528846582844 16.699941110835304
13.100777015614808 44.78991689712073 14.553492069979558
13.264705559057838 49.00496836072673 15.460412831728057
14.301304879185913 50.742851709681354 14.862877799885219
22.76960587208915 47.69840202590066 13.974128690588367
22.089193240659906 45.719449571075295 13.5237310394
24.22816960392034 46.21748901859118 13.44850663503047
17.756172419628093 46.602426689477625 13.871769737908258
22.732757936750506 50.987836841788095 14.308099996444785
22.857374148275962 50.45177852275586 15.237353610067506
25.789950659780445 0.7102494626357313 -3.349999906520289
25.789945951150102 3.5405443862314754 -3.3500000318134058
27.019005328735133 2.8389194269594618 -3.349999943008235
27.019043631846035 1.4204752470181063 -3.349999905288623
25.789950865573104 4.9600542464535975 -3.350000118028432
25.789950909691477 7.800000270451356 -3.3499998748891358
27.01904430791415 7.089473710264458 -3.3500001048364636
27.019043995126 5.670528900519264 -3.350000997465351
28.240956785755017 0.7097304945097533 -3.3499998842030685
28.24099467839935 3.5410818263188903 -3.349999937435805
29.470054035537068 2.839456817506107 -3.349999927165518
29.470049240314115 1.4199571474974015 -3.350000089297256
30.700000005814665 0.7102807006018295 -3.3500001306175156
30.699999991644717 3.540510214755684 -3.3499999140017844
31.92994594193205 2.8394568031281064 -3.3499999107210474
31.929950718920914 1.4199571503700272 -3.3499999171525374
28.240955528211234 4.959536553304391 -3.3500000823213893
28.240955650659995 7.80052018822681 -3.349999995512556
29.47004909185355 7.089993815289719 -3.349999869045923
29.470049216125993 5.670008667948694 -3.349999877648069
30.6999999890088 4.960085203398381 -3.3499999054631866
30.69999989897246 7.7999690050145825 -3.35000041211583
31.929950910600386 7.089993777311595 -3.350000007312733
31.929950773551862 5.670008660770709 -3.349999898317834
25.789949977284824 9.219935108199996 -3.349999935150698
25.789949950479674 12.05006485435954 -3.3499999322847884
27.019040245393498 11.340803653961508 -3.3499999511724896
27.019040233453985 9.929196320402392 -3.349999887796129
28.24096024972283 9.219413055478439 -3.350000175826078
28.24096026187685 12.050586932923757 -3.349999874425614
29.470049643467366 11.341317040168882 -3.349999888731646
29.47004964156385 9.928682960016255 -3.3499999570904238
30.69999993740848 9.219966945006368 -3.3500002259793096
30.700000002949697 12.050033107776004 -3.3499999151525195
31.929950360729208 11.341317053722765 -3.3499998538344777
31.92995036418163 9.928682980809521 -3.349999912843651
24.560000013640938 7.090025051768832 -3.349999898004415
24.560000004335798 9.928651891978772 -3.3500000535291186
24.56000000420397 11.341348112519176 -3.3499999187867244
24.560000006273324 5.66997735914769 -3.3499998965684408
33.15904320641504 0.7097304934518363 -3.3499999040403483
33.15900532472908 3.5410818420310934 -3.3499999034324235
34.380994674634856 2.8389194292137554 -3.349999903033111
34.38095636872745 1.4204752398735108 -3.3499999158897675
33.15904452352606 4.959536570005596 -3.3499999036305796
33.15904437140806 7.800520214123145 -3.3499998936826003
34.380955682044714 7.089473644677696 -3.349999884566653
34.38095593321007 5.670528977028063 -3.350000094018535
35.61004934000145 0.7102494535738861 -3.3499999174720516
35.610054064050146 3.540544387538827 -3.3499999148082615
36.840000005427584 2.8394909808511497 -3.3499998982655343
36.84000001252122 1.4199261453589098 -3.349999904379076
38.069950673117745 0.7102494629186294 -3.3499999065686623
38.0699459508265 3.5405443889104387 -3.3499998983981794
39.29900534882056 2.8389194145025165 -3.3499998671907427
39.2990436389898 1.420475260958644 -3.349999930872727
40.52095678998066 0.7097305228253599 -3.349999989851664
40.52099469898147 3.5410818213123796 -3.349999845228029
35.61004912855892 4.9600542425747225 -3.3500002042644272
35.6100490874099 7.800000282467826 -3.349999874945776
36.83999998404649 7.090025056509983 -3.3499998943067
36.84000000437556 5.66997736063027 -3.349999914082904
38.069950909294924 4.960054254182322 -3.349999893403872
38.069950892884314 7.800000286285401 -3.3499999125814184
39.2990443154427 7.089473630801824 -3.3499999191191487
39.2990440334823 5.670528927966303 -3.349999898661582
40.52095549343875 4.9595365413335815 -3.349999869202085
40.520955645176294 7.8005202136759575 -3.349999915549567
33.15903976199876 9.219413044344709 -3.349999871809027
33.159039759833384 12.050586952202504 -3.3499998504659967
34.3809597170565 11.340803645246758 -3.349999999045843
34.38095977770183 9.929196336634197 -3.3499998538159814
35.6100500526496 9.219935140267806 -3.349999864938571
35.61004995579167 12.050064725262523 -3.3500011981039837
36.84000004456594 11.341348049537556 -3.3500002628464296
36.83999999401599 9.928651898684713 -3.349999884843853
38.06994992986147 9.219935145924662 -3.349999899284776
38.0699499720479 12.050064872416998 -3.3499999914966097
39.299040212536504 11.340803712998781 -3.349999930358416
39.29904022428474 9.929196344642044 -3.349999953626177
40.5209602381473 9.21941304823558 -3.3499998959641397
40.520960217242816 12.050586993834605 -3.3499999647904213
36.13504428614883 12.682917948231264 -1.0183341872022922
41.75005406350202 2.839456825496531 -3.3499998722991418
41.750049191983464 1.4199572571011618 -3.35000030178795
41.75004911884199 7.089993801737338 -3.3499999308808426
41.750049237243026 5.670008622253841 -3.349999919784714
42.980000117860264 0.7102807360549852 -3.350000866812417
42.98000000269634 3.5405102034372704 -3.349999835042391
44.20994593218447 2.839456803038006 -3.349999869676459
44.209950749746305 1.4199572016968451 -3.3499999582395166
45.439043206978496 0.7097305116842987 -3.3499998828708435
45.43900531683473 3.5410818185129966 -3.3499999243147824
46.66099465408524 2.838919421251221 -3.349999879665526
46.66095635653428 1.420475250530712 -3.3499998700204903
47.89004932519846 0.7102494634783484 -3.349999891545955
47.89005405172083 3.5405443915563075 -3.3499999282276596
42.980000005574745 4.960085164500603 -3.3499998646263984
42.98000000488895 7.799969079232274 -3.349999901144712
44.20995088788647 7.089993798891858 -3.3499998927668253
44.20995076797807 5.6700086273715415 -3.3499998708743783
45.43904452112915 4.959536551611852 -3.3499998936547803
45.439044359390536 7.8005201992419035 -3.3499998950003116
46.66095567766708 7.0894736263438105 -3.349999898491982
46.66095595256445 5.670528926742642 -3.349999916339832
47.89004907611887 4.96005422649912 -3.350000008277486
47.89004908508369 7.800000270543676 -3.349999909992085
41.75004963916076 11.34131709128406 -3.350000083973393
41.75004962676723 9.928682947339215 -3.349999986247638
42.97999999578123 9.219966841985851 -3.349999930240757
42.979999995382904 12.050033160673223 -3.349999861593984
44.20995032979383 11.341317088946633 -3.3499999317785747
44.209950285467556 9.928682942448798 -3.3500001723145334
45.43903977531997 9.219412951427076 -3.3500001856731956
45.43903974239823 12.050586965812165 -3.3499998954690238
46.66095977326537 11.340803684672554 -3.349999920178214
46.660959800990554 9.929196319400262 -3.349999983971421
47.890050046522354 9.219935115447948 -3.34999991040946
47.89005005481254 12.05006487202365 -3.349999905267107
49.119999997390465 9.928651886119614 -3.349999923161141
49.11999999237546 7.090025050765659 -3.349999932865365
49.11999996395856 1.419926147751503 -3.3500000253931086
49.11999999116595 2.8394909900630365 -3.3499999341475375
31.051392088212722 0.6871023706600853 0.9310305617087467
29.449525100644923 0.9029204384110947 0.2310034912080483
30.06545082789647 0.23318051308821025 0.8311567476361703
31.206243177787663 8.355065872643223 -0.6025188903946777
27.428550223820395 4.5499013942109405 -0.3504381513552135
30.63007088077265 10.245944525571439 5.330793473184881
25.763923501595887 2.981173681078736 2.7255148575987818
26.437569506570632 5.276937867069064 2.38783858596465
26.7051036694085 3.910590313131448 2.208092057197865
26.63233420062103 3.6953593058037977 0.35508874647321775
27.782097279403818 7.16720559293417 3.121447151640433
26.15930954679367 8.59854079536105 2.2082370790638874
27.07220257147971 2.5117891563150954 0.01920287962933087
29.034430971708982 8.50562614949764 4.757694508699595
28.12612585688111 3.4429099287557174 2.6608103034558193
28.685992355784485 5.331812604558607 4.200120013904501
29.008469922861924 3.9897437664685236 3.8147639571926053
29.205047697629514 3.0103420185643177 4.8152171760370885
29.89116385553212 7.5115383900165344 2.0561651298063777
30.759041123568256 8.628922139769335 2.097604335351013
29.658375824188248 9.738413374267656 4.418517921483286
30.246391488855487 9.800416020586514 2.97119152030368
30.625665857834594 9.186866664625446 0.31003735702790247
30.754278304932242 4.693729556500778 1.8678803545612976
30.685477314094467 3.9870327035681625 2.9464696289679573
32.20402069579259 8.49348963173306 2.3336098532200724
31.09131309352682 2.8086472846139037 2.5506223886292756
29.388156506582725 9.409115137596611 -0.10305105003987403
28.321587444896547 11.035970563781424 4.5625424710998015
31.63839519524802 4.328326656470773 3.776900205334588
27.319629197488066 10.704377021202403 3.716394586486038
31.257882474759768 10.379273010347045 0.1819068378884403
25.45146819358694 3.755008232422113 -0.238376352605153
30.45375350128936 0.7361287064606836 3.5503098677463507
25.212716506655607 1.841526045081015 5.707042385773089
29.559803018158558 0.1880426042383894 3.2917481569880125
25.706099632311837 7.285117676930103 4.754778272205275
24.639686343902117 9.381688706263915 -0.3044136806474518
28.58894802081641 12.23981207212321 4.112122561286183
27.90078266767678 11.063508636469997 5.799822862793626
28.34605597792382 0.1303964356504028 5.068832536233831
32.70227952020566 12.38302290943533 3.915584430090516
32.438909633757476 8.352704014220823 5.252029541459059
24.73499279302279 8.892858997666254 2.274625436188966
39.675692468310515 0.37447174473916967 -0.15746276289392735
35.60152106315204 8.401654842221559 5.84342598123399
36.61600868260878 8.23940820238125 5.510423131651291
37.838614085814264 12.599913923449016 1.8279491222238609
33.24210851374033 4.063218239389472 6.003171086795992
32.88374608964207 0.21964762054742046 4.537847657617454
35.13534218988265 5.238934704359438 -0.44767280741974114
33.182095030538676 11.463991473486011 1.6557192630604922
33.37578760682068 5.489711952273088 0.6567948015092684
36.58550102945849 10.085379022405577 -0.2866020694217686
33.44776817449167 8.531620324015028 5.593487297094728
35.727536550585306 10.9308223961892 3.516313082279172
34.202950170505375 1.7989132549951752 4.410016509304181
36.70141516734097 11.49442479714647 5.324006881254584
34.41775502878291 12.482108222476464 0.27779338896377737
37.6597609277054 10.301898762694792 3.96996326052676
34.47807232872424 9.489784357834582 1.0825017266289316
34.495270238248345 7.98232780362526 5.097279995914245
34.10569003225707 0.5647929687629543 4.104946956937418
34.66038033961223 5.205999933353468 0.7573363618133644
34.86186868163791 6.176639428884721 3.0963868346419297
34.73413322328207 3.9317244246348677 1.1875754580334141
34.554124476041245 7.343631101201769 4.317085980931289
35.66015570195644 6.273253935559596 1.9191736412278138
35.72583771863296 7.548034508946534 1.2733467567557055
36.97937574808974 5.62111700016585 1.9904408338781232
36.52523760535955 1.3035590571929931 0.34891963017650185
37.91241758453746 6.913267908172047 3.8236559377335944
37.914031792764426 5.634308088070113 3.177277064318723
37.55636854776652 2.328142074053712 5.212434694552388
37.61506863614944 4.487957847692043 4.065766440559406
37.25040197777595 2.3193340303919836 2.046032837018564
34.71832885467514 10.392894926510868 0.699398473585614
37.64365392996491 1.8379130047936019 0.8802269465877977
35.74353799846012 10.736566208396242 -0.10369908081853452
34.04115311573647 11.454736605128009 1.001247297526452
38.04954707618148 2.8315923034800012 0.11095815696767541
35.53341342637604 12.067397630612968 -0.3659730547171691
39.70188416420519 5.288959648346203 2.578801854446171
40.30498352093043 6.351856677533171 1.9246769337949943
39.80128498353116 4.286973636566054 1.822552242050005
39.70738230664743 1.6963660443154198 4.403037482312029
36.875170755035434 11.363286010387057 4.024355515482845
38.816694845941136 10.567795516013318 -0.2299860632111761
40.44026203228442 5.013661905002961 3.663001075250273
40.34843310834096 0.7753038930978784 3.5200975513888144
40.12054952510202 1.1864393752802176 2.059843056906593
39.73344859845076 11.228672020732775 0.4133627478342228
39.01414206299159 0.5638508358336713 1.1289250868697487
40.07450179339453 10.442205096526187 1.4482879190541786
40.040772504792415 8.844270400946506 4.575945641573345
34.1385758131655 0.4780975235893352 2.8219155700000154
40.80421972978781 11.332386943781513 -0.34021683242964285
40.823450007479096 9.12022849439399 5.282601892842652
40.74041320225736 10.20635798204692 5.321686738157304
47.9972491643816 2.1329521790013724 5.449293433211895
44.16805739168041 3.704551055189401 0.4441908651539417
44.68763443297348 4.004580788778601 -0.46582114443181943
48.15164839272842 4.08233934442345 4.126453404622811
45.71756011795544 11.351459008022836 2.287423485544159
46.0396231865652 7.938674700910205 5.448143487616185
44.40118265403557 11.314700882862821 1.7382033236023242
42.965296780656686 4.673189538866751 0.6993947909904885
48.05449765525976 11.0631535765496 2.232978837263139
45.58239435478622 1.1490109304362905 0.5140807800817215
44.17557931650229 12.614312284022834 0.8894503226943284
43.69797245031861 2.283708530965459 0.3179335048849541
47.55161718612564 7.963042112903659 4.48764446084227
46.10561333878769 6.170206781692805 0.5254743641085913
47.17393028612396 7.259549514388859 3.1540127521286943
45.168084396130595 10.112091614265472 -0.5364007746558686
43.760786199272616 0.1802837075508228 -0.32209126713630853
48.526767936674915 7.294714928163758 5.278290461065741
48.72567610033096 0.8997979356277406 1.8501629534270037
44.89749016861869 3.6868888086026916 1.2539537128108535
41.60989341674717 2.466456521868474 -0.053122099787497046
44.534033319448326 1.1775724502002307 0.25615951462278796
47.8259095273917 8.572038081765905 1.189088819143661
47.337203395069544 4.77736759307864 1.4339845448106547
47.34977223291414 5.946885513432305 0.8250565650325992
48.273160530915234 2.7121026130546024 -0.08471831713382949
49.065788434621176 1.9408474912543017 5.546348144450894
44.38078388103801 9.878545147040825 0.49585814918842397
43.143636665519736 9.805265797789918 -0.013375028246550569
42.477193432062485 1.8285751533653918 0.03230648531010738
42.50952910987931 5.094100179627591 -0.19682508315386205
43.34175571985092 11.017676793325071 2.6903330591370933
42.73299441386768 0.7585839867161253 4.951040952953463
42.50503277753825 0.6756007536684913 -0.4800632380100367
41.76470508346863 8.776018552377609 4.854048047876497
42.601212906833844 2.0506704598473906 3.151998143699587
44.98592430157362 8.501084384196753 4.881196049106179
43.371728711035225 5.580567698716342 1.1461362833537314
44.76228838602326 8.713751093528888 0.9830195251843388
47.82126497031569 9.345676016660986 4.218424151685321
48.02101332044642 5.777425800811327 -0.3188581534269086
48.05983594156825 7.3099748812242025 1.871424346654711
45.68371678089041 6.689604931677195 5.76637519195328
47.820813485911046 1.6586204723075353 2.66208583927382
42.245608914694685 0.9023881664088155 3.685265525225545
42.22100651030726 4.174547113313439 1.320271368893825
41.44495527075081 12.629433105206907 6.086075686787856
46.52807336546129 12.670330141241346 6.181008184039474
48.16575346756057 12.595877827558775 4.180650314535347
41.65888103107244 0.20178421755751685 -0.7622424577726239
26.335278761880517 0.80320909115381 8.825613472610511
26.700425871834504 6.281032121089371 11.807846943584684
26.73306510945521 4.749530308063261 11.764447682931875
27.030405717822372 1.6350916684361345 7.680347389855152
26.17927999810916 7.87319579306388 7.804537139534766
25.304971205556722 8.198545587339554 7.417456209191947
26.957658070484033 8.595844339034697 8.786074571427825
27.763192079621433 4.196629190124568 11.047029806131519
28.067752247666906 6.841257664795151 8.103988199474264
28.11947778442487 7.999378632815383 8.903556889196125
27.67499328102854 2.758557829127359 8.359986975175062
26.935302062067123 6.849440728544514 7.405283204962208
28.99118731446565 8.173056199159 9.517037612763463
29.736332617666125 2.886485313804771 9.80771002177522
26.59740841601831 9.448421014157502 9.342611362215985
25.738847787522115 9.235763399757897 11.454445694502724
26.658640776783162 4.167802501615898 13.090039779768894
30.53805974195957 5.1864700091880405 11.009908598145023
30.76291413449737 2.5099542480776442 12.022770671747093
31.210417534772983 0.6982054671239015 9.474676363029293
29.12162599238663 5.85522092928695 7.926746417227668
31.913946343580747 3.5377075436395313 8.65131677130279
29.169739927162727 5.2414864694399705 8.826254650793901
32.07807735438504 4.481753789373004 12.811265740407668
31.804069301648564 5.412340408804127 11.647876372111934
26.69396720182693 0.9166310968101139 11.864343021717225
28.83235039904673 11.218832578316166 8.19316656010161
32.241395157103874 0.2803004750763399 8.625253963989795
30.704091028728286 7.22308013044566 8.370997994010274
25.67774440756768 2.495704403324549 6.7305017404968375
26.671992188016358 6.06001763202524 6.716894444945559
30.455669913321053 6.49592971456529 7.597926701990963
31.660459440134957 7.03490801880271 12.592375708083855
30.953963102178953 7.852276177675983 11.868014130751357
29.27635733003919 11.014937382075876 10.29972526710987
31.80255401996241 9.485957600828389 9.703657193470136
29.48411129058807 11.792808295532922 9.219238763132452
25.785567978646803 12.199670459725397 8.315980338005494
25.273807001461925 4.250702706897403 10.791251388108922
25.236831714741562 4.691989115763721 9.56072791915528
25.27629177556016 2.9713757859325263 10.742979147638572
27.831676121242506 0.8163575787872379 6.784786837822186
30.791194329287652 11.70874744210115 9.066787205907703
24.756164213812607 10.383291686106213 8.210989137993
24.566785451666735 11.683403290634246 8.357786671578054
31.145566507396875 3.2789224735876075 13.176657299806818
24.639825228813557 2.816496705775167 7.537564736925736
31.717256159488485 9.70762996913704 7.335733477400472
27.793763186700197 9.199962229657178 11.887314439216652
26.643176816410936 8.925909638016881 12.457842948403838
26.517823550116812 7.22726449330982 13.038696212106188
28.997869468556576 5.187592152080556 7.07407054748683
28.886645507816333 0.05593169963954938 13.141697706394186
31.30789322863046 5.817159799533612 7.564959698421767
26.24212787514649 3.608661183045639 6.26966671627002
30.510276032500045 7.13610949587631 6.717422290101186
32.6476745755958 8.090176915713846 8.979558130342319
32.682836421105065 9.166876771464194 9.145633610967787
32.74147811499672 1.47504934533575 7.757881661942914
32.74112646553823 9.805930058915507 7.696464248790086
40.47801196937404 7.3557914266975395 6.570543023921674
33.589761972824526 9.449799543501394 9.679993741135602
35.70829761532787 9.392789790098892 7.725420469399954
33.08781789394766 2.8381322544453655 8.380729802647158
33.01405334036386 5.490773527003322 10.874326422635752
33.90638523283717 3.9050326353076072 7.162374345002348
35.8439566522046 12.07276286659268 7.896823073837048
34.11918602879971 5.143764386878919 7.6135678087597904
39.419612704390445 12.544579562351222 7.775498160261527
36.948869485057536 9.778103782106857 10.813650887374086
34.05384927747437 2.7870101479678047 9.459343992579225
35.45551164921535 4.775578012698272 11.026759957051118
36.02368660524648 7.280023631377804 10.27768136472134
37.27065537194605 8.020884060789601 10.258842943847558
36.68349440330865 6.196819260332981 12.747411465438963
37.30321747293843 3.083508688301371 9.668811903524116
37.81046332829532 8.275230213262615 8.91654096829841
36.25812698425614 3.0633270200902256 12.73260184197452
36.4983359113357 9.7828032315362 12.083552716244697
36.13620061188989 10.46105097596563 10.029581140473823
38.08349743557311 10.530774068019888 10.887169091753403
38.43351981500801 2.7225720629693693 8.853906562709405
38.32435266848901 7.520105800271839 11.280176709505144
38.06455090427163 6.512094210583255 12.443163583134094
39.17862531341008 4.265768745032926 8.195972844342073
38.96379423714038 5.353656583617987 12.267365374098413
39.53079365050284 2.065613105140656 9.661662387730109
39.55853729774706 0.5274531950220968 10.087746246742986
35.09067975976134 8.955972914891682 6.954616212777756
39.24396099102785 11.241824757458922 7.732132448616018
38.40234920403061 4.753904480922005 7.2942299251313365
39.26992752658642 5.184110553887776 9.123825971846932
38.209472484646874 1.9406057697640846 7.655977180221358
33.00466778384777 10.863185181075563 7.667179772352545
40.41480681789737 3.212091092965013 12.378324273234824
40.39423286647205 4.155602717063795 7.662823982614971
35.104438956899344 3.4643484347569724 6.818071125988173
35.49426723865714 0.3562976659995714 6.289736855638499
33.73581573018439 9.10441520562334 6.794336862060696
40.10477375780338 0.3533516493201333 11.418545061114575
39.77341567431695 8.896069310446727 7.053948946114294
40.65492283650202 8.430493872701904 6.613171638030063
38.335083306978696 1.8542975040281113 13.25563899804525
33.27751481926449 1.85146121339473 13.280254593747356
32.77596712013921 7.68796971151082 12.888637970154239
34.69931868356514 12.69522534857781 9.609378305927494
41.04881193902201 7.884496288389086 9.252094126843712
45.813801250184056 0.14308350655977056 7.779977250421272
47.75602345646127 0.696160196983082 10.553078597353139
48.766863301392185 0.6123855890206823 13.136248942604139
44.74100868137016 0.7795588858375979 7.297289865584311
46.3682712503134 0.9339330324679477 8.680707829393588
42.041280084328584 0.14970161224353942 9.162528478095217
45.05986461098549 3.9314990111491817 8.151459336213808
41.89388547018978 8.357687939383858 8.77424437184684
48.790332607633005 5.584299767604554 8.442556329703253
48.23933094828981 4.933150213974977 9.490669609739076
48.41795931546892 5.058169050820973 7.327846993275925
46.22842762239291 8.523953282285023 6.627308643489963
43.4391719882606 7.944390492183092 10.041598728949388
42.04663530051246 1.364437898772891 13.31453944565347
47.29819119297421 0.8630822171079173 11.516887010739547
43.5294264746331 11.875759062243102 11.291566035415459
44.808741264579716 9.492660164268239 8.518177828793434
45.30088445945127 1.4766758246951652 10.856116889975945
43.14421985076011 8.387567264062971 9.183287838036973
42.74099082924121 4.76781482619609 13.101536408232617
43.508203022051994 5.3821276805613 12.040912964123375
41.89397569141957 3.6789814652478974 10.174794330054608
42.96798746578296 6.568693285632159 11.373105105164782
43.30260537840924 3.5251704182977193 10.030576640832061
44.14421165180492 4.421479119398679 10.99281366171742
43.803160629241894 2.1755751347885033 10.06742605303354
43.82058826357973 4.156245340600622 8.350205763010013
45.972811278592935 6.391503208465928 11.930391900863244
43.78566825757541 9.193906069278713 8.343628084952304
45.97813888507648 1.2668355933620332 11.575417606148793
44.74423143534796 11.783962411655969 9.54083969974324
48.09276398958431 6.754488883772281 8.389390274369141
45.70538329386784 1.4800167285756038 12.872206981390548
44.06450894502981 12.633974569507808 10.317779372251469
42.05116073426997 12.711083125410346 8.506880011135909
48.486124744126805 7.959860456675405 10.960604526961802
43.5998536594922 5.495273855039187 8.169869077075738
41.850263306042415 8.667671900979217 7.492582480174594
43.20877725559826 3.4558886998762373 7.382418372602066
42.9444775490016 9.421864298019734 7.2975895614178485
47.77348029220099 0.8370335608671207 12.776911377358363
43.18212772778608 9.995080603410015 6.413652086381626
46.759511806687 11.397738272705581 6.435250077553083
45.10575350199779 5.954678902570538 12.820813708870784
44.75579615786629 1.8839494494492062 13.190833138747633
48.74230421349656 0.8624616658348411 7.5199257542306235
46.69531688346935 0.04098103828328316 6.822160359353582
30.97938767283154 6.945914145293598 13.752251848435977
24.9174798285182 3.802735265574318 16.005480223761563
26.092026278541006 0.47694589378791785 14.621724027289366
25.119195012544086 7.172475530140569 13.446805785469353
26.624906823637765 0.4385959067965714 17.14829252573509
30.194448301197543 3.582132376700069 14.19033154774771
26.485320703683634 9.82368095012578 13.456443913216274
26.503106378611683 1.195936143530913 18.27872688830899
27.464244848760266 7.078270285653751 14.055705592292888
26.124799490657658 4.553081622624322 15.97762781713514
26.38917184110233 1.4188301016432068 15.616741257760342
27.57584942449214 2.2570721091210717 15.44508078940242
28.31489048173731 4.65811609649449 15.061729158411428
31.652405586359592 0.9806108085904408 14.323075969220632
32.236254729350094 2.116146328101823 14.01274602999927
25.09742910670178 2.2978235282791113 15.89016587893035
24.862068235306925 3.738482776495794 18.691013906301414
32.69508237992806 2.617287908030695 15.135866935773663
36.90972544049525 2.0187891916825165 13.525052532686075
39.833052401821064 8.056212720434864 13.777324167756252
36.087712490239234 0.7583319848608784 13.623500674533913
38.72139906718881 7.406382692375726 14.021808495508223
37.898987955589234 8.384428706396378 14.306371736118527
38.93529580751953 6.626370930007978 15.009651357673942
36.89228696449581 2.7541793706757924 15.24722702374175
37.50441459716784 1.9327395766461821 16.12725474032166
35.67018735455354 3.1143121690018494 15.593579594177049
37.50692137666531 3.8784362680012294 15.405187904136643
42.10429609685525 0.6688887021891006 14.53925276876221
42.22124138934629 1.9050645511741366 15.938253825375439
49.09670539572914 1.5822041462687235 15.340081051067575
48.19540989781992 2.142559082713926 15.588614289728062
46.825296106227896 0.3598304447817108 15.47278346942502
44.986686664473424 6.915610667951326 13.719511424283093
45.78340167470255 4.9788466077507865 13.471012900468647
45.988338986945976 1.9094302728435932 15.501702962403876
46.86699595656302 1.390046619799338 15.11920779684966
41.16415238451783 2.742296843704618 15.953580248622675
48.35919322433596 3.1044050074659975 15.1026848306891
43.23126505400241 2.647658310302466 15.785313240959495
42.37527778517024 1.3207334465559595 17.11560681754011
46.73797150879609 1.1954200030906412 13.6334708340404
48.171291778638675 2.2173997317234857 16.675774440603472
25.78995089170542 13.46999950976148 -3.349999908990208
25.78995038216592 16.30868293975627 -3.3499999469109385
27.01903974674991 15.599413050309467 -3.349999921389836
27.019044331803972 14.18052043019728 -3.349999943827735
28.240955676915615 13.46947954278125 -3.349999895818491
28.24095976710938 16.309196314812045 -3.349999918264317
29.470050054326066 15.599935120950681 -3.3499999224401056
29.470049113359234 14.180000474383887 -3.349999900208723
30.700000005191203 13.470030693280288 -3.3499999894538988
30.70000000578575 16.30865186999302 -3.3499999429094682
31.92994996323798 15.5999351175835 -3.3499999276557455
31.929950903295488 14.180000473126709 -3.3499999203493234
25.789950365245673 17.721317040049854 -3.349999998348494
25.789950878831657 20.560006179349035 -3.3499999401971534
27.019044352450386 19.849479796549 -3.3499999250779444
27.019039749239614 18.430586968510198 -3.3499999294981677
25.789950697805697 21.979991322224187 -3.350000299015239
25.789945915930762 24.810544358237525 -3.350000047447775
27.019005359953024 24.108918212932934 -3.350000120528247
27.01904459097993 22.690463490830545 -3.350000345883808
28.240959764047577 17.72080366919904 -3.3499999282693516
28.24095568107719 20.56052637794289 -3.3499999244961973
29.47004909579537 19.849999739228945 -3.3499999374952005
29.4700500541317 18.430064881022265 -3.3499999459362018
30.700000007617952 17.72134811349459 -3.349999942866153
30.70000000377663 20.559974957758218 -3.3499999268151637
31.929950920270024 19.84999973312483 -3.3499999223100274
31.9299499609599 18.430064882331664 -3.3499999290090345
28.2409559351299 21.979471021358048 -3.350000054541037
28.240994673077 24.81108179965403 -3.3499999238831957
29.470054058171986 24.10945581789965 -3.3500003630839847
29.47004909466688 22.68994560525069 -3.350001319074644
30.7000000548761 21.980022611454096 -3.3500000311898726
30.700000016825072 24.810510178508817 -3.3499999204821007
31.929945945941228 24.109455658331882 -3.34999988613935
31.929950920347505 22.68994575323334 -3.349999905292492
24.56000001712294 15.59996679972622 -3.3500001383814193
33.15904434585233 13.46947953303596 -3.3499999323375595
33.15904023760658 16.309196312559724 -3.349999899672519
34.380960228920095 15.599413042921281 -3.3499999755581076
34.380955653137285 14.180520412223412 -3.3499999478257516
35.61004902910829 13.46999966450719 -3.350000449920204
35.610049628915355 16.308682947783588 -3.349999932302228
36.83999999483561 15.59996683716738 -3.3499998950081067
36.84000001334544 14.179969290896913 -3.3499999166107655
38.06995086644992 13.469999475466086 -3.350000005426147
38.06995035525484 16.30868292886072 -3.3499999071415196
39.29903975930678 15.599413016379248 -3.34999990232372
39.299044354189334 14.180520419232515 -3.3499999823835314
40.52095566947772 13.469479542836268 -3.3499998440101217
40.5209597824721 16.309196298552795 -3.3499999158312965
33.15904023547935 17.720803667751607 -3.3499999340866315
33.15904433021315 20.560526369223112 -3.3499999101187097
34.38095564873637 19.84947979537333 -3.3499999782781984
34.38096025312013 18.43058697749724 -3.35000005236855
33.15904403137428 21.9794710597715 -3.3499998888847315
33.15900531661405 24.811081797332225 -3.3499999068381427
34.380994594421324 24.108918270688832 -3.350000318615294
34.38095544176025 22.690463382939736 -3.350000096264761
35.61004960711479 17.72131704894177 -3.3500000351127337
35.61004911249742 20.56000619667245 -3.349999934254212
36.83999999157429 19.850030939589587 -3.3499999702639904
36.84000000136807 18.430033181584477 -3.350000114876377
38.069950357963044 17.72131705251565 -3.3499999417733983
38.06995086891083 20.560006192363435 -3.3499999147481296
39.29904435144962 19.84947979716771 -3.349999930523543
39.29903974909205 18.430586974392767 -3.3499999302926597
40.52095977942327 17.720803667239085 -3.349999938347673
40.52095568870265 20.560526376933012 -3.349999924673913
35.61004923220912 21.97999132680682 -3.3499999248171273
35.61005407816395 24.81054439949979 -3.350000062432905
36.840000011308895 24.109489835006503 -3.3499999193862884
36.83999999530031 22.68991481163921 -3.3499999115974144
38.06995075959401 21.97999135818383 -3.349999912177972
38.06994594354166 24.81054435660891 -3.3499999008714196
39.29900531870628 24.10891822504858 -3.3500000439394584
39.29904452517773 22.690463445985 -3.3499999587249887
40.520955981181864 21.979471075588695 -3.34999990549816
40.52099465984006 24.811081713640736 -3.3500004370800807
45.43904430253229 20.56052638520824 -3.3500001098588363
46.66095568477189 19.849479780850405 -3.3500000283879636
47.89004963737603 17.721317058540134 -3.3499998827283086
41.750050031036345 15.599935132546669 -3.350000016838619
41.75004907186421 14.180000441455986 -3.349999982274271
42.97999998676395 13.470030664344868 -3.349999919228069
42.97999995207805 16.308651919345316 -3.3500000313077773
44.20994967136814 15.59993524035275 -3.35000177408027
44.209950831360366 14.180000315011 -3.3500002985074584
45.43904432623065 13.469479542198783 -3.3499999079361444
45.439040356342836 16.309196478829044 -3.3500004681905815
46.66096027625071 15.599413040393301 -3.349999939225418
46.66095567084848 14.180520434800696 -3.3499998992490667
47.890049112661735 13.469999515654969 -3.3499998896855088
47.890049638505644 16.308682945464685 -3.3499998920033613
46.66096025228355 18.43058697780449 -3.3499998946436538
47.890049117074966 20.560006182408735 -3.3499998866474137
41.75004910324502 19.849999733475425 -3.349999925197359
41.75005006533694 18.430064878876156 -3.349999934455048
41.7500540731916 24.10945564423026 -3.3499999286024176
41.75004908607254 22.68994576237197 -3.3499998845728065
42.979999995193126 21.980022650531946 -3.3499999052872456
46.66099466416412 24.108918211987152 -3.3499999215172336
45.439005309533485 24.811081797512937 -3.349999904243015
45.43904402630397 21.979471056533225 -3.349999919029064
44.209950905378825 22.689945747530196 -3.3499999067738395
42.97999999422899 24.81051018339151 -3.349999892847888
44.20994592753599 24.10945566837823 -3.34999988962013
42.98000000405955 20.559974951963387 -3.3499999215599265
42.980000009607615 17.721348104861715 -3.349999919716957
47.89005404971889 24.81054434517298 -3.3499999308841835
46.66095547932472 22.6904634303306 -3.349999917800588
47.89004923087053 21.979991330272984 -3.349999914051347
44.20994994977786 18.43006487650439 -3.3499999178658535
45.43904022947617 17.720803691676924 -3.3499999114535015
44.20995090097387 19.849999726218584 -3.3499999353069354
49.11999996091002 14.179969290367467 -3.3500000080031365
49.119999995917006 18.430033159603504 -3.349999925608109
49.11999999377362 19.850030933051553 -3.3499999287994218
29.767586131793394 23.666338124528455 5.136343104006781
29.451148733774033 23.02167422973041 -0.6963835869153279
25.49707187434738 15.818393551101298 2.172401107317168
25.129019455537193 18.22682049857571 2.6531217741735835
25.538818945726547 18.22919741603686 -0.1892316067219857
27.054659990409668 15.85324230092477 2.341900698880016
27.24283914933547 13.281534836700722 1.4689822165369126
26.991483452280814 19.26157362166928 5.0989660228577325
27.270734470897523 15.408397304395214 3.6894983758835744
27.144171930983997 19.4727380545289 2.2101141300785687
27.625089060938077 17.03596305681611 1.8381921368753085
27.73840902045738 14.51915544597024 1.2091303684488475
27.313786907697114 14.691969426071452 -0.06315594681140069
28.26448477182995 19.132414325469128 5.318002925584976
29.074948659521354 14.500076945956033 1.2483579717259419
28.726878964424778 20.363841445242148 5.3132546005063865
28.811058270179366 21.114891836705986 1.315640074783423
28.681901305513712 18.516917800886578 4.281136362709334
26.18729209983662 21.80202316548473 2.3253702221182495
29.235656639997465 22.401566669417956 1.8386563159493707
26.454089010682832 22.315907872462542 -0.5295162993667668
28.119245261214257 23.36386435284268 2.062789558729128
26.571528247832436 23.12872166953879 2.0485151676824973
30.20893408032943 22.459574042564412 2.9102827339610506
30.157311230808006 23.14431303447731 0.37595648244725943
26.040743309335454 23.324761515352467 0.2347983055084779
30.732191778369895 16.978772954155094 3.2732735288122017
31.330256603402507 18.062427393277463 1.515170638272063
31.315112566689127 13.934566627952645 3.524424167191129
30.46413032016789 24.43472049236846 0.5529753930154457
31.25188052932983 22.426310259384096 0.22999025511515447
27.165284774647507 22.436410767259023 5.0872928399434505
25.878998520649347 24.234931877257743 2.65785128883251
26.512486028348274 24.41743663151546 -0.3533447911187426
32.328042391854325 13.650715727595088 4.275965651500711
31.870061832120303 13.90023792285441 6.107066030888624
31.778431625440703 17.476651883746676 2.6569578590060483
32.563594258078005 16.504343496624724 2.24546802120265
28.387430859588225 24.677352974252187 4.7172803614841365
29.041994017804168 24.37540850237116 5.534884549255401
24.715441479028307 23.41352979203159 0.10825451813447962
28.017225693145615 14.746547627909269 5.770402682664642
27.20549991076565 22.8799259173559 6.071201908133337
25.575049132517083 14.455713066874948 5.960081833315947
31.710826283724174 19.56501832253003 4.275280533571263
32.54537948647076 21.74013600782929 3.9587535310112285
24.89937457661142 17.25694858242984 5.576874961907691
24.568524151417343 17.087032687040193 2.0517250159454714
30.655798436954505 13.143649192813912 6.229611163443195
38.922887299102 13.130422692041359 4.018519156594092
32.86152894050101 24.086040065607573 4.485140863580476
35.36554855515948 14.993493487171028 -0.6579840372034484
33.015668769020394 13.884031037553385 -0.4996877938450761
33.185558378477936 13.922400346992491 1.2530981316398737
33.295198592499005 14.510484881236598 3.8471774794926414
33.71200533864494 25.075527782127057 0.08470608172409966
34.011382570573375 15.949127889586777 -0.12028977825573439
39.26778573063147 23.7022853311358 -0.23106749752974665
34.924220216270456 23.854821058823777 2.0999672158574745
35.1357942268135 15.210529829827621 1.0568160097270707
34.563592909320526 20.614693616573426 -0.16372890920112848
32.75502915142551 18.73830728497039 3.6816229770543654
33.460292630310946 17.882427076986367 4.622462686966035
33.625420308351465 19.533304265767992 2.653713194298736
34.602699785042276 15.064824488707226 0.1173053553218617
35.97740953937466 16.23402559793215 4.272679620418948
35.08129839378136 19.1679272140881 2.1652757939276137
35.33022042157535 17.756135244760916 2.2635257014220467
34.27047482724129 18.474797052601353 -0.2632467753124834
35.00307666898448 19.401114635128646 0.2921732029603352
36.09566126336224 20.030355900730402 2.629800652107779
36.586052406976954 13.86469545559955 3.568899964294052
36.238383593009246 19.288221365028228 -0.25006407196057623
37.128720863718236 21.27375158245638 5.067816411147691
38.07647940555857 21.62596432937603 2.6893651096304683
33.90021964633838 22.836910711174465 2.0662961728602602
38.35116909527275 17.018311741705343 3.795222916736104
38.682869093692155 13.636033094486471 -0.20850282312685042
39.12710776956314 12.903824507249741 0.9539589408414406
38.81220394192474 19.002849721132552 3.7569093691422717
39.3253703140709 17.842133969597143 3.566098044951448
35.029249931300534 23.63799325911814 -0.5632976388026745
40.235146802004664 13.409186685114497 1.6630843095241166
36.269296948860834 23.408832580868435 2.3316367572457675
39.59470927735517 17.733929957118377 2.2725363961763447
39.70946658729802 23.981435103399154 2.8560531026415292
34.85779548806053 24.574691587346855 0.36380007506458756
40.54438591659611 21.263759899236494 2.8061940867602053
34.66677213573053 21.326139947759874 5.328413127459628
40.723573108295895 24.319382946320555 1.9078301105896078
37.522678786574005 25.25801316076511 3.5605303152908463
33.73228589471075 13.803436168588854 0.31766424949450034
34.64612755697025 25.091146644001107 3.0595139098464075
36.296193015915115 18.247554715986517 5.855677526874249
33.285003194635244 25.24992826531209 3.7732597992929273
35.968549796051356 21.384666768460484 5.9279709600158315
39.883646923993766 24.79627042396227 0.3054910912685138
39.37706224325268 21.894321969516618 5.782623983833451
40.322940731983266 17.509582241597357 5.952874689642229
40.82871740001913 17.315821688091965 4.6185472103152865
35.738435353366896 24.033125549798505 5.675812305536995
37.654041525824645 12.924359949082579 3.324648071655628
40.68663364050557 25.34302915539037 -0.5502989451155238
45.54602348032229 12.79563315524606 5.293734794894536
43.32305005860507 18.537787519418075 5.274255664132157
45.4091437437928 24.800432428004186 1.645052292793272
44.253407466147216 16.053500972067994 5.584920498925239
45.67986395307027 17.347582119896003 5.579522035664302
44.406422511347735 24.419589375692894 4.865652039906989
41.437629344571384 23.944396383524733 5.905869648286693
44.685169553772646 15.41814935744467 -0.7738441800796514
49.00567024660717 19.206245302863387 0.00369290757687768
43.767099020511594 15.252017736719806 0.1536489219466841
42.026872009017936 18.294310392360355 4.354363545269418
45.87835745864116 20.175880520939785 -0.3700042351845234
46.07381635814453 20.935353974208876 1.6296030276895035
43.26681764751779 14.264465705111881 2.5286184409225054
44.021872567710616 19.6899638201981 4.872391582013447
41.809745296096416 21.798579826165305 2.3509536273133835
41.50324521811443 19.690770096980415 0.7254116805093425
43.555443478100614 16.448591795748733 0.6131192968086663
41.61603936227099 23.102662611405858 1.5215244489367141
48.889237688257346 15.156867067137098 -0.14688800438425687
40.95734216073522 21.116431299693158 5.768671472797278
41.503398763091084 23.759751266388957 4.84380535441976
47.98120290997787 19.311514534800438 1.002060023762491
47.60810441901864 14.742925841824146 5.060931971580108
48.21185175077085 19.56206848994781 3.7128680391185567
46.79119376451132 20.596040114742536 0.5774158867159762
47.15279269943531 18.149925834981296 1.2859533044253901
42.89096836492359 21.974130527150958 3.2386503260864785
43.15890399732912 20.8574628824936 0.25050901285531557
48.01661562798597 13.411635248872072 5.34883366111928
46.977549307178684 20.176950465928247 4.090341848555319
48.039865220125556 25.296955321580246 1.7687048291833773
45.15172037796218 21.939490244811708 4.779557526098065
46.50981534173413 24.731836401211247 2.6309592107064694
48.31849754116543 18.15326415383443 3.8823984536696665
43.200863620295515 19.543101187243586 1.9035483381171725
46.88318818287755 23.492060449759084 3.222659037052764
44.83499469468372 16.96047995783494 3.694021039396013
41.4107815522023 13.386931450991748 3.7991245245607477
44.512855742579376 17.1669502763749 5.022801023640959
44.23720098513889 14.064263697133166 1.4868122859232502
42.694313693853424 14.859590562748139 -0.4775051307018563
48.650133018910154 24.3309507362301 1.1171449955112844
42.468563551951185 20.429874317902822 1.297690650516532
47.34767251432226 21.720441191239733 0.10440392237272889
45.617172975860385 14.397170718244288 1.7764852297471567
41.044915102834665 15.978391928476611 4.168334698576999
48.58128975466454 19.91486187901062 2.287735200114156
47.21867324208471 16.117390556536797 2.671006029923786
28.061118504079676 24.01919284929696 7.701495325277441
25.68658988143151 19.332203730349292 8.885019523445695
26.953423133073496 18.728732276776334 9.175106560216296
26.77977940132527 15.747160242580058 11.348645575093315
27.054780938939125 17.365367602868737 9.54099785351726
26.81334483357395 19.792615638409163 11.672375432496663
27.96901557305409 19.160150954480844 8.053579726272467
27.543398578354036 19.82252017529168 10.577057728961261
27.58632166733069 21.098501034396957 10.1964189853467
28.004906116470245 13.592982976501492 10.562967927566053
28.49640750870618 18.184436171056976 6.925801123674239
28.372302016110996 14.03477027983249 8.217379142590936
28.953328299466698 13.594039023332742 9.446207823458113
28.721418029433305 19.4637928056285 10.934709080467673
29.223482531407694 16.1838830394378 11.230792855856452
29.92870456367877 18.18761855266515 7.044717829269188
25.71538738435374 21.888220408705465 7.396424271843074
26.48218134777515 22.62533182840116 7.209090952276971
30.243406620096124 14.389489095321839 9.81169647107926
30.369401289353153 15.824063653602058 10.472846131868284
30.2449348158408 21.997728226347167 7.527658604598003
25.052151225362763 22.08213131506298 9.794771737851866
26.94052200828978 23.424286887762367 8.154536873937868
26.62169191998272 23.518992806237925 9.108202519649437
30.82051989810545 16.820046727622966 9.522362924159005
30.49775931591306 22.13046196242835 10.535415211035819
30.86742035947565 24.34566153475205 9.437174552426391
31.440442715817316 22.092562489268065 8.069768143862964
31.364702225418707 22.910252949237492 9.756542905656842
31.757361792742884 15.789761729728717 11.760421035825972
28.586090242482726 24.67201718014541 8.383129440428961
32.37167337532149 17.181548228497416 7.50357278027942
31.787088679706983 20.804315941482805 8.079095653108524
32.210388734295776 22.811978978539507 7.231871804544533
28.858476478791058 24.961918756230702 10.784982131564341
30.24083492046804 25.231317286429718 10.52220553496984
25.334349560387547 17.58738063472101 12.583945258528962
31.639817977785444 14.963187360182495 12.76658457437853
31.859577952346278 16.945045824142476 12.415311746254947
24.776286395072106 16.638478837723856 7.6957310200314
27.852372391705487 16.915090980142455 6.716938391190316
28.20376386434512 23.873334300685897 12.329824975968524
28.876127823091426 21.510091365160054 12.530861983214011
30.66993178652537 25.181985863825773 6.622516570227579
28.158426016849035 23.748070166736106 6.433244128071691
27.803907456860255 23.248282527344003 13.015044016887007
31.11675069332716 25.40679379065902 11.644062137464719
32.5009166156365 20.03031945870165 12.998203557023675
32.685793439167625 23.087585261947652 10.215804845746426
28.274887939130256 22.046580682033884 13.249951556802195
24.678029183317378 24.107140041720772 10.277114209360006
31.744471705899407 15.28776714654061 6.302844685055199
33.00229207054629 15.619429421605602 11.211708657658923
37.87519731004415 13.832944394839762 12.985436166426128
33.09419392870608 13.274638858103845 6.905060749512354
39.0028749506301 12.8664674440122 8.99407326624906
36.01558974756152 23.131290092068962 6.670292853977039
33.816413394519394 15.279155023629556 8.262129790561563
34.24818814377641 14.199836610663517 7.389756014941801
35.31555872295863 13.15029880958435 8.528378193746928
34.467024625180784 18.556934172797693 7.42586768378165
35.78944426929511 18.908028838937472 7.055924426872754
36.35480732481243 13.85399308898328 8.904203872040545
38.16281055299347 18.15350997113258 8.152519609722837
36.80075701898487 18.026463977500843 8.360693052426477
36.52077281608094 18.633620493767825 9.562763191661634
36.547230318385175 16.708687569127683 8.466128974384098
38.04957324737477 15.106129382292824 11.290176596028116
37.24348777263672 23.45876313161763 6.9878747980006235
37.834794840350824 15.973164965887714 10.683118499420402
35.194859948710054 23.37348700108784 7.650249664644653
37.41081728907047 24.146252063371747 12.31194937624326
38.471270318264516 24.064690601026893 11.53254046429913
39.133295765143416 14.374347040522284 11.413607048072969
38.12912227392664 24.501361560779777 10.314694845020863
38.588787148541975 22.75875595393135 11.443412957449926
39.42949384814418 19.863031697306138 7.112665701655087
34.49756894566661 19.549540402557593 12.476976042915716
39.087952261667866 21.241356695054606 8.148875351083376
40.6815039475956 17.94350486095965 9.885060850637943
33.45528765014101 24.844244309501594 12.03153475773776
39.97128263277976 14.403408693109434 10.850549830714925
36.09273998971286 20.407180346577398 7.117880980380701
39.954705108910865 24.926702635341368 12.190559254344885
37.19806917002224 14.692204270386656 12.154891609497033
35.87284917323166 16.06558059104288 11.648296303405262
34.20951751417546 22.636667848858455 12.730709716884101
38.526972437396765 19.803173764981246 11.194461473107648
39.356392650031005 19.059030864461302 11.966341375033798
35.84427109087884 15.185847245757529 12.29122128719611
35.19461743845511 14.448956637606322 11.818947675773558
39.86213831712731 20.763571638514815 7.548494312426218
38.48615192903934 13.092561424149249 7.070161743949392
39.10406611045059 13.51445518511392 12.478356131921185
40.877142982400464 22.96796522095341 6.757536470610152
40.724123548629954 20.45736265786666 8.141214753183569
38.694744419735656 17.931806297375566 12.167390194757724
39.4887365585425 19.63843061163415 13.14304466860879
39.9538101285212 12.935443673080611 12.808629916357937
40.24951791812654 21.66152498035873 6.393137421696974
40.882764044262046 14.658391926217329 7.445511978523104
40.832237387436415 22.857542144520316 8.822089841922523
35.03130157052428 14.651157115543429 6.263970096480546
49.02596484537954 16.234051642560768 9.346331499524766
40.95352943990505 18.808060810692968 11.018042567047209
40.950714231096406 24.745764101818427 11.13251554676631
46.575865422954706 25.104286572774917 6.884996085459642
41.40603672130315 20.18809486174802 10.81616459237446
44.95901833515409 13.427547077268827 10.944866079716114
48.89679118969865 18.23318929268137 8.365390037236567
41.120238166284814 13.214587115112458 7.4133471438358125
41.13833316847304 23.421456253184196 7.953351532139294
48.2848769729942 16.904754357506786 7.383853080137493
41.96155256257089 24.931362998145683 6.676785147143489
44.23121337174802 24.66189789364594 10.258586685182305
48.113160549016854 16.324581888480104 9.935137572289314
46.66023882592916 24.682353200644446 11.218311001563501
46.510855767570746 19.627604169054017 9.865693680491791
45.185026144985805 23.671343402115312 10.604050876627639
46.41732173199757 20.124268668123356 8.673257611004
46.105069180605064 19.1809102013877 7.806909065195335
45.75111838192124 22.805832833924942 9.45516473276351
45.14449303996145 21.54398484629782 8.744909413705365
43.001543126074324 18.47986878036549 6.679772146809323
44.300592084584565 18.877109721005457 11.91273429868733
43.5527556815766 17.226866161415757 10.33004556912123
43.42963775509798 17.73381144513942 11.668429546782095
43.54380343004527 14.64443467335672 8.72113279286234
41.93633168959378 18.142021960406638 12.053274060384133
42.113106801868966 16.690275709615992 8.17503976840688
44.04384489920467 20.998047007503704 9.51048087505503
43.33538432164399 21.088044938523677 12.019787596939597
44.765234604456175 21.870248193146846 7.374189421003857
44.9062218338227 22.791306784951924 11.713866537189809
47.61988879512692 20.62027205160965 8.328703032923702
47.82133252166185 23.961878887019548 11.336797626504964
42.83655468446473 13.64449770647105 9.465107650277242
41.949372698512434 14.123624629023151 10.51655193811066
41.74529224195868 24.581339467421515 7.983172772446698
45.27921013581113 16.095525092510545 12.745807662493213
44.0136976426461 16.481157693978865 12.954875938768346
46.071657115953336 13.332264496774842 7.259068376732652
49.06163134456319 17.190707907708788 8.093066175145523
42.09965737480586 25.06844721071712 8.793883201052699
43.269890295206196 15.314747822558102 12.948452798365139
46.43914566781865 25.310097426978654 12.405524784343031
49.10706218191495 15.231622839535229 8.926022426455555
29.33361265435406 19.44796857017697 13.399940471233938
26.72905061836357 24.617629436898394 14.323081662138927
27.243039083177223 19.386679068177045 14.487904813008246
27.04984095147087 23.597419067488243 14.172534777964016
27.890277862822032 20.123445322448685 15.951069408124729
30.135206979425966 20.10488302588533 14.819588195739632
27.705384621286665 21.488447560031144 14.305892298982274
27.941687671009692 20.134867990537703 14.862342374194174
26.929215276721617 22.47551380180062 14.883695456226363
26.417982518105266 22.27254899344302 15.813128806761473
29.265418358637756 19.54019401509578 14.483888811994554
29.497730067612927 18.532215794168728 14.827561877587257
30.056548394506866 24.24946094555974 16.229724857330776
30.488769646774102 22.283845439907036 16.610123408954365
31.046379944778643 23.409199383662003 16.302777166602358
31.814388109170494 23.803274423595127 17.30345949123821
30.974323742183053 23.057690071763858 13.743630209259978
32.00301459276542 23.37521901233502 14.670481437223458
32.64126315022021 24.69576550916013 14.66243028013543
37.44917242495107 13.479604899767452 13.912827129562777
35.4481316910963 15.696845421735139 13.712291046583466
34.41229297445617 16.03587413766899 13.69823105261638
35.414829185267074 14.827734654508138 14.369282231780765
33.73159061958985 20.089101342001516 13.459229253680643
33.77197283683513 19.29098712117892 14.558048927335555
34.17207458132444 21.858048441506007 13.924930573945167
36.15802925808578 16.408659255405556 14.133558789070523
37.251494609342394 24.91321475743416 15.43722491371463
36.24309405747661 24.04960868292086 15.605216744347983
36.11955452108599 23.133610224234555 15.198049939903566
33.03853511627899 22.190383048783776 14.921778986359133
35.34577776533734 24.807817639825448 16.349692033679506
35.40779238026922 21.685048671008552 14.638616751934903
34.380148670601656 24.34497304886476 16.490174545113298
38.05515984567634 24.720086023360665 14.742082137024806
40.45014382506094 24.197991314865888 13.484613112809534
43.32211207169494 23.527735410079583 16.14322251587823
41.30141376653188 22.84634556370313 16.185040198027515
41.884623651748456 23.833989786419494 13.881420284003216
41.72974366981411 24.905191885115155 16.294280276938014
42.088849307173966 23.783460590337143 15.692287065148813
42.25663606215449 22.517871893980033 13.470138360024826
42.78638588743274 24.873591291816314 13.509249399900378
43.94841968806328 16.932102145607033 14.17963086266278
25.789950907669574 26.2300542615783 -3.3499999110343337
25.789950798259554 29.070000319838176 -3.3500003114883237
27.01904441860361 28.35947355002847 -3.3500007876949747
27.019044040246055 26.940528912890244 -3.349999946947233
25.78994994572607 30.489935130545575 -3.349999926218299
25.789949951070295 33.32006487859677 -3.349999942502153
27.0190402346261 32.6108036903191 -3.349999887078887
27.019040236337453 31.199196318688106 -3.3499998946355944
28.24095547497478 26.229536562220066 -3.349999914353271
28.240955694489607 29.07052021288699 -3.3500000425440057
29.47004912377547 28.359993811641573 -3.349999968378121
29.47004919122268 26.94000870429405 -3.350000239326137
30.700000057253778 26.23008518122257 -3.3500001879362573
30.700000015108987 29.069969069676837 -3.3499998769832207
31.929950862402283 28.359993812429266 -3.3499999017050563
31.929950777806457 26.940008672051363 -3.349999874431088
28.240960250311677 30.48941302124544 -3.3499999010072736
28.2409602342636 33.3205869788837 -3.34999991789105
29.4700496334926 32.61131706098434 -3.349999894593676
29.4700496393607 31.198682933717418 -3.349999874955892
30.700000004388535 30.489966817580903 -3.3499998528902406
30.69999999102487 33.32003318173237 -3.3499998797438337
31.929950354233068 32.61131704920331 -3.3499998868885825
31.9299503655175 31.198682922352653 -3.3499998590108415
25.789950906751464 34.739999753383614 -3.350000104560642
25.789950923091396 37.57994574148818 -3.3499998636461314
27.01904403280991 36.86947105653494 -3.3499999250353274
27.019044322217272 35.45052638552799 -3.3499999872233754
28.240955575992707 34.73947978201287 -3.3500002821580557
28.240955494730272 37.58046344508249 -3.349999964411492
29.470049245701723 36.869991375625574 -3.350000044651038
29.470049158433966 35.45000625049011 -3.350000440547838
30.70000001077479 34.74003092766214 -3.3499999791419954
30.699999955847307 37.57991477808688 -3.3499999757610013
31.929950751393182 36.86999133678603 -3.349999918878961
31.929950870646827 35.450006212445736 -3.349999907170095
24.560000007305824 36.870022651965826 -3.3499998751601634
24.560000003452807 35.44997495538885 -3.34999989526111
33.15904451908294 26.22953656993779 -3.3499998777224507
33.15904436421548 29.070520230740037 -3.3500000465622923
34.380955702747336 28.359473647269624 -3.3499998996298452
34.38095597380578 26.940528956336713 -3.3499998706824883
33.15903976351189 30.489413010742314 -3.3499998558998554
33.15903975569429 33.32058697092046 -3.3499999033682903
34.38095978887515 32.61080366053559 -3.349999894394029
34.38095972912449 31.199196321716958 -3.3500000147781863
35.61004908517198 26.230054272144173 -3.3499998978363066
35.61004908109967 29.070000250085883 -3.349999991848417
36.84000000140442 28.360025053497647 -3.3500000324075527
36.83999999823342 26.93997737180808 -3.3499998811978893
38.069950915535976 26.230054265651315 -3.349999881262966
38.06995090921987 29.07000028930097 -3.349999928020595
39.29904429525513 28.35947364113446 -3.3499999447509277
39.29904402258236 26.940528954658713 -3.3499998860812
40.52095546666914 26.229536646719694 -3.3500002099004056
40.52095565334297 29.070520204497235 -3.3500000221276593
35.6100500700035 30.489935057539764 -3.3500006649094862
35.61005007572853 33.320064862367246 -3.3499998872517143
36.84000000596958 32.61134810783031 -3.3499999540540837
36.840000059481355 31.198651885827726 -3.3500000134120067
38.069949915495606 30.489935116105034 -3.349999892618439
38.06994995845706 33.32006487036332 -3.3499999134408553
39.299040216253125 32.61080368440812 -3.349999865607213
39.299040185619035 31.199196373609546 -3.350000167996342
40.52096025558373 30.489413025492617 -3.350000219932543
40.52096024055262 33.32058697407198 -3.3499998797713704
33.15904433722944 34.73947980972287 -3.349999893290252
33.15904450212273 37.58046343836463 -3.3499999281760773
34.3809559502436 36.86947105923056 -3.3499999310933424
34.38095567626255 35.450526375631775 -3.3499999036912778
35.61004910742398 34.73999971736887 -3.349999908385737
35.61004908891677 37.57994573710934 -3.3499999460067142
36.84000000984816 36.8700226340673 -3.349999905069121
36.84000001890343 35.44997494329844 -3.3499999145715655
38.06995093010776 34.73999972329893 -3.349999933215795
38.06995091127085 37.579945745454296 -3.3499999565446883
39.29904401628511 36.86947104193627 -3.350000291772195
39.2990443140404 35.45052632953844 -3.3500000256416005
40.520955634681634 34.73947977724918 -3.349999954353592
40.520955520946806 37.58046344805649 -3.3500002446398645
41.750049124537526 28.3599938089516 -3.3499998704559273
41.75004924263509 26.94000867439342 -3.349999920408097
41.75004963315616 32.611317061577275 -3.3499998535862496
41.75004963911971 31.198683010436156 -3.35000021045622
42.98000000567544 26.230085202324055 -3.3499999178559072
42.97999999644725 29.069969078903213 -3.349999914417574
44.20995088390516 28.359993807109266 -3.350000015296819
44.20995075505432 26.94000865689714 -3.3499998709199397
45.43904449884141 26.229536572695594 -3.3499998898022056
45.43904431077332 29.070520202442836 -3.349999978249152
46.66095564534479 28.359473580571393 -3.3500000547978717
46.66095595305912 26.940528953041763 -3.3499998995454607
47.89004907586982 26.23005426423132 -3.3499999274266368
47.890049159312035 29.070000230662178 -3.350000189270068
42.980000057501165 30.489966833498272 -3.3499999956507875
42.979999970501076 33.32003310756479 -3.3499999568707137
44.20995034919767 32.61131705027138 -3.3499999725621388
44.20995032177659 31.198682923593097 -3.3500000327097035
45.43903970374578 30.48941298900706 -3.3500001572008165
45.43903976696945 33.320586956391445 -3.349999940637441
46.66095977124015 32.61080368965062 -3.3499999018204885
46.66095978648818 31.199196374440305 -3.3500001435739204
47.890050109943026 30.489935182725752 -3.3500001354248212
47.89005003922086 33.32006487417799 -3.3499999146979444
41.75004923920596 36.8699913451968 -3.3500000090362314
41.75004909699845 35.45000619425753 -3.3500000011403808
42.979999817457085 34.74003093735038 -3.350000532075402
42.97999998268588 37.57991480011714 -3.349999906372394
44.20995075961269 36.86999137266729 -3.3499998994878952
44.20995093464073 35.4500063817597 -3.3500008041894977
45.43904443898661 34.739479785721834 -3.350000134419716
45.43904452338301 37.58046343153689 -3.349999909376101
46.66095596530292 36.86947105884816 -3.3499999320151574
46.66095566028455 35.45052635245796 -3.349999962238307
47.89004907659974 34.73999966920053 -3.3500000857563625
47.89004909896141 37.57994576265354 -3.349999932952279
49.11999999584549 28.36002506384138 -3.3499999317166873
49.11999999067618 26.93997736280941 -3.3499999394692104
49.11999999598172 32.611348121997935 -3.3499999031297634
49.119999998898756 31.198651891885415 -3.3499999059193284
27.457250014895735 32.76102468602658 0.6576882670136508
26.01696292241734 34.506095270579586 -0.6699596636860394
30.898474766684664 36.04006742336348 -0.5221332080170671
26.70514403030521 28.682164213784542 -0.6277291027514798
25.83130038637522 35.39883370849163 0.8370707566834179
27.574350095861497 35.07100583121482 5.907525654979921
26.5694120267019 30.131747814520228 4.880306361689756
26.135220784937875 27.704110752591344 2.1696030737917846
26.826628210671796 30.403191246271202 0.5503104487466248
27.398187982373425 29.23128797479083 0.3888902506919223
27.477021330539163 28.155070164244034 1.9379895213416276
27.64772000440684 29.228011384903397 4.493341649569239
29.214563703561822 33.982328861498836 -0.5230821869417712
29.00344900785504 35.02586387101815 -0.3417943793781142
27.994611890039284 29.208133907236995 2.9721401302074293
27.496319384347355 27.903022675611 4.997576054640925
28.56926371244414 29.49624527220672 -0.04483746307897385
29.162795793836278 29.83764590741548 5.412614909270724
28.452317553575522 27.136682247340733 1.5718530598560598
29.24794102870418 31.190097704747984 5.328847295521717
26.75892309414156 33.40359615876333 1.193917149462913
29.8348075515862 36.07078453826182 -0.33755662667995345
29.892546143044 32.66949427789407 2.0064508011965962
26.489533350836503 34.726074817723216 0.28732095864139495
27.737025404574293 35.496072412497504 -0.015243849987740532
28.853077352019742 35.68232886077004 2.976766341136128
30.343885680975863 29.387552417705056 5.038240855241375
24.60513928355992 31.299839936661087 5.133096409187638
29.887206881249437 36.65399923635711 4.421166481551517
28.69518790062767 36.58555372117263 3.9033302029732706
26.07995473419451 36.403128924190845 4.322378154837016
30.910962517086105 29.71396125255435 1.7626347441587642
27.88048134246017 36.86387421542121 0.0018263406195273557
29.1239098759374 37.25224728613635 -0.07442234325249819
27.26741794591583 36.366686329564466 5.0979229746540335
30.89434244300115 32.26442986380822 1.234702995416227
31.17497933528211 27.290990512543093 1.017751587133282
28.56228944911671 37.760846327264325 3.340784204276306
30.366813140038772 32.04377346939327 0.051680566188714305
27.195331702529103 33.72061069191336 2.1410968117205464
32.35392788421192 25.834797468935793 2.8295264759453778
31.80159324570657 30.841730283313517 1.8969599715246843
27.234075668009027 37.69893080627189 0.2281893104653454
31.649824713339424 33.26605533307434 1.0161609931054094
25.874052539102895 32.78631224138663 1.3490450524984465
32.242786357684004 37.7291292083907 1.947526397527537
32.44233925816078 36.82937584330634 4.053121622392073
27.351591193441795 37.521141431037385 5.934697145664623
32.03496597560326 31.332144311796625 3.28672528687839
32.46939863788142 27.35961297186774 5.261743189635018
32.40334556889294 31.491660691566633 5.094867509833341
30.269729005104736 26.128469811657656 5.043436959874864
32.35294852581681 31.66826549785427 6.088029571355607
25.981978675044648 33.235875651520495 6.042154906181675
32.23936141294679 33.850246024442534 6.156204097642707
29.933978220068525 25.591305448344922 5.930469009658684
29.496498813870442 38.189071138839665 -0.014101929308337757
39.9144413662472 33.460234017544146 -0.358659275950467
34.58171463664649 38.057637253618005 -0.2368012134622577
37.250112051124795 34.24799282002391 -0.5799925893880198
37.296005859541395 34.539885175056924 1.1090798417302161
34.74637381197523 37.58146192953128 4.260501709444615
35.59681430056571 30.711580919706098 -0.579584084752256
39.70363973625294 33.92751328193702 1.3265131026273758
37.65615184069477 32.93213739780757 0.45106421048376477
35.988468256396935 35.5458812841285 4.174677932755757
33.499130704837 26.543698116606333 5.144065329658465
33.082345438243934 30.647559109169613 0.9870001434495823
33.08978361170407 28.649830312662452 -0.21238266451697685
33.81023289203798 29.352830194261273 0.8828710776014148
33.9583412838572 28.639568308372628 2.1244323624921826
34.54757159497651 27.272937704278295 5.068694963917434
35.30526023773432 32.722853147190044 2.995581920178788
35.56144293592569 29.791384660509777 0.34615667626967994
35.20256808066217 34.53187759453293 5.007652912325894
33.833318503843984 34.72417050520491 4.789426715228701
35.57673067082671 32.84221989036413 4.299367022905962
36.27343376386146 28.75301313531468 -0.12794456538678167
36.2645576513788 30.2594473808038 1.2916047402116348
36.88853600231277 32.63935858907242 4.465544971300743
37.819337719147036 28.68625791604608 3.9893615344568545
34.983668218335374 31.829501532255456 4.955926796467512
37.817546617992335 34.00181759488488 0.31751271471866627
37.38046412742 27.477063675019554 3.344559683984738
39.390341658801916 34.14712671847135 0.3058690639739059
37.742553143996666 26.204140963146013 4.055098256793633
37.80441402676864 27.416779605663734 2.3421963197580675
38.721212375837275 29.604848635630244 3.521427756967773
36.294799571489484 27.480619815329945 3.2475038960918923
39.223814031037016 30.319989970513472 4.5080148945402145
39.86017473680335 35.48866104924557 0.048552837748698785
36.01294123722441 37.02742188452646 4.5942403175473725
40.00200010967074 30.96281404266312 4.471908949219059
39.21603085527589 36.599300538809 -0.16491936710044341
38.15520259531238 36.72279397961515 -0.32552065274565334
38.95722702931579 25.64171503618743 0.5244363408334307
39.09189534578139 29.539940239676824 2.5091130648185747
40.252665442239326 31.08247240286649 0.93730808637563
39.283915309883966 33.80593375133541 4.25707877371011
37.477721658379735 29.19014853779699 5.2368190505987435
38.28808499978186 30.20293766158084 5.457872886564078
37.34791978422119 37.23894872236525 2.2821913732052366
38.82794532847639 26.10552778894764 4.072397036858314
40.08906826594737 37.57002774841509 -0.2586838523456225
37.29401052138019 37.773515385128746 3.51152102603723
38.54415799868309 37.51385866163822 3.958113704865193
35.749635765359606 25.556284814873603 0.07029501850480457
37.27934284870369 26.094343919187473 5.035649546372689
36.604821255675205 28.835035337144312 5.764397956244239
36.49939041137276 37.089033924386975 5.897321341029793
40.382225170317824 34.11140486722536 4.909290620470853
40.70029527377042 35.3220223360645 4.401918489657033
41.180361020623636 35.74110851923058 -0.0803400404690946
41.506919153444684 25.53084439967895 2.166267325377821
45.000289104345434 25.758034453810502 4.767115143833332
48.704799513072935 29.993143594934963 4.184591715917797
46.25636354970839 25.820189019629524 3.7605167580416965
48.81709665499693 37.35753846017748 5.607337941670542
46.97452110754599 30.84198299395918 1.1816127393218956
41.62002549817287 31.065868349055673 0.7527034121556209
46.88332122718527 34.85531417249938 2.40382441526914
43.319624693807576 35.9893817503719 1.7630466620495522
44.19810992536363 26.899999902258237 4.526231964598746
48.117959540247334 35.873516627222926 -0.5109316065367464
48.33174375509356 36.88885154395415 2.122142498415318
44.78310212145217 29.231898631322295 0.957334464334354
41.84179125157023 30.58880746070211 -0.4799979242986485
41.98719261459854 35.02321607636688 -0.08763520638837896
42.03623807977223 32.36500351692701 0.6005827030507505
41.37302983051014 37.0647975217316 -0.1882186861617785
43.56860025955547 26.56959586354396 1.5437978731170199
47.689542188119596 34.59546527044767 5.824455030343332
45.615968030616756 31.401304695506347 -0.42227905397134724
45.77456089119917 37.028927310052445 3.118661481681775
46.10878373791195 30.377062749964576 0.24594235692172783
44.11042997389936 28.644503350076214 -0.1573113608236465
47.900675753420195 26.271423976596456 0.8695696255472896
45.40272683740631 28.313777468264544 1.7854039901418317
47.34012925356013 31.916282579115716 4.599015351887478
42.08370124504093 30.826648347387724 3.242754479709997
48.67750623713638 35.05800834702728 0.3719156267211954
48.27020865869738 35.4408798417543 2.150180452482211
46.01822063738187 32.2656572320049 4.734109835257025
45.60933418858814 33.18653293352322 4.664111161339182
44.91279782209475 36.039520213708975 0.38940762170545096
45.307049866344045 31.051374476975962 4.6531437140484035
45.98528992893571 28.99563213442624 4.5331173148367485
46.916629433396075 29.716269737904128 -0.6237610773678282
44.25584016787561 34.17822963106765 1.1252101543298998
44.48015745522611 35.468201443371 1.4828278967295927
41.890623041371 28.74439644947769 2.007100417392799
41.27668088866202 33.255506548923634 4.460947342322287
48.348595043895294 33.85514659922956 -0.029239549217372485
48.200226151350876 32.54891169287905 4.436492335578341
43.92855084705291 30.253128459786435 1.7486349648860455
45.58036003883612 35.64726729948773 2.893988085999659
42.442518573196104 30.094020249346134 2.0694528071812113
44.24658966461163 30.854035096270472 4.706821729728504
48.72050954369947 28.436527107956035 3.9137692027158675
45.00417003140756 34.864110572603046 3.8667253542942115
48.062583217398796 28.34185706862756 3.049899691223319
48.22451803488328 27.83674135398645 4.676887458642913
46.21891653510687 30.041469643434667 4.667439739058618
47.4585712583346 30.60550892982925 4.522722052339621
42.30447479865443 37.592215128510475 -0.3318882354060637
48.88433003730018 25.69891571727089 2.7002403323565085
46.36003618304929 36.11321342258418 6.24472712642379
26.60625359491082 32.926346668074736 8.922372483607129
27.313392278859094 33.79524967565692 8.250035441201177
25.368991115716724 27.621199517498606 7.450433843697716
27.717962146215324 34.78459868389353 8.968788360153216
28.429296803533184 33.13703983948245 7.9334904417501
24.790742039159504 26.608261466169804 6.944609392159876
28.957141382461607 27.093553891782715 9.19727922496451
25.455199476358867 35.490443577477066 10.57816479420411
30.20858459345719 27.921150970082746 10.704406254503446
30.075260195261357 26.92130937697145 9.817545584258609
25.75219730300157 36.63521292077628 11.19216580628969
25.74927255354035 25.87319375897524 6.447307933741148
25.159196973493053 36.57923226604637 12.344831344545709
30.991427161825666 27.19151669847925 8.920655760806916
27.092911243223664 36.58268508032159 11.44314018847343
31.27101416888365 37.449947433596456 7.990521834804706
29.09022160606096 29.633062873671538 6.743010007825184
29.901435160914428 37.71394019453873 8.390766639352345
32.32423819046257 30.70305372731205 9.59873173166789
25.343026287631854 35.22346618980393 7.27790563325263
32.4043892695273 31.328570304797715 8.16546697969152
30.099898831980614 30.936980114099224 9.597476451389973
30.90410573153553 30.63737061596479 11.211802701665402
30.949496020413278 31.144501214148 10.248029762492816
32.352503131870975 32.67377885632373 7.999773447156036
32.28346347651449 32.91254773033398 6.690223682693742
32.31536055671346 33.342348261958506 8.847143129745131
26.4284609364758 34.386613100624736 6.751150834866911
30.864693091896942 32.20617329545965 10.479893634490304
31.532929032852067 35.53047647604639 9.870658123304413
32.110729802681384 36.6819002025015 9.540471971911263
31.577517944311452 36.46855462394778 6.920114013745701
29.331936214963367 26.328619593027234 6.461518231630854
32.339776260453796 30.74230297141719 6.954253329449535
25.236725202961374 38.26276395383152 10.259304002385436
32.41735614641121 29.619414513518514 9.526932694376889
31.964341490231106 37.46147193388852 10.655251844185763
32.37511497512685 29.67426415476401 6.797906722881006
33.135631178574386 31.066146165700655 10.229529085212679
35.68169443104653 34.44855568153581 6.304539122725394
37.748827358274326 37.47180683090589 11.73768058401472
33.81552848390474 27.486826241534803 8.849932749863898
36.70604729444723 30.818658702046378 10.451428057322381
35.5097392454154 32.55123536519492 10.253750850008709
34.800786165692806 28.312497731073176 11.591421484124819
36.68212611092187 32.05041175056933 9.862763958919524
35.094281717205874 27.59610613000792 8.945106354513735
35.61977463441574 27.368774716501672 10.748498805716665
35.648506365563286 26.71456850887869 8.121772014949434
35.363689571170205 28.800704309701104 8.450954075775524
36.94329941531929 27.737815620975287 10.838180911691529
36.64865728716476 31.8531914650033 8.57683524585374
37.8972836787811 33.26162727732903 11.892226574800253
38.01007968790119 34.30259606309459 9.708410256739548
38.09693407410573 33.017718600760716 10.39764300965109
37.38151407941702 36.17422115000446 8.16752258344134
39.21726765375363 32.1537254468657 10.132256935978418
35.88955441332762 35.79545004462585 12.817417228153897
38.429937116113365 28.781100400454054 12.352556081163094
38.855753966971555 36.572930419948285 11.972533960142476
33.38883590516352 36.58721808566435 9.39981131587552
36.40070225644151 37.00141296667405 12.981224844356115
38.88846787115239 27.954375654441066 8.108354770958517
40.20835921953128 32.982237719919084 12.838485509929304
39.50951493612994 26.271691607483895 12.527469252651457
39.28297436611346 29.982439758149486 8.174340247901997
39.88935282467588 28.833183982104654 8.20966270726726
38.78940861806471 32.62392192957468 12.921011531101595
38.61307900783412 31.221085901938334 12.824767932194991
40.1797287827341 28.75720423548197 10.776846012693671
35.29559059068657 37.746374949875126 12.960339303736639
37.18044986113603 37.288049875150925 10.410272345252897
34.893039143573446 28.23941338080353 13.17069751671842
35.26002238736338 25.9648189629408 10.975946851905793
39.251352278335574 35.140981303291 6.951096933210459
40.5615892791231 28.78954379108668 7.050709040276778
39.82966165784827 32.736750852954884 6.983449108530896
40.19091389574048 34.111498158098314 6.736533708252999
33.60804478347715 26.003129989822728 6.3531908968745885
38.280435654813395 30.895707368632337 6.28637250668225
46.913536939838544 25.778168856725 10.492036948451434
49.02211772614269 31.742617890002467 9.590303943354598
48.90843078918276 35.54993198744234 10.529265614470386
41.04778585616146 28.594729861410233 9.685585067205132
48.61197732257866 34.13568902272861 10.8124969934089
48.606969408002136 37.51137842411668 8.034163878468334
47.79768261430803 31.239115435704704 10.229935317062159
47.20916373523162 34.92215903209225 7.836746790784409
41.23457715193833 36.91626640201322 11.321623942842697
45.81272722576347 31.722665877773185 11.729243461718898
41.4853533762867 35.655733999684514 9.367367121723579
44.44798213660165 30.010716751729504 8.264434149991079
43.984542782214646 29.370174651260804 7.234965182292195
43.388245103770544 26.519703897616264 11.781088476124927
44.101352973256795 28.445082712764155 10.388495634022629
44.4197568625735 34.02357905185581 7.818730710900019
41.99212886211498 34.52659400216439 8.67353641913689
41.97410981404817 33.27103496899099 9.346606263505425
41.38102072154046 31.79809102179108 11.121720948495472
41.703324150094225 27.287394326628014 9.441578848395697
42.05411649402949 29.754028439449954 9.704684029139589
41.616339720432606 34.42443212148071 7.151571429370013
43.59170432352599 29.680119144135805 9.848329570131245
43.88978915648382 30.83141600185143 10.658100091704432
44.28302031355028 31.265149605312267 7.942903973818314
43.83713442997581 34.88291284585474 8.610852565830362
44.515556996471 34.86864942200952 9.77759873894492
45.71651991880412 29.7433212743088 8.359921880254666
44.03119793063731 36.07953269335644 8.1011508677168
47.44343057750937 35.543961742116274 6.693918192150483
46.064265860783074 37.28097476105757 11.85053281807602
47.297709845582666 33.77587694430693 11.14033812496087
43.67365996216061 37.5121290019164 11.823011385155873
44.839152279737 37.17515459393577 12.561872780572834
44.130341210789624 33.37198012653076 12.684321863112476
42.45959280884758 35.159763839978666 12.480432102356394
47.54961539972462 31.77142700951829 7.353600000132335
47.65749045029377 37.76347553033278 10.329705936772447
44.84681565277632 26.197067223480573 7.3855409320567444
43.614401723479716 34.664783861844626 13.104124936615332
42.09809403437331 30.657635135985668 13.038412469838265
41.97592954145174 28.2205598301075 13.163867021930248
48.85590143783439 36.70667349509685 6.855180265785631
48.82496537459507 30.203464691522566 7.470595765312233
48.73713946577665 31.468417888255274 7.7613505482617695
45.85754857881705 29.78606945181871 13.206008237937368
45.74958489577689 26.089633923094894 6.433771218076769
46.36830325166535 27.21116473894604 6.327185343716513
42.45190336117051 25.86493182349175 6.443535618401412
44.72152966534834 35.81355018566012 13.250991516144198
32.34454616629831 29.08364819713029 13.646442256581034
33.80016105253448 30.61765269851933 13.501825554567608
36.80677969298722 37.095859332936435 14.257577504381885
34.422444324542866 26.962533602903527 13.663694563899071
36.15761330923486 28.777313026537534 13.66223797708518
35.3987049210627 26.811486202913546 17.293490716179548
38.07933724755435 27.14024747256205 16.274521157157782
38.9249183704349 26.549172471873046 18.16144240439728
39.01393702914845 26.906596577353508 15.764589291478687
37.6509947583251 27.832977034482177 18.211631271145585
33.622116202566616 29.403757074567434 13.848604343861524
38.31292106852152 34.374925575282546 14.830033877520481
38.292781018958486 33.09459081350247 14.61006219914966
33.691794158559766 29.324854330825275 15.204506055026766
37.05772311800375 32.743032775755786 14.930430514205717
38.52333998206967 27.44420252359569 17.68630452491974
39.09754831354459 32.51227768792169 15.41005082312154
39.912889373115334 29.716267691106726 14.913359088076938
39.32702780123995 28.169347399214335 17.814174767406
37.65754792764819 28.029569485899064 15.806226243190032
35.817089254466545 25.989215966745835 16.73204062197779
37.117758092733766 26.04763118717968 16.09278096501087
45.43412382685704 27.6510941408975 16.27703335074694
43.86975985753512 34.717708852854685 15.893798855439288
46.03541290763621 28.55289969231118 15.529279283252723
47.26675281978827 28.07759339564358 15.393801638670832
46.179358257204136 29.574740968904567 16.313198489594125
42.30754968284848 29.470966337647027 13.828344337157159
41.15757114810109 28.372916130353225 15.998110855560588
45.0052302947671 27.5912810013426 13.373926356701967
45.07945350814669 28.89143242196964 13.995173050723771
41.880870351340604 34.9524281397361 15.170649296989588
42.946594811726165 33.08996120394929 15.167875440628585
43.725528828618906 29.387970489473215 14.531682055759708
43.04841292400178 34.35642312712876 14.91487644824989
41.182789378905944 29.561072551007772 15.302231761558403
41.495770800257354 30.496242544140006 16.20446188381368
45.758400787277246 38.07597653769969 14.864462778843428
25.789945957892545 38.9994556377542 -3.3499999759346966
25.789950751971514 41.83000864340702 -3.349999862495472
27.019044523550452 41.1195365547032 -3.3499998689117683
27.019005334720436 39.70108177909422 -3.349999875276332
28.24099469142469 38.99891819942305 -3.349999852601906
28.24095599596265 41.83052894736348 -3.349999853833119
29.47004910153832 41.120054257061234 -3.349999840380579
29.470054068726004 39.7005443399991 -3.349999830047159
30.699999945507496 38.99948984394959 -3.349999997744193
30.699999989014824 41.82997735479737 -3.349999898418752
31.929950893073954 41.12005424869856 -3.3499998534295217
31.929945936577898 39.70054438235901 -3.349999953014345
25.789950879558585 43.249993807845556 -3.349999871022896
25.789950373699376 46.08868292970119 -3.3499998888835423
27.01903977791817 45.37941302298838 -3.349999873057321
27.019044376035065 43.96052021316872 -3.3499998593688582
25.789950351427525 47.50131699426467 -3.3499999279103534
25.78995078527338 50.33974808800543 -3.3499999395481406
27.019043476930808 49.6294680040712 -3.34999992074388
27.019039738804917 48.21058579454483 -3.3500002297095444
28.240955681705852 43.249473625305086 -3.3499998932434263
28.24095977787958 46.08919630740744 -3.3499998883007764
29.470050052575278 45.37993515881214 -3.3500000683596722
29.470049083657436 43.96000023041573 -3.3500004511781425
30.700000006815618 43.25002502301041 -3.3499999575074026
30.699999988661737 46.08865187145827 -3.349999869446859
31.92994993510769 45.37993511699504 -3.3499999006211345
31.92995089723917 43.96000025827812 -3.3499999502793063
28.24095983822413 47.50080359277722 -3.350000060781033
28.240956504445318 50.34026692113163 -3.3499998849521506
29.47004924861352 49.6299882858502 -3.3500000015821785
29.470050061952765 48.2100637238268 -3.3499998795919184
30.699999989908115 47.50134806927713 -3.349999870783841
30.69999994590101 50.33971692206174 -3.3500008612453467
31.929950764284598 49.62998826812948 -3.35000006820938
31.92994992937446 48.21006372765611 -3.3499998911525877
30.855966675185464 50.18110752840356 -0.9007767321047211
33.15900531192566 38.998918207262825 -3.3499999592415266
33.15904400076027 41.83052894404579 -3.349999877026668
34.38095546531137 41.11953657794173 -3.349999984148193
34.38099466137774 39.70108175987087 -3.350000095714968
35.61005404942061 38.99945565068151 -3.349999941198767
35.610049221558285 41.830008660756874 -3.3499999097756215
36.840000004627036 41.12008519387826 -3.3499999166228447
36.84000000217715 39.700510167382966 -3.349999917486622
38.069945964364685 38.99945564676709 -3.349999899178837
38.0699507708961 41.83000864573593 -3.3499999394826108
39.29904450102556 41.11953654561445 -3.350000045773198
39.29900530399371 39.70108176861254 -3.34999998124112
40.520994672330254 38.99891816577152 -3.3500000910655414
40.52095600441071 41.830528964053485 -3.350000106529424
33.159044297670775 43.24947362396248 -3.3499999171112416
33.159040220670164 46.08919630661568 -3.349999891950609
34.38096024891881 45.3794130338588 -3.3499999051226093
34.380955650146475 43.960520204160794 -3.3499999809766035
33.159040176702206 47.50080360615146 -3.3500000496038984
33.15904350076761 50.34026691526792 -3.3499999021967373
34.38095652226141 49.62946800085183 -3.3499999537018423
34.38096026555363 48.21058578810702 -3.3500002224202783
35.61004910304295 43.24999381906165 -3.3499999141623626
35.61004960648969 46.08868292429814 -3.3499999303843486
36.83999998377624 45.37996681275419 -3.3499999612529443
36.839999995508826 43.95996908217025 -3.349999924281961
38.0699508786518 43.24999381367876 -3.3499999370895086
38.069950379357245 46.08868292680399 -3.349999984060581
39.29903976720339 45.37941302249177 -3.3499999366981603
39.29904436856953 43.96052021351593 -3.3499999589943554
40.52095571554082 43.24947364517008 -3.349999965013075
40.52095978905792 46.08919631222571 -3.3499999926606314
35.61004963024934 47.50131700457108 -3.349999979634922
35.61004921706758 50.33974808810703 -3.349999947477511
36.84000000282727 49.63001958918817 -3.349999924090562
36.83999998877208 48.210032029826245 -3.3499999618796483
38.0699503748363 47.50131701668118 -3.3499999716228848
38.069950785492146 50.339748096716676 -3.3499999108771528
39.29904347381081 49.62946800503336 -3.3499999203290534
39.29903976735649 48.21058576983407 -3.34999991378534
40.52095979583927 47.50080362664222 -3.349999919587332
40.520956504850716 50.34026693116417 -3.349999934629555
41.75004913232309 41.120054295920234 -3.350000036132277
41.750054105604505 39.700544311948406 -3.3500000881854763
42.97999998491179 38.99948982466917 -3.349999894173602
42.979999987007346 41.829977361903445 -3.349999898195286
44.20995090635054 41.1200542600378 -3.3499999043901174
44.20994593653647 39.7005443577693 -3.3499999042300677
45.43900524250321 38.99891817685387 -3.350000095465928
45.43904399977181 41.83052895336262 -3.3499999521831625
46.66095548747829 41.11953664805668 -3.3500004161498764
46.66099464006186 39.70108185782723 -3.350001934766559
47.89005418553916 38.99945560669007 -3.350000151184097
47.8900492593647 41.83000864066292 -3.3499999338300803
41.750050072054066 45.37993511507733 -3.34999990379648
41.75004909998076 43.96000027420402 -3.3499998775516806
41.7500492923522 49.629988308161835 -3.349999904254811
41.75005007015689 48.21006372278388 -3.3499998925712546
47.8900496155732 47.50131700608148 -3.3499999816576267
47.89004920579191 50.33974809475858 -3.3499999005430348
45.439043500679446 50.34026693120425 -3.3499998923170815
46.66095652155506 49.62946800021304 -3.3499999129990385
46.66096021949277 48.21058576681551 -3.3499999473674205
44.209949948909966 48.21006374060309 -3.3499999337285766
42.979999952775245 46.088651877595545 -3.350000001229673
42.97999998657994 43.25002505209477 -3.3499998859432703
44.2099508556693 43.960000220553425 -3.3500000814100495
44.2099497767044 45.37993516454962 -3.3500006757186576
45.43904430642347 43.24947361573891 -3.3499999378116954
42.979999980770415 47.50134808623152 -3.350000006355077
45.43904026627699 46.08919648244604 -3.35000053449657
47.89004962020725 46.08868295031797 -3.3499999166191263
47.89004910978799 43.24999379065559 -3.349999917172072
46.66095564081085 43.960520194747964 -3.34999995029148
46.660960277703104 45.379413043838376 -3.3500000434836186
42.98000000974409 50.33971682243302 -3.3500001186839756
44.209950722889275 49.62998829282975 -3.349999953272067
45.43904021128726 47.50080365151368 -3.3499999079110045
49.11999999736476 45.379966838514434 -3.349999934947144
49.119999993557734 39.7005101861323 -3.3499999465181753
49.11999999030759 49.63001960090361 -3.349999919352391
49.119999997378294 48.2100320213595 -3.3499999476929174
46.73299526539014 39.496574274926324 -1.020158459873205
29.280921979966216 50.948251471132934 2.067000321099762
24.670640695641495 39.332056841621764 2.328392962343946
31.667690721486125 38.383186353418594 -0.39244153773670853
26.4621301739001 44.96596183281204 5.720815694377224
32.27223375804654 38.72918849088657 0.8708788869762618
27.51035752113556 50.452676004543555 3.281968499567234
26.48713560500736 47.97797423735015 1.5104817565497874
25.493057830190637 41.463060779513405 1.3263038966532514
25.590828285550103 43.7819193844448 5.216307289112452
26.006501294267146 43.32882936840044 3.9179504561613943
25.55854975346046 43.90955472607398 1.6099138970999116
27.66302471479897 45.19134496151119 2.232329239610399
28.27995893862948 45.99043052600811 1.2402002790540312
28.731419877695714 42.23531053372177 2.1765998854387423
28.773511360433645 45.35726931593429 0.020682093616919417
29.41544331266886 46.890365631915955 1.8107998383747825
29.39007753310368 39.946813168843974 0.5012143872672159
29.866885036564476 41.57204028572816 2.433837285102489
25.983729502149902 46.43412302514033 5.708299706491179
25.940499000780626 46.45080767144948 0.18649788936085487
26.952707781324875 47.14132855914496 0.5585228682107124
28.1415168526419 47.67214177458298 4.556973177531269
27.389342261910016 47.85099130775558 -0.45106253552517517
29.588524757047114 40.74045180699735 3.40391558267037
30.791875296540326 42.39509937390496 2.90549875333895
30.92374431101113 46.4907925768651 1.8101232437010395
29.680852953924084 44.450782667087154 4.966926942991101
30.457094457040846 40.78890563291425 0.8443443572907228
29.149905303579516 45.38063770241965 4.76305392853411
30.68005808144616 44.57247111226393 4.548739143709674
30.812189701071286 41.908817490817256 0.005087886953714094
29.219935927843252 43.67769125656957 4.35212196085282
31.463790268683002 47.019659521618244 0.5422069331549384
31.95450113389534 48.63128964427836 2.9537501451962744
31.797329950197863 47.364228084662614 3.167457177428994
31.09280521301035 45.104098186104665 2.0935502951881144
31.939339984698123 38.93461597808429 5.203082422840282
31.40206196327186 44.27085545537585 -0.4171120797210326
31.760680203789583 40.13945503912728 1.421291216653402
27.075505504463948 48.922907418563696 5.87469117739508
27.492141425454083 47.64928014666644 5.737057796773431
31.18966934166719 47.36526864054931 4.3154696406770885
27.49634266727301 50.509010257986226 1.0814114769243
26.52914424498623 50.19004341246111 3.648908042672996
27.977149795359797 50.50121511198719 2.048450122110385
25.175791146426434 46.91097562263448 4.625784541198314
30.805863489414694 49.296827180319255 0.6750874341129287
29.357083733630294 49.60394693391382 -0.2957588704956049
25.230704435330964 39.597510669967924 -0.18475986689302393
24.9210179653513 50.444096365649294 -0.08582478773766611
28.520662210318875 50.9570232875281 4.098983788790722
30.310125236169693 50.021419620625146 0.029092557547819586
25.818573787481863 38.76894409206582 2.6184475252190453
24.68599691463431 40.40604775399959 0.8475371569839474
25.434340526912866 41.143840679827484 6.030792596124234
40.56456908779745 41.4811992105252 5.965593884053762
34.00998156026763 46.352487008831545 5.858899634639316
37.27649592127383 48.34707540269946 5.980116655907314
32.8229830278746 41.57156151415346 5.087083732710605
33.033128975899324 46.94265588238301 3.465403888270162
35.788905817688075 42.66707922175893 5.4276584368843075
34.03833535277982 47.9062554128069 -0.42673516027008307
35.548289049666295 49.31043767020405 -0.14149792969738617
34.125046988200666 40.1093492934303 -0.3318987823838404
33.76560949041471 44.285789051411385 -0.12338764954118786
33.88084436885008 43.81242981434701 3.0768232759975698
34.787725408898275 39.18036433006314 1.4344424492900798
34.777577986058574 43.321638791389105 2.203534599181115
35.11781947629747 45.810461898767535 1.3144284721023403
35.01298933324793 44.39532067871581 0.6772434265893612
34.378881414765814 42.109203224730706 1.8754374458080059
35.801188785552526 46.1457357817325 4.79043754815648
35.88234781170238 43.08004129685932 2.857421642627701
36.09266164640913 46.99378650518179 0.8978477981686162
36.24868310314842 43.89373394186124 0.09266612895976412
36.86348188241467 46.75402890104391 -0.3055888238257931
37.13976268584528 39.06749834765139 3.4257865866100676
38.32421172126855 39.60668234838612 0.8443117266847733
36.79137095330599 47.475445066410764 1.9784376265395165
34.931571086862874 48.354940930151656 0.44973037030837437
38.142046981094325 48.97652461585833 3.460524189226546
35.08934532130729 49.22534723999365 5.275682516246474
34.20238433978262 48.76765467137808 1.4292455088484601
38.5330842244328 44.849736062736824 -0.2755102809583798
38.046569758591964 41.10882230032242 4.771168628636561
38.30559349201643 41.44965906670572 2.1172333519852704
39.09044252287714 40.57650368637997 1.4808246839355
38.90320930595127 44.44691381832243 5.264154060984173
38.94569335774378 44.662430788929065 2.081859201596079
39.43596757147758 46.80080872503494 3.3932620117027934
39.778790155237715 39.88409602171704 2.3876437954270715
38.26301349296321 50.53513619203964 1.6647333755746108
39.820889783049594 45.47230688172777 2.943660780016917
40.00461973738457 44.57183985120388 4.5283622726685575
40.09219920828654 50.425918069706455 3.8108510968103095
37.75060349183226 41.634636818343516 5.666893509162929
34.022309285658615 39.0423487164954 0.39914280012964043
39.5133699757122 42.451659481352095 -0.28903394684504646
40.32281586397762 41.421544432127696 0.3503664478274915
40.69989441349089 40.29964702202385 -0.4449796497695302
39.96276479616557 38.56924113998002 -0.33431474319561394
35.34587379438112 46.580104707202395 5.949793054363828
35.42735389842347 50.70425756928328 5.050424995724803
36.685010175284155 50.82224275155397 4.2908447579089595
36.7241307017076 42.46789800689411 5.929735383144602
40.51550469641346 43.34435047841997 4.278962794459686
40.67048054100729 46.096203497816354 -0.04561330437668598
40.872746851166504 45.10604796986284 5.3648431611409855
40.53872747138935 39.05976371114751 5.90461312982989
45.89596273591128 48.64720511148896 -0.1276538171053887
43.8551254580303 50.18057415322322 -0.566641454318606
46.55393774505156 41.31324723323276 -0.6516326367542358
42.85063423121478 51.026512009983804 2.8831391187024202
42.81707541557974 41.37677097182561 1.2956265610300088
48.251778775670964 48.86978469030087 2.671751442640762
47.8449068855608 45.85641655309076 3.6356605298116387
46.63523796654645 47.18752085686185 1.302656087022248
48.38277714861677 40.45383762077102 4.1522311922241295
47.80115717033223 44.13939966876351 2.4855227102476563
47.6658531703889 41.05898469143093 1.538957536193608
41.27609719403509 45.63566931372213 2.3045174795195935
43.88880892383661 43.33154995382016 2.829535361087726
46.07768897798154 50.049531399184424 2.3228456567346214
42.879712529473416 39.942544097972075 1.4326723184788015
44.33030621473992 45.38047258109632 5.843305983024854
44.85287532119199 44.68705820460297 5.18436893569487
41.759118826785404 47.963244506263315 1.2599978510419818
47.35660755933605 49.62320531103015 1.8188325062730393
43.36041083816293 44.891504925517296 -0.19763357375922386
46.759197497670094 38.97639978947028 4.4861599272514106
41.58660807164885 46.48156884270855 1.0313784614167687
42.72104453451716 47.368816973825325 5.466982391561621
43.39969632497902 41.60033420119329 3.8752303059954016
41.37798858078821 41.959449397858506 1.3490802722261641
45.804893286065656 39.98692528193561 0.21654011434285025
47.782196612602526 40.18476591112454 0.8984064230503774
47.946423144562296 47.95576099290009 -0.14474879141344488
43.816735501205855 42.03999519770931 2.707369045139363
43.86753914290367 46.61845366049522 5.195125600365426
43.53503065315376 41.888101054655785 0.17657586897509736
43.30875345779458 46.025467194966936 0.5083959174610209
47.21769222640379 43.1749331583651 5.152385897973879
44.253925443316284 45.92418955153592 1.4131720002392134
47.61292778259909 39.298598737849574 1.5100891880305156
45.473949439969694 47.08924724263795 3.877546221215452
44.44912486660432 47.27854474723674 4.160920617699155
48.46827425079255 44.725753360147955 3.4822910297056375
43.75449409236732 46.89552668196984 -0.3962578251180515
46.720753108478696 40.30064158138321 -0.2843419767534916
44.285114998605394 49.12951734313722 3.2750806411496045
46.915098257184084 48.2699525360249 0.6335411313853101
45.12392555659548 41.706093003083794 2.6799615144696376
43.8622640521125 48.37658140784858 3.7988979321999015
42.194896566690296 49.34459594909973 4.733956850790481
48.92326167165595 44.540648575865745 6.113680838252092
48.51944267285505 43.6575900154979 5.036977645953945
48.061470698993816 50.75697922736799 0.9964539627886759
42.83305735025981 48.47411623778264 4.696328583401785
25.198905461634403 39.2577832026753 11.296173427369496
25.608319633840974 42.59134859294052 7.654315612515554
26.94031162025978 44.87601116607204 11.642726578495516
27.59437354201764 45.05922540326668 10.370273257312741
24.970631657291957 47.606507522074715 9.250730988864747
26.77219182561844 42.03966596513056 10.897055735187703
28.852911197283106 46.26939094627085 10.825824724050797
28.04107276577344 42.3403397135805 10.264371845391306
26.809275770409027 45.688719863559676 9.355776041636481
28.320760142496724 43.83921675764037 9.90600934252103
28.069399809993932 39.3066526191713 7.830412997957387
25.35842615763498 46.703949205953556 6.955478624705896
28.38850454852235 41.40773533290525 9.196757749471562
29.546114547106736 46.72531094077782 9.77302805570934
29.297687028888035 42.00332398578026 11.621969548358429
26.852151427693766 49.90294630702348 12.158740506289
29.15744615757089 40.76076169963796 12.064183683799087
30.549512303840558 41.98126472001665 11.101247732042319
30.566953043377083 44.704359476023015 7.41438434382013
31.1950525106817 45.89440493288586 7.280828844980153
31.121538823922176 48.99154045316564 8.255479936981425
31.09196294002109 44.05808134916806 8.40254643113612
28.45573237312868 47.3703501613381 11.421263669856108
29.791397170087766 45.792252501487084 11.68807920104853
30.754596239560446 43.06636495111343 8.665381541537702
31.307973461196763 49.2367345896864 11.888686744663104
30.51603942197582 50.37416104732446 11.898734569897133
26.503059188047438 49.440914117445246 9.135619661724004
31.543169350403986 50.01696776540434 7.5117540243343
32.172656313259466 45.922176037853575 8.22722785387308
29.612972381968426 50.33767121338374 12.914334254869015
27.04140754172552 50.68018379773181 9.523129281408275
29.242101438532966 42.83561318874693 12.683391549894544
32.10517136427197 49.02442111850397 11.191694281797995
32.01346294720109 44.81558024524329 8.993894355734952
28.475493546831775 50.812961205730915 9.620987511053299
30.29081829822058 40.128508502773954 6.4863604834300155
29.591259770894325 44.08738042420408 6.454147166027057
28.597466482883004 44.35808120074813 6.810792635086256
32.47955408425437 49.60167720511727 6.7052261281264425
31.0972248160347 46.55837944164908 6.434680161900356
29.631543368709988 43.001191883573235 6.372466775479238
32.030813498808456 38.79140557338193 7.629488985458547
25.97650504441396 42.320506936202925 6.40221185132588
27.263868554416064 42.123821380342434 6.375419850794719
28.330058964488867 47.386888344787 6.631410375245082
26.44972752716297 50.83565130917676 11.286911745832741
25.114098751888676 50.81823477597297 11.333076920606665
30.593870902121637 50.549452925580134 6.74335327925064
30.942022593328645 48.59770040078685 13.018704095260293
32.63272928785428 44.54456056589703 9.744332582875401
32.34786001231231 42.042822576840365 6.986990215535785
31.59968898060974 39.58771247712836 6.402195993748123
26.204942069032597 38.403287238480154 9.210627357404995
30.474630378854716 51.014503106209155 11.118768327823695
32.76804485907337 41.05694257879182 6.286286854885344
34.04012594595848 40.770914154761535 6.57325411589229
32.968117645301945 46.609108051467416 8.475754870309718
33.17498003008146 46.43563513175671 11.495872490688702
39.807371157544935 39.53573902905789 6.557809454797501
36.243821139654415 50.68690180133309 12.623351216346983
40.541509891816794 50.86960834915576 7.7071070387357
36.29195153354591 43.5327551692271 7.7346554415892985
33.2408753142032 41.38777558499537 9.626534405896901
33.88133166841513 44.07480234104896 11.232415787387428
34.264931177737175 41.42604935103808 10.462056168202727
34.93814476858681 43.12329049798325 10.649575077342398
35.22631214114881 43.47783124392199 9.303237363041733
35.165277798504064 40.55838013291699 10.023836484359045
36.02922465294834 43.00504804299188 11.560926821383191
36.92543794346998 42.95143308070549 7.204693558195049
34.12577002296966 45.4538164516709 11.972831303276001
37.48004957101327 48.086435490126455 10.247624813852108
35.55988836923374 48.537665005667264 7.68397901037477
37.20843811317383 46.279246784400065 9.205829172177168
38.13987508959985 42.48687032695418 7.581094548540158
38.241806527016664 38.92647331140096 11.971373651044193
38.10624155164181 47.12069185189726 9.61776966107657
38.63207363396736 45.595198926335 11.642514835464299
33.80280168579798 41.011793891273925 11.642947766762223
34.86743012121385 48.503604626687284 12.37677842460235
39.40205701680259 46.42797530113407 10.705693590634368
38.72177421094446 42.79300002635518 8.437878079968954
38.499637681565865 47.711855042837506 8.526942022973675
38.99897855356387 39.828886806924416 10.983980991105703
40.008302399252564 47.57975273514496 11.330193776778906
38.1638622246769 40.25670785697743 9.924110254240667
37.41937209016816 49.90834142786433 12.837148998803068
33.34650720839908 50.565834615299714 9.25510806543785
34.9550579705417 49.53543721155058 13.184538787869178
38.68153327528537 41.77044908153441 6.6301598104111426
39.67435688679309 49.52499986250807 13.316333480136075
39.947352986322805 41.01653475773159 6.734509504186894
40.32206216628582 45.581246667367914 9.805388087222843
38.32675144505877 50.9062219304452 9.698972142874627
40.49226669256566 41.07065914891787 7.676974147338447
35.93798501935548 45.725691921697845 6.774849282251868
40.27391014317027 39.27026319784002 10.650755949087776
39.45556659640367 41.41173089911833 11.975688486309261
40.14613959491035 39.068566655038495 7.482518013775175
39.894325875762256 42.438573777081274 11.228052269138136
35.7755511823517 50.669714840280015 9.072199978908726
38.450896401591265 41.92937989514249 12.685083062472724
35.49773922501248 45.75192873697811 12.079040213371206
40.827144098182465 50.743778341595785 9.005256021120111
35.84129686215434 50.96285668368864 11.27124465347807
40.3573900379301 41.181651203172045 12.93752083829134
33.72173830013463 50.07964679979882 13.202975190625446
37.08846434315589 44.44759036985304 13.272651881189633
35.924023489609944 48.309003660961 6.329787180795368
38.77340521870367 39.212457444608944 6.437379165583365
40.961820601016655 49.448613233604476 9.272622510746398
49.098809825740894 47.4690197097093 10.80609153021857
44.95236891744017 45.92313309123229 7.8587219298061175
44.694028520323705 49.86104227470113 9.780104251953958
44.870307453492224 49.36955551436476 13.311984049562124
47.276235838338245 42.353654091612256 11.815209866713065
48.15988995130297 42.517624834460996 8.894453789886535
45.31672025045754 49.550178997897014 8.497981545042272
47.89748117320743 47.82428343881401 11.110374688435018
47.31461411474061 46.32518093687349 9.034468682274806
46.652227189268814 48.763355237488874 8.773661999506764
45.69764783165088 43.091398312462715 10.589591964256638
43.09889097080715 48.29335125116557 10.594016597097065
45.4293904144857 47.111534181334406 10.290814790994748
46.27317735899002 41.16441399368416 8.191399069607106
43.69265976182105 39.990240575347315 8.048880222347144
42.46138377384817 44.06518739613958 9.240150727242026
42.35805248598936 43.18691733579729 10.157441697025737
41.73740882649024 43.6717062651163 8.207039895292521
41.89405104556859 45.71276447096874 9.797367791043637
43.19354149786876 40.07336129244702 9.243645305173592
42.47147925206605 45.800550319205186 11.137855982786716
42.33043976223088 46.71161024413046 8.830393964625578
43.73649146321688 44.13086556599692 8.918920173307678
45.537269214770554 39.843376542148036 7.960087797906326
45.84323830089612 38.74656470445708 8.864479352111037
45.612494194720895 41.1027755442836 11.252533648373252
46.71543202539243 47.44308515128452 9.715064796014923
44.526016678665044 48.95995989980748 7.469069968515937
46.48540246314169 42.023364399972394 10.829056797231186
47.381397051030426 41.389235468359914 9.250964990372621
47.884140113191854 49.137222585178804 11.35268559033721
47.429178600633215 47.29942718048088 12.177784599732611
48.11529551793503 40.21600500446773 9.764741827887862
45.709728511035564 39.574107353475526 6.558525973011569
43.299265513322865 41.116127678105165 7.5015337293530395
43.08836027392082 38.99103747230816 7.459561256402052
45.89207172565757 44.70292703296361 7.180891231246923
45.372919011241564 45.61930346904757 6.9001160778668735
42.1712324667446 47.037116838789416 6.335361174441724
44.91724204362605 44.91160431620944 12.293041154608089
44.926669794281935 44.24916822872515 13.145971132693546
42.480490413932124 49.01885837187292 12.997565679532187
46.131933333127584 46.287923753928084 6.493982880509021
43.49578106965937 44.845070212058225 6.2960885864091845
48.95769142320261 44.664556536367364 8.460037444253455
27.759128321536256 50.924594928943705 17.24557531440859
32.07860918704724 45.28151930089749 13.811337978415818
31.29888951380415 47.70678723624064 13.514001717213118
29.97803364335925 49.31184159950544 13.695492791191596
28.280806204812883 47.02112010225815 14.107863790052086
29.906998190965236 49.12041646162788 15.820672232013711
28.34645160922549 49.453984359095045 15.075004740661132
29.274967148435433 48.89437812244282 14.961868744046962
28.909417887660478 47.41044332867639 14.908722565124648
28.247184170191954 47.19477925069265 15.7471946928209
29.77672340871539 46.75111957638014 14.874468764827391
25.751422135220015 50.53885447450659 17.285956182538634
33.940458631935535 45.85081181290543 14.56549802682107
33.441459687525715 45.1301421692751 13.6238578766873
35.20902055505168 49.098115023866974 14.420128878279426
33.62785773893638 43.891057612434736 14.043620075746263
39.12645510638115 43.999835941987335 14.374367719740752
39.69563680169708 45.73904576939017 16.12542200952514
37.35714105509729 48.622710038297384 17.216104855091505
37.21597744068748 45.91511577509482 15.624702098452198
38.24353617485619 47.634526387758235 17.331279055958134
38.450407110580244 46.64346709600292 15.790965445558534
37.847002903267125 46.94840481776649 18.328603991672196
39.42525731948138 48.215578146841615 17.740433498087068
38.91073050655989 47.5604175747491 14.768486968081131
40.133721398351284 44.556442141269045 15.225276261572551
39.59360516272555 42.63354362083122 17.01127587953464
40.599638349325986 43.06740898843046 16.338945575913787
40.97552666474195 50.9267492503666 14.927100719019137
42.836398059059356 43.8656129443865 13.51604388759191
41.00064697795604 42.04005815137294 15.708057095501175
45.016622097110314 38.503514894770674 13.895255146424491
43.85503524548684 38.85617376400969 14.56181342099731
43.79630280262895 43.62777459052306 13.721265233233217
42.406015487191674 48.4240391307258 16.08234814282107
43.52134635356955 48.37227077855505 15.334060000819369
46.958499453896806 43.03912595557964 16.91046834274388
47.16118712652296 41.50479330250405 15.312577567374237
45.5152240401647 42.812685274492345 14.752036630062715
46.154426621224864 43.25339453150758 17.61449664994767
43.493375094427364 42.08093944548515 15.125603214861874
47.698120346342044 42.41917620508492 17.417146980950314
47.36141310521942 43.94681533812498 16.46117937719413
41.642036329814175 43.36485999574515 17.04872280277896
44.191391278330464 42.74528898599658 14.637942374694576
43.37050671426554 50.8600668523209 14.560377201560554
46.3817008671266 42.13386476109933 15.742426695112933
43.702528506970076 47.07606503906527 15.009128272663922
47.00625526749179 43.90991041932811 13.806741961286308
45.93502591159392 43.785300218897994 13.864534391712715
41.40943231478771 44.744706788735826 14.553000665153014
45.59721155687482 39.65140815640005 13.46155054653487
43.57176728519404 49.48261868824447 13.86687360235364
44.44683633548714 48.702341066767474 16.1666813742958
45.747138273853444 41.500997062284455 16.362836875638386
  
  
