  
  
1.22995065491421 0.7102494686073699 -3.3499999244130017
1.2299459251336364 3.5405443742803095 -3.349999962951963
2.45900533151411 2.8389193962905868 -3.3499999891096035
2.45904361971199 1.4204752824640625 -3.3499999903835844
3.680956819360807 0.7097305330444937 -3.3500000489992763
3.6809946756717706 3.5410818022344284 -3.3500000142755013
4.910054054547601 2.8394567982532712 -3.3499999588787723
4.910049286262331 1.4199571767065868 -3.349999883847449
6.140000005173449 0.7102807301786462 -3.349999915155294
6.140000039491575 3.5405102203292187 -3.3500000069066074
1.2299509812131082 4.960054225051056 -3.350000233117755
1.229950887418149 7.800000281684773 -3.349999901099906
2.4590443049104413 7.089473628289459 -3.349999910290272
2.4590440270596985 5.6705289375407135 -3.349999912992716
3.6809554245644414 4.959536577206601 -3.350000078411457
3.680955644353455 7.800520207025629 -3.349999914379543
4.910049129894263 7.089993805877735 -3.3499998985115917
4.910049253434338 5.67000871398529 -3.350000095896666
6.140000064049001 4.960085196391388 -3.3499999808492054
6.140000001413456 7.7999690583054795 -3.349999988891894
7.369945935385182 2.839456795846716 -3.3499999473605877
7.369950726810137 1.41995720305462 -3.3499999016012314
7.36995090494062 7.0899937902945664 -3.3499998932697173
7.369950775488251 5.6700086429528636 -3.349999904114107
1.2299499321314336 9.21993513375586 -3.3499999205950037
1.2299499824525286 12.050064877388218 -3.3500000180831755
2.4590401936740918 11.340803681462697 -3.3499999402480185
2.459040194703318 9.929196319253258 -3.3499999755580703
3.680960244580501 9.219413029107095 -3.349999914906613
3.680960231987284 12.050586940434336 -3.349999915225448
4.910049646472626 11.341317040766658 -3.349999895244633
4.910049651333873 9.928682942712314 -3.3499998800445683
6.139999994608453 9.219966856428142 -3.3499999569618177
6.140000018659992 12.050033124470923 -3.3499998830924027
7.369950367087761 11.341317056753185 -3.3499998987676713
7.369950311157497 9.928682949611003 -3.3500001842075133
3.0358598200760257e-09 1.4199261530948624 -3.3499998887453297
4.0209935138493986e-08 11.341348034510082 -3.3500009031141165
4.820251568954138 4.551862429955084 -0.9072911791251737
8.599043144182303 0.7097304834921386 -3.350000310605974
8.599005205400802 3.5410818195306555 -3.350000741176741
9.82099473642648 2.838919381418794 -3.35000075790881
9.820956443141066 1.4204752760666552 -3.350000927968446
11.050049376901244 0.7102494405021464 -3.3499999943547056
11.050054089462025 3.5405444147053173 -3.3500000538464625
12.280000017622227 2.8394909783012023 -3.3499999949843726
12.2800000103176 1.4199261459126202 -3.3499999387397192
13.509950599337449 0.7102495214339328 -3.350000186236597
13.509945946798835 3.54054437853261 -3.349999906368298
8.599044459941661 4.959536615806727 -3.3500002281767474
8.59904435954261 7.800520192374976 -3.349999861328581
9.820955671437826 7.089473626287769 -3.3499998672340956
9.820955983679294 5.670528974394763 -3.3500000327793478
11.050049101174993 4.960054252119993 -3.349999916646701
11.050049093617206 7.800000274292997 -3.3499998800794097
12.28000000376618 7.09002504931345 -3.3499998742997636
12.279999995364847 5.669977346469389 -3.349999878172081
13.509950915693345 4.9600542566607855 -3.3499998956683874
13.509950871834963 7.800000230277107 -3.350000033243681
14.739005298886887 2.8389194089974708 -3.349999953634123
14.739043642240652 1.4204752809484882 -3.349999964517921
15.960956787768357 0.7097305175423417 -3.3499999241273093
15.96099468691774 3.5410818421648624 -3.3500000210483805
14.739044314109867 7.089473621343035 -3.3499999003562033
14.739044015346282 5.670528935812909 -3.3499998621692195
15.960955470345432 4.959536555921301 -3.3499998843732346
15.960955641520199 7.800520212295193 -3.3499998875309336
8.59903978764826 9.219412964865768 -3.350000221042435
8.599039762104338 12.050586937164114 -3.349999896364472
9.820959769438627 11.340803669269576 -3.349999883917263
9.820959792288102 9.929196323467886 -3.3499999193854957
11.050050055882368 9.219935121819818 -3.349999868878324
11.050050053004512 12.050064855907658 -3.349999902877081
12.280000004971352 11.341348108873166 -3.3499998829720825
12.27999999690713 9.928651883902432 -3.3499998836197555
13.509949856163665 9.219935158454707 -3.350000341099509
13.509949948474745 12.050064849758538 -3.3499998890368166
14.739040230844452 11.340803680510469 -3.3499999132399063
14.739040258832553 9.929196380475409 -3.3500001379410183
15.960960257841014 9.219413032650637 -3.349999909153617
15.960960237097435 12.050586955120286 -3.349999869089295
17.190053978513415 2.839456801198901 -3.350000153330104
17.190049271896644 1.4199571519059773 -3.349999908714537
18.419999972805964 0.7102807006772602 -3.3499999263755553
18.420000009696757 3.540510322359673 -3.3500005439355043
19.649946011802186 2.839456811271414 -3.3500001308144634
19.64995067119475 1.419957262901177 -3.350000409067996
20.879043366002104 0.7097305404497878 -3.3500006813750383
20.87900525557561 3.541081836456664 -3.3500003820720945
17.190049109187093 7.089993817129239 -3.349999886930407
17.190049226536296 5.670008645210479 -3.349999889514984
18.42000000362766 4.960085204909316 -3.3499998962174637
18.419999990886403 7.79996906562915 -3.3500000839745447
19.649950897821594 7.089993813264005 -3.3499999069768838
19.6499507751552 5.670008649313679 -3.3499998815830843
20.879044512257934 4.959536576402349 -3.349999952913522
20.879044352287234 7.800520214266611 -3.349999863337753
22.100994596630812 2.8389193534585666 -3.3500004230044222
22.100956376383245 1.4204752382163095 -3.3499998952220222
23.330049316785473 0.710249453732192 -3.3499998794971155
23.330053982713697 3.540544652818019 -3.3500011650969306
22.10095567665296 7.089473631615029 -3.3499998770710215
22.100955983964525 5.670528939721252 -3.3499998826857857
23.33004909836895 4.9600543010420655 -3.3499998897579086
23.33004904185946 7.80000025843613 -3.3500001360017926
17.190049640642272 11.341317049915517 -3.3499998668649997
17.19004963926181 9.928682943101924 -3.349999853855503
18.419999991718086 9.219966867257025 -3.3499999854613183
18.419999977177735 12.050033154049771 -3.349999892942276
19.649950129040587 11.341317003038322 -3.3500008005023894
19.649950304987296 9.92868288137967 -3.350000090785964
20.87903974868291 9.219412977958862 -3.3499999770898103
20.879039911583614 12.050587129475927 -3.350001231761314
22.10095985862652 11.340803679618764 -3.3500000989727163
22.10095979321685 9.92919629912946 -3.349999978448591
23.33005004457592 9.219935129331756 -3.3499999387262247
23.33005005211798 12.050064872263896 -3.3499998967666156
24.55999999880929 5.669977352776067 -3.349999866151684
24.559999997327772 11.341348118211258 -3.3499999005244065
0.05077134814969186 9.261933732890306 -0.09184215003304352
2.276724143349361 4.29092044021296 5.985705067702795
5.965503855757589 2.6728523903308288 -0.5911274938560873
6.7597037781919385 8.435848427332486 -0.3342197721204665
3.9500350746592052 3.4329934400452045 0.19792182727994212
6.80862446486812 6.085647477546729 0.43035081461915703
6.799238711446556 11.828194655528524 4.95762424529225
4.819895000641477 4.900218134386647 0.8586534830175585
2.4649377605370857 6.443212560330149 3.734057662468948
3.3321569602339234 6.384877602847102 4.709280947232859
1.5609044812056503 6.112707102891583 0.9554196311281904
1.057221062040171 2.4342484453988824 5.011517260476932
1.8965256784114186 10.729943322940446 0.8350225885553275
2.3340968319056703 10.024455854099338 1.8556683957333897
2.6985949339076263 10.444187333600011 -0.1967529473872065
4.351073806614349 5.730054049601108 4.174423284092689
3.926961984393202 7.569679451816153 4.929491795766431
4.914661977491086 2.5840113070620907 3.6143696389698112
4.786954913643419 4.123624276098549 0.09450890903843212
5.549335486918996 1.783121685846133 4.48931024957289
5.670052629852269 8.538782758011598 1.5416267365567693
6.168028078712358 3.34078395932964 0.24610088542491027
6.248767161924952 2.7316090816773237 1.1463714945879866
2.089205800005877 12.006307038697722 1.1303042843039235
5.357048384606054 10.33428530894504 4.520192815417494
4.5325552596706995 9.781661715495023 4.094495445303707
7.009828144473819 1.011696308914323 3.683579796494171
4.728371953864981 0.9124354698562063 4.901396867260664
5.7170307153400435 2.610297793127304 5.451452447728158
6.2319333575490585 9.826535965086562 5.439402500654743
6.621349165417991 9.122579359212708 0.804956720893153
6.179037424381519 10.264866264509447 0.4246301286009757
7.336391992177049 5.873483433865297 4.419167868741701
7.1904368336577225 10.803292536925477 5.677196547405112
4.098526824263279 1.138749036606133 1.256023149595048
7.448044691124973 4.086250702243786 0.001880642307221514
7.742193535516297 2.1375264849732187 3.1635684021366828
2.1207526259571075 12.171157187941155 4.4667523589018385
5.604926854043167 11.66413556279521 4.442746333772093
1.5437888056437263 1.2787794875448018 2.9816613176388893
1.411159751712447 2.836580837501394 1.0233452263077802
1.3741607769958413 1.3586771067599677 1.5353498518798825
0.699405451385305 10.540213538996683 4.801307644404924
0.12562072781336067 10.545293475217555 0.40127563466255456
7.653271480140677 5.4608764505979055 0.18008578800074004
6.200365574600129 8.830188105760229 5.854967680081096
0.3971390226474692 3.8059148194761545 1.7062341017430493
0.4352100662834756 5.449446160676004 0.7359606865994961
0.3708318986123018 5.315098291797307 -0.5591994416998447
5.1190254016400685 12.414447123479368 3.972605567103612
0.43325531775820303 8.122362018409914 3.7459159752211724
2.7992616748825654 0.351902351210076 -0.4146635340207283
0.16866581194305155 9.763710521844299 5.169354515760026
6.568508631681851 0.0959743259349751 2.487408708122456
2.9155804997704085 0.5375571410363792 0.8993875356351033
7.370585197509011 0.1068198711588401 -0.2788062234165889
0.3695053369691119 0.545449170813089 0.9464352626113837
0.7951733241262888 4.189642579433979 3.0321487906039293
7.434172122791164 12.697658124433287 4.872226121638125
7.568541062275041 0.251198007373806 4.788625055741687
8.212443172187042 10.419456561235839 2.391286585916519
8.254895791367225 9.20533080564915 1.6151018486544622
9.561422184437772 6.610534546135393 0.0065891567029452425
8.695647095112337 4.883814153390094 3.0444578015588766
8.621019142250965 5.825473730405348 3.9811875336773284
9.372270905107806 5.393534064852545 5.061801772416061
8.19433113271871 7.968708160978134 2.4137728851100118
8.763765173665712 2.4724347150353583 -0.30069222142671825
8.610603575385818 3.536122024475138 -0.19340367334348074
9.281636424019585 9.12175334457435 0.6351637578403024
14.8503164170546 6.867458794338081 5.293562347687103
9.283678242316306 8.198119630571147 4.702652149189522
14.2842474632219 2.620489393041849 4.934019528476565
13.544981088058899 1.5796814242940924 5.318615227438315
12.308047134822893 1.9316497061770044 5.079843786508382
13.094774590033644 11.504676608300006 5.09586064778957
13.778025962935565 9.620229760742122 0.3467631616432576
11.74671920592832 10.789686172850697 3.0604533297487224
9.242550710212804 7.498831604540022 3.409616295655077
9.496688333228223 4.476941487181286 -0.3630004672636711
8.988899153084523 5.696842805161654 -0.05493141768608045
10.46190863930394 4.2392440543273855 -0.5417452327494732
10.508697359926588 7.224861754009728 2.801447614554824
11.259057020303832 1.6446853283536267 0.08925350400021625
11.661532085812107 0.5015439442267514 2.2633408392121837
12.57721913814776 4.06563131945536 -0.15762898909840062
12.198298387140015 1.1711344119456943 1.1615681914627451
12.873179728269136 10.316355322946048 3.76677371423909
12.816464409972331 6.59660690650317 3.6670416976072664
12.752762937226816 9.058162861515038 4.5031233004587605
13.201491025477509 2.2823747918747204 1.6065633794646172
13.108671573784735 4.65079058682761 2.2638516390771937
13.258821012947882 3.759120250345287 1.1016543266924583
14.129545957050215 8.007722477646888 2.421086178879821
14.075550466192936 10.478009677700927 2.888702692621612
13.76473569735607 0.634617930235946 4.46679191761304
14.560013055641067 9.311261055298562 1.9937057401473257
12.474780163728507 9.406942675211166 0.34495776392093447
10.426002627383387 11.529054344362073 1.287626976262538
15.140760607381692 3.9078724757873413 0.745639354893104
15.522547858073722 5.109687124174922 0.5205278866283547
15.506878907746177 3.248703545961195 -0.31506164648721136
15.914481058648834 3.3538595497439934 1.7012006255296108
12.144015656726662 11.536521238171794 6.009235791652169
14.169079078559118 11.266695670086493 5.791691699638225
14.285462281616612 8.813505839093205 -0.5305614011322657
16.040413568678087 9.501840224750575 1.869575188459075
16.332729223295967 9.22643085764491 5.626428187033711
14.021442998857049 10.806266767378135 -0.1751387506765456
11.94333838155293 6.287575431420237 6.044578092669162
14.121700743490125 0.20103890581813724 -0.5092538108732225
10.108419783881171 0.4254501264247717 4.391654177569327
13.243755955546298 12.756077958095302 4.715204596705781
24.39485085472419 10.409752498891628 5.886438322548378
21.441564837905265 2.6844665651652524 5.4274683375360535
24.16424233358687 3.017998875166194 2.276291579961592
24.31275397318866 6.787407041058242 5.9769246143384684
22.134181853059953 1.511949461182393 5.940876800769973
17.891015448313272 3.7119616273264646 5.252225502187579
17.5756873030731 12.659891397506483 5.049687475708431
20.51049022959124 5.786192525684752 6.0156537511414445
19.259549411998417 0.2326977761154404 1.3077744149709691
18.286666314105393 2.4721052708172984 3.549286628356003
20.378178174799643 9.33520759927418 2.520619222530752
23.42171282003785 11.248963741306799 5.699130451092877
23.09626508516839 11.359936087423243 4.438799138834026
21.48400372370676 0.14221368332209783 4.8285433704742715
19.440322522757302 3.900384918187487 4.4356855849017585
19.036362529241885 11.966392904903294 1.89563392314691
20.358296910111562 11.632718076377506 5.500174239536069
21.24935268467942 8.521517832317539 3.3055055939117794
22.128023394127002 2.1076531635819546 0.6945847670947047
23.478435992529416 4.141932654995764 1.6340662641942572
23.629364119526063 1.5193876631810603 5.671981577811761
21.847599516958613 0.2610141541538086 3.5765089944544237
20.48767470912011 12.039811990514977 1.9412952615764045
17.605155849565556 1.3075853458911624 3.818694553981369
22.52069450800445 12.14207309512268 4.161165906069119
18.410140219480905 5.834578893034165 3.7846269035820432
19.38064295299368 7.080979738838835 1.370313338039808
19.73607011221498 2.986137042685098 2.1015924912286144
23.683645125758865 10.383743366909611 2.6793529061265717
18.599683220889503 4.859337854934114 2.452118997092738
20.44338522883005 11.719534410353864 -0.694530569478713
20.967887015346975 7.932692811718802 0.259933607265147
23.556397460304694 2.900565091344785 -0.7438780559726521
20.857365002943826 12.586744776682073 0.21106436426700514
18.000069580873287 0.375725493988274 2.973930333698138
17.12960845687903 11.281009958957744 3.130034825533865
21.12972324581636 10.648336655302412 2.044206543105899
19.071907418838585 9.646513085158615 3.0806149479698908
16.817342818120277 1.3549994461478685 4.555920795154018
23.825345182015916 10.41539154146229 3.7495489101882526
24.30647335725285 5.219373716265067 0.9034161718477307
22.017959363821934 6.361681142768912 4.052975349717483
18.372195324522863 3.7540522102134832 4.275089733672659
19.91048186007213 8.246754811055004 0.9349005248770159
21.74326122236515 3.8578636670860114 -0.4137663337856745
22.69290246754437 3.2042019484048114 0.2003966630651033
19.043894977821417 8.713293655329744 0.07139182955394507
18.956032094625023 0.8810639947741005 2.1164143129413384
23.815880430691642 7.050017908296512 2.3957191173443992
16.96353888542426 5.088269453379729 3.201006940942508
22.330278725760444 4.602360459897288 2.4318684214384714
19.163451862869632 2.1618740320311063 2.5004644380614494
24.15644727686009 7.879216707617104 -0.4743378543973509
18.02298054473653 4.901131062158064 3.376114316986091
22.10484836219551 12.756522107672462 -0.11931269593522531
2.2392095605760365 10.455597974383151 8.936282647180938
1.3734487760067915 6.787753838111518 9.662192761448868
2.1113867641714283 9.174096412297061 9.480657163568011
1.4222441052607235 6.711241496053175 12.201252565685
1.4711681483343615 2.4011344044156147 8.922228576965527
3.4957862370013646 1.2198395384545755 8.174987858659453
1.017874661105251 4.006527513913757 11.722101584322466
3.248682870659238 0.9836981920318573 10.869084697717131
3.4468469787901275 10.14042050790427 7.6604999478847375
3.364225260491392 5.20310204112925 9.319636855164495
4.882860548193871 3.4641563192317895 8.435966701199842
4.452640033913608 4.834450087950133 8.418831788860636
4.495919041058586 9.428465854246689 8.041255522349582
1.6099721509098237 10.825604066103141 11.978600597172305
2.9112543142992564 11.420099107862049 9.975473821041074
4.141535958464429 5.399070989527602 7.024374853422721
5.8667429300258 5.8405783642803835 9.066598623502705
5.592034349060538 7.093768379289886 9.414379227901374
6.351502782629058 5.304824005122683 10.087537413731118
6.8228583104516 5.952258588303181 8.158823767018811
7.544697247887558 1.8144556094347333 7.950117010401589
4.3722258028774235 6.753605821555775 13.302714023037757
1.9171580807357318 6.515219573006484 6.893549373979829
1.1718409391056073 11.102068409995349 8.136090046507181
3.8661364597827705 11.255721336934894 7.143647381407292
0.18766398632603876 3.201318928848354 11.10289935669332
0.37514615055601974 4.558069611271818 8.911794342691854
0.2812124733767745 3.169942108658176 9.266057955746822
2.4360197973732456 11.813119246747362 11.397955311123276
7.219354667295324 11.00777294803605 8.51197944622702
4.726378301677561 10.655516068421605 12.429140517049987
5.376123024129034 0.8102155224671757 13.05422031120743
4.025887136289947 11.752452787263799 12.463321214529152
4.110994530768607 0.4798417265720982 13.293964670929153
8.074221361927675 1.1539690478670013 9.77044947884351
4.961680807121126 12.603203172320814 12.061376779799215
2.803168610093939 5.589882259578642 6.277329405513125
7.572218190708926 9.385698869417869 8.162374886776547
7.990502549310843 10.386643307845697 8.056316286951974
0.23505058422575043 2.0236037650753675 11.663869221182301
1.5877372603051192 0.3479346206280686 6.738744320905258
2.9002456952748306 9.416103670456433 6.653423860412802
8.29623916151546 0.8996834346443475 8.507380565940409
8.311202279407185 10.663309266341368 6.5595385442740834
8.87204637484368 11.594869868847628 6.483718065059508
10.13758812829917 0.5168569317465536 6.706476195860066
8.917374483498659 10.355580730698604 8.629067135069196
10.06121024755422 1.0458640937928974 8.059155296168761
9.988696587031992 6.5163061267971845 8.51902315770978
11.078213490547679 7.247224054694849 8.451104104826419
10.755812323627884 8.44925638984171 7.941060186668901
10.260535353269606 2.477504574421065 8.252928908280015
11.049657145315287 1.8064409585829209 10.911152229606163
11.401732330091122 7.514286949314981 9.742801055369458
12.047698546013528 3.625412480945464 9.687138006544949
12.83395225699878 5.275714334045132 8.135064509663032
12.43832160577525 6.514531037710141 7.396445346948975
13.372286438869928 2.2359657561807147 7.891686470707552
13.142503607757348 4.163961410505314 11.820631925217493
13.92127106603668 1.1509034407087508 7.112499611878946
13.680295806312012 7.454476806393706 7.47274130954624
13.653958648596042 6.683420605793238 12.487119200400144
14.411505261007097 7.749277488008019 12.643851774362409
13.945054686628414 11.273006565693317 8.982535153255197
15.474486845021381 1.0018765739830084 7.2066659870759695
14.248723818034708 9.211692110334274 10.480293405939767
15.864905965434911 6.188282028567894 7.3977121249985425
15.695835685487795 1.2329225023410375 9.655551538698253
15.252236619486059 8.423003349886358 11.085787498374195
13.830912186009845 3.3302375738446677 12.828891926118839
15.008585122720874 7.085362806769592 6.697398099891785
13.927469907321155 1.9361328654747052 12.47954156514323
11.401962496146677 0.4877239255418705 10.421156071555941
13.60024221856038 8.638450979242 13.225436231005878
16.30905318522772 1.6136542060019294 8.357848081318654
15.650974036940628 7.228261080712446 10.410130727059222
15.491319472051327 9.565881887239708 7.615887840965392
8.986676808700423 9.846155895840893 6.30636956873747
16.325484985068037 10.956091300216272 9.793439837679692
16.050781703451925 8.641918217725934 6.800695977448407
10.621852705108358 0.06890074678029785 9.095446021978693
12.804785633723343 0.170271464585168 10.280142959859571
16.293132967409154 12.225567563932897 12.474460435485618
15.250745104471463 0.1297998061379664 11.79284413443096
9.607544027145872 12.724996377392447 10.479810893830926
16.520767306014374 3.0278625560091763 8.142785576338412
16.506795747947073 9.23391319272978 11.593414282000204
21.35638924531636 12.455984924703765 9.852373524224339
22.98470639154849 11.893988419837376 6.447039901191114
16.810753104626155 2.1713222837187565 12.978878455105352
22.251489883597394 11.88488077279329 10.651844606427366
16.59616202093618 3.5687466929732574 12.874689128250251
17.44179820550617 11.87535924089581 12.074462858854716
18.50176029660915 0.9411338799889809 7.131195320742515
16.88829939356117 4.167390652164593 11.561563738488768
16.864109358377096 5.230263734403089 9.300703680664837
17.16210849042381 10.490092264629792 10.824749721188681
19.362982751370843 11.41336512186902 7.300667820771962
22.797898970016412 5.041235851110734 10.347469815912342
21.962221886675227 7.9047645537367845 7.347355980400185
20.735806962289537 3.3480622768899204 10.000456506567817
20.085551140947857 5.697664776420557 10.388723391327503
20.236316266397704 5.94167044204974 7.429154078655385
20.65255165350762 7.687185034526774 7.562163956772981
18.856786034662086 5.780695153193698 7.874954865321191
20.426619227581174 8.191295379053633 8.8052663739011
19.280895397372614 7.865029282534005 11.403115380633016
20.9987385970462 4.739564391808907 9.768207714254565
21.349045651843433 1.1100130024224932 9.60421536584142
21.24484684014676 5.062490581147054 8.22794365442278
23.095264762104048 6.341784370932708 10.281380796711527
23.653278537501688 4.420646256527909 9.612973899070074
19.85669859971572 8.42786786591146 6.85350311658304
18.533044441718395 10.136850023938019 10.436620412794463
22.805291720756973 10.991469310474319 9.819295120512779
22.953559459517383 4.773349759437444 11.606435350760254
21.569463234823633 11.090904236206669 11.442372923975729
23.482381973766092 0.33892279926586544 10.62082170468059
18.84860559998962 1.3661990584830874 9.19578964767105
17.977970422890973 0.8268567324194247 8.32527919268105
24.125078843198693 5.107525818741392 7.255213714295046
19.79242479361471 12.318450481227766 6.473385436477097
21.843999028466172 8.018583716987598 11.84961167771025
23.878502901775455 0.6182085635851917 13.301766159106194
19.735267360656607 8.069206822232882 12.281726586610123
21.10457183864754 8.196432038135615 12.616434607500533
21.834493616095735 1.0538857782999018 7.263388352290781
24.462281514551485 12.075757212223106 12.090236300825914
18.150561430041915 11.56573815872136 13.096392761432266
17.308672624387626 8.431701251957147 7.266104869624939
3.437155290942889 4.921281570223605 13.70318479990822
1.7066536527780165 6.895998730597335 13.62133525360749
3.4727012964455857 1.5708961546006557 13.739387478956875
3.7927782252971003 11.991540526346554 13.756425991008136
3.4115138346114424 6.235889966955099 13.973472480777758
1.8001941223838163 8.249042982246738 14.092213886468896
4.230774574122357 2.8611270064620484 16.26778706040961
3.686197466267627 6.385218904586768 15.226945342208815
1.7278801738365788 1.0134575641261274 17.747214348086608
3.6895939203173844 2.852626958945474 17.971959752002057
0.2813341663949517 3.2698118423143128 14.476295074737223
0.5144741761392383 2.4771563446563474 15.171811428251363
0.7044229878080392 6.034383137649037 14.46817937548028
1.1573537848283133 1.2530092807797313 16.862050739174773
1.4123051747102404 2.435188150180943 16.130679740833095
2.218185862024122 3.620830576410571 16.63212618301484
1.7190134753055368 4.135208016312276 17.45330994936711
2.317908702378166 4.327206265828831 15.807997102474982
3.6554020022045814 3.392658501147796 17.02575848048371
4.249886280627058 4.290832616495407 17.19300590618311
0.25627080920953776 0.5170805936661833 16.22108017970663
15.168474814573884 4.010978142525309 13.357837407552523
15.366151568456837 7.463012883493631 13.55706672345653
12.471912896635528 4.260965777207779 14.920206482389396
11.562096268887782 2.6474032476275187 14.133564804471044
12.760155907247965 3.1049999483960025 14.343382124429588
13.310716017545506 2.322338820406763 15.262488550676554
18.99441432486585 4.4182016313685875 13.499246604933791
18.96183002538729 9.890962718847504 15.651561613570586
19.353788725143275 8.88074820991755 15.769608318376559
18.109134796761577 3.3827410243097913 15.099840061114223
20.462511927528638 8.95564145792051 16.937948389973705
21.13128538078898 8.512725686726009 13.934315989891166
22.00851862928632 8.77186048621968 14.508520642806907
19.855519166048886 8.545169004531482 14.3768321465523
18.515754996497222 8.223021821374553 16.000249747767125
20.869254143971634 7.9696683968909 17.162710246913004
23.028364948001318 1.6177851802607586 13.50765253712476
19.103616142339963 8.081960283504364 13.428266269455593
18.028767896844656 8.078921451639589 13.5335849034615
17.85584585386443 4.231003162438417 14.100075197630275
17.42567992553178 5.422027643277805 14.541758411018215
22.41778075176798 11.513254929369975 16.37676347021875
19.615804546919097 12.246673750351698 17.603893133333248
21.34336709677048 9.550539800806735 16.69651488479673
20.241499990479205 9.409474532255535 17.904017365215275
1.2299508557572245 13.469999504615378 -3.3499998720152426
1.2299503373390677 16.30868293556364 -3.3499998918933835
2.459039738181105 15.599413046584354 -3.349999909922252
2.4590443025603475 14.180520431439167 -3.3499999102814018
3.6809556567537687 13.469479553792722 -3.349999930592489
3.680959769408154 16.309196326897702 -3.349999935094435
4.910050060722345 15.599935142444103 -3.349999932980212
4.910049117979285 14.180000489883776 -3.3499999336243933
6.140000017149322 13.470030696353883 -3.349999908000485
6.140000007013225 16.308651883414054 -3.3499999233165667
7.369949947375918 15.599935132792742 -3.349999922550687
7.3699508914828264 14.180000482665681 -3.349999947574881
1.2299503486777887 17.72131704580589 -3.3499998931074026
1.2299508836344264 20.560006190049585 -3.3499999051895166
2.459044358043647 19.849479795339516 -3.349999903411889
2.459039755428779 18.43058697581739 -3.3499999096353896
3.680959758808831 17.720803682059703 -3.3499999855795815
3.6809556836237585 20.560526364682126 -3.3499999040184925
4.910049097571028 19.849999726214005 -3.3499999065441077
4.910050064418939 18.43006490361759 -3.3500000040707443
6.140000007198646 17.721348123458874 -3.3499999354550383
6.139999984354856 20.55997493451874 -3.34999996696555
1.2299507802586627 21.979991348679334 -3.349999925561755
1.2299459449740795 24.810544345909307 -3.34999991618786
2.459005326216412 24.108918208819254 -3.349999918368142
2.459044517602575 22.690463440075863 -3.3499999053247667
3.680955971243769 21.97947105635902 -3.3499999076251417
3.6809946744315236 24.81108178370962 -3.3499999108317424
4.910054060348012 24.109455653972226 -3.3499999069186206
4.910049090127572 22.689945743022996 -3.3499999096593025
6.139999993403471 21.980022650637185 -3.34999994522013
6.139999992845466 24.810510164117588 -3.3499999474936293
7.369950900537945 19.849999709979542 -3.3499999935048184
7.369949937550051 18.430064883562572 -3.3499999394362567
7.369945950000558 24.109455650279827 -3.3499999869566697
7.36995091317846 22.689945750874415 -3.3499999447038373
1.0731825261486765e-08 22.68991482894784 -3.350000005021323
8.599044341244543 13.469479540927262 -3.349999983023466
8.599040224216948 16.309196315244606 -3.349999915074533
9.820960231686676 15.599413020529838 -3.349999953771694
9.820955675998915 14.1805204281286 -3.349999901570977
11.050049106174374 13.469999503222896 -3.3499998780062934
11.050049659162815 16.30868292324352 -3.3500000916179964
12.279999994449247 15.599966855667217 -3.349999946241712
12.279999968557396 14.179969278620671 -3.349999960324542
13.509950883109124 13.469999415478517 -3.3500001274058757
13.509950369877204 16.30868296314397 -3.3499999702706718
14.739039829713008 15.599413087782132 -3.3500000796421228
14.739044450184386 14.180520382258077 -3.3500002953427197
15.960955674743365 13.469479543340308 -3.349999917402766
15.960959761726716 16.309196341049685 -3.3499999586943185
8.599040219900749 17.720803672882397 -3.349999923434962
8.599044322628464 20.560526363915002 -3.3499999565273617
9.820955631787392 19.849479798208996 -3.3499999214711815
9.820960233826543 18.430586974072256 -3.3499999264819467
11.050049641624495 17.721317055843993 -3.349999965229048
11.050049112762272 20.560006202454186 -3.3499999217016874
12.280000005488965 19.85003093377349 -3.3499999317997506
12.280000006198307 18.4300331502868 -3.3499999250429147
13.509950376061784 17.72131703851354 -3.349999901496709
13.509950896639507 20.56000621054782 -3.3499999187974074
8.599044032329246 21.979471066499144 -3.34999992920502
8.599005346294629 24.811081779786814 -3.349999943603288
9.82099467692328 24.10891822251139 -3.3499998937561326
9.820955478446836 22.69046345069519 -3.3499999094544464
11.050049225516238 21.97999133627062 -3.349999986343045
11.050054062722019 24.810544362314488 -3.3499999086818666
12.280000054001285 24.109489893709497 -3.3500001670966473
12.280000095755762 22.689914755888335 -3.3500003521624198
13.509950765201388 21.979991365837677 -3.349999939745013
13.509945926829456 24.810544372377795 -3.3500001950982385
14.739044375943974 19.849479797458418 -3.34999990717487
14.739039780708554 18.430586965366437 -3.349999897384638
15.96095979343208 17.720803669348047 -3.34999987675598
15.960955698854999 20.56052636178968 -3.3499998998654466
14.73900529777241 24.108918222103767 -3.3500002319839686
14.739044487339006 22.690463490868616 -3.3500002833888534
15.960956016776738 21.979471052585474 -3.35000006825664
15.960994663798454 24.811081877430198 -3.3500003020941582
17.19005008239145 15.599935222504858 -3.350000479804871
17.19004912441477 14.180000404997159 -3.350000238022525
18.42000001065073 13.470030696912236 -3.349999879960033
18.42000001258044 16.308651902758776 -3.3499998974365406
19.649949934363008 15.599935136761708 -3.349999876923259
19.649950884854043 14.180000487880474 -3.349999899294156
20.87904434157418 13.469479612638256 -3.34999998152568
20.879040217322956 16.309196319069123 -3.3499998838486755
22.100960238257926 15.599413033593907 -3.34999987377779
22.100955666603507 14.180520434431504 -3.3499998770805526
23.330049090717626 13.469999507838132 -3.3499999040088104
23.33004962939312 16.308682930718415 -3.3499998850844372
17.190049086155213 19.849999727977732 -3.349999974678589
17.190050052734666 18.43006485987821 -3.3499999561658345
18.41999999356043 17.721348104327696 -3.3499998937241604
18.419999976383977 20.559974963277288 -3.349999982547809
19.649950912882534 19.84999978337451 -3.3500005150501666
19.649949933151234 18.430064803040768 -3.350000137206337
20.879040209071306 17.720803668181 -3.3499999552243533
20.87904432847713 20.560526377849904 -3.349999934674078
17.19005410262542 24.109455661200382 -3.3500000611017553
17.190049089686347 22.689945740818164 -3.3499999179686215
18.41999999571504 21.980022636112047 -3.34999989662627
18.420000009227014 24.810510169707772 -3.3499999360902355
19.649945943624296 24.109455669441182 -3.3499998799482364
19.649950912759664 22.68994574430294 -3.3499998974804415
20.879044023658235 21.979471055080307 -3.34999989598726
20.879005320507897 24.81108179834565 -3.349999869521052
22.100955625124836 19.84947979181308 -3.349999905531982
22.100960229550587 18.430586975775096 -3.34999992140937
23.33004962603206 17.721317044158983 -3.3499999020230042
23.330049114018852 20.560006183244802 -3.349999957464748
22.10099466847279 24.10891821580376 -3.3499998808243205
22.100955465899215 22.690463462939455 -3.349999945189328
23.330049247547443 21.979991366974634 -3.350000044935202
23.330054052378006 24.810544340288818 -3.3499999310173187
24.559999996348058 24.109489831135864 -3.349999898529201
24.559999988766474 15.599966859046027 -3.349999909117851
24.559999972621583 14.179969298818785 -3.3500000912820993
24.55999999988232 18.430033159718402 -3.349999910821475
24.559999999710556 22.689914814343926 -3.3499999093602852
1.413583811813771 25.379431009782103 4.315456556444534
6.557497939229101 25.086836615390276 6.083848671436181
6.066925748386984 15.936921619978916 5.8721577626551715
2.21597335780449 17.722488578302062 5.855515511700146
0.4116905697545215 20.919121418453205 4.539959105297957
2.874125860308404 15.81515062306073 4.591887271755546
3.4895326673161993 21.86758275548613 3.1082447777582534
4.620865417076545 17.733247052600625 -0.2516305165219057
1.4783336567441858 21.09185916773828 1.9164706537774578
3.4615033433296296 14.506882726439446 4.672647816994047
1.3160710667502584 22.030915365647974 4.4439323119777505
1.9413228536695597 13.427656496818713 4.85256959593158
3.835911522248189 17.877059776776854 0.7416816718759278
3.579824739469864 18.819054366612793 3.044156754312801
2.941893081143445 18.817649360181893 0.40021409091839266
4.692068641568906 18.50307018320172 2.244659354924133
5.515773124058329 17.424194359305325 2.6373259105881672
3.177567529157448 16.725881390896436 0.9583649022435203
4.0761671181795815 14.013138338714136 3.457499422251007
4.551987553163401 21.035675983246495 5.220986786694247
5.4094501429772714 19.841305723336287 1.8124308013551527
6.884351842357907 21.59941456656029 2.5363728502497396
3.698682553477259 24.294159103890227 3.197295166690087
6.865681841672208 20.23234982232963 2.0843364788744956
7.592498331454433 19.22971017451613 2.875128389128622
7.275851318485097 21.057877448068847 -0.3320360912674636
7.792373733136645 20.14272906379643 0.4533541063114044
7.4918082022277845 17.237413794889296 4.115087387171953
7.626329416714451 14.726626745491687 0.8067599007043436
2.2395412590392145 24.33422234049502 0.2399812234084564
7.527166272017338 14.802364714367807 3.3571536524306422
7.291833332954159 16.011319343710028 0.5662475181877491
0.9088230846461552 19.641912738629188 4.973356473782733
1.3973836360429317 13.28395723978903 6.05463557103421
1.0785036633500897 14.3041750896077 0.17862736663395995
0.9971795955794338 13.845817592144616 4.033330675096342
3.7854314556364517 25.35332108749056 2.2189598901284393
4.330860990405753 14.277402549649121 5.881796294036921
7.888727563060533 21.281458203144318 6.006957427069471
6.72637536662802 24.452180935337353 2.8643152561358387
0.20113993539896846 20.415197430406227 1.9477227703172206
0.10800696075073417 14.772412705242573 0.10589714154839447
0.12818105563233295 19.044272495080943 1.4474433764733774
0.5572639582345909 16.854238002701873 0.161510080198759
6.964187849619017 19.031798568670155 5.7042311331841455
7.325457214200435 23.88587866529832 -0.07852634922693169
7.6708473079183195 25.052136574760755 0.46193126920075156
6.505933073612667 14.036108519098107 0.7288727118700433
7.786908226173379 23.245085378537322 4.56240086944606
1.190120773739519 25.15052894569359 1.87774409486976
7.743780582309527 18.908380739637035 0.017835534474759385
2.272578998998327 25.308022359276357 1.1492214858080596
4.956895268717509 25.17263761634466 1.3168022804715984
6.38993381781289 25.385106585742417 1.8413202477607538
8.366568963116391 14.364871864911425 -0.19666436851514146
9.062807979970342 20.422725681093432 0.5687999609054584
8.5135453172517 14.453304026583115 2.362320527779047
10.278859780411672 16.762385579749186 5.316916524320287
15.9913969670779 24.132549415631598 -0.5356429103550719
15.045147959646972 23.42415140899894 0.07564475346386601
14.796662383297715 24.93495865691228 2.2225133890658713
10.725114208618931 16.44950842238222 -0.3169866748611505
11.244930933793329 13.840192299944299 1.0342750219715868
10.327122088186748 21.954816392508885 3.0038704001920156
11.516476730589229 21.167001342203136 1.5053567112687294
9.708059754743656 15.39194792424391 2.314894616364879
11.147315657286644 15.023018888698399 1.8563826471783829
11.550981137501664 16.336757781151768 0.724024157068418
12.205229799218829 23.968805114181347 3.0047665225850997
11.473419292922882 17.530836585241136 1.373819770041741
12.124805550975578 15.200029162420785 2.91951042370713
11.52681329900529 21.45690045003649 2.7756773251557454
12.820581471502804 22.694386171889715 3.3092119191080105
12.790521218934048 16.316538059071355 0.2917842601778353
13.211651437565658 22.39230793327151 4.687852752489523
11.508240248240645 20.308354508347126 3.416478098505994
13.970577438785922 15.408547684792861 4.425563422295765
14.029892801830801 22.466435095401895 2.3870916286459707
15.13346922772705 23.49719812117568 1.9697611178867414
14.258046943810745 18.90722902092521 1.5492495431927455
14.959048710984082 22.17851892940676 -0.4603029160907246
13.901926787208305 24.030295975324556 -0.2053936702772563
9.805769147568686 14.712396429663961 5.455415662741192
9.01343206136743 25.116263984186798 0.7682132471621528
15.592853961983577 14.754416529507337 6.160049010112116
15.241933122230249 13.957520515193263 -0.03264967048857703
14.89912799376427 17.41005601808108 3.8101236647024663
15.886813571998893 16.22161630858324 1.8683208947750285
15.995934880357394 17.412862302209284 2.8192439766649837
15.585985033935836 18.892547547913882 1.8519138905484234
15.989408622845852 13.94229633193548 2.7642887344819203
9.896847870670252 23.52670589903057 5.968367387355904
15.807949469237801 20.09772329297043 2.4342762661388537
8.888824270629698 13.092634283615002 2.289235057998813
16.306426297386345 18.90273890718141 0.7396756962703022
10.039223240291113 15.80291605665593 6.137640245569741
24.36712156043699 17.622696010150136 4.061898074327694
23.788178820320905 16.29458815171954 4.176503503020629
24.370345989567767 15.214314931934856 3.2307644969065388
24.061805768637313 14.602521569725498 6.168125794109232
24.044409531466716 15.432252138585305 1.7480971187102767
16.539569374402173 14.184325188758963 0.32012182480228635
16.640312775415925 14.893016228260159 1.9743046278267329
20.324547839814816 15.73487326538395 2.9109964684897194
20.964916783643805 22.746296671768345 0.4685722522432689
22.75479326603378 21.6952606834465 -0.3151170599081654
16.451953578874058 23.067694348818044 2.2402629039416935
20.33492249210119 18.656888451141878 2.974625194764944
20.42312615441403 19.684912584130153 1.9409585399665152
22.59558205242356 15.292973021908013 1.437098912938033
17.18737161513295 22.3218195772493 6.1701347483080315
18.368928653947364 13.506253716852468 5.9244630458579275
16.53569038494553 23.41600245505313 5.5849920337828
17.92547331065175 21.449941899538732 5.356086864743929
20.83690656113214 20.56142496317679 6.155561698433819
22.319646378443387 16.285659676541123 4.181931281639787
23.74101299570154 21.492777930471856 2.573923684659054
17.04071694426199 15.065214342026696 -0.5627509320438895
17.364578277351292 17.688104997834852 3.272222247090993
22.240956208491784 22.432829910716308 0.7549808237030875
19.095634354518346 17.91865667764715 0.752293567511223
19.067350397384065 14.55259350528767 5.246423407271033
20.195769569390524 13.70673201300649 -0.01029383872420242
18.059680392005234 15.0741446846118 2.0785910534678473
19.467811691546597 20.791744481589873 1.938239232175043
22.34560416404095 21.54658211828396 2.339765202039131
22.88770302966597 23.55017959610698 0.6897221661429487
18.872050511151834 23.140261655652523 2.500471026005057
19.580614683307587 19.484721612184536 -0.5450717538303229
23.264279614988556 19.79497846199772 6.158064808663106
18.698797398558536 19.117103405677586 4.993753982148837
21.516934582818124 22.28878860426349 3.2209502595699266
18.976108067097112 25.071325816753664 1.2556051167819926
24.219176968958713 15.895043530726806 5.9142364024787675
20.09329974921591 18.734456298192946 0.4023252197334748
21.94594626097241 20.165003043039352 1.886925220141813
21.071874400062736 18.03679732445092 -0.10631330055057564
17.074350354084928 12.96531415983972 0.18679885981156774
21.088765254208262 13.121780329429024 2.7449923974873194
24.513404941390377 12.795653567799075 1.406249131346573
1.699181594208072 18.3420234102175 8.647332175943461
1.3060354127734495 19.787446672114136 11.125695112659354
1.9606055359606582 13.180742291438929 11.393881272839954
5.755503209743733 18.80984943304993 10.20722398696229
6.428598914088026 18.304881710404022 11.24813458606718
3.7173366336554508 21.49597843556319 8.8415204183428
5.910146724137908 14.74837814220401 8.181540478511156
6.814354314197705 15.596775184293211 8.677175284668875
5.143351825881553 14.310586928201234 9.21278452095753
4.845454579532997 17.94422721923767 9.760612121550697
4.297135692101675 18.158470039765707 8.93991338777026
5.926271969594004 19.748319091185266 9.700753127552531
6.651365366233021 13.680877299065603 7.910699223967943
5.211522630750094 23.340809444367814 10.071773044618542
3.6968136358812935 21.802165521185216 7.527041722028019
4.2491869715772905 22.964711829342647 7.358769679522746
5.955898495066188 20.629879256294586 7.275916476402316
2.436211368325862 22.01997375796485 7.301858796440489
5.741152165150635 17.2170763205895 11.613512041132868
4.155878594316637 16.44002795577946 7.1792480277785025
4.8613521444660845 16.938801247046264 10.642833449741968
4.148028397651056 16.13567774594981 10.530753682458114
4.707819744611469 24.48580508599978 10.554148828152696
3.4316652502931513 24.527212770567182 10.323532365028951
7.270953226229584 20.14441005476276 6.572702403156121
0.5497881398331761 17.942173356534227 9.407867422615253
7.496866256560733 18.99478759051321 11.87808692400915
5.814216607498636 16.737943824544008 12.578651222032857
0.598396898489887 16.76546744009655 10.331646185628124
7.960298480541664 19.7709466014947 11.269064950291385
4.996033365114518 15.437868814239426 6.636835219921662
4.553847728012125 20.551696757235057 6.557175698394443
0.23256013527697803 19.316920336805484 10.556783689945348
8.134042963961198 18.202813372731352 8.351919129647872
2.0320545368230767 25.068335984134766 7.006455150300189
4.788949309716593 24.515568929978517 11.851595826847262
0.04708978717978754 14.305767712332216 10.390738577870014
3.067394036255281 25.047709635828003 6.699784847312449
2.201741993363581 24.54165896337602 9.065901008826962
1.6764592577737472 24.69715101687009 8.217372712860206
0.187853806691247 16.67982212385829 6.427990846811422
0.373782642465939 24.94652909240175 8.33392834792383
6.9679174559973545 19.48431273977717 12.695814443288077
8.047501480624614 23.31470103192718 12.488334228652155
3.75590663382936 19.392738902656227 6.82973006685343
8.571731022265965 18.01118663014152 12.541724516095394
9.512703313068073 18.200304272050225 12.025095378615392
8.311010175070995 20.206824658549742 8.98419888967352
8.419379357213067 19.411859597300996 7.885443304167615
9.674662210899394 19.35623195492621 7.4827327684027125
8.540393022659472 23.437713032983854 8.623895494746044
10.978148785124715 14.373304975486237 8.26470411365166
10.147388961420496 22.044171721383883 8.777914008789054
9.890866709676107 23.318580709254746 8.60998433302264
11.431612607031537 15.53603643277858 7.393161958940091
11.499617997340346 16.841566540350914 8.057746638250045
11.681824108548067 14.119866223436835 9.593201245970066
12.243117311973771 15.305849617079023 10.21139395681363
14.058071069576037 24.211679652150583 10.798667072329991
12.267309999957527 19.172103846512684 11.848900772751414
12.6134978579509 17.829849424385273 9.992739057500135
13.629714501783255 21.057950787915928 7.972784059374111
13.968474706592627 19.101059581746863 8.486509617971281
14.229752678745498 19.961513552626812 7.575007100080619
14.48177433109739 17.709287385578357 11.660179229173501
14.72501951362329 16.093797036639714 8.836691100674708
15.133938798522047 18.458947059295923 12.72054166511804
16.073332792797583 23.31848322818077 12.832920477853243
15.20564129388556 24.627724657877682 8.60299631445713
15.161702166483542 24.831844540205196 10.029206291941255
10.421830584079062 23.994529685588972 9.572823721824633
13.679319040750784 23.3818057664577 13.180903475632183
10.90865883197602 23.62229183839413 12.967015540761144
12.866382955153918 19.911027094342245 12.894189379156494
13.16299419923627 21.2928876970767 12.626867541989037
10.635352737971328 23.979108097140426 7.0779148726170815
11.99958713078409 23.519650965010943 7.216497504704248
15.524094976906644 13.187158367745567 7.980283038472705
9.401574502105554 14.844913587968676 10.874801336873315
15.981961883221109 15.658668675908599 8.51088413486145
8.857266019628431 16.05851950570227 6.777171483896629
16.21291776222556 14.299298476157325 7.330049507617762
12.587783400994093 15.211223863057107 6.575816639779565
12.36671069915766 12.874631602130355 9.60097936359282
16.20972485467291 19.310048119201312 12.268433058102058
10.266015025937604 13.815789505546217 10.774986666482162
10.060528890427955 24.786364699879698 13.094339697104596
16.049107712630978 20.047428257437105 7.427650742636026
16.2573785194433 21.597305968443134 7.212661942628489
8.427238605524774 16.97046524204903 12.251688425452965
10.89842276060117 13.643285503675033 11.93083824551588
14.232257479801941 23.690678355035235 6.441821482870278
13.589100548818617 19.545934315485674 6.434161219881181
16.345013039056337 19.11516896823101 6.363789754516722
10.577489883566418 25.504928754487533 7.2254553320758355
16.437909831787625 15.337573117306242 9.717449570240733
16.498864336580723 24.61398990206165 10.739803311427137
16.543024446845973 19.691603942733533 8.715571470020137
18.65097822465867 25.243350200148125 12.806545202539088
24.238512134595247 19.924663659383437 12.663552097906125
16.906601545125017 23.511115982586595 11.691610933635245
22.21670358015688 25.488563612178325 6.815957246283736
23.528946316661205 16.52812108844754 6.804521802620048
20.424035721022566 18.513378232073062 12.89200202426999
23.664220617526983 21.11449976359466 8.619665438246518
19.574559855087394 23.560574534000484 6.499246275700134
18.533387594351325 23.980564188832798 12.496595453987192
24.235658956943468 13.630706021084153 10.16306298937339
22.749564094918767 22.495007491579997 7.246159934602254
16.711830651992965 16.662769919733535 8.13488516871216
17.261118876335733 22.320199216983163 10.947271506904865
21.179800719584414 15.833495956648228 7.877711472348529
19.307990361214003 16.084166190578934 9.108045454886614
20.52707652647439 16.587211355531355 8.811798278913002
17.93689056300039 19.916264676874924 10.685871418592413
18.969033981751913 22.212066365184693 8.031772823050517
19.473409167651152 18.00081549717685 7.00939025113799
19.602591660948605 19.027552782639393 9.18176265153952
20.26972660086203 18.280253951269604 8.184604371377695
21.272542225685577 16.557980903978816 9.896266010447931
21.695635095429683 18.85427157538086 7.847938690392634
21.1505338937929 24.653490447451972 9.066762747579642
19.18460235535526 19.15705492442381 12.56928556689221
18.09239039051459 24.187281495507804 7.893287862251741
22.842336584065453 13.927115037211838 12.204848026873053
23.084960584771597 18.853576035277676 10.579539090152174
22.993219205308105 18.751134064224612 12.037099875547772
21.728144248604064 21.642203405155367 8.82961978615566
21.99030274580614 19.960766390294555 6.857796585141884
18.5297633562199 23.106971884867253 7.213408477968468
22.59497183546275 21.332492757609856 7.932768458025596
21.290090337613726 25.36061429243253 11.618639612721527
19.531382553938176 23.642743510566536 11.72996271387192
23.562040334954474 12.992058507028228 11.390419001291024
17.703797990951873 13.981021943454031 7.239847275784802
20.758007612166452 12.96798378206695 7.095521370231783
21.655374507499996 19.328770792698645 12.557966706332813
20.431456999539407 17.087318614567998 12.537000708886092
24.032324948266552 21.12298981927081 12.172875115481382
23.265013887644756 17.528820069581716 12.683980535786471
16.71617539390296 16.36875019279935 13.027454462391132
17.94551696433443 12.980388956062843 11.536777888878314
7.402493752574655 25.072557374209424 13.347012397099913
8.644613581981243 18.02996269456747 13.629123059585686
8.195881995189561 23.521754285914476 14.652971164205786
14.04179588673448 19.174182569792425 13.574372009115976
10.509094051580801 20.676785541664117 14.014828732720577
11.530268709440485 19.810748565164747 14.223595297936328
8.330224052864288 24.128720482981947 13.439806822557074
15.0452096418846 16.344740290984436 14.316187791413116
11.111185753387122 18.628688306333864 14.204095532392733
12.0543620522034 20.037918948124318 15.439088378470402
15.936661583014645 17.19202400708208 13.769528234300756
12.954765391348838 25.514752319261476 14.155592208991028
20.535968071456843 19.76529707079941 15.297194404746232
24.056910205828792 15.428990256565932 15.389688340605097
20.057337523829457 14.259547613788428 17.70692397363228
23.129792914009833 13.780185432159888 16.88568134409838
20.47651845994991 18.5287396844957 14.730351064345914
20.61280414407035 13.07243850363361 17.728641734968377
22.00432887026439 12.887196426458305 16.374269223685882
24.289349898771 14.173819303840645 16.030501685791585
24.33987404178568 20.08152964258255 13.982513193571194
21.551479110802507 13.455678214985364 15.14664903246112
18.724154385656206 23.22678244509592 13.578110655990107
21.64953793769562 17.999518667900936 15.173908942461763
19.424557579307184 17.813233510621544 15.270784585676315
21.972844154908593 15.500267473050998 13.773332575585579
16.71340444165362 17.782253215024166 14.674604884491039
21.209743465169474 12.856036007135103 18.887872723160996
1.2299509086809235 26.23005425603461 -3.349999919515593
1.2299508924767564 29.07000027437486 -3.3499999092323773
2.459044312361558 28.359473639054258 -3.3499999143176753
2.4590440234273276 26.940528942825214 -3.349999921392761
3.680955482395522 26.229536554219177 -3.349999915102466
3.680955630156145 29.070520193879197 -3.3499999772139057
4.9100491183759125 28.359993804939897 -3.349999929749151
4.910049236087201 26.940008651655948 -3.3499999102976896
6.139999972245683 26.230085196089263 -3.3500000047833813
6.140000005120711 29.069969073037843 -3.349999914519266
1.2299499382735752 30.48993510316095 -3.349999978922437
1.2299499414315465 33.3200648792365 -3.349999932402221
2.459040228204868 32.61080367065222 -3.3499999246999024
2.459040227454532 31.199196320838524 -3.34999993529127
3.6809602115447584 30.48941304036915 -3.3500000723634447
3.6809602469172975 33.32058697296288 -3.3499999251817316
4.910049633007737 32.61131704848666 -3.349999962943979
4.910049649276344 31.19868297010814 -3.350000000643906
6.140000008015932 30.48996684464643 -3.349999919273329
6.139999938534933 33.32003317063612 -3.350000233801571
7.369950894712087 28.359993808681693 -3.3499999014129656
7.369950777224407 26.94000870293265 -3.350000086359305
7.369950406957752 32.61131700457968 -3.3500001864282227
7.369950368135631 31.198682937924158 -3.3499999048737203
1.2299508992698882 34.73999973348465 -3.3499999260540214
1.2299509154276218 37.57994574618138 -3.3499999267766425
2.459044025908136 36.86947105749099 -3.349999928195253
2.4590443164587317 35.45052637372582 -3.3499999167462793
3.6809556474288745 34.739479795727796 -3.349999915390669
3.680955492928189 37.58046344269708 -3.3499999453935994
4.910049230407108 36.86999135632369 -3.3499998929100583
4.91004911659676 35.45000619566337 -3.3499999034384063
6.139999992546777 34.740030938572104 -3.349999943305214
6.13999999360615 37.57991480962672 -3.3499999193598082
7.369950772837209 36.86999135203123 -3.3499999089812427
7.369950891712115 35.45000619169423 -3.3499999141904278
2.6197998582437424e-08 36.87002264816208 -3.3500001849644656
4.591940197880707e-08 26.9399773738644 -3.3500001052305106
8.599044568560027 26.22953656925917 -3.35000001200355
8.599044375668662 29.070520207761636 -3.349999905977535
9.820955704664081 28.359473643774646 -3.3499999308373765
9.820955985055278 26.94052894495122 -3.3499998982811996
11.050049095612305 26.2300542633197 -3.3499998749851656
11.050049060946327 29.070000265897054 -3.350000009339835
12.279999975569565 28.3600249859527 -3.3500002417936594
12.28000000252045 26.939977349586872 -3.349999878015353
13.509950913047515 26.23005425452261 -3.3499998775542474
13.509950949787017 29.0700002722292 -3.3500000906224225
8.599039770905028 30.489413019669232 -3.3499998999203315
8.599039782862278 33.32058697611012 -3.3499999334777817
9.820959788974225 32.61080367924161 -3.3499999047197293
9.82095975725665 31.199196330831338 -3.3500000559661594
11.050050086330574 30.489935094882327 -3.3500001668189006
11.050050071815875 33.320064869919264 -3.3499998820082357
12.280000002057655 32.61134812622261 -3.3499998752028937
12.280000002363597 31.1986518838655 -3.349999912189202
13.509949933996534 30.48993512625966 -3.349999921286143
13.50994993773253 33.32006490088807 -3.349999862758591
14.739044314211432 28.359473622350727 -3.3499998899558383
14.739044026409932 26.940528926411346 -3.349999868676299
15.960955475214588 26.229536557681048 -3.3499998796904586
15.960955643191681 29.07052019319139 -3.349999894304907
14.739040215103827 32.61080369783519 -3.3499998908064796
14.739040212574618 31.199196328247353 -3.349999903070311
15.96096023952246 30.489413020729792 -3.3499999084081775
15.960960236300645 33.32058699467473 -3.3499998901125094
8.599044363109336 34.73947979198944 -3.3499999106426834
8.599044535103475 37.58046343917321 -3.349999906896066
9.820955957407094 36.869471096680066 -3.3500000357033697
9.820955568587975 35.45052634349951 -3.3500003319548366
11.050049094172577 34.739999541472855 -3.3500004837466433
11.05004906971564 37.57994578323966 -3.350000102268175
12.280000055496224 36.87002287764581 -3.350001015467022
12.280000142766488 35.449974689139296 -3.3500017378183564
13.509950914340473 34.73999965421944 -3.350000070112651
13.509950906867866 37.57994579698533 -3.350000227569275
14.739044066609356 36.86947108623535 -3.350000200171608
14.73904437462313 35.45052633501738 -3.3500005415856227
15.960955651193716 34.739479793171384 -3.349999905464621
15.960955475858768 37.580463437458484 -3.3499998716192136
17.190049099741533 28.359993817406316 -3.3499999793830137
17.190049192780958 26.940008631142927 -3.35000010847316
18.42000000736803 26.23008513573051 -3.3500002193312426
18.419999993766066 29.069969107450547 -3.3499999905918756
19.64995096306258 28.35999387586459 -3.350000256164183
19.64995086846693 26.940008567638245 -3.3500003568789047
20.87904452588017 26.22953655312928 -3.349999858477336
20.87904436798886 29.070520206351468 -3.349999874029831
17.19004963255189 32.6113170688903 -3.3499998982359402
17.19004964318802 31.198682947906534 -3.3499999073379962
18.420000010606255 30.489966835977263 -3.3499998825341724
18.419999996092127 33.32003316295007 -3.3499999260415834
19.649950367558983 32.61131705066546 -3.3499998905624606
19.649950360681252 31.198682947954037 -3.3499999145545036
20.879039761555404 30.489413017622496 -3.349999928360342
20.8790397572247 33.320586973576326 -3.349999877302018
22.10095568209701 28.35947362686043 -3.349999881945159
22.100955959841347 26.940528952780532 -3.3499999084714993
23.330049101756455 26.23005427640861 -3.350000040789517
23.33004909780205 29.07000026556089 -3.3499999000905167
22.100959770085804 32.61080367323518 -3.349999879011021
22.100959773181835 31.199196324097578 -3.34999988516014
23.33005005287345 30.489935111155074 -3.3499998897805194
23.330050040702478 33.320064870137685 -3.3499999476045508
17.190049225756493 36.869991343074396 -3.3499998705375376
17.190049102867523 35.45000619259784 -3.3499998616043083
18.419999982797826 34.740030930968025 -3.3499999014629434
18.4199999908371 37.57991481680986 -3.3499998849559445
19.649950663253055 36.86999148446444 -3.35000066313903
19.649950840407044 35.45000606255874 -3.350000369006562
20.879044367758574 34.739479786053266 -3.349999908874813
20.879044366016355 37.580463255334486 -3.350001203481617
22.10095601628954 36.869470970550616 -3.3500004125601004
22.100955675261066 35.450526357356104 -3.349999908273098
23.330049077637344 34.73999973899058 -3.3499999565094885
23.3300491090584 37.57994575475973 -3.349999976741098
24.55999998254109 36.87002264377731 -3.3499999042166104
24.559999992221673 31.19865187152164 -3.3499999024579887
24.559999993838492 28.360025040891866 -3.3500000007621877
24.559999988355397 32.61134811280639 -3.3499999166820893
24.559999988259868 35.44997495084004 -3.3499999209931652
19.910913180665677 36.27607538663725 -0.9509722055724101
5.268709853621923 34.06134614425041 6.129125509694796
1.5137589472077533 31.052590148472976 1.113398147181478
3.5944757102614386 32.694669808136844 4.131215393711122
1.8981754736916283 32.22235765907788 1.5984988294578162
2.568736275937023 30.217278478505776 1.1693436603150376
1.9555817889737435 34.91645882432098 0.6442493444903719
2.3208714680269744 35.68214763867552 1.5875920862025716
3.430535612383648 35.196920023488765 2.1632908778258884
3.7196040910426795 26.671939804943225 2.7718609230410394
5.00751902558084 32.24845979999935 4.291438648923335
5.180691500752201 30.822932882857547 4.38635353442714
4.885498163961777 32.72170270340122 -0.04832174721189686
5.928656806482804 32.940521657965 3.2553240552085407
5.185824004304553 28.695644008080368 2.7874944840865723
2.5875586131964003 36.89483901144237 1.0783383182430628
5.9763801248364015 33.20431147591371 0.5217156667822964
6.329036668113204 30.904474257078228 1.9442976485668373
6.619982804825829 32.321742822385275 2.0368473509857674
6.840640120339517 33.19657978585205 -0.4825373100121544
5.731564965523337 34.47091596132802 0.7510215047371338
7.014328418838197 36.924525701099434 4.173616942853492
6.574461870616551 26.771189643661803 2.1514991379388357
8.06267692757762 32.55623863334441 2.037392394368797
4.907224332661884 37.34288371555575 4.71167061482399
5.03620339758835 37.77406485499211 3.488210753994384
6.287642599847601 37.51201077143122 3.0722544721675007
7.262363248874564 36.78895097727588 1.358684697013306
6.766149678508342 37.70276241602699 1.685519131445824
0.9644773221549379 32.591988863666415 4.755125438459283
4.325245381100594 38.24002621468118 2.822013553407995
0.7565550973221197 34.45026642040279 3.324954939001137
1.0728883672337082 35.80186227326892 2.947757420065437
5.477945200006924 32.77384466641481 6.004806601614671
1.7431495805995947 36.4568841295423 3.9750522138647284
6.386248729584597 27.867214490551593 5.114261953236797
6.127517518835221 36.90727027625079 5.223441767386255
4.931488487217042 37.22672714839749 0.4469697704634601
1.1866648878941377 31.135239758649124 -0.16471735624232542
4.053433856421503 37.456152573756185 5.239223444880022
0.7136017877313884 30.127231881393367 3.4323499052153315
1.1419315999726567 26.178289987139113 5.005477868075982
0.13488802256324428 30.391157847069454 2.134809067332406
2.116505846318907 26.43055907243075 0.42182593834436677
7.417206999028947 25.918751278003448 -0.4823524403504087
6.2074135770400485 38.20943396022817 -0.31324287898715775
1.9142559461126427 26.945297054313286 4.947899540962672
8.08557428586346 36.78734003528731 4.17009764202921
0.06902396435025082 27.103053493473794 3.2784737002342235
5.641244736525477 38.039227501907426 0.6024986815000999
4.534964672639055 27.464061284495216 6.247837593553474
10.808348505939597 35.66737689038225 -0.6447062843406348
11.367761330603265 37.75037141266606 -0.2515775575548207
15.194947134492583 29.533221358486948 5.964262333302356
9.249875248384694 32.69176835873829 5.7625707860411985
9.413790037572015 28.05995441658651 -0.11684641604238655
9.173082568168972 29.175883702728658 1.5976138797813777
9.532960412309048 27.002944087290942 4.613964908178458
12.506344420830601 34.747135469198476 6.073562971170067
12.554884575153421 26.234595598961917 2.494757928123655
14.246507117394906 36.6218795531056 5.749989744666694
11.810730849100995 37.05613048182526 5.544598027899642
10.356771706956419 27.604134414793336 5.391880421305819
9.576640506611952 34.70737173760748 5.212494657827299
10.165397198844511 33.58573730049848 5.415346738299178
10.080037977038748 28.52092478831 0.8924354330316975
10.543204742228333 27.47796618368628 1.576666822082351
11.107270625612639 28.369412888312613 4.62698628838753
10.376796507787288 32.46097702148582 1.5962708768935263
10.19745432144578 35.11831864705381 2.2742498127363078
10.602819575835193 30.79513517434579 -0.2723721165992987
12.429611655450014 29.068363856093622 -0.3812748775241126
11.860966595504433 30.50693816058708 1.6497856870547145
10.505881366775261 33.233636183667905 4.2142174224240705
11.049972656678767 36.23175369644268 1.9269788055897419
11.414861014139923 29.78117311937328 0.388816840998627
12.452842257923367 25.93055158788563 5.359445854990885
10.650364204938043 36.724914139279726 0.2370423394709109
12.403673849782546 33.69455440872495 0.7401811272449854
12.582600879138216 35.965220601744285 1.8250600005787754
13.052899391077133 30.023616554892172 2.4576607032434037
13.203827475517937 34.52876019131924 1.551298170364661
12.819745305477728 28.634703145673136 2.672572980751223
13.284842176053944 30.834088300000012 3.5799665864052344
13.831386997812206 33.90805997507368 2.7381981493233942
14.46652076510759 36.18796500665349 4.521021933148069
14.739467748625557 30.141671043269973 1.665748296015629
14.959585452036674 31.206511931660366 0.9441941747145799
15.663725311637757 30.01387791573962 2.6409055703808706
14.270325125751397 32.77650441522132 4.898940497258999
14.414079390376276 35.584995720985106 -0.5602673458576224
14.644528293823159 34.870117440928595 0.449826007526799
15.192259753269418 27.315381844199432 4.117584740164762
15.297138284721425 33.81744321347666 0.03156940489149718
15.62202929306482 35.61872021982455 1.0564050561845773
15.92959355003593 27.093861275911102 5.213615511953723
15.064434384501153 29.147751834315294 0.8447528859784348
10.814161793826482 37.441736969851675 2.663423995068035
9.414534162812595 37.28394800132428 0.20641075515820728
15.253924047609148 26.287264311969352 5.991680889684124
14.512623919496532 37.88672106871658 5.779555910037409
9.671765049859507 28.372229023065916 6.210856411561134
22.93063336757508 32.34523998562944 1.7054371505741384
16.430566201425858 28.731078527965153 6.025472627069578
16.611090309013843 38.0997583965326 2.1347146328834645
17.605208937432227 33.43759311523638 5.815523845233282
21.47286122778648 37.56279646876229 -0.32110312656537743
20.401103926500294 26.84952074758556 0.5597201500149829
18.967479623630354 33.814050466316225 -0.09648457494876084
21.81937247259456 38.04148265436709 0.5948059808890616
22.57048082494806 30.651820585104485 6.20502106715794
17.868458207698893 32.08234552544731 0.08667037382065645
21.614751358202987 31.064413214575644 5.359559408062181
19.698506335222085 37.446755647441776 2.408554590418983
23.230145066522343 32.387864460636955 3.1269504807149993
22.75574524035184 28.781995063439197 0.011866424455361235
19.12098507640923 30.66393083305595 4.592459255176941
20.22928314590549 31.777834182964906 1.1834553528598135
23.77591423902042 34.071789797932375 -0.1781938535487082
20.684694902251103 35.694723195679906 0.5207222811198231
20.44027685275774 30.977559204881363 0.014813283660006782
22.385889922887355 25.562460179992936 3.188594067278745
23.62715678215011 30.349993019394383 5.514870617155813
24.01215071998069 33.68026053540265 1.0198894776614298
16.962594267477684 26.409327070436483 4.734342777184284
18.15605325601645 37.51510176504024 0.8651048680865225
20.69125619025307 37.489857576469575 2.8316266281759326
18.116498902604953 33.2609650069905 1.8014369408707587
18.57034528958872 37.91822329814147 2.9309729740250132
19.088991714350584 34.72849926375769 3.9441550936602052
19.80863323027878 31.14951931450075 2.4051386962840473
23.217870802952632 35.80096332255451 4.9582869235316736
18.91022510362435 35.79692841148443 5.705885984612412
16.84797360804565 26.888041310245388 1.5869863166033593
19.37625317343326 26.443686527587317 1.4993363237915258
18.74640833167108 32.81908087079135 0.7253082147466716
17.976151912328074 28.716426998478948 1.365623587256669
23.939907122955173 34.76433234675547 1.7820229160351975
22.35810658132083 37.0343196776832 -0.674872748671268
17.586030381526122 27.354385133203778 -0.29012133988149835
20.323554926014786 36.58674017454706 0.008878918528251178
19.62490069186607 26.83932175948852 2.9471971454820944
17.287301634786132 35.602429133788405 4.257510651146992
21.498399001485616 28.468275023247166 2.5452626015402977
17.674135233157386 37.33997907621398 -0.08541449685653735
20.326494841924074 28.464957273662208 4.662656423193118
24.241462289411817 38.02471422517662 2.7824617357646053
16.73997320410116 32.78122911090194 4.843690349573201
20.75007282022502 27.729065324544706 3.500044344776745
21.569774585211338 34.490359508502834 5.664292823184401
17.595313426182905 37.9528388452411 1.9620313936843892
23.212907804118196 31.154668366066076 0.9753595406982296
17.899820341018554 27.435170823550838 1.0200136533005277
17.493478311247333 29.108010838367143 5.111524084492661
22.020608177269647 26.43308373292432 4.157002118522294
22.53819041043491 35.34449570149513 6.015338139376274
23.10338991209819 26.965178561164414 4.69799728906094
19.430987385054944 37.16770025634584 1.0477603444807426
18.245213873649114 34.95915950281173 4.893970543180965
21.39727328520127 32.79015123812792 1.5350923420062412
21.437082307947936 25.775720686710365 5.167773078637583
3.657167115207035 35.216451830565425 12.13783635039522
4.053064918302636 33.85887867832893 12.125364239876145
3.466699742118101 32.969012319987435 11.151738120875411
1.9525470853199003 28.621868544019126 8.372713498639914
2.213110953886716 35.34547143199166 7.565812144317812
5.017061426061979 27.066754142339295 10.315446637168158
5.857714114876998 33.99971497601295 11.64107802185373
5.938347311687952 34.306824745121546 10.314412203343698
6.553489225254043 34.85750953749013 12.312058855240174
6.43699203029325 32.81771368218694 11.7650895655455
2.0051527177076713 29.70089538463642 7.581177721800916
3.2838146994294024 35.40428485906451 8.375070895180315
0.7988311338859433 32.43362342164354 11.171478589166876
7.041329732197916 25.73158367269924 10.197281550334552
5.691276908463617 25.882043802312072 9.749976017309173
2.93408265743059 30.40414573888145 8.170512456448328
0.9908404326288183 29.91523563923676 11.91449856847115
2.4452525199985096 34.413097637418 6.655325416470275
7.3501019157764675 29.048854787056044 12.510430151118163
5.715415429215623 28.34924621875296 11.363546250184326
6.119691767872177 28.87157121522817 12.127638679251717
2.185982281950216 36.46888966128869 6.876540116639615
0.3350088603064135 30.90845543884371 9.05624438435589
0.44298650759430236 30.57680485378619 7.669340007761586
0.5737089258405151 31.68279379348468 6.84220664027081
7.677352601312639 37.835918570047234 8.257726492954765
2.331003501488439 29.254422360356994 6.379834812303752
5.341811844524117 29.743590698671213 12.817148176000883
4.326949257789052 29.956693393001107 12.515417879625616
7.74361691926868 30.289532540271633 9.84697207409524
4.534260708506058 37.51497267035292 10.023788016107174
4.753711359711315 32.23637646794078 6.906225088013379
7.862326000367204 26.47686901207809 7.6455293482206255
6.591552897945211 26.058255723835558 7.135595528931537
0.8282881652491071 26.840620787872428 12.677055153574475
6.202676860176689 28.684346917367304 7.083866544411569
0.5493790025342413 35.24535155300719 8.359147147027358
0.6890129332582622 34.12092930621135 9.290105151420088
0.26776323719558504 36.55180634165709 8.963210855891722
6.7523473478427025 32.529273850120845 6.33694875082583
5.540376800966346 25.657594424400646 8.246880003200479
5.903838026051427 27.60596927823496 6.372472114661028
2.583203363281096 36.93129960499614 13.31597745905137
0.06757362063704787 27.814011558493604 13.273015439164945
1.0372762135182643 25.648823817726875 6.374292491308793
6.2823950104281625 36.84155750770548 6.290257025362588
8.195799998351225 28.524783158296998 12.090259137020759
8.402861830515382 30.217627962051797 7.914955600581509
12.21553538236105 32.441829287009426 6.678465287783398
8.740341309631662 30.643049195669587 9.099210677364457
8.675429621674011 31.961359833325574 9.183580455665318
9.099732919456702 37.33889563307045 6.853552786616538
9.792765376730406 26.29290142233654 9.489851141686618
10.027540890947254 28.69471717536302 9.878159331209979
10.491885898432237 35.211891530908176 12.075172151810143
11.19004841195631 30.108903465300596 8.391849473960626
10.43171332563748 30.025666721746983 9.59811712905459
10.944670486670166 34.173221909213666 7.944265856228176
11.800042316780479 35.14769728199022 9.92553943568611
10.93667751021125 30.734327785775882 10.911765630930837
9.428405457981809 36.92014676933728 8.924194982254589
12.214692200686061 32.92338789599807 10.650130833835957
12.567502535563984 36.55883546527951 7.836717551459521
12.350484151685599 31.550367205959013 10.98839759638355
12.719394888559842 37.170526577524775 11.115940461068016
13.805809065693836 27.012467147480688 9.649666478612804
13.803565479890372 30.220527975439044 7.712677015077226
13.420836194241405 30.760998226092827 10.448402052750778
12.973865521156172 37.4250952194005 12.557659749155153
14.819209787316277 26.579307761262577 10.327553200025072
14.170887329027945 34.431123210149316 8.836589890184857
14.585992652061371 26.882698988613413 11.65841272235917
12.727881346152378 31.708361093262717 12.832451655532534
15.128141747005374 33.83018606812238 10.542335034223875
15.610474725030054 32.17211678231671 7.90571761815136
15.781837941383056 27.412681975696366 9.991395180597106
15.39301004302545 34.32805457765565 9.345873640680866
8.943162497718678 37.7996049130789 8.09645325304239
12.174672635848735 27.352559378585966 7.291406499512652
15.618294379205036 37.70211714415281 12.226302309588872
14.759039478326745 36.910952901334724 12.827838608045633
11.550282337241326 33.720218257453794 6.712742399752809
13.792909969199238 32.400175852449365 13.162426063485261
9.809036191554387 37.371325463597124 12.971794978596881
15.76846414253511 35.64007978029052 9.502787972121384
14.998690408699279 35.687141930939184 12.434616877035328
10.66456088045174 36.21953725436699 13.138098157513046
15.253076418457509 36.156160601530374 6.479326509727911
12.64243204647122 36.25041635671009 6.404524572581224
16.241184526782334 28.98871358027626 13.055299640103815
11.514537276803608 26.48999135496986 6.36693890981885
9.939004032745721 25.623947587823963 11.900696204612478
18.93703571746892 38.1844904165581 7.016228446764825
16.557329161150673 30.017444800562597 13.145658074088626
22.24745730040618 25.91598640593744 7.730541285168803
24.241891261464758 38.0282503145249 11.686804849995095
21.823299004743756 26.266815750828638 11.33125931716808
21.193823901547496 27.11911649241255 11.587080622935101
22.11844488255332 26.347130587772952 9.895217794786124
16.47031121031357 33.290159926126684 8.333382260482372
16.787387098082483 34.01989008951272 7.001875795773942
22.093256006176304 29.54352080796804 6.725326011527621
18.75343880313757 32.737764307402614 6.325438927499296
22.97031117014362 27.25156198174398 9.282759745875758
16.8198516040156 28.512487905891813 7.498547570993725
16.939374489882304 30.796378848971333 12.070088455103097
17.085621395194035 30.435863785565868 11.138025832846395
17.404821929433407 32.83241835856249 11.942284251167198
17.409298164354787 37.21868628178591 8.259665419180322
23.105842011313516 26.959771558856463 7.986879379448245
17.061605449192577 32.0185823505784 12.563793221312375
23.815103208926427 34.55215396573487 7.139041102896405
23.415809641855635 33.57293139676239 11.359885041637273
23.605197724953108 32.48949101092063 12.27031517453711
21.919078663902162 29.849944083009223 11.030663688556677
22.150712016296144 31.928903566357697 12.615767719551055
21.723041847482122 32.410873613588926 7.8586186855432425
21.256214499280684 30.943667122413284 11.73184013412102
21.244689285966395 35.99967236567475 11.68268082327226
20.187923053455474 31.73341140444236 11.037002345871612
20.05256615493332 28.4561298326439 9.498843460640918
17.69482073400859 29.79548639709556 9.519823587558369
17.660471060964124 33.15722071955946 9.130809625713642
19.095558056055363 27.840895602354014 8.825909927324268
18.938877443474187 35.4197321881095 12.144469934921656
19.9330593681314 36.44857701314437 11.998275549372696
20.1463247184592 33.454613255685906 9.185803823260075
18.01378156305946 29.20427894740838 8.240273333699049
18.556477920456253 26.943163684840133 9.629062081366785
18.792042769520354 30.09694335295095 7.397626853348277
20.035111317171843 35.88375907883546 9.042932605239915
19.921580803789375 37.27329195013013 9.406741984126635
19.36183509898688 37.39229160039544 10.89483120569447
19.4779650840623 29.0102398638316 12.39317950296119
22.98389125044223 31.92743519729693 7.5135445947487645
23.406975390440852 36.235886554728665 10.452466174994488
23.34093683835936 34.78675206568894 8.535486562090195
19.670537289586417 27.16122706555895 7.855285358023867
23.75637529245238 27.432794797593345 7.266146789734819
18.52885673365605 37.97174487593613 8.28934617350292
20.336245997714524 29.877621409983934 12.953392429765847
23.49677923785889 27.898487641154407 9.968849073067412
23.798025480291077 32.95965663545971 6.758170346954229
24.19879797881181 37.72952953054327 8.57051751655725
23.841258985679314 31.26733298182232 8.450744703931424
21.026024068955923 38.19484785694062 9.198201165265278
21.722069173060703 25.558113792095448 8.920461589348438
23.457849526010577 27.394618139316673 12.141514293944322
23.120066834463668 26.36031124968249 12.206415075272991
21.963492696105074 36.40728694318469 6.511800718847356
23.82114721846534 25.608439113417464 11.844096725832035
23.0633890746363 26.286418434966567 13.292429570483511
7.421443934769573 29.912272560561203 13.513399257786151
0.1583175692512696 35.93049099410612 15.792515654646525
3.926976536394149 33.24969747115913 13.544313425047575
6.990449594871181 37.856759359685284 14.136295589223716
0.6126759876089872 28.38784628109495 14.363176149574631
6.121746874104661 30.40793081269947 13.66679772605356
1.5247558451179177 32.722662359267154 13.503909877968738
2.3755979108183456 34.443627407665915 15.024338604642416
2.6000179628200706 33.21041063452661 14.338200594613452
5.954811593860457 31.243136696160196 14.330848736495746
7.192220036864899 36.77997780994605 17.059618478915347
5.1681870189484 36.60607205811407 17.279366834712015
3.583274949815488 32.100853221416294 16.59775034036718
2.8930874533321265 30.705091782200142 15.215545022256224
2.6346774843343708 31.93100528692875 15.678034635913752
1.5087652744029927 31.794122073288637 16.34744546882695
6.104897590516523 35.35028136262272 15.882829714580783
6.101783397908098 36.55722793467984 16.38854443867792
4.620895708638715 37.3746320940055 14.490349390312906
8.028783775980951 31.93699242521789 15.403515294886969
5.867562617508397 37.84860504065051 15.037005956280925
8.178796200271513 30.41102857935886 16.158376688812915
9.180699464287178 29.32788592554085 14.347018216874902
9.223460348110468 30.88169640269832 13.518502862934895
8.653367207345045 30.27343914591444 14.220725705495678
11.75768491232641 27.60951620625252 13.404756430707277
12.124018093887472 36.502869524943605 13.454024797654494
12.926257561344245 30.485040445201935 13.40041913581276
10.459146022325884 25.683467195664715 14.254222958417106
11.79845845953971 32.372415044727155 13.424469457817294
8.707778883772361 31.08851534001317 15.488086445874137
11.79735995694748 26.31619765547171 16.944634333114887
9.703712688268551 31.3550249906042 15.841906264238027
8.53564661034706 35.09509556897761 14.365893285971845
10.397528272228259 34.32710008508296 14.951917341517298
11.076392713426685 28.12925027347228 16.166316992489588
13.098967033005808 27.808664999023502 16.093072549934995
9.774660559318619 36.17063145452864 15.712185254736973
9.785178153191707 35.437844273614715 14.594314003199848
11.941549258884212 27.17991130482021 15.942724559529486
11.846553597766686 26.454081021903388 14.269424719237797
15.837138858601119 33.113676711235584 15.421063296263803
15.054524097429635 37.00851533195327 14.107619531129709
17.77908652666774 34.18464608915197 16.240537529113116
16.494787844158335 30.548001552357185 15.311675233185358
16.61501620114506 34.14663293707184 14.225027569680725
24.22497083586147 33.273697386771055 13.841696833976227
16.633538607908292 30.763833267044443 14.262597115715144
23.419305809052748 34.11176988671928 14.50150161409896
16.780372890039974 32.105885399198236 13.831637518537223
16.68010953493586 33.18481479792558 14.733720723938609
20.873320022100163 36.61333646066115 14.383020471828644
18.914876756315195 37.40207129921615 14.160819918510585
17.93412187387453 33.246333597445954 15.707964802396434
17.90599468804095 32.405170463508824 16.400607165781455
19.686470303563105 30.65775723203005 13.809305218882542
24.329041566402918 32.315158191905944 14.72652574367789
21.206254377232476 29.14913310426245 13.636266405348179
20.07761916421455 37.32353947968217 13.607701989030232
18.879634678024054 33.12969628525749 15.178341091789566
1.2299459443151843 38.999455654792506 -3.3499999092103705
1.2299507811110835 41.830008657140276 -3.3499999217697085
2.4590445205210405 41.11953656396372 -3.3499998949726804
2.459005329198824 39.70108179141142 -3.3499999047110474
3.680994681404654 38.99891821572116 -3.3499999130274247
3.68095596175981 41.8305289416184 -3.349999928718529
4.910049086020518 41.12005424437512 -3.349999941490065
4.910054053647944 39.70054434441086 -3.3499998947394194
6.139999994042984 38.99948982867575 -3.3499999173037542
6.140000017471247 41.829977344160795 -3.349999966685142
7.3699509103244285 41.1200542611308 -3.349999918492407
7.369945944236547 39.70054434729373 -3.3499999125827773
1.2299508861187614 43.249993804916066 -3.3499999025207816
1.2299503645037397 46.088682939517675 -3.34999993741142
2.459039750640921 45.379413016018994 -3.349999908278817
2.4590443562439437 43.96052019570262 -3.349999898281596
3.680955672457531 43.249473631444324 -3.3499999287534643
3.6809597719887286 46.0891963101738 -3.349999925366091
4.910050052904093 45.37993510593944 -3.349999922535626
4.910049088617835 43.96000028005092 -3.3499999521918444
6.140000018547727 43.25002506098715 -3.3499999881221076
6.139999998581779 46.088651876971966 -3.3499999366610544
1.229950347684101 47.50131700882965 -3.3499999063776222
1.2299507745485425 50.33974809248726 -3.349999920122857
2.4590434629117035 49.62946799678707 -3.349999936780903
2.459039751987857 48.21058577498613 -3.349999920831681
3.680959780254512 47.50080363169207 -3.349999933793616
3.680956505759998 50.34026691678782 -3.349999978120546
4.910049280503008 49.62998831474116 -3.3499999794712676
4.910050062056777 48.21006373654864 -3.349999938139212
6.140000002945053 47.50134808507689 -3.349999932789587
6.140000002156059 50.33971690676548 -3.350000034057424
7.369949946322966 45.37993511171141 -3.3499999350760525
7.369950903590683 43.96000026447416 -3.349999932150407
7.36995069954089 49.629988343142266 -3.350000195937952
7.3699499294435515 48.21006370882307 -3.3500000660014297
3.894107695392053e-08 41.120085163631146 -3.3500000885546477
3.0723850797980244e-09 39.70051016828506 -3.349999914011259
8.599005338028318 38.99891821159071 -3.3499999083935506
8.59904401209721 41.830528928084966 -3.3500000131700256
9.820955494971534 41.119536533512964 -3.3499999664978573
9.8209946924136 39.701081782716386 -3.349999893100797
11.050054066416246 38.99945565161147 -3.3499998990213165
11.05004925631468 41.83000863797637 -3.349999939315823
12.27999996993103 41.1200852102869 -3.350000063743388
12.279999972539791 39.70051013578943 -3.3500000213422076
13.509945942542302 38.99945563059034 -3.3499999395529345
13.50995078485881 41.830008673897645 -3.349999981521395
14.739044534134877 41.119536565231876 -3.349999905309101
14.739005330310187 39.701081781796034 -3.3499998982789725
15.960994661995814 38.99891821167377 -3.3499998718368094
15.960955969321779 41.83052893955565 -3.349999867666853
8.599044305037708 43.249473640438985 -3.350000001522009
8.599040232223688 46.089196321545785 -3.349999927395099
9.820960250183171 45.37941302006336 -3.3499999158725924
9.820955651328267 43.960520217215695 -3.3499999582334015
11.05004914390492 43.24999380897536 -3.3499999398261515
11.050049647207874 46.088682931695914 -3.3499999163558747
12.280000008384 45.379966827348596 -3.3499998812400156
12.280000009591165 43.959969068155985 -3.3499998918172844
13.509950896375145 43.24999380323715 -3.3499999035642567
13.50995036616487 46.08868292940683 -3.349999895660838
8.599040226734125 47.500803632081364 -3.349999939680597
8.599043530539602 50.34026694022767 -3.349999978269592
9.820956534834988 49.62946801592273 -3.349999900369717
9.82096023220009 48.21058578867562 -3.3499999399684786
11.050049647513324 47.50131700938526 -3.350000023913818
11.050049216614068 50.33974811334527 -3.3499998838704936
12.279999990205493 49.63001960778035 -3.3499999498051025
12.280000003861334 48.21003202199868 -3.349999915439099
13.509950364177232 47.50131700556152 -3.3499999010604595
13.509950752228814 50.33974806027437 -3.350000111671192
14.73903975943895 45.37941301434068 -3.349999920583623
14.739044358493384 43.960520193723895 -3.3499998795388644
15.960955680405682 43.24947362819832 -3.3499998876152426
15.96095978315872 46.089196318106374 -3.3499998975505574
14.739043482834122 49.62946799268291 -3.349999930929556
14.739039773911825 48.21058577730106 -3.3499999001077487
15.960959799668148 47.500803633698695 -3.349999897019864
15.96095650530971 50.34026692269444 -3.3499999048708706
17.19004905535792 41.12005429190323 -3.3499999723043414
17.190054001817273 39.70054432841417 -3.3500000474884106
18.420000014777617 38.99948977228379 -3.350000028612845
18.41999997939928 41.82997738541466 -3.350000007452645
19.649950936692743 41.120054253561975 -3.3500000166071695
19.649945955670873 39.70054434734836 -3.3499999621218937
20.87900518931887 38.998918476247326 -3.3500009343928774
20.87904403416957 41.83052894857842 -3.3499998917364673
22.100955469499855 41.11953656364521 -3.3499998819728285
22.10099469561112 39.70108183000677 -3.349999958486971
23.33005404499546 38.999455652667976 -3.349999891532498
23.33004921845774 41.830008651973316 -3.3499998965823696
17.190050062603333 45.37993511741464 -3.349999883081909
17.190049100371958 43.96000026457959 -3.349999879273046
18.419999996854575 43.25002505389077 -3.34999988531783
18.420000003254255 46.08865186712753 -3.349999909861988
19.64994994499671 45.379935117536796 -3.3499998756231184
19.64995090808442 43.96000027058816 -3.349999871096636
20.879044314555298 43.2494736354024 -3.3499998661576855
20.879040213598433 46.08919632672762 -3.3499999280649106
17.190049299380313 49.62998830820864 -3.349999893483784
17.190050045007396 48.210063745258296 -3.349999954221853
18.419999969106122 47.50134804397216 -3.3500003753351137
18.420000003371044 50.339716879590426 -3.3499998711893064
19.64995070950628 49.629988303749656 -3.349999904644064
19.649949990068112 48.21006375776892 -3.350000102044086
20.879040211464904 47.50080362636363 -3.3499999076442046
20.8790435308022 50.34026686862534 -3.3500000210440772
22.100960237798102 45.37941302160581 -3.3499999646942404
22.100955609113264 43.96052021561181 -3.3500000017324325
23.330049123317206 43.24999379831504 -3.350000049431298
23.330049627793816 46.08868294652769 -3.3499999050848803
22.10095650647486 49.62946800416698 -3.349999906913883
22.10096022200174 48.21058577094611 -3.3499998974905765
23.33004962556943 47.50131699377943 -3.34999990091549
23.330049187486715 50.339748153148015 -3.3500000455031334
24.559999984140845 39.700510172635035 -3.3499999007583847
24.55999998625778 41.120085195822135 -3.349999899824528
23.687487189766525 49.13217291292643 -0.9045999512862191
24.559999997823716 45.37996684241679 -3.3499999118808987
24.55999999801025 43.95996907421991 -3.3499999169193706
21.211547874271275 38.33604555683983 -1.0435304097027076
5.051967670405159 47.38707903107772 6.189336303215288
5.173564152614028 42.63236271577999 -0.7237094501808983
3.8929367920302487 41.46527300203043 -0.006262612956710045
3.4383598687750836 43.920542833139756 -0.15568925925464439
0.3314729982962474 41.96911355550536 0.4717223772357104
5.399742101294175 41.82298438186245 0.8139302442798235
3.094129858368585 43.06080614836435 1.3426270346443114
1.74083667593189 42.17403671913263 6.009300887350523
7.0686505902851815 49.98248263937142 0.21960191777249394
2.4380005136313305 47.10002565078317 0.7354535503158144
2.5146116421061637 41.52117640562024 5.238515997648938
1.8493228652982212 47.18484103961707 2.672144862371386
1.514099850603185 46.65794854769042 1.5252438662694279
1.5495844722355272 40.65224950290544 3.919542336891614
2.5322175562290936 39.96452178248039 3.1020463553126696
1.001946148437385 41.904339068548275 3.150771674508422
1.5737155019283051 45.33792696670253 1.652903536407302
3.8242873585185477 48.59105737634027 4.88369941264617
3.8946528726381353 43.39080176011629 0.6805350470529148
4.646072968016377 42.23856741055003 0.1450703307608625
4.632565479384302 44.312010135196076 1.5601555634569664
5.087093229246154 44.02081336914383 2.8207119562183838
5.049905609744114 45.570957031267696 1.2993483749130452
5.207186292816043 42.98800973073302 3.1127638362960153
5.650334537340583 46.10235807114894 2.37256034842921
5.610422782588896 40.512362220319226 4.213578347538279
5.643049463591106 45.16176217509015 3.3162362318513794
6.484816750063 41.12487750210075 5.03293731299425
5.966380117449456 47.061636252087425 2.3733106120482708
6.035702741656715 42.33006632989226 5.198081800668001
5.007324256499834 46.16164191077754 0.3961993276942388
6.75663320988621 48.67879295157824 2.452946404031988
6.174721066362943 45.336053674423624 4.24000448211919
3.408635319953513 42.435214418125774 4.681129915781707
7.335288878700674 49.88193654860047 2.029358258313599
5.814753216371055 49.735960888193844 -0.2249226901731083
3.089339482641854 46.80096061633505 5.688185439317033
7.818569223302657 49.094660103204404 -0.41469111378074297
1.351622840885778 44.183734211215 4.236576735431301
2.997357818612384 50.347498019301945 1.399853341985321
0.5449321481216083 39.89817888381947 4.688824277172959
7.504748443901998 47.37544661005415 5.424505580909208
3.1930909736434865 40.658795643267474 5.965344415380375
3.8554824216855867 47.89489998324345 5.99653259377925
1.1979230153962805 41.02665566670182 0.12153906958218941
6.408750020137199 40.51792512692232 6.223312584389266
0.8494032378829071 43.11615730486496 0.2040593353070097
0.6736416290771414 44.76963001359315 4.83945946468419
5.165797621227417 39.01117330707641 0.7342992605563126
8.051538184005802 41.66908163533601 2.8976302231123263
7.7922981564075275 42.78033744233452 -0.061603664365796895
0.59879669216301 49.51125749035147 4.484364622251471
7.521547883057212 38.48545376602429 1.7552887778964377
0.6878944815458203 45.01926934462884 6.15766710539278
0.08705067253798404 48.53096436756861 0.4030357828080755
11.905177919039955 45.45405214052765 6.212026381595562
15.305141589449578 45.22819068349926 -0.3529390432859647
8.501813303798373 45.50412959309837 5.424981758188291
8.785045822727843 49.99206408368914 2.1786749716629625
8.239582980381199 41.132960220676445 4.3137575805462225
8.298540736288684 46.50973202503346 3.6116682307955594
8.558738583929255 40.894383821377424 0.00980575016257812
9.562183690043105 47.67761016454282 0.6629545568605255
8.650678848034246 39.74835506062617 4.296888346787322
8.567411904682903 46.73838090320827 4.894183454416128
13.294010168281876 50.883717782111184 0.38864448383329697
9.910771392572713 46.08091066806814 -0.056933849911025014
10.882128215516332 47.59383635994568 -0.5304350409757363
13.850109783374318 47.32256898734034 0.7028472407571984
9.781011284257081 42.502825533839065 -0.4235119363012718
10.638947201222628 46.02113218704098 2.061803457071254
11.365800016309466 38.99020853915251 4.375811918686454
8.837066527339799 42.079697926633294 0.42988533086402714
9.173806616265672 43.763590141311575 2.2414502118532353
9.223019174940184 42.37787617780669 2.2105354356644327
10.336356086422354 47.041201096998925 0.23430481656827928
10.393505510300832 48.523223163448954 4.306287945923976
11.290141651913327 46.61828249637769 1.4234796395806792
10.494521350119372 41.748221490412746 2.338697703833581
11.243396204593592 46.291351960244434 5.092260333361914
11.802313179036354 43.78571836174458 1.3978831531942948
12.399698334297767 43.35503674005258 4.563084025178808
11.608892182057614 47.48992397914599 1.9950907186189615
12.381100768456628 45.76304901782198 1.0556132977851895
12.452613213449329 44.46626253516999 0.8683838677097933
10.27192021631144 47.483178694734406 5.306979223006721
12.798928084950406 39.96198363682691 2.7473792915410167
13.576344119920826 46.28377309262373 0.5916921660140195
13.54079027510622 44.16476939525248 0.19253826824662257
14.33086784095721 41.0622309868078 0.2653859362934996
13.921500802380905 40.65438360008809 2.7681202568885577
13.86284932596521 43.2092893259863 0.13392252801817772
14.295399643147876 45.28844723390597 0.025465964663826668
13.738650427361792 44.75358808820291 4.321781621565091
15.009835260353801 40.33794819222288 1.3035062752110538
14.998939568775793 38.907458593743776 1.2067893683524078
15.50430329683199 49.525783477112476 5.308822428906113
12.612147723164185 49.83202943879473 -0.07387217473683871
16.066989543928702 48.42852262145625 5.498205582622376
13.599109164662346 41.95921003478851 2.880266270513122
14.488531747332248 40.354602481500606 3.9345823321494144
13.061070180040021 44.214613859067654 5.270417778791762
14.113258096875377 50.33924345290158 1.2559314363556884
8.907956604298688 41.99040710897726 5.1875710938394946
15.17758035758235 47.411501024952024 3.0507280669518666
13.945448379979172 43.56635789506838 6.02225265658456
15.162093486605515 47.724354284991314 6.1947443177699855
22.965773582962967 47.51400739700823 2.5682482872448817
23.941305938759793 49.80582462320143 2.218287809600402
24.359354690650594 50.97521684572295 1.7649876087670624
16.382187526953743 47.58324301574027 3.8819648911740434
23.973946117448246 49.644930153178294 3.2857369129716627
17.438660997081122 48.523008294610065 3.1227976739163354
21.977083702699336 50.06505895401178 5.28897174825981
23.976660062381324 42.100552418068176 0.624230584388874
24.33914657911887 50.85596039280319 0.36085739813197626
23.775825573102466 49.63383799909906 0.04772797091199821
23.918186508257026 46.69185171492215 0.9199732493845925
23.15408227958025 42.0802533858694 5.1545278609486385
20.301800039507203 46.76329653970607 5.720818783034555
19.06389890506337 44.458313775426795 3.445981975901622
22.22516401956959 39.39538145678808 4.930954633343436
19.440421201279975 42.05374962804078 -0.2998575611124654
22.751855456939403 43.465452541518424 -0.32676843553262724
23.366666301197426 45.827649225077074 0.5497307371016968
16.573207636815976 42.717715259857336 0.11969793393489803
17.858443792105913 42.84368745908378 2.189050648823488
18.681819493165317 47.77936554108215 -0.5027121978431803
16.68454466240009 47.38275138842065 0.1673573378764981
17.171704624228774 48.698656747667414 6.234379895921508
21.816967313671242 41.89079010558857 3.001929423645101
19.646761488113032 48.74483188973308 2.100116646613277
18.246176528137788 43.20805018018767 6.150510471234814
18.712834626680273 41.1845148726095 0.302518443910621
17.57994080621567 50.50634243473079 2.9292074601958227
20.84593378521561 42.94500310461688 4.995295895377241
19.328766665674312 45.875760053074444 5.922878711843442
19.674404110785666 47.908220381028215 5.651956607139226
16.446696253213236 40.797992259737676 1.8255202668239556
22.080698942065634 43.162923573684445 2.168774360709673
22.041122955741663 41.360791923054855 0.1858940924556629
17.751901926256625 48.141616953863476 0.39017113909016077
19.5451955151018 40.60113375321719 1.2028441888046337
21.949133216188123 47.538679271850505 1.130045642657529
23.527760201579735 49.00009932179166 1.2842152194709722
22.718798123130085 42.48793184556539 0.5901994853801174
18.698287068453755 46.480831288863335 2.1378437640153347
21.25234760557695 40.375459386156614 5.12022771184315
21.832161113639703 41.95823220129975 4.554703786029256
18.253609623298118 40.22281273840882 -0.5225844900495558
16.970130447407335 46.316241087784796 4.279110688926426
17.514414912692175 49.40536354631467 0.04690011246379355
20.81219527789183 46.59056908666334 4.503901299561166
23.193733536573315 43.99689072441748 2.675369161260297
22.953004206168156 47.74258101517088 1.5025602258408155
17.282673068370475 42.038581547345785 1.1736136580987622
20.887109619854662 43.81953533338017 1.7495543221310261
20.162411082578757 40.02983233931235 4.479408328970668
18.474186513464034 47.92250360067663 2.1075256705007286
20.185758200932565 50.93651009401522 4.852433817450869
18.496874820970703 38.35437022225874 3.9162536197470055
3.669854085820159 47.33378553281454 11.008427908364819
3.2350615144714405 48.78841386984305 7.430245773770641
3.5382313486147194 47.95731298691737 8.5424338846955
2.875421752859753 40.37895403380413 10.30293209703003
1.5310505112775437 48.41467719847778 10.985117113374887
1.1685875380634256 40.67002886355656 12.072492762086558
2.211363865588571 45.36072717002274 12.124191928302967
4.043036717444447 44.56311450981452 8.844350873952068
3.9352889714863815 39.72865596455264 11.281131237183292
4.8119161595216475 43.650898537375916 8.295639164362127
5.05552853648514 38.71406581597424 10.20367093232274
4.796437132360675 40.74137778988135 11.779627338661456
5.637413080464291 46.37235320479068 10.44707672863061
5.260449392812624 39.1912294962879 8.974878471665166
4.104528664476043 42.59999024359943 7.9743018263558785
5.741658308377816 43.001037315101286 10.557148770781925
6.289157241013898 43.35370802045658 9.303913092221363
6.96421720045914 45.8097417434186 10.407726406789328
7.099970223099457 44.721854654539655 9.388471872178885
7.0936643574339335 42.39023491641288 8.61020002110098
5.59721096346253 43.18553940540978 12.954665406701178
0.9769402684187873 49.4745493994489 11.75754299409812
3.986838743105575 49.68646216305279 11.44510283592128
7.5891390982201115 47.59894466794007 8.569993288728705
3.953775713702963 50.01419333246089 7.409223099711493
5.201774905718011 44.10829957815388 7.160492228834492
3.315448679589289 38.8082668584358 12.21931934013055
1.4033644725180447 44.68985944413814 6.896579691288624
1.3538784314306238 40.455704820120765 10.635705425117461
0.757360823283926 41.99759158202496 9.900082782559405
1.6167789385764204 42.96625007300465 10.08743569261405
7.992737285338409 47.22113239229939 9.754138150899529
1.960131925860619 50.463075452177435 12.381971400237818
3.3399584807776685 50.885127319155416 11.773121684212747
0.6107501294868247 39.41478070975777 10.08704514280716
0.6075125890972405 41.88296525395463 8.616550231313644
7.7119730307821674 50.74114877024242 8.31942660499575
7.845528963112525 48.38203443733751 10.465111260149984
1.2471127718664565 46.47996804208256 8.449284810564905
0.10107120124851021 43.64607354597383 13.168483423384949
0.8518109845538151 50.16705812741475 6.961059238049674
4.74470864784107 47.201479708174446 13.150934425932466
1.7646281381066093 48.898651529120144 7.031508192615727
3.24866293091508 43.445687965379825 13.271727151493312
0.33747292185454547 48.62620182318312 13.224883860838366
7.586835584651771 45.371363441199094 11.636054135670715
0.26001048414827577 46.15343388605711 8.77655307762345
0.4850764017901562 45.1053474134433 8.973936153724528
6.248050525905315 38.47504516483232 10.674787204230064
8.500007300784262 39.16716235835053 12.105270500120671
8.452287873165684 46.02691856945137 13.075293396145009
12.256469207490909 40.24188243769783 6.275996715016696
9.288570230406759 46.938715180412444 9.681092242449234
9.052207093610967 40.20223909890414 7.592072743451083
9.213166045993589 43.06661708283506 7.633335039025853
9.876135245630026 43.01727925671088 10.202736959696214
11.641348893212319 41.74275682513586 8.142185959050071
10.832388258308121 42.958928253008175 11.254006339231003
12.457466314240756 44.47268676818853 9.58330472265598
12.062340282941848 40.42218091761172 7.737116388537268
9.739804651294012 39.43662351734905 8.561360228310694
11.264907093874795 39.253538198112246 8.375320119390352
9.367559504936537 39.671479407074195 9.934670883183333
11.61177849514324 41.72686023423751 11.350158212262393
12.035823912847942 44.39375192698013 10.825533824759821
12.233725929352799 48.65604768601652 7.889370046158932
12.737736873937608 46.3070326653203 7.014614473426622
11.586379216904863 45.57227092246593 11.182132924581683
13.790574865306873 40.31131151219805 8.553705785777105
13.75573667015648 48.21863674786574 9.409611886450234
10.940877404643865 44.57942834228193 6.8647755891945845
13.847699127384299 40.95262261873911 12.111739397648604
13.630984508598852 40.10311505285985 9.785281400562276
13.870352539454833 47.32622509849693 11.731580054660476
14.52561889943921 41.40017876066003 8.434342346478035
14.668978639907673 47.92787634478111 10.494587978080736
15.288432106317883 45.61287355205059 9.323508028824742
15.911425043086453 46.58177895229353 9.850512950794672
15.632722103184564 48.96612012958452 10.78835214915747
11.099615037688404 49.13838290574374 11.619038038475587
13.16768161485856 44.16651416625334 11.458375947849257
14.469680399432212 39.32211024429597 8.072766793408448
10.754532247815066 50.41524276137262 11.728940967897781
12.961257372288436 38.82805154431362 12.91329426632669
10.200041428989794 43.32231390493423 12.63323651049786
13.689023735764687 47.848217814502235 13.212420385475989
14.129308472747125 49.228895305090994 13.309592672323024
8.401211868588193 41.477033914080664 12.588767849315749
11.14835719209863 50.82288912843832 12.943906862645324
16.120457834166828 43.62612264888745 12.563478391791703
13.229978638784434 50.92619609914205 7.250032554972888
9.469510487657375 50.33632035863732 11.870670881577182
10.224800975269913 47.84806217920236 6.686655089407386
8.953224936178279 42.57147105759115 13.272395317485202
24.54822582249916 44.33295119040781 6.790866043214589
16.448277375377888 40.932096472585684 11.52622846739228
24.50248571686469 50.70885590382689 7.123268612708122
20.94655475387844 40.362915460601826 6.424510017191612
16.79886053918808 46.99215165373294 8.972395081985209
16.759105866501255 44.11885437812622 7.195192121741113
16.672457403232244 42.07775238107602 6.916228884709956
16.684756071780804 45.962550745982696 10.723676459091543
22.556875166345012 48.184408590972446 10.246118957784452
23.560432840933228 44.903909950199335 7.704610740139081
22.983637349497997 43.52848500496987 8.86844778384887
23.485662171558157 40.283685137303145 7.444172868217577
22.148810918128586 43.859883214125205 9.832871317710008
22.994941504751704 40.11347844922128 10.752914661210799
22.501990110496028 42.44802179582974 8.278453039868396
22.254957256024852 45.323834833990006 6.925553872277223
21.1148177446725 48.34435555971066 12.359215751950611
21.48081292280591 46.64187582801898 7.041000845422618
20.61968980693482 46.669495929157385 8.257595194248434
17.473735374168164 41.87827296216619 11.155577012678627
17.46894207170693 43.053261984052135 7.225209304938794
17.29478998736635 42.6317989096744 9.822473300106159
18.389016123888304 42.866038944521456 8.771713098597347
19.066571899142783 44.10740612920954 8.993912723815946
19.212177606148988 46.411765755855 10.079094974158316
19.039263386104814 48.81159605683444 11.071245450141458
19.16982100621937 41.723566831758916 8.441712784897213
18.864552160397448 41.429351164651514 11.173942707758254
20.050451753325945 49.378395058986094 11.861298405151432
20.83176843244645 40.87918020819576 9.918889735944
21.361668587500766 46.14416388725915 11.19231432817229
21.989019117741588 47.47377331182853 11.380922293521994
22.456505260930655 47.69434293902986 6.898622559867244
24.21948164117773 39.40247922440159 11.114411305150561
17.353103940780752 43.189969128352814 12.446415022109763
18.07262221562801 44.251667162930744 12.047249313473824
23.494428338194847 46.94334114835484 12.346223561033252
18.022015356708458 39.13507576331718 8.679029834590352
24.106062293837805 48.54475725312804 8.354905816231385
24.225806533855422 46.3101127296856 11.506571592333405
20.6025670576703 50.58523436790261 11.35203437006978
18.068335952305908 50.588279699916555 13.074817565596668
24.03097341780312 43.075494474694786 9.574057759766891
24.051156530676984 45.86858955273289 8.695292792529436
18.0209540668677 50.57065590804779 8.575442159408603
24.075042310379587 48.015969278064276 12.830487737599077
2.5164790856658996 44.66588637369754 13.340525941423207
8.099608691662667 48.49179448003287 13.386467495883727
5.3836624989280475 45.10054462188842 14.309190483416284
4.149818862200033 50.552481994958775 14.242508334473413
1.2224924938110584 47.99717526504325 13.972729719273435
1.0456982959016319 43.20794737831561 14.96686533240443
0.8883634297230381 44.16410785674108 14.092447175247408
1.4291351387612352 40.976521761807284 14.3957493382592
3.0441863668023426 45.72877852282329 14.243541646507392
3.699055013476874 40.34746316387072 14.924915633090103
4.674353972843542 46.256596000141975 16.832515590865402
4.519397418354649 46.21783266435696 14.199454558674383
5.055937194087127 40.455091166728195 15.366509093959378
4.923804626394781 47.038155627533314 15.847534485610728
4.369313954713483 42.88282154893576 16.228569299354465
4.991669167146261 41.798483299488176 16.767346677572835
4.343684851747722 41.43292446696651 17.852089787277002
5.670909935843906 39.132693467300584 15.913224635908769
6.198996887948144 47.203332159623706 15.985095812918088
5.920305685163368 41.16014551725836 14.474293608277883
6.106902240012255 42.27092475492467 17.278763761905815
4.193910187088704 48.134781073040784 16.22876502077741
0.11835233453052138 45.05349270587128 14.744526438899037
0.7984164728819777 38.57832378028752 14.21606450940897
7.994248126662176 43.44759554215472 13.908176666096004
0.04004295208754627 50.50695678610352 16.216661835677503
9.194323822250295 47.568137114599296 18.089223283402426
8.711484641290749 47.83560984961799 13.987657609828013
12.35710232639769 47.59943445374714 13.706818319072106
8.858817333287243 46.52631336960153 13.85339276750309
11.084265828674651 46.03108962233153 17.000279936417975
14.961611654202041 47.464053050232636 15.45230061470124
9.553407653253833 49.12656043962587 15.575856899683812
10.317694321308304 48.89585914036412 17.774681899902987
9.455697401814584 48.18478168168319 15.056332619341848
8.918537855744724 41.244433708645694 15.638955210374188
10.680447521323732 42.464521203800835 15.28158528219839
10.980916994737774 47.577410055250006 18.65247882170734
10.237429663984459 47.81513301496287 17.891680304677024
14.873957153901479 46.907873632032604 14.313761364056154
16.117546651049615 46.92912754714763 13.824641934999399
11.758209458936378 47.563666166808446 16.45292054544759
10.832717247632718 47.05442123288587 16.721683944297133
14.505650284292363 45.61599913917075 14.442587184538771
9.773493989675977 41.708307646533584 14.742172368899874
10.402592424894989 40.622525570316135 14.393567933372717
9.653770943724163 46.046953318223245 14.787144341831098
10.075988249459954 45.053454202378376 14.754098106489236
9.96769700261396 47.06054906604805 15.570808211494207
23.218372523711928 50.59702122311198 13.62284483203937
20.528594610794688 38.534516508305096 13.51411692178242
17.861103852909412 42.82489349882748 13.62090496357039
23.285964649524686 46.19915546483464 13.401669180222077
19.14471672578602 49.91393505980076 13.410585036312707
24.212340684785904 40.63156522865292 13.538897222458337
18.78090978258614 48.91253360975055 14.20309106596852
19.87473502328712 50.66235737601685 14.191856388058024
25.78995066402006 0.7102494583678203 -3.349999892343656
25.789945956733636 3.5405444049782964 -3.349999886659644
27.019005329206788 2.8389194275273586 -3.349999891771157
27.01904362615062 1.4204752474789573 -3.3499999092290365
25.78995085747943 4.960054241181723 -3.3500000479415326
25.789950886125464 7.800000290066096 -3.350000199868759
27.019044341666785 7.08947368539194 -3.350000302393817
27.019044000697228 5.670528878739666 -3.350000930327689
28.240956782140554 0.7097304900549949 -3.3499999504373745
28.240994682650776 3.5410818359322107 -3.349999886368553
29.47005401807499 2.8394568056866087 -3.349999966173719
29.470049257044533 1.4199571625060394 -3.350000109403336
30.69999999162647 0.7102807014093497 -3.3500001271945457
30.69999994726795 3.540510208058155 -3.350000642048191
31.92994600236606 2.8394567631490837 -3.3500000571460733
31.92995070951579 1.4199572320418683 -3.350000025666212
28.240955512521197 4.959536538177908 -3.34999995531808
28.240955649624926 7.800520184659788 -3.350000005290558
29.47004910126219 7.089993810320103 -3.3499998724311264
29.470049223406825 5.670008657251102 -3.3499998620611295
30.699999989364617 4.960085241957968 -3.3499999843939676
30.699999973713325 7.799969084805513 -3.350000076232591
31.92995090175426 7.0899938032608105 -3.3499999355302315
31.929950771268505 5.670008652991512 -3.3499998792966004
25.78994995880116 9.219935119247769 -3.349999898765086
25.7899499428142 12.050064857541178 -3.3499999251990573
27.019040240722592 11.340803656142983 -3.3499999521966197
27.01904022584489 9.929196315335291 -3.3499998869747794
28.240960245624994 9.219413051947908 -3.3500001608795826
28.24096026432335 12.050586937373694 -3.349999876367218
29.470049647936364 11.341317051773018 -3.3499998883470363
29.47004964971217 9.928682949108131 -3.3499999042513573
30.699999988684947 9.2199668609978 -3.349999897723177
30.70000000257641 12.050033122844287 -3.3499999099657183
31.929950349080904 11.341317059638424 -3.34999986169779
31.929950357393604 9.928682950165813 -3.349999904801415
24.560000009452878 9.928651873235788 -3.3499999028384275
24.56000021696539 2.8394909750951927 -3.3500005683713074
24.560000013323215 1.4199261029509909 -3.349999966428175
24.560000027875095 7.090024985579295 -3.3500001253140175
33.15904329091391 0.7097306673374599 -3.350000494477545
33.159005323205825 3.54108183008804 -3.3499998740855466
34.380994665256615 2.8389194224141976 -3.34999985986037
34.380956368224375 1.420475300698683 -3.349999988745622
33.15904452208645 4.9595365573891375 -3.349999873129872
33.159044364985526 7.800520212536906 -3.349999884305157
34.3809556869861 7.089473637479559 -3.349999866640232
34.38095597016899 5.670528953243939 -3.349999881569911
35.610049372180285 0.710249493638922 -3.350000027555743
35.61005404639293 3.540544357561659 -3.349999966061797
36.839999998699405 2.839490991546856 -3.3499999150514315
36.839999998369485 1.4199261575276316 -3.3499999012121293
38.0699506715918 0.7102494599057965 -3.3499999126876965
38.069945956248176 3.54054444159728 -3.3499999446496886
39.299005375293014 2.838919465235285 -3.3499999520072588
39.29904365248579 1.420475249232058 -3.349999928607721
40.5209567837739 0.709730517290881 -3.3499998829153474
40.520994679168005 3.5410818494466225 -3.3499998284635346
35.61004901704858 4.960054287153775 -3.3500003022154603
35.61004905797587 7.800000222415558 -3.3500001914219824
36.839999985014394 7.090025019485069 -3.3500000286231693
36.840000055489305 5.669977417084015 -3.3500000826738194
38.06995094408908 4.960054260445085 -3.3499998452821025
38.06995091713919 7.8000003282187 -3.350000287855713
39.299044360631626 7.089473638696415 -3.3500000467418767
39.29904398263968 5.670528911095036 -3.35000001380879
40.520955488745926 4.959536484462314 -3.350000097198995
40.520955648610034 7.800520206486187 -3.34999985619708
33.159039758684365 9.219413030193243 -3.349999873594469
33.15903974619904 12.050586933945798 -3.349999871497704
34.380959763887184 11.340803665494322 -3.349999890545172
34.38095977861618 9.929196320201681 -3.349999848928821
35.61005002749345 9.219935170792008 -3.350000048006515
35.61005002879811 12.050064884011475 -3.3500001086839237
36.84000001793925 11.341348076102886 -3.3500002442992303
36.84000000621554 9.928651895044414 -3.349999936007455
38.069949961717626 9.219935140056524 -3.349999924136784
38.069949977013124 12.05006485645747 -3.3500000015020968
39.29904023852208 11.340803671178046 -3.3499998495276295
39.2990402244272 9.92919632346633 -3.349999841539052
40.52096024938265 9.219413026745263 -3.3499998386333942
40.52096025662469 12.050586958618384 -3.349999867485929
38.24377223700911 7.001358603760692 -0.8671719840155212
41.750054051158266 2.839456833963068 -3.349999835944936
41.75004924683851 1.4199572121902233 -3.3499999776915446
41.75004911830911 7.089993808164419 -3.349999907838208
41.75004927088688 5.670008627795373 -3.349999966870275
42.980000035199275 0.7102807354097428 -3.3500005200783898
42.979999956678036 3.540510213377908 -3.3499999189805774
44.20994593893141 2.8394567719817565 -3.3499999621194587
44.20995074423389 1.4199571935221662 -3.3499999250794543
45.43904320992681 0.7097305457995227 -3.350000056668019
45.439005345164304 3.541081826925133 -3.3500000137128927
46.66099465155444 2.8389194316806354 -3.3499998723723157
46.66095635199434 1.4204752528627083 -3.3499998788734686
47.89004932201951 0.7102494592329232 -3.349999899085959
47.89005404800088 3.5405444020861676 -3.349999892388028
42.979999974111614 4.960085210359614 -3.3499998766045747
42.979999947713985 7.799969108846934 -3.3500001534018997
44.20995090805954 7.08999379581365 -3.350000474571584
44.2099507635778 5.670008626966124 -3.350000002049267
45.43904452075419 4.959536578926143 -3.3500000208217062
45.43904436989953 7.800520216294551 -3.3500002540634357
46.66095569108453 7.089473621462365 -3.349999933249711
46.660955965599385 5.670528956536835 -3.3500000056470833
47.890049045087636 4.960054257546945 -3.3499999422994486
47.89004907648181 7.800000279285944 -3.349999862744757
41.75004956721928 11.341317065386642 -3.3500001431338964
41.75004963592752 9.928682932431327 -3.3499999274501913
42.97999999642901 9.219966852599637 -3.349999922032243
42.979999910867896 12.050033283500811 -3.3500007959809084
44.20995049566184 11.341317013366316 -3.3500003726864036
44.209950361574485 9.928682926796984 -3.3499999363861956
45.43903976318586 9.219413049948606 -3.350000003296655
45.43903976967003 12.050586950600813 -3.349999858020251
46.660959774783215 11.340803666440548 -3.3499998441624337
46.66095977728253 9.929196322994711 -3.3499998415110435
47.890050036281494 9.219935127204584 -3.3499998766981696
47.89004995487439 12.050064903391913 -3.3500001741329664
49.11999997791987 7.090025080408939 -3.34999991598508
49.119999989544 9.928651858068196 -3.3500000374015015
49.11999991974317 5.66997741540395 -3.350000468916826
44.10084339679664 4.093604488240236 -0.8364917493745572
49.11999999791095 2.8394909886618773 -3.34999986946913
30.102924268568273 0.2281619744371694 3.6914439457012813
27.39758815008922 11.199370782667257 3.3028021394970795
28.493685164087893 10.69402924830373 2.7767559197330396
26.145258055413596 6.316922992635445 2.1679118757324476
26.431346056540182 1.9685437676521282 0.5144819948933788
28.115690635803777 10.38774063060251 1.5580063572358993
28.218416428893256 5.7039032410053725 3.7321601955234387
27.64723328446296 2.3331473307660007 0.5963874660550428
27.67398707456634 3.5396110299823746 0.05444483952243284
27.710168824756057 3.434605244820461 2.9854324782201425
28.30828966968372 1.4157529062815708 -0.190647206888217
28.1428849793996 1.0609688937924628 2.767814335354223
28.4268081636761 8.472655105027728 4.1332639391773
29.261676067763002 11.760665831276018 2.677231942665008
29.45351239190264 9.379423865350487 3.6131027275165306
28.358335432836835 2.38991552467095 2.2719804163899204
29.843908665328094 2.491398795668758 2.0792215848100417
30.35788350471457 10.009523407895568 4.562045030028711
30.119969025068563 8.661137934005945 2.5128746321886974
25.3671526337651 9.036786468581074 4.530996400257738
26.8161161973377 2.241123326237952 5.5776435835208735
30.936613667877218 3.54933792057628 -0.5702334181726876
31.668029739136433 8.663977604272622 2.2671467492148656
29.96737863615138 4.999170563588968 2.1742586040066234
30.747274983296688 3.795220741392358 2.0850462514214563
31.464346697738314 1.5154736991042397 5.343938772924082
31.756262935984644 3.6971764493929955 0.4647217123958991
31.036154059299708 7.876698717434835 -0.34076809245093487
32.25111356086273 11.502331381999335 4.2486774714691835
31.81529259748082 8.716683449106512 0.4175146834762211
31.57214912785534 9.934458902222485 -0.06833407854996643
26.30617609698012 7.521104028968381 -0.4327398302623031
25.438987063775926 8.996964738515295 0.7669734132835571
32.33813766143266 7.451418773537556 2.684920274514023
26.3733014287412 1.0571811761898304 6.014847311960048
32.38057761582066 8.303061969844727 5.26948073099283
27.396664128288556 6.385949313502703 5.831844785888663
32.315837229850054 9.890557617064523 2.4841186772164106
31.713965591482978 3.6654534388197977 3.1622578101948395
24.853450228198604 6.505230721773405 1.618243545286111
24.77025824762181 0.6870588888160278 2.2883405838176962
24.703554545313978 4.950068983864789 5.172674814881921
25.180092863895517 7.746833121840642 0.2936773154904482
32.73306534891297 6.369268166519848 6.15582616583197
24.864924448137646 0.4938083688381801 -0.2868849783453653
30.755174740364602 7.144772957463787 6.0966719650055
26.47079109363486 0.3052288355662951 4.906503257689286
29.85443330009034 3.8965392920333954 5.995449298257391
32.33396603803657 4.8990091885805445 0.2926896037004445
24.672717679841217 9.854977877248215 4.652334413937106
32.05922604595609 7.5204042079574505 6.235568753222015
35.997750524627314 11.467286385686782 -0.7433706668936346
36.027702174826594 12.485126733211773 0.6172337989694843
32.76394123344996 2.848523805383081 0.22550067893390202
34.460829869186895 11.871298426030172 0.06302445130250467
33.067702462314834 8.401535618596457 0.05110029957578477
35.822578633980214 8.269859286900832 -0.7646666787086864
34.931593546284354 9.753134361050952 1.2570790702281232
36.25709422591399 4.800573402995469 -0.5352871609367937
38.386876223240456 10.168239432791667 1.9918265573742544
40.3004386319125 4.728387266715789 0.533524557102234
38.95912399220723 7.6318774638944165 4.452365931907622
35.436760530910824 3.076557966556865 0.40870202634385344
33.56091226456782 5.50014948445874 3.8515227377939123
35.29842314350822 7.296177253772913 4.72564948603611
35.87836973597109 10.585610030178715 5.24040889668954
36.505781244740355 7.930975211913834 5.138761325038329
34.90312543826624 3.624360505874394 4.256481664769315
35.94956442397478 4.708406434645251 1.5095177544498117
34.78176621727887 10.921835764440438 4.376438487646155
36.60488959296387 9.375130367073057 4.578694285522352
36.89736443687428 9.479303398677569 0.712523119472821
36.364147699175696 4.000068515520953 0.5284193032435747
36.74850402208027 8.485674222980139 -0.2523327162830846
37.86904781914784 7.013019067906531 4.3150239389627245
37.93857551310356 7.840420334626534 -0.2595286909808481
37.98428736339069 3.1807448275622163 0.8714259885053643
37.813407305540785 2.443711316050211 2.1276914813882186
38.81525192350798 8.516588930386177 0.6334915297556976
38.101109333628905 5.787125679561425 4.795689781773694
38.319754492238594 2.4332533530269957 -0.28527147901614924
37.63435752352072 6.986279316498822 2.9854245898646816
38.09716420528393 9.421549355467947 1.26731232346608
38.921201932776 4.423366912891103 1.0682841089147743
35.7857688520701 10.416077371668639 1.119270825055123
39.78597803935296 8.351141587776693 0.8580310248430478
40.698481043207074 0.4091009026508325 2.5699628179308487
40.46108523915766 0.1790451930908998 5.571388269906301
37.2094038738493 11.874998461703154 5.094770755924323
40.531736531725926 1.0244722694313027 0.11026994157934844
36.26853329140574 0.7119383793746779 3.120801566868355
34.54146470459487 2.761006070550942 5.359451393344889
38.35526274442389 11.6324159625677 5.77349149824686
40.42136810243735 5.85332196696569 -0.38613590912958684
35.50823177276805 11.613306479836782 0.21951537193265813
37.64358639558604 12.063283042570692 3.8832515490074195
36.09029928488056 10.775857633107671 2.102082800580707
40.457888145156055 6.154393745280792 2.748538057438429
40.63585824548265 11.020950610224817 3.3686836223629077
33.93043350759231 0.6372533590498594 2.1688898420873235
33.122479705907786 3.146954178066815 5.875038276251024
34.83955888925863 1.404400544433661 5.224394648057755
40.84802198789422 11.38378000362824 -0.006242582703976929
48.40575057254176 0.0018079497825236554 5.023602685779193
48.55395467036331 6.263785990194561 1.0955555917740867
49.114982772649384 8.531209608338418 4.644337270846042
45.81353734074463 6.606936798988525 5.197650788538062
46.57834349438798 9.668341305800105 2.7796565363217827
45.17047412640378 1.9752544763544158 3.5850782881337517
42.201465821255816 11.620704880858574 0.39440390140576653
45.65540962883596 7.949785947579483 -0.14763601036555274
41.18526639643074 4.157136889501289 2.829384735672924
40.9921440022001 3.522187975433076 0.15031482847891242
43.92831812879447 2.1865681857566566 4.106936099551156
41.133547370786836 5.241959419772555 2.0757883202013305
41.92864873027013 9.228454212104175 5.056088266021467
46.07366078283086 5.479450714784305 1.1033311478166519
46.30221326118243 5.429715205753949 4.020403946330494
46.47133531900111 7.117765018726033 3.6839549962628446
41.92906522052332 6.788650236677508 5.363066635189617
45.16151847091258 0.4370454099060187 2.658497819899648
43.17008863744077 5.4920885509768755 5.092601508674852
46.668279939474985 12.200771510430553 3.21218091728267
42.34881600263848 5.84647714740653 5.715514008483748
43.275897756958294 11.54652088428192 -0.5343647890638337
41.64418537023585 5.030687506133402 5.554011893002869
41.33653325296452 8.970490603256849 2.0466666598204886
45.69106600285331 5.484988679529701 0.08269871328594802
42.59935300134934 9.000301549941502 -0.29692359464497997
48.210142176956424 3.218004302027234 1.4043005568718536
42.69732633878606 9.713830934093373 4.09514832222754
42.59297128311244 11.073408737077644 1.77790954115987
45.3672806387754 12.508298081769619 3.41937967947725
42.35954065316124 5.746678800442305 1.8835829113248403
44.73807373042807 8.92606585930993 -0.11075368414489417
46.53835736407901 5.359616904085285 -0.5914520622083996
48.69836538052459 5.9236282770752995 4.537117683571963
46.5951653864895 6.376730520326599 4.473659996082611
44.060196954994574 0.506388283569582 1.68137800155289
42.83206802714947 0.5909839387503877 -0.4044306929483643
47.99663668141674 5.768008952616193 6.145207433677289
44.258990232285214 3.976165061903759 0.9182285215280683
48.43473099206668 7.756130299712178 5.525965000825654
45.39880446933616 3.0742194787900115 2.877978605189605
43.505804574241225 8.413177890351953 -0.29132409618737753
47.0182571353756 10.815091437170771 2.06835695711698
46.38869139587237 11.228603691386654 0.8872155799555304
45.01810808385866 6.816139474976693 -0.213394002031021
43.689543277115796 7.127468748587922 -0.3085083242307318
41.667813638946214 10.237213011068665 2.679773876403054
43.37500027069053 10.764445044063843 4.586080591681201
44.97173785704758 9.90804022358627 -0.0757190749301817
46.51859357087627 0.3376322047713407 2.1858680487880577
45.43643168284151 3.248664539435333 -0.18099994760697902
44.81078049538398 4.124685335397333 -0.009979016689065645
46.07226470205338 1.9217825395897659 4.578454360325316
46.70841737186375 8.059870132959992 0.06556850486230559
47.96230110521766 6.345555923939465 5.221432263456101
48.606124004380696 10.690067918161278 1.8932795757075438
43.07519579631833 6.239606790926566 -0.3345528441619683
43.70005968534011 8.925980369091828 3.7747112887293985
47.167999443323524 11.95395677720414 4.40671322276332
48.94896683290123 11.625182768182956 -0.5096918534740646
48.42006865056824 9.874588614457092 6.2209069105628085
27.26060984869121 6.367564443030185 9.466445529931072
26.61544975927067 5.167261289531415 9.90763639345763
26.636505481914345 6.791835925885244 8.102282693577735
26.714027845967546 7.560056839597183 10.78384866192984
26.705834333884287 2.7198721918121924 9.346742776057868
25.452538762626837 7.767749174274683 10.768818690984704
26.653306398209008 5.822463834551886 6.9189127076230434
27.04780628775951 4.494469648105501 7.278305186698005
26.923818718616683 0.02939737192794005 9.553471610749476
27.15027155651813 8.758164966106854 10.59341891520332
28.51631980931517 3.0388906792467734 11.171526052550364
28.706846791642693 6.49318181690041 9.511939965137246
27.02571704189142 7.207036180330122 11.97261224840255
29.35744769804601 3.5395633898254304 12.22100353509223
29.805990747472702 4.883365912494634 12.17020190765111
30.834541219427706 4.297130971563016 7.860961098113332
31.15839536954106 5.815705425182121 10.553952030159744
31.329957590918873 9.557825735659094 7.841206866224456
30.58516137099845 2.6729564921566893 12.504326501294415
31.744219638875474 7.326327941519749 8.777765316535625
31.98409006645185 10.982196021288306 7.847831366615969
32.27582335794388 8.323582504015528 7.9224600931844025
31.71443341735556 2.4350291909963038 11.488250481538227
29.781672201906325 11.774842281209638 9.070043847403548
30.549424159039088 12.207253306837796 8.092472203173322
27.11515141795253 9.8495320554565 8.206694276026035
25.103194027726214 10.138618415262213 7.216968050279894
26.659785758652138 10.185924566312009 7.275253351696259
30.56561700642171 3.316790440482783 7.015913606327006
29.62245021044735 2.529119477976241 7.594779519615928
24.800515055802403 1.996821364220118 7.82628541486404
32.553504513802814 11.241799656183474 6.576513251542496
25.258790302320826 1.7460026054397715 11.410191266137023
29.860127511058884 12.347776188622896 6.978999790040178
27.341005725215737 11.462399886287562 12.610445183138243
31.80195803167576 1.1606575966327008 10.879573072515232
24.646170050466104 1.0898585917234054 6.74696456099749
32.00892366526858 2.2174904183923116 6.478336793887366
32.384268447339785 1.5529562966300916 7.7101960637710265
24.588890186163194 0.48365299356043356 11.552408914876585
32.458546718579434 7.618646280741895 11.79473398104721
31.90453125857581 3.5294713504135733 10.557653037057884
30.471063555468973 12.671651899030914 12.282264527438144
27.25711276305288 0.5586794143989192 6.866562552136937
26.8416615993053 11.253995592431082 7.1558989963501505
28.64440276833577 9.116594031260572 13.185900876025316
27.20671838256757 9.575840255632226 6.556391863727872
24.884653883408664 5.669640033984841 6.2992872829479065
24.846864120892665 9.160784765737672 7.624688951559497
24.79664710841402 10.892676506512796 7.941899344923728
37.13589963258093 1.3614432405123338 11.779940566004111
32.824585924821434 11.10583159399849 8.975027942587888
38.598136626000546 2.2995202444569345 12.070573829501052
36.8172969624176 7.900235762934679 6.55106735113609
33.679457506261265 8.552254733630507 7.972104532309366
36.194636762209605 8.130823621722119 10.840164117670401
35.73619375390433 9.277026432393047 8.697499949199617
36.10441303958275 7.628106243317863 12.1664631040288
36.10062500265521 5.033412467401394 11.468331991670754
35.832475324554814 2.479794395087782 7.791386100687422
35.7225218918976 3.3451482946522852 6.746716931094062
36.816678419925196 5.8701687850071975 12.051340344904403
37.40874256978002 11.486601140215798 12.49804210977113
37.90440684051881 10.261140321681152 8.492471985667159
36.075654177915794 11.558755254606247 10.446635050326822
33.790440161587085 9.617836964418569 11.937732182411994
33.477773508019865 8.341363834754455 12.493465844290277
38.03934623014962 5.878208853185909 11.458007009364177
38.69568757531281 11.757368352929964 10.361539983781913
36.99279311222601 8.360579361835002 13.055403497619432
38.85782856450868 10.476514469606801 9.534399539110263
39.10883294320947 9.459785966266198 10.431238648723275
37.330967107217845 12.006811491399247 11.11416522471682
34.738037225509515 7.516615178516836 12.859537551700155
40.216803294953785 6.5977560699489475 7.7595898406490935
33.47157682033085 11.850686494301042 11.2055894844808
35.37996020793058 4.516697194894044 7.1443233519387945
40.506498185299904 10.603556139716108 8.605401041978032
38.6113899565876 7.4886951620563345 8.900811559445671
36.954426843746155 3.510173105949608 6.3196539884400575
39.64387887283588 7.179423709591298 8.83212526858319
34.27548614913582 2.232129582888802 11.71947985213251
40.619955633013475 11.71314526295217 7.8246695305340355
33.265981780799265 2.485523893354694 12.571231094347805
35.72924233336263 10.488757820112477 6.66017749010965
39.94406933576287 6.33830841889408 6.747313641251726
40.603632280578054 7.16298408765134 9.890252668021937
40.50741112446536 7.600193429976666 10.795619709689209
37.76545004624187 0.20619763297641142 8.705644268336913
37.07021563265164 5.327361541133069 13.24495980090823
33.52596269615953 3.6667910019654593 13.084411972887414
40.7112515838677 9.517704140832851 7.834743551643692
37.91134463923448 1.578840666630537 12.514463132924705
39.136576211581364 9.445912114947179 13.252809063809766
38.72504023300558 0.40307892251652594 12.86243471976242
40.952134733741495 7.885694735690816 12.656471347107919
48.130654293963744 3.7635659292407855 11.448425799731035
41.568826129339676 6.4685478944363926 8.084233407780184
41.77434152109658 6.831894540354796 9.369255213264228
41.600241500856825 10.77337507872919 9.39588661207428
45.862648668292366 12.296977287027028 8.400471585622478
42.62762932641064 5.98996580371784 7.2852392541509845
44.941177369353575 11.555455621047592 7.78947890785939
48.03492981280292 2.593195450648298 8.827783308564923
47.56310668009995 9.421064766633737 11.819922427815815
47.41712020473039 8.973634113205911 10.501752662739547
46.68178722118761 11.496224791561842 9.874888001363601
45.70139058381719 11.360146942484635 10.852701411965228
45.52234387523209 7.600603881794464 9.420152510083167
45.95145985001593 3.937436991374642 7.624968300303191
44.6649466114684 3.3996557587650216 11.662066655762999
44.76178150791713 8.758079103969772 10.941228258518645
45.18868207580436 3.7740966224704016 8.58977735448985
44.49857041783192 1.9775074537650752 11.582280063989936
42.736243418959106 6.770498701556919 9.856466963934112
42.395481641527404 2.5508892875389524 9.936248538613338
42.522266513716865 0.4538222004770471 10.486583624663693
42.74581097424306 1.707310614822321 10.890344715994928
45.39912248335492 1.3736468736535723 10.773173362282575
45.8315396556082 8.036523229054248 10.552743900633079
45.81560988306573 7.010231621771612 11.384517108914773
46.85249907401638 1.343971476519471 7.1679952252635095
46.49906857393763 5.069387048253963 7.772005257374477
47.16582080892973 10.052156738686605 9.402678462002642
47.376508155780016 2.6444724142784173 7.441189499163105
48.38990144965431 7.971494971350297 10.11140918300827
48.28508710112404 3.180372550001182 6.452069396723824
47.64545750621449 12.45450864241195 10.241774667747695
42.90869908029948 4.999761951906248 7.643842273487867
41.83896816340423 1.8795973465609903 11.831180411068535
45.20314959089136 4.030734231846768 6.475260892258393
47.35364344687095 8.28173928969642 7.335759959046026
46.73408367602781 12.62199429625207 7.472828867810636
47.2633750994988 0.07055941509886665 9.504960393444945
44.820778248793594 11.901407406802667 13.067374114791338
48.37285878875555 10.76632719012748 6.8283388340262405
42.74459168103959 6.255428964023524 12.698229058981006
43.45982798893128 6.665131019161973 7.484481112645158
47.963857443617094 8.606457485102775 6.505942526233301
44.45667653670662 1.404552345706995 12.968610684702615
27.14600035330686 10.711732462287117 13.362024402954079
25.43307284977687 11.532849527725014 14.309779112177084
26.127715920569596 10.800904759885004 14.352532605323033
24.73938349270596 0.7552647334889022 14.240006291110213
27.72256970210032 2.242140937571447 13.76588083206666
27.806437730245484 9.577604840409208 13.687581679847392
27.27506787025159 4.283010778674332 13.646490630583832
31.64690070645173 9.548500928545636 13.981313103022943
28.05758432056723 7.577150900763756 16.002140987027108
28.26479481946285 3.432862652551726 13.713488413165429
25.297305710311765 6.73322382719133 14.764399493689366
26.092266838631684 6.811598594185219 15.506015432705459
26.388113621003498 5.785375864746295 15.72382633911787
27.384959010598024 7.540605182115917 15.145204814529684
25.47422137850696 9.634749194826782 15.885144910092436
26.24859256877337 9.758744176146436 15.142598948989757
27.18598572128316 8.88827150915441 14.706411056088756
28.865239678431134 3.6127134533383933 14.838110445925166
27.840748414604093 6.899130571883431 14.390972526742265
25.602049672033253 7.204566656108402 16.39672483082117
29.85118984273046 12.612456872700935 15.319503789614394
32.40996256293645 7.793311882093355 14.887992612477124
40.75587820664738 11.527245716958728 13.452631558625264
33.41881875042746 1.5065271151935695 13.500880598934407
37.829696793639314 2.6671540393993474 14.380340585864333
38.81844208544261 0.5565182874438303 14.96864799473483
40.43049443022681 12.068081654577265 16.34007942796373
40.64760854993686 5.917055282547047 14.341815402719051
36.334145902207034 1.5553533474981156 13.96926200526786
32.78040930002568 8.838959129470362 14.183077276383703
33.55676120171871 9.609198066400916 14.846261695172618
37.11775552749047 2.2504882332826397 13.667859540081437
36.52526266239263 3.1188173498153176 13.379663858823239
39.68867262633936 6.559384941900405 15.030690312925639
39.909898650281335 5.246084953978144 13.46237366541756
41.49070303385866 12.650218024961651 13.921981524540946
48.42542812845588 7.723303901448487 16.631637837871676
46.67573271200089 6.304511363337844 16.661236325988625
47.95874887040045 6.532552514939418 16.238800903771285
42.799112597288435 12.483180693111466 14.378857899137362
43.987242453597 8.373551334438218 14.736107928797939
46.32276973937235 11.804516069993529 15.074545518299404
45.41753554530881 0.5569901959666601 15.35417456246305
48.293810961001235 6.371953606035319 14.443703503785006
45.4285509033035 9.262021652914605 16.781078870629376
44.773983721463054 7.112222990782716 14.684821335882146
45.234409903002906 5.093292943106615 13.371134576474752
47.31621005775224 11.225590961581906 17.715551878817926
47.96850378232587 7.69494922864952 14.013556238613598
47.6156029932648 12.229850656479197 15.391874580098392
48.57609154027628 5.554165857296326 16.930845060848473
45.78438100003018 0.8911284468668587 16.558939076731313
41.88048333473592 7.133862886294616 13.447009592310447
44.37981126649248 9.398199368621128 13.833240571930522
44.48551126723794 3.0019431259663047 14.742287710293162
43.53477695069707 8.302971982173045 17.269425476683217
44.13831661120921 9.08194750021238 16.428709547011042
47.53910262482597 5.303913661454122 13.991617569431579
48.72310648422149 11.332323062303075 15.203628044284777
45.24988095244097 1.9353532081302305 14.09765798134271
42.49331863416709 8.04908424005941 14.525751225409508
48.81300501948718 1.3816423799587534 15.278626797857182
46.63431104682989 2.2102458322829794 13.815759151112156
43.59292248080403 10.286924767187092 16.530355122874735
41.14253953077114 5.022262601589724 15.128168353013487
47.483481966243325 12.415012752454386 17.229775391383868
48.03165026950773 1.3311838771749336 14.640630956004655
48.99865199337159 9.764146816392126 13.605915189011657
25.789950901050148 13.469999493747425 -3.349999976065888
25.789950356453474 16.308682938573 -3.349999896016156
27.019039756640716 15.599413042724864 -3.349999909419077
27.01904433426661 14.180520429579785 -3.349999909076895
28.240955686032436 13.469479545542143 -3.34999988866036
28.240959787315898 16.3091963256549 -3.349999908714103
29.470050065089836 15.599935132174092 -3.349999928267464
29.47004912192275 14.180000472854836 -3.349999915511046
30.69999997693238 13.47003068251911 -3.3500000389749527
30.70000000423912 16.308651853861104 -3.3499999462853856
31.929949926640464 15.599935164854204 -3.3499999989509455
31.929950766726748 14.180000496997234 -3.3500006252730707
25.789950368736523 17.72131705362367 -3.3499999029855863
25.78995089634497 20.560006193954194 -3.349999903745615
27.019044363240923 19.849479802284193 -3.349999917059584
27.019039765824257 18.430586979678754 -3.34999991790077
25.78995075911786 21.979991344810866 -3.3499999532878078
25.78994594237778 24.810544354820692 -3.3499999118044412
27.01900532833625 24.10891822850276 -3.349999919095273
27.019044461174175 22.69046348550478 -3.3500002389802566
28.2409597759442 17.720803680064027 -3.349999903422024
28.240955686876973 20.56052634383963 -3.349999923918565
29.470049083743714 19.849999736838434 -3.34999991906534
29.470049960476764 18.43006490145649 -3.350000185917743
30.700000029027205 17.721347995396098 -3.3500006596262963
30.6999999930356 20.55997494259429 -3.3499999200110864
31.92995090492878 19.849999727734566 -3.349999948927792
31.929950003191045 18.430064887864273 -3.3500000691598455
28.240956040482885 21.979471023608458 -3.3500003162928174
28.24099466364306 24.811081798800934 -3.3499999384965875
29.470054045380166 24.109455627196187 -3.3500001045293493
29.47004910306295 22.689945750867025 -3.3499999313933984
30.699999995230545 21.980022644961934 -3.3499999085750787
30.700000027434005 24.810510171676103 -3.3500000767484117
31.92994593574028 24.10945565681013 -3.3499999196277033
31.92995090530985 22.689945751670198 -3.3499999072715037
24.560000004827526 19.85003093211521 -3.3499999107738567
33.15904439878019 13.469479463114476 -3.3500003090872568
33.159040207759816 16.3091963190554 -3.349999911612872
34.38096023143179 15.599413039571349 -3.349999917922739
34.38095567614944 14.180520422251073 -3.3499999347667297
35.61004910827828 13.469999487096041 -3.349999895357932
35.61004963299226 16.30868294235856 -3.34999993104395
36.84000000277592 15.599966856403983 -3.3499999138973555
36.84000000221643 14.179969272486797 -3.3499999023021285
38.06995089857259 13.469999485965591 -3.349999886847985
38.069950369243934 16.30868295517016 -3.349999906965503
39.299039766933895 15.599413037733319 -3.349999906432979
39.29904435232406 14.180520414155913 -3.349999884761299
40.520955677757065 13.469479524497352 -3.3499998768742056
40.520959781935595 16.30919630570608 -3.3499999273200376
33.159040216022376 17.720803673019564 -3.349999909138839
33.15904431525831 20.560526363590963 -3.349999909602228
34.38095564570752 19.84947979593544 -3.3499999027825234
34.38096023763452 18.430586980103815 -3.349999910443678
33.15904402596543 21.97947105725939 -3.3499999064762753
33.15900531384197 24.81108179073161 -3.3499999153098328
34.38099466987078 24.108918210232922 -3.349999914628489
34.380955483559084 22.690463438620665 -3.34999990201017
35.610049616540685 17.721317061054783 -3.3500000338945246
35.61004912464827 20.56000619089862 -3.3499998881532966
36.84000001271935 19.850030930976438 -3.349999877651636
36.84000002402566 18.430033199761844 -3.3500000522852034
38.069950373475365 17.721317067302326 -3.3499999191668426
38.069950892338596 20.56000619114406 -3.3499999107554923
39.299044359922185 19.8494798062053 -3.3499998941790565
39.29903971630304 18.43058700909854 -3.3500000485301307
40.52095979852901 17.72080366059399 -3.350000169016206
40.520955673562234 20.560526369656785 -3.3499998893424774
35.61004923763325 21.979991344789376 -3.349999894242963
35.61005405961831 24.81054434711089 -3.349999921743531
36.84000001488449 24.10948982070782 -3.349999911397937
36.84000001458889 22.689914802641496 -3.3499998980540155
38.06995078604046 21.979991348043793 -3.349999882216772
38.06994595966851 24.810544352467325 -3.3499999163104643
39.299005308250045 24.108918252177858 -3.350000275393122
39.29904449804425 22.69046340062471 -3.350000096573442
40.52095593989181 21.97947100722984 -3.350000308523459
40.52099462698842 24.811081847148422 -3.350000497692016
45.43904432554065 20.560526362975292 -3.3499999162248715
46.66095565093394 19.849479785646505 -3.3499998940356726
47.89004966056522 17.72131703227099 -3.3499999978037396
41.75005005373894 15.599935131731844 -3.349999947693597
41.75004907857636 14.1800004596059 -3.350000247240258
42.9800000200695 13.470030685400223 -3.3500000079680503
42.98000000287956 16.308651862671603 -3.3499999175490194
44.20994995470857 15.599935116106193 -3.349999891148492
44.20995088830329 14.180000469748304 -3.349999867591358
45.43904433372385 13.469479553663676 -3.349999861406303
45.439040222951526 16.309196270159845 -3.3500000134973726
46.66096023739259 15.599413049852409 -3.350000054531562
46.66095566286075 14.180520414460942 -3.3500000035589816
47.890049108526114 13.469999495278074 -3.3499999848157778
47.89004964579519 16.308682938293096 -3.3500000055444668
46.66096025759018 18.430587010092122 -3.350000107387502
47.890049105889176 20.56000617050071 -3.3499999247481815
41.75004907866411 19.84999974584391 -3.3499998998869627
41.75005005607578 18.430064893237535 -3.3499999426175666
41.75005415453361 24.10945562834434 -3.3500003409045807
41.75004915508009 22.689945763381836 -3.350000215768456
42.979999986496495 21.980022667858723 -3.3499998959236557
46.6609946582768 24.108918225939696 -3.3499999048284046
45.439005298812816 24.81108180007 -3.349999869676572
45.43904401672907 21.979471066466434 -3.349999911451973
44.20995088197828 22.68994577023095 -3.3499998765600325
42.98000000928237 24.810510175730982 -3.3499998861844205
44.20994591121416 24.109455671018424 -3.349999844051946
42.9799999815333 20.55997496926038 -3.349999908230311
42.979999999203486 17.72134811141496 -3.3499999319119746
47.89005404670944 24.810544343437687 -3.3499999260604008
46.66095547645768 22.690463444656828 -3.3499999123109756
47.890049204401855 21.97999134925793 -3.350000020050957
44.20994994942559 18.430064879348667 -3.3499999310440067
45.43904017644819 17.72080370502432 -3.3500003051616964
44.20995090365535 19.84999972932399 -3.3499999287174154
49.11999998260373 15.599966841901391 -3.349999923307715
49.11999998442365 18.430033150847496 -3.34999988016236
49.11999999531791 14.179969288206403 -3.3499999159090565
49.11999999209448 19.850030915687693 -3.3499998960009627
49.119999999817786 24.109489829004364 -3.3499999177372852
25.510862815390475 16.201256772141527 6.1531112679820765
30.57123487406291 18.22964406237866 -0.6092634475590963
32.45076016958652 13.06820833781331 2.4111360698243267
27.668158047562414 22.2316454583246 -0.5133251778220327
27.390607628186434 20.209815817557025 1.1786597835909463
27.74076004898708 18.63840960585042 4.785763090268473
27.3351900187964 19.245102978976757 0.11715482851622161
26.88926049950716 21.84490896317008 0.5074842620207953
27.605462148222372 22.52567969401016 4.541077629025962
27.002622106199 22.768975720690932 1.4596187280169082
26.489155040605162 19.929510921220622 2.1976241631895843
27.26975407208422 16.844479888129374 0.7301876402468044
27.848351006230068 15.515475814859583 3.963701320796167
25.66394548413543 21.886810938936303 0.05161164068086865
27.964376394563207 23.705611665693656 4.972659835851139
28.666068298074872 14.868515274906322 4.729073106624878
28.238392597949957 13.614748275527916 4.679677092450483
28.883898579223757 20.31333942380372 1.6737830271623944
29.040130809111247 17.74563374388697 1.9568564687568257
29.784054315012074 19.025212799717696 1.955948565023058
29.54939269210711 24.312727435390617 4.2840003590391955
30.50215878973192 15.017288386334632 4.235246937116109
30.518915494784544 14.665931077820408 2.7089327203413314
30.54518702319605 23.24489399767405 4.5063506117342556
30.986061614236633 16.38921800554631 4.3170637102532545
31.10353461005304 23.44033707294496 0.4199140420206193
31.11369779197119 13.993464642176269 5.034376056847927
30.713974941380734 19.375378174847224 3.042302402419599
31.02003528373652 18.813542094886508 0.5069502235094259
31.68497841853965 19.907593948362983 0.07521600890085245
30.504759440374652 14.832422155607766 -0.2233262437608985
31.677216279466972 21.131955730466125 4.549058894473483
31.472982717946824 14.055511961313488 0.28969933352427923
31.94621654488493 17.93795229037579 0.7755525901617799
31.92193276761979 14.364342841544682 2.067834612616016
29.331846681149266 24.582594218536507 2.787781409102924
30.702889334744334 24.68855338465606 0.4021138795357604
24.883560388875225 14.039888060257338 0.9833667238138621
24.795625751860747 16.523934108211037 1.284581203502061
26.170382929805495 14.014578499158784 1.2968133156879125
27.18170511910144 20.48342970298927 5.8209543208207135
27.006534945455122 24.438414855875813 4.640246117994624
30.420963354635077 25.48130647949303 2.0531576630465667
31.644256237620443 25.413658331446932 -0.18156702186047924
31.00389678055252 12.831931410494027 0.14470631406996004
27.626426828748812 19.264752632855405 5.951088580980467
25.08059480803543 19.91187134442774 4.170896613868168
24.866377365697065 14.005559293698278 -0.3189178535698367
32.497446021514925 14.077237281031902 -0.6056190208987078
29.706504709380457 24.75863234361928 -0.3960586456203219
30.004555153682205 20.08768479855826 6.1825473067577725
28.559873589961658 15.286657655858377 5.935051529212946
31.724282180620737 25.27281943071211 2.637515401927253
35.84396789195638 18.837177723701153 6.133051027979782
32.8147526516993 15.487609691512972 2.0422183834385956
33.455156252349745 17.35992677369361 3.324720480179825
36.86454689350061 13.087480156406565 5.53166015768166
33.79729178933727 19.423718417185977 5.1143272820717165
37.35888944356323 23.490051315617375 5.194249407113928
34.06734405680116 22.86600124529029 0.8299745809452408
40.113636636294565 23.575067806571305 -0.48794128085417166
36.78948979824086 24.31873302612009 4.2089886967276735
33.735852963139024 22.271950248615212 3.763689901549089
36.596045502574455 15.32497176314996 2.7879757730886268
34.50205824140432 20.903895005773688 1.17907996126973
36.7852331783392 17.930901448873346 2.377886400921121
36.12319149991275 22.246484713769213 0.880996904565613
34.93810245217831 22.112670690414355 1.4482085467467343
35.088917218222825 22.402183950243653 3.314519713945198
35.553817546812276 23.82299569271754 3.400742943076959
36.03180255191467 21.386537820976393 3.754088883146779
35.4213179979396 18.26300916515783 2.708953314994904
34.23950019202286 16.108178246870708 5.338544172266131
36.66044657642623 16.147754493081713 1.8072814772122536
35.62740848985614 15.967570044050944 0.8732005297361245
37.43723312322513 18.626845497703062 1.1625331838199937
37.614384112296904 17.937364243730126 3.5328125272486766
37.75445526634597 15.729289226226038 1.2235392461409633
38.09841320719174 19.990390294072913 4.848861836490838
38.55108844627633 20.594187784712634 0.07617522178846703
38.66230651620823 19.6734498967639 1.160321920636045
38.75598512497802 23.531121289959227 2.5215218831720145
38.90217032909142 20.246533770925286 2.4458644723608227
40.46149479790627 21.53918821363186 -0.5102050537425196
40.075972169539924 18.03740085637427 -0.40345928415461363
40.224998390166625 18.609367203852308 0.7918789053206465
39.97172036596343 21.739918100553023 5.096580023227858
40.46851012193917 17.670436292386015 1.7481890279240453
40.27900902088477 18.904547239217926 4.976563559473041
38.03743019653259 24.610067679389573 2.863789888194024
39.0664930964433 23.674969129430394 -0.7327067454106717
39.83360512728731 15.45379011119665 5.509486098480699
39.60332927781801 15.925775018847292 4.565768301547531
40.82983731994529 14.482135947449287 5.9559567831515805
37.50283849680402 25.067309267390502 1.7361008747364104
33.26358240521703 25.360351014045506 5.702784578402737
40.88668512296089 22.441079361535504 -0.3492530582710529
43.4752312383508 13.005766667428725 6.101701607168715
45.88899644217865 17.368693527678907 -0.8082018014611436
43.26901632724751 25.496473283892364 1.3643679400730024
42.23006611372619 22.526339822667282 3.995689068763104
43.266589313216386 14.828136023423802 6.099354836030789
44.07746428384415 13.986189981873412 4.840294132043784
43.23568004251404 13.900730946644572 5.527459355573461
45.19265937987504 23.38329982798794 0.3923652658300636
48.715631761843206 20.579389702565905 3.269880995271212
43.413444152612456 22.993266919844523 4.204569391160467
47.740580508598285 22.587030586031137 1.4005467051643972
41.19021100833095 13.783098056834756 1.4111783370124764
41.04987773326947 24.50860666967358 -0.3661530038381833
42.02339369890932 20.53839558776303 5.786829867221311
43.35212550939117 13.891116779469446 1.3337633860847675
41.74232210984925 14.415049515819927 4.06859295865427
43.935080637351156 25.167188055935217 -0.23266767541821998
47.778646395093354 22.577484894090233 5.445064706440034
41.34075452495091 19.31964752464073 0.7237850679383284
47.25473347656199 20.542831074812124 5.938049338901285
42.10708889744762 22.669061312318966 0.18254619644861858
41.333116629670066 21.863400521514915 5.5107084406177105
48.78108052087446 21.715565018489563 -0.3450956089233914
42.27276133673091 23.97042824222058 0.14980150054575425
43.80561089969538 18.26304380567751 5.112417016559697
46.581799706412745 15.72815125080415 5.809871981848477
42.07298236082339 14.117728243374227 -0.4545814918008073
44.31509526479786 23.096248539735793 1.8653332624705965
46.73236906662771 17.48868411728278 -0.12818351131932082
42.783396285811676 21.907056853568307 0.5408163756669981
41.79439290943735 13.878677118420342 5.016059730582504
42.65371288777217 18.32100115147382 4.486410318064386
41.487317012273884 12.848916431773237 4.833310388416756
46.10972310005647 14.655752723057077 -0.33184247991037474
45.41166359075732 24.468470344746063 1.7270070181348463
47.53049013290797 16.212819438896208 0.0017417823760235152
44.65725425392931 23.886715023854578 1.1973587392036866
45.38205703683027 17.321660663651976 1.5201591736793785
48.012571773925224 13.14068214295125 -0.34738777407044563
48.94441814730715 16.06179926742718 0.12439043240286773
41.536136179496566 19.050806215941556 5.659717146530358
41.54690424870682 23.54461778986821 3.466365331273684
46.14431099687507 18.02747703973725 1.1901710771136398
48.05952552920181 14.12161375203169 -0.11144599474426808
47.369427816249846 13.241635838204681 2.716926362350769
46.8363960219927 18.068898312383894 2.0312433666329763
42.34696104296 21.57214496789091 3.093484849776671
42.27077176279469 17.075028452332344 4.061111881072694
47.1135600663285 14.99726413833176 -0.12670521268262624
45.51190530906863 18.91525802480656 1.1929939472204376
47.37690654773637 18.269823450741868 -0.5312874403180456
48.32178612836544 21.36682000235703 5.795581337007266
42.75729830098411 19.04471472246644 3.4163689227917704
43.43692181483075 24.713963778119798 0.6243769801532351
48.20563504798259 21.472162393618884 0.8722750283758018
42.25386741987433 13.454137837097372 0.6601928111507793
47.103360056916635 20.858163457067015 0.5510097157328719
46.532880729426815 17.876654956825778 6.237104797968286
27.02142885195871 18.560566671180673 9.491320820868324
25.696396368213808 15.180292382702644 11.565793245623109
25.32998675743664 14.780974775504601 10.18445515481039
26.866608293161864 14.086742365070252 9.357214362013389
27.94340520149943 14.949657664999592 9.457979555682192
26.741203888338354 14.024343169729594 8.048929319224175
28.424882403497374 19.509098397363797 12.11007699235704
28.392872271540796 19.010461708487345 9.510155393637534
28.34295012352641 20.18591437752484 10.930477976032908
28.752821107122436 19.875233589034497 8.260519074117157
29.21588192366485 19.18002718633511 6.940586682846616
29.364671293752316 18.033719314698562 9.91635366310941
29.286083361605137 21.049810698839096 10.994598290972764
29.655703288339726 17.843954774799325 6.982173140927751
27.294955142269536 20.932439562806238 11.02776348223186
30.3901431082308 16.02264017469557 8.367339749037578
31.563676376605432 15.81796267482917 10.418767784259344
31.957004812124037 23.643808419941003 8.017633932578493
27.238662048740377 24.661193441364123 9.179930684625656
25.45178142544017 25.057292553840387 8.316938920877647
32.32892389221495 24.903192029430254 8.163727774327729
31.005666590511375 13.42589309194992 8.498589025551375
30.656489212786568 15.22015159731153 12.582324328603239
24.583395851142946 18.145894613116 8.847583649452167
31.961374245574106 15.436066988860166 11.75594206820785
32.73063831388416 25.003012199002335 9.469043056801972
32.487569355531726 15.98874763713549 7.088238421742269
27.184114417032667 12.862145926538714 9.712745461865802
24.976129774260396 15.908645046666892 9.283057932226395
25.5659249020593 25.389291480414272 10.39092946556136
32.37248007773046 17.99727532659409 12.324160861362973
28.64803362789039 13.956657585191842 13.194053438419678
30.060650620909737 13.850647736009718 13.01049761053184
28.540524822099492 16.751856045847806 12.720668808976427
26.13229205927072 16.270435702257952 13.045705291458564
25.48941394970058 19.55465242448536 12.280612730123696
26.71782539690496 18.54034664777817 6.6833495420100055
28.118966438337434 23.672313135670848 6.264714276006734
32.98106233471026 21.181644866923406 7.0101414302338325
39.62032941031122 14.993882535185934 7.627003234487133
32.816815894289896 14.255046001724178 11.912228424493929
32.948029152128235 16.812588623745327 12.545771544955707
34.23666357432597 16.91984351370771 12.132793774096713
35.03020950018268 21.54062934338982 7.029081102896926
34.16311077240581 20.639321443026986 7.289999426745527
33.97398814443325 17.841301890659295 7.123559992898491
34.6739419266991 15.74078511084366 9.145003977604407
34.21555014070187 20.49426366795174 8.586966342123354
36.902736978229115 23.177326014258245 7.737430079190678
37.74150349190719 18.63189637817948 10.607709102808531
37.07105874948755 13.811439243744504 11.350394185072082
34.86392076973681 15.413914204020928 7.870438310435591
35.86062042388797 14.056958010625657 11.83258616137984
37.09513133628704 14.274869364270446 10.116615878607853
37.11564411554916 21.017571339887354 8.935437000887202
38.14991459653219 18.57283852481774 9.310100474369822
37.441023084472064 17.609421772582895 8.725275010494206
37.93985904029063 14.378868023582978 12.13644225197115
38.16370632769059 22.617648230498013 11.429205163653576
38.310341625440245 20.265219647897112 8.641784268590463
39.380758393262134 17.996184769996766 9.357880081703998
38.64448114161786 19.9793190535504 7.300952874473109
39.43596264273829 23.176868071999802 8.707615707322127
39.610412548594674 20.806260993945646 9.341425528749602
39.427803912243135 22.731928969604702 11.294606068446127
40.03591168942255 22.213408232603847 9.58769140965966
39.67069208862278 24.00449877199119 11.507444485995286
34.7223251765158 24.39127286165517 7.3469880306102695
34.66833046932173 14.072823584769385 7.8570922195407364
33.79953209994683 16.413176160450877 6.6931094878322925
36.17569001975863 15.559550868305628 7.564639113254471
40.009266123830656 22.079761479374177 12.313066157426126
33.70038456948195 25.393090031011592 7.074904486908428
40.61772521279396 14.273334607332414 7.198190104201762
39.236282454143314 15.0041655360934 8.561081494252301
34.46901389341708 19.06264651204532 6.3276282827715615
39.10463618735656 15.69257693032156 6.580532183099766
38.13271478978835 16.162926568341252 6.557293960612419
48.86040913863357 24.818848740709367 9.199339078436104
41.26722572513769 13.753733219349133 7.887075785650972
41.31152257591163 13.662056347383182 10.527217585680665
41.37977052588748 13.839546938163672 12.948039978679462
41.59617678486018 22.801802468854294 6.564801768977333
43.51474570957357 13.373115222031888 11.620460514521723
41.42417082318308 16.499724597991992 11.227124690274401
45.014594432941394 24.64795014784751 9.239382302969547
44.28123951037713 24.42346030091121 10.595609188663662
42.25034823805209 19.245523898088415 11.097925214825423
41.470699681119974 22.14500155234319 9.755558581951906
48.15649098077244 14.278694071048337 12.469013507987265
41.49243242264514 24.77593943257951 7.887913880887512
48.56584370854025 18.89463377819511 11.592128924347158
48.45224676604981 17.8735317272317 8.491055454332644
44.48182472936114 22.059384243807997 8.486307778144724
45.887842450897196 22.872495622120024 7.341286604168805
44.449666369815105 18.75771208336823 7.524312310017571
45.11365669421802 19.050058508169393 9.706000145544968
43.02475849620772 19.073813479834236 9.053715801736114
43.05678557522608 19.10400614018009 10.393630144960488
44.393231693109776 18.96341913996209 8.583037833597704
44.29696102257169 19.244832692510624 10.801905316147305
42.18962244501468 13.968339728544265 11.665014694890157
43.239840425886065 15.874756688529509 10.277911447890336
42.52338280717107 15.789321745090213 11.391085232408365
42.31785587803176 19.03496478981183 8.333382914911763
46.17150354144937 18.84128832094422 9.767441636021573
45.43780068033219 22.938701947114886 8.6049263760228
44.710115847722435 19.542112481896535 12.204174958533976
46.339844142503836 22.376925382071384 9.368895288241085
48.38192142560372 15.404716005805986 8.332190837214974
48.422237552301745 16.566825337637795 7.548625751130293
45.82101662233663 16.380364149197344 7.663578189427975
46.687347263814246 16.95789140989545 12.92819796410677
43.369647174408165 16.377920271628984 12.280169535112368
45.69653706399307 20.004477016025106 12.168227468722124
44.78198522902619 18.651839051309306 12.828953328118805
44.115704004084265 25.059291711389747 8.190461728307545
42.74959383427458 25.043242794984568 12.682040606929966
45.34316222546417 13.456200868280682 8.712161682468896
43.230998851708286 25.47923325788091 10.986894225275698
46.77063928082226 16.668816294928956 6.777025281680715
42.180601371647825 23.83398709115338 12.808526339872603
48.846248192080274 21.64130826688177 6.974803368179911
41.82620787860771 18.141398200239024 6.792378841063331
46.24459042014493 25.37815101154774 9.429090085987369
48.76850297909032 20.351442162164755 9.991920705126653
43.19527215402707 21.115785131146893 12.1735203629615
43.70390446670091 20.488245317780507 12.905358427841959
42.07096568481147 25.4431374497431 10.168363570826138
49.03212215753981 25.440198995535706 7.173829386087865
31.85275095907647 13.23061398633084 14.99109048168924
25.361116241104696 15.700643911841782 17.799252419763054
26.647859210836163 16.866267844421195 13.677587060971483
27.988848620356613 17.01879728919172 13.609935777371035
30.373567023303906 17.45121594485486 14.469224934291455
30.318818626162457 14.582781450617206 15.524149527243718
29.910501450230555 17.552102794163368 16.165687519375833
25.08714657065104 17.686147362580797 15.00140308107381
26.131025912713433 17.532215077433154 14.771140685436329
29.554263699273314 20.09338018034309 14.633321951358868
29.35483926180756 19.81944240212782 16.277150154791116
27.25393264493941 18.506992297256602 16.43660424195508
27.159236465897344 17.973465964710876 15.502376065215518
28.292331368610494 17.62121832475014 14.735106368736012
29.70701602025244 17.951157213508296 15.171982708531191
29.918003596771868 19.438567670784547 15.42516402167329
24.802908753496713 13.101176127277865 15.19538223605886
26.830793937812928 14.838850172147398 16.589103378325078
25.893136670213394 13.687339186963467 18.13028382093697
25.671866694114318 14.584466035109624 17.21607743809437
30.972660120954195 19.616807366315182 15.634997829663813
30.57087272591856 13.540362009170108 14.804183043295106
32.97886908300819 16.621373698022435 13.898128552787824
39.23779269598736 13.416606363984314 15.173808967965215
40.51303030591197 13.04593407461434 15.515696647492282
42.94336862574734 19.986168258650338 13.503358312218865
45.97251578891587 14.049519329639656 13.34859769150418
47.967213367329066 13.632034016610001 14.778336169726007
44.19188823013262 21.27100501255488 13.486098564968191
40.9687013451245 14.055285957424244 16.252782848205353
48.589541449898356 12.828444883733622 17.831340074448715
46.45718895776536 13.151447467539157 17.683304470781074
47.32832872287123 14.421050858973798 13.627606869094986
47.30122319950528 16.224949511818355 13.915709440146106
46.68406975865935 16.47555674531685 15.103066973568652
48.44294599375928 16.815309205583336 14.136393692903818
43.7720018053577 25.029354254369096 13.519622398445147
25.78995090561174 26.230054281807885 -3.3499999028228187
25.789950916488948 29.070000265313986 -3.349999952074676
27.01904430630001 28.35947362455414 -3.349999974921042
27.019044026302147 26.940528955557312 -3.349999893969274
25.789949939682096 30.489935094858257 -3.349999901950378
25.789949933158262 33.32006488291116 -3.349999924892264
27.019040219292634 32.610803675173116 -3.3499999332796824
27.019040220596754 31.199196301130197 -3.3499999188290586
28.240955469807897 26.22953657120683 -3.3499999054412175
28.240955640146883 29.070520190971777 -3.3499999544604933
29.47004911206133 28.35999379565463 -3.349999971902915
29.470049186562694 26.940008693714596 -3.350000227455221
30.70000004603013 26.230085188154465 -3.350000222154139
30.700000005754514 29.069969054552505 -3.34999990880096
31.929950872244657 28.359993802817822 -3.349999863014199
31.9299507612142 26.940008663303956 -3.349999892289639
28.240960238783614 30.48941299728843 -3.3499999064483044
28.24096024281366 33.320586986066424 -3.3499999264713773
29.47004963833505 32.611317055307985 -3.3499999269282554
29.47004963770918 31.19868292451571 -3.349999914972935
30.70000000336857 30.48996681320821 -3.3499998973580447
30.700000006155594 33.32003317519473 -3.3499999151443847
31.929950376192476 32.61131705333958 -3.3499999107786316
31.92995037402226 31.198682932890858 -3.3499999012604276
25.78995089845047 34.73999972740823 -3.3499999220064423
25.789950902092944 37.57994574150711 -3.3499999188335696
27.0190440321204 36.86947105355801 -3.3499999163381524
27.01904432202663 35.45052636666711 -3.349999918896608
28.240955652512078 34.73947980536113 -3.349999914939491
28.240955492459417 37.580463432577645 -3.3499999063446873
29.47004923773851 36.86999134304304 -3.3499998923493557
29.470049112798183 35.450006197879986 -3.349999910933831
30.700000000433736 34.74003092798147 -3.3499999509423803
30.700000005962703 37.57991480175705 -3.349999892604567
31.929950776251324 36.86999135173639 -3.349999896374003
31.929950897642563 35.450006198072145 -3.3499999299075967
24.5600000085323 26.93997736564304 -3.3499998858714553
33.15904450449181 26.229536566140535 -3.3499999062831964
33.15904435861205 29.070520205124534 -3.349999881256643
34.38095567972241 28.359473640854393 -3.349999906108161
34.38095597543828 26.94052895781268 -3.3499999042548865
33.15903977745511 30.48941302241499 -3.3499998844769086
33.15903970103625 33.32058694149965 -3.3500000757475537
34.38095978338075 32.61080354540231 -3.350000208153485
34.38095980237625 31.199196311128738 -3.349999883268854
35.61004909814128 26.230054277415185 -3.349999911193459
35.61004901000104 29.07000028654079 -3.3500004864743973
36.840000069149966 28.36002499437454 -3.3500002895539014
36.840000011176976 26.939977376882315 -3.3499998917145546
38.069950925194405 26.23005427265024 -3.3499998892959537
38.06995092955306 29.070000289701422 -3.3499999412850014
39.29904429326992 28.35947364350953 -3.3499999335206443
39.299044036390235 26.940528951290702 -3.3499998722841373
40.52095548382571 26.229536582929978 -3.3499999406829084
40.52095565413977 29.070520210021332 -3.350000001925549
35.6100500661301 30.489935167475227 -3.349999930399825
35.61005021075114 33.32006479135624 -3.3500002640509363
36.83999999736248 32.61134810261408 -3.349999923245469
36.840000001094616 31.198651874593363 -3.349999854087745
38.069949912243786 30.489935114645668 -3.349999885615942
38.069949930184436 33.320064872824986 -3.3499998819557852
39.2990402093782 32.61080367405681 -3.349999872633246
39.299040184311835 31.19919636029189 -3.350000171077073
40.52096029224019 30.489413018974865 -3.350000129434129
40.52096024024305 33.32058696105438 -3.349999883402348
33.15904430753684 34.739479832513545 -3.3500000223203417
33.159044517047185 37.58046343723553 -3.3499999344416285
34.38095597822028 36.869471058509916 -3.349999906870851
34.38095568204345 35.45052644647843 -3.3500000533929253
35.61004920405744 34.73999978636299 -3.3500001685782776
35.61004908136638 37.579945743973205 -3.349999888808312
36.839999925383054 36.87002266938628 -3.3500001144347866
36.83999996897999 35.44997490189554 -3.3499999945191528
38.06995089126795 34.73999967784289 -3.34999994008661
38.069950907071544 37.579945836290214 -3.350000134237301
39.29904395902738 36.8694711429463 -3.350000589942881
39.299044288130084 35.450526271876626 -3.3500001959189083
40.520955648937026 34.73947976865886 -3.3499999377769862
40.52095551741935 37.580463527179475 -3.350000139872298
41.750049116146315 28.359993806740633 -3.3499998935195876
41.75004923623812 26.940008647174484 -3.3499998928987154
41.75004964479076 32.61131704085937 -3.3499998715468515
41.75004965384112 31.198682937971324 -3.349999914789916
42.98000000331201 26.23008517807766 -3.349999888591565
42.97999999559659 29.069969083239442 -3.349999858996082
44.20995088159023 28.359993806086198 -3.34999985540808
44.20995075454942 26.94000863989026 -3.349999848254309
45.43904449919072 26.229536555984367 -3.3499998945089136
45.439044352806015 29.0705202063807 -3.3499998693027013
46.66095567467887 28.359473633690612 -3.3499999038934347
46.66095593254107 26.940528956913884 -3.349999997366151
47.89004905284548 26.230054204440222 -3.350000300257153
47.890049093578504 29.07000026346638 -3.3499999267752454
42.97999999706531 30.489966840183282 -3.349999856160805
42.979999975418124 33.32003310262304 -3.3499999635449207
44.2099503483003 32.6113170466115 -3.349999962607648
44.2099503351204 31.198682931553144 -3.349999999896994
45.43903975002441 30.48941301467866 -3.3499999167340864
45.4390397596864 33.320586956220616 -3.3499999430488514
46.66095975638438 32.61080367158738 -3.349999888260707
46.660959760867776 31.199196322817908 -3.3499999079978613
47.89005005271242 30.489935115000733 -3.3499999333704844
47.890050037587805 33.320064882554654 -3.3499999129377556
41.750049235692146 36.86999135380046 -3.3500000247318273
41.75004909673945 35.450006191149335 -3.349999954786953
42.97999983034006 34.74003093602666 -3.350000554151925
42.97999997302956 37.57991483011557 -3.350000139646605
44.20995080790374 36.869991347808416 -3.3500001892232802
44.20995094551086 35.450006382462256 -3.3500008210366596
45.439044426124596 34.73947979210466 -3.3500001515898647
45.439044497339985 37.5804634517431 -3.3499999816710835
46.660955965395004 36.86947113681801 -3.3500007050953173
46.66095568319926 35.450526275022796 -3.350000214432135
47.89004908812136 34.739999725726356 -3.349999919224068
47.8900490935246 37.57994578283272 -3.3500000932468987
49.119999990464976 32.61134811265209 -3.349999929809453
49.1199999813535 31.19865186944776 -3.3499999372432168
49.11999998689666 28.36002507063256 -3.3499999129197313
49.11999999282579 35.449974932882256 -3.349999966153958
26.76658245900133 26.15416910905774 1.9078783782201525
25.91027758228276 28.580993169261482 5.28617858000243
27.075057710140563 29.588305692506818 3.018530972565865
27.493164419772707 34.48183205251751 3.2059525672850375
27.08300940959861 28.788024776346074 4.674822572895364
27.41812534393678 28.424964052619018 -0.08788062029636556
27.121787642035894 36.672162911221214 2.4678443753840362
26.611300226783865 30.909248575250743 3.3291525493561283
26.13718700294666 28.305759533040405 0.644221620220814
25.99246577663017 28.861450279620065 2.129957435960528
27.690571481474553 27.6068415855795 4.670322427505047
25.644189529024036 33.00627097196702 4.087420915240207
26.039552666736068 26.536361585256778 0.8741229785787086
27.932059666138763 34.86823463092559 0.1754643742910611
28.151833669111863 35.639757470617226 2.7032310318306862
28.47227838971752 29.368996325237177 2.6002493239239355
28.854623692072398 35.22866676855524 1.0304008299358935
29.252335867694043 36.2692176544609 3.4440261695826493
29.602549974122937 36.20020301047954 0.4901728398558636
29.768042697492834 34.22865197936239 1.1141711856946845
29.784097819397218 28.883364497931325 0.6782932562323629
29.999871304999086 26.808741032466873 1.7662287536608456
31.37046975635684 30.85210704643976 3.5067757838153946
27.829297134986053 29.528836779775368 5.477176018222356
32.431612693572454 36.96245200462487 5.352155105772356
26.627084170917588 37.518287671283325 4.686015156047162
31.633753294684972 37.73048696166441 4.463107656030062
26.598827205620754 25.84638162376799 -0.07147076406268993
24.97880516678036 28.539628346732762 -0.12953653730757408
26.910266523743463 37.92320792407512 3.323045853603709
32.58167529070771 35.52554385219451 3.070825517768201
32.28590703401624 29.56305087606588 1.2169990748851134
24.80342194542721 26.065066990036026 1.1482094103007057
25.321021886139505 33.27110867665918 1.1680759173506605
31.678391649785574 34.500627332656784 4.712046584073969
29.806462540613254 25.545607223967057 4.999624745503809
32.57271775013977 35.39786994639525 4.379777727665951
32.71039311924355 30.742575812477483 3.5394895121502623
34.55984395106045 33.91981160859492 -0.7212548288279108
33.85131156947006 37.8459684915712 -0.06833652081283836
33.246410323506275 31.86841721407647 3.203770239046851
32.86792316534758 28.136565151728682 3.103539626276377
39.08754864620499 38.006631196229215 1.3533111809002096
32.96704388433223 30.5154722001312 4.8192083319311845
33.81645330365747 37.36801921361927 5.5998685916824895
33.13761953981163 29.372537278309345 2.3915166575773714
33.73121667347469 34.90140645988845 4.630855678432589
40.02225973892874 36.488422089344965 -0.6188525192598859
33.563509753627606 33.344347302476756 1.070466207922044
35.87955144672236 32.290370077739006 5.763981994659928
36.15917485739579 29.090571929190844 -0.5692207125461224
34.7797216436494 31.856427373700907 -0.003358561429258611
34.690664092572014 29.523191644433684 2.107637723401604
34.68014206870749 33.12316318153158 0.36891707658976536
36.82505198542403 28.94495066724575 0.5096784828525691
35.913552226199016 34.995838232412545 1.6226742177178421
36.20971972919761 33.616763034680524 1.3012848785496944
36.37166108302301 32.76126103271428 2.604089387613505
37.30701761607824 33.35798438446334 0.38000093550681346
35.66730459191822 28.35565073032259 1.8417755190212126
36.55019199592734 28.187867077855636 2.9931209152038765
35.13937510129339 27.16973624382399 1.3517589898923876
36.07631751279273 36.77325008185046 3.3216265910002596
36.97834707522725 31.907187571920918 5.07869450928017
37.45804078784237 32.9949471696392 3.6687190863477515
37.80409154836346 28.038022783916045 0.2716990676210762
37.24231620945782 34.27824880223328 4.368615607531368
37.41003671213413 30.072424137877736 0.6964285111992274
36.700688501893474 30.667756319965623 4.639034039042418
38.736630589237656 32.55918038808014 3.1896228420200687
39.609562363484606 32.78680589333752 0.8585086424796562
39.01015116351607 35.43483821084186 0.8364648324932644
40.56140651140737 36.15399530656559 4.634096930698752
39.01259019085736 36.5228585378554 0.19525057664979806
37.94617826009411 36.40183807831097 -0.5921280521120376
34.005502753046294 26.024362007111048 3.336653053177322
37.93501533879949 31.809939884973854 5.984364011883602
37.778789965729004 37.01767334432965 5.10424367807261
36.61521347603575 25.6369204567224 4.697625325162395
40.26943706167059 36.355279892380516 5.856017690518448
40.34528981398687 37.88991384523159 2.1373607937531913
37.01581944635687 27.776230166563423 5.518705577154889
37.88258595966646 37.91857429110343 2.1797745511185074
39.39027893374918 27.70020400052076 5.335262586321114
34.55120184669816 28.25423782449944 5.579036399667991
40.87481162686884 25.570276932243804 -0.45893291527119073
38.7377696928074 37.458109685433755 6.1105962516235515
38.95693160647121 25.576832490876882 3.123910223541997
49.04970024994392 36.609242675080665 2.3208073027570943
43.17440924818074 38.18584683207349 3.2759697115448496
42.451267356488835 29.10521332906741 6.008719057778996
46.30301542562131 29.84376286272438 5.6961906221355925
42.452164573315585 37.60439482688928 3.8297532391266778
48.335715710518095 31.54537695039132 2.092618875902251
41.60108180763861 32.8125596631535 5.082843632527449
41.490417878759054 31.383852399445665 0.014419615961452914
42.32348502423555 29.046278676106475 1.1528527119449528
43.91170512700178 33.50652265669196 2.1801208081662473
43.89837439837793 31.029122513683415 0.24954613242191392
43.031430079503785 36.93433531984401 -0.12706790137934632
41.261715283604424 28.90188121665346 1.88903881780354
47.13180788491953 27.22463273928635 0.4263488612076882
42.3332372260134 37.7672394837516 -0.210118447057156
46.31292841975673 28.711548449175122 5.0082371234148635
42.54132813241279 36.05361428052939 -0.5420745668770122
43.9206470239037 37.18155604135006 -0.70696025407613
46.44625402239392 34.93928595479323 5.6140174529816464
42.6671257197738 33.132928479054854 4.3775227614998435
42.010505164298 28.363802223237933 0.03586559697845604
46.172101571650465 32.22486390963473 1.5534288079559233
43.37065020334582 36.691124138317065 1.3287801803393584
48.09029925551693 36.913913994192626 5.45781080684852
44.22707963465397 36.01702200558285 1.3434411540490376
45.501034603123635 35.52152939875223 5.025217322235525
42.51791748893647 36.1556115434856 1.7461207829679137
46.34899668602514 29.001517591934967 2.064482453589951
43.300114013465 28.384618366687466 1.8290266189306192
47.31530350711156 26.48936060349736 1.4769211332987664
43.602088583364036 32.35634767291981 4.848606723693079
47.56292878985042 36.96557359094854 0.21426742131424148
48.70974586188708 36.79302739781402 -0.3891932276189991
45.06076652198992 30.212104589849492 5.75271373342503
46.867211592422606 30.730670963373015 4.96565727555809
42.568905558189336 30.881139882282504 0.8371180420500801
47.669520024719944 36.1435993647561 1.8436006623508816
47.56217754448153 34.74012225050248 1.6050653162032502
46.642912579919766 36.48529132925918 -0.5917909902983021
47.27955239906692 28.9622927504093 0.9868932692647292
46.67133958887136 36.83381202891038 2.575069805808714
42.97317752020547 34.34522995292055 4.8170242229867135
41.496410180836264 33.72643335282822 2.134684007077685
46.94853012883869 34.166667096630036 4.639859931000059
42.500554419283276 31.46834545520257 2.2696853959202743
48.21522081136149 25.805259954367244 4.133222351425525
48.08681442999549 26.798669038470386 -0.5005701368904547
46.967907867848076 29.758801745965236 -0.132549668406986
45.942490425325595 26.86070801047157 -0.06374223749522456
42.639808555831905 32.93809121145417 2.5364421298361215
48.74322866722676 29.20461215031382 1.4872874252000867
48.971155054792646 26.58645340700832 4.213223660930091
41.35309837253671 26.405629008564322 6.09728129553651
43.631836859737 37.88870038633466 2.0985391451098003
48.433700563933584 27.362211098641723 4.758606713822028
27.910584207113278 34.40915964316405 8.679551293120497
28.17080177675454 35.64160827670805 11.22609615801583
27.148160841474827 34.617110660931374 10.05369612978485
27.70048536195079 33.25306301050199 7.701295898213511
25.95049449212106 35.36638434519752 9.826275264924147
28.100322550188906 27.41189046738758 9.935634292166014
27.017362602044926 33.37887518031366 10.731781408181906
25.859049974959206 28.138538497637754 9.07129028116886
26.99315543233608 27.243884871601008 8.975752116353728
27.53015036015551 27.03598847198893 7.65558725425905
27.52087880274329 35.81183156419847 12.31159319320791
27.208534696757866 36.434963696525244 6.930025047397721
28.398562687421 36.88345745817145 10.79709282009964
27.97951136669228 29.90585759622433 10.17309360814004
29.338789208593326 35.11602690864916 11.641867083340804
28.859488983982352 28.778223887883144 10.040515804244288
29.862106505020932 28.874868307600085 9.018994212709021
30.643092480736456 27.562526776126006 11.74457984317212
29.926347536162538 28.708715110214953 11.545860475707025
30.806701657707702 29.676878268316912 11.620340418524153
30.89085025590126 35.85012586150486 9.419375004380548
31.618777781642954 36.53086576733166 6.604913299673646
29.501867035172 37.47297786523403 7.395412393861875
31.38456478506818 37.02537815355059 9.199721987187782
30.948050852487196 37.64591922881775 7.501560294846658
29.777227102069762 32.10126768380166 8.720652011528603
31.443475568623555 33.73151942919995 10.58976913176216
25.861042324738033 30.864408344357646 9.981363178070373
26.980048507518674 32.06154478025077 8.142922385120919
29.464090818615684 32.67290012186939 7.583002233012827
29.261355139411496 28.953608759996932 12.612657812411575
31.03491944800642 37.801956741661826 10.254383318292941
29.744623770263093 27.57008283616987 6.691114186503297
29.52385372998555 31.629647589969203 6.7140636165688505
32.22838395172851 28.1161836450096 6.3951171336667
30.38514641466436 33.526949720518346 7.089208156550116
25.02054441163591 35.171731233055745 6.637383688220736
27.433977386853922 33.692765248705925 6.372335591702671
32.69535628460958 37.02100486999472 9.256101953293033
31.61545624194227 32.01370717614341 10.939250025745782
32.06975723478034 33.303488277844956 13.044368533305086
32.16684648490953 32.943424306721674 10.798911656895028
32.58453042171012 34.343823016100245 8.393138048137978
31.24317474234452 25.614599684644755 8.087721429988138
24.618509090702556 31.538387317391535 11.953958506897699
26.25685884115628 25.56649340822518 9.257782063389561
32.79314546502086 33.37810323984724 12.232431296866126
32.98404374572599 34.45099336458821 12.256193179733874
33.12273316984602 30.472986930429858 7.751024531869598
35.20365739597937 30.11794870028122 7.385797861736071
38.271813488294335 37.3695578672197 7.637007288989189
34.15771265962609 29.20572577968209 9.029348274657114
33.22805479613324 32.909181362300956 9.748424493750807
38.51363320180417 26.347016719166717 10.58093521778853
34.11634655179722 26.822699023923395 7.561354646762247
33.644402148778546 28.060107389173282 6.675006877457575
34.06704726916874 29.55337604827851 7.769768717743627
35.801021531573205 36.37220802986927 10.537995150449213
33.41598188321156 33.7757779464302 8.783539464758888
34.63760765337715 33.547499192348184 8.204461455241297
35.321853455313445 32.744818849761174 9.072465704335574
36.66957076823537 27.218202640893164 10.254911117983152
34.606647217676304 31.471331129461966 10.67695812904791
34.43879002411727 32.25152070812167 9.949271256870018
36.371781344367946 35.71408582468155 7.572640271320169
37.666847533739656 28.396046108186916 7.638543582525362
37.91776482143127 27.340267333465693 9.990373185576493
38.15851521800523 27.169420971830444 8.097339303232939
38.39522842754596 28.45774918502061 10.50559332899616
39.740555298716174 27.033482691766064 7.7508334716739675
37.609002551348986 35.47169364092934 9.942318933857306
36.32214556217242 32.457324832240324 8.784085935799363
40.33857477303006 27.352111784650578 6.380462357606815
35.01372505201557 34.0286715888382 7.400030707834232
36.84706780085885 37.01244184885599 8.102783813663063
36.96291246320263 36.59505394074936 9.94103723468772
37.7385219415146 37.46762523890176 10.616167352180032
35.94887009684666 38.15930110306939 8.002974783219571
33.70186048213537 32.792413293847616 12.37137123139761
37.43577536627785 26.001856388168708 7.7215184669147625
40.83941349191613 35.825741212103 9.999067043724333
40.56568816194211 30.112000132444592 6.509800730775135
40.07713350952795 35.19148037542857 6.474706298148535
41.396863101868554 34.283204755140105 10.705922397066491
42.34039429360916 35.72866618151633 10.890534144550932
48.88693886111108 29.283033556254484 12.016923217470922
46.96720119712901 37.79403935330285 11.316430495433579
41.33976819220583 36.92160874768105 6.362882663347199
41.70519655890733 35.190705222111895 10.186814140496832
41.565047026200006 28.9694862582865 8.001028327874165
48.400712085222885 28.604212941386447 10.819939252709304
48.74147563257712 35.013509948282994 7.047968415171265
42.55254289991124 34.98928405395357 8.985879793292524
47.547206718558634 31.91137592392349 10.812765965732229
46.74510626382623 30.881439899032564 8.03105014926847
46.88745797254979 36.64416450293451 7.598303992774211
46.744373360332155 31.018944826577055 11.575709375042253
46.54741260279588 28.38785419731443 7.860637214634327
45.63332943000709 33.28106194122303 9.124680159473108
44.73700435801836 36.285504577082996 10.036872871256753
45.79237530772852 30.09409774835368 10.933702116891412
44.012784048927045 26.725549707037466 11.101742273465435
44.953467345510056 35.26193663165338 9.768819823864956
43.90075018067812 34.50287286604293 9.251877938166253
46.17944553366212 27.674135497412358 10.222780911248663
44.327864746605506 33.34793641802005 8.902928538173642
43.72605774833824 32.67830291047219 8.306422626697376
47.64719040094329 36.072746149002725 6.515438699607593
47.07336605753491 29.678614132639147 7.3328614899915205
45.97031657808772 34.42049920092335 9.872188902738628
46.37187893844084 32.674436640673655 8.798106479665933
46.99228325831621 34.50697066615369 10.210577422390633
41.97907051183524 34.39927408061173 8.270954865876766
42.80851140248651 35.9349733963168 8.508122748528567
48.57449262172665 29.573965292543175 6.998731688542943
41.29202974360318 28.93651080667037 6.692162442779843
44.87812480872266 38.178783422757924 12.9238817148727
47.76493701828849 30.34099147071926 12.560534559857986
48.91901902078333 36.70572654783471 13.129265373399067
48.08257285936276 25.898119475043323 6.939170133582643
44.780895125133235 32.77813107491978 12.093673532805575
45.06179334961445 36.890744611483 13.148632129073512
43.90745509965143 38.235985546815506 11.951559973996668
45.68392495027397 32.005015775491366 12.710955978596907
45.817136139212124 34.12525793547385 6.3994640261789435
41.83108643584502 25.90714441186988 13.094233621778086
44.319272739079665 38.15846628617074 6.55615247809518
25.444892353533575 33.87555710937494 13.731192813263124
48.72612926975 37.822817236762155 13.966336881196492
44.89266553978949 31.272667145878973 13.48865603286548
48.10859765153405 27.21768629196991 13.666099956374032
48.55351773032093 36.996610135848954 15.712330663505943
48.86336974475928 37.75923956680706 16.715562012688725
46.38110600906503 32.76468811701471 13.503035304809655
47.31102608559917 36.655515888230994 15.934628649896666
25.789945935553572 38.9994556556916 -3.3499999176264206
25.789950768911932 41.83000865821558 -3.3499999057301375
27.01904453192641 41.11953657323009 -3.3499999032628613
27.019005326308488 39.70108179478935 -3.349999923145268
28.24099467976182 38.99891821287683 -3.3499999262632563
28.240955988848533 41.83052896445922 -3.3499998821089836
29.470049093904688 41.12005428667454 -3.3499998854155777
29.470054061242095 39.700544358232676 -3.3499999155328073
30.700000007093262 38.99948982015947 -3.3499999057532017
30.699999993366916 41.82997738010714 -3.3499998709862053
31.929950908777386 41.120054278438474 -3.3499998920244813
31.929945948035044 39.70054434827816 -3.349999914020696
25.789950890100872 43.249993816429395 -3.349999895020356
25.789950365881225 46.0886829411846 -3.349999893914654
27.0190397748214 45.379413020401806 -3.349999901492575
27.01904437953348 43.96052020749351 -3.3499998777330573
25.789950361794304 47.501317010639255 -3.3499998922929985
25.789950785546637 50.33974809251562 -3.3499998923065686
27.01904347118723 49.6294679973999 -3.349999903084976
27.01903975752645 48.210585784145145 -3.349999958743787
28.24095568103767 43.24947362744025 -3.3499999218695695
28.240959785982316 46.08919630639025 -3.3499998960344257
29.470050056873678 45.379935151109905 -3.3500000412361466
29.470049089107455 43.960000234294135 -3.3500004549411235
30.699999951841694 43.25002502774981 -3.350000145360721
30.700000000615557 46.08865186021942 -3.3499998809651945
31.929949936584528 45.37993510862052 -3.3499999017137383
31.929950939788462 43.96000035294617 -3.3500003749140017
28.24095979156851 47.500803611407534 -3.350000022304016
28.240956492343994 50.34026693333609 -3.3499999069214703
29.47004930727547 49.62998834601516 -3.3500000315098024
29.470050083503818 48.210063697874716 -3.3500001097063734
30.700000000013873 47.501348067175066 -3.349999900168994
30.69999995691653 50.33971686859368 -3.350000022368753
31.929950656452394 49.629988208609035 -3.350000214733172
31.92994993170674 48.21006372731219 -3.349999921007434
24.560000070654155 49.630019635626226 -3.3500001698245896
24.56000002985396 48.210031980020695 -3.3500000039603703
31.688630585548538 43.46112676818245 -0.8581465925222542
33.159005308476345 38.99891817967022 -3.35000001796295
33.15904402242221 41.83052896497356 -3.3499998894006655
34.38095549298757 41.11953659644509 -3.349999984311036
34.380994720816865 39.70108176156642 -3.35000022420438
35.610054062537635 38.999455645558996 -3.3499999200250716
35.61004922840923 41.83000865373134 -3.34999989268848
36.83999999161434 41.12008518752409 -3.3499999101033273
36.840000001736314 39.70051017119402 -3.3499998886863116
38.06994594849454 38.99945565819587 -3.3499998792749333
38.069950767918314 41.830008647669324 -3.349999933215908
39.29904447462642 41.11953654616475 -3.3499999638998235
39.299005315083754 39.701081778152165 -3.3499998961102415
40.52099465897454 38.99891820168476 -3.349999904506946
40.520955866899946 41.8305290662486 -3.3500004904723193
33.15904433227249 43.249473640370674 -3.349999925489242
33.1590402192853 46.08919629941179 -3.3499998977977663
34.380960227062864 45.37941300987324 -3.3499999243285417
34.38095562784247 43.960520207425084 -3.3499999366965563
33.15904021125681 47.50080361548248 -3.349999929258848
33.159043610858674 50.34026681132827 -3.3500008701730275
34.380956571715764 49.62946795028836 -3.3500001772749433
34.38096024383263 48.210585761103964 -3.349999963605298
35.610049104447064 43.24999381125164 -3.3499999526089552
35.61004962692473 46.08868293051349 -3.349999922382012
36.83999998528052 45.37996683182432 -3.3499999290451776
36.83999998626058 43.95996906658654 -3.3499999259278312
38.06995087130136 43.249993797471134 -3.3499999016504733
38.06995034880978 46.08868294080402 -3.349999920847837
39.29903974962709 45.37941302367746 -3.3499999375720546
39.29904434830254 43.96052019156201 -3.349999926569219
40.52095567810407 43.24947363767855 -3.3499999409521806
40.520959779346406 46.08919632611029 -3.349999944561227
35.61004963055891 47.50131700461829 -3.3499999100736577
35.610049258256204 50.33974806775926 -3.3500000510181493
36.84000000242734 49.63001959913219 -3.34999990885694
36.83999999724765 48.21003202126896 -3.349999939275452
38.06995035900076 47.50131701650027 -3.3499999290216795
38.06995078616405 50.3397480976615 -3.3499999059188
39.29904347268441 49.629468004138694 -3.349999924150392
39.29903976270804 48.21058578801513 -3.349999915632801
40.520959788256896 47.50080364792778 -3.349999926425401
40.52095650166384 50.34026693433962 -3.349999896061906
41.75004925490201 41.120054263097906 -3.350000747018896
41.75005407092791 39.700544275240304 -3.3500000400121808
42.97999999376433 38.99948981269505 -3.3499999208982114
42.98000001437639 41.829977370346086 -3.3499999591318885
44.20995090636338 41.120054254484366 -3.3499999475124467
44.20994593822298 39.70054432887983 -3.349999932615514
45.439005327708884 38.99891819132438 -3.3499999207998976
45.439044032148644 41.83052895174077 -3.349999941796745
46.660955483223496 41.119536554852715 -3.3499999481726705
46.660994682651854 39.70108177401832 -3.3499999271875245
47.89005405973863 38.99945564711206 -3.34999991565309
47.89004920046688 41.830008663948796 -3.350000190991943
41.75005007235879 45.37993512310667 -3.349999939363121
41.75004909957954 43.96000026901507 -3.3499999375187928
41.75004930006927 49.62998831823776 -3.3499999008933323
41.750050074511186 48.21006374546595 -3.3499999170253467
47.890049619323655 47.501317008551446 -3.349999885335345
47.89004920312801 50.339748086805926 -3.349999904490998
45.43904350354637 50.340266885975815 -3.3500001207427665
46.6609565166073 49.629467985745656 -3.349999893701625
46.6609602240868 48.21058576484327 -3.3499998602350525
44.209949961838916 48.21006371260812 -3.3500002378730063
42.97999999937416 46.08865190699359 -3.349999908216854
42.979999995451195 43.2500250568998 -3.349999931305069
44.209950870676124 43.960000236819155 -3.350000090206388
44.20994978313673 45.379935180467754 -3.3500006227983583
45.43904432791983 43.249473635598214 -3.3499999605979482
42.980000007124296 47.50134807619828 -3.349999942795244
45.43904026401894 46.08919649626055 -3.3500006646363256
47.890049606732056 46.08868294844515 -3.349999963124526
47.89004911466779 43.249993835346174 -3.349999935183142
46.66095566081849 43.96052021419529 -3.3499999350150333
46.660960315481894 45.37941303500111 -3.350000105086315
42.98000001665609 50.3397168366469 -3.3500000266930217
44.20995071270593 49.62998833475957 -3.350000005380661
45.439040228900495 47.50080365735923 -3.3499999071080944
49.119999986814385 48.210032008906815 -3.3499998993555336
49.119999994144976 49.63001958884688 -3.3499999045246875
49.11999999923442 43.95996907632557 -3.349999899759999
49.1199999935479 45.37996681430817 -3.3500000195238124
29.657695764333223 49.25237074637551 5.75215385425781
27.439051174294068 43.25925571266753 6.2232082351356794
31.396424845562002 43.166207301300396 0.8917025631566455
30.53254028840151 44.354594977046055 0.14889157188918367
28.39988973730968 46.3637536132938 4.738855350683426
27.498551347709306 47.31986145421599 -0.2328551277252111
27.280933969936417 47.48565923808994 2.824373843881216
27.14906251402417 46.59709800541881 4.085698626155856
27.394905039176738 41.45238528049183 0.8838851775010481
27.900905658642518 42.65266301800919 1.2149016772564636
28.534971095246146 43.002528398957246 0.12247242967912464
26.258598845284375 45.478416300235274 3.88046699732966
26.104315841724652 47.67755921683981 5.235290546327834
28.01374770435442 42.526556199126546 3.9997412583336542
28.07560298567742 48.34407254186354 0.3746587716741123
28.566348795341256 47.955220836262356 2.090787729996011
28.540308469736473 42.86323522767828 5.40404017962671
29.00560974242707 48.790252911407464 -0.4117863151580581
28.93715462046167 49.23571212629666 2.619917335296197
26.884401544805637 43.51489828166338 1.366029305537374
28.99594098516436 42.620132277192525 2.721382016100906
29.531255716111737 46.94822019085919 1.8915959601985521
27.20907277906726 49.36511649910608 0.30465086016759013
29.711261495961555 43.870396761318446 2.6030146964866496
29.78859237702955 41.43989564400877 2.5498526707779146
30.60917756068764 45.86129181231039 4.086385097430764
31.53224326711297 43.9213431335935 0.11747828608568267
32.35152938895809 49.509742199397756 4.589265095584106
26.645405427446143 48.92636318696351 5.173540201475544
29.748025748823228 43.687030069258675 5.490750892791714
29.70118847081397 40.500476363248296 5.447984154108787
27.840438296705287 38.91732113133622 3.0258240975382336
30.212450765159907 39.18798610363875 3.190550918634094
25.340588340424944 38.70648782061073 2.6583839331959638
25.00407554967623 39.885339429274765 3.2282893006401903
25.519146658102567 39.00285855205575 1.3811914159136873
25.232958570156683 43.21299611683804 4.643509026040342
24.76939268510489 47.671228079189156 4.840836544496464
27.850744117438264 40.44319589408293 6.191394308109444
28.944501733248586 41.208554640685485 6.186477122110402
32.430873803344475 39.57373630665875 2.012268067443921
24.58959476341615 46.450204915842065 1.7439379211671913
24.95637730758407 39.58341918991061 6.183250962647984
32.556179969316155 47.27150626960743 3.460608079247315
31.628593110651632 50.782833456517515 1.9912123901925338
32.41523345347281 45.78434358584853 -0.27181038328045415
32.47812354193226 45.21491385610834 1.3938389807263585
32.38490543074063 50.95029729011948 -0.7201625883661156
32.665818933714725 44.93098766318369 0.35834085901118695
24.561951023779493 47.07190220637227 0.1267337694428372
32.78567613957324 43.246368672420274 3.5699965587502236
38.528519718739304 50.92010840772964 4.6412442490685795
34.09272441532465 42.32365466180448 0.34154503801942404
39.73766967638857 50.37825369817382 4.778003832465626
37.003506308635394 45.252569008425475 5.82977649136148
33.36002618816361 49.15870324837642 -0.4074672121237177
37.48812878764679 50.23368199647791 1.855608081588015
39.27083322618283 38.75674300604182 5.7958408077746935
33.053373606710416 50.60356508763759 1.8640826393035437
40.63431436193665 50.17495553086397 3.177078238832566
33.091724640294935 48.631906088087554 3.6787403044687528
33.88070141545925 39.962861319655126 -0.44925483277784783
39.330538407134654 43.32612320260442 5.447039993845259
33.607606809837925 49.22460806204637 2.40847732141329
33.34846917066325 50.44586542014054 -0.028839037168262305
34.58094153934852 38.536831621994914 2.8560311567943364
37.249335356301046 44.992600837255054 -0.26809281257113793
34.12591171896163 40.74142463002106 4.859775834102314
35.642543877192665 39.0330594006526 0.13167472995128215
34.86828360211105 46.46131508290543 0.20973480546532253
36.473929328760875 42.4403966719792 0.13149239874855612
33.95531454684108 43.67325910120784 5.1725550844613295
34.35945026757831 39.03015878601979 0.3695370581735824
34.12466632402393 44.50488421767495 0.1795014367552028
34.57898944525345 44.1931648440431 3.3165006045769694
34.00347542560398 43.21105300873392 3.9442164823730232
36.23615218880188 41.60504905695808 4.001873679104046
34.815185451398094 41.43900722772619 3.7993138588689446
35.89963814023848 43.2712159240529 0.1261071206390152
34.764513800750215 48.257200948268824 4.553844438389022
35.12601646258169 45.4130827598276 0.17534338871038058
36.2359657631503 44.65965233757054 -0.09889658252205336
34.612816509743325 43.24677972208067 0.13239357003998808
35.48802440769001 47.39160010337709 3.875720000322805
34.44043730774009 40.94807262345084 2.4044889981069275
33.91204756350382 39.53461499365057 2.0761764118615433
37.49570492490862 47.107738378541136 1.8397248057174864
36.954405206742585 48.047858756116774 0.04818116803560146
37.81021502456696 41.3366462679954 0.05234085273660982
35.53377669541853 49.35576057534927 4.457332537918216
37.97785671409603 47.900109933265895 0.8143277809367544
38.50507686844051 40.89607860057124 4.764720390834448
37.602975465577494 45.13905017177109 3.7459709984817327
38.874910091361485 40.76263870491344 0.8631101597581814
39.082021763877535 39.26405419683521 0.4144173290998254
38.834135647242476 47.133604960210675 0.1397827725093015
38.764164199114006 40.76991680315113 2.329288848042453
39.75586065847755 49.17183132469985 2.366267642680857
38.61727489732182 49.50425665638676 1.3252748734292341
37.988076381154485 45.51360746891184 4.954102039499396
38.137264981921 46.86344299042039 4.946739594857488
39.68591071727672 44.73711945620597 5.481757023956577
39.612720492324634 49.26551132816365 5.515416124491702
39.27826839459025 50.05484902386607 0.17424231602876317
40.72825118112463 45.19523047699677 4.44086587629163
34.79809040255981 47.882877966241495 5.812796852387979
40.56607525140048 41.54381716229952 0.4904417383795934
40.40557454649884 42.89622744546686 0.35877903054155946
34.43193523547448 51.0204097329106 -0.5787317913277579
46.937909136235554 42.42275687458181 6.239895924405837
43.70582500956855 39.30674375483556 3.7660325689795524
45.14735231514234 40.67300792233308 2.8618565740042246
46.47689760025616 48.457068071304164 1.1356359997725018
43.60626972788757 48.7654815875388 1.599263500162883
47.40768621816354 38.29950450830057 0.3458997253116447
44.137615760702936 48.45244033153741 -0.43214292667415277
42.15271994720355 49.035619051938745 0.09568905985184228
43.97675679816233 50.98838608719671 0.28098923383653496
48.19122657535722 42.50159577374242 5.683634579093933
48.46210798397257 41.743061478081415 -0.4203194194112392
45.31800381950605 50.949499666168954 -0.2806258477787893
48.20252302853176 45.30836162019449 3.4450929120025853
42.43256736124751 43.994121945865274 2.108686605834771
47.598626568178005 38.64691855779328 3.7598866604957437
47.15243586999638 46.560712067701566 5.3532144609256695
43.4642603045557 49.25967627438464 0.4233603525438223
48.065120068648376 43.063078762153566 2.5151407628099385
44.83034053084781 50.51155430947435 3.6839988643836383
42.63789602356418 44.35513903080917 5.856859366104482
44.520238633371584 39.79883053501192 2.767292703021239
47.592772280486635 50.41251851128645 0.24149019863326293
46.15856100287283 43.200310926773575 5.45288857855841
48.9250691674222 46.189015501745175 -0.21115610719813493
48.193866009444356 40.57593853018608 2.2977210132426995
44.462890622560806 45.85999053036795 1.2934173835251828
48.09195583132197 46.02935781136903 5.316269954085728
46.1540309286563 44.59189939976997 1.2955412928797938
44.82906424654164 39.03609713277894 0.7315493505061355
41.05226540765323 41.08175465305448 -0.6679806697684998
43.94954507563861 43.453611273829566 3.2992852250481652
48.90965049294641 49.97352826579938 5.465488887700594
45.98564448587725 47.45357078559961 3.2064149356761384
48.835209993598305 41.88280934389054 2.285381753377206
46.21878888520364 40.23058506570048 4.916848523089681
42.964780022545725 46.12877542820453 4.212695612438031
42.20024401154102 44.96883465305755 4.591367218646726
45.94566544503573 45.92079074304855 -0.29460037654933213
41.78912577295935 49.463695868158 3.51588361266574
47.95830460125807 49.055318365847825 5.627950641067253
41.45132367746401 41.22948239235067 1.3581182986648344
48.12140878066931 46.90250771815063 2.00301923596236
43.931273464946386 48.316921328683634 4.152276789156019
49.08556794457856 47.15998052833229 0.8431264263173865
46.61053835639605 47.26768008856677 1.9134213160312252
43.45857522845535 39.68294850055213 4.670155091134934
48.65972575610409 45.420813289267265 4.338636580823519
42.23441064490057 42.51020111364165 3.6677278994569704
42.71583215419261 43.66098351985582 3.372968550306047
44.38995502491258 38.99074715570096 1.7172097743727943
45.75024959518277 45.8357578307829 0.9960429418050298
26.27855028058371 48.72295911578711 9.741064293441132
28.686880883937945 47.948360334361375 7.1789729478636355
28.20921960362523 43.16697985009229 10.747453730216273
27.216076548332627 44.933590502806176 9.863311243296181
27.798774823655386 44.46527166340588 10.952703388926768
26.85037265275209 45.94186659035781 9.736662152982108
28.981453189262655 42.32183346031813 11.63194645515145
27.686072412377857 42.88588228207424 9.54441206378943
27.168096017504443 43.969897037871704 8.97787143217207
27.499394588811608 41.85941741996421 9.265268235085692
26.63097430265783 43.87273649743211 8.128071401053818
28.051858104810012 45.00766619539374 11.851678930578407
29.697548705372824 48.8307196749513 7.009055012596526
30.83923770957057 46.58156184006647 11.80244722326035
31.044802675733127 47.19148846009033 8.768752605937063
31.27886737325448 47.97540161150752 7.407776784925365
28.143479682258185 49.506112853134745 11.251336427638568
29.600916724910373 49.88793374745852 7.7658963866438935
29.898276877313954 42.87333781010719 11.8402185786829
29.032266371697105 48.94331210877732 10.410476333056094
28.427423254327945 42.231453742246515 12.566281693703266
30.883058938578582 44.79934469430526 10.583067605992175
31.568967807253152 45.88622793576237 11.017100334524141
28.109961897510377 48.636046206417866 12.28856809238978
32.28239632185902 46.92844375003918 9.72459398143668
32.28670008202232 48.996701134436044 7.612074878838964
29.345413372166103 41.28393165629562 7.446332635982722
26.581823729006405 49.991929552269845 10.439697823250263
28.452223231173598 40.364121525904636 10.696873126513736
29.31726601117599 40.875388099910275 11.119256221767772
29.922310350380325 41.02054139609105 10.224297078427645
29.872885590651165 40.31081143393907 11.868015242660595
31.54143136549645 38.92797112285075 7.383549402564615
25.23897730088255 38.728920653029476 8.637659684307877
25.18424782216475 39.577161379278195 9.903435310224816
25.3613356492143 41.200131226296385 7.566282093816998
28.959402949527394 50.554704521473006 11.73125434734959
32.729176825381074 50.43441780338103 9.504724254088561
25.513643512291935 50.263048270664356 11.475934600418718
24.902578170029166 40.52905717526088 12.459897912232966
26.584652467854415 38.37767634830987 8.273129217995493
24.747561634942972 40.034296551132975 7.382353254980463
26.050329018185497 40.10024884165234 12.877197372117209
26.0991844928264 47.25572227661621 6.507294126288757
32.59984908478153 45.40870946462933 11.72334651593627
32.62615682757206 48.146408915563825 10.477728745135291
25.122873185503448 41.789316016209355 12.072636207228403
31.47234439187855 46.997360831805615 6.346908624383531
38.231230953700006 46.98590575899106 13.112274814406149
39.07406810671525 50.49375880678854 10.877428216960034
33.24231654227069 41.48474775174538 11.49020444734842
33.25984596227918 46.0518147263465 9.126249155003949
34.49679894881888 41.44967152442792 11.09738494408851
34.464159843390725 43.02879840902446 8.852234815255862
33.977247585288055 40.67922090892583 8.772625113493554
34.95099936076736 40.22052662096727 11.508290593569866
35.187684006736845 42.35586289973041 11.848799410691429
34.210249716389114 39.36263024793197 6.884897834296677
34.839170850228335 41.695990211505894 9.275507289968063
35.554910158626896 45.38275577614016 8.567248288008605
35.594724838851086 48.08609111627992 8.62571173502257
36.374805333362495 41.397568065526364 9.106345207636878
37.313858580873145 41.94730590863242 8.040698612168022
37.23166752421365 43.34913638868706 7.895263591780739
37.59374753099514 46.23070867141238 9.59968354975856
37.36456360048413 48.65314341339093 10.302079485101583
38.040096018885535 47.29173245076284 10.436035671395194
37.250907115915275 41.20733093198586 6.809492740014255
39.099429256725685 42.241630584258864 9.952733563686683
39.00730695807369 41.736280337973014 8.714661490142607
36.262255138823384 49.13175286442684 9.400006827950255
39.2629688643712 40.40646214767188 8.751932418725266
39.94899014935427 42.21887562385253 7.986940977717316
39.46185449950515 47.449425992178305 10.479027444457689
35.39797718543696 50.13506526119012 9.997587759276445
38.29709546493661 49.43784492160251 7.671561126956922
37.31129505139236 50.130319203950314 8.220539995675697
39.87487704030328 49.67793695478485 12.578659451833229
39.9473511713172 45.118121051704684 6.841157856173172
40.12236492262597 44.83961776265384 10.097888982657087
39.22393161321278 50.64695857481203 11.935951131465076
37.56083563181287 46.47761383724218 12.076553431547259
36.29349780464722 46.60263148140387 12.30400823804312
37.70374827712141 45.13119400831408 12.178211655770316
40.36433183943723 48.87769663988038 12.204294071416248
36.6683079407469 50.49534709432373 7.145322638087709
45.003746374057336 38.999174887560656 8.719546782699863
47.79872326538355 38.613570109484314 8.905608670304249
41.34938893269496 44.84063782927286 7.9561223223762925
41.15913999437347 44.54590070946477 10.025585848020036
41.78205006248229 44.535656040373176 8.816291175119073
41.869995909082895 43.72713279121438 11.904491065411342
41.9568388141164 43.90482058383165 10.842754111975513
49.07044751546382 50.279488169763844 8.062900554693718
48.75226599348628 45.784912099538026 6.409476570342526
46.44738436397166 40.0744067277916 11.933731868016256
41.98442763400813 38.49336847443568 8.672532774750584
42.9924522176481 49.56779715768813 7.730714235810633
41.68199308482703 39.80504618798212 6.963970852825244
48.30136330557656 46.18387476694362 7.75170623506913
47.17528452143773 40.02633553548091 7.195590668389999
45.95304084265789 46.601213858084755 10.142103366034465
45.3535120617997 47.89853368130096 10.326347835111198
42.952436251358996 43.9679969406557 8.878245401270847
43.11382100447853 43.4881124007871 10.113815008673265
44.04444322425898 47.936852843799784 9.456647567216402
44.758012029558024 47.96362824259262 12.103831078584678
42.516195769705554 39.58130272505273 8.007708924657083
43.587052119896455 43.99739977254627 8.00486222483625
43.74687797502195 47.10948846869723 12.287757466508955
44.373630316247166 42.90428464074464 10.668847046024483
43.031802573590454 47.06998022770848 7.375236496283348
46.19570578408676 49.09354884234413 10.21728122190737
44.19573268608557 41.85801384867691 10.917382482236038
45.21143692815965 42.94359866129626 9.972690103178845
47.077965182192095 42.99592432835115 7.418938422112976
43.92475239963152 48.023184929530416 7.934220214245374
44.74808132252562 43.658358926711024 11.843321245867585
45.18777668092419 48.27865567887314 7.250980479430284
47.390009209838546 45.66988644358701 8.05723809301696
44.7974956154328 40.590263418564106 6.805127592765912
42.305174636239634 40.608030201641576 8.79536863804936
48.70786196861759 42.35487210727661 10.364974601611989
46.57336812714268 38.706926797594974 12.406924564846536
44.291853093134165 39.27976011144906 7.485473728427825
46.27684006541243 40.684093611798026 6.274385059693479
44.30471886343931 49.163847742396904 12.535917664178726
41.790020352069334 49.53403870949861 8.311599653442418
45.02035203601549 44.67732499499545 11.56822706146311
45.53107390552201 43.0743404606638 12.32699990622803
43.957911403641184 43.72730562586369 12.590969459984114
45.61134886086604 47.49243710204192 13.003955881734434
43.60173607421601 50.66186994474264 8.201252522226996
48.62935149443176 47.625145262649895 12.965708455865517
48.073767172156444 47.246892327461524 7.672373603788981
49.05728038187006 50.23815569167654 11.117302878566191
42.79613576293159 49.87954501629131 6.454362865791615
49.04055540129294 46.69787285783246 9.657720742148712
39.14262160197485 51.00092058912551 14.13379623564969
40.196367601615094 49.103074716673035 14.617027429839347
39.806006171709775 49.84109268465688 13.9319380685098
47.46344309413854 38.6375847691503 13.698528410213836
44.36123734130238 38.82694814000651 13.972548863492229
46.21884010198094 50.66010342239048 14.959609864881617
48.78800048776411 49.55285712962136 13.967163802680009
44.237247015658156 51.0389816897122 15.569826353253976
  
  
