  
  
1.2299506697975549 0.7102494679947892 -3.3499999232304267
1.2299459163579909 3.5405443978890743 -3.3499999637713307
2.4590053211149274 2.8389194001459592 -3.350000012151483
2.4590436297150773 1.4204752486949905 -3.3499999041366046
3.680956777561273 0.7097305124469987 -3.3499999121730273
3.6809946867809296 3.541081832720019 -3.3499999644951215
4.910054056218944 2.8394568093426846 -3.3499999065571116
4.910049271366457 1.4199571721648376 -3.3499999277564187
6.139999981827799 0.7102807297685834 -3.3500002620471436
6.140000010704787 3.54051021103407 -3.349999907266068
1.2299508954973497 4.960054270884559 -3.349999945594171
1.2299508884343329 7.800000306106269 -3.350000029783322
2.459044329556749 7.089473627853856 -3.349999964342282
2.4590440153492934 5.670528938438486 -3.349999913618439
3.680955472268678 4.9595365701974155 -3.3499999145930626
3.6809556391044573 7.800520200652086 -3.349999902430716
4.9100491165986835 7.089993808205871 -3.349999906494979
4.910049228153906 5.670008653541063 -3.3499999044633855
6.140000001082467 4.960085196478621 -3.3499999188783947
6.140000001463113 7.799969086226354 -3.3499999273572567
7.369945947872516 2.8394567964152477 -3.349999899894154
7.369950744019307 1.4199571938224649 -3.3500000238774676
7.369950889721557 7.089993815122594 -3.3499999282804493
7.369950771549456 5.6700086508146414 -3.3499999124776503
1.2299499436477412 9.21993510842877 -3.349999915121755
1.2299499637254785 12.050064887500385 -3.34999992721844
2.459040214273622 11.340803696506013 -3.3499999017305546
2.4590402152754742 9.929196329202632 -3.349999918009634
3.680960241474907 9.21941302682413 -3.349999906639005
3.6809602378083017 12.05058696932827 -3.3499998852999946
4.910049644247877 11.34131706752097 -3.3499998836919853
4.910049647799749 9.928682951933826 -3.349999888733798
6.140000005027593 9.219966840846277 -3.349999879578877
6.1400000116482145 12.05003314646955 -3.349999858801663
7.369950370112652 11.341317076033786 -3.349999896672511
7.369950309884978 9.928682959292141 -3.3500001812681655
2.9896662769785057e-07 11.341348291973897 -3.350000931000313
1.3680590767024033e-07 9.928651734136995 -3.350000405804302
4.555182897547639e-09 5.669977346662467 -3.3499999147191017
8.599043138936823 0.7097304509687143 -3.3500003436272383
8.599005243553034 3.5410818448322585 -3.3500003064395467
9.82099471836488 2.8389194045376325 -3.3500006825879245
9.820956449579231 1.4204752602150175 -3.35000096092118
11.050049375730739 0.7102494320879119 -3.3500000145499644
11.050054091590873 3.5405444233775385 -3.3500000622441863
12.28000002695557 2.839490984913683 -3.349999988034118
12.28000002349562 1.4199261404275008 -3.349999995178754
13.509950690273769 0.7102494614111832 -3.3499999416442074
13.509945941578922 3.540544382484523 -3.3499998694957234
8.599044519487549 4.959536566135249 -3.3499999356342256
8.599044356207422 7.800520210432022 -3.3499999028062097
9.820955683675372 7.089473636264879 -3.349999912270605
9.820955980332444 5.670528934279966 -3.3499999337244435
11.05004910183077 4.960054248830151 -3.3499999197868657
11.05004910190152 7.800000283782371 -3.3499999089355303
12.28000001306891 7.090025054748424 -3.349999895119349
12.280000000441039 5.6699773476054585 -3.349999891377544
13.509950908003589 4.960054254564898 -3.3499998890837936
13.50995091681421 7.8000002740147885 -3.349999904979395
14.739005338685878 2.8389194006276584 -3.349999871313496
14.739043643381878 1.420475223344756 -3.3499998431437774
15.960956784446875 0.7097305043128492 -3.349999871583693
15.960994689927873 3.5410818212644193 -3.3499998705871192
14.739044322848715 7.089473655004529 -3.349999864922472
14.739044027820231 5.670528947795278 -3.349999884484911
15.960955487639701 4.9595365478119575 -3.3499998767037944
15.960955634415539 7.80052022279849 -3.349999898013362
8.599039785419034 9.219412977357704 -3.3500002594820257
8.599039757458403 12.050586955132152 -3.3499999203211828
9.820959789110006 11.340803720994193 -3.3500001193371034
9.820959809575971 9.929196306304272 -3.350000102469898
11.050050060243768 9.219935136027585 -3.349999888357379
11.050050057525546 12.050064861455931 -3.349999894340465
12.279999999021191 11.34134811530865 -3.349999870952365
12.28000000542654 9.92865189939579 -3.3499998746220716
13.509949844988968 9.21993509282737 -3.350000277492869
13.509949909547842 12.050064842270798 -3.3500001268022728
14.739040144167026 11.34080379024981 -3.3500004406283534
14.739040211650082 9.929196305482428 -3.3500012394053122
15.960960297536746 9.219412952923221 -3.3500000715912046
15.960960241482393 12.050587017627231 -3.350000037267573
14.455477392325742 9.547441404194382 -0.8874329049851803
15.77425142152561 10.71234330781617 -0.9676314030820399
17.19005397812025 2.8394567994608146 -3.3500001661157386
17.190049271001453 1.419957137524058 -3.349999898122924
18.419999955370447 0.7102807090730747 -3.3499999273158854
18.420000010920425 3.5405103196917245 -3.35000052201452
19.64994599952259 2.839456809641275 -3.3500001023754153
19.64995065518934 1.4199572730428183 -3.3500004135451986
20.8790433708228 0.7097305550993381 -3.3500007494672235
20.87900528021628 3.54108184362359 -3.3500002181895674
17.19004910857184 7.089993821436095 -3.3499998792616648
17.19004923622477 5.67000864562801 -3.3499998780882057
18.42000000599635 4.960085195865518 -3.3499998715039894
18.419999982327102 7.799969066277624 -3.3500000674556176
19.649950894118614 7.089993805390602 -3.349999906856299
19.64995076319044 5.670008644860248 -3.3499998831897724
20.87904449622864 4.95953654635454 -3.3500000436054678
20.879044356334877 7.800520197702866 -3.349999895498467
22.10099468101486 2.838919398529609 -3.3500000468576676
22.100956365455044 1.420475249041867 -3.349999873015308
23.33004929587235 0.7102494576001109 -3.3499998981315118
23.330054037926537 3.5405443973864776 -3.349999881652427
22.100955670256507 7.089473639439236 -3.3499998791797148
22.100955983185703 5.670528944636864 -3.349999957801777
23.330049080768912 4.9600542578159645 -3.349999880022901
23.330049088563342 7.800000273592619 -3.349999893309673
17.19004966171363 11.34131704733979 -3.3499999467494925
17.190049656865853 9.928682917163417 -3.349999897413911
18.41999997618773 9.219966859703549 -3.3499999699213934
18.419999996014933 12.050033136459055 -3.349999893915446
19.649950305223907 11.34131707793949 -3.3500001130374657
19.6499502990767 9.92868291581471 -3.3500001213940256
20.879039773359445 9.219412983489471 -3.3500001106892077
20.879039763934127 12.05058701950937 -3.3500000482170145
22.100959806331385 11.34080369504894 -3.3499999980289985
22.100959796217552 9.929196299608503 -3.3499999742470967
23.330050050199457 9.219935118204381 -3.3499998897251624
23.330050051747005 12.050064870579922 -3.3499998928195396
24.55999997879712 1.419926147616333 -3.3499999300621166
24.559999984077795 2.8394909909742334 -3.349999910464666
24.559999993689786 5.669977361288654 -3.349999907110812
1.2707902116125245 6.887940154305392 -0.7394078939184034
1.9875990421182888 4.5008586032230244 -0.22337300849840314
0.3874127005412858 4.501469933820943 -0.3776217999033782
2.1703369771467007 3.0597696663964413 2.7325928707874967
1.1352407047694104 4.994281741939027 0.24365897226781286
3.1215594954101262 4.881652164466183 4.342655735192748
3.1891847701537204 9.451583684979235 0.9704548588724127
3.3566027737233495 10.918657487181141 2.6198147575764597
3.885857592725497 9.830018418447867 2.0054994771029944
3.2479307360357517 7.418734487245468 3.1791095827087865
5.649864625008916 7.932505946896236 2.657714187371062
4.77972751807433 6.411600802448496 0.3436065551679435
4.330641482538326 8.420791805704232 3.2267492749620184
5.088869804876578 10.247131339360063 1.4183671636400652
4.605995584142725 9.02420417523227 4.499191024772717
5.386011426058915 5.4360711201299186 3.0930725323175268
6.208541622222586 6.444189443147647 2.462965096634483
5.978939756184033 6.283992077775748 0.6817211626431652
5.440910187338191 2.1559681773179173 3.9936010391761756
6.503103432443945 7.1964235485287915 -0.07181732714992006
1.00300122927226 4.606237519664012 1.2536264978450151
4.26288445017698 1.5418506348941188 4.605412104785904
1.9828344392116493 6.918989462594569 0.8713751895644939
1.1831853822250504 6.486365507736028 0.27012823574201206
3.4856197637986637 2.394772155431712 5.475860989011213
6.089834317501519 12.403316246046677 4.307175106544135
7.051870392063638 4.264896295646337 5.514415970222746
6.488793668733949 5.183047754050343 0.19871271817874403
0.5872708527234966 6.3570553846978894 5.935266707788625
2.176688074305489 1.593182856806748 2.8135819130435067
3.4072836168244716 0.8990963002822969 3.5374485019751543
3.703224758744037 1.324316073497941 0.5164022016604342
2.49312199918077 0.9782437570636177 0.9733131221627145
1.5706705408217083 1.5271503616574327 0.20078201857308908
6.478938111180658 0.5284158350758866 -0.43867855728641825
0.9820456156933148 0.9679042350202438 3.241658761517834
7.242719226468265 1.0180362107718064 0.42937394808400753
6.530477728803527 1.9978172786913182 0.9687402311794802
0.9872617893792002 10.714943785267925 -0.2539863619727567
7.64905729165298 6.438933822907563 2.7207370853213098
0.9228678030906593 5.952902916818762 4.5943446512662796
7.924274222113741 6.59578428874347 5.660517911387277
8.110335353548784 12.013938948191415 0.2588103736988323
4.9725508746333835 0.21083540956494254 5.774884520850153
8.017752309754888 0.5203890532754324 2.948996374426107
0.40667784703360504 7.3212892263700535 2.7839650762682067
4.656644132269127 12.49203863879211 -0.2809267089724643
15.933361724380367 0.24778095087631502 0.159497197013998
8.294599484271528 2.7231562485675656 3.8550961085978996
8.474982597742006 8.415445852881364 4.05579598396625
13.138378529988062 0.6323165272474807 2.4236094100606955
13.087518705248147 11.300044787371597 0.6532341758368787
13.837189771667068 12.217212956789071 -0.693014351643948
8.311522766949533 10.58923061684122 5.032823042953708
8.377751367840553 1.4833970487420314 -0.10362300243311418
13.562497391407708 1.4623571211542505 0.056492196198284494
11.252883403338357 1.010662659397588 5.784364902149597
11.70778222344678 1.239053585001547 1.6836816439809232
12.398551501836447 0.987506687735521 4.9154080375176505
8.565207178263393 11.945501138995844 4.5792345393502725
9.361263931652145 11.670109904349687 0.4859426252141419
10.14446415904831 1.7661151449480144 5.287340486695663
12.44423666434221 4.796436599776259 0.20150376154922878
8.62792707023069 12.06120056327069 3.0494867431912
9.431089753501857 9.866629661139694 2.411529355333606
9.658255894179774 11.290791284334611 2.270689275652078
9.556570282391988 10.759551530127366 -0.4136184165961543
11.352869433866536 3.1230484124717037 0.16801005982619466
10.08412835852948 3.599072567123618 2.820106208179628
11.014123191758241 11.83927614995404 2.569270103629626
10.993632810285385 7.661170777947013 4.490397989419128
11.247467684663894 4.392511423862411 2.4107700664419207
11.28285684542587 4.317646672188813 0.5757764146749922
11.106905557376678 5.887909478977933 2.75493264911106
11.820113803763075 6.775696637992565 3.7830676339977245
12.832597020088775 6.081554428953635 4.522220630641405
12.510967693735655 3.8890927354287457 2.8076691919193255
13.719797710745379 7.404185066675543 1.8822558193914518
12.782871428475557 7.936081572273446 2.643063995466306
10.201491221437175 4.787084594657053 -0.09468362996511215
13.810728713090992 3.2593026590554905 4.571261164930042
11.896614722002628 8.588553118175351 1.8855565093209903
13.463067467484443 8.886121234090057 3.363514681355928
15.85912821883035 3.225740531764457 2.9621873910529573
16.102999236667355 0.7336081405275534 4.963048723597283
14.654524267195882 12.064504453312873 0.8125681743886637
14.014562226597807 11.515390958070729 0.12189968944221086
14.933628787945349 10.374013073042638 -0.3618375101321558
15.395984405673671 10.970892068151457 5.9937766658687694
15.562588183592418 9.596505844943222 0.776876248440671
12.376921006163835 0.3381966047311648 -0.6017364508165413
13.119509022394515 0.47468457044881185 0.18441498129543432
16.224394143142156 7.701924933724498 5.570029298029796
12.448499493080526 0.4436845797495838 1.6010615981899934
15.697339235258994 2.8826408285550085 0.05679048000795328
15.31966753539094 10.806662582337086 2.3105356000242248
15.842078051248995 9.913388524984997 2.001426054162818
16.131170307318484 6.267992222875234 4.040713484755535
16.305356645727127 8.467361476152812 0.5217306347373085
16.26561775503344 8.026964313665596 -0.4635973105443236
16.946254334125108 0.2424224711700855 3.8929049570920418
17.104107735552375 9.112689572980587 3.4810283126845487
20.343752430356748 3.6617834903559765 0.5766727525582305
22.580429410330076 7.983491273455236 1.2952718391172047
16.697655457327404 6.494714666330035 5.241282281665448
16.83086254090525 1.0242309603459072 2.5360593630282824
24.46117972693018 4.269459824090176 5.21154817809237
21.771919173656624 8.657258624894771 5.326021767530814
20.389343999567085 9.375748944029603 0.9137660378000123
22.091517975040578 9.713470434331594 2.9864901318616566
22.948405883189253 10.221175298732776 0.7163256162576603
22.682182873476993 4.044030534829717 3.0790894912450417
20.53535190692975 0.2809230889761411 2.400884363218583
16.67560670585412 9.043280404478697 2.5690693032975718
21.176020031304265 7.556937077058249 5.174752752212026
23.73647980705977 5.0201982725861045 1.1033938248544528
20.14309054307027 1.5032627889207881 4.283118608307578
16.97646159674045 8.144158347191947 1.6101514826381969
19.72571713581134 8.540202561716663 1.6721651608087706
23.71182646664446 5.256852018720086 5.64556577417034
20.262631172590446 8.964452652209802 -0.30438132242683325
22.15736944421675 9.330588154917862 1.4724579064613952
17.969382269789442 6.762436471387705 4.990013057288199
18.303684227559792 2.9555982294823484 2.8657331391658456
22.507349433571793 2.3666428433739397 4.855695015754834
23.734731425124302 10.1715996142418 4.72294309582788
17.01786338064531 2.5697637802748585 2.4556911093181775
22.967805446453067 9.134226102596973 4.07878354485828
23.493798482370092 3.0551959577186496 4.060862107543582
17.657589197703512 7.315773669263497 1.7376034993859046
22.97857273135849 2.7075453335761814 0.9581924636793027
16.935206849634177 3.0533340616094042 0.6576389751374756
20.828200485106745 9.501891794094563 5.486363169684641
20.5868692814421 5.39093284780167 1.760328197199088
23.643092124974352 7.886172118387456 3.6622929949219962
17.656771729288685 2.322939400628606 -0.12654455702335254
21.165104967310832 4.631511040407312 0.8856935258734822
22.82954959834228 4.000719594275908 1.5251466065759423
21.230890637777346 5.246641393298971 -0.29438330773141286
17.405470237665117 4.324368784929734 0.5114193237775067
19.90476881458773 10.547052611836248 1.0635770934099031
0.8229714702224835 8.228439372486857 11.163492262683516
1.8082744771676627 9.216185444163566 11.207394975027205
3.4728685376989437 4.162478027190802 9.152277105686602
2.070188338438132 9.751741743449589 9.76325754773133
2.9015227628031695 10.98586660384081 9.471465922603718
3.526929386800453 10.715737833037421 8.15940796855902
3.366780988391023 8.261301330057995 11.802947434804128
3.8535023977340295 11.430096364321711 10.48366655206664
4.7300334874356516 4.336976925064912 8.789444925411125
5.055400597873754 5.749296814617612 7.614474830128427
5.339252656522616 4.4687812190897125 9.963393614699989
4.535350790704747 6.971518864657399 8.189764697678449
3.8436853280135437 7.453609928758807 10.82721269125625
5.134030878924736 3.19341877156365 8.24546802186842
6.590634910003527 5.754089573420901 7.505269949408402
6.860550083308365 11.04644676478058 9.469943209029932
4.39325638130588 9.004665412903258 12.151477412809292
1.7228053596423054 10.29634343533389 12.251356601497466
6.877631484360797 3.0821914381189504 12.039309286607217
7.128527671209221 2.2714870202151296 11.371320177267739
3.2689316013615586 8.610694380750427 6.902122354500149
6.921609608831689 9.303530579242288 7.510620090088053
7.773737880711805 8.050079293748716 9.007021417907012
3.9926336690040753 1.0997589541335402 10.623109380190028
6.594118199081374 1.0897036763523467 11.42620112290534
3.1098575401596866 7.444287199823094 12.78405472548799
3.2992369965346757 0.6990094182479542 12.174959973853884
5.482650627820492 0.6910970854118053 12.310052183686894
4.005315956240795 2.250303254408877 11.801333059489838
4.155717643518174 1.175670599195615 11.698163350651257
0.5268236499421495 12.006096762890651 8.65636382955192
1.7216604170255605 12.4407281572389 9.08743013049602
8.001612673979041 2.3042718914970868 10.36837332930208
0.9487108692034864 3.867325046503801 6.926186627485683
7.996916430204591 1.078497739904606 9.741630578991181
5.882779679593564 0.6792201837000604 6.579364309386562
7.953196546489044 6.082098801983008 12.04126806008566
7.137653215360135 0.32046647741838963 10.439827700236012
0.7493281382212174 9.573904716967089 6.353258894991647
0.5446354899417388 4.388141783419 11.098359245589078
0.30412667930552206 0.27956470834556163 9.735251251459877
5.522103882151465 1.133980001182407 13.305239685857389
6.723770279932254 12.638870924646595 6.25553080966181
7.993215562079762 9.089631200819905 8.208655217302372
1.6598142905553788 6.772979736653527 6.809243983338476
7.514668874009725 5.3758666413412 6.3446640073672524
4.331369170762458 5.3733525498980494 6.446666365197188
6.640046326008991 8.189219253406087 13.297550293749286
5.95864159518154 12.582335752859448 11.012991143379075
1.8691646243311402 0.12831902111813615 8.23748273050828
8.249602014947632 10.675560640810067 9.084032827733658
8.53551514038864 0.8870043967697437 8.825310913803097
8.538752599873133 3.1393718147542002 10.183471143866562
8.603995754541817 5.933063552012743 13.300094437998107
15.952402110108578 11.255710016025299 8.01722449867013
8.497284389052 9.513761780729164 12.180808449759779
8.282930600384443 11.931021092929797 12.056342968100605
9.01210489488228 10.756338935198066 11.755707700914705
8.949528828353726 11.601738114142545 8.200328966237805
13.976408909528265 1.2342622418185225 7.771477838670544
8.830698587570563 8.691211091914646 7.347472129493148
11.550494977413996 1.236652870015377 7.357753527294357
9.136915529293105 4.572122689872369 7.030449873504786
9.271283018055595 10.51375584477489 10.20769911674848
11.62738345312494 7.956734828605645 7.61194748727403
12.34377046864025 6.766646791160323 7.637940337909753
13.169953585775716 6.830681160223069 8.721367660632168
11.835956525773144 8.548084057891364 8.77316793683441
12.811438359146491 7.895455112638372 9.420710413748361
9.551078610648783 5.2198554579279905 8.055461655389236
13.573418914306767 8.510192109455973 10.534003541949104
11.49026825428013 9.455216933839077 9.246464423463955
9.009187852965757 3.3219055036974203 7.454615867368421
12.745731505829127 1.9887226569387126 7.932408593806861
13.568957635848395 2.4499665761182357 10.478648620992443
14.198125831227454 6.508674381575986 8.79602332442764
14.352278322089061 9.131093851230418 10.091330919376773
11.473814613399144 2.7822070055057857 10.10642078560678
12.490924657887541 6.206739867743292 6.810323348176449
12.519671548871697 2.020139203422422 9.80685259571291
10.952112256378154 8.106905866976819 6.782575755151746
14.112414237001934 7.561276887125634 11.587764905650603
12.827265770539778 9.173312527287951 10.971755524419539
12.971660121720097 11.437464436089607 8.887792095624702
12.765451882369025 3.352186980996965 7.543593924530125
14.957929521161073 10.868365386095729 7.26337544143833
12.36841672804806 0.7976245188597333 10.216200351714026
10.834801392826968 6.0038012495488395 11.8802386692509
14.822573022802525 9.569449316437852 7.533207160241088
11.309578701576521 9.752707354002442 12.738434243647555
13.331982632206087 6.970316058802479 12.067130956006471
14.464968774840425 8.195345592367492 12.401252566816718
14.985443621929436 7.0151817770046945 11.230413784302351
10.26678209495517 5.314311036562899 12.85809945904092
13.437157808867468 11.901348597349553 7.587125022842365
10.137843920787654 4.0455997240701755 12.41747322294376
10.644000132625004 10.862792877619778 12.741039463671598
11.491624329829147 11.762776300164504 12.352063303501051
12.549015113208245 11.522684055918292 6.569862844300008
15.166572731114623 4.524978124746559 6.276069829114993
10.185527368694759 4.5974586021408275 6.252649033322228
16.557915807740862 5.932598430022845 7.873152176408161
18.968799909964055 2.2149361508994017 6.422948512243698
22.347147241420377 8.486959665368065 6.475962323932794
23.850314106857358 8.092825311464763 9.168019768743882
22.834956366363933 5.6379573590773235 9.300325240074494
19.291934936477357 10.416499832651738 13.14655581453851
23.358338351254282 12.449611891784873 7.478047371995049
22.760562069598357 11.426773679602572 9.702298235992805
18.728623059812207 4.768717955726467 9.146218952369018
23.211887216850112 7.905006329733087 10.018628454460416
21.794976165520577 8.208858800842776 11.607205606420585
17.07302067932996 2.4977001119557647 7.964700142663953
22.655239565194258 6.7570118841268885 10.228414485707363
19.263076001758233 3.884495080819213 8.359389591563094
20.305338038922855 4.567409055684529 7.862509302035133
18.106052341808393 3.0967956790320526 7.185597950828109
21.970394848873372 6.915393178829557 11.432648310082584
21.589311948638258 6.051932601578084 11.95763560006246
19.825322612957937 2.9299696768378545 9.104905279711927
22.64997606065877 8.819841142007267 10.723830831065657
22.99768842840576 9.765149099872657 10.649071389977845
20.874509470643915 12.447246930061848 8.126454853550534
20.596765220776202 11.318828105907002 7.4624463188316
24.228949375817507 5.002783769485682 9.312533909159376
22.028693770603077 4.91199987091479 9.405331678237518
22.58732487100698 12.553895574413398 8.74287931471719
19.93762409775135 12.576914683750077 9.118555117045538
21.337192407040078 8.847320599673056 12.348286278070038
22.834839328482765 5.98913062333258 8.268444759709386
24.227798434513552 3.9146909524623132 9.248092487145064
16.461813366497356 5.215759513778582 6.605842167973898
17.628434236303324 4.243898397592139 6.301048618138928
7.969688844971025 4.817052689626 14.19559586274014
5.719807699255204 3.8270579018639386 14.246069571034262
6.518812588855388 4.929662035758937 14.669900571477534
5.840573733665453 6.188452016770598 14.380827314895658
1.483561928136567 11.3945831503789 14.73360283225202
5.4582078260056734 4.706542294060315 17.087592812572968
3.517349282320335 10.32244335338278 15.140269525577082
4.872671240806343 10.724729716452668 15.203894899091106
4.961883704557545 12.253765314726456 15.365034514112324
5.7717404550195655 10.167696089431807 14.148159066101163
5.460946743383908 8.77983042513592 16.87668974713794
5.117107899254184 10.599177623370027 17.902505988936102
5.573527137982365 10.038070107262707 16.82332134705234
6.8440729661666895 10.343732594927648 16.69499046502212
6.627314735479662 4.7426768383154245 16.516291894774476
7.154337353623706 3.558107612906657 16.857703109323783
7.261030623057319 5.711640629741635 17.171352070404097
11.119767160780984 5.247545197340341 13.936653079769517
8.750634827790995 7.163784040121843 13.958095497225566
10.457472429244415 11.02489599776467 14.085436906301098
24.459702455106516 9.694981802060894 14.80209483400545
19.24858405114596 11.040214379369838 14.257214057037698
23.75002700346006 9.529283157492772 15.84941990716385
20.468491914153663 11.090905925022854 14.65443065840747
23.944010337666448 8.949727275095734 13.89102560962793
23.006661485451243 11.910372289176939 14.298803536098239
18.44334407520959 10.285527444353153 14.996755643973572
24.406144589097433 11.496629651026334 14.195313996402856
1.2299509507280995 13.469999479456144 -3.350000176173488
1.229950370831304 16.308682919812377 -3.3499998972080167
2.459039756909332 15.599413030239758 -3.3499999238832903
2.4590443248626235 14.180520429651565 -3.3499999428816674
3.6809556649051216 13.469479555379275 -3.349999964278677
3.6809597861499856 16.30919632337762 -3.349999978901147
4.910050067534031 15.599935134398953 -3.3499999718117355
4.910049111924489 14.18000049331529 -3.3499999753668974
6.140000000121573 13.470030701953405 -3.3499998952608645
6.139999990923627 16.308651872742555 -3.349999893146811
7.369949933714386 15.59993512977468 -3.349999885112842
7.369950890528311 14.180000484011138 -3.3499998802341557
1.229950371330095 17.721317047404625 -3.3499999212020604
1.2299509055565687 20.56000619502025 -3.34999997404962
2.459044361079669 19.849479803175083 -3.3499999003415946
2.4590397704814135 18.430586976883458 -3.3499999113469405
3.680959780975087 17.72080365922696 -3.3499999114873047
3.680955675165655 20.560526367220657 -3.349999898931383
4.9100490888439525 19.849999732522136 -3.349999942377888
4.9100500221169945 18.430064869652725 -3.3500002215799416
6.140000019419202 17.721348082601533 -3.349999992522834
6.140000003871754 20.55997493668274 -3.34999992103112
1.2299507791309927 21.979991349737844 -3.349999928654188
1.2299459548273337 24.810544347434938 -3.349999922178779
2.459005330858655 24.108918209533826 -3.3499999070434328
2.4590445185621923 22.690463439534383 -3.3499999244916303
3.6809559634795534 21.979471053210947 -3.349999912022452
3.6809946699700755 24.81108178838666 -3.3499999163882244
4.910054045464937 24.109455658616145 -3.3499999220201824
4.910049077517367 22.68994574064874 -3.3499999227836086
6.140000001531117 21.980022637363636 -3.349999933514435
6.139999998703224 24.810510179875536 -3.3499999290344573
7.369950903573931 19.84999972119748 -3.3499999249013044
7.369949941257918 18.43006487496967 -3.3499999071131903
7.369945957210322 24.109455656991813 -3.3499999250592216
7.369950912236358 22.689945748770654 -3.3499999839360517
1.0821790350900908e-08 22.68991480070543 -3.349999919327723
7.170905890127564e-10 19.85003092443412 -3.349999951069458
4.881138533404218e-09 24.109489825094997 -3.3499999320627385
8.599044335169213 13.469479547116336 -3.349999910608239
8.599040211263215 16.309196317892226 -3.3499999160505722
9.820960203949237 15.599413051849723 -3.3500001803777946
9.820955657157883 14.18052039557898 -3.349999960931674
11.050049106643444 13.469999490674292 -3.3499998789874286
11.05004966018668 16.308682961294213 -3.3499999952120096
12.279999992961924 15.599966862931977 -3.3499999346491274
12.279999966365429 14.179969271107673 -3.349999955510329
13.509950874323067 13.469999423432807 -3.350000156348382
13.50995036876455 16.308682968674486 -3.3499999662743543
14.739039825170302 15.599413094876848 -3.3500000802051657
14.739044443823845 14.180520380599589 -3.3500002544657494
15.960955667698112 13.469479556287553 -3.3499998665460327
15.960959772867815 16.309196335512627 -3.349999997984362
8.599040218729309 17.720803672430755 -3.3499999223294674
8.59904431563231 20.5605263734649 -3.350000046407622
9.820955664698973 19.84947980154893 -3.3499999999919297
9.820960243204746 18.430586972480018 -3.349999927794544
11.05004963711024 17.721317048086824 -3.3499999076416187
11.050049114484729 20.560006210613405 -3.349999880221529
12.280000002404154 19.850030937857536 -3.3499998960132684
12.280000007263277 18.43003315732692 -3.3499999012286255
13.509950371908698 17.721317048964952 -3.349999912397663
13.509950894965366 20.560006203074046 -3.349999882055137
8.59904406441899 21.979471061189955 -3.350000088630879
8.599005344534262 24.81108178590324 -3.3499999037651684
9.820994692026495 24.10891820720572 -3.3499998793319885
9.820955499533989 22.69046344230961 -3.349999893352309
11.050049218386903 21.97999132759786 -3.349999953074364
11.050054064163833 24.81054435493604 -3.349999888759183
12.28000004131949 24.109489889776757 -3.3500001430355075
12.28000007781458 22.6899147441322 -3.3500003329164754
13.50995078048799 21.97999135310182 -3.3499998574624925
13.509945920765757 24.810544367744406 -3.350000133834836
14.739044374916967 19.849479793146795 -3.3499998680819063
14.739039782039107 18.430586981161913 -3.3499999134315317
15.960959795452881 17.720803680895514 -3.349999890826335
15.960955687648031 20.560526350212406 -3.3499998776931585
14.739005338438686 24.10891820127726 -3.3499999698898177
14.739044509893471 22.690463445510797 -3.349999869890582
15.960955943746411 21.97947104564413 -3.3500000328815305
15.960994665049917 24.811081787511775 -3.3499998800820707
17.190050072936423 15.599935142796424 -3.3499999523905855
17.190049105418783 14.18000050945365 -3.3499998860342606
18.420000010406472 13.470030717133566 -3.3499998893719587
18.420000008800027 16.308651892932726 -3.349999851994151
19.649949941950727 15.599935149281015 -3.349999874003653
19.64995090393532 14.180000509973471 -3.3499998710023995
20.87904432897677 13.469479579369386 -3.3499998959574206
20.87904020543443 16.3091963134756 -3.3499999740342568
22.10096023557324 15.599413035020943 -3.3499999068054342
22.100955657507974 14.18052046356469 -3.349999971582287
23.33004910233184 13.469999516898456 -3.34999990959349
23.33004961906261 16.308682933035264 -3.3499998785176786
17.19004907932577 19.849999728674522 -3.3499999557950213
17.190050043039015 18.430064858128745 -3.3499999353264887
18.420000000410838 17.721348101757094 -3.3499998665783446
18.419999993072594 20.559974943886953 -3.3499999102641698
19.649950889857262 19.849999702080346 -3.3499999153509585
19.64994993389459 18.430064865742313 -3.3499998666237554
20.87904020496215 17.72080367091229 -3.3499999104306744
20.87904432942972 20.560526326948235 -3.3500000672240926
17.190054049354902 24.1094556523187 -3.3499999058959062
17.19004910509284 22.68994575409666 -3.3499999996404615
18.420000000623332 21.98002263143207 -3.349999898840977
18.420000012132242 24.81051015146462 -3.3499999585022397
19.649945946074737 24.109455654786384 -3.349999897570507
19.64995089841846 22.689945753467615 -3.3499999467403763
20.879044043852936 21.97947108619863 -3.3500001449855477
20.87900532496043 24.811081792648466 -3.3499998965541913
22.100955630401714 19.849479786310297 -3.349999902586387
22.100960225448098 18.430586961836525 -3.349999884514052
23.330049620446133 17.72131703903097 -3.349999886220866
23.330049105705335 20.560006186984985 -3.3499999287146034
22.100994671916748 24.10891821626036 -3.3499999083873035
22.100955477917978 22.69046345848916 -3.349999983686993
23.330049228880657 21.9799913571768 -3.3499999681794557
23.33005404717512 24.810544342766992 -3.3499999327570107
24.55999997550807 18.430033141734828 -3.349999996042702
24.5599999911839 24.109489833304625 -3.349999910321678
24.559999992479923 22.6899148136609 -3.3499999158609093
24.559999985320854 19.850030933765126 -3.3499999619880025
24.55999999187429 14.179969293897182 -3.349999898394386
24.559999985235407 15.599966856807852 -3.3499998861695857
5.271407528777131 18.398351799855927 -0.7421079195980973
6.872799891626296 16.748490756819276 -0.030669583374199894
1.0156821710004806 22.947601250769033 2.212684094257119
6.339328392587187 16.79960250933366 1.6472424920348272
1.5275298404197433 13.389245785612042 4.897042785313709
4.51634404347652 18.39430613667275 0.9662743562834397
0.6900492988177451 13.113030447866795 1.9231145568068186
6.143180221992779 18.942418374168426 0.7470908519048924
2.4610674975819817 14.112858691440751 -0.18057406588653624
3.223253302843853 16.47022726004808 -0.12262554192928876
4.536989916113638 13.554525936338697 -0.12859939342785176
4.028773025269373 20.277339983661605 5.08528613215266
2.397576110495856 21.93022134578526 -0.029315207167591728
2.332582616135372 21.16426821345292 3.0455928872445934
3.8881468758634585 15.62637645863933 -0.012025535090774975
5.1964530797113975 15.642931618530127 0.20657770224927652
3.1363286417724394 22.796662554846495 4.82670879466923
5.632629040494673 14.380749820996392 0.11893190565871903
6.000953604318884 16.864657647164403 0.6131388549463601
3.42663385214806 14.393189714316316 -0.08467759829521193
5.39434515062541 18.267250012174927 0.33297285060511106
6.627295907172406 14.002795709105591 0.3038332675616773
5.073257057070057 20.473091431849728 4.374994887991682
0.6861146615045847 14.417254583286432 2.6937389441261352
2.3509700254030967 15.319014656694351 4.571511080804816
1.1307342749224438 15.58877300690554 1.8941279119547516
7.052662244731268 14.173117313865902 4.911703325742477
7.28949718692662 17.281602937432382 3.6858218042245827
0.4604740549837938 13.718981939721964 -0.3802756738549884
3.4595472995703123 24.883315418311177 0.8357306682163779
2.052091890422281 14.146827968263343 3.9731933088605373
3.2036969096299512 13.673125635199844 3.475501294064575
2.6164512511170535 21.439128516360732 4.5607981525245025
3.7090207465532834 18.994896275629355 4.915109827492049
1.5378216849245245 21.202863697354257 5.508747367806808
1.6243228343810834 20.983480859853106 0.58136877222291
2.323198085078147 19.81854981301044 0.549278974386449
1.148194797354333 21.517697179844053 2.2580943717984603
0.7362312742148657 25.07621644074027 5.594601713759284
0.4953861049562171 25.338485553644574 2.174579358864838
8.123589208388086 20.790469393313874 1.349047613544544
0.5752245848979102 20.75506678117056 -0.19056116420116287
7.673052079104471 18.162734268734596 5.566329854312172
7.010058850550997 12.8310732618396 5.024090393884314
8.364762541046087 22.84862566327642 5.129674023282405
8.271182431854632 21.94789438008339 -0.3034650365649083
8.234023431255215 17.859034181971612 4.397898187384905
8.40126998271959 18.97864524348088 3.7206983573231236
8.838205273624398 15.279413871342808 2.0374446752126163
10.299120683909253 16.992711555217056 3.187510319939175
9.489391502145816 17.251521866386536 -0.013558127120358865
9.074392218590516 19.99083600997013 -0.27096993813446657
10.892775253727034 21.4583275685482 4.474764237725201
13.566096174094994 18.762446796672837 5.048615874719423
10.29732685953569 15.362998334832088 -0.41804623783812556
14.142932622785539 14.621733559001903 1.2176121346706015
10.1719281724348 15.809451527800498 2.122355323417695
8.94857247062606 21.11443223924368 0.4258057795056336
9.7566055578146 16.97285181612599 4.652732397482858
10.517076904479136 17.848551291202057 5.461110129031443
10.035794611516966 22.634902762280284 2.4712544136437953
11.595470835180526 16.91329642854316 0.3265304726774376
10.4709660486902 21.741277458618814 1.2590216915116792
11.225226887888743 20.61042708675799 1.6542703018349303
10.695350017254086 22.65534302842575 3.840998442646213
11.063792994169038 22.61438508864573 0.23020144365840656
12.524720940115076 18.765065491395927 2.468293349937871
9.52710179383575 15.66614865618498 5.240375828062338
11.739378662431132 23.568435517889185 3.852717430882673
12.700490981021852 24.119833369163423 1.417845967884508
10.4219361791451 16.365456688815588 0.41234862015217977
13.85666696835974 20.32275271721662 0.5596507720073085
13.766297254969679 16.73728666551939 2.4290338184965385
15.59788627197165 16.854635496171152 0.5781965641427467
14.69263177624579 15.83281102926538 1.8345242468932677
14.243432702473656 22.446454084770213 1.617792461755987
14.725326395330077 21.1055557395167 1.3534557096533073
11.211825458203263 14.887850710746138 2.4948894497314633
14.700038635808085 17.36220751809668 -0.22771810208843557
14.057756429524197 21.648654804367297 4.711027520128118
14.375248790799636 25.296077860787896 3.106192290833105
13.753265651877198 24.16105642159773 5.111452511991096
9.260853570319398 24.81198410200031 4.554757409942378
15.067538549031884 20.733284416155595 4.207109597198723
15.698712912154734 15.45637559878767 2.9993746784064115
14.813845696191258 19.27283430697119 5.2921384574231904
11.913392415146712 13.37283063214558 4.312102434628509
14.900471416512595 20.287026061676972 2.738117052134056
10.034203101435109 12.76310994822627 0.03273272717791653
9.515744096058043 23.509055134287074 4.970110713995073
14.686624855164101 13.733830594270271 4.124241063686034
15.812900872749557 25.408359243125876 3.383690870273206
15.683541792276325 25.045090618940314 0.6835700573924941
15.630141950777835 18.288086929806546 4.925554440715513
16.254461415715387 17.868799792743115 1.0424113378104083
15.9570914657747 14.13424714923536 3.575033674114528
9.622769478505784 12.779067643384689 5.164438618207968
9.994662409864207 23.64707285809592 6.233412127128095
20.21848942222461 17.675975857431826 2.947894623814719
24.33003105930052 19.386886432275904 5.552994377361231
16.422458023462248 16.09253006740819 -0.20385482858274684
19.875641401912905 17.842035951505043 5.037934867569273
20.70496295336225 13.192170721657906 0.06545986082384325
18.337326394788633 16.99756089897444 0.5407651088149423
16.529353143971292 25.493833990342516 1.6636748698948833
22.293414427489115 15.789754041886988 6.007245832428061
23.773538963715424 19.11878116293451 1.335830278986181
22.657618886375353 14.54418344594605 2.116585363920227
16.418306060451744 21.198278520321274 4.389370523520974
21.075920648848705 22.08236127320488 2.122513567576357
19.756416341212812 22.62931882123433 2.374704400499853
22.2769371691907 16.193521889839506 4.0440024473233755
22.39131980219984 24.01474998766467 5.831253905946879
20.803482988516468 15.254274765211427 0.08821579283233794
21.246022077173745 13.567561557023534 2.268536041652869
19.956775787777364 23.97098825077165 5.674876151648426
21.013380981632015 23.3385532989751 -0.20741410026581697
18.458465313362446 22.709083905491212 4.4169530764586415
20.407247656763303 17.40806823548375 -0.009972878046990985
16.461410330827594 21.17284542400202 0.7012760678117747
16.57915378622371 22.06209234131272 -0.325631337678034
17.583547067792328 24.701339706454103 1.5246337853287961
22.248107347925966 19.743930492584877 4.55940091674051
17.169759496152476 20.07382859113908 0.43622417488043075
19.874067776450353 18.541382028108675 3.8656800297977787
20.944609334682095 20.12725136607301 4.018492693770143
20.379780730706052 18.485470335659727 -0.07961684765265153
16.565415442739614 13.220075419371204 2.704169990478036
17.10518766551702 14.286288142363968 5.043784996194876
20.14333235397101 21.058031697627364 4.797960268929592
21.37805544580529 16.537854739838593 -0.01876328215592582
16.700542899177563 15.360729982780278 5.627070345322313
19.265974839288337 16.64300455808598 0.36187445058082024
16.480867756393614 24.25850112984876 3.9285688084443326
22.396899873670137 16.73452120083247 -0.3182266937937983
22.756762904294465 12.863336683640133 1.5991117215747697
17.186755724331455 21.67921635420064 1.6090842191648957
16.920873480129952 13.35242497357188 5.974596486255955
22.427222345371085 21.689074551246453 -0.23858213844600185
21.216184367241155 22.0914086817591 0.22330202780693975
22.189294129239947 22.827501917243822 2.625041327323853
21.182347699806716 24.668066724470002 6.10582117994063
22.109440122447026 13.73989396771745 1.6259546698637783
24.373251599890956 23.640190435977527 4.32461671642184
18.821367272997378 14.66146792050354 0.8408566827758102
22.80631719683733 15.341430839748664 4.8383688208185625
22.266249880930076 13.73761343897275 -0.54073198635047
18.429947364135206 14.53674542701259 4.868457542287734
21.484845250166558 13.94327753965747 0.19084786677998067
20.344639974563776 21.309756600612754 -0.42348006244901093
21.10036394861399 20.6019239246378 2.5707495244796688
18.654294720421532 18.892511919845173 3.5903766177794525
22.33362495095269 14.11821812788044 4.585071394007323
19.538762565978303 15.383531329856895 0.47979100113004325
1.3669767565994941 22.67282276054916 11.567067238807867
1.8633161650052612 21.32372309736311 11.452213612849176
1.6319963891268825 20.964125351104773 9.690665149594974
2.2413707269412946 19.843866841151407 9.405954648465785
2.277310572477535 21.913080663158148 8.98022377238653
4.276246976008005 16.2360409817172 9.411754132045168
4.893233230558377 16.368738464189725 8.253427036229999
0.7657238262999351 17.13949008595865 11.74351704234429
3.404263286708817 21.11903349544842 11.929685952100371
4.792429103033547 17.6761694982341 8.101121363588014
6.391582162138072 14.377543961032188 9.067420030249748
6.696836297093944 15.686430823785036 8.4640081924396
1.297669411060589 15.142474689719961 12.078934175946497
7.285936295107231 15.781184361554768 7.186048634723309
1.1293548810342922 16.312419874203382 12.682670502326705
7.361333647941087 16.50742849173423 9.624774914001845
2.3828610588362746 16.754171362758193 13.07358224113597
6.292551343876643 23.73870214409862 8.522257491747762
7.389622947250622 24.448162127628095 10.341145711374967
6.491818672506353 20.954747953151244 9.604002460408154
7.762879604982054 21.702292374731048 10.093634724692382
7.5285458735573565 21.022644981655084 9.274325794312364
7.798444031338381 21.3700476982044 8.27704632648357
4.134289760591001 15.654048568732462 7.371588606184714
2.261026093419637 13.20103644276797 8.128646027986699
2.0914471400183277 24.775438136881203 12.975760778647828
4.676693574681562 24.497791985434116 11.023975458433249
6.456436464300451 21.89292104074003 12.750351137595903
5.81160047765598 19.890834449453386 13.218806924794313
0.24252073830289492 17.3937473825174 8.447638197366858
8.097043801008642 17.052171326848935 12.61229708810135
6.608986586488805 24.802740861717727 9.320394717754967
0.9848039747628085 20.290477219817713 12.051965934550271
1.5184624919014051 18.131984514272478 6.842453037049905
7.653101361576655 18.946601582879754 8.717043420662076
1.116526068677232 17.013319289642663 8.976305530437287
0.37102478336101763 20.888435243742975 9.38777436472366
0.6966336621241705 17.426456186015358 6.96462976382544
1.43139622501411 13.23399696567402 10.111568051553041
7.252293193755539 15.050511914973528 12.312431447114566
4.401831463683101 20.406476544988607 6.372024575429248
5.017605091873749 13.188417783369658 13.127077412314824
2.759709406494954 24.239149678728598 6.656100721977399
1.2139028748464025 16.501995447692916 6.707910257576421
8.29014594962401 15.831955579474503 12.141364891204738
8.254391814581956 19.65575964360568 9.285941158799837
8.233176547963998 19.347381705127948 10.331193740598628
8.674386538981492 16.044896448282252 10.348558209745702
9.035708239043384 14.73504114666611 9.912368412363904
9.032662753123265 20.385512229430617 6.7189390344278745
9.222824782891559 14.12837829303157 7.608014070975033
12.813634183020175 24.81582961628165 11.772748550855054
11.571619098275447 14.12384711811706 8.637475278774291
9.763224950691518 16.983664700725043 10.25973164505736
9.566268231370463 19.73508629992069 8.652900719929892
10.785692020274753 19.707636805674852 9.328457419459586
11.174868955815349 20.367469751025656 7.183216352411703
9.811750096863552 20.14175515624183 7.426049634031618
13.481802231164778 24.976561286823284 9.161571647138361
14.568451490575097 23.839114022518952 9.219288677187011
10.820389414766078 19.46551238743554 10.380394611918739
14.279570993111738 21.851201591756585 7.8392326187458305
12.270717643079934 24.628841289987687 10.57584637918804
12.630896581526077 24.904756144153264 8.005337137618605
11.761347501159175 23.42889175462789 10.442939553889016
11.771321993311743 19.939215701480038 8.370392426691526
11.641946136745625 15.988090661162499 11.163684313303527
15.128191558288025 23.000776482131723 7.999188718229738
13.045002396504213 15.984578663639194 12.717440435919803
12.835235666472022 20.042905418033488 8.524457798320809
13.459360724616802 16.037848778675386 8.254513138652115
14.054401830391205 16.00241197183573 9.44559419226004
13.50081598694189 18.63190578615315 11.215058665221774
14.598014654785489 19.346531820338633 10.967327605457552
15.851121695141016 19.111447241046392 12.301476349767277
14.404189834388122 16.45326688364228 7.449184922009113
14.366776652331916 20.647023808501597 10.768925568673684
15.026354299330052 18.944155016960995 9.781437982821407
12.691798743494482 17.084968436334613 8.401870383104507
12.847712760987799 14.18464660893072 11.4524995567859
12.45731563586454 13.495302551682899 10.718473089002371
12.331180648233584 15.473702063684723 11.693269206359053
13.821510072226342 13.512019717893365 7.42811245146516
12.626509432141962 14.475766090899137 7.706996481648833
11.489464199956359 20.732418364570886 6.295555188574742
13.675222894196304 13.920335283908967 12.422904683341754
15.275168919942201 23.760260176453475 6.818256534624194
14.225460107714882 12.996972086336726 12.527973299428373
16.25655358431485 23.926985351617056 12.857835817719423
15.88234040786719 17.63455382013117 12.337310191796863
11.182209749557705 25.40008228334842 10.558006651780747
9.2426529232815 15.360762971859314 12.922933570162442
14.932201700125425 19.415945485048923 6.620205978333012
13.900813002222382 15.060580195026587 13.12727947424525
12.14465582768134 14.7443516634882 6.361359380739605
17.1716433940239 24.281411244476153 12.406844768503884
17.017026728591645 19.896768721595237 11.875085275703826
17.404600861884383 25.518261115313976 11.84907951786905
18.588728833289647 25.50129074717348 11.178459819335977
18.464987777389293 22.603206740500827 12.499215371005775
17.34892128249303 18.58034302681895 7.096756792562018
22.681421239807573 16.425162987056414 10.940035593347393
23.695984221630166 14.134534387279183 10.5489923277931
19.166788594820964 15.045862359639997 8.64475088250885
18.901535089075246 14.930995606858533 10.738631149176733
18.6657660617268 15.824854878948463 11.776321107455836
18.995074055594486 15.543061153452294 9.587993945789552
23.88748405376094 15.965345487838283 10.647401270788674
16.793521036688368 21.471832276484964 9.260016342506074
18.36246624687528 17.9807357924703 11.664005579773338
16.799329382507796 22.37143881388697 8.33973900909647
17.627750993931105 23.30652288564271 8.735837977521644
17.254517394243315 21.80783962506461 7.304240757820853
18.503418746341488 17.008313919477906 11.215755544917275
17.544161321677475 17.699679700155276 7.708650110658622
22.251062772536145 20.897712098583707 10.420267361945413
18.510948527579746 17.953480027224217 8.893343939784469
21.070267138196904 20.42063087991213 10.891735067982498
18.607783974451316 16.86922453388254 9.88662541973206
20.058817373506358 21.166891873500315 10.54562594507413
20.758035850654775 19.22421748697346 10.390612309535932
18.11208519645904 18.840063917198613 9.386270961981825
19.544013074540153 18.162889571362093 8.61580964507263
16.72234687388542 17.20039661982642 8.2219116610191
18.717343996654574 15.611873348918087 12.762261564316773
19.056842069157376 13.88607712397033 10.963186501041273
22.064235119815788 19.090454317248657 13.102017482505413
23.228687001055643 13.68294250359735 11.821804172383443
20.312228662583646 23.690700566234902 8.434212077111031
22.68608945771295 13.919153820652392 9.393110809939246
24.165120886432657 20.976299937574083 8.069811722374338
21.230551361263178 20.418439985898758 12.753781922807143
19.097774274704197 24.238376761481728 11.287458162853385
18.25714288457896 23.54672795818532 12.204820717138787
17.978896576010026 16.89651447177597 7.1136451740969004
20.010520394913822 23.841367814630946 10.868318071549627
19.8608853769318 20.394977799053 13.217337599478302
20.58479553901191 13.575953700403462 7.422566905708468
24.36559820758229 23.082045851615852 8.065637272472475
21.064105538177966 24.67419059480287 7.928742021997195
23.95835374404775 24.90225139160679 12.692225512352868
22.051913371466515 21.51835659964294 13.01071282132759
22.20092526707848 24.569711736807076 8.611894944781742
24.401442786937118 16.519389044941025 9.536777982074744
3.8847648734923896 21.58319685568162 13.341543329735945
5.64825269432158 21.12348005360726 13.518548885400554
0.2675017955536441 17.57968850657644 14.821930016563911
0.4229269012918806 15.076149179232054 15.066028339443307
0.9603707828528316 14.92571005342545 17.884556152611953
3.7879308980297073 23.01668246567626 13.617667718235056
0.8035889428673576 19.903649161934894 14.348273639986445
3.1726446187892545 20.67861505070491 14.243251885962414
4.4552097438412535 13.301817840267368 14.470313257625826
6.099717111859 21.20987400752376 14.786911634414793
4.767541711405804 15.980735250003258 14.33053383393807
5.046225943901599 14.975531477844571 15.2080902674682
4.400134330443309 15.361765591135473 16.335602860810408
6.349121093305388 15.013494444623282 15.51242875982424
3.027044758608583 13.289611093496951 14.517384072992588
0.44646108159278347 23.198792076574932 17.818790669391916
0.006165062486154228 16.286771254162435 14.195014762332402
12.986552539207958 16.858580304493866 13.349187811035158
12.858770620511951 14.83851540233834 15.586138220266527
15.233322130206565 19.741733114630264 13.594288133983632
13.974560139127908 13.454685391831829 15.432573977219949
13.90535455331647 14.536350102667868 15.547951792433082
14.397197864203905 21.860594452702873 16.06281119068087
15.61723769674871 14.584455621718456 14.249711054168321
14.234268819313465 14.787254177433148 16.556397403722407
14.90047197086209 20.681061907637904 16.060079467969764
13.852127013069698 19.84649832719738 15.996297355968245
14.686220942815336 15.138206251357161 14.370822756916287
14.939543491802981 16.188585399054965 14.514458869314325
16.09147074942684 20.400352905415442 14.693920532696199
15.41832212779062 20.431344062257082 17.253091715998412
17.301412084936064 12.771930053493787 13.390834832395335
24.379352273178245 14.642077504705004 14.582707825994097
19.706823602341068 13.434113793663823 13.387865890765816
18.523026589562797 15.761300289756543 14.838193250176085
16.97985204040634 14.667369782633637 17.66257206259478
18.581783496333045 12.77753654662178 14.070587861261458
17.700093904464225 25.16099786909249 17.311329613466178
24.24190370309305 19.495952953117925 15.480755045128914
23.969993158310153 17.575086317419714 16.165469833104186
18.161430513006753 15.280013395112181 17.469826149440536
20.44269078377013 14.613160744945155 16.11500739756322
22.770987209102486 21.660022317125303 19.02962032606446
19.026640345497544 14.805083196232086 15.834459638537862
23.924151655158123 18.280320961466273 15.070429511080722
18.92881775445739 15.031292834482876 18.51963048511686
16.552941487349536 21.69931824704158 14.385383383516364
21.957159250227296 16.781417453165755 13.980143377488254
17.80895046953276 23.178423609480884 16.929515870361808
22.729358661289208 23.059862440967134 16.302919272730463
19.27848441208108 20.24203544193356 15.743007848496532
16.990534389549648 19.476800403596265 15.218723241354601
22.178067404940368 18.17139511773078 14.358722452060984
20.620001717984973 24.192603492524764 17.071198974649995
22.78319004012709 23.842468296693905 19.206205608952384
18.04905964756771 24.3239605300677 16.388235238464578
21.245369917725267 18.49171562006314 15.395099261197434
22.03010536841919 14.366616306318075 13.885368956210698
19.785652107746415 24.463057135373678 15.767259572020357
21.57488864894804 22.92436639077842 17.105401478684033
17.95842284229813 16.617073156188695 17.530376589583852
17.142267611911297 24.57885179414887 15.392854590777008
21.04887414606469 22.758085659867604 19.72818354814018
19.874959647155634 23.45196267766586 14.730632490218884
24.031970992562155 22.87246015201498 14.032349980147082
22.068724816770043 22.75294717636103 18.79136296449844
18.432779820167404 13.451329746336112 15.516414073783096
20.841206723747437 21.71168704291671 16.86887564160291
1.2299509007128422 26.230054261966696 -3.349999949283431
1.2299508996565653 29.070000260229595 -3.349999908325718
2.4590443182232176 28.359473648128947 -3.349999907337317
2.459044017668572 26.940528971042962 -3.3500001413195024
3.680955501476925 26.229536553667195 -3.350000026845258
3.680955629284041 29.070520187938175 -3.349999951596565
4.910049109809661 28.359993805364724 -3.3499999052966634
4.910049227105705 26.940008668198445 -3.349999940060772
6.140000000762948 26.230085200097477 -3.3499999250096213
6.139999998442943 29.069969076216726 -3.34999989617379
1.2299498924123629 30.48993502285657 -3.350000415742561
1.2299499488384433 33.320064877428415 -3.3499999693622193
2.45904023096911 32.61080368362072 -3.349999956369898
2.459040312026876 31.1991963287547 -3.3500002512897433
3.6809602188681874 30.489413028651743 -3.3500000644065753
3.680960240770262 33.320586965103566 -3.3499999181759876
4.910049638578076 32.61131704339655 -3.349999899864937
4.910049647013869 31.198682961407492 -3.3499999823681117
6.140000009876851 30.489966838833002 -3.3499998995653533
6.140000003922542 33.32003314891454 -3.349999906889649
7.369950886477207 28.359993813346676 -3.34999989435111
7.369950774485465 26.940008655273548 -3.349999900816724
7.369950368543783 32.61131704026931 -3.3499998905225614
7.369950365666703 31.198682941786434 -3.3499998770829875
1.2299509036908103 34.73999972004003 -3.349999936900676
1.2299509177342736 37.57994575208488 -3.349999919725375
2.4590440320513998 36.869471063356485 -3.349999933810829
2.4590443208258237 35.45052637274961 -3.349999925692815
3.6809556417896805 34.7394797965494 -3.349999924056004
3.6809554868159107 37.5804634476286 -3.3499999509352274
4.9100492231066974 36.8699913577909 -3.3499999097868702
4.910049109997792 35.45000619959189 -3.3499999197545915
6.1399999984517 34.740030920245964 -3.349999924222924
6.139999990556524 37.57991481499495 -3.349999915927251
7.369950771017715 36.869991354742076 -3.3499999269658707
7.369950889653282 35.45000618954657 -3.349999929132903
8.599044530340702 26.229536561472884 -3.34999990290458
8.599044362577763 29.07052020716905 -3.3499998989005055
9.82095569006966 28.3594736332041 -3.349999885637213
9.820955986162065 26.940528941393644 -3.349999882853064
11.050049104320594 26.230054253786445 -3.34999986292436
11.050049079524424 29.07000026306811 -3.349999924749767
12.279999966705857 28.36002496489625 -3.3500000713633793
12.280000009804674 26.939977346645055 -3.3499998525186725
13.509950905597083 26.230054263851525 -3.3499998644904694
13.509951023679017 29.07000015447405 -3.3500005513114193
8.599039740593431 30.489413013725585 -3.349999965644026
8.599039756355959 33.320586968115755 -3.3499999168849826
9.820959794659803 32.61080370847374 -3.3500000650443775
9.82095980841646 31.199196283162216 -3.350000206686501
11.050050047972356 30.489935112199333 -3.349999935676088
11.050050056523908 33.32006487451733 -3.349999915586258
12.279999995716352 32.611348118160734 -3.3499999233265507
12.279999977887725 31.198651905779386 -3.349999984100782
13.509950009751243 30.489935204750143 -3.3500002823516817
13.509949944008403 33.320064890597656 -3.3499999189044027
14.739044322505684 28.359473607296835 -3.3499999129361893
14.739044012521667 26.940528934749324 -3.3499998594386913
15.96095546616447 26.229536555238358 -3.3499998800082365
15.960955636690521 29.070520194783125 -3.3499999039924844
14.739040228364269 32.61080368442068 -3.3499999197575736
14.739040230569062 31.19919632130987 -3.3499999247662626
15.960960241479254 30.48941301573396 -3.3499999138656102
15.960960231653702 33.32058698909973 -3.3499999410663674
8.59904436669295 34.7394797890528 -3.349999919977378
8.59904453087041 37.58046344583264 -3.349999921251736
9.820955988069969 36.86947106111132 -3.3499999223762744
9.820955687099021 35.450526372119384 -3.3499999215151197
11.050049042527304 34.73999967360655 -3.3500000500097036
11.050049071173879 37.57994578310349 -3.349999942397762
12.280000028979863 36.8700228890337 -3.350000981659589
12.280000080046618 35.44997470130796 -3.350001652828504
13.509950968297646 34.7399996999083 -3.349999958173081
13.509950916429416 37.57994581190807 -3.3500002463131584
14.739044059678218 36.8694710433385 -3.3500000878862513
14.739044323450399 35.45052636655719 -3.3499998893681457
15.960955637427231 34.73947980439877 -3.3499998902367745
15.960955471109934 37.58046344209027 -3.3499998949916487
17.190049098735816 28.359993809155416 -3.349999929766534
17.19004919808512 26.940008652300254 -3.3499999941245395
18.41999999989276 26.230085140998344 -3.3500002267486426
18.41999999152869 29.069969115606348 -3.349999999309868
19.649950969940402 28.35999388797918 -3.350000278714098
19.649950876777474 26.940008569606302 -3.3500003909470233
20.879044540812163 26.229536549003583 -3.349999876426991
20.879044382330008 29.070520209249782 -3.34999987701206
17.190049634085206 32.61131703034672 -3.350000033198138
17.190049645239704 31.198682944048667 -3.3499999083705245
18.420000003871124 30.48996683652177 -3.349999903600872
18.420000026941693 33.32003316067712 -3.349999985505691
19.64995036329195 32.61131705757021 -3.3499999028720415
19.64995035076144 31.19868294811283 -3.3500000204768066
20.87903978148331 30.489413008662073 -3.349999959678983
20.879039763527675 33.320586971178805 -3.349999898931628
22.100955694257234 28.359473633157467 -3.349999864593105
22.10095596893975 26.940528958184178 -3.3499999094742448
23.330049094546865 26.23005427718801 -3.350000040631864
23.33004910108958 29.070000264803976 -3.3499998866387504
22.10095978256755 32.6108036702243 -3.349999885645328
22.10095978525369 31.199196317823578 -3.3499998881773987
23.330050037466282 30.489935091313523 -3.349999992700682
23.330050050821743 33.320064874672966 -3.349999904495471
17.19004922247705 36.869991338611214 -3.349999897221927
17.190049106786862 35.45000618741443 -3.3499998902638772
18.419999997940664 34.74003093079593 -3.349999915945785
18.419999990531153 37.57991479750135 -3.3499999443869655
19.64995077662402 36.86999133928107 -3.3499999275970103
19.64995088519865 35.4500061882898 -3.349999899885925
20.879044362908683 34.739479794198616 -3.3499999052342666
20.87904454696312 37.5804634360607 -3.3499999297647975
22.100955978134017 36.8694710655168 -3.3499998741767634
22.100955685975045 35.4505263701261 -3.349999891473272
23.330049088471018 34.739999725326946 -3.3499999200838637
23.330049080899883 37.57994575313077 -3.3499998694370445
24.55999998937769 36.87002265097776 -3.34999989675297
24.559999987348657 28.360025062591784 -3.3499998648252904
24.55999999025004 35.449974949025524 -3.349999912943172
24.55999998987897 26.939977373393067 -3.3499998878966695
5.3175292032050505 37.50732821008775 6.057268692864394
3.0211848568908777 35.87897829375026 6.044508816470833
4.2859050307839555 33.198680310550166 0.895897985498364
7.689294139187222 26.278800500600603 1.9920663152763818
7.015279804481137 33.46796966963064 0.29725706141030095
7.079219218447051 26.810962301270365 5.048352422458241
2.257801430712481 26.92237857113685 2.5080894034078725
6.266631104912712 34.22486019219788 5.738561416473198
1.948471387513352 32.49709495472248 1.1281532069865308
3.883390014694735 36.57569212083274 0.170548067426316
2.1931487116928485 30.58484481811656 5.32799990808956
3.2005589727236123 36.95181338840721 3.9726441103134102
3.461524659112648 37.64231333292828 2.6599818275363916
3.7655924672284904 36.1093507658255 1.4420191604034438
3.6883567711818057 28.525810313654194 4.687043076283393
2.6570454993572348 35.229626823264844 1.465182338973613
4.8329051138585815 35.42806275232425 1.672786422212248
4.06436498460331 30.836454065220348 1.5911486985942125
5.012757361455345 34.728036663891224 5.147248450869487
4.953943071213179 31.18336173908878 1.2618981957868625
5.101155114475294 32.49058997852174 0.8765231907719906
5.98231385272928 32.36589572004201 3.8426399814015944
3.6350196360694973 28.608781527712928 1.5280815673251213
6.187195412451774 30.667654274347356 1.1592347416318982
6.681784665077414 28.82962326200177 4.383510519114518
6.403350105317801 32.670137603700155 0.6914727863268111
4.500800798352971 27.34665738287146 4.610415023309945
6.889108788556438 33.243160714836534 4.262193579916593
6.2705837997245 27.82212654245331 5.205066614584596
3.5941315406857486 27.222880818229186 2.100241540166745
4.647977310818089 26.89374693198721 3.162944826772197
1.540315122122501 31.087891935211964 -0.569077391510121
7.17278804821149 33.991768908903374 3.2470065575526172
6.59909579418399 29.699818457906748 1.404248839023663
7.139851136587801 31.609810604063632 0.9733706752076354
7.299160810153549 35.17997281441378 5.913772229477744
8.006943899468684 32.49358778482353 4.511874549352561
1.1883680532742322 32.73983773284979 4.9460144283950305
7.275550334731994 37.528540617002264 2.1139489243547684
4.191244049135781 26.241553483129614 5.477328126754447
4.811216804922565 26.177220677122786 -0.09915790096820642
0.9372940469821055 30.446770346238832 2.727247592806182
0.39362111715037024 33.66365974699585 5.702657075951749
0.9831718040365511 31.806057628075152 0.4940281678137992
3.627998542214717 26.196219782089745 0.5234055188136943
0.255495352952948 32.68337666926879 -0.21266182132808398
0.43304329468812996 35.61651684748296 3.7041087582578602
2.6919844862089426 26.616320150610537 -0.3605743506800285
8.110313042323046 27.821422708210466 0.5612279398964026
2.105775276818734 38.28133131301179 2.1097628246906694
0.031952550278020915 30.667852776271268 1.6292352863371917
9.410615559760956 31.782440824219734 -0.7626925248182281
9.45966258155108 30.17863260423851 -0.4635417275658704
8.637788349958829 31.56396758004009 1.2116834380176955
8.970770798053383 32.5932481137734 1.3451160943622442
8.837688087681537 31.026280865494986 2.138523819629208
9.100633026607905 35.43518049789029 0.8973543838766029
9.691755092732835 37.32368005940375 0.16713666092173063
12.896437179763563 29.575070944376247 -0.6495226770385287
13.465758105442271 37.41612101988844 3.449824725527847
11.539700419442223 32.51900305176772 5.658260816707883
14.465592740372426 26.369785095914736 5.9360837131392366
10.177635515848747 27.245787913948693 1.9986740284160553
10.635734937365493 31.29419494993516 0.4113459708290923
13.714662573469944 30.14364484283151 1.2860319635799633
13.09051053618001 27.91558795730468 2.652474889075924
13.543271027740564 29.13508411012682 0.4359373048747073
8.626251333951437 37.589685119480315 2.5253052771295414
9.61507561276728 31.114165081587473 0.07379036118027815
8.953022246464927 36.948908431853134 3.7750116893725916
9.645418849943168 36.63258465678778 1.2876492287735286
10.834969392872297 36.406631764437705 1.7009811136793163
12.764592788918396 33.60691856759783 2.019732775079923
11.990805305825418 33.06600794848788 3.0142091502447856
11.565281240983031 31.93376591224013 2.5192843689023126
12.741789145566006 33.04968140994878 4.730305731938664
13.830830916504453 32.14710356695017 4.680019717718817
10.893704270794068 33.800490238544626 3.0135678187739345
14.799716367003029 28.73628400990994 0.09150979087595879
12.72813071830958 27.76223003574779 1.243453266621134
11.178543596343523 27.93656581756829 1.0444902522912403
14.34538640800544 36.666599019060826 2.689797193380954
13.134013932019508 34.459248585533615 4.906289367438948
14.691893066317254 37.474660217186326 1.7116554379716187
14.686970205018092 35.70491982466207 3.0432001314807353
12.652386593308846 29.465036125661257 5.127699181812496
10.831289935116235 28.06302219244728 4.440257779278397
9.760385856229508 28.088159235385817 3.0369513017043337
13.103858504666855 26.567054016470475 0.4538987772161207
15.437338470651692 37.3190845147565 0.9458177593716355
15.932480158071874 31.001762309420968 3.8399769165368136
11.15462784307699 28.0783467164357 5.396980182146416
15.311079349555687 28.631875359750076 5.3966207970342515
9.406328979440588 36.59129662087513 6.004386819336345
8.587176446834604 26.760074872084097 1.1197726125196228
15.542491750413015 27.204261622867232 5.490748797209682
12.973303902341298 37.110468430778226 4.276967610763936
10.783731925998202 25.98952591858157 2.404484738526768
8.755691689602639 25.855201271954673 0.23234204844344686
16.14646903652366 26.73394481318313 4.0949529942322895
12.068320402347464 28.947097751980337 5.87402787986381
16.196465169602792 37.31182963627761 5.195601407324225
9.768107088622221 26.699980130956924 6.239205779889806
24.415315789435727 36.50055382407684 5.21875515498849
17.229366802664234 38.07329677766415 4.707547838133933
16.435150410232886 35.16952097051318 0.636302273156153
22.84171658504506 37.567286274024966 6.131727994907009
17.577159205913443 37.60562070129381 3.4628842256229007
19.22100290425402 38.045897672067014 1.451561348319893
22.438180399558163 34.37337980024865 0.8825004694515104
16.5742465815046 32.70898665776428 2.418018945658674
22.819500047129853 27.37451668427657 -0.17981503290687262
23.943533746913367 28.625192659050608 1.0211686919753948
24.209059835002293 32.930414955303974 5.412868739267368
18.573056983898734 35.073960396917016 0.3691512557836274
24.053318631672326 31.500796068346517 -0.7336020329140613
19.476449027052368 31.54033194350912 2.355034653206266
19.63907457148932 35.10301560988277 4.466242050659027
22.87107419596339 29.688062574256904 -0.3979379146032669
23.604516027126333 27.362619334421098 0.5618104549173408
19.816269155042047 25.58250730735272 2.808961375803183
17.36586688389283 33.45924521442564 -0.36225120604377103
17.673002002693256 33.66143358310836 2.306418583626445
16.96267416569395 26.739327330648738 1.2561174216689874
21.381651459972854 34.173506962326336 0.171910755559882
19.301280294822526 29.324926954183823 0.8267544826851647
22.946728434908845 25.78564716887378 3.783255167908006
22.691875492309446 30.123422793652676 1.2993960207113886
19.279214718361427 30.650288199379027 0.7346556321230602
20.59178521982608 26.754985628686644 2.953614583740497
20.111303419066793 30.999668581341208 -0.2624141649992251
18.480532547864065 30.878059614673035 3.1856077093825172
20.856190147654637 31.298270505195678 2.6730632914302377
19.713173706800287 27.725161186555287 3.219483212594587
19.191966528837035 36.83813217269082 5.982017031772812
23.714143531692592 36.13847333828866 2.3077479841135764
22.530642238096682 33.45372325458247 1.7732160938190011
18.74858113377529 38.204663145404496 5.806435039993455
18.028119903077727 30.863436728254968 0.2648762022742024
22.41079845617264 35.92711208933418 1.815304843811385
21.883449543622202 26.65304467750255 4.315512276453546
21.986650536986417 37.08085456381138 0.794067340462985
21.2114737310957 26.118349387193334 5.636522167801893
23.09300495201979 32.074384448584844 4.987940873625255
21.761567595899322 34.67320201770504 5.654593066342525
23.46458408140465 34.362885508310484 0.06840993386710958
17.118605704020847 31.349273197986296 5.936484961174334
21.30481147456656 30.40390116233844 5.088668963390269
22.238032396268782 28.061650941003986 4.542893661863836
21.380238115570382 35.782070876586424 2.8257677983183758
24.483660817204488 30.798830064316032 -0.019354643973349406
19.142755436583098 32.5296676085939 5.849640039724581
23.41588799349262 29.84833201164518 0.5324338572476173
19.110049431278124 33.023161393314595 2.170012592100874
21.101982251621422 27.015979649743514 1.8019962503043496
17.488049478128023 34.31084689355302 0.5983941841813101
17.609336922783026 34.76097723461425 3.2068742706526088
24.45399576036474 26.439361763104756 1.0218910136244896
17.860678816816208 27.860067632291106 6.232858905697291
16.88463213831036 34.45572037298178 6.0888253565601165
0.662431324261371 34.22681130596673 11.864171249427306
1.9531768064484545 35.41277518694773 12.496764248835767
2.53758520212134 36.18238148827636 11.28640175785703
4.165711733351083 34.227221089919446 7.885977694923573
4.03296727808433 32.177928027340315 10.094565464920088
5.287228024003967 36.89118502087666 9.987224144797267
5.088722207658109 32.42699267150753 9.35578862688202
5.90687689715413 31.363724486614903 9.346955227399055
5.714971568934429 33.38710528501499 10.094086404775945
1.16420810824711 28.611790717686507 8.942397924231011
2.9453325595697946 28.569096532782876 7.836601699423369
2.397068913246199 28.211804591534094 8.948993837617541
3.0451985001389215 29.01705582625147 9.81888073876954
5.783859437898533 28.596953023918463 12.502882312608333
3.6327719199557147 29.43089001250194 12.897824254780826
1.1130285316539654 33.34747782510941 11.07024549032791
2.691604274727947 26.40533952720353 9.444558659722272
4.740624019680271 32.97004623502896 7.611227820962871
4.165529436940951 26.09303007260934 9.121501272673232
5.682667297467331 26.75786183225085 10.864960129679238
2.238212546493608 26.426852683140485 10.838073113966633
2.9702651713530783 37.67282087228627 11.304755873672411
0.464593267944658 37.82344673427548 6.983578409540226
3.7253647083449497 37.77193672609139 8.70956860564687
0.9319728639255656 30.788353757297287 12.549426362751108
0.7856604080480948 28.578706483616298 13.00871976685465
6.081049666421316 33.249154000888055 6.880558959805484
0.1933753651888533 33.43419947496149 12.861167072648517
2.9153002053818002 34.63463796281967 13.14730943692598
0.12229345673576515 30.74463153802366 6.890598137873328
1.8569094697584156 25.59360141898216 8.63854538129554
7.409438942696371 25.680760982931826 8.653257203813968
6.408351808490124 28.271855426299954 6.466694802184769
3.896415549762927 31.97570189293329 6.9945747948101635
6.897177213897212 30.52676992442421 12.804560058575985
4.243149101853565 37.813520350999305 9.908445815871945
5.634609634848337 35.89210553107045 12.831129256422392
3.696774718214315 38.025340304961375 12.477671337481048
1.066403280063052 34.63476341727193 6.453973323404899
6.460548418558573 32.784461339372115 13.141683088889696
6.423019148203774 36.46849240803751 13.292202577378568
5.145897807611919 25.54505997794303 10.219150734423627
9.385188815057225 32.26518792695215 11.945498553419707
9.001520887029606 32.968198346360886 8.512541938955398
8.747709197959766 37.24526570238597 11.009345383479967
10.99151025658998 33.41606011135397 6.745718260620171
9.496564909302693 38.096974206399466 10.417219767937898
10.719505434126203 37.20531775521713 9.281131336972129
9.823044310037531 36.5149827761122 8.334962405238933
11.38766502783938 36.34533358086694 10.261871459734628
13.023173611370721 34.67172432859209 9.756421003889384
13.915055895287116 32.36646550182867 10.738286471032284
13.314034925121518 36.94631641258617 7.866704141770617
11.204437240072952 27.824819284860904 7.515157730284859
12.06421213784945 33.90450890639021 7.569814593944189
9.95031792122395 32.3752297531241 7.848193348646212
14.867839820880981 32.161612106423604 11.818194317020719
11.003791221747662 27.48963289392962 8.522029747274653
10.64260662494737 31.771741828699305 8.710824507928965
13.188716221045572 29.460195772430097 8.018824977701005
13.755399550140831 29.82170340729521 10.10474170187722
12.871397478705466 29.436208385495682 9.59677130315268
12.443902938305616 28.534055599048248 10.034342746438059
12.063235199157502 30.15199410216297 9.747185856127595
14.805391653679244 35.40486986526852 10.949830102259131
12.672252082508816 38.19958870896281 7.696951962612041
13.978835815527018 26.24890298959393 9.496580928209358
15.126027461619376 33.54323575113519 12.465868609081705
13.409359429023894 30.099237973647902 12.911188415244409
13.965281433233615 31.284285990831474 13.193868140640795
12.081681293891757 28.857689371291684 7.18956388255278
16.051592363641163 31.354807891902624 11.738437978928722
15.432733155018111 26.213576313307144 11.495897916785216
14.112500061286575 28.883155232546706 7.977020284724422
9.373242012853654 31.38675607981869 7.269250011298039
9.094098425169609 31.91445239344167 13.191674798035224
10.567443734858633 27.41037704239461 6.39019304479006
13.440865621353991 30.5059940457509 7.843249774724995
16.322980051073163 27.288575631503594 13.249044439583594
15.806343315333697 34.65752853015782 11.680373214725044
16.11993464468504 33.48589469164294 7.9069398680918255
10.093794092505902 34.41050388790925 6.251779381270034
16.38765633708672 26.616915008011507 11.83285431659791
16.67973672921725 27.307052072945794 7.933177243687906
20.498212062462255 25.776456478077257 8.396732680313598
24.0320978888316 26.629812956841185 7.371920059733695
24.043614814179247 33.20714018032435 11.341355330178981
16.769018662969238 27.270151432862413 11.048032712045632
17.17673453629204 33.64290947043039 7.138219632250009
22.51842776497899 38.01921554346618 9.293150657027653
16.892699331282266 27.098014399592547 6.646803749848672
23.86322258300379 33.84819093270507 6.626377719873744
17.88286254235014 34.41236103985681 7.899052577251682
22.54848454027862 27.552601902907412 10.475625586110626
20.799511645032673 36.895692891819316 11.445982693237124
22.714197638330525 34.87158919034135 6.705897091618986
17.064986939606936 34.294808338521364 11.073017816647397
19.23410671410816 34.974166696979566 10.147891477563542
20.211155718933046 30.30539525690741 9.822422501525628
19.45146524619155 30.72531998489908 10.85148995178918
19.789764823159814 29.091644074879973 9.588555978300514
18.531897103699603 31.274990959368488 7.921688922610578
18.84287167613932 36.99506426343804 8.927136773593537
20.025835290406846 31.316605192933828 8.26333784395847
20.492906418358807 32.569705027639785 8.741467021979483
21.497588431076164 30.320310655447997 10.318637943468504
22.26476596540103 35.086982726157665 8.08104936814299
21.346201162372065 33.72665557194006 11.458740306594166
21.53604925175872 36.57760550576716 12.590748870848307
20.91837032355066 30.580811194727783 7.350978853167068
22.975203270637795 36.484837456659015 12.435500005201552
22.50056504923439 26.66548927432522 11.48128272707535
21.8978161798376 27.30018119035552 12.469026284675596
24.18222174325648 26.02711828393121 11.860957048546743
16.95255467053313 36.822360992609134 12.740321291506968
17.31149706750987 25.77967368477242 6.588372112455398
24.30573927258828 29.680210270411006 12.099438316333478
24.069483551549393 36.225069146776214 10.101468347183705
24.290875337217077 37.28202013417036 10.085967140366328
23.429332540930766 38.257728210223 9.658478177053711
23.645383369222802 36.50814797158846 6.334941682129173
21.335074153931277 33.88145180162566 12.907753509602566
18.93127991548484 26.380161285697845 10.652488971675451
21.6125189755512 25.696240852295816 11.03531772036406
18.057760993021798 32.06937200080522 6.644812645805925
16.37630477319793 35.73436389817036 13.094269513806598
18.957715540349728 32.65992595971359 12.911487287891495
24.430492455580875 36.87259652461849 7.269652229692546
20.840796491392723 35.35231633433458 13.268568161821394
8.060110529533747 35.05550050051792 13.634273196546417
0.0704808961991241 28.71836781504175 18.458184542666704
0.09040750421618782 26.618598129702175 18.18045170580346
1.1113477429279872 29.8313444943936 13.435651589338992
0.7218048390930103 25.81905811863935 20.299245993032834
0.9658973438631026 26.863290158030136 20.10405814210318
6.506008056213665 36.09703815218088 17.61764958242761
0.36645521343072474 30.05347736525458 14.473680439595299
1.0578297612185112 36.1765333297306 13.343142940235047
2.882872681682942 29.90930398085743 14.014133254453482
2.1252795325570153 28.755677268928643 18.0211407854974
7.2583316861155005 31.677456716823794 13.535868326687897
5.141661343010549 27.793131308292296 14.837929344939454
3.050190437285221 26.470586208097004 14.560266995331638
3.002303937507135 31.287155983819225 14.396471121070402
5.3206984118644645 36.87497587606915 19.14204297513601
1.193718035788817 29.288163587698733 17.89845623876946
6.3932939677502425 37.796773055085055 13.497051192538414
7.546250276476398 38.21010165135068 14.05502087612495
4.13633519453814 33.24755390649772 14.844688705454436
4.3188999112383915 28.083454201708097 17.830523875011792
2.128776154266015 33.514880457847504 16.95746963153824
0.8857706789216883 33.78488288691595 19.651024913517393
0.3944325589631177 34.303456634450036 18.633237388748956
1.6478559499542245 34.82492023289795 17.361727972222006
0.8614199318393968 35.51878421144679 16.318607765914457
2.732692307003904 35.72640782116724 17.96470163454072
2.9382271054632043 28.952085777470177 15.264929525132633
4.2547624862066415 35.39468702418154 15.947584269728694
3.9654605662599463 36.18435103206214 17.114197146189447
5.354918378604726 35.97387072874345 18.21108782870211
5.384196715038484 34.76554749455885 18.803943906195958
3.7569148656676687 27.56567430183637 15.252016296076754
5.709348591953229 32.52288988211824 16.620199521364516
3.998278105593573 27.03745727495091 16.995926039216332
0.892272832019372 30.418196122746455 17.294194574781905
6.993989733183144 32.60980298653196 16.124654506471092
2.9684406584289658 26.444236216554444 17.521037029010927
7.221314353627237 31.452564479788872 15.062452922596329
7.4289142731192355 33.8979754016192 15.701991748902401
1.4673382467957354 31.227938390420707 16.869910202460687
4.011095905355345 37.58512931540919 16.783373113598714
7.82537680078353 32.98291956992973 18.60192522495914
7.791532366646502 31.055180830069496 17.996569380594693
8.09350664880808 32.23967234475845 17.568735287284774
7.6745833261765215 36.06254269831527 13.694562393418835
5.031818862816803 26.125317759441327 17.03537210413804
2.0368099142802802 26.961007776610998 19.926020130565465
15.41849048042492 27.880533629510815 13.388988519185757
12.887061872876869 32.001374803242186 13.646267087056241
9.859186035503273 30.86742937018996 13.346827851061615
8.272212474819234 37.102266609397795 14.335328395379769
16.31468583996171 26.486290145809935 13.986858240960093
15.420520413109836 36.15082765830589 13.927432545129157
9.436011176924586 32.20829988246392 17.494627399503123
9.74812832557825 32.73688870758477 13.968572529002497
9.334620782704116 35.76484369385394 16.657675592742873
14.714333387428834 30.948622993799 14.289172421877028
9.581531903018927 37.929280771422675 15.470510676455042
10.32290827347075 37.3433075486266 13.984041826018759
10.62650155547256 35.05771677630079 15.708680448111343
10.095702117323441 35.98820477567354 15.910035953851223
10.809839929947213 36.66895169788392 16.373383353266117
9.69017983930796 37.05808085613127 14.824518157566173
23.48248978978224 29.08466842242237 16.14879894155235
22.780478923751556 31.794450622932267 17.21469199559149
19.987082788300693 38.23583308966659 13.804839156385805
23.80300603135708 31.417524842521694 17.236262119981372
17.125649737893518 28.010232170647196 13.400811410389057
23.975858371944273 30.98847392114308 18.223246099195492
19.9646955140943 25.831838343717237 15.381887282986744
20.469261322012457 31.35696031331146 13.69343665635465
24.11919129747604 27.952568926629493 15.830067843372355
21.585301976228028 37.789156635407466 15.015125973258527
19.642762996703105 32.946088722184506 14.827531742421558
22.184202555762127 28.77023172931742 15.875716644329179
23.669220210253933 25.890906072155182 15.796253801392872
21.211052211579357 26.92453725888851 15.878175688097453
21.21807185592721 37.99676324223542 13.750484645419064
23.308726430510234 26.903898291925405 15.897698354870183
20.088560995183506 32.670985658556816 13.597587342492861
24.47044853190091 32.266170562736704 17.086525851477113
17.330712058282323 35.16811865173298 13.777166436575369
22.040766179600883 27.496863194569748 15.942345420540367
24.12873724668773 30.423315399637854 16.15090279679166
22.405882435177304 33.4644609758637 13.706788670637764
23.972898547182837 30.847298939984512 15.158908715368423
21.405258217645258 29.51548781129139 15.810608347121807
0.697102010154259 27.572715970198615 20.88672287599835
1.2299459555820045 38.99945565780607 -3.349999913694859
1.2299507758330812 41.83000864262459 -3.349999913597621
2.459044525177798 41.11953655021558 -3.3499998991738735
2.4590053292612506 39.70108178406856 -3.349999892398899
3.68099467370441 38.9989182158128 -3.3499999072203557
3.6809559789920234 41.83052894479514 -3.349999898621286
4.910049086767407 41.120054258966505 -3.349999908074659
4.9100540477189805 39.700544346698514 -3.349999902303714
6.13999999324977 38.99948983042516 -3.349999913680911
6.139999996422273 41.829977363254 -3.349999914582833
7.369950907728197 41.120054261171155 -3.349999910504886
7.369945945223476 39.70054434849324 -3.349999915002435
1.2299508955133596 43.249993808769744 -3.3499999223910146
1.2299503646086893 46.088682943580665 -3.3500000180073974
2.459039763931174 45.37941299519608 -3.3500000051414736
2.4590443727418387 43.96052020840089 -3.3499999045837625
3.680955693880675 43.2494736380075 -3.3499998926192887
3.680959817234523 46.08919625472157 -3.35000023599782
4.910050064752564 45.37993510409792 -3.349999907213089
4.910049094245286 43.960000273314364 -3.3499998925379613
6.139999980824597 43.25002504307496 -3.349999952519588
6.139999997299928 46.08865187771096 -3.3499999135686123
1.2299503629521462 47.50131700503755 -3.349999938205308
1.2299507841776882 50.33974809826299 -3.349999936707465
2.4590434715744687 49.62946799923334 -3.349999938760273
2.4590397596202376 48.210585776357355 -3.3499999622239063
3.680959811773071 47.50080367204193 -3.350000152821889
3.6809564932571153 50.34026693070212 -3.3499999307549544
4.910049296550679 49.629988304484925 -3.34999992771567
4.910050071189936 48.21006372648706 -3.349999930450218
6.139999994707957 47.50134806636256 -3.349999956914822
6.140000009631019 50.33971685217337 -3.349999994939189
7.369949944462411 45.3799351432374 -3.3499999812680903
7.3699509136394425 43.960000256428586 -3.3500001051331973
7.369950728834243 49.629988316554645 -3.3499999168846806
7.36994994980976 48.21006374433486 -3.3500001172935434
4.29342421813777e-09 39.700510175646954 -3.3499999426927407
2.6961092680917265e-09 41.12008518289205 -3.3499999188052776
8.599005336120133 38.99891821752047 -3.349999909893734
8.599044028204242 41.83052893771847 -3.3499999126038404
9.820955491490778 41.11953655073271 -3.349999900745626
9.820994689195167 39.70108178575564 -3.349999898230939
11.050054068329386 38.99945565290308 -3.3499998757176574
11.050049233529078 41.83000863621291 -3.3499998986893074
12.279999963751878 41.12008519832145 -3.350000076953834
12.279999971524612 39.70051013811447 -3.350000024487808
13.509945942700863 38.999455638688055 -3.3499999621850076
13.509950780352883 41.83000865641753 -3.350000009785974
14.739044522715675 41.11953655488736 -3.3499999389890234
14.739005321636208 39.7010817743541 -3.3499999271981693
15.960994656949845 38.998918211324636 -3.3499998990284316
15.960955973832451 41.830528947277536 -3.34999991083044
8.59904431288327 43.24947362743659 -3.3499999287113758
8.599040214886797 46.08919632981652 -3.3499999113931245
9.82096022921473 45.37941303088435 -3.3499999290367786
9.820955636927739 43.96052019949153 -3.3499999304864367
11.050049115681707 43.249993788977456 -3.3499999243114797
11.050049631833716 46.08868294863771 -3.349999939995676
12.280000005847764 45.37996684024236 -3.3499999381794323
12.280000003381499 43.95996906290013 -3.349999942613433
13.509950897154264 43.249993798093065 -3.349999944200813
13.509950384179067 46.08868295864113 -3.3499999187915375
8.59904022574075 47.500803631792685 -3.3499999488647916
8.599043508984368 50.340266915131274 -3.349999894049205
9.820956528537396 49.62946800964163 -3.34999989301477
9.820960218733418 48.21058579189768 -3.3499999543297165
11.050049647721703 47.501317022812316 -3.34999998653469
11.05004922494838 50.33974809887411 -3.34999988891978
12.280000010537771 49.63001961004817 -3.3499999049458564
12.280000014539517 48.21003203699975 -3.349999915393802
13.509950380651222 47.50131702903212 -3.349999921004093
13.509950787506149 50.33974809545963 -3.350000031795608
14.739039787788709 45.379413037149355 -3.3499999039662876
14.73904437536402 43.96052020551519 -3.3499999121433577
15.960955698830036 43.24947364101577 -3.34999990237534
15.960959788155044 46.0891963290281 -3.3499999145655823
14.739043492867951 49.629468000474766 -3.350000008339732
14.739039787031205 48.21058579093412 -3.3499999965663174
15.960959806441615 47.500803649368315 -3.349999905775171
15.960956505224653 50.34026692512761 -3.3499999240731606
17.190049088252206 41.12005426261877 -3.3499999186588547
17.19005404828151 39.70054435014854 -3.349999915146272
18.41999997709466 38.99948983806813 -3.349999993618231
18.420000017424105 41.829977288701016 -3.3500000981093727
19.649950921729168 41.12005427176211 -3.3499998954026444
19.64994595322009 39.70054439631992 -3.350000055246464
20.879005377512648 38.998918226145854 -3.3499999962771145
20.879044026549533 41.83052895801868 -3.3499998727708737
22.10095548181664 41.11953655866207 -3.349999871096542
22.10099467989936 39.701081785888036 -3.3499998724303524
23.330054049403856 38.99945565439419 -3.3499998652462706
23.33004922825629 41.83000865806449 -3.3499998660665065
17.190050062847334 45.37993508099608 -3.35000003222091
17.19004904299302 43.96000034638563 -3.3500000816642608
18.420000036470476 43.25002508458115 -3.3500011866590107
18.42000005315392 46.088651872805634 -3.350000108811492
19.649949886424377 45.37993530002642 -3.350000516708814
19.649950886544868 43.96000014835369 -3.3500009506804496
20.87904435052407 43.24947360599966 -3.3499999567265935
20.879040220848648 46.08919635401141 -3.349999947282356
17.190049296080158 49.62998830737504 -3.349999833884824
17.190050066896102 48.2100637481954 -3.3499998587621227
18.420000028874135 47.50134810606084 -3.349999924226604
18.419999957125917 50.33971687273452 -3.34999992881671
19.649950667593696 49.62998823307559 -3.350000214226543
19.649949906488693 48.210063708833935 -3.3499999587768157
20.87904019271995 47.50080359575816 -3.3499999488437284
20.87904359104331 50.340266864235005 -3.3500002973080667
22.10096022875484 45.379413021532585 -3.3499999473346365
22.100955634897993 43.96052020911072 -3.349999872271586
23.33004910425403 43.24999381138942 -3.3499998689329447
23.33004961696574 46.08868293622784 -3.349999902338215
22.10095651673249 49.62946800414255 -3.3499999102746636
22.10096022496541 48.210585760945186 -3.349999934929139
23.330049612086068 47.501316997132555 -3.349999885547581
23.330049180003318 50.33974809011169 -3.3499999061934704
24.55999998880975 49.63001958826693 -3.34999993190501
24.55999999090197 39.70051017369177 -3.3499998723957756
24.559999992818607 41.1200851919638 -3.3499998745939683
24.55999999471647 48.21003200389688 -3.3499999152169546
24.559999995335364 43.959969068093955 -3.3499998883506032
24.55999999762022 45.37996683210037 -3.3499999042810646
6.494736987580378 45.487598788368715 1.3856406065219173
2.6551357071136965 40.17422470351105 0.6379539303826953
0.8895858456136848 47.60491552391679 4.371527790689864
1.9701776445941341 47.28066941486171 1.0905436460055062
1.4394357546606018 45.73778965559313 -0.17233202605554832
2.214843650852546 44.34502246910517 2.331945479168618
1.8694098751950006 48.4549445173793 4.0248378413986945
2.0737898102566157 42.83652154170847 4.306509987385011
2.4636405913196935 46.17881038884178 0.47208490938491887
3.2964240275677517 46.65718608997287 -0.48048493392702674
3.202234061171272 45.04580057582654 1.5937545918043627
4.063886056955998 45.96396564252418 2.347026898402831
3.998583787570286 44.164227714394755 0.6776984452489598
5.128947380625817 43.229697342441426 1.1563276975130343
5.235503113929286 48.266358779007746 3.1929457327748523
5.298660920556194 42.240162724717514 0.19497601430296774
5.566697539390304 50.24108984651504 5.169308836071015
0.24880267138522638 39.92712300325607 1.003067779002934
1.9171000750087983 40.7668399254047 2.89447376998921
1.9582602552423862 39.824462136281355 1.8042448595058946
5.1249228861335565 39.76184448361661 0.39293438509349743
6.079577437647888 50.29020474635988 1.9036960500749722
5.255368713268577 42.880312353263065 2.5261320038915103
6.652534610139739 44.33240020599021 0.9438097116555766
7.64899963745295 43.83364663230644 1.5927979521400648
1.4314492465416888 46.88292394782976 5.327695435810479
5.883528761158784 46.76366850176079 5.27098766255969
6.471186119898272 42.38746701791702 4.511877566930967
4.645216353659408 40.984772897357836 5.123133388746563
6.400090076143855 44.507697191237625 6.1768014692383035
0.36269231644427186 46.863332819387416 3.3559117379432357
6.960201050070471 44.28207947730415 -0.3411876133790026
7.381413277488361 48.02912260861057 -0.19205903966775795
7.681912799364163 39.76817380551857 0.7364842980237152
8.09454798380593 41.23488824370351 2.6736197886655475
2.452444873120698 50.763244248687634 0.8177872985194656
4.597026904104904 38.50290146103636 2.595178420405859
6.735194167477571 38.95285657972137 5.354820198879462
7.475665088447721 50.777904052655984 1.831872361952429
5.814787489897295 38.715784832886136 6.2372182307473025
0.10934616456281024 43.837537018763484 5.327488687731464
7.6432528428250786 47.79429976936853 2.3019760777423026
1.4327153770095689 41.22108252073559 5.913355463521621
8.154798252291616 48.284331281139735 1.046355559237031
0.03372033899245399 39.04860596493565 -0.022896729462927867
15.098764843512638 47.230337071668714 -0.47967014525231555
9.825326785504982 49.878619515233645 6.239760465034019
12.528678629690704 39.318267145179206 3.249673056653152
10.48212693234354 50.006224043673065 4.138455242963981
10.346917587746972 41.62782168030706 5.6907157006022615
9.6569678989151 42.132724433153115 0.35857223554675244
12.66753068856982 48.679051775680755 -0.004951431984050458
8.608847752946183 40.21606317588703 1.7922642004720746
11.012931942317838 41.548302574579445 1.9199089071811926
10.681501479618387 47.401591186942525 1.845937048678119
10.46043370883427 47.66602603179212 -0.16385309201860876
8.528367447821983 49.80566751777805 1.2225796285271817
9.792823394322516 47.274823308004834 0.8757805134785246
9.579740844259875 46.02589940292027 0.8657688778480754
13.697191800444969 49.00342768289481 0.026325803225266675
10.078689029016536 41.074697136200264 1.0603838509733166
10.71507248742566 40.23436861355264 0.17788689422399195
13.621052757207519 44.205091179612005 3.5405863210504327
14.505076612475003 44.03057068504979 2.5810747784451618
14.813353603280715 48.23619046820126 -0.20911632707725558
13.856744244655065 43.5377995061732 1.5468866693712113
15.360546099756418 50.38244963854834 0.09540215774225258
14.464211011525176 46.428528544114776 1.7166106011734594
10.588339446706453 40.89360887255638 4.660794838803629
15.859131653377688 49.15571240342108 0.07664570231277867
15.054383375303058 49.5664050915387 3.054064294533024
15.470007926837246 45.47706635172014 2.210502326910455
15.474683816267373 40.176149322747655 0.514729683260019
9.243386466891707 39.0396542908099 2.599858771005399
13.672583661475706 39.29536643918632 -0.22241193293411787
15.217697047372813 42.94323159125407 2.9529040983494212
13.31984885077934 40.39179267304442 1.1102623899206399
14.036963313054393 39.66022124348283 0.7379049116349912
14.04926449715272 50.37940742509772 -0.09910017191570586
10.013836894441956 42.85561361816328 5.294026824368695
15.765608169048813 40.56055713494066 -0.4628661713142024
16.24914604960282 49.618774457304504 3.675949028691836
16.11752706065299 48.894002664634314 4.788707587363332
13.195280840908284 38.55967262518817 2.866820805471526
10.788698964043565 50.29664752061396 5.438296701681984
16.249165995565686 39.51216571407966 0.8986608248153583
11.706489499485293 49.4664818806913 5.801320277972688
14.056589263483104 38.66058317062908 1.801792239591108
15.601862891486926 41.12801298798334 1.0303662274398906
16.152599045079842 45.77790934081749 3.461108113040839
14.131413154891916 46.40425643483372 6.181056915714832
11.487641453029568 46.97883530002937 5.972310922358624
11.94737518301655 50.58516453168565 1.940466707656353
16.36159973218168 44.988959709636724 1.0231657627493818
11.585663200524346 41.79090730007136 6.150111313275923
21.765612685674448 38.54703833814503 1.1738018767374947
21.853698725476775 42.49471097756692 1.2384983295757446
18.269719651027124 46.203571875953685 4.569463235087286
21.92055261645264 40.11576906654897 4.683624306667051
20.757446116765582 42.29590391347403 4.737020207945833
20.002576301111034 48.07273839686783 4.473738293612773
24.46962270291921 44.01445726332868 0.6922355868445895
17.682443817768238 41.91582743576855 5.0372511802467725
22.901801802782966 42.66428040590479 1.0406950224630973
21.974450095849434 45.94234588675796 0.010546709993796144
22.57949516693533 47.962303446153705 4.891110434521089
20.009226112426134 38.892750888381855 0.7900619153807675
21.16136090373399 50.241772544356024 1.752525081663412
19.772262063683982 44.46245270190935 4.893694598612283
18.401178050536906 42.53448596063768 5.960323929834747
19.680384911370904 39.01140943907274 4.983386597942918
21.165217177423404 50.24790304687204 5.003262398252178
20.78854117859216 48.83624563086685 -0.435413833630226
21.13118772674731 48.989241614460866 4.245680442098329
23.128095186461028 46.95542246418722 1.0312903341041835
21.850067582279383 38.762110291116514 2.5872259867924816
22.468038170396536 45.0484793856518 1.8554555704836906
24.32893324380866 39.38383601838482 4.213247707265047
17.78223034413834 45.54794461963725 0.7273845592693529
18.286295222843233 51.032265384863756 4.347296519030377
20.072669889750426 43.212096171072886 5.588897174132996
18.980416085005412 49.085758845528716 0.45612778421614264
16.807137978952856 48.82055383960114 -0.018500205104697853
18.50698869681903 46.1807167845878 1.8312063012126911
17.599285416804292 46.39212355154377 -0.3601847425074478
18.279950606045283 43.17809207169515 -0.6564226658433048
19.66547402379532 40.09717403112727 1.1672087130044828
23.955234602601827 40.904349055226405 0.6927673246606025
22.294064902746733 46.2541401888527 1.0048960894624026
23.749761309896652 48.52339195539358 4.673898253130905
22.52514172038857 39.426626921227026 0.32816157987425987
17.032759332227997 48.98134639708469 2.831465841348433
21.521057930152068 44.69912683608517 2.2668935620482333
19.462961370076236 43.369995635384335 1.0659342370100366
23.23119741935227 43.91673935144973 1.175429983361631
19.841673653202893 50.662280132585764 -0.555779298202812
22.55954726471772 46.73159300502191 4.4805773160163085
23.935325440689834 41.91339503945133 0.6536543218727697
18.846868703315327 44.08970190487081 0.10699092448925196
21.417917885108896 46.888839743793895 1.137647280497197
22.46484122866029 50.616555099694544 1.1790810343682823
23.105609957661592 45.34199826631779 2.68939134915625
19.89972122997708 44.54970698316027 -0.6818721901730518
20.150858703055714 49.69348218791468 0.27147884910222797
21.312441975234453 48.99805062439926 2.6871572674277564
19.745168125793974 38.642433541869295 -0.4499625823490827
16.557827041567855 39.197735951165846 4.621557414270857
17.50827679033676 43.46082948850709 6.169710177020519
22.576277308698565 47.75408892132455 6.204115370854915
1.5886562939021687 44.31573268201574 9.051757866774494
2.170733961289733 45.25093634368673 8.459568709285577
1.2741307022012303 45.84141425905563 7.673496712625373
1.3094622814940895 49.416658088401256 9.265886014993574
2.3595974192248876 46.17549801133564 9.412643556262001
3.6260554864928647 44.528080115999614 7.5300947102024915
4.264783680279544 43.7399685202057 8.518011656234957
1.626387058177285 40.387910190236056 8.142333066202168
5.310614777682129 41.54911819787133 9.836739154317618
1.6971472621599504 40.10218181152033 6.7375689013896976
3.176464098643891 41.76007998213455 10.90998458221248
0.18956666895585988 40.603300110168156 10.369071173159423
5.911112974810339 40.86630455371721 11.993012601683596
0.16536366530426416 39.00008292094915 6.437759134222151
6.888623375950335 50.33207670058049 10.265815145007286
6.738749082947272 47.942320081562684 7.778158136832694
6.945481233931937 46.64568183671862 7.544896514509381
4.5958778518786225 40.678841598109095 7.743433294270018
4.411933474049783 45.7625991415973 6.947953929710761
5.575267560868467 50.6588414770555 12.42216786359806
2.8379410755036663 44.65970174033112 12.035867790048163
6.832980629359302 46.143450938968286 8.758560398443398
2.8977686536496448 41.891110856501406 12.318770654817719
0.7915599483280478 50.55607185559456 8.703440527046775
4.168116322887631 42.19557255338827 13.175464800704301
4.767943416828325 39.04755522645253 10.070873434868155
1.9466935546865367 38.549838613989714 10.796743180105732
0.22054590355337997 49.26621981759982 6.32751874494236
7.521366672201001 42.30476230518104 9.335720994322251
3.030459751283432 39.340855146790595 6.328672329395467
6.569956837513773 38.48705012208623 7.287121100630216
2.050624681257236 43.57739554382376 12.429043795068726
0.9836404798896045 43.583383053129715 11.641441973462797
6.782639694427375 43.54820466848053 12.574522049126356
2.958895572529838 43.842460472015425 6.469923273067897
5.847855657723439 45.805578007468924 6.344512183748198
4.044093290205719 50.673118020190614 6.565711350975749
7.877026944695878 41.24841657542781 6.38491927160919
4.415408486022821 40.16040419293044 6.387298442424508
2.0417993738169944 40.86998699740024 12.898379501663106
5.457316719512442 41.431715574739876 13.277632183590976
9.444481750529214 39.42570856728661 6.718194138087149
10.019378856243844 38.859827687509664 11.436575591795936
12.131954584480317 43.56688485818859 8.397900676756896
12.267882401834946 44.43275637227983 7.7668775793373515
14.485061386345881 39.200684967636626 9.329197731915775
15.265718371742954 45.293698347501945 8.094004663752706
15.840336609338138 43.66329257209561 9.593667019218902
9.553606354667947 41.847802629656144 11.430074437928434
9.175398467378491 43.72487851888893 8.313859311562938
8.907775676104851 42.49769029305589 8.988685530206833
10.005469817057635 43.935316270045234 11.003003211816944
9.978343400853941 42.68489320527924 10.523954564630008
11.290568015123835 42.23987724706886 10.390136676271617
14.814216596316156 44.33812311528888 7.827317350231388
13.443926351552957 40.6826160986726 8.317700987925257
15.057555171901836 43.271408209673396 8.944221203322467
9.530835211773544 41.30946361477012 8.305449686955733
13.08672553502503 48.415052514143234 8.951725848827834
15.363191525050677 48.374406657601526 7.558345036652575
14.1268499499911 47.85176345933353 9.68209345618777
15.751881386082292 48.30239044997352 8.945783146133378
16.065920383300647 49.521117668696775 9.587764713292081
15.44466522148679 42.35086418265386 8.507363670529891
13.950838773509618 39.442138382219795 8.157905651029202
13.472673760167432 44.85400128195936 7.407621337263839
14.953563153987652 39.53618223076642 7.25020227427294
13.877582825972434 46.61651028388444 9.627294252820388
15.284737684463456 43.992625486017694 6.906805919283209
13.275882529411698 45.89621843030057 6.601014931147481
11.983859515788449 46.21853336840924 6.557211432653196
11.356389366914584 45.27818836263934 7.478554840901786
10.398016733297379 45.13486627025802 7.763301522960425
14.089589118748622 48.26619309228099 10.95943656153301
8.222482367134484 46.486169301483685 7.299878622600229
9.151065629432892 40.79170144914536 6.876943085913191
14.131868867209041 43.02637319628102 9.464954059512042
16.28437827699213 50.87291310676371 7.290058962697624
8.595578599916157 38.928662889977495 9.777204142852758
12.322812161240313 38.49254336661871 6.371998431454829
11.62548368588144 38.42173901520681 8.758804654473952
19.16456233911825 38.29553322824509 8.523111013826318
20.5490337513915 38.6300592969086 8.313866506562153
16.829093779565085 47.18575828372823 9.119195585796534
23.23442798365319 43.852444875807414 6.445916279076359
20.798975053286412 43.471341058773355 6.934840662332339
19.184294736126116 39.24922107079396 10.949895907459826
21.774535256724153 39.12271196428527 13.290247494474958
23.991342203290717 39.41984031945394 9.892521813525425
18.619130112323504 39.484161140371185 9.773619871142579
22.86159116297042 44.491788949558554 9.33631538530455
18.034468529039813 47.255235154538724 8.164009487162863
18.388125101039876 48.480688614672175 7.4322639253959375
19.6191468949238 47.790981907194166 10.200862606834853
19.52952611878245 47.005189796668496 9.161049663991855
19.590018722378073 45.79190120841463 9.54013100766835
20.535662270400483 47.10234503861281 8.368185690844967
21.616468050865105 42.792883077809805 9.633296810164952
22.606054441856507 43.23297755810793 8.932830702774377
18.787907575684397 40.742911596074805 9.457315396661015
22.261721433848994 43.074816191444256 7.157203136732008
18.016429947275775 46.11875126100626 7.292902178945631
23.687669112255115 40.42346882871737 9.633847367501003
22.307695257183077 41.65256735459782 6.983435217498116
23.661663790455584 42.62089715384182 9.332332652179359
17.333498091804884 39.51188599701232 10.112437844487406
18.39613770912997 38.76857732913085 7.209657718355487
18.296718518380032 41.79047118601363 7.093368241722705
5.5224834706092105 38.29743271120136 13.391557179641406
6.344868671443997 43.66283053523671 14.592415160564066
2.712110839244863 39.17506412403098 15.087228457819005
7.7562033100931265 39.22043859227632 14.373672707179967
5.386212945544124 40.63397197962238 14.436577093724798
7.839441551744489 42.33949719656337 13.876858261233728
6.647187546027991 42.79798791047232 13.676879234969489
1.6007561443029188 43.88401791026286 13.692207513855756
0.1708679279295275 39.7677807151466 15.885527499902047
25.789950665266375 0.7102494530993667 -3.3499999461074434
25.789945938406614 3.540544403135139 -3.349999928052209
27.019005336507533 2.838919436958151 -3.349999924207787
27.019043641275733 1.420475241505222 -3.3499999354285204
25.78995086962538 4.96005424769445 -3.3500000890515946
25.789950919053148 7.800000276066274 -3.3499998840748404
27.01904431880521 7.089473717457701 -3.350000109256234
27.019044015806333 5.670528897414816 -3.3500009375537654
28.24095679188177 0.7097304891209786 -3.3499999139924985
28.240994684422 3.541081853940701 -3.3499998967538946
29.470054050129605 2.8394568269571057 -3.3499999399983937
29.470049253543202 1.4199571493210132 -3.3500001111706212
30.700000024145076 0.7102806751843208 -3.3500000964927565
30.699999997161115 3.5405102229132632 -3.349999907187704
31.929945947755616 2.8394568003371696 -3.3499999030104624
31.929950731815744 1.419957148153634 -3.349999905678027
28.240955509225063 4.959536542890318 -3.3499999926763158
28.24095564478329 7.800520197455119 -3.3500000558241902
29.470049131953783 7.089993877246919 -3.350000155931422
29.4700492458018 5.670008613389035 -3.3500001188765074
30.699999991734135 4.960085203297823 -3.349999894004342
30.69999998988415 7.799969095298637 -3.3499998618816775
31.92995089186444 7.089993825413354 -3.349999870339552
31.92995077019458 5.670008665040662 -3.3499998903441472
25.78994994585956 9.219935123371556 -3.3499999385681
25.78994995976084 12.050064852055336 -3.3499999077944964
27.019040251885592 11.340803660766024 -3.349999929652574
27.0190402229368 9.929196388060088 -3.3500001447569483
28.24096029895852 9.219413061643806 -3.3500003422416382
28.24096025814121 12.050586931856055 -3.3499998402566344
29.47004962995363 11.341317053026309 -3.349999881952992
29.470049639216064 9.928682951237457 -3.3499999217924135
30.699999986500323 9.219966852213783 -3.34999983328475
30.69999999255126 12.050033118056914 -3.349999898830597
31.929950353691744 11.341317051929689 -3.349999856597601
31.929950363351292 9.928682950963783 -3.3499998504962702
24.560000012532324 7.0900250543382795 -3.34999989370104
24.560000013787793 9.928651879652827 -3.349999893533403
24.560000009144744 11.341348115201964 -3.3499998984723725
33.15904321833663 0.7097305117393503 -3.349999911546493
33.15900533174634 3.5410818347240287 -3.349999895365859
34.380994679954576 2.838919419754731 -3.3499998927420247
34.38095636906347 1.4204752407349575 -3.3499998935867783
33.15904452698982 4.959536569527446 -3.3499998885307534
33.15904437254735 7.800520227706969 -3.3499998418020205
34.38095561106149 7.0894737389661175 -3.3500001875618954
34.38095589607674 5.6705288729563375 -3.350000255094586
35.610049300156355 0.7102494441673485 -3.3500000287059684
35.610054023243976 3.5405444077490555 -3.3499999991004636
36.840000015049824 2.839490956806938 -3.3500002706320764
36.840000023579414 1.4199261570633188 -3.35000019797149
38.069950670768016 0.7102494603169847 -3.3499999308748594
38.06994597049208 3.540544403292524 -3.3499999348545115
39.2990053253605 2.838919434295735 -3.3499998815968244
39.29904362297444 1.4204752551027982 -3.349999897989826
40.520956778299606 0.70973051044585 -3.349999908486334
40.52099467709257 3.5410818503294283 -3.3499998995589175
35.61004910398442 4.960054233150994 -3.3499999561138183
35.610049098852215 7.800000299525346 -3.3499999444876947
36.839999989902985 7.0900250652655785 -3.349999872238482
36.84000000357611 5.66997735966646 -3.3499998814939245
38.0699509113274 4.960054263326951 -3.3499998697004663
38.0699508662894 7.800000264460609 -3.34999998774601
39.29904432057833 7.089473612018693 -3.3499999420513147
39.29904402788449 5.670528936582103 -3.349999862740076
40.52095547417233 4.959536557246073 -3.3499998557064936
40.52095564252073 7.800520206397307 -3.3499999071405764
33.1590397649797 9.219413025224153 -3.349999867591622
33.15903974680216 12.05058694154157 -3.3499998736261394
34.38095974297373 11.340803686791752 -3.3500000782256825
34.38095973143111 9.929196301284584 -3.3500001278094538
35.61005006168248 9.219935094609939 -3.350000194052649
35.61005005499873 12.050064866554171 -3.3500000337349087
36.83999997139046 11.341348083351704 -3.35000011880339
36.84000000188333 9.928651881049376 -3.3499999235582454
38.06994991964233 9.21993513530397 -3.349999923403688
38.069949969477534 12.050064866322158 -3.3500000177143443
39.299040232445975 11.340803677732593 -3.349999865980744
39.299040219720034 9.92919633171084 -3.3499998914250497
40.52096024033652 9.219413028038915 -3.3499998986655264
40.52096024685323 12.050586961320192 -3.3499998519181085
35.052417335827286 6.34331385478075 -0.9410357745034714
41.750054054593086 2.839456825309401 -3.349999890376403
41.75004927696719 1.4199571767497272 -3.349999899552236
41.750049101796584 7.089993811361055 -3.3499999160583673
41.75004921751035 5.670008636507106 -3.349999916187464
42.980000002293764 0.7102807146636264 -3.3499999079688147
42.979999996794085 3.5405102201841934 -3.3499998889066065
44.20994594915374 2.8394568092961108 -3.3499999642729392
44.20995072753659 1.4199571788895948 -3.349999900530144
45.43904321813466 0.7097305062795226 -3.3499999339477204
45.43900533036411 3.5410818349136295 -3.349999993187569
46.66099466882193 2.838919428894186 -3.3499999540870373
46.66095637307164 1.4204752540601935 -3.349999957817895
47.89004932450793 0.7102494659092481 -3.3499999191124297
47.8900540604155 3.540544402796418 -3.3499999079803464
42.97999999767824 4.960085182756824 -3.349999884928124
42.979999992920355 7.799969082084062 -3.349999901531776
44.20995088822505 7.089993806853763 -3.3499999042670603
44.20995077599341 5.670008635009494 -3.3499998915243445
45.439044530989236 4.959536555144976 -3.349999901274696
45.43904436697277 7.800520213294299 -3.3499998931513595
46.66095567891698 7.089473638558905 -3.349999933616693
46.66095595579881 5.670528917673519 -3.3499999502653397
47.89004909810168 4.960054240326184 -3.349999938888369
47.890049103262385 7.800000277563532 -3.349999903085542
41.75004962264241 11.341317082387501 -3.349999984617169
41.750049625477594 9.928682941740758 -3.349999959254002
42.97999999257051 9.219966845402846 -3.349999931749188
42.97999999148069 12.050033138237835 -3.34999994307469
44.209950306243165 11.341317069375272 -3.3500003144939186
44.209950359959855 9.928682928303655 -3.3500000032021915
45.43903976114951 9.219413032910177 -3.3499998888124827
45.43903978803499 12.050586985946248 -3.3500000196961865
46.66095966175419 11.340803717840016 -3.3500001325715
46.66095971259235 9.92919629091061 -3.3500000120588123
47.890050040354915 9.219935024195724 -3.3500000578196785
47.89005000097458 12.050065148959309 -3.350000576663489
49.119999982531965 7.090025051801925 -3.34999995187467
49.11999999609443 2.8394909978380656 -3.3499998792008157
49.11999999900223 1.419926160227448 -3.349999913084669
48.16147999827628 10.888032576014394 -0.8347254923769576
25.373908274226345 12.01652865922192 5.8365737481432145
28.90087902153252 12.200540635789809 3.954572377489556
29.029386483819128 0.4246692360622113 4.05077126763543
29.10423261163818 6.450616498645484 -0.4850864108615771
24.669756691402704 7.026191674430031 1.7905011769272683
26.23424176552861 8.764570523395191 2.15057583939418
27.058737405577947 6.260352055048601 1.5997237360171634
27.37559919352933 3.0222036661833167 1.8804035141470132
26.92443120202632 11.046820408043633 0.2504214432965224
27.594192038710716 9.183874284763572 2.098555307582032
28.336766810820745 6.469902130174119 2.0805742430993734
27.72325702814334 10.000389384653907 0.38253333507863085
27.234299856636333 9.148118123018826 -0.4804531437342052
28.26833152699571 2.6862395376804784 4.791188476565132
27.947067854135746 10.157669531114028 3.1389906947261705
28.913793777073053 10.30240703615039 -0.04423077308437495
28.604713457676326 7.9932095258555815 2.280669450149314
28.811707002533108 5.610997710973712 3.1049139653799696
29.406713612349268 5.856906902539139 0.6840386718804492
27.862511032518935 1.9052586843673012 2.2767469912742277
29.334762786622253 4.620946223321567 0.5275660913136926
30.7033791472223 5.990133652346768 0.9011764351538898
28.95946933106555 1.8534380846180591 3.7820860681484225
30.329615867178102 2.450223035487238 3.3805291139576754
29.29450120023202 4.782265694556299 5.578676390198991
30.69928567458277 9.629252267059673 4.731022365304659
28.011452725258998 8.087604415302858 5.245449329680275
31.93324212505165 9.040224108877496 4.670710546169899
28.46300041616867 1.3694095381669105 1.2507627106546737
26.83750209818093 1.087738422047989 2.439549327915056
32.10464708454907 8.391521750130478 3.486906347269716
31.42334107986863 3.156359049536642 5.523463609768278
31.625716355213754 2.4664400109192695 4.283384336516027
31.469626550294524 0.4709718950443221 0.7323169552432418
32.32800589630946 4.881444389488374 3.3999677345423365
25.62009332037912 4.785156360712223 4.67598969147395
32.41852019321532 1.2852914105484041 4.339962766319653
32.25566001317783 7.790827997809976 5.966519899232087
24.620712320531315 0.4566732097839202 1.565220497698936
24.57539477745502 2.2770968231295443 3.492269689976971
32.21764508388053 9.205260067372 0.765967555291569
31.128219615203875 6.860507171654878 5.760484878675261
26.04772911861534 7.606103714597535 5.72670037740237
32.806665814261116 10.07819548507205 4.669766573859664
32.774055880165655 3.6222953913053173 3.403232311806268
38.53192359468882 0.40146591288020406 4.716903296493076
32.963873336585806 3.260663531513047 2.108238940059881
32.87789367188467 11.445254597634735 -0.019115214167719774
35.41433499345978 11.559739247554944 -0.6608651642406482
36.33982538787504 9.064872382402648 -0.4378537175695063
35.93276886473445 11.708581481728732 4.456031207809041
33.24863553807634 7.216310575945943 0.7424196202819544
34.54759170442665 7.415394942046926 1.9153098438909577
36.24213548785754 6.462506562307187 0.3391425688991079
33.19455151014685 9.492405923613479 0.40596603925564634
34.950868362221165 5.418407954753181 0.5737523227686769
33.56463040440377 10.704721178573605 -0.008970488782799046
35.96074208182736 1.4191790178388957 2.7881375144155864
36.22521372517847 2.2149858739670987 0.26202037339155715
34.28428128407188 8.747900456580352 0.3349766922088948
34.3130645680354 7.42446336443146 0.8508781709238433
34.88742669674864 10.645647835587189 -0.43020407645680825
35.17245837858392 6.394035778605395 0.14114601910837132
35.34941080613036 9.42690293237359 -0.20458812398365778
36.01705778704041 11.8735032655642 2.4716745071321067
35.35679627158197 10.053396572302594 3.278244249119399
36.2415076903857 11.006110293862235 3.441260798766818
36.55236920776603 3.725167740650828 2.3478647516080606
37.48179140078479 5.3776938447290075 3.9670381129461973
37.98398745698263 10.276028549153239 3.5725056952447662
33.96742223637058 3.7150470161462166 4.020532730351988
38.02610046938627 9.298350135808196 2.3126647061173666
38.02995170807089 9.614224253598975 4.840624745266004
34.93835617143033 2.3660612660220544 0.1344909601472244
36.72310420899882 2.344694188136962 2.038251540504903
38.49249358651361 6.920852017831193 2.2733509400653986
38.906496164269804 11.400138520477677 3.347831994889283
36.06728687849098 6.98566584955236 5.191081632084092
38.24203437885664 2.107842803092015 1.870094744007833
39.33758123346268 3.924680436286221 3.433438577444324
39.44628402485688 2.930182203820733 2.3676995012776203
38.86966825059371 8.208274503923155 -0.3341060449538835
39.125642732663145 8.255604505573348 2.2910223912439145
39.79187948871781 8.397068877947232 0.5494823889403566
39.080904905221985 4.708813100412325 0.35481298242385884
36.71491569698612 3.230517999916131 -0.4438251611555166
36.49173240358471 1.1481972726685523 -0.3972192693758314
33.64520613740029 7.180663285577946 5.625229496163095
40.36447020412778 9.5388945817942 0.16704308123033806
39.9674963635653 3.9421965935905656 0.9258115434225256
40.60906963479116 2.062000640487635 2.4618616933135784
40.17547471832932 8.440526596624146 3.200690140055248
36.965048415576426 2.7938060174933783 5.9044652622593405
40.7268429139736 7.508995029935849 0.2572300281198825
40.6522563750647 7.617106837802369 6.0172315936050405
40.45661944118865 3.057488953759714 -0.04443806890659929
35.10622577443633 7.5208329132274265 6.1427404086222515
47.781301449294396 11.271140688249279 6.059714354768651
40.95793646329639 4.7621306452450805 1.384226510473937
48.94984620389184 11.183606442356366 0.1512309821300417
47.173152749553275 6.972236780278644 3.2846021754113295
47.772056905437665 0.5321911350283807 3.5353603046888518
48.48874075117645 7.405356793083214 5.823249447287459
43.89978138971549 10.955959618012429 2.051751390004016
44.517012186295425 1.8053418357648752 2.541941561646248
43.50365302436431 0.6466694262711745 5.230265170075727
46.507784802837605 3.7875446492334826 -0.14307184718670207
44.973432984798244 4.5202699666301696 4.272938771226427
46.779607760728624 6.842504455527554 1.1309940279691433
46.81730982880548 9.76479387732689 4.8160189142002
42.066850072987926 9.031424290755167 4.636769948391298
48.59098870472912 10.398361309988097 1.1735242922668454
48.96819203337246 6.7705068072591805 0.8240603277472502
45.705532015527496 6.813696526272852 1.021763094710102
42.91883062373309 5.656544024722488 5.410843735526686
47.73374742440676 6.204104773704418 -0.7888387196374069
42.753566840858504 5.649022415612146 3.3469411729893217
47.33519950245568 10.018948379981225 6.020832186518735
46.958241424559844 2.528132164313284 2.6537685005247837
45.93410415805036 1.7601880142985586 -0.1989842130975339
44.604496421273375 11.268208882832813 -0.4839857726512409
43.63159783398162 9.430188609983869 -0.07251516746206499
47.71798065214662 6.472042180186596 0.2572783651266719
44.400348380244644 3.3566245297709747 -0.16342196407293175
44.46737997862442 10.31623180888083 0.40381752576529095
45.186677260008246 4.173738418994816 2.8031759564127654
48.73566238398432 7.125537448532548 2.075180356722739
42.52967285110786 11.639370731346853 1.7495762656609137
43.17276306232555 4.888639006986554 4.375843066396183
45.59031252468256 2.9790476708053375 0.3686748709753551
47.42961627341238 7.01300108171252 2.308556719166849
45.30729314207221 3.461595972379594 5.153137639760633
42.56195558360997 0.7643700043279381 3.0503906885133123
42.499968325813974 3.721707921367473 4.464640434927865
45.58648912321099 2.8186313684727655 2.26689883425545
45.02562655350679 11.758791952158672 2.5483881964676613
43.638936503828674 9.673176050197405 2.774228346561766
45.66817873306575 9.741205084883509 0.49385984058460286
45.57310217190747 5.798519342335526 4.406717320333459
26.8150877935822 10.430340909908086 10.791773421816407
26.83582785643263 8.676511976104065 8.94997732331774
26.952621930471366 7.931746634002157 11.592427028747887
27.426133761699244 9.205998506729031 10.347354313906525
27.671130139976103 2.8570618170223447 9.924736522268011
28.812174057665064 9.06148850199623 10.389839731485898
29.26258814849649 3.5024524099490164 9.133497800650721
28.96919099663777 3.9769411195142506 7.739792931933773
26.618680277889222 3.5059784371296265 9.64054914832597
27.32964256039965 6.714333144926743 11.22375211071702
29.629871269728046 4.766143377627255 10.077611474229203
30.251575252427926 2.3912014044549252 9.28192738132595
27.58797151892071 6.7020111616704465 6.793145375368715
31.163610589792892 11.324025313027997 9.703548960639157
27.353746588545654 9.215245140013819 7.542224690129643
28.80125160207416 9.507594416740055 7.489242061670298
31.01322046688857 5.541289579239652 9.91346985388476
26.476469717861388 10.27207490938036 6.9995082435102525
30.799604874930942 6.988949244441993 9.764343039768953
30.825477206574025 9.172396912209706 8.937419282133432
27.39225323682851 1.6592873101907877 9.547661961864168
27.91828967670857 2.928074839500231 11.236689202353379
31.854778695727216 5.39051303004062 11.67338687423133
25.632893973737698 7.7316638220510905 11.669555737842423
31.90542603933409 4.14004974097068 12.053243826339358
31.093559395705977 5.943518462448222 12.588546088558537
31.925973686194112 4.86831415024534 9.011996707520572
27.205865684535812 7.87893419782691 6.277356172842258
32.19595455492995 8.715242691776993 7.091860908454185
32.48900824081544 2.5412514451975734 8.38371851992878
24.898630165227473 5.452119435951738 8.579236493727754
24.969164512269547 11.325389999764463 12.869532935332582
27.47410904782957 8.157045016119378 12.766657651042738
30.67180066602583 12.63923392545667 9.575465532020166
27.769679298046004 12.596865701036913 8.587918923868234
24.743974153832077 5.129036397644034 10.26485200302264
24.806699368764384 3.7192876187163684 6.3482173150664645
33.09112451686383 5.88517695701331 11.69384837660669
40.54443533711614 4.555208877534139 6.78510378975857
34.57434477409291 1.8810185201104597 7.492724128814564
34.5222909870817 10.08736370651332 10.964532906806186
34.909874682968294 5.270221720113894 7.578845751087756
35.30983545644897 6.437513073527375 7.731526291626329
35.513565239826235 8.45137450450566 11.720167540419856
35.56999119954613 9.776270142481188 11.750468280856321
34.857826162218245 6.962613745299705 8.850854988611193
36.609614468300784 6.4458803676285745 8.002508401397787
37.19894289459409 10.377307474901185 11.065151481954006
36.98720740005859 11.846334386143553 10.950069579562715
37.3226365509496 9.639076272529506 9.788433029851477
37.76152077891764 9.750654217259921 7.225727614071067
38.16506687553371 10.006181301113262 12.203208481391316
38.5067683079871 12.022802891950363 7.45650313924613
35.32759810836353 3.004270209527261 11.455630873725529
39.534735277104595 7.938006447769797 8.044903829108755
35.71661357617198 1.7530749506962608 11.691817421980051
39.507826142641626 10.589297161530716 12.639063467468928
39.18302260111731 5.114041655515205 8.362489565266873
36.11642381908748 0.6568506216919993 8.994792384153673
38.257708633956625 1.967885275322277 7.295366474931021
35.73541037201564 1.0912491885308109 7.60200577161093
37.045348162524256 1.8664018911993048 11.897648454511856
39.68381026281227 5.418891106977915 7.18821192209097
33.8210626135754 1.1161313661982368 9.939930736000852
39.57953361013661 5.871557742271441 12.427732977746293
35.27245922559822 10.122062788725625 13.035763137726196
38.37128701869736 5.251248729275231 12.873301536362598
40.1180386538607 0.5353017691021181 12.836920245474829
36.97311289100455 2.3249498484068076 7.142497967604154
36.90005596438047 3.3041087957329247 8.014279891317168
39.67426433287134 6.85206953277738 11.572029131681862
38.83193634659157 7.367227101538679 11.134426294773672
35.22471140695552 8.809194403270181 6.690623836132436
40.45989266814749 10.286046871476737 11.599237382673586
40.448057827330146 7.119053273789032 7.326423301616503
35.17117203887376 1.3836301191084828 12.882578185668043
38.658186829858515 5.4739040160504695 6.361282631124364
37.87806651059589 4.8033977802694 12.010594715967924
35.17206236529231 0.6280211032826185 10.282542587903441
39.386506504627015 11.99627684679194 12.906484953533116
35.893752063060184 0.03386542024236405 6.634268769366505
40.90602341709994 5.402538127995859 12.570514551268028
40.92059059583524 7.075027952430416 11.199290890487566
37.72433102772953 6.041643568046803 13.253858949384927
48.90477477491589 5.007331394514965 8.06764028019822
49.09457540036824 4.783718516748977 6.778533803497769
42.39224439519509 1.0065767756828499 8.804520425282256
43.29528515148888 12.678156263988358 7.092691570639361
48.247605658937836 8.560185876914892 7.964451419011364
48.45723716532815 12.205970501709228 13.098355307251882
48.548302339125655 4.1979926802638925 11.784308266931884
41.753306640041906 6.178992241483193 11.814088995274336
42.392587332713624 1.2427482800860667 7.544597887637657
42.83069065015364 6.175917689017258 11.739027408269136
41.09426456491933 7.7483275860192755 10.466757644931368
44.65643914385901 3.1532915622194766 11.643886778195
44.28261875477878 5.761506895829815 8.279047597383046
45.93555590616896 4.012573436960128 11.812886965111705
45.46256260203829 11.896007150863 10.896326689826061
44.247696677066614 6.9881458523829 8.804097061890538
44.4561066894917 6.827197524112356 10.102893159423836
42.82290724541303 7.941756171303911 8.294440591716468
41.42325803553213 11.828298594069814 8.612109323021091
41.668706204991985 6.9229534212752375 8.196663781882162
42.570410507467734 11.124135774866156 10.665470504450365
42.60503683053823 8.98941484662095 9.2305187951697
45.36870615773697 7.528117422059733 8.35227878666186
46.46958065915099 11.236354522124925 11.61501073651305
43.73755025492129 9.703473651009054 12.521823506170668
47.050106944085506 3.319021199598943 9.647519274817887
47.03841215269868 5.760665531186164 10.232127592537939
46.95744858483973 4.351100883081798 10.706889260072494
46.46580260831391 2.4563757816758454 7.44919154902262
47.48158187051723 10.4457750562693 10.89720527902039
47.64524556833137 8.0021089312474 10.477400014015082
43.4965778142565 3.798146846010873 11.113274781090162
42.77016376443844 2.513851101734189 7.441082353984335
43.23623565155462 8.413167128402224 6.983079262066477
41.592320274602166 12.101847845593332 7.2223583207515105
46.26030304305581 9.933970239797395 6.797210684440725
45.05439494107041 9.310924916442874 12.933734247395577
45.694462524384235 8.234726070381285 12.123145861618825
47.484568957165024 12.59658304362322 12.375275993194641
45.031736580408975 1.9328264946163518 11.022411242593734
45.897959733905 10.603681850528867 12.912061604182096
48.2868179712109 0.4528867619522729 6.863186635567704
48.601137094545514 2.9280519577325146 12.22565194322754
48.6420011299348 4.964448764526636 12.864304634098279
48.65623757748402 8.82060682587576 6.60408368626231
44.22971436065802 11.766404653297736 7.26525731732457
41.18918404727395 1.2521273093775203 7.159430060503819
43.46207570143031 0.09168015663873924 6.516963984451428
41.12460871488263 4.546984310827496 13.192324919073942
41.506553228386196 11.055917026109991 6.274014655800766
48.020957238884066 4.2852346900256135 6.262323436055459
43.32452043056556 1.7458483111051335 13.239376157509131
44.22491528081051 2.634621140835231 13.307932188813542
25.682062553524208 9.240458061800766 15.070166373946364
25.368581971935495 12.432179807833108 15.01755102221949
38.709959812442264 4.209674466027938 13.863201602688696
39.28819044735359 3.3862951348085293 13.443921493739074
37.787846777159174 3.700807490125631 14.144025303451684
39.21693128854604 4.518296508851166 14.777440278924876
40.40152490313809 8.586050682309855 14.307710828422024
40.056622950044 9.89293113840547 14.233789011919093
39.14664505806035 10.229700511321823 15.200709151150908
43.82339990861748 3.5835248609037387 14.080741906458314
44.107659888510945 7.5986389957818945 14.718174438696726
44.51028750710206 9.451703978866528 15.575742541756668
44.90599282535005 8.64075654804966 14.669415214444504
41.205469821864135 10.51897700366611 14.600420367788306
46.04676654448745 8.16235983325552 15.042564911292827
45.25217355622995 2.04714763652529 13.968002367738272
48.83672222330569 12.72206708597262 15.881532077552693
25.78995089591992 13.469999502419052 -3.3499998894684033
25.78995035794198 16.308682937153176 -3.3499998874554384
27.01903976059171 15.599413034244106 -3.3499998914401674
27.019044342831727 14.180520426485781 -3.34999988307049
28.240955674737386 13.469479536583913 -3.349999867663361
28.24095978051736 16.309196306283543 -3.3499999007840344
29.470050053088713 15.599935138092285 -3.3499999531441405
29.47004907173569 14.180000463407282 -3.3500001367866785
30.70000001600165 13.470030668729608 -3.3500000906674554
30.69999999736535 16.308651870354 -3.3499999298778516
31.92994993936644 15.599935121197188 -3.349999982622436
31.929950886873787 14.180000473062664 -3.3499999140747505
25.78995036273227 17.72131703693872 -3.349999933271416
25.789950883840476 20.560006194228205 -3.3499999260975635
27.019044354973303 19.84947979355361 -3.349999924597078
27.019039754801142 18.430586968865736 -3.349999921942064
25.789950768986355 21.979991350975673 -3.3499999195205
25.789945935895037 24.810544355833752 -3.3499999347849996
27.019005337945483 24.108918225681027 -3.3500000400231276
27.019044523232424 22.6904634342192 -3.3499999680462444
28.240959774935206 17.72080366549691 -3.3499999209720457
28.240955683254487 20.56052637060827 -3.349999927268078
29.47004910121715 19.849999727740194 -3.3499999338512754
29.47005006224258 18.430064875918863 -3.349999929236426
30.70000000655001 17.72134810695326 -3.349999915165901
30.700000007379042 20.55997494928595 -3.3499999420626203
31.92995091150832 19.849999724781622 -3.3499999261295734
31.929949947407692 18.430064881151374 -3.3499999115694057
28.24095597172721 21.979471059939993 -3.3499999556881574
28.2409946878776 24.81108179331134 -3.349999912622393
29.47005405925058 24.10945566475783 -3.3499999044331688
29.470049095796597 22.689945755136165 -3.3499999395653157
30.700000004810946 21.980022647537616 -3.349999915407108
30.699999993861034 24.810510182438435 -3.3500000353976898
31.929945959705467 24.109455662156005 -3.3499999404438907
31.929950914724934 22.689945752524544 -3.349999902320191
33.15904431369443 13.469479540227272 -3.349999870505471
33.15904022106717 16.30919632012418 -3.3499999135549476
34.38096023282864 15.599413044211907 -3.3499999326124943
34.38095565920844 14.180520424876859 -3.349999905691692
35.6100491107764 13.46999949029643 -3.3499998979448495
35.610049641060506 16.308682955704345 -3.3500000652689756
36.84000001940235 15.599966863653536 -3.3499999178075903
36.84000000648418 14.179969289991448 -3.349999893553126
38.06995089983611 13.46999950341419 -3.349999883335233
38.06995035368955 16.308682940140503 -3.3499999216270226
39.29903975917451 15.599413037386068 -3.349999885277101
39.299044346122386 14.180520431722249 -3.3499998686850185
40.52095566187938 13.469479553002127 -3.349999896389102
40.520959773882254 16.309196307814105 -3.349999893875981
33.159040228524795 17.72080367542365 -3.3499999043850215
33.15904431774268 20.560526362848247 -3.349999925173408
34.3809556426984 19.849479787832248 -3.349999896629554
34.38096024594147 18.430586974112593 -3.349999893594781
33.15904402636687 21.97947106123587 -3.3499999070776134
33.159005324708104 24.81108180240515 -3.349999872319941
34.3809946683098 24.10891822602574 -3.349999885905013
34.38095547718497 22.690463452233733 -3.3499998949767007
35.610049619729296 17.721317058599393 -3.3500000381531123
35.61004911248866 20.560006183139492 -3.349999900522236
36.84000000007798 19.85003091322466 -3.3499998956345656
36.840000015721415 18.43003317612154 -3.350000047177125
38.06995035033225 17.721317056898386 -3.349999990071091
38.069950888010496 20.560006184153586 -3.34999990641537
39.29904435668865 19.84947978963161 -3.34999990241422
39.299039750821265 18.430586976786856 -3.34999992669641
40.5209597673265 17.720803668625493 -3.3499999151815665
40.520955687413995 20.56052635233433 -3.3499999298961782
35.61004922577137 21.979991351039708 -3.349999908724597
35.61005404991605 24.81054435708093 -3.34999991222493
36.83999999560039 24.109489838554794 -3.349999905564652
36.83999999925242 22.68991481639369 -3.3499999175113473
38.06995076500843 21.979991346826285 -3.34999992351578
38.069945948624856 24.810544359664608 -3.349999901724874
39.29900533553749 24.1089182395902 -3.349999919046428
39.299044441509224 22.690463479205327 -3.3500002623466516
40.520956047579226 21.97947099424597 -3.3500004719427667
40.52099468784102 24.81108180137971 -3.3499998763273373
45.439044313278394 20.560526366975825 -3.349999915308964
46.66095564006863 19.849479794045344 -3.3499999221031143
47.89004962507085 17.72131704474504 -3.3499999105530898
41.75005005497848 15.5999351249929 -3.3499998909540354
41.75004904580057 14.180000540366093 -3.3500002313815926
42.98000007847593 13.470030679669856 -3.35000031872195
42.97999999825282 16.30865186513371 -3.349999905966664
44.209949929124896 15.599935114116372 -3.349999967844144
44.2099508918658 14.18000048682928 -3.3499998946185325
45.43904433107586 13.469479558391129 -3.34999988196743
45.43904023987871 16.30919630829957 -3.35000001504995
46.660960242438115 15.5994130366784 -3.3499998869323697
46.66095567938546 14.180520427002705 -3.3499998723155997
47.89004910159982 13.46999951381772 -3.349999893739354
47.890049629428226 16.308682928394237 -3.3499998906206487
46.66096026364744 18.43058697164155 -3.349999997409957
47.89004911307202 20.560006190254494 -3.349999918776004
41.750049094216294 19.84999973525263 -3.349999912206302
41.75005005480103 18.430064879335532 -3.3499999225281893
41.75005406049348 24.10945566667952 -3.349999869787795
41.75004912335595 22.68994576319583 -3.349999936582483
42.97999999188546 21.980022653024903 -3.3499998877452453
46.660994659256914 24.10891821979413 -3.349999923014888
45.43900530916808 24.81108180136029 -3.3499999063396855
45.43904402206143 21.97947104698764 -3.3499999547677772
44.20995087957741 22.689945740769996 -3.3499999981988626
42.97999999682024 24.810510178930123 -3.3499998803265427
44.209945917239814 24.10945568061097 -3.3499999350369833
42.97999999649866 20.559974956691782 -3.3499999080979115
42.98000000618593 17.721348106538834 -3.349999916723536
47.89005404784711 24.810544354364595 -3.3499999288306013
46.66095547541942 22.69046344155873 -3.3499999294320713
47.89004923174089 21.979991345245153 -3.349999920230494
44.209949915310496 18.43006487782067 -3.3500000125536458
45.439040226774274 17.720803629600443 -3.3500002183199284
44.20995090080201 19.84999972938553 -3.349999927030023
49.11999995033242 14.179969322483254 -3.3500002543881213
49.119999997608375 18.430033165177882 -3.349999921595579
49.11999999764107 15.599966843615293 -3.3499999004618775
25.00257042411845 15.129239104767972 3.2340336135462646
30.060932892919634 14.334901906725435 -0.42652833818442093
27.55547128359777 13.862042107427861 0.4344797546010637
26.841214331694236 23.785789657718077 -0.23195272521926547
27.982882963597675 18.38187424337809 5.749034570011546
26.435848535099954 14.602673661457223 2.871631871575109
29.95570803285771 13.156120908956346 2.0331830950330385
25.157370404685633 18.884993001914637 -0.2586203420712829
24.99958072048868 18.81392319519785 1.091359103636237
25.784784482349156 19.660675757704617 3.364973334298391
25.96246895519208 23.5411872502646 2.5326705983559528
26.29304109763612 19.789120613892454 2.050643886516128
28.57908018506158 22.558609199919992 -0.05793968528154725
26.925816903288627 22.510475417071074 2.070769182205755
26.10285150441207 21.276404819528704 1.5197271020909564
27.574431631507053 19.154923592426876 1.788623022540624
28.097230214759893 22.226503763692428 2.859733020482733
27.729915770985677 23.341805233184985 0.5840268827853323
29.058090020616987 17.644931689321872 3.5020212153465655
28.394664546759106 24.452734902584705 0.8802318565259881
27.357668500968632 15.566863030111843 3.36552304498432
29.89792181902996 22.692707867304343 4.476518203824985
27.13257466893653 15.830337435203234 0.5474498854042609
30.956529435262247 19.26456242973319 2.9551530336291574
29.00991601782599 20.495615079406253 5.543014523631705
26.705062722660884 14.684887899338083 0.9843965592574888
30.51448337361062 15.919340539173232 4.1386326579213675
30.851703724824354 13.597249307316156 4.8994066729166965
31.37368286985238 14.792593427052553 4.285994965413712
31.80782053210913 20.275744955149747 2.460593003980307
31.250155819399154 13.713643231919985 1.731312862089659
31.372218879985535 21.633349200943464 2.6257255386061695
31.945175780785796 14.488886186316666 2.8665879483875267
30.75890512288755 14.991249538159611 0.47843767781481916
29.880517665768622 15.922007439360412 0.8635032545368326
32.64923241383161 21.10823123166384 5.33114005863729
26.663286011341846 13.265537424174681 3.166761818926127
24.941517426962307 14.52370120122163 5.721169818503659
31.82681899702736 15.559755836849043 -0.08826218140250863
30.940016749019254 20.065642737616766 0.05457466649052112
32.14103596175812 19.95167777935999 0.6869925062239857
32.604429556514944 18.743194120576398 0.5542230028772133
25.458636399669082 21.76583750273558 5.430969890981608
31.097060908008196 24.67535039343259 -0.591309849877113
25.108845445919258 17.58415582945543 1.5610602489645042
24.640808910847355 15.565197002506688 4.751858188742585
24.927907881072525 16.96776212934352 4.9736703558017235
31.522973837694963 25.144144008088443 0.2957813084511529
28.445646443391272 24.810635429729345 4.452011921450293
25.533834718926354 14.46618065202818 0.4024528391009752
25.643572654934147 24.939336379110106 5.592467681589728
30.796443914373803 25.208588339718712 1.1057820483751113
32.20656917537531 12.850079327695456 1.1284126951859808
24.56734767589589 25.388635490644614 0.7993474367624431
32.99714389371079 20.813153479934034 0.07877829445359086
33.17468375468192 20.105648907108705 3.139784765146265
33.65647925131655 20.4560493103333 4.550501275033172
40.32228796234269 13.265165659042728 0.2749477682523649
32.83825841012226 15.361636718791207 5.442516037644952
40.47301472425267 25.390984256680554 4.865737793889168
34.30125448765805 19.33022223473076 5.246739111901145
35.456875848191096 24.558594097450637 -0.16475860323489244
33.29492525758209 23.8545570059043 0.2760408687463489
37.98721592551161 24.617217527595745 4.186972241422633
34.94961130818901 21.732078008354762 4.17730360837524
32.822790535932796 24.523481553180662 1.8355991198360366
32.91761342694642 24.748166244067008 0.773231288056998
40.138824966445505 22.386151610404383 -0.5634261559923559
35.68816136042523 16.153002782960517 -0.2619539019425643
36.16659965733966 16.955412123222963 0.6120343922070048
35.855726819194295 18.17634934159862 0.1510374537966852
35.424380443949204 16.75537852034784 1.722823568348194
38.00543851463372 16.788900668738503 1.004975044926838
38.25146892212071 17.874619520740683 2.083824921843008
38.333121087463695 23.36369132463241 3.9356921612045035
38.10693655047665 15.442693822055322 1.4565801692868452
38.7085307933824 17.251267910212025 -0.13289098937229515
38.44708010443402 18.45059369942092 4.820826341996329
38.179653375145705 19.71594534577249 4.545507266468269
38.83121382956364 21.597496632577474 0.8759216094596445
39.96726843503587 22.31351642145256 0.7754478716726443
37.33206734854682 17.89052149783614 5.198884867554579
39.2238098341839 17.607707216517777 3.3817462099935858
39.81270601094214 23.537041823615684 1.1714077248517107
38.92615059568992 13.92176883050759 3.4425489162832354
39.95841656126695 21.97944611225128 6.135570366994915
33.6486322189893 14.373129958052358 5.783736154389846
33.729570458920115 16.27048263432517 4.957924116333269
34.57874034344221 22.81706303457684 3.558253851578673
39.344539855803326 16.177733141691476 3.7834311286163604
39.11427766647252 18.407941223651996 5.953049314648194
40.47669454411931 18.24049104388323 3.1522250613013068
39.71484995124441 22.361877238522556 5.2330617852459715
38.54916813686434 13.815402336636543 5.743396807301028
36.022109877044414 21.30892471391353 3.4328921012459066
37.26777245212328 24.558764935699568 5.276556884542819
35.19967340965558 25.515598955582583 0.2646463421005807
35.591360122430146 22.135882001421674 5.245965328725744
37.20252743092024 24.945086360539296 3.1153307125529164
46.14686226105432 15.51157068390517 5.157467508717111
45.271605802743686 22.891088930237974 0.9367803233302252
45.41712067923709 18.28615931426346 -0.4253410590958573
43.42208030329575 13.252719258650181 5.866668436985165
41.38992139915076 15.122900871020763 0.680995572501536
48.98127213232981 12.971982112753958 0.6144113767347748
45.47423225625385 17.226232443866568 0.3162854991365438
46.745944226745316 20.403047948429794 3.692267054624386
45.74914274622363 16.755075933604125 4.554618819205255
45.89664801328165 21.72625530100887 0.8901316482906152
44.869927438156004 17.51694740715784 2.0278330103068565
42.32838001035744 13.609527949058899 -0.5471826071087171
45.20647905624788 24.123641225808598 5.675700597972901
41.09557358244475 17.876423250553145 0.878016946479776
43.495640297071176 13.915169366588758 2.4082926719127737
41.281744569535554 13.267881292322365 3.0905053141808816
43.85041598847555 22.73992142836576 2.083857405788029
41.11405749706431 21.596345226643233 2.995124243598375
41.43312167899988 21.467569733965767 1.6029978860292793
46.437962307195896 23.41953151913379 5.868740737019755
41.489442947414695 20.133368087416233 1.0397340370614805
44.94104848637811 23.19226206298183 -0.31541131002917555
46.73644365590042 17.810292438371526 4.778661991411461
46.119914913226054 23.894720504715792 1.252523756287215
48.045312070365604 25.307682159516332 3.949044334811349
47.5964545161042 13.092322542592555 0.9192910930052656
44.73827589036165 16.301511645893985 -0.2531122663532859
48.46009020749243 25.241014441917976 5.330824161353329
45.360158533031466 18.81463461127095 2.344880352676718
42.320481339031836 13.108180677602926 2.1225346410488455
42.69630869052552 22.30413411508735 1.1919030993321633
41.308489117709335 20.510529655627185 5.611269031630229
41.55166237535164 13.818178349311564 0.5397613395089174
46.870478073671606 22.544534685409324 4.781546013419238
46.3025646618018 13.821425443323887 2.9992992613998437
43.470799894727506 17.498532542674244 1.7528547095503788
46.702903849058984 16.811771787921682 0.40896831088780505
43.774382423439434 18.45030567962188 4.957137215454627
43.32572737888244 16.478850525085374 5.536849065524679
45.387873995602355 16.446458365989756 3.0376022555333373
48.66211420303992 14.706843575986829 3.463580673472201
44.287485705233166 17.386337115231285 5.4483671473171915
44.35159421688722 21.74794585665572 2.979144869430228
43.65577531754354 24.071678211091967 2.6735670455830984
49.067473555606014 20.828297344325645 2.6145427932789356
47.62391370668467 24.383850841320008 6.247031081156884
27.741675939424873 24.055850576623094 12.472049735845554
28.593322091030902 21.503525344256644 11.442330982318623
28.833035458707162 21.791162497627123 12.712466775524703
28.1839950293183 18.75460688294114 8.74192382393266
28.90877393145295 19.482730318543737 7.953605099809357
29.301196650195667 20.575199688358254 8.493303596307179
27.885706614663 15.361083547363084 9.04176335995651
30.120640075327625 22.130731943430167 12.7738822543048
28.53702143782708 15.116990244191033 7.9029259061029045
25.786971614377766 22.00189099415234 9.163324072038462
30.074186979360267 18.896772743050175 7.767431428383514
31.196221402108407 22.653375132820663 8.557273805832178
30.33281353530222 23.88522825552787 7.04535413653463
31.201597876909965 23.877719633066057 8.020796603826088
31.911308233431907 24.797773530431314 10.657820376432086
31.912026593243915 14.837434493998582 10.130159147164811
25.089675522095625 21.953152314435247 8.021605905859644
32.1660705070639 13.589321684110697 9.929977081477876
28.697718914997758 13.256581180007041 7.72450546546508
30.414592797206176 18.11287443971284 11.013543105471303
31.075974501954953 18.44812513290271 11.81246814161549
30.85926473398918 19.5151396791507 11.863623147589335
27.76299636649001 15.689214750545153 7.011968239159778
30.737658510646696 17.84892335759367 12.657808027520892
30.881616500869495 25.001971530877807 9.441394866037449
26.234126176028823 21.650479795631117 6.6232880429959256
27.30154797579319 22.52563619087548 6.7393628786434565
27.374751157827905 25.18217904223688 10.404837337036902
29.682586179039866 15.683275412294467 7.895467112019366
29.55902509050903 24.690047669770337 9.709206508999506
32.57594904316637 18.192243599028174 11.354618713805573
32.6819952479074 17.128965018410202 11.13946095073287
29.768142626604646 12.961700071266618 10.648999557233685
27.07020506569375 12.840693898313596 10.911835579484336
26.67954207536808 20.156222821241197 6.666520959770211
24.996400634626333 13.70515784362499 10.146309619832675
28.061657859666784 19.696621419950954 6.268630716659479
32.43143440766508 24.088823754687155 7.5202132960124874
30.144147036846416 12.987121731234502 8.068270903072035
32.37220936632613 15.917027509545262 6.574561624491661
28.406362984553223 12.994594335737771 6.359786785584807
32.668563859355956 13.231531305336395 11.027501038857043
26.30619424988534 13.799196019026937 13.281297539800114
26.599437663552113 24.938961004210704 7.9329778708027785
24.67591367348074 16.387232916061794 11.640458938517998
32.77095939841616 20.96096933307597 10.702556434072049
33.903841643245244 19.022723737365133 7.145445597637731
33.377076554726685 20.466736845442746 8.695347965010816
33.62127973708317 21.42418323675489 8.25938785962251
32.903933830894424 18.886682520687273 10.076621611027587
33.222308416380244 13.492661584766438 9.04873501052341
33.102636735658045 18.36056628779818 8.878317518936594
32.85233164716903 17.34931854404403 8.593492373692072
33.660229447926326 19.217689016030047 8.106040016920343
33.04588291597365 20.21311591930586 9.973493795477301
33.284946251087675 18.445007351515407 12.142992638671835
34.12866328674959 24.84874585524829 13.193048681186122
34.83032679587807 23.095663844961074 10.456063959358602
35.806924678753845 17.677822184908983 9.158479147115104
35.87237222563393 23.427761355085728 9.730888561342518
35.64346978762185 22.918218920961518 8.534407493085162
36.37326685466423 19.6657785699191 9.787830137168871
36.78067859046471 18.466388808166354 9.6575792739527
37.596148738978606 17.758276042877966 11.231145121473606
36.847221618145895 22.698674984943402 10.218238572388417
37.701098348651655 18.754256747160284 8.731377313201847
38.16085218354755 16.48809945856347 10.817878916995276
38.486157090871735 18.799177365373257 11.47477627581333
39.59847750375208 15.668985940200937 8.235331219034176
38.94622417215901 14.519289504427887 8.379204149171489
37.682869856343615 14.796600494789027 8.645904868522367
38.11986182212306 14.259177002671763 12.1151139784455
39.73013784383223 21.33415209299739 9.327192948416865
39.339073842621815 13.978786628609539 9.524239915303868
39.86006114842608 21.370738079181294 8.25566068083235
36.53929311063164 17.666503741520305 12.339077973166502
36.37767459206781 25.159912135168472 9.660006216512947
39.1417061818159 13.263092966747653 7.010392039445696
40.87067346489554 23.712212494060548 9.654880446639368
40.683678973061234 13.215498174599013 6.769175561544785
37.44837335619863 25.26492407641118 8.674874322270247
40.427055737927816 14.74215637999651 12.979969596438334
40.19036533047432 23.54193156446749 12.683690164953068
39.528120657054714 22.35164034637947 7.386694412230833
40.531074884576384 20.423889156434736 7.534898220964243
38.77705216397999 23.102385761518686 7.583360221000169
40.703832667299935 18.68028491202399 8.679864509240439
36.89305399253461 25.418227099857134 11.04975735685405
37.335173099735016 23.640110092116263 13.092369850627298
40.61781050686316 20.933799846662506 6.325555670085255
49.106667146601396 18.361166844742353 8.879770728024729
42.19439318271281 24.97466073772382 10.58103406386131
42.24449447317689 20.42596447466963 9.743687055028962
41.36701656786572 19.295842719710937 8.072101644402178
42.602269971697005 19.778365671704567 8.943241876791708
41.543485013598776 16.459027079244635 10.338560839510517
43.09079081022021 20.584748032141242 8.396254784512598
43.25032390707606 19.054530524298762 9.437396485223026
42.73572332503095 13.862171053508321 11.382725387144033
41.88264309800359 18.638823335488595 7.371705463224119
43.111218671868144 17.655828735983356 11.106501758389895
47.0988400282641 14.553480589305638 8.61098930731023
46.67674468027859 15.3713577422189 9.635730205634584
48.140007042261665 15.213424009495155 8.065667474050288
43.441952232225916 16.374329225854492 9.495230179680238
42.8233347730443 16.46875463968635 10.663664177827785
44.95493874624651 20.790598063385282 10.883728773772596
45.743016156054196 22.798977736279507 8.38265898511745
47.19459668886609 21.44877186276031 7.541222465155615
46.145423769183594 22.230899985666234 7.260045135837068
46.0923970930235 20.783872205446677 11.585808074277919
47.12509745193435 20.56125164567421 10.728397105353798
44.78324847967445 15.097827977866288 11.870851460542397
43.31158305092427 15.050482793189007 11.83738894101521
46.26488455896902 21.98394385355705 12.016058806728187
41.84984855613645 23.672616721975842 10.48845769924842
42.91183588553461 23.203649947862182 9.817067285617727
47.42330564413136 16.450288347949467 9.746538706025408
47.31041046934593 17.21051660902289 10.50529273110401
48.212554265589446 16.45488629794087 8.714856875124099
45.87282267559529 15.11890986789311 10.192578013497473
46.78469573380145 23.9793670241874 10.124634184442021
44.513082584408984 17.69425528953433 6.776063237202131
45.24751606525626 21.329442479004495 7.047836267694869
45.660344017329564 18.285138445834292 12.374797494228904
41.36781334605129 21.470833772910172 11.839208073609015
42.77363580989062 15.423107485598118 13.217285897607663
43.55098762637883 13.72128447924514 7.900737841840797
47.782633838686316 24.75476423661392 11.24685972595224
46.74439424608183 13.578311027139629 8.311301949464498
46.63433811228559 13.404961477196412 13.059092092793255
47.23864860604548 24.950329127451987 10.3227739937422
48.020152730277786 13.374380046533563 11.419280857952696
41.463782822986815 22.907613797759556 12.109939794676682
42.535345546872094 23.45812874793338 12.872420201267502
47.97710065856884 25.083683043583306 9.53220122697794
48.856513349571614 14.850215113419125 7.343796287917027
45.933709309401706 19.553219828679275 12.974123115721092
48.96826637089888 17.693281421125295 6.334409775931517
26.411048017094682 22.21496196859119 13.360094071238471
32.52048908405427 23.487227882023614 13.388304853871437
27.6077373246864 23.01380511956573 13.40001841361744
28.685998922064815 20.686484619960698 13.371234430041389
24.846751808225456 17.87494288988166 14.251688638673237
25.570510439165275 13.872167966769862 14.510173173798925
26.66251473892182 14.620202966179674 15.82769770454022
27.020670437738325 15.796409958767144 15.394873369289076
28.06228115133599 23.26313659588697 14.798651683537356
25.909140254720604 24.3147958934884 15.433580938165864
27.343691075335503 24.48758655680123 15.4998549760566
27.497237990416675 24.460830412794586 17.359441830703012
26.693998541891233 23.5816611966353 17.93294959384757
28.865417489611524 24.29694865992784 17.736920158331397
26.12522929391516 14.776288335898963 17.002760301341407
27.75897319038273 13.914168048948854 15.87204447062151
32.49660679549731 25.294333082121117 14.503959512575541
32.82240150555795 24.792923342475422 13.339738219300209
37.53562043948632 21.636979649475713 13.5064233257762
36.78859813716291 15.647411444113073 13.949837267024183
37.894386650433205 22.856195782800278 14.020054968884692
37.183630341550334 23.070043462941094 15.213791369450657
34.353888346155806 17.39091175512359 14.150085812144756
36.958577013046 17.06241694265303 13.744133343240568
35.49545143093777 17.68722821878015 14.663449293661003
35.3875904436068 18.99636750706853 14.812619111548507
35.42592844837254 17.157352684695088 15.877066049537277
38.061127496836505 17.843548723291814 14.2645561931566
39.66676848957898 23.184222933539477 14.066525864539821
40.30410658584479 21.988072561190652 14.494635629736452
39.75573220940022 24.275762585275427 15.053644301682198
40.08349149463275 19.237030787715696 13.926371861320625
40.28632275547673 14.319934066999013 15.939376939350975
40.88612497815207 16.767154920586126 14.104691606536482
47.15747405966222 14.611593616272698 15.783975890535157
48.33340027947023 23.186230654630616 17.498586252611418
47.84765781087313 24.34224751362026 17.99377591240708
47.82237760678106 16.216021558375765 13.537143789193957
44.7488177472428 20.75588540684697 16.644377686370635
48.38894730998792 13.749996517187022 18.613726971780757
47.85774276783402 22.153170472848938 18.06239743931516
44.78887934270842 20.143609357816864 13.744524691546292
41.81840844679012 13.219833053985413 15.175587917721018
48.860137967476085 21.95444893379037 15.250563598303238
41.477161416983044 14.441818308158439 15.281825752700595
42.45762605073482 19.40821948679663 14.073919846236581
41.31385549935121 15.447381676903943 13.74613510598767
47.12549889217638 19.581878811594482 13.75601313222408
42.357128476033914 14.981275205945359 16.101596688882832
45.52044802617352 16.322921057422587 14.1836124013675
48.01138904029122 25.312981507764015 14.17799892691799
48.18863724651423 15.905329632352101 17.931678452366018
48.05898330906856 23.09552113639663 15.684113738739573
48.79165452572437 14.673295497375845 17.733097676246043
43.211661296656644 25.432765717587667 19.577449871996958
48.58895338259003 24.466299002482195 15.336271756343567
43.85745989982169 25.21398499327385 16.602561858529473
46.76713400535914 24.967323612387588 13.639388817384429
42.713465805019915 19.9328064183992 16.911601498484167
43.195182879923124 21.781479615317625 15.719052954018428
43.54354521965977 20.52305887660547 16.02529259107173
44.566003565149636 23.9426421460804 14.417384506976319
46.603159936982706 22.91768754270032 15.544921668595672
43.74531695002426 19.376537147892414 14.682295329906788
48.545144929840276 14.158332690336623 15.950679757961698
44.183501385218925 18.08688135450478 15.172750024903168
25.789950901560147 26.230054267345757 -3.3499999051276106
25.789950896493977 29.070000272068018 -3.3499998998798852
27.01904431663475 28.359473636260972 -3.3499999305173143
27.019044033548006 26.940528954979985 -3.3499999029523497
25.789949960485103 30.48993511067993 -3.349999986699288
25.789949938309984 33.32006487273421 -3.349999915562798
27.019040226357326 32.61080366698272 -3.3499999083213963
27.01904022768752 31.199196309344494 -3.3499998937180075
28.240955481643994 26.229536566263818 -3.349999921361978
28.240955660529004 29.070520193110497 -3.350000091050782
29.47004912414735 28.359993794754597 -3.3500000218783366
29.470049201662913 26.940008705552216 -3.350000231211162
30.700000058522253 26.230085188407767 -3.3500001935068378
30.70000003447743 29.06996905496416 -3.3499999878052167
31.929950875258683 28.35999381245306 -3.349999833200026
31.929950774126652 26.94000866607039 -3.3499998653748198
28.24096025318111 30.48941302774754 -3.3499999305071793
28.240960249396664 33.32058697096773 -3.3499999137415903
29.47004964305203 32.61131704763134 -3.3499998846942782
29.470049642393644 31.198682931388866 -3.3499998821649637
30.700000010873325 30.489966830089642 -3.3499999220052534
30.70000000542932 33.32003317118305 -3.3499998778184805
31.929950370662233 32.6113170637978 -3.3499999111611842
31.92995033193224 31.19868293049985 -3.350000077534203
25.78995090261385 34.73999972583117 -3.3499999217863174
25.789950909358847 37.579945750739185 -3.34999989909634
27.019044037234867 36.869471062544065 -3.3499999019386193
27.01904432457307 35.45052637100729 -3.3499999189582685
28.240955643095884 34.739479796059086 -3.3500000261402088
28.240955498729594 37.580463432812394 -3.3499999075964726
29.470049248622143 36.86999135191805 -3.3499998652886043
29.470049137484494 35.450006209905396 -3.3499999625681265
30.700000010607955 34.74003092960596 -3.34999992162221
30.70000001150159 37.57991479612976 -3.349999869389615
31.929950768210634 36.869991357204704 -3.3499999067101593
31.92995090021857 35.45000620248791 -3.3499999111469347
24.560000000933115 32.61134813174031 -3.349999969067902
24.560000028623957 31.19865186354121 -3.350000242937713
33.15904451279897 26.229536563053834 -3.349999858370057
33.15904433170121 29.07052018938926 -3.349999917177734
34.380955689098194 28.359473629264734 -3.349999891153116
34.38095597154453 26.94052894842292 -3.3499998668820807
33.15903974386732 30.489413014409365 -3.350000127656897
33.1590397736541 33.32058697895056 -3.349999865154393
34.38095978885168 32.610803668916446 -3.3499998511448306
34.380959804570566 31.19919637410335 -3.3500000101557115
35.6100490878877 26.230054271326324 -3.3499999004633683
35.610049111901354 29.07000027923439 -3.3499999135642335
36.840000004828134 28.360025055454024 -3.3499999735410846
36.84000000198387 26.939977374448876 -3.349999874991564
38.06995091083245 26.230054278582205 -3.349999895585248
38.06995091985719 29.07000028714488 -3.3499999069652384
39.29904428757183 28.35947364344869 -3.3499999549606487
39.29904402753224 26.940528969976537 -3.3499999732606014
40.52095549252142 26.229536565165407 -3.3499999410916583
40.52095564244079 29.07052021962329 -3.350000085078152
35.610050097326756 30.489935136575646 -3.3499999058603667
35.610050051182355 33.3200648671419 -3.349999851926696
36.83999994712417 32.61134813420487 -3.3500001245163737
36.839999965945054 31.19865182956939 -3.3500000262235927
38.06994992268765 30.489935097075552 -3.3499999244700387
38.06994994085635 33.32006487463806 -3.349999952707571
39.29904021680016 32.61080366161393 -3.349999889146077
39.29904018797038 31.199196355725725 -3.350000174955298
40.52096028613146 30.48941302344674 -3.3500001158519064
40.52096021127505 33.32058695749772 -3.3499999899029254
33.15904435957283 34.73947980361049 -3.349999863299212
33.15904451422122 37.5804634472371 -3.350000033770807
34.380955977040294 36.86947106888345 -3.3499999958337314
34.380955679165936 35.45052636271969 -3.3499999438005004
35.610049079950464 34.7399997179751 -3.349999870086492
35.610049066964585 37.579945736814004 -3.349999898103031
36.83999997087573 36.87002264445431 -3.349999896306567
36.839999974258454 35.449974941259214 -3.349999894969434
38.06995088571947 34.739999705354585 -3.3499999135461147
38.06995090198045 37.579945720746935 -3.350000004626729
39.299044026950135 36.86947107049336 -3.349999928032995
39.299044312786535 35.450526358630334 -3.349999936995064
40.52095565329996 34.73947978093514 -3.3499999292045857
40.52095548020944 37.580463458066234 -3.3499999269031724
49.11999999364929 28.36002506242867 -3.3499998863654765
49.11999999654895 36.87002264926908 -3.3499999300849534
41.75004912107369 28.359993803733083 -3.3499999237389435
41.750049227659865 26.940008662455885 -3.3499999424684637
41.75004963508829 32.61131699327738 -3.3500002997163056
41.75004963922292 31.19868293170358 -3.3499999109888288
42.98000000203722 26.230085195332624 -3.349999922800916
42.9799999888643 29.06996907702949 -3.3499998714417623
44.20995086401408 28.359993798788814 -3.3499998902107473
44.20995075753673 26.940008647713906 -3.3499998661830332
45.43904450627956 26.229536564582723 -3.349999884281112
45.439044235427154 29.070520232168228 -3.3500003935157654
46.66095575842408 28.35947353964464 -3.350000466400289
46.660955967103554 26.94052893319515 -3.3499999055499496
47.89004908091369 26.230054275135537 -3.3499999060748484
47.89004912935299 29.07000027974382 -3.3499999447779363
42.979999996091415 30.489966843526034 -3.349999893183162
42.97999999178161 33.32003314837579 -3.3500002055364075
44.20995038971848 32.61131707679345 -3.3500004162793506
44.20995034287555 31.198682904828278 -3.3500001055614437
45.43903974389456 30.489413046828016 -3.3499999739250153
45.43903976959304 33.32058696894506 -3.349999963472974
46.660959756665264 32.610803675194674 -3.3499998867530123
46.6609597685184 31.19919632618232 -3.3499998978306254
47.89005005413192 30.48993511656763 -3.3499998919502882
47.8900500368408 33.32006487536062 -3.349999921409068
41.75004923016474 36.86999130472576 -3.350000037185661
41.75004911676576 35.45000619947768 -3.349999901019806
42.979999842457595 34.74003094158054 -3.3500005389110363
42.98000006112084 37.57991474676502 -3.3500004651960658
44.20995078579732 36.86999135945789 -3.350000138236091
44.209950942083864 35.45000638174214 -3.3500008174881035
45.43904442490547 34.73947979867527 -3.3500001279395883
45.43904452309322 37.580463444556294 -3.3499999446117146
46.660955947852955 36.86947105391006 -3.3499998851061044
46.66095566631429 35.45052637328982 -3.349999898525521
47.89004907664898 34.73999972129574 -3.3499999171092787
47.89004907157144 37.579945742862684 -3.349999913744044
49.11999999043062 35.44997494173704 -3.349999936102843
49.119999994953524 26.939977371891086 -3.349999903630202
49.11999995578883 31.198651870250462 -3.349999999787092
49.11999998385321 32.611348108893914 -3.3500000453352885
42.20723822061231 37.994400749909154 -0.9127131622665519
25.308104518901796 30.281188762799033 -0.5097015270168825
31.593207276975647 26.09317580384162 -0.23573154616875147
29.93882307629696 29.555948677399464 -0.33283728091235143
28.693026093859338 34.88359363920841 -0.26537199627801433
25.843189097148834 35.43409773789813 2.9576721803155426
26.458421775617712 37.738713661827404 2.415762833652988
29.173520982468524 35.83922042062206 1.5267295740248021
27.155597974262164 33.75063494517149 2.1500748823047444
30.607397269863625 34.500630081416936 0.6484781772343062
29.315899112725237 34.698478516398175 0.9111036603661826
28.53820493383901 33.36122265573734 1.9430513667898086
28.551333393616986 32.05138741709512 1.13523473042493
29.333327790853893 33.32064172082159 3.1422070351302356
27.894753803217945 29.28453355469448 -0.3002106829054596
28.922428250441918 29.31496382196015 0.48869226408058797
28.866907558313855 30.673603412656167 1.7914459965402263
25.52807672049953 29.242439248419597 2.225656215486996
30.173558817016044 30.63932693311565 2.4722575354597565
29.032837131672107 28.071563278878006 0.9489490467961259
27.755583827420732 30.22256696112455 2.4943846119400193
29.809328652652578 28.30450907556512 4.988002509388925
29.883894223580928 26.995029522464435 4.849130523926762
25.069447688348685 27.916969278276945 6.104984689500146
31.22460077949582 32.171868762691815 4.407501766482127
30.574062435773733 26.869085814018288 3.716520497764997
27.50943687543857 26.941612656628465 3.8235259245364475
26.180345708579637 26.831584288140558 2.2693489876248165
26.177680957521368 31.201162765218257 4.92077639367095
28.42718147739559 36.145890846604196 4.4677215972394535
28.24250506023765 26.20887233414488 4.845304883020739
31.25579976602749 36.55629318912513 5.751975544835702
30.62848228701949 34.13604928435396 5.5640507301203135
24.910805334632453 33.670050298578474 4.425960143200819
25.287217444319214 27.151536858498183 1.9228634090367713
25.031813378052274 31.396933229164496 0.7085886053244084
27.616971952133664 26.335622451818455 6.2268457102227295
32.50760209755989 31.203765297290786 -0.37624922318514886
32.34934223698366 36.11266320612633 -0.325052121112831
28.5678773814958 35.820006394604 5.737229135608404
30.713258606565677 26.507451309280295 5.7634747413333915
24.9313937540932 28.438912292802257 1.8198066509334943
27.690037080988134 34.83429431973652 5.924346737871855
25.57795111208472 31.775216723577678 5.922642900084911
33.99932854627512 25.77780176614015 0.6874231457695046
33.05345013566651 35.09446062069245 3.890223327062948
33.46744459871008 37.954831711565724 0.038471449019865656
33.38278082704012 37.09414393768695 3.3228641892410615
39.25714633104588 25.966716057111917 4.18967141499145
32.86608389126277 29.790976536338004 1.1470703784327951
33.26859996512985 36.63343668274979 -0.10108735784658873
33.98747350960086 28.491448386737165 3.9415306696271912
36.50200585903337 36.6377649736523 0.2778551552759334
39.58985856334781 37.9952349574302 0.7248078896506149
33.53436297764824 36.22763809831699 4.36966314253112
35.25438865930567 27.514064931418165 0.8991956184199945
34.26676174425696 30.09045715285963 -0.4771552106660859
35.5519920985795 28.503895247681008 1.2123539456526122
34.9284389025587 26.588825066299783 4.21605952190612
35.06170881337596 27.886677512519633 4.416891737665852
34.46865692108457 34.98944671656173 -0.02372306317686923
34.406432003633434 35.9973079054847 -0.0026545207319594866
35.48194177162166 36.92925778875246 0.0756147134470464
34.83872491503624 36.23213452502022 4.410834986522829
33.371985155162776 32.43756187073016 2.2854578294399985
34.49777857840064 33.21295319027387 0.30172942282563286
34.3310272934801 32.116448327567504 1.2473294563719461
36.94184490228503 33.54894120344086 1.7447208487149557
33.47479433047687 30.75248184624041 0.38260108495159817
35.55132588435871 31.490873610282527 1.7479561796266074
36.88996574979615 32.14575576534826 1.978017541248357
37.4726759738712 31.93141154355864 -0.4502221324540967
37.55701569474791 31.763122849574586 3.1400291945391032
37.85793185962299 31.405048063770927 0.7275661635335451
39.141379366270804 31.616457715902857 0.855576639414869
37.779811739046906 30.052446096050232 0.6093276676919879
36.07994771728479 28.394603985299653 3.7250677068970175
39.539598530661124 26.538742381118983 -0.2096641682916467
39.58387718693265 26.149760255724217 2.7188316976832683
39.52722419933224 30.414201491160796 3.7617155718843307
39.971496803508515 28.596787440998646 2.4190461613365355
38.581680616504286 27.088850232726806 4.754155354496655
34.01969852001545 27.066912036993582 1.1914145646191676
40.53314301968631 27.30811518712965 2.199031194524075
33.22195774272941 27.594255239616395 1.6933296957911592
40.581863812405814 27.130478983717417 0.3200255637714411
33.07979837891857 38.07819747946021 6.09532689290506
32.77949568074293 36.74398047282 5.899971229373105
34.83743058811545 38.14620037856082 0.15104325082443748
40.83246787317099 36.33610632570332 3.070075077871307
36.984787291148166 26.689569561884262 0.026901934411025508
36.05627107980615 26.526263299998362 0.38923977410681876
37.75152790837921 38.057847959811355 5.482511375841997
40.68341840960848 28.296059732671008 -0.25399469075057524
42.16507020343555 29.223782345298204 6.142480227126933
42.86256240257722 32.82762220925029 1.9956247784968406
45.54885235637614 35.46715703481879 6.18506611194925
48.748319085563196 27.881249569893562 5.347666468419881
43.788203935208806 29.90274016355811 5.656395881516123
42.31473258316688 27.798520761275896 5.8764440525002595
45.77049754407397 27.086504508543737 0.45116105911458537
48.703728214258255 34.91539130070436 4.476523195723483
44.17872102755062 37.17748361628504 -0.14826601159075303
46.88899285058799 35.54493022734822 -0.04117025704034716
42.34474465270521 30.994584175746485 0.05949764359252985
47.95286936854951 34.181820041934 3.6969654625380532
48.099788674456555 26.95675906943482 6.006736453177798
47.96146027299955 28.16890836119753 2.7284194187430244
43.019165817044154 34.33042675106831 1.9595998250597046
42.93945697484296 25.576519250219807 4.536742365032332
45.99622686019709 35.00877089920606 1.3913426267128726
41.87263056284524 27.0092500027154 2.6834725693734987
42.12393450154375 36.64992218087517 3.0004714404083996
46.04011042160321 31.264644503228503 3.3634692890970754
46.85092500093268 27.165364219888716 5.892127907253101
41.65193471964933 32.43264049662748 2.6705198874768756
46.21913672064512 28.91358370801931 -0.6014756727282444
46.361549389013874 37.69231722991686 2.1371745988715785
42.34937740205059 37.288798259654314 1.8999256567105283
44.59527309611275 35.52658640017405 3.476454802872065
44.19622883961909 36.104958372845445 -0.27389673500627487
46.73170169013183 35.72370676162925 1.0225018924790763
44.12167261134549 32.278740661384745 2.396933342007012
47.985133470001465 31.49898555871057 1.9192215421608239
43.91072237579726 32.45559463438349 -0.4762507066781996
48.71114897936399 27.06303990445617 0.712056336249961
44.09622585620455 29.90930637791421 4.367925820190383
42.41742924494366 37.704180023126376 3.8605634565342726
41.25843596284727 29.90566688710779 5.278751324672592
48.11502523262182 28.22018413220765 1.3318993440120663
43.17238382003693 38.07028005714435 -0.43403132366790387
46.439985913047295 37.26027422846693 1.1395341038850593
45.69000715538485 29.126009115459212 1.3256677443181386
47.12696017726396 31.155970564044676 5.560422103051242
48.71577044623069 29.457050688150602 0.845304017389088
45.29944093089228 37.789227930614686 0.3586293919240868
41.787287925980245 33.01346054791871 -0.46913393254987334
47.86824191504109 35.731204659349594 5.0651880303036325
46.37387937152771 28.259229152167993 0.5836116244707823
42.671988124008266 32.331977066020855 0.1614481474859908
47.344662729560966 37.65388742251779 0.6761460249932916
41.62886502893755 26.429752705101833 -0.027344390169514732
42.574910090804764 34.62442413008085 4.547277828120059
47.682765414758116 35.577674529073036 1.5346077201594976
43.21535366042735 35.134353175681944 3.2987309661539985
44.84425805040668 29.27325311592005 6.156101240445056
43.84876795585785 31.152092185560875 6.039183590535969
28.067876680878108 33.851807272027884 11.752094087862229
27.156018080155413 33.7991934620807 11.175773275046048
30.095570673485106 37.38960739928739 10.08978392530594
26.80510472822557 33.94997849320606 9.856576080821617
28.21524594782001 29.531423975739553 9.303054092316996
27.340725923045092 34.01240224850672 8.920834016793584
25.442279523418637 33.700677786702926 9.768497262732962
25.98730003272272 33.63524138104662 11.908460548850814
29.750458642694802 29.210173298182696 11.778611042388253
25.01342063827982 33.56174382977366 11.024917476602024
26.247530966911054 27.89229481913798 12.61894962662004
29.255608080869116 31.165121677991863 8.637450716943471
28.943231548462407 30.534807021490277 9.772496137044053
30.387739831060085 30.06100602099453 10.814747394727313
31.11657637433494 31.34205287535742 11.337532955966198
30.20660251768818 35.271991588085875 7.701405279813393
31.232845688132727 29.400690900669392 9.849707558322907
28.143447605502303 31.296603392760996 10.373104024805448
24.949728524871965 27.032584194798595 12.809361861347604
27.158790499699993 27.346175203642844 11.696360351778045
31.161669588254547 26.250499050972522 8.826599936871496
25.46710179846153 27.70720020826297 8.21150676935591
30.56558727773352 25.895315590772892 12.583423752561014
25.544706687623766 29.46242747833172 11.836690949115566
25.262191123896766 30.78729287306223 6.772130867325206
26.23924182676821 30.47216151123758 12.447057648088991
32.68135374984319 32.11559430624047 13.019027287500466
32.590222323781916 31.45508443490936 11.738356557012047
25.178053789525677 27.048951621517155 7.114812512043564
31.89066029713016 25.700132372634943 11.946014005438586
25.253044720519725 37.93067098117644 10.767509283806369
26.090027298141614 37.68644589354985 11.404858694497248
26.615588947335134 32.42767646745385 6.425690726037448
32.63076124230648 26.929416509743387 11.731363619950914
24.825740148308796 25.805475461463985 10.598173638660533
24.91009956016854 33.45329017344527 8.946497350618868
26.29390129769705 25.629784782771804 6.708750060331061
25.678236230397577 29.588404781791155 10.526199748010907
32.60369664631319 33.772516980323466 10.418271205890349
25.842960296380404 33.30839748156468 13.303456721127404
30.359515064661576 35.33653934386532 6.2731636267408595
28.28293071254346 36.878976009703806 6.488432773206247
32.75434502276117 38.040885858167265 12.054340790872963
32.866924014110566 37.483163075802 9.633690545676718
35.21514741421557 25.920661096573998 9.340719619601517
37.16176913881451 38.05198138158149 8.115288135861524
35.81725631431124 37.65567676953526 7.841366078187997
33.1976020860938 32.141043105433525 9.224395661882472
33.29922339504957 30.233677285516276 11.58444609309475
38.205938646351456 37.56065457463533 6.651176766764592
34.36948260452021 35.59319014611447 9.01679157905906
35.933426441261716 36.28843361835911 10.858899139303098
36.897624380360114 37.337764742906444 10.695942395612423
37.64544497792571 37.15722529358771 9.355580508500992
34.034472986190984 27.77618416699148 6.875971545359332
33.27448983545798 32.63780182131568 10.470975438383057
34.54662129554922 32.958862920099506 10.701337258770142
38.19981684897555 36.99699193595883 11.990536625274892
36.07778543516535 32.032022208644044 7.350300346937216
35.40283716285798 29.900955820383057 8.7919952771106
38.276642194736425 27.394831309774 8.368678411235415
34.90086857422822 32.437133184540215 6.925356761022875
37.35919595807724 27.712062072118684 10.430062897310185
38.185705685545294 26.958514715134726 12.766798039626305
38.57492365724827 35.68281172546147 12.01563703501509
39.31924661988945 37.71637862728388 11.725414061668125
33.20194706462109 28.22237918491865 9.005888373939376
36.44807923707831 32.839955157203235 8.27864818948901
36.903526691660765 26.890683183749758 11.503917125888353
35.68023579081912 27.33735955871913 12.069840180490619
37.748235642387584 37.392218915759564 13.157366098105838
39.29573827472432 26.64647749086411 12.160469350353978
40.02116617009497 29.82410803325058 10.33270765977769
40.74300585202361 27.60458967294238 8.650643027099527
39.36478942362462 38.13025485643151 6.745062970824376
36.20270076396501 30.175782593430423 7.648991221816304
33.23081942698134 35.82386994081795 6.948940885472244
38.34619977545293 36.21806800828299 6.615790832614285
37.608718763805015 29.94927421012446 7.758425701024059
36.41798690215085 27.254560562816078 6.700822510695077
35.265112384934426 28.057407089960655 6.252384623384618
35.536284004411215 29.54236157919119 6.40476763187566
36.8537591468182 32.39494963676356 6.382416093744294
45.29180087495311 25.72128820749214 11.02984720840291
45.94487646033184 25.912655383286108 9.405204457630708
41.201264144542534 36.11217660857773 7.477851633181039
41.39884064950105 28.974121582855272 11.488793650123005
42.76510902154477 37.84935279236586 8.247062982910226
43.51297060290201 37.47695458093268 7.562648907039907
47.82997323561085 31.47510084581949 9.262673630553799
41.2865693577807 29.600486478072956 10.30588551786569
46.16312722938145 26.051181703557152 10.464108164609776
48.05129012542412 31.556850630845034 6.6370111447823446
45.78672912187536 28.420820948253308 10.956260364062034
48.41162762400111 27.119647166598515 7.325127024729624
43.12849411173006 34.3159343665288 6.883456198483567
46.56253802204931 27.379604599972332 10.7058144241702
41.80919186989369 28.53748788983771 8.844651515594874
46.69788260030563 30.057099324635782 8.255454831104226
43.55097076103907 34.630889269766136 8.564203078277504
41.160686088873234 34.573945126057325 8.251933949737257
41.75771189562911 35.482388701114424 8.171993616049594
43.11439783256983 35.07223376031537 7.668257142878194
43.790940263513896 36.266725227995984 7.191843554822687
41.91154368473335 29.559778804771394 7.6553404418239746
41.86711076196313 35.94176070190944 9.154393358087363
41.801474539325284 30.7874678632185 10.455144475614395
47.12039030822278 31.333692505475412 8.174247815408284
47.879147372046354 27.8628406259303 10.565794359737698
43.07504423799556 28.14563883455237 9.394921126203077
48.68054811068455 27.161893494225385 10.384603922257954
46.18136962184408 32.22640052271107 8.341620734864271
45.00037744695636 36.31928405702457 6.558502601527407
44.728502460072704 34.71200909868337 10.88282972256685
47.871942034638714 29.150346756104035 10.716901898057165
48.77991555290154 29.723491050590564 10.600756696817516
46.564990772980074 29.54075274034459 11.02155050130202
44.70784450208402 28.373194705367446 10.96808060722693
46.17568581443486 30.404153673345494 11.372378775492535
44.30102837281886 34.32084895100138 12.04935165317154
43.940893852381265 35.381255560336555 12.643669354418305
43.16257826421731 33.64527891242374 11.817791759365281
45.803077305169104 32.1126934203651 12.665984175661261
43.84192461197229 29.33504794909569 12.837055892229234
44.54833338168517 38.285069001193506 7.411210084576724
46.58779506459582 34.45515606753306 13.1246409647024
45.504566796737315 33.42846781075079 13.167100502982741
48.75282224418283 34.82314385485119 11.293498184818581
49.081591765899525 25.709926005076216 13.257901733753942
48.34787359439596 33.042823286596885 6.455769885054164
45.53237930199444 37.50579049527265 6.766998867949327
46.48837056328633 37.86970629206796 6.420522315882899
24.69836417700177 34.878409484792556 14.148928579397165
29.177411551271163 27.500017344945032 13.573007425438975
25.201533429267798 30.29234875630268 16.292522319801435
26.692736655541285 32.81731891224354 13.777610681576991
26.140322782650472 35.50033954327521 13.897920909520655
27.155697487005423 25.599630674442256 17.97899299656781
24.95971313924902 32.69651773955136 13.486698749447957
26.768190378352095 28.308937429280068 13.84339932506142
26.00573776357794 34.355900802116686 15.279920125608836
25.73338711292908 34.549646365698635 14.24242902670486
27.852800972887742 25.800778002234612 15.165269271882785
27.302949041428352 31.517885993152213 16.649739241665085
28.056735478219224 33.55119891770089 16.568947774125093
28.438117850420596 32.22974738176801 16.719226060706706
29.351665918845136 32.21672167459917 14.232995476515043
29.79914320152147 31.746017546460255 15.52908665121528
28.82406916104273 32.15217318666276 18.02421811081604
31.173348553243912 29.316428075556903 15.423172643608911
29.931112087599185 30.216205657208967 15.48617379936127
29.979069083114176 37.08022059656517 16.213159120155378
30.985903167555133 32.3515682658539 16.011291552876546
30.764063518878412 35.724720276794415 17.67551124134782
29.414171063513372 27.953579735946633 16.79451619349827
31.158402734865003 28.312580275117778 14.331112689432222
31.10200873054955 36.75696478982352 16.878062000635342
25.19185502604138 27.837432072284592 15.880426856241915
30.70114815316204 28.18588345993659 16.89798463900056
30.98442178907674 28.739591343667513 18.022554763808632
31.24677920889451 37.645736746905875 17.823139951602013
32.143534669402186 35.626332361093844 14.886147621305444
32.48371837784435 29.837472587683965 15.701295984754061
32.646250568148226 37.968395915730994 15.298642801210315
32.54062738908156 36.64788125825046 15.797408367043172
31.37593373599301 27.032364092287256 16.833203877069252
38.333161979380286 28.086496534436357 13.431660993942447
37.95624556047192 26.040927348430486 13.691832194923247
37.30386864601442 32.821223801893474 13.449562877672866
34.00661453069448 28.555672535524568 13.381575583928614
33.340921868693385 32.694986743310324 15.320249439523913
36.069713792920176 30.086710267480743 13.506397467238395
38.93623127086739 31.506111187901354 14.082939954038117
37.775833168208884 32.00082641442263 14.388543233075012
35.66494189436063 37.085779969162374 15.371143547185675
35.40592260373454 27.37579585201602 18.271092887292447
36.680388152711494 29.03312101608397 18.735585473830206
35.82219976710267 28.546190252879192 17.873673186132102
34.70590137454964 29.310194881622873 17.896968961217116
33.705436196289774 36.3004218698504 16.743184121273245
35.16217435564076 35.91647444683508 16.163623564062057
35.19624664111984 34.54517463662178 15.554805951921486
36.39879445645902 35.76564031790122 17.636657081919253
36.252951088726725 34.70218484621888 18.399500543616444
35.33188026757987 31.47080484793219 15.387607608169231
36.41953153366277 30.74981540834098 14.756816065520429
37.07001362157022 29.89908480040774 15.865809963176789
38.06746440475191 32.67507615919425 15.476022673656386
36.59364287055827 28.455797844312038 16.180227396878255
35.55158210306788 27.941256561951825 15.312868384377182
37.745157622765596 27.658581837034436 16.294196250616217
38.91501062075571 34.01875528795129 18.128638127723235
39.97443018197241 33.766469236839306 18.17426644849394
40.05675012524781 32.680468535061536 18.21815157491586
40.60679738993802 36.53565884065734 17.100599388022246
40.78618220662631 34.29246448464819 17.03401122627791
37.71518421828712 35.70882549512744 17.244115824297893
36.36053171583168 36.800061143955624 18.46688339295121
39.94559800961475 26.751157372221165 15.728238592959832
40.49979976197431 34.16833672805882 19.563464316556864
40.73993700431215 35.22236641522801 19.70294737460638
39.77594526336722 33.74328681768856 20.258782401074324
40.89466003289752 32.541004930599826 15.906456310386558
43.090522964919366 27.580792844189393 19.449136984864012
48.88513922882182 35.281499135308444 19.124187899706527
47.103732401078084 37.76570223332152 13.34706616414715
43.554928096226114 26.469674841144432 18.84143837531747
40.964558997383484 35.61999402584991 16.65342539604157
48.12170788481237 27.19167982348614 19.440968938781364
43.77137758348775 32.53271599156565 17.693551569759357
43.52486662750441 27.741134877998743 16.45504615227248
48.5527286398283 33.51132814974565 18.245115211220394
41.84014779909211 35.63988360361188 15.68105192450055
41.299773547525334 33.525297638010194 16.089352199741246
48.62120604616644 30.537704114664155 17.38646181788887
41.84231849937014 27.890052165602853 14.64164628171163
48.10384559405182 31.28473494574581 16.945572829651855
42.322484761642706 36.38644984178171 15.067545684484218
41.92355178823257 34.32579723581269 15.276707073981989
49.117045408190975 27.31467761462217 19.014032457968572
47.828671626415 37.903948177321475 15.92755695361678
48.20686901690987 29.432208494726236 17.928910496535938
41.66214093116174 26.21242340721955 17.184272803834606
47.17387582428209 29.117911349363798 17.905621692327678
48.19258945749156 35.79717167549939 14.777213389869237
41.45375824260148 33.67608243769235 19.75253819471569
43.23618981136439 27.805826897654228 14.942130463626103
44.78263554360982 35.096915353340336 16.14770115079329
43.01139671484941 30.360277903418794 14.620173336492542
44.80652961703673 33.30553081003097 14.593093870047477
48.649550165610506 27.582941719551194 15.459557364290808
45.370254788156565 33.566515058263505 18.53982872815848
45.76207123817127 31.814116278359606 17.506459780098545
47.525243450339445 26.949479315722378 15.035907525907854
45.060130752367584 32.93700802136911 17.433832946431842
46.791116754589105 26.772103118447497 16.061999197718556
43.83296320645162 29.4164021591115 14.205242488950589
45.437149883988766 33.9010988756642 15.897040033713264
46.85995584184824 33.92258918341897 15.86009239424859
45.1247235297491 29.750535328579872 14.580660115912107
43.09378362751057 26.36744555312373 17.075927272826497
47.01812150604367 27.80780556899912 14.086071493782514
43.98875093599705 26.844167034747247 14.205542736093612
42.246455164035886 33.943561935529 14.399364731963493
44.93037975008058 26.33653168443409 18.87391134138457
25.78994594080802 38.999455658666214 -3.3499998861742855
25.78995076379706 41.83000865443065 -3.349999883130943
27.019044524384988 41.11953656040912 -3.3499998863088742
27.019005325292774 39.70108179019847 -3.349999900221954
28.240994685406697 38.99891821708128 -3.3499999568743757
28.240955982714897 41.8305289497314 -3.349999882271298
29.47004909548249 41.12005426212928 -3.3499998780753906
29.470054067265213 39.700544346086446 -3.349999882304667
30.699999975221516 38.999489821725156 -3.3499999712610364
30.69999999860259 41.82997736167705 -3.3499998643956665
31.92995088120079 41.12005425796485 -3.3499999447587037
31.929945945995854 39.7005443782261 -3.3500000911625527
25.789950882043744 43.2499938132171 -3.3499998770892727
25.789950367347846 46.08868293097207 -3.3499998918967435
27.019039767616505 45.37941301636519 -3.3499999039001915
27.01904436613745 43.9605202074779 -3.349999875386441
25.789950368823064 47.5013169993903 -3.3499999034518257
25.789950788582026 50.339748078599044 -3.3499999375805856
27.019043470982712 49.62946798983561 -3.349999971961971
27.01903975434339 48.21058577613452 -3.3499999908842493
28.2409556706213 43.249473623948596 -3.3499999212385054
28.240959787974322 46.08919628809388 -3.349999968542342
29.470050051770425 45.37993515992524 -3.3500000555098475
29.47004908488673 43.960000235561125 -3.3500004755631374
30.700000019649003 43.250025034303675 -3.349999945969703
30.699999994020306 46.088651873180225 -3.349999890477491
31.92994992512356 45.3799351081531 -3.3499999037660366
31.929950887965703 43.96000026875353 -3.349999886916082
28.24095981869072 47.5008036421581 -3.3500001522905354
28.24095651123484 50.34026692495821 -3.3499999463781127
29.470049282794303 49.629988300254524 -3.3499999402353167
29.470050064927143 48.21006373335646 -3.349999903792913
30.69999999213007 47.501348076103234 -3.349999889981884
30.69999998004678 50.33971690214186 -3.3500001922407083
31.9299507186765 49.62998828407131 -3.3500001036909377
31.929949934633502 48.21006373539897 -3.34999990346315
33.15900535271603 38.998918197330845 -3.3500000120989193
33.159044010689676 41.830528982023594 -3.3500000529772866
34.38095550557397 41.11953654916498 -3.350000002410398
34.380994668590986 39.701081757585314 -3.3499999040205686
35.61005403791352 38.99945564068787 -3.349999893998963
35.61004921967016 41.8300086140555 -3.3499999988577844
36.84000001985831 41.12008518796461 -3.349999900064037
36.83999997924819 39.70051018673045 -3.349999949640523
38.06994595584901 38.99945568463575 -3.3500002754054092
38.06995077938786 41.830008651085265 -3.349999875995046
39.29904444475129 41.119536608461004 -3.3500001263444323
39.299005296902465 39.70108176989084 -3.3500000892177217
40.520994682560264 38.99891819174484 -3.3499999796672153
40.52095598654507 41.83052901005081 -3.3500000747017564
33.15904430213437 43.24947363284935 -3.349999895871413
33.159040210891014 46.08919631669639 -3.3499999270600322
34.3809602427092 45.3794130189728 -3.3499999237979616
34.38095563037603 43.96052020478141 -3.349999920830907
33.15904020693236 47.500803636333075 -3.349999910765684
33.159043525756616 50.34026693099879 -3.350000128398203
34.380956534746815 49.629468002694715 -3.3499999208075035
34.380960218103084 48.21058578528842 -3.3499999397480518
35.61004905221899 43.24999382768367 -3.3500002858766265
35.6100496328368 46.088682929610236 -3.3499999397597535
36.840000005029765 45.37996685297714 -3.3500001043020147
36.84000004405679 43.95996909059423 -3.3500001965605986
38.06995085879365 43.24999378156582 -3.3500000506715697
38.069950368916196 46.0886829343991 -3.349999922154602
39.2990397534063 45.37941303068747 -3.349999944908071
39.29904434555617 43.96052024889319 -3.350000530228602
40.52095574577476 43.249473604558936 -3.3500000491211446
40.52095978038531 46.08919630395285 -3.349999918144789
35.61004959439242 47.501316969511365 -3.350000210863139
35.610049212146635 50.33974809330057 -3.3499999093896715
36.83999998138568 49.630019619373094 -3.3500000500457148
36.84000005773056 48.210032029871215 -3.3500002593173894
38.069950367456066 47.5013170038684 -3.349999925268211
38.069950784950926 50.3397481073187 -3.349999980762556
39.29904346484303 49.62946799930198 -3.349999934944068
39.29903975839752 48.210585775371754 -3.3499999237375846
40.52095978233931 47.50080362269998 -3.349999941714701
40.52095647696533 50.34026694320752 -3.349999976610265
41.750049120901934 41.12005426748945 -3.350000005337667
41.7500540847065 39.70054434920069 -3.3499999628917743
42.980000006481895 38.999489891933855 -3.350000210195667
42.97999999264624 41.8299773505635 -3.3500001826921366
44.20995091657791 41.12005424987248 -3.349999929385057
44.209945952204336 39.70054436440927 -3.350000028482578
45.43900531444903 38.998918204320034 -3.349999923815552
45.439044002279 41.83052894009711 -3.3499998848359445
46.6609554595815 41.11953655800138 -3.349999906388361
46.66099465491879 39.70108177986091 -3.3499999017508064
47.89005404415506 38.999455652674584 -3.3499999231595936
47.89004922124695 41.83000864863383 -3.3499999216533327
41.75005006916679 45.37993509830314 -3.349999898052581
41.75004910837461 43.96000025835637 -3.3499998766892047
41.750049320177524 49.62998833497075 -3.3500001613940444
41.75005008328347 48.21006369454276 -3.350000044723683
47.89004962135135 47.50131700430612 -3.3499999171086747
47.89004921121265 50.339748098059445 -3.3499999531385347
45.43904350680775 50.340266924181805 -3.349999914130768
46.660956511716456 49.629468003693304 -3.350000046541192
46.660960217406675 48.21058574750381 -3.3499999624284413
44.20994994846655 48.21006371903849 -3.3499998908733684
42.97999998766532 46.08865187941631 -3.3499998904543893
42.979999995406196 43.25002507145481 -3.349999931150436
44.20995081363444 43.96000020944295 -3.3500001380630184
44.20994976531307 45.37993515674003 -3.3500006115964798
45.439044288634236 43.249473546529245 -3.350000226673695
42.9800000146367 47.5013480680056 -3.3499999012848694
45.4390402698181 46.08919647628561 -3.3500005365991106
47.8900496218218 46.0886829446288 -3.3499999057078855
47.890049100409954 43.249993808747085 -3.349999921148421
46.660955684900266 43.96052019427841 -3.3500000990347543
46.660960290054526 45.37941304562086 -3.350000064104519
42.980000007631695 50.33971688129444 -3.349999918892191
44.20995071611362 49.62998829438312 -3.34999990189102
45.43904021329139 47.500803648746775 -3.3499998828459674
49.11999999146726 45.37996683906781 -3.349999939298459
49.11999999821335 43.95996907536887 -3.3499999316055207
49.1199999903739 48.21003201074166 -3.349999929156533
49.11999999297824 49.630019593542634 -3.3499999391776103
31.774926364663262 38.748398405867036 -0.7770988441705029
27.84050415843569 47.19175417161066 -0.39272236538704264
25.998657529171854 42.71740601122082 0.03162926659723175
24.87446685012246 45.01076833329082 0.5929105229852105
29.167908909772084 38.477142551685695 1.6325906722748285
25.41929342426462 48.42740366976758 1.211087131919576
26.16733314861991 45.20604496776118 4.159880773094988
26.565578362006125 46.43858824082577 2.030748162369176
26.627520701571196 47.99509423028216 1.8263613004154833
27.2069217656545 45.69011052278116 3.2398315909847666
27.91326228577194 48.16252018849085 0.504795909361001
27.960849536101325 49.269858554395775 -0.2306951904971244
29.115117341581275 47.92169870809366 1.0351507785916036
27.133054197017348 48.77320294456098 2.9824763445880076
28.891406688858336 44.3905647453693 1.6979709689623868
28.078744087220624 44.073685943403326 2.7325177778395684
28.245170458050456 46.49040703264004 3.9053861889295973
28.82489656357561 43.49504816720168 3.6355380921132108
27.205306698884424 43.11833930596691 2.3055607711463946
28.909862874515042 49.01290806383873 4.644745452991032
30.668967167251893 45.21694379993403 5.003819938465263
31.14227113693876 40.70411888750995 4.039632751783694
30.793902709616702 41.297542850242486 2.895867384189023
28.65193083216835 40.40465393754024 0.8490763284084812
30.872902101644822 49.88693483227971 -0.37829854737140955
30.895134494829826 49.27318336575508 2.7913138672232076
26.78317422173682 39.938625196328 3.397118420806613
31.72137343609218 39.52203496372151 3.663649913114324
25.51646234726587 40.24972140103604 4.364207005597331
28.233708124779557 39.14964746491509 1.0513394706614787
26.66121412138123 39.12659839145869 2.0117926658531857
31.046004245567882 45.913552371457236 2.7850570764045237
25.2440447307231 41.65990044222345 4.257461177384391
30.067272013916142 40.4006287273386 4.750319600709397
31.535789049992886 42.93565716568723 5.282705637594329
31.192387031776097 47.64052804768994 5.767663238486199
25.76487644691443 39.56789105221147 0.9952233905526897
31.089456599739258 44.688462918935976 0.1823724215885436
32.01101972470656 49.016200031626866 1.8779420436979377
31.796076644338882 50.22839986108643 0.4423043575067176
32.03487563615454 47.54678623973342 1.278349594071767
31.880363595484987 40.940134804129094 0.2887646223421725
32.20628381829901 46.20248731056853 2.039252832548705
25.021584375095415 42.83186210433454 0.47730611625302344
32.167914765369126 44.820904592100106 0.9104200171888566
32.261010087993796 41.69452122560544 5.145158452160384
32.49338070800851 43.7302470757944 1.523482862616049
28.06332221775251 38.630037136537574 -0.11799867834027755
32.049494157459804 38.714592246788044 0.9624593912806845
32.49822312859423 38.97918993736912 0.004999014546724911
26.043907069103348 40.08835504804129 6.101566154621584
33.294986525635785 40.89639276731106 -0.7716864877262486
32.84678093760202 40.46407614765355 0.12291626835625347
32.788215573819 50.303073647597955 -0.3556447647796468
35.22451199242956 41.063410775123174 6.136632683475054
34.90004900461565 46.70127955387458 5.943190659232797
33.575351714072 40.63779565395153 0.9148166135945013
38.7209944185514 38.90877756606401 0.6978832688231384
35.1539572806835 39.17876528472766 0.1555783796853527
35.846292142770494 39.32891780422732 4.209673545923493
36.16641743661617 48.01274927241906 -0.48043718997800355
33.07093328456304 49.08784495236231 5.829164827394333
36.89595998393413 44.948553054654546 -0.33416664806130814
37.2846479148664 40.815563644484875 3.726604660069426
36.127618339100145 43.96733251659057 1.3589719787446364
36.24105290449149 43.05391544047446 -0.5003451455608909
33.61646491438742 41.912999301280024 4.385839062305293
33.31218288986852 49.33869006325731 2.3410300191132825
33.1566312386502 44.99917283561087 -0.01593803850656106
35.05472360728445 41.7089781777014 4.871358372702379
35.69244051936589 42.975442599897065 4.705416091875647
33.43989239764863 46.05290607582229 2.6689085869557214
34.54532576956553 50.755301752413246 4.023706779234607
35.571652279804844 45.50108119673886 3.937622418073902
35.95103929077112 49.703988104605926 0.8589238838692281
36.53872916944469 47.00328526654965 2.3316531443395014
36.90946534456885 43.77663208747676 0.28622885258437925
36.486804681103585 49.4924979547426 4.42196521960537
36.73848790127705 48.733184035223445 0.46258487904741186
37.612256599386235 47.818033331594144 1.8226354101036346
38.70037790415384 43.5302825725842 1.941421214266934
37.794766461864434 48.92411051601785 4.20855108444518
38.110141534520174 47.64425937927451 4.852733503847285
38.22386370505297 48.944813056331036 2.7136598823563576
37.52275466734357 49.50397092509041 -0.2697493643608839
38.53881575597283 43.06921232396542 0.6061761780632191
38.36765017581735 41.54971603667672 0.6592846847270906
35.986217056226366 40.516664900012756 3.830941326653675
38.846641413801166 50.23729592879475 5.004928196166748
38.609445293849404 46.99840300381129 1.2087151190429535
35.435392913801884 40.56243780902932 2.589783349411686
39.380408145894066 42.18622210307477 3.8587355273215405
39.35253330208409 43.62271132772672 -0.41913674598760386
39.54073734957385 40.55759068260498 0.7837494198146278
40.210051854379266 40.59063607598844 2.0484397193479276
40.14997637776899 50.04789190715279 4.672342568547582
40.31457367682803 40.57908515176169 -0.46132073551649166
37.94960853379892 38.62844764793508 1.8104488326228019
37.97828813904951 38.81885509989597 -0.4326012236283139
40.58503195477681 50.260264784726566 1.249944771941891
40.567013961565735 45.53201705807508 0.5635463042528199
40.06510220312723 44.00775249402368 5.74931981310515
38.714132729255226 41.448220629294354 6.180532473014684
45.58270523345797 39.910472460744 0.5003787270485782
42.649754280129 42.934524702573086 6.0351658409219535
42.87885836189559 48.7550117885666 1.7154895710102958
43.85229999781363 41.55347320843454 5.040387623184394
42.419502079117706 50.90359086711143 0.3176269951744082
46.200388280938796 42.229151243075634 3.709363295630439
42.65560322557086 43.34551959227435 3.417036996518884
49.056041480704245 41.16245433908588 0.49179221111656846
41.73307726548932 49.84193115284913 0.6989348288926256
47.65788297350961 47.730784798645786 5.721617389244442
45.53474209778073 44.01948457437624 -0.49597185530870336
47.40668492646109 42.42271944987082 4.062487211634782
46.95828057758005 49.212008440336426 -0.26808272333436634
47.94841693397414 42.92064498624935 3.0204038256326395
42.37112381800815 47.40855757807032 1.7089767196155958
48.148952821160975 48.55260643646776 1.2414250816055383
45.24600866023354 43.33771789130488 0.6033265481129368
41.80956680707624 46.87302760270711 5.8066256519217045
45.71828417435309 44.056198242288694 1.6141784409946802
48.16953236633919 49.41037330883681 4.048728661960174
47.909672596011426 41.1900962430178 4.133296915894611
46.975317966124734 48.321843102171556 0.745229301206839
44.9752951786858 46.223557441224024 4.702407038504697
45.59589632318828 48.80892554031671 1.9232982012100908
48.32030363739439 39.63851974247171 1.8082678018086162
46.83417812592981 44.60313311396352 5.316126166804569
42.778190177381525 49.40840863653829 3.0184385152403017
43.07767157614006 41.95518870865265 -0.2667326595529107
41.78991465052017 41.3901305003968 4.998029720430458
43.76695189059441 39.24791513566178 -0.14113292088166807
45.96384227534025 50.17982179228283 2.2201339849713597
48.67178084772154 48.612374631752566 5.1574159159284925
44.30362443015096 48.91442281725898 1.0325660891367983
46.95553784800365 47.11910617294354 0.25669039326906895
45.51505355772565 47.83233004804157 2.9657163093830907
47.840023874688754 43.51573507142997 5.547009018211249
41.321192920801316 43.72595673323179 3.244985998014409
43.15587418801584 42.51339734406097 2.1717823993533667
43.40508683428567 40.175674701601984 -0.30970299175741456
42.693594633400785 44.28524913458589 0.4623783007030069
42.771035921247964 42.23775106726544 4.898477853637022
45.903470357784215 42.2088432701013 0.49466910002269104
43.610944741626525 44.39824522085064 3.6702476977249177
44.965514394278784 39.04926434611745 0.29110366588664727
43.35702105229481 43.025671689534256 0.6965933654364342
41.296138581676246 49.16676983679627 -0.4145980083107803
48.944391657596334 38.6412738910171 5.214083626424494
25.7927293749085 49.0411926166949 9.371470983771763
26.982468821331977 49.13381299492759 8.74595098711572
27.921491500105528 49.25592704575039 9.749093704058678
27.462342144821477 46.53811142558397 8.324048048680142
27.947943080187375 45.11913951248603 7.820379662140372
28.295582517748006 43.77560933618188 10.14111868785338
28.959681455567097 44.31793821447823 9.13663069560408
29.817866586291725 43.42545600616767 8.704467300116411
29.690228239003723 45.28158780671086 9.75495105135359
30.687905949708025 48.59589474128201 8.508725082626254
26.71836714101756 44.28250241815077 7.529246103872235
26.934939500224583 50.3583510824291 8.15063595977785
27.122867764420455 47.724918243286446 7.523549908580337
25.158442904358385 40.64098099286195 6.906180523315697
31.43371192838913 49.24015662960343 7.673264597838795
25.84808778472115 47.6662703680299 6.95346897097963
29.888599950472 47.96556353339141 11.229264443883647
31.14248847097378 46.184662376940594 12.129500196363876
30.84923370390471 48.18246256243125 11.69642352073289
28.90104555636162 45.31554870832205 6.757113636284062
30.367245109274116 39.52544644717797 9.437511362031238
27.167419085065546 40.89894164471151 6.3136861569023
30.69453588864176 38.62315901089753 10.403410817184888
31.80823255341299 46.922815240755384 11.682269644344782
32.58617821938138 38.448158537034416 10.656838995380248
32.24335602368575 50.04315778070239 8.331762978969735
32.01311003717589 46.60978101805283 10.658485100176843
30.72008390828099 48.53140994748441 12.720950754578464
31.264340981446644 49.00075564363128 11.108050865524534
26.96902287922072 40.1174729655127 10.801681103732752
25.978714977174587 40.354926898873885 11.19027586560046
32.01187324788352 42.60195934504339 10.358624141915282
25.100291992045616 39.314429055750324 10.611767508605482
25.742342907284524 41.37790119877146 10.897441737397564
30.221200491650457 39.1622617765459 11.540437311141309
25.895710161978 40.362678919702226 12.706649020543626
32.27039504846068 48.153293304767836 6.507684835357173
32.49715529133222 42.136925901172546 11.516995354719285
31.533904298286714 41.61344440844476 12.243026556213923
32.45323986841386 40.95334623559378 6.328609385944532
26.421297146254375 39.58827960083213 13.265365421659585
28.22418224734398 48.11837762252278 6.694996477355949
30.62322116177861 50.02978952857004 6.99565479562147
26.326305875208785 41.240243036445435 13.188902639244871
26.415010701055728 38.856646632925525 6.4373070643433286
24.85920655822403 40.3346757764536 13.042768200906941
24.972713832245525 45.41630338349235 6.2627503701988765
32.99573508419621 39.83436619237622 10.222080370422276
33.25297082469785 49.24439925189433 12.295922356131857
32.986664850339274 43.11363547347076 12.280917173344122
32.97176386519759 47.12876580446787 12.631960208229817
34.07107034086093 39.62938484150687 7.588044480843231
34.77629012905443 41.510661719217595 10.227569480507455
33.01345187494425 47.132331159075946 7.420932901780068
34.34316010261085 44.597554627815704 8.204564320423447
33.79841330160102 40.87034273193027 11.059290946305019
37.02422662030718 41.204188080128795 10.297793043253698
36.27514134667679 45.41851717985483 8.499173124569433
34.53071959903139 47.043212033771866 7.340138478572915
34.98723250911155 45.68099684928111 8.499864579390978
34.69132126645251 45.894896248932774 9.79919741202648
35.04254766228699 48.27072764055776 7.896800280009564
37.53130770804929 49.20606491557455 8.621889338390854
37.90371445708922 42.37213263575174 8.266788061719401
38.23523359327166 47.21895863820075 9.798350524035348
38.99406026938018 42.205999612486394 7.407477786700678
38.93601705959528 46.81590027003512 10.977471196052402
37.42504316698149 41.162302501802486 13.038226672418032
38.75509574674488 49.891718622012796 10.5586452627046
39.18611670681963 43.925257579960515 6.730167909102688
39.70612609279455 47.880038118699176 11.775541487768843
39.84933068700801 49.399924265885986 11.365224559172491
34.18653259627119 40.32366134119078 12.312381985239075
39.489619967955356 41.50426757431498 10.438838495340653
39.721365025597834 45.61299112012083 10.841513645865351
37.31113815881265 39.430008623800155 8.280545008866847
35.15128917784668 50.40667966294145 10.917318656577756
40.39542369621488 41.75194604937414 8.044608531680888
39.53475448874827 44.80113882877023 7.655269338701126
40.64541140570939 41.757466341369636 9.576719480989794
36.76172920040879 47.51483245728057 12.203120250088197
36.72792188763892 45.38357236120446 11.810142037114776
37.52503213567935 46.426888990011264 12.197652979590499
38.727275290409274 50.074556071180325 6.337409129724368
38.082007766696314 44.421230992651004 6.325361572788019
33.60149358368446 48.37192016393308 12.82856869987585
39.70876700625367 50.35987396024545 12.95172152090266
36.45952592772113 38.67093449686394 11.083197363342602
40.703830762986065 47.75032777077446 7.362819283067076
39.2263386902524 42.73768522656038 13.040742048647791
41.275999545546476 39.08303352885777 9.845088772837038
48.6242966404986 50.18862919408269 7.38207925019612
41.22024919752846 44.181433841630195 11.933939334153687
41.41688142438048 42.89050933528798 9.946329589230087
45.2503872164917 39.66962177735099 12.624947607985845
48.1522371118009 42.566805921893994 9.24650332386873
47.940522494765084 47.10926379881191 8.035342393745283
47.817575493775244 39.76425214287026 12.159055154508314
47.577025185179586 49.52325851661506 8.081235824617655
42.082719573556346 40.406327380085884 11.243179542529235
41.76896861312324 40.33809509792358 9.93628641978302
47.133141742185714 46.69872936128995 10.162595495292315
42.090254515350054 46.216843963421454 7.837578015891758
46.894184036394414 44.594491860519376 8.242809593225859
47.21589766577324 43.16752835638651 8.267438930741967
45.59449815487742 41.007356620969325 8.560840828148955
45.5627646047468 42.26882469739782 8.710873893655485
45.11687325950859 42.50021343307061 9.981035875576703
43.6907888972339 49.940186766289564 10.49309365623057
41.07544934998706 49.897128398832145 10.762178656633859
41.905901154908534 47.246724669767076 7.0256480703211155
43.522902524310695 48.65638543188808 8.537878478721494
44.60306934900345 42.5752035880177 7.8263387110058975
46.49728846266324 47.389422598311135 11.2356749119027
43.23319704583042 48.51989997633258 7.137727822803784
47.51678093487732 42.646347892739655 6.857479850955811
42.948140983486915 40.36797009411702 9.261476226809153
44.32512595112455 47.94675859993219 6.308687895141203
46.05442904742004 48.717260791568556 10.92928417802055
44.917537907469274 39.44565480897659 11.411759575105636
45.06702148973595 41.04928334220412 12.741832937580758
43.307364162320674 47.937493199727435 11.68075776260298
43.88179934712728 46.86393625593743 12.462835542850089
47.037175865074836 39.13198228041171 13.175406690955688
48.1407707476131 39.3202178560939 7.109538522973415
43.04869850319668 45.708395326553436 12.453073372892112
48.84741181944773 48.43010465183073 12.068342511968314
47.91084729271541 47.59217320751512 12.493014783985977
45.348043389679894 46.56784540753295 11.926081627126836
44.70192923073975 39.23083455761449 7.730640558085398
48.63861194126243 46.48658032083779 12.755231465559225
42.703130959619294 49.831863627920676 6.5274390824007975
44.69742214217877 51.03671370697064 7.244348315156182
33.166093080911175 45.272561641133876 13.69267015967938
33.54437136604764 46.26150218170426 13.479827151557927
38.01662738924862 46.14488045053411 13.423066997578646
39.99543386714473 39.744003252203406 13.578490403193156
38.52749400432978 50.26597159881223 13.542138270816814
40.568338470159915 49.84480984934852 13.873178453394491
34.812767867748214 46.57414309756272 15.1343190373231
34.42841062541884 46.916957111090426 14.265499112185424
34.75879245879001 39.2692079095113 14.55055559700206
35.50999050110648 43.43897502786099 14.235448770463938
38.376966282909024 41.862411489086824 13.806351227580329
35.29838355377869 48.83531682624214 14.240432274456188
34.506714658649955 48.19959084164252 13.87231159726867
39.4815112484555 40.54574434764178 14.497969724893862
38.718085516798446 39.64034622073282 15.188212175858599
36.488360740505364 42.848831075881854 17.90476694752255
37.71876595876957 42.65346334617832 14.969911997878594
36.22285236129195 42.658215477555444 15.225020966568795
36.56825794233598 44.689390805337844 16.865162869234982
34.68014316379407 43.66463595034697 17.245914284294315
35.99226370021149 43.49483865484251 16.851896893889247
35.738671938510954 41.362627547410895 15.537260791322192
40.39674650122518 41.02360444451164 15.279150232303198
44.784554919419506 48.38453819099665 14.277007031969793
45.70368094666423 39.72978826391044 17.155704679819504
47.29647789027952 39.92107095736166 14.44149196240809
42.90638022587983 47.68870498481774 14.696731617175885
44.53293365862158 46.56437553257484 15.14853596693123
46.98450785590235 40.14336552248753 17.235647233916076
44.354208708158055 39.0872935695101 13.446928993998148
47.50699382166302 48.15552108278039 13.617255360599254
44.05016956180366 47.33736990367294 14.195471878853326
47.94470705826649 39.35564038537422 15.757648088035289
47.02212519243685 41.488476087648436 17.20031558411696
47.36800046434733 39.802346494578096 18.464682309940564
  
  
