  
  
24.377551717951125 6.574571148036668 -64.91842354626338
8.097831692727254 12.058371305563035 -40.983704121370124
7.1321964884685105 12.045865901619583 -41.4672248212722
10.594366468190335 10.876156501997054 -39.2556307839187
9.9193046443047 11.497651997445226 -39.82522264052806
8.776564704802594 10.197059776588333 -41.1866957960386
9.073811996115687 11.121515555880423 -40.908980906197215
9.668352800995178 12.759150351152355 -39.643196536977264
1.2299506808261986 0.7102494519396486 -3.3499999393389244
1.2299459455580017 3.5405443956715095 -3.3499999309107764
2.459005317678717 2.838919407204391 -3.349999971440205
2.4590436496736183 1.4204752318979263 -3.3499999212633247
3.680956801736804 0.7097304968909242 -3.3499999353733143
3.6809946501989264 3.5410818266021744 -3.3500004484584665
4.910054100573594 2.8394567730526927 -3.350000037659676
4.910049292914287 1.4199571331472662 -3.3499998878765123
6.140000008698006 0.7102806664723507 -3.3499998638698045
6.139999997818589 3.5405102199646215 -3.3499999235645306
1.2299509173262269 4.960054259419606 -3.3499999241777587
1.2299509017960812 7.800000265914165 -3.349999937948096
2.459044276379804 7.089473595630298 -3.3500000218092585
2.4590440360433865 5.67052894022188 -3.3499999176452375
3.6809554787282583 4.959536601912686 -3.350000003584178
3.680955592246786 7.800520136059311 -3.3500011581516587
4.910049166955544 7.089993778773592 -3.350000308744886
4.910049219397638 5.670008614948683 -3.350000070520325
6.140000010425689 4.960085183971391 -3.3499999225403254
6.140000017445728 7.799969074012092 -3.3499999603424726
7.3699458710602945 2.839456756348159 -3.350000274920768
7.369950720214514 1.4199571206334545 -3.349999889366504
7.369950893530105 7.089993802940957 -3.3499998990320936
7.369950776902696 5.670008645768478 -3.349999895297895
1.2299499396753861 9.219935110962451 -3.349999950344346
1.2299499340393947 12.05006486849173 -3.3499999616702247
2.4590402180874085 11.340803676825692 -3.3499999618117404
2.4590402194404377 9.929196317891197 -3.3499999596429344
3.6809602379446194 9.219413109828436 -3.3500001946316402
3.6809602449342744 12.050586961724864 -3.3499999581218387
4.910049645464303 11.341317054717258 -3.3499999478628384
4.910049647829934 9.928682936212107 -3.3499999480895126
6.140000004762195 9.219966822897772 -3.3499999307842465
6.14000001306357 12.050033156141714 -3.3499999355179066
7.369950380020282 11.341317057091047 -3.3499999284302504
7.369950380441732 9.928682937643785 -3.349999918898212
7.609865715067599e-08 5.669977347044754 -3.3500001094706775
3.675036730981111e-09 1.4199261467605095 -3.3499999521125368
1.3705866262666749e-08 7.090025068225593 -3.3499999800185885
8.59904321051033 0.7097304799324459 -3.349999865885639
8.5990054078231 3.541081882477634 -3.3500004172758113
9.820994694167263 2.838919407478395 -3.3499999076214615
9.820956367501601 1.4204752333192316 -3.3499998725618276
11.050049312889895 0.7102494402384394 -3.349999879389572
11.050053980055623 3.540544442401082 -3.3499999605537454
12.279999861106383 2.839491151164154 -3.3500021214197306
12.27999996219358 1.4199259512496982 -3.3500004916179016
13.509950678583538 0.7102494370461089 -3.3499999391819513
13.509946027160355 3.540544487957266 -3.350000286427722
8.599044533969563 4.9595365801282965 -3.3499999168713748
8.59904437520209 7.800520203240966 -3.349999887001448
9.820955683795185 7.089473626279262 -3.3499999220383203
9.820955981946385 5.670528940481487 -3.3499998820922428
11.050049088714115 4.960054264049327 -3.3499998670047413
11.050049112293811 7.800000266860468 -3.350000296004001
12.280000008819805 7.090025061623108 -3.349999908091268
12.279999990119117 5.669977362795819 -3.3499998751121107
13.509950894419616 4.960054270463377 -3.3499998951932963
13.509950890451108 7.800000283100054 -3.349999920378276
14.73900534160231 2.8389194033827034 -3.349999937223739
14.739043633291868 1.4204752311642557 -3.3499999202354958
15.960956775783982 0.7097304958980498 -3.349999905243685
15.960994673565624 3.5410818213279565 -3.349999908720256
14.739044300188967 7.089473652227337 -3.349999898614058
14.739044013976857 5.670528945846044 -3.3499999141287864
15.96095547693372 4.959536559738762 -3.3499999248827326
15.96095563768607 7.80052021844834 -3.3499999031835537
8.599039790236873 9.219413021326048 -3.3499998887916083
8.599039787018302 12.05058694766881 -3.349999930857118
9.82095979852203 11.340803656697595 -3.349999912549446
9.820959812636424 9.92919632281071 -3.3499998501519936
11.050050071164078 9.219935163361319 -3.349999969809132
11.050050074816813 12.050064840334064 -3.3499999055698426
12.279999952047712 11.34134811569209 -3.350000000832134
12.27999995201096 9.928651871084025 -3.350000074274171
13.509949949846622 9.21993511301593 -3.350000102853187
13.50994993027552 12.050064866619268 -3.350000005289595
14.73904018673119 11.34080366190085 -3.350000008624292
14.739040205400977 9.929196310021133 -3.3499999155531723
15.960960229381035 9.219413024115747 -3.3499998916272067
15.960960233806533 12.050586981688326 -3.350000104902937
17.19005405688021 2.8394567933703154 -3.349999919134512
17.190049261739453 1.4199571552056995 -3.35000000755981
18.419999965007424 0.710280683227646 -3.350000269215976
18.42000000201448 3.5405102027033633 -3.3499999106722402
19.649945945825326 2.8394568030532676 -3.3499999241588476
19.649950742652834 1.4199571802428284 -3.3500001814505618
20.879043082433697 0.7097306386006735 -3.3500004916768447
20.879005315799656 3.541081821930499 -3.3499999440604866
17.19004912414156 7.089993820567563 -3.3499999197360006
17.190049237985185 5.6700086583919065 -3.3499999383635837
18.42000000362287 4.960085197871737 -3.3499999312744744
18.419999969721278 7.799969060658466 -3.3500000521354023
19.649950898253973 7.089993795564803 -3.3499999728283725
19.649950769300062 5.670008662757417 -3.34999990569926
20.879044521739882 4.9595365689467314 -3.349999931079357
20.87904436960646 7.80052021925258 -3.349999898906243
22.100994646754963 2.8389194077209075 -3.349999967243995
22.100956370044898 1.4204752852183944 -3.3500000123743257
23.330049332645846 0.7102494646412933 -3.34999995468511
23.33005405862381 3.540544403662196 -3.3500000570180335
22.10095568286595 7.089473650954207 -3.349999880865673
22.100955974252532 5.670528953046061 -3.3499998993154456
23.33004908347358 4.960054273742274 -3.3499999206887496
23.330049087228684 7.800000289242598 -3.3499998814782783
17.190049671620258 11.34131704781161 -3.3499999865140797
17.190049644670445 9.928682931563081 -3.349999901856726
18.419999993222504 9.219966858969254 -3.349999954901045
18.420000017434337 12.050033140071594 -3.3499998898978767
19.649950385617952 11.341317052659235 -3.3499998716101165
19.649950375930587 9.928682952280889 -3.349999896693782
20.879039767707965 9.219413030854708 -3.3499999273356087
20.879039767787816 12.050586967943653 -3.3499998795905404
22.100959751238527 11.340803661864584 -3.3500001086023703
22.10095977868868 9.929196325832828 -3.3499999120832635
23.330050040732893 9.219935127431837 -3.3499998684693475
23.330050067519924 12.050064885245272 -3.3500000069346916
24.55999997821218 7.090025054066974 -3.349999952678977
24.55999997485569 9.928651883913869 -3.349999891888722
24.559999975670582 11.34134812456816 -3.349999893692792
24.55999999424351 1.4199261438551831 -3.34999993221286
24.55999999694341 5.66997736692353 -3.3499999125134536
21.536709121440058 0.00923362478061393 -1.0179509930550301
2.5309198560974235 7.5618623945470445 5.925960316423962
0.6804994185125861 8.564997471666958 3.104105665913438
2.546437278430533 4.2193477651415865 3.01453199767502
1.3559403311137164 2.4757218297680743 4.352814093980989
3.9261713263082156 3.6005945628997043 -0.49904996734993046
3.2512398501710575 5.922990549318791 1.536825544111059
3.218790999960577 3.352093710528448 0.6343416981582772
3.5350501636740206 4.485445240579795 2.0677867274053274
3.8175690257604864 7.961928357677361 -0.654258056553424
3.108094602931454 8.256136866933561 2.11046711836689
4.089053938020706 7.249403514279126 1.8198645969881477
1.9070901225330497 3.2089425344741707 0.2907552816853265
3.6931806852053555 2.1064540986559197 0.9536803361371438
4.376870167509803 1.9901980804605799 4.615534337102964
4.714097964067511 7.480346631486777 0.15881375731329972
4.875531539291274 4.223142182073781 2.5057086366850356
5.2859986763176785 6.416424647723476 -0.38167328835215564
5.692092471761217 8.383820646957119 0.12938095076888478
5.216524323850956 7.036552916190648 2.6718206821460244
5.250663761734885 1.0710512218862542 4.291724986382139
5.173703642568629 1.088632926138245 2.9982659694688296
6.223415906161959 0.9300324840297312 0.714634322691371
6.689676137722742 5.3526160681777855 3.8535551344818697
6.870926384615163 1.6089755521838012 4.985566719858555
6.841961446623065 3.0982992736944417 4.797081502288895
6.572324741723177 10.133020789042739 3.642143296330065
1.7776726033843049 7.347246754908116 4.738644875462041
6.834294846567717 4.3125276042217635 0.7725163340308727
7.9892101304652785 2.5004575073891977 1.3758355359686358
7.906617303783814 0.9159899577908721 4.004503805085879
2.1634811869302055 11.787416451677874 4.154811984110419
2.702956141030205 4.810799955430321 6.16560910050125
7.604686951832244 7.660438172818811 4.916963429063034
7.782908209559081 9.758932178179759 3.425415598380035
3.637569169485903 8.467915931087546 5.87507703721251
7.683518382997444 9.0324570880639 2.3290824856190726
4.427552203715251 5.718790157012952 5.364997851009594
1.448492605582967 0.1224134185962904 4.275141247943228
8.036410837942876 3.675675322309652 0.715267876733714
8.096440268112168 3.2371933197602174 -0.5548863375222213
0.5873719162838157 9.53889803141995 6.2295909885894565
5.9889496157757245 12.033614870243207 6.168588380158425
3.4474975922618127 5.908148945663334 6.206117875737219
11.575232533488292 12.612318751227706 0.995757776720958
16.303463446715366 12.39090456137013 6.074283399453083
8.876764949320295 4.859630993786932 6.246303542528193
8.629526454562235 0.2235381552753802 0.3152099043966883
10.394317574519675 11.753765056557313 -0.49086442120962137
8.678713539766294 9.736929619086066 5.9100026829527845
8.521862561702841 10.902173647618005 3.105372938261317
10.56535478975231 0.3007639195420636 1.7321100118742527
8.51109856503972 8.73681702606677 4.827504378573694
14.66375831457849 9.007919242362979 -0.08750546031760731
13.302095138091385 11.218697113917365 -0.7126305101265884
10.630400783212147 8.51644984751191 0.9807568758325091
11.305790274227654 6.47712015753945 5.3336324397704535
13.617058808324595 8.443723297131225 4.996591014266874
10.789928031981942 4.312262479674956 4.87941850784039
12.845423419110935 7.371312454098454 0.8487110439658585
9.356523858442015 5.826142902407078 0.38413363757381913
9.23984604964755 4.9820485488470165 2.699098445494089
9.448337650169327 4.757004194011152 1.2985782785453814
9.876734444061379 8.185957729938966 4.275860426484368
10.18393315842605 1.9391824973937795 4.3873486156928205
11.55369035371502 8.92863278842658 0.6012287577319553
10.759233679631146 3.9725810536631148 1.0397371202272365
9.441341808360368 0.7537610628568217 4.357636914962445
12.144096527391588 4.385737922540996 1.6058820413710118
12.413893259332994 4.2820061109363 3.054068275975046
12.537189975300782 8.44700045527205 4.248960845936022
12.679581716268867 8.327473732508315 0.5687965219672808
12.64475008042929 5.622432657943985 1.0336702607873105
13.06539026992187 1.8833399378758588 1.4888285043284955
13.397146540413118 2.998343535871493 -0.26890602420723275
13.30200711333856 3.0899033535581943 1.0240343538451757
12.48638509140631 9.612649872834151 3.661318468652409
12.909430413534569 7.703401807514079 3.183639917340649
13.646389492663571 9.258882989878533 0.17398618029076052
12.97285233567103 10.340686246470591 -0.17681702230532448
11.105834751110706 7.871253879740318 5.1517481227989315
11.710823369061641 10.256380461776581 0.35432022224245796
14.498759547906808 3.3300710774827147 1.5532497573230142
10.760307679585386 11.389073275824419 0.4689017736927348
13.859861875468903 11.555568328388397 5.057320264820351
15.16715215146874 11.189202919169217 1.5978983726659879
9.896943316781503 11.087261662743153 1.0618703462873136
11.10197113466711 12.40219497241831 4.513856183639856
13.211095371767318 12.377064059725567 5.987884694742562
15.961423753390129 11.238760704983422 -0.41205137901810907
15.002371533653745 5.65676570273965 6.0805889124024795
16.268190929152276 5.5148609611247 5.646613819148865
16.24973862279963 10.237304907230182 4.721210766463163
16.23331868037027 11.44957065203582 0.9019871808996927
16.297617446849006 12.743936945613292 1.161865798257229
16.176782942121026 5.106377638840025 4.383443777255569
12.116431806900492 12.462467010862083 1.9299674975021552
17.10905707490571 0.05319474213891241 -0.06465728031852636
22.41202956784503 8.399675872324437 0.3179152721054912
22.67562198095329 4.972221049605044 1.889988142579223
20.293299992399003 3.866602188654934 6.060414355505134
23.348204071186526 1.7731086256337614 4.522484367699908
23.718410023920278 4.262694890821364 2.5602591359075335
19.0889803160985 0.9388294783455865 -0.24448805535019602
17.599342498902935 6.316829521315275 0.7318953947353624
16.478047489664224 6.479409243456891 -0.05038003152609827
17.166221119568828 5.864354433345173 1.8619626022943059
23.795478179901036 0.46184189808057335 4.736276309278988
19.847414039069886 1.6905293861144026 -0.4061220143571387
18.590363214562107 6.822375215372192 6.065264902929862
21.6802263142744 2.5789991528033567 1.1734004386387875
18.798947948042745 11.004515903210843 0.6208268796823246
23.26945675721883 5.0549517739525625 5.682140579220722
17.794946374345816 1.2266304587726253 -0.2659327474505413
19.178069935775618 8.219608427822326 -0.2727745611768495
23.122359680850558 6.1630402003267175 0.9526701070601273
23.828413555673567 9.719825215933506 5.287211606699959
21.524688439828576 5.300650216098014 2.6895258230052868
17.178015890687703 7.125071793865802 5.820847419315292
20.691038221748258 6.786899508209862 4.322583696406782
20.82685774596891 10.106004420412212 -0.2526526778001803
18.514104491175285 7.873211539687112 1.0027153907153452
18.247582041584863 5.374326483959813 0.10020947728178742
23.045117119423676 7.948599447737407 2.6342989744280954
17.739858605572895 10.47979701180178 1.485716411960043
17.45040889400323 8.941877942350821 1.2693111096926335
21.042156018317307 4.076454006771892 -0.03517390772931561
23.19842949078957 7.636534527629637 1.2077223499367962
17.85230757680237 10.853633034656333 2.8710515521197344
22.48098953393348 11.673820364138468 -0.25879704682228
19.28388915145208 7.705494732036639 2.244253770761968
22.98642409688057 12.2080071440586 2.1944441688291993
24.08667933442537 11.449355323266047 2.2645735800394995
21.933274019724486 11.462033495556362 2.6142072689757367
16.868375877896206 7.797516712892754 4.634256386246124
22.08728296730599 3.680347223748049 0.6445432654643124
23.050135871312325 3.3141460225440094 -0.25123278014921424
17.222688903712875 2.1425038006903323 -0.27580234604759113
0.6808776207140583 3.1765620990317815 10.809405253434184
0.8729543258356286 9.073759166748179 7.545249136754828
0.9408670244240663 6.278633568426538 10.513272255010044
1.7135250368288433 7.810782302012859 7.29971655113559
1.8457534086346037 3.930769532679706 11.245382021432867
2.965821204642101 3.952574170347451 10.299752020761034
2.6294251505889807 0.7819970758015625 9.33460085997572
3.449282335117914 0.4924390677982394 8.405655696840586
4.299508764661145 1.5267288476494139 8.178730905412431
3.997666304473006 5.936838792531746 7.370801194218805
1.97549584273675 10.21523355088032 8.367702010354655
2.743532233459777 9.650515171793955 9.279315517959892
5.337804197727942 3.711552404370553 9.773907383627677
2.8595451509498186 10.831471002638857 7.564585782982853
6.121136139019494 1.443702273333864 10.378671239169456
5.425642797020329 11.161819098393684 8.879135379165168
1.3262034720429259 5.606483508891636 11.579919041935776
1.3093296931791893 11.24924485244718 8.899438582642548
6.740966252364631 7.503476243241136 7.819072494647825
6.412167868630869 5.851313023826104 9.614237829705507
7.163018235904281 3.8806257823086465 7.740716257993341
7.330732106198574 6.6476839961129865 8.811173874240728
7.17628651529812 12.180501177648758 10.934537273861842
2.2428676898078193 6.450613937242991 12.124947785300362
5.257541392654411 12.592684334763979 9.177067955208575
5.5951601541636435 9.637663336502447 6.845414574765646
2.5310170417578837 3.311232872416554 12.547165370498913
2.753565367686417 0.26068708558475706 7.299593590308265
0.28676047423347906 5.5824556601433315 12.40824601463124
6.469652734126458 0.014387598363947601 10.348171287397044
6.49431524543764 0.5208555425595229 13.056281514988559
7.02416447715272 8.828557669790623 10.407775084755274
3.5144864268231544 0.9710981980027656 11.88252142005788
1.345020644274504 1.229418235231946 13.059810896911252
2.6365428341054167 1.7719928713032713 12.795396715888
5.9463817189208035 12.753329908165032 10.818816520660507
7.944016018793254 7.982851325229828 10.041664731976239
5.1688951762699915 12.067756273153009 11.639854345359897
7.069559279264255 1.1618380608216432 6.299515558675383
8.358705300417514 0.37002232191261797 12.12604129928888
8.358742136184818 4.601340362568795 7.541675789990766
8.564358873458934 5.850757419263202 8.367243663160838
9.530144827311803 3.0819621048716432 9.547218162956062
8.820411645650246 8.797959006271062 9.444112243688448
8.531684595093727 7.5304402781644715 11.146044735407699
9.629191060023317 3.3347251063721117 8.24622509714059
9.47128543203475 2.172861142950963 7.582445902366434
10.865137867516346 3.7511984920671253 8.013418802819395
10.82688291969783 10.376807256629945 8.191036928774444
15.093338673651155 10.228933437863653 8.376235840110187
11.048760456903574 8.634156406803063 6.407367580183506
15.921681491967025 9.522857319226485 9.120210382807997
15.166161083077965 8.653940345323104 9.662604739551504
13.39970769233818 11.837492080394878 11.638624892060239
10.480018041095438 12.32990804920176 9.837211679046009
13.04896155857506 10.73670793457477 10.75334185234059
12.439963575654645 11.783299381179422 7.023097146663151
14.805228200926186 12.344514537578085 11.57560803740139
8.56056461307019 12.483903190018623 6.47102820631013
16.31045423366232 10.364597569093233 10.090107402002836
16.87111841114 4.552153200837677 6.42626681572461
24.174256894459766 10.246403605244435 6.45131200978332
22.531656945531886 5.55035956534254 6.818954420584793
23.756917195174374 12.057028992772707 8.327929281760667
23.967926004699777 10.784022856641489 12.774831150864278
23.52277693943636 5.42133559247709 7.999732443247861
21.999926368517077 4.324600227307556 10.422108408180911
18.00001877050035 9.88683149143225 7.59822834835316
22.938244191903298 11.424641684102268 7.3109950177337915
21.89310440378568 10.57980963689015 7.792399636729837
20.51347634350778 9.065938948093725 8.93894517666292
20.511298771966942 4.493923157363164 8.2240089830769
16.487637746328854 8.00228668599366 6.901100858927506
17.308698484217537 8.699911054982072 8.001768582917055
18.132891972225018 7.808355548083082 8.807858125017503
21.194537348258848 4.192884991073923 7.0820791034874295
22.338618372504566 7.291237131701735 9.258758809652608
21.815884413295 3.1058363831945828 7.423733731910961
19.34001853731191 11.481506001018909 10.841001076320616
23.036980114638233 10.46661614836068 11.86869082670594
23.460620907555516 6.331177946689754 9.277396173296706
19.56059343812186 12.741063051741083 10.577960855859232
21.7925458398688 6.781287313390416 6.616708797411651
23.100268432314444 5.067395002150314 10.634438351681055
23.00424798459835 5.709970804064424 11.833519676790054
23.653664180140613 0.681156146079655 9.156800773459912
24.009802409374597 4.16101889474748 10.923801566937424
24.104820648808218 0.28269057227988326 6.253572230949288
24.508468444568848 9.220024297664589 7.178380897209484
19.473052963805177 12.180885768622936 6.708525172941977
22.44797403647672 12.469213341464107 6.29644436344735
2.8893548788078616 2.28034880307195 15.356027767834801
4.70316547979947 2.536236122995193 14.185227060556521
4.0538479849066045 0.5407789749590013 14.723366733058288
3.6436432084161225 1.7736557537934772 14.325788060344209
13.288241448913384 10.932364582009365 13.397094878441298
13.549631938736152 9.618512287013035 13.37403082455357
14.214803283056488 11.485061109620073 14.131558063029152
12.123852416062043 11.139811760820365 14.013181100579226
24.216812795554237 9.654381459215433 13.363560141256828
23.31699271511158 11.551522136012458 13.638338878002976
18.650658912341218 12.54827284217022 15.076776451534835
21.324610945966473 11.967951228528515 15.836224837023273
1.4623844835071373 0.08184459379958936 50.975191401968395
8.135033562782441 14.468443571907727 -40.439715590552964
7.378357233257402 14.777377847975353 -41.160895558190184
7.7187435069441 14.6035549432496 -39.44144332961106
8.710087053214966 16.58173642218987 -40.476400753405294
9.15077678820197 15.590755938652622 -40.36754195068398
9.884971937693699 15.445097694422394 -41.15990623460825
9.735776526882548 15.733844779344935 -39.4590261888906
10.084996571102588 13.458428568120917 -38.93339519565761
8.61795629372781 13.08395014613964 -40.41194746537187
1.229950882528794 13.469999516164004 -3.349999945152411
1.229950304743397 16.30868303661762 -3.3500005951408363
2.4590398808718024 15.599413042447214 -3.3500003415886805
2.4590443416093675 14.180520438324107 -3.349999969514946
3.6809556767729905 13.469479582564508 -3.3499999399256164
3.680959792733229 16.30919634065411 -3.3499999061654995
4.9100500396474 15.599935149125544 -3.349999936487019
4.91004912478537 14.180000515677067 -3.349999913735343
6.1400000103472365 13.470030730560039 -3.349999922711114
6.139999970384598 16.308651915069557 -3.3500002614726823
7.3699499957537835 15.599935126857151 -3.35000008257711
7.369950893213499 14.180000510584897 -3.349999934053697
1.2299504012690663 17.721317068279173 -3.350000268119352
1.2299509054844862 20.56000618578216 -3.3499999495091046
2.459044356856483 19.849479776990044 -3.349999888617007
2.4590397795642107 18.43058697340833 -3.3499999077576357
3.680959765818024 17.720803674189394 -3.3499999337186868
3.680955678051766 20.560526358099686 -3.3499999070694972
4.910049084383489 19.849999714728476 -3.3499999154650695
4.910050030298023 18.43006487070679 -3.3499999473569266
6.139999977276036 17.72134807824971 -3.3500001560530066
6.139999993776613 20.559974945696112 -3.3499999321981386
1.2299507790258508 21.979991348040492 -3.3499999093871615
1.2299459463098823 24.81054437342089 -3.3499999555753113
2.4590053135805414 24.10891817833607 -3.350000153051791
2.4590445229394424 22.690463449019415 -3.3499999100264355
3.68095597203114 21.979471068402503 -3.3499999052770155
3.6809945789031753 24.811081770078495 -3.3500003154624647
4.910054025595739 24.109455439952267 -3.3500007491428017
4.9100490700286015 22.689945718605884 -3.3499999464316765
6.1399999961699105 21.980022639424927 -3.349999973322677
6.140000157157855 24.810510135988718 -3.3500004435073616
7.369950909019028 19.849999721173877 -3.349999939920841
7.369949977813548 18.43006486853696 -3.350000035570914
7.369945952749592 24.1094556506023 -3.349999925912864
7.36995091403328 22.689945749575806 -3.3499999500283795
9.931928278348565e-08 24.10948990405876 -3.35000040906709
4.3658392775576175e-08 22.689914752568356 -3.350000131297859
2.353090945911466e-08 19.85003088180442 -3.3500002116936423
8.599044344957433 13.469479575748629 -3.349999954300764
8.599040214818212 16.30919632321705 -3.3499998832313893
9.820960192424506 15.599413032092802 -3.3499999990520903
9.820955662637836 14.18052043362351 -3.3499998962570423
11.050049104397306 13.469999483199244 -3.3499998897459804
11.050049640069025 16.30868296236832 -3.350000215665311
12.279999996585115 15.599966847855226 -3.3499999599743013
12.279999984917444 14.17996927279305 -3.349999916760736
13.509950877370404 13.469999478306033 -3.349999919718165
13.509950353049753 16.30868294745299 -3.349999948067638
14.739039764586837 15.599413043078442 -3.349999958790405
14.739044330985063 14.180520420157414 -3.3499999468761352
15.960955677097777 13.469479553852466 -3.3499999337371076
15.960959798518582 16.309196324939258 -3.3499999452491958
8.599040223973201 17.720803657772226 -3.349999935953835
8.599044319618645 20.560526363482797 -3.3499999259573876
9.82095560093288 19.849479764631926 -3.350000046447162
9.820960234481117 18.430586963622655 -3.349999908366014
11.050049621301369 17.72131707063229 -3.3499999361900024
11.050049137709449 20.56000620265183 -3.350000449340911
12.280000024018783 19.85003092155314 -3.349999974232526
12.279999987142924 18.430033167171622 -3.3499999212240485
13.509950356322236 17.72131706426815 -3.349999939997639
13.509950880564123 20.560006199445386 -3.34999992258851
8.599044027365407 21.979471059170827 -3.3499999202093367
8.599005309727675 24.811081783928746 -3.3499999255558857
9.82099466894613 24.108918206307337 -3.349999929913542
9.820955471074257 22.690463438926017 -3.3499999405201972
11.050049202824638 21.979991349061052 -3.3500001883767716
11.050054054715678 24.810544345637055 -3.349999936327875
12.280000001086732 24.10948983083938 -3.3499999520576704
12.280000034524114 22.68991481387445 -3.3500001258457868
13.509950771110521 21.9799913384099 -3.349999931471479
13.509945948094051 24.810544350720136 -3.3499999351643064
14.739044350618007 19.84947980936162 -3.350000077316928
14.739039762098413 18.430586976336958 -3.3499999809936654
15.960959791184223 17.720803684387214 -3.3499999411864048
15.960955708878432 20.560526339369815 -3.350000065177702
14.739005334489674 24.108918215633544 -3.3499999285823168
14.73904450463489 22.69046345640346 -3.349999999926702
15.960956012151094 21.97947107989492 -3.3500002331253986
15.960994682071208 24.8110817899921 -3.34999995436318
17.190050068319454 15.599935144401343 -3.3499999648026324
17.19004912558161 14.18000048874747 -3.3499999353730505
18.420000024649664 13.470030704366227 -3.3499999149423223
18.42000000260912 16.308651938714508 -3.3500001122269873
19.64995002778409 15.59993513521752 -3.350000328867405
19.64995094555303 14.180000474485507 -3.3499999452376636
20.879044351838274 13.469479574917727 -3.349999831384216
20.87904024805148 16.309196324292618 -3.350000042477702
22.10096020370476 15.59941298662679 -3.3499999979641104
22.100955659478863 14.180520439542144 -3.3499998254563543
23.330049086318787 13.469999513412414 -3.3499998787549035
23.330049684157093 16.308682740379083 -3.3500008926868374
17.190049098327787 19.849999732857157 -3.349999932993688
17.190050069102174 18.430064877515953 -3.349999957240508
18.42000002989062 17.721348104096396 -3.349999903185573
18.420000003532923 20.559974941501363 -3.3499999206248052
19.649950917167704 19.849999710539034 -3.3499998973253553
19.64994996651126 18.43006485737668 -3.3499998719362556
20.879040219421025 17.720803660505478 -3.3499998797782595
20.879044326791874 20.560526353791836 -3.3499998893118645
17.190054056320072 24.109455660989607 -3.3499999106383616
17.190049098648704 22.689945744948353 -3.3499999288071605
18.419999998412013 21.98002263752503 -3.3499999372924014
18.4199999930384 24.810510186238123 -3.349999904458799
19.64994594386551 24.10945565247145 -3.349999916554427
19.649950917634595 22.689945737527562 -3.3499999152419244
20.879044035033374 21.97947104872005 -3.3499999002550207
20.87900533050422 24.811081781511152 -3.3499999153053404
22.10095565192778 19.849479798004495 -3.349999937092302
22.100960178986618 18.430587025380294 -3.350000157509403
23.33004978445714 17.721317278740848 -3.3500014241745024
23.330049123560688 20.56000617531752 -3.349999864988058
22.10099464242416 24.108918186975796 -3.349999987748784
22.100955488672913 22.69046343441089 -3.3499998953553844
23.330049236957166 21.979991339945162 -3.3499998810932152
23.33005402996244 24.81054436381374 -3.350000594628356
24.5599999807952 14.179969273337932 -3.3499999086025776
24.55999999506462 19.850030917265244 -3.3499998706404
6.376280931146391 18.217803235966073 -0.6101108158677615
6.0604676844705345 23.204244469404802 -0.3170129845880565
0.9549064493359981 17.904340416053984 -0.42594786949960217
1.6123607856193272 15.815744226635575 -0.5978151023524547
1.2344143900075124 21.977490994661256 3.912029858951094
1.387337395707773 16.76560203902477 0.2215660788507956
2.6405887675259385 18.498209135813344 1.9242659783024607
2.987696102246985 17.17904569924373 1.1054980163782013
2.5464862651288085 20.12074479997789 3.814371945431665
3.355349150839399 19.125002437309973 3.1476054473898474
3.250151627120958 16.12064502056565 2.0180552934855935
3.8843396391847507 18.126301949272886 4.057117573807812
3.895953935890931 17.492309916765283 0.02239413480887964
0.6477463867683771 24.712373497416714 0.5988830657919497
4.392135795879577 21.009867815468567 1.6614782293246166
4.794502230963989 15.784216163051811 4.050777082526434
4.821504426419735 20.16494839244167 2.608500413063586
5.27401321648559 21.024264671767835 3.4816333630124783
5.903547751258963 19.584463333024487 2.1188636864306387
4.2440686275936415 24.246462240359403 2.051060351747318
1.9155653034018039 24.268647165762374 0.7310593331659465
2.154532000824343 24.231083538873097 3.3995936592203457
6.267852747818319 15.667570744850588 2.1226527276416816
2.5175848966486014 24.5940383462922 -0.4088275956031495
6.458553771269094 15.883627111721312 -0.3420422831912162
6.666316109585829 23.74504204884476 0.7108094694301104
2.816324242582415 24.8582732341799 2.274923161907606
6.9534376595721 15.354038848232616 0.9126466524773336
1.8734745524045713 22.929657205268114 0.7475120017297909
5.515827404071869 25.018102692416704 1.526256831362025
2.608691975168375 13.730698537740787 4.735974765096007
6.9963197556000924 22.70299963867989 1.562319379251964
6.944417249168448 13.468881031197567 0.6579510698245938
3.6556915049504775 22.627667769970735 5.727697801942247
0.45105466172482095 16.221708116997675 1.095257230469876
7.782392836739268 24.219257129449623 0.1888719051124832
1.9423539227678361 13.012316093326815 3.8278728750313373
2.60919189866669 13.154255889861192 2.6329300548441714
5.751986918925127 13.081294607970735 0.24993844259510567
1.7125713694710472 16.586526255492835 5.57300718177311
8.124349757520404 13.665136381172367 4.8112398362039785
8.0067618475845 13.621479997833507 6.171976144156508
0.04642905058768837 17.934458197015903 5.37338177850757
6.554167468663978 17.2363820839919 5.883575014189485
7.8240171594730485 13.031596296962006 -0.2090867571195154
7.751986959132602 23.07663967595167 5.148898614353872
5.945512523456079 19.308281656055183 6.1174668570078925
0.11413926337227671 14.91592533399174 3.7253096490320345
0.06726134283110685 13.491829794619862 3.8106107451213402
7.13113565988318 12.881917197124228 1.8908777232315899
5.381971873429403 14.343647233293048 6.018821743754444
11.972382935606928 13.259393031083428 5.021080522526452
12.335914463282208 12.928584799048599 0.28200796773363956
15.444834301441778 21.18727500316206 6.061359306490005
12.541331317303635 22.50960986017772 5.528149050827123
8.465069793276129 15.596009555111719 1.1456199409147638
11.892315548534517 19.735975373087726 5.653131154587819
13.391151078082405 24.536785571373073 2.967026310985484
12.33400537019739 13.954675597964409 3.9733543237546676
10.770073217825573 16.145387233870114 -0.40274661636521825
9.709446356001436 22.040214011135696 5.1735321076420595
9.148630671582852 23.251477732194047 5.07131306518814
9.673861649535477 22.037677404476614 0.40400650088083356
10.876861135295103 20.43614074039525 -0.4904431547175514
11.480055251754637 17.930848848980585 0.4947148034259041
8.563801359345927 17.872972628556372 0.0863276546243319
9.049959677984049 17.075317749754486 1.2025533488054285
9.026278539389404 17.638651995675506 2.5515086928638144
10.026059398802012 19.10641740771635 4.474547577698372
10.81358781381878 16.809144719741752 0.7232256765667766
10.886746968221933 21.560827908264635 0.2732031193889428
10.839933899081407 20.45902361867223 2.6780674905054305
11.628126370352094 22.431096785245458 -0.388665195441501
11.43948514449783 16.12005538508281 1.6935096344321798
11.739923154227174 21.277285572067886 1.9554176753922303
11.372661054641426 14.125525578327945 5.875503854373733
13.117325380786053 20.550963702621623 1.6644784473731389
11.842691509799597 22.644652622666218 2.4626922359840564
9.298429035526178 23.590056830509507 3.7839521697374723
14.694765705030974 22.35925874020532 2.338949538354651
14.497556008465411 21.01290151911714 2.0587793061002744
15.136960114691062 20.144861116354512 3.035946578827157
14.931208165611269 16.019792089563005 5.54641726204713
15.498945563776706 20.70561519665572 0.43276892158517266
10.884076603773575 13.441676879311265 1.1459861938973803
14.973037060125602 19.6124224723469 -0.2569468403600561
15.584802689890886 21.652472023333853 -0.43402903931834547
15.752940370427012 15.019587806526818 5.368393854123077
11.02181970573542 24.913256275212145 5.812771024969413
15.549905140684448 14.621479310522043 4.109903553325424
14.106824860402462 18.637729846724156 5.902160560805413
16.338220148067453 19.310192764440302 4.983085128669505
18.67936763468691 25.35589286999141 5.7838817437597285
24.144724454276687 17.192899508980794 5.70505453817081
21.59482789144673 25.088308640234054 5.1633795210249955
22.545822836574143 12.886848813519626 0.533076793616537
23.479557652872632 24.663106719349543 -0.5457658828129386
16.79101079781045 24.417934165921782 6.063536620850333
23.747940614017935 20.07949961021476 1.4892217743198188
21.041735100584617 19.601746908454267 1.8982187414641116
24.312417383418612 25.15732441101932 2.111356896768406
23.098477189823164 24.52371827952583 0.754819846387601
19.736980766573662 13.116345503156722 4.77233038637921
22.878740411677775 16.059729208833357 3.850672193436373
19.883338515743294 13.320461746607938 6.083299248132188
23.201659532840342 22.68566868142534 4.650208165385114
21.030457457403095 19.309684561821594 0.5862671639319439
21.93357377468139 25.091319292990548 0.7779783109689242
21.72519187971246 15.917602212980084 -0.07150842929402268
22.16304135147937 14.823974204740935 5.821975570499204
19.190394284638376 15.526887152113634 0.6951176326005981
22.79346306495894 23.240005372765502 0.8236537932195709
19.252149533572005 19.97595638871549 5.67516134451787
23.965310499240406 24.43472015387286 3.3487498041037966
18.790882488731214 15.296837425410608 -0.5168631089661258
23.60838491974515 13.85720343559653 0.19293243689557538
18.964071787824665 16.828450545843396 0.8321691076091386
22.732539030079124 20.709114676887413 3.5935963617681397
18.40008390865979 14.815711803252917 1.460849663494147
23.126570276778153 13.12630853845342 3.1323215259450823
21.01600154773237 15.090016177818098 0.848600675810306
22.988097682588062 18.320873373611 3.1114427389805357
16.711556962849677 20.360654419273313 0.7762190662281876
21.197823680451158 13.62808017290457 0.4683598289861324
21.30945245804049 15.293107583411704 2.1798084266068605
20.39470558317798 20.780305731135044 2.067734674884878
20.331983310426246 18.59973163301085 2.489791307616045
22.766354712790374 19.654574298456346 2.6683874237909935
16.986245381621735 15.583758918748355 5.310696154062333
20.15126991248253 21.852223034552967 5.817281250044495
23.42457747621152 25.4171419968277 6.019127280612164
1.3788946380700942 22.299128705856507 8.878053099799407
1.7497779611754714 22.934742075373745 7.534364358861446
1.8247927413966107 14.067095829421126 9.93664984164234
5.216866949098591 16.45095253261467 12.65729998454146
1.5025106893562516 18.206906598251283 6.836905119640214
4.2106090710133985 18.698730167099722 12.703000812257914
0.9564546710716331 15.431702711636005 8.079019443983729
4.547585079573391 23.02685433945886 7.590476698730248
6.091653445735229 13.530396639578067 8.174365712017895
6.182961658161188 13.965625174566217 11.240747708555709
5.163107555355561 20.506096868153772 10.5138614506031
1.7779435889785866 24.402321378476817 7.5560635390277495
3.4950374771696047 22.43486831751244 7.070415334939551
5.258034703581111 17.72318724019035 7.507115815936753
6.374533937734579 22.369433627215702 10.343639522952461
3.2247283032173435 23.96344516177718 12.065137273245472
3.9368589748049163 24.428112831281915 10.082582882038505
0.8016136504086548 17.270562560901496 6.261055335144702
3.9288800381671183 24.850968640904735 11.341826428746506
6.3702470201565955 21.080134688918758 10.697405377773165
2.4737236356520387 15.858413218032162 11.720802472381825
6.993954983251995 16.72686459004218 10.677862468939146
7.864938291384532 18.583042788078178 7.7499971182359575
7.964578908316278 17.33966001318949 8.487043323679313
6.567754322739737 21.31174589993054 12.076420566806185
0.3550277641650941 21.685762172477112 11.899532041274732
6.303612655886468 18.221681999201937 6.785019139260918
5.147581562899612 24.844027216911837 11.874826379933872
6.192164037815855 13.340200948145355 6.61763194940966
3.714575625318205 21.083124907460782 7.089104993606709
0.9579834540976311 22.34308957752064 6.4187531494386185
3.924413509732946 13.016688885261988 9.416082646326092
1.2368263976426588 20.150485271610926 10.793351057684161
7.688303877112347 18.943576564832814 10.96602377290944
2.2457175961971885 15.993734873241904 13.129702620137383
0.16479655074022162 20.9057777684374 10.864937600113917
7.47434306222563 19.774546404209975 8.66221620110715
7.791048813513219 20.077172363088764 10.137907459944525
2.1740690966558165 13.43071868509173 13.03701174962169
0.0015809071379133835 13.142587023481019 11.404703887428605
8.59681197455038 14.72993856542477 6.715526075331914
12.389236803727677 13.005862685378958 11.484253596356247
14.694376568480005 25.076424599908297 9.206741012948589
14.002973722264667 23.931728884482443 6.318010801036045
9.312072546212406 13.693277132650637 12.057820459257144
9.598541647243945 23.965844344969643 7.556234606917763
13.001774212505724 19.298037097438627 6.557832151559699
8.851150286205483 23.452173272665867 10.07226966353418
8.851205409545285 21.074920605563428 10.29120775409394
11.497900157654 18.203006145544197 8.45970072925547
11.296619027692657 13.345896062706617 10.403770837635696
12.249659763615215 17.832987904701294 7.457377385616349
13.52751765006486 20.37635925768155 7.575409051169278
9.30893581106593 15.15751622684082 10.437180040431551
10.120525453439493 14.435401226720728 11.246440267672288
11.567387440160093 17.098317573479154 6.60271545389846
11.835102690573546 14.224062782903413 9.402095138636657
12.491730410641937 23.109627524808747 7.4541946335032865
11.369152020030121 23.49758564101471 10.545335867356595
11.611976902662857 17.912822902368845 11.437551438892083
12.644804189242008 23.644285058049427 11.135811151364063
13.629355918557037 22.648979336823192 10.77746272208405
10.800519862708033 15.320470599157254 11.996257685353122
14.46138157966141 21.491510215207676 7.135084314751418
13.209465819926935 17.032011800625956 8.042652779006193
14.126524819220913 17.544613135242642 12.43031032432805
14.781297686327115 18.691498826087006 11.82121135141284
14.999712903306039 22.157743663175623 8.246131813184183
12.374405122940423 18.123134799606124 12.532383981029362
14.116888184866525 16.399081452334777 11.643494412794075
14.224451166445395 14.513320636834022 9.377430908915208
16.044803259276247 14.239294888662519 7.768878549770504
15.089575281659853 20.66655138837509 10.500488956494996
13.375952387945901 22.82182564483316 6.510922774925457
8.800577261486959 18.98689699139682 6.722215457655446
15.652165372628648 13.623662473112764 6.541100637228699
14.139039378829626 13.47362904264505 6.625960398851608
12.366378709533194 19.43387126651841 12.697228450038564
12.43404951602786 23.475789122200233 12.916823016196325
13.1275460437618 25.119402213245912 11.058249497405573
11.17644165351951 23.732482095138593 13.29958326226809
12.849428059149277 22.262021949056837 13.318066630332172
9.716747171811885 24.610700104362568 6.29010193466323
20.85298320346753 12.919693483660154 10.189725551224276
16.501247983744467 19.410060956441605 9.156190651583197
19.984116308815224 13.496805160634437 13.186237150613854
17.67952188915491 13.856742865539076 12.30506893699102
19.082248909725152 13.93245348004281 11.984693034903845
24.34926556178021 17.926193580417753 6.809965207466143
23.16406694551567 18.30009109484494 7.204187714772251
19.2089403186184 14.353890174091111 6.425453893087538
23.31583645607885 23.319111207488596 9.9725620440742
22.954513334865563 15.495712833716885 11.676439791936916
23.08200432568359 16.49975998203438 12.745349875032314
19.611903949844073 24.56025058334134 11.634035149387078
18.64771158880612 23.92106874963108 12.630342226771111
21.40105808374097 21.905802528307785 11.33008427434884
17.98361517709236 22.48152129881531 12.303609608874076
20.290263476217813 21.357928539698666 9.035404625810648
17.144708359623323 18.383413279068957 7.03587015393269
19.216733523896593 20.858693006170732 8.194892969849768
18.035906019214586 21.675192696196397 8.097339273875946
18.4804590960567 16.20662656746753 8.908987158174275
17.65749101845584 17.1343523903395 9.3830082910095
16.417981426781576 16.674937476845773 9.576985089145246
17.533502588394235 18.726074495247246 8.404812424629112
18.088276786986125 17.379548479298432 10.551750798383742
18.864849013645994 19.389859751287574 8.490354090892096
19.017849831551125 21.552196004675007 12.00093342951638
19.584147032387232 15.191208725716631 11.509154586563232
17.00490688359461 22.57719629324724 11.275066615056492
21.681293529185147 14.111092262745732 7.942092868860662
16.682255027137362 24.093680391641243 9.12826091452714
22.71387259835034 19.097271508655034 12.021317792962291
21.3037628424819 18.982248527654978 11.985140010311985
20.99086623026704 24.25341970927133 11.926778957360574
23.297696685832502 20.18325577693328 11.308570818753086
21.646952288077557 13.74400355502428 6.605039540901075
19.177750390562895 24.320172522054424 10.291251508767976
23.575894369824095 17.838403241859645 12.161240582617657
23.601227994361743 22.73750814263292 7.035000924091342
23.362736134224964 14.031685519984391 9.657699839732679
24.44759833453094 23.51699768973455 9.313242578503653
19.916385327766104 20.707046499250495 6.505646398566224
21.01592826447353 20.08846901270687 6.520817864124941
18.844875196681734 13.068234405220588 9.499012671110291
24.52114481169607 24.782686486628982 8.925341333321454
21.727101754050718 25.516960882895592 7.230623645709533
4.472869027686162 17.45755113459388 13.378493125512605
2.480620208751537 19.410326494408075 13.560358992857672
0.8816827633183968 16.228177011118 13.493138736681411
1.31499106119505 23.25476517886046 16.385607828544348
6.769526835485843 17.960227888971357 14.366025568697642
3.94862195035084 14.108043004504642 13.939938483978946
3.131103866575169 16.99092301048833 13.93530166823432
3.126312328775511 21.323557658226793 15.080582238650639
5.513261597341122 17.8708362418763 14.805679679386273
5.519885238720417 16.934350643129385 15.742626398574252
5.197174128630184 18.9910072779946 15.365728871950267
0.06499433998069597 18.62907014094838 13.907500858858771
1.779205403757653 19.914126983568067 14.084097800431534
0.534397664727251 19.456152520861885 14.41935558005179
2.162391318553626 20.87645008357131 14.887317903906958
2.0482629391785787 14.147070663294096 14.945701159378045
1.0528270429871003 22.242363622173976 16.692875003904273
2.6696473834444774 14.364437679354529 13.826768848808674
1.097510312741895 21.32937474176978 15.536979861956597
0.06363627444226805 20.440375448365653 15.218253143850069
1.8527924818837953 21.870827348413844 17.333278075718226
16.172102840076892 13.054086259122107 14.014061354914238
11.597897835849743 17.653125993843048 13.547787933991593
16.00355750668078 18.804491236365486 16.052153839196443
14.4629906820117 17.296678768849155 13.84247631847182
13.168560394565663 24.33313692955091 13.651509308885135
15.68716086668474 16.822370121413545 16.908546624173958
15.88209029902458 15.322265691796819 14.416967759232952
15.872296223376944 16.791413940406265 14.193685175564386
15.833454565447315 22.483437369969895 13.904891828614403
16.26748053347978 17.497223002752534 15.9349122738004
19.15556494908014 14.933070860777852 15.060053257137639
22.172937877447048 13.879575238410458 15.36450053608836
19.41552728117975 16.894857274626574 13.368209913065222
22.013612719698465 16.63670064340061 13.709396919772098
22.443378540337992 19.059252803856502 14.713537511410014
16.98584692154561 17.29902346731225 13.382290839167577
24.528765218050108 14.572560333678123 13.848219990987356
24.01849489920927 20.26248137277106 14.049323050672827
16.947064539022833 21.789215362849532 13.733249454330355
17.59605342065413 21.82357060943056 14.859774846110597
22.823073111913658 19.871716480147406 13.688359232168672
19.525558738948696 13.599072406773605 14.691907213676053
21.052634456989495 13.270959651259586 15.767735432158291
22.008599430395456 20.914018639739282 13.74466898936032
17.546178091042943 17.197387962355766 16.16690672969921
20.94040360077394 13.723659501725596 17.076177819067652
16.626024251360143 20.516761612608438 13.513152119729178
12.147900163257567 30.082772731775478 -88.14678289661634
1.2299509108417717 26.230054262451734 -3.349999872082546
1.2299508894155189 29.070000266915226 -3.349999886808237
2.4590443083601783 28.359473620454533 -3.3499998886379
2.4590440226297026 26.940528933229825 -3.3499998630835606
3.6809554421580453 26.229536587874826 -3.349999972778753
3.680955640343569 29.0705201942903 -3.3499999000754555
4.910049112458408 28.359993797836815 -3.34999988532672
4.910049220747249 26.940008673933978 -3.349999944376
6.140000036598587 26.230085231848772 -3.3500000443040054
6.139999992898106 29.069969051837244 -3.349999920919331
1.2299499260712898 30.489935111419502 -3.3499998958737907
1.229949935110858 33.32006487534699 -3.349999931791711
2.459040215605258 32.610803669642195 -3.3499999208308506
2.459040212968322 31.199196316187603 -3.349999912274436
3.680960239653925 30.489413016712067 -3.3499999102224773
3.6809602396703274 33.320586971613444 -3.3499999237984337
4.910049630829772 32.611317050246214 -3.3499999274108583
4.910049593942143 31.198682942497605 -3.3499999975482266
6.1399999426243745 30.489966722975637 -3.3500005029918336
6.139999997417738 33.32003315508672 -3.3499999360563573
7.369950875038026 28.35999380492893 -3.349999936207102
7.3699507566054105 26.940008648596134 -3.349999901758205
7.369950381343176 32.61131706586815 -3.349999971467893
7.369950479861867 31.1986829522812 -3.350000354311069
1.2299508981135985 34.73999972730359 -3.3499999263693647
1.2299508147573797 37.579945725767274 -3.3500000952835505
2.4590439637481256 36.86947083345691 -3.350000529312298
2.459044315078777 35.450526360717895 -3.349999918162153
3.6809556367641036 34.73947980081396 -3.349999924576373
3.680955758093074 37.58046331668435 -3.3500008723901322
4.910049238271299 36.869991346282845 -3.349999925899917
4.910049101650437 35.45000619885331 -3.349999930055152
6.139999993711226 34.74003092157903 -3.3499999415495174
6.1399999859395065 37.579914821778495 -3.349999933215493
7.36995077105689 36.869991355261874 -3.3499999447371875
7.369950890355537 35.450006190189136 -3.349999946850901
2.158564055330442e-08 26.939977354623828 -3.349999913876236
2.69202747518542e-09 28.360025057146647 -3.349999890418548
8.599044506834238 26.229536556783803 -3.3499999249834813
8.59904436575851 29.070520209971964 -3.349999967306354
9.820955689182506 28.359473648239486 -3.3499999353619145
9.820955974305019 26.940528948938862 -3.349999936228052
11.050049094006567 26.230054266295127 -3.3499999334390718
11.05004911443203 29.07000030008759 -3.3499999080002585
12.280000009565345 28.360025080403865 -3.3499999026716587
12.280000003288123 26.939977373525696 -3.34999992443867
13.509950916880006 26.23005427147832 -3.3499999221269707
13.509950888022999 29.070000293307984 -3.349999918581359
8.59903978429744 30.489413028152274 -3.349999945724589
8.59903977827396 33.32058696192859 -3.3499999230622235
9.820959802025403 32.6108036671941 -3.349999906147041
9.82095980124949 31.19919632683091 -3.3499998900276906
11.050050070597898 30.489935127506644 -3.3499998863902016
11.05005000582542 33.32006490423795 -3.350000100962429
12.27999990197676 32.61134809619424 -3.350001284233625
12.279999983944316 31.198651772430484 -3.3500003865412764
13.509949916441423 30.489935130366817 -3.350000035921419
13.509950011072016 33.3200649260904 -3.350001350313996
14.739044321828624 28.359473641704632 -3.3499999071898934
14.739044038187934 26.940528959186814 -3.3499999005327297
15.96095548529146 26.229536582149688 -3.350000022455931
15.960955652609801 29.070520208458234 -3.3499998965592495
14.739040339013949 32.61080359608214 -3.3500004518096596
14.73904022510694 31.199196346881422 -3.350000065591944
15.960960236762247 30.489413034075756 -3.349999984804737
15.96096024507882 33.32058695824191 -3.349999934088481
8.599044374442121 34.73947978815407 -3.3499999385455648
8.599044529269364 37.580463449501394 -3.349999930992311
9.820955982757534 36.86947105343489 -3.349999934299169
9.820955706078768 35.45052635746085 -3.34999992460157
11.050049072595337 34.739999715513434 -3.3499999787712573
11.050049095842422 37.57994574338323 -3.349999936632555
12.279999999094887 36.8700226397768 -3.3499999155181994
12.279999962837563 35.449975060210754 -3.3500003206251447
13.509951044294416 34.739999802936076 -3.3500004290117236
13.509950902280622 37.57994572236184 -3.3499999417271575
14.73904402239498 36.86947104942276 -3.349999928843964
14.739044313751332 35.45052634567541 -3.34999990850232
15.96095563124714 34.739479776488764 -3.3499999088043007
15.960955482651201 37.5804634418974 -3.3499999293365326
12.55088159427724 34.536538378818 -1.000084534960316
17.19004910868789 28.359993819016914 -3.349999917615455
17.190049230569056 26.940008656303508 -3.349999979616596
18.419999987025335 26.230085194708238 -3.349999928636466
18.419999987426543 29.06996907675926 -3.3499998761625505
19.649950869908 28.359993816282344 -3.349999893124578
19.64995075101278 26.94000865639038 -3.349999909713074
20.879044514109506 26.22953655361481 -3.349999923084872
20.87904434749299 29.07052022645251 -3.349999899714117
17.190049624264468 32.611317045814395 -3.3499998876994197
17.190049635876356 31.198682947424203 -3.3499999954062587
18.42000000012794 30.48996683787367 -3.3499999005789896
18.420000008005264 33.32003315532478 -3.3499998854823723
19.6499503747518 32.61131704667125 -3.3499998691915156
19.64995037013848 31.19868295227183 -3.3499998751859827
20.879039754040317 30.489413040637714 -3.349999890295
20.879039749050175 33.320586971487224 -3.349999895904668
22.100955673729256 28.359473644662007 -3.3499999288516644
22.100955972042915 26.940528937735596 -3.349999932961414
23.33004908955772 26.23005427937977 -3.3499999922919512
23.33004908593529 29.070000284322997 -3.3499999356460974
22.100959764594403 32.61080366845774 -3.3499999495750687
22.100959759077348 31.199196329505973 -3.3499999087965815
23.330050034056395 30.48993513237041 -3.3499999154195645
23.33005004012096 33.32006487566498 -3.349999915600621
17.19004922014558 36.8699913512416 -3.3500000313545844
17.190049117270995 35.450006178082546 -3.3499999361762054
18.42000001484892 34.74003092699205 -3.3499998936861672
18.420000019063075 37.579914827107494 -3.350000022834445
19.649950766925183 36.86999131813169 -3.3500000551403364
19.649950893262186 35.450006193455756 -3.3499998773495987
20.879044349204 34.73947979433879 -3.349999870677279
20.879044546141184 37.58046344725339 -3.3500000547332096
22.100955963415682 36.86947106060732 -3.349999908316489
22.100955664434768 35.45052636784914 -3.349999895270792
23.330049084182654 34.73999972360143 -3.349999920321145
23.330049080927914 37.579945757102834 -3.3499999050658937
24.55999998591762 31.198651888868714 -3.3499999350969265
24.559999992410827 32.611348123696594 -3.349999926927689
24.559999999404837 28.360025048329202 -3.3499999458088414
6.277230023839788 25.585094840210623 2.601316255033488
6.164713452328614 30.683536557898968 5.994101725256852
4.8466166784046365 34.34994437649605 2.39234556061521
1.2054799964619716 30.38415770642507 3.874509766055488
1.0748659068096738 27.95905784866978 0.37358431642246503
3.3403947981137776 31.83335765693132 2.9131561064975866
4.971425968321121 34.030225334453 0.28973793232124345
3.5293769476099626 27.997445620212552 0.4426010406099412
3.3387997820073174 28.88064515283975 3.5811496578797164
4.291619128542887 33.722536961069075 1.3917617535130677
3.8026228513561056 31.218645452746962 0.6396575679671423
4.245981443371491 31.902505735670466 1.81012478855886
3.959205143785786 28.627020738381038 4.897180668695914
2.6902598062968512 26.259679257968187 2.1625069902802574
4.069363671035024 33.02418807635942 6.058088385967451
3.1630869326113826 34.40198135501475 1.2310366663374661
3.804693322967689 29.8983853038292 5.7440601282306485
5.663558463327199 31.48385465095109 2.353967857060686
5.64892380410835 29.078813535847058 1.473005265147208
5.308314945367165 28.10263994386498 4.771830692770922
6.4375473528776 30.21956192309392 1.9246057087681767
3.9061820821247286 36.677660559729624 0.2587519424986551
0.8123840752256188 36.931438170515605 1.0887773966651548
3.3087537342623525 37.08458781158246 5.479037979972864
2.472973967242134 37.21221128748792 2.8242862437647167
4.254547180752298 36.227034617180436 5.156783035938282
2.3664031964523327 36.185753068874405 5.903617495988347
7.447763100164543 29.87333891101697 2.9349414400585836
7.489783922704259 27.179790589492203 3.9902757428093096
6.470272275658723 31.091549058684816 -0.597476433619909
7.364293116208046 30.611737628472987 0.27702883209717255
0.0598211849351976 28.943944244250815 2.3503368898678136
3.415661741183648 26.08964880773039 5.293676473786807
1.7925818413302546 27.545908924778516 5.646545865365229
6.930566870195711 36.12303769858686 4.066102305071604
3.0913170036843063 27.294669707768698 5.792990648754271
5.185034365268943 25.87998347231335 0.43213385719973796
6.886859498113944 33.08264832554456 4.108016607442314
2.789043280319052 38.19036251938015 4.025492701152377
0.0838940118587585 34.30934617886623 3.3178870442777884
7.930094037704911 33.61839377147499 2.3184642944478573
7.980870567605092 33.66854968242551 3.6284593466763493
1.870692763017754 37.844055790854824 1.5523755783296078
3.214426130176299 37.79269287190734 0.37438901097800015
7.871341563452234 29.45055999173901 -0.1600547413480169
2.7779597142577015 38.01993570718104 -0.8061346407653736
14.047840837819873 35.506122657952425 6.209791668907464
14.629670266940368 29.989481592015206 -0.8068234186239398
10.706787420117221 37.94838568023227 2.918943951661863
15.205418174332364 25.87179849456785 1.6490303921864902
8.898958559814433 25.918324783702264 6.14734917203919
8.458397141727989 30.704769246963007 5.2298467820558034
8.607082089316247 35.301332898937964 5.62398956255748
8.193541211830437 35.42891699420576 4.24955501619603
8.305074155528903 31.4586065105174 0.3040191878770926
15.301887224762808 26.823061699981224 5.8382475189432
9.251031308897657 35.80020794699815 0.20362775333070737
10.748974215555979 32.65500177732676 -0.2688719782738591
12.776282112782704 29.139606443355877 5.159902478987682
9.432722849668414 35.92095604195746 3.411520281430219
11.662153991961434 27.355373660949482 0.7633920490621671
10.06330739290592 27.654552434857766 2.848492570400948
9.098769535116213 32.961766486539496 3.8876470463550272
10.776315215897533 30.45931653153402 4.510407041713666
12.02490636764313 29.24400238623746 2.8290138483935925
11.468297395761148 27.77427376798088 2.5993776957153236
12.039880526906995 29.933408037511715 4.219893271990831
10.813737229183088 27.968369972577218 -0.015708195152790427
12.384955433826889 26.863046563564332 3.234117173749793
12.809333077039637 27.713778930434117 0.2832178014994047
11.636884045803003 26.016426660252737 0.40986544088506327
13.12200766451799 31.469522469683522 4.168244409597311
13.107822787315195 32.107067713421316 5.360261979553666
14.385601497495303 31.112267522667345 3.9483084313895125
11.74931054572834 32.51609343420625 -0.28034798843111
12.386126513606827 31.453977690319427 0.03374591662963278
11.953225403103227 30.490728037505306 0.25990235609267165
13.681616643821856 31.640525791142796 -0.02409643157167851
12.783530632366089 32.26592363979795 3.224185279301792
11.210499296288464 35.455707470597545 0.9808637228669037
12.721594134811053 33.52671078384203 -0.657293844970509
13.899017710142918 32.952711806876614 -0.4377997028750802
10.196855933226821 36.40568447333441 0.9070978424819387
14.901594469196096 33.323275477544506 -0.5924684096600397
14.53581303915447 36.102853407659275 2.6503733999471923
15.080027936564372 34.262186396256666 3.577797849285563
15.482306266829818 35.199370466578834 2.736366099790961
9.63864943804663 37.113750944306354 2.4885572343324047
14.729445131420592 30.60814495528131 0.08502893476001971
14.470827784436235 29.99372541697256 0.9474126658019366
16.10401007999374 26.733911464690255 2.351532513950368
15.643599209185382 34.80541628931963 1.4598635566956186
16.29742298084615 30.98071498919307 0.3774985978412426
15.631880998661721 28.12759255926671 2.412376324125063
8.975498809844426 28.24807267393298 5.941043910666424
10.692730501035646 37.410470859981096 0.1151036432134167
8.353080508010933 37.71905539075406 2.303326362144923
18.040425846528 36.712665986124875 -0.3346634797791892
17.398047694750133 28.028940118709002 5.084255012989821
17.52509443772015 26.946146766757977 1.1904040899035118
23.11062331850215 31.46326436289485 2.3167798682830254
20.76464789539187 30.83756979513996 2.9940095129991198
16.452984441713145 31.929555370400102 0.890921000382553
17.043833356405354 35.94587122317877 3.4230447898551986
16.555609484778866 26.856747668250787 5.124253631191564
16.53446917958099 26.101726658983125 3.729140876384238
18.312251220159908 25.894264793481614 1.1738631790333365
16.81698724801204 31.022184954200196 -0.5798065858008516
16.86784470323719 30.17810058407879 0.8449696404129114
18.01494186093329 34.90837837556538 3.2572668536914806
23.904553825222663 36.93773811558726 5.95238407605315
19.71488141498043 32.70977652193537 0.6250036313955509
24.19414776995545 31.815388479224467 3.3468140241027298
21.56601838388236 31.898022305377225 2.4815750770759504
22.111067848057697 27.692187608674168 5.690834418674769
18.94078366259789 37.63811293803883 2.0786163618196287
19.986519135243068 37.211921122465526 3.018243064165377
17.437691913748584 25.5586225965161 6.118082147715916
24.153625622112205 26.592946628780144 2.0267444578466787
24.119398901516007 37.83795434702747 4.808723976737138
20.805485488253076 30.895441835853696 0.06205595241170814
24.507646336325507 34.42176514743242 2.7913986052692064
18.53509623633351 31.6368199323994 5.940934143192177
16.66531733486475 36.230989668729464 4.790697731802486
20.121457266140823 37.544688382650534 -0.36357578628340326
23.578812185184557 32.383723573585804 4.553002295403999
22.215832157390164 25.868594473830985 6.036276050313817
19.602425878276602 35.623279408528425 0.6004423778409596
22.76402180086832 27.926599561296424 4.423498359968157
19.232513888301778 36.86581252012368 0.36965445143831377
19.19738233989688 29.730100680243808 4.830842527255477
23.20574907845002 35.78187938752303 5.596705458305939
21.340054605484823 33.25140783537943 2.962303421488489
20.899056912413087 32.09970914286321 0.6223985832849099
20.163541577609745 35.099595851973405 3.987387708157982
21.726631234659312 32.793955370262836 -0.1144822394232381
18.30481480285244 27.96357640867909 1.5574777996453415
20.731555888653833 28.008562056609605 5.663842637669688
17.48336836702743 37.069822298233994 2.492310714128385
17.165307172543525 27.342851613873297 -0.09560273794710028
1.0834972250674006 30.325671044449066 10.113376962796783
1.190831084925812 31.846514617831442 11.108030374476506
1.7976513396298937 32.779149053131285 10.40063619574521
2.4229970359490203 29.863560998034274 9.98209595190659
1.8421067233916653 31.717290138260704 12.234122985345476
3.096986145611914 35.25016555511488 12.304323630152275
0.8432017135687366 26.398843331177765 8.479689205090432
3.8184175113221124 29.21548184942129 12.866141118415825
4.635659647367855 34.68944428403325 10.278048873246883
4.042189239626344 27.273290918234125 10.65676282809574
4.648111636899677 29.45664511860898 10.39994718527781
5.08145978596934 29.907326025113328 8.010343889271528
2.4755533928778175 36.51083798850913 12.607758292981273
2.624855260647854 35.83879830988663 9.553154240673171
2.976804607695924 26.9533552792948 12.82385623838216
5.801290198554803 31.463914089813674 10.504140351258108
1.4445408225480192 36.51753107541906 10.13162359719476
6.717195548477329 27.02829987771701 7.970544997706289
6.791879854474891 33.618079588875936 10.371194456401124
1.7585510379809342 37.27976701373731 11.423291033336595
7.466771310508273 32.03883039956046 13.154685247251724
7.012532645060919 32.22153224197424 10.363712644136022
0.5402679109591687 30.835009690538477 8.74220404049153
5.1603328248225395 32.93354765421214 7.8835880072844375
3.393482138528214 37.55077288373382 13.115508518853236
5.959593073200157 36.72282840146557 9.183253447278279
1.8567138589384362 26.255013818887438 10.740401156206591
7.9333345549222845 31.702424845974225 11.931271142625706
5.837777700242481 38.0925220531038 9.64633841886368
7.958887357371706 27.324828697414947 8.352513249794775
3.120801189500733 26.536216205857823 11.370613098504194
3.4982042835619716 27.31400954724985 7.06176143784581
3.1745296767062507 32.01632704147745 7.821708173450123
0.2517005368503262 29.386933495134205 10.848796469803526
3.5641364003924902 37.785052292248835 6.566519491350884
0.9814185489212282 37.83132604052917 8.79768911737912
4.312280384668037 32.26159661495421 7.152270341407472
7.751776897294873 31.674448439159356 9.171030120670883
0.27254818680404275 35.747344423626444 10.135776963385801
0.6284335066601179 37.14526379871279 7.747355210605626
6.525449821935601 37.64729085918796 12.320087379703583
4.9451786621768585 30.513562281235888 6.709573117676322
8.171660696955662 37.633046332820776 11.04500162610555
0.5217965219772613 30.22709584898104 6.374623054338221
7.999239127006678 28.570064578113424 8.79288945458709
8.063263890879817 30.330958515069778 11.948565018981832
6.937819071835095 38.22778081457997 11.203482856397217
8.329399756387563 26.455150151626214 9.265626133143947
8.329125878159244 37.93751111670324 7.66674218591637
8.755616707938508 32.185949200937685 6.976850593323537
9.088630112064319 32.19661283357656 11.798838605457714
13.475897228789965 38.06596382762117 7.512301125312155
12.411936986568225 25.59633495762879 8.792441406896067
8.887005875768418 32.36366962894716 8.424734612386654
9.253062369973573 33.6373683251953 8.914525128264366
10.359724387386693 31.3127107446611 8.767879127704015
11.410348764169289 31.78486561335736 8.089298946504904
10.231386419209366 30.08386182601448 8.322288216602626
10.745999227453856 31.209443035180215 9.989916022348522
11.666919152782976 34.99349561967273 6.744520366919598
10.541723509814362 27.229679238677193 7.476726120358109
14.308444383039618 34.97647552426068 9.393842562571798
9.844721977148005 36.11298578816248 7.538833926968803
12.95405874410975 35.46927793769651 7.161038697014813
12.528346021856722 33.91023765374526 9.351989087372633
13.504816915805435 34.35241992041313 8.586645112754658
12.872967441479831 28.139673351553377 10.289962402950593
14.191512531796924 33.30184591772218 8.094392006614381
16.28242338947093 30.24766413108292 7.929636716811782
12.671369496488674 36.74267852070461 7.853472348035471
9.220306714047377 27.208036195402016 6.904407916739302
13.935777187578642 27.530727191526168 9.826435762523836
14.89538935717004 27.886881971754875 10.665237338122445
14.27129468950064 28.01649046121407 8.682964503335878
13.508312660141698 25.721124157223837 9.69276122438495
14.885249728432468 37.88102473232903 7.733150460021424
12.827391405432836 27.19982364652609 6.675668461964354
16.34618492249714 35.656535990477884 7.215606197073128
17.13923298669884 31.233910415729014 9.586119742122285
23.473971177637406 30.728268341135824 6.878728839809202
17.5215311389555 25.867510035242777 7.424006024032152
17.391228390407615 30.832281577528008 8.312968960542216
22.503515832691466 37.36195800891859 8.27167624256161
18.253661598823452 29.835602019832873 8.506563943644586
22.862288414125896 37.94951711894205 7.153855644041806
18.165701302699397 26.776404997367184 11.907250529334911
19.858225049455438 36.3953250280089 9.302212315646521
19.47516663613813 35.11532401772887 9.429137745195296
19.778775610943683 34.27803377115623 7.750781843105643
18.183285603406997 35.02719802288445 9.711410611445114
20.357817586492438 34.70289660304042 10.415380007459207
19.297648463596797 26.375980298871273 11.931974809053173
19.980604683597193 27.143999557497125 11.095849230950716
19.71568067021731 26.744378478740106 13.171314277870415
19.09287083661522 35.035841434890955 6.737078674385561
17.031237174453 33.29789624818483 6.987476142333718
19.313133162414587 32.813422667671624 7.808604088426513
18.01131110778453 32.26593132936121 7.114394321494476
21.214426736965372 34.28288797327049 7.591350498774934
23.649977310775817 33.179665053058315 7.065911008869525
22.789236733077026 28.427742344950794 6.888975912463811
23.98186802370087 29.39265051865196 6.87974019244927
23.76426824305367 29.792628671451194 9.507308017193639
4.076173192995258 27.976656719014684 15.108067972444331
3.047068326441589 28.314699733817573 13.573241935457013
5.209990413394474 27.300967103376074 14.713105206340222
3.526179469589147 27.13142440350232 15.952690735456457
1.7875575352240367 28.7864959408338 14.018350583217666
1.7314627099408066 35.56742426578031 15.022797614353246
4.406630603170932 29.052700588586124 15.848085595369914
0.10710684796832069 35.705016321704655 13.630128845852301
1.2421917912854235 36.310329838950615 14.042377226343541
0.8783297655401794 37.43715865428685 14.552349925552244
1.229945911289664 38.999455692680975 -3.349999978090197
1.2299507796079676 41.83000864991099 -3.3499998976659895
2.4590445076657406 41.11953653193421 -3.350000044966551
2.459005314460078 39.701081871537205 -3.35000001306488
3.6809947942816295 38.9989183677459 -3.350000324004837
3.680956003028277 41.830528937322434 -3.3500000898789652
4.910049080805542 41.120054264100226 -3.3499998823064034
4.910054046787021 39.700544362805715 -3.3499998864009592
6.1399999862543035 38.999489841063266 -3.349999918387355
6.139999993101243 41.82997736902557 -3.349999884925067
7.3699509052396275 41.1200542785517 -3.3499999399468305
7.369945938863753 39.70054435505539 -3.3499999583890725
1.2299509072540316 43.24999379828666 -3.3499998928470767
1.2299503854124016 46.088682933727554 -3.349999947861612
2.4590397788287888 45.37941302412552 -3.3499998970962652
2.459044331553622 43.96052021238235 -3.3500000247141237
3.680955713364295 43.249473609954585 -3.350000174425529
3.680959802634585 46.089196326380026 -3.349999871492174
4.910050065473951 45.37993513617277 -3.3499999169232586
4.910049111437359 43.96000028311881 -3.349999973959479
6.139999998650512 43.2500250649057 -3.349999884062119
6.140000019437839 46.08865186765013 -3.350000076136108
1.2299503867278168 47.50131700359741 -3.349999917365132
1.2299508119534261 50.33974808087323 -3.3499999340984465
2.4590434931724645 49.62946797877798 -3.349999937335
2.4590397903002543 48.21058577756657 -3.349999946377471
3.680959838366583 47.50080362674732 -3.3500000214107573
3.6809565213661988 50.34026689782964 -3.350000292604114
4.9100493233558655 49.62998827799626 -3.3500000375631176
4.910050068891566 48.210063739212345 -3.3499999518371872
6.140000004327621 47.50134809081902 -3.3500003333850548
6.139999981294627 50.339716896465745 -3.3499999932386793
7.369949896522306 45.37993513340679 -3.349999974981287
7.369950901340848 43.96000029055799 -3.349999877401313
7.369950704630739 49.629988416685414 -3.3500007677367516
7.369949969061583 48.21006358889374 -3.3500006284613635
2.207145851813424e-08 41.12008518983936 -3.349999899617162
1.5692254967599413e-08 39.70051017188305 -3.3499998966252886
1.2492851048617064e-08 48.210032003408465 -3.349999939824415
1.2787567161480016e-08 49.63001959066932 -3.34999995309052
9.657312131879159e-08 43.95996905235626 -3.35000027014602
2.4507824444213813e-08 45.37996685704979 -3.350000057419913
8.599005331015215 38.99891822416172 -3.34999992691863
8.599044025357724 41.83052895287326 -3.3499999223816723
9.82095547590597 41.119536565613814 -3.3499998932153985
9.820994675711525 39.70108179923578 -3.349999904855432
11.050054058306852 38.99945566013002 -3.3499999137316436
11.050049228028715 41.83000865521159 -3.349999894580181
12.28000000178605 41.120085199382125 -3.349999922396356
12.279999968743311 39.70051018175603 -3.3499999861291108
13.50994580866568 38.9994555361445 -3.3500005973051317
13.509950765620783 41.83000865043327 -3.3499999082447496
14.739044528837484 41.11953661857641 -3.350000005364656
14.739005505421117 39.701081829003414 -3.3500009352448776
15.960994706515846 38.99891820052127 -3.3499999652267642
15.960955965938648 41.83052894944237 -3.34999991061258
8.599044314942113 43.24947365131747 -3.349999893075978
8.599040174799692 46.08919643047411 -3.3500007804251295
9.82096030817631 45.37941302130246 -3.350000188189506
9.820955638547899 43.96052021790753 -3.3499998846101575
11.05004908796627 43.24999381618773 -3.349999916801334
11.0500496312313 46.088682963229296 -3.349999902737415
12.279999980733384 45.37996687322154 -3.349999911316157
12.279999970735961 43.959969098315845 -3.350000198983729
13.509950908832778 43.249993794449225 -3.349999985346339
13.509950351918164 46.08868294716281 -3.349999895673974
8.599040197254322 47.50080365609322 -3.3499999428612837
8.599043517067376 50.34026693102027 -3.3499999857744536
9.820956509072294 49.62946797484586 -3.349999880157849
9.820960204061825 48.21058578827957 -3.3500000097202554
11.050049635418802 47.501316999132094 -3.3499999170085113
11.050049202102391 50.33974808012594 -3.349999877796077
12.279999966686315 49.63001959762764 -3.349999934453387
12.279999963645446 48.210031993540845 -3.3499999016642135
13.50995034045268 47.5013169659487 -3.3499999639323432
13.50995076121577 50.33974815541449 -3.3500000460713664
14.739039753426166 45.37941303287994 -3.3499999078584217
14.739044359890642 43.96052021217876 -3.3499999069881135
15.960955676809327 43.24947363432882 -3.3499999206707063
15.960959732700475 46.08919636564188 -3.3500000313140808
14.739043569779883 49.62946806984193 -3.350000272946041
14.739039835638867 48.21058570064361 -3.3500001716211103
15.960959791430076 47.500803634042704 -3.3499998868588756
15.960956502654927 50.34026692324507 -3.3499999003176626
17.190049087855442 41.12005426317273 -3.3499999289870273
17.19005405971133 39.7005443428392 -3.349999927491808
18.420000015922124 38.99948981843594 -3.3499999124053073
18.420000015687414 41.82997736031956 -3.3499999178208775
19.64995092478711 41.12005426636567 -3.349999939077372
19.649945959547026 39.70054433996031 -3.3499999204993136
20.87900533871411 38.99891822091733 -3.3499999119134563
20.879044004669538 41.83052893528153 -3.350000085123732
22.10095548243199 41.119536560707154 -3.350000167202775
22.10099465494575 39.70108177428829 -3.350000009190902
23.330054055621744 38.99945566058647 -3.3499999223173313
23.330049240186533 41.830008649555616 -3.3499999962935725
17.190049983334465 45.37993511195225 -3.3500008328916464
17.19004907378278 43.96000019629017 -3.3500001979160574
18.419999974653273 43.250024956099864 -3.3500001829319848
18.420000113885415 46.088651674395635 -3.3500020872340097
19.64995010443712 45.37993517952584 -3.3500004176132183
19.649951066441336 43.960000158363215 -3.3500005287749426
20.879044315089864 43.24947363589683 -3.349999993562233
20.879040217666198 46.08919632170074 -3.349999918221096
17.190049280663718 49.629988294336634 -3.3499999497193214
17.190050030987432 48.21006377403785 -3.3499999329601113
18.42000004807331 47.50134839167608 -3.350000919533013
18.41999998942288 50.33971686279871 -3.3500001444798433
19.64995064841265 49.629988321375215 -3.350000231167715
19.64994991778684 48.21006372119621 -3.3500001262254897
20.87904020022736 47.50080362811474 -3.349999947343394
20.879043316112302 50.34026682861699 -3.3500008068371887
22.100960228778593 45.379412997445804 -3.3499999155178783
22.100955646945643 43.96052019544478 -3.349999928975571
23.330049099280053 43.24999379375462 -3.3499999706003214
23.330049627790544 46.08868292309539 -3.3499999368343913
22.100956512355417 49.62946789699191 -3.3500006817242034
22.100960211150323 48.21058575968133 -3.3499999707557846
23.330049622086705 47.50131701406886 -3.3499999465432206
23.330049265272944 50.33974811726171 -3.3500001408636058
24.559999989821552 45.37996681319291 -3.3499999360121735
24.559999956820942 43.959969058040464 -3.3500000151910503
24.559999992376014 48.21003202193399 -3.349999955284768
24.559999992955664 49.630019601381086 -3.3499999513122503
24.55999998379748 41.1200851868864 -3.3499999010089345
3.4814675256389624 47.78950044846908 -0.6235592105598653
4.719924567327962 50.958982578946525 4.761653703173926
3.7672939591083354 48.058550717327 1.1527961438761725
2.4595565611765084 48.64742137314772 0.2297742357079524
2.555755183654398 42.762866819932285 4.72568659352052
1.5226957839210353 41.383475088808396 2.704710393759017
2.777190465036044 46.68959940259727 4.223638060785793
3.3039627622174152 47.99516220808353 4.518180084950866
1.536666278498554 39.19303438374762 1.5862321838665516
3.5723098115909107 42.22715534347017 2.068964920707135
3.3742660882151516 43.67184064628097 -0.4066661087154477
4.015826802337062 44.31402528527493 0.584657405886625
3.1337738116845086 45.16739497464383 1.1089497689416772
5.152925657929387 47.91606572464683 4.162501136011592
4.684478692370385 43.12487630542406 1.8940258154615652
5.5044894173305945 48.17171078925094 2.932021240532192
3.540568826466623 48.513890488624526 0.1887622196698302
5.813264085400486 48.72852027183939 4.968821073679257
5.013031891570247 44.993030329146194 0.03438961301778454
2.7068404990977677 49.10587187477647 3.551583652912975
5.671268858476743 46.682312251159516 4.419335405495575
4.963315089701159 43.98030486878031 2.992987105932423
6.015573969295337 48.0110607158497 -0.48184302088120967
6.481343391913935 48.9672353988581 -0.29425618588562297
5.90617766745876 42.517455348831746 1.220921432610531
1.320224455883913 49.72678460688902 3.94944788641296
6.454308170896474 40.25763665809467 2.3733959448425046
0.37132823075406585 49.76086157397429 2.381426987258294
6.882571254605894 41.60010554434905 2.0505566883420245
7.779241736494404 49.330851383633465 -0.26735127135885883
4.144714984262159 49.91722940300231 0.1193476870331256
7.146417618960099 43.9710077129837 5.416277990828923
5.638084516978852 49.92411506037729 0.09200104456350222
3.950674732527206 38.97346949378442 3.6621057372838006
0.8999728567601077 50.59838344789216 1.5806221361153772
0.45299352314246105 48.85294091715816 4.7240165630253355
0.5776464417012359 46.49952456154678 5.17002652889568
3.2356973160861076 48.344720984100114 5.924476014214556
7.510829722953877 42.365437276440325 3.0907264828273204
0.3543507003973666 48.61519564868552 1.657523722615395
6.287618594578526 38.33573275938494 3.670818355749126
0.6561874914192726 45.72711093380395 -0.09029195721856453
0.5837884196337844 43.62301251636928 1.946828988145346
3.8258169018716006 50.45871270680248 1.0099653634570382
7.775985148586438 50.62274154816516 0.18509379614033317
4.1142663834920095 38.771801640750695 0.5269985167591085
1.5542916164542335 38.851831817444854 4.423761927599107
3.6821285308438974 50.3947493512427 -0.7444164437206169
5.5647838964525995 42.1966155539319 5.686115640423164
6.5368744077323475 51.021721150172496 0.3227001434454324
7.926266634775525 40.409427485374266 -0.1563322291249214
4.259944475488935 40.57177915041581 6.19512076633864
3.0377408453356676 43.033376724248 6.0678193254774895
6.8842798597242165 39.179660884703104 6.249025675398894
8.465830845380928 45.52294344289968 1.35688260034998
9.128592798520916 45.18029431219584 5.840715061745122
8.78624991415762 47.63207452429055 5.752136337879587
13.208827567618615 39.64276686375028 3.9947537428245807
11.676150421620243 46.686101562717916 5.206427780519895
8.54845982367476 48.68094827097914 -0.3450009906015383
9.042173780014965 46.95997751209675 2.7681564643481025
12.49231596171318 43.860028916606645 -0.6088834407803589
15.507976694626059 48.26257496088103 0.5050480042726735
9.307519697607113 49.798205014095785 2.428230482372874
14.248707505943294 49.57423242718182 1.5657840811413415
9.352654070884135 40.63272142292048 1.243139366940842
8.241671124430791 41.300920375618084 0.7376679435473377
10.084385484437473 45.18821677661963 2.543130803517355
9.531510942737992 46.10797845404177 1.8797416250919996
9.890267556268409 47.59254652533065 -0.22524176733637935
10.666441445116336 46.692448986525974 0.5801763543835203
8.693600290777162 42.32600150805924 0.02327977503133183
10.025339075681014 42.63003598314935 4.0283268516748265
11.779035713964275 42.21420801880946 5.256567161305917
10.85078131858092 45.33905410448966 -0.02297511357366444
11.229504248857092 42.05173075249456 4.009281095639476
11.458436942521667 42.75029523715229 1.5974848397820307
11.867876761635877 47.313471862180776 1.332303436869926
11.032402196843924 40.769244624432616 3.915943244995961
12.353100016929067 42.71732718838781 2.7092107640199137
13.392552095086668 47.03890880841841 1.1231333676014577
12.241635454721793 40.298755147082176 0.0039963429630762715
13.682495706741863 45.97052304618364 0.2115721592636166
13.923738703263728 46.802086040132394 2.428523011213468
13.479205964525926 41.57776316849282 2.594720995186109
14.209491398403351 42.49103213330432 0.28963225352508837
13.474502647098975 39.96659487174049 0.38024547768125694
12.823687269886424 43.951582052762696 3.265823731545084
14.257466749775977 48.598746651465355 0.6208193817196883
14.260909891187913 41.40573673795937 1.2249558353512224
14.16740072935868 45.75487132602036 4.882308253740525
13.954855145052331 49.03193602794259 -0.6117739598729333
13.220663780631119 38.871622437289005 1.1743428331019856
15.843099955911633 39.53781964130657 4.7837550782201435
14.147972022975091 39.59357692373535 -0.684783363656315
15.641301778205943 41.04361170574475 1.4698997573509565
16.36999212361442 46.795339612384666 4.4649023299409984
9.637667142282076 50.93583625092449 5.502946509864056
16.052486947688067 43.77229866764158 5.392407528682712
11.177467469376145 50.060515461674235 3.3502225628094684
10.131495435555186 50.77449478237868 2.8860412981273464
16.110447377873445 50.952490391602154 -0.03698618683959487
13.091141618018952 38.74202221704733 6.249671186943605
16.371090573335568 41.446679800391344 6.200353485313435
21.86954625552551 43.935499498242876 4.085807754756265
21.066717461753417 50.83025535461954 5.218935068403255
17.86958180695074 49.22588592743949 4.89362841530564
21.775355738026498 50.259360334032735 -0.314711343150349
22.82306756310149 40.444594300672364 -0.4001433138514765
17.917417832618092 48.739839253822495 3.730730586958094
17.388125824130388 46.47403623506585 2.3508648998137027
20.43440590742815 49.26458125774554 0.9108782011500449
20.197561874608308 48.846409121006026 -0.7837102893755854
18.868142266068638 44.50952252052916 -0.6995878386012366
18.08539020807977 39.40849524242208 6.210892468567572
18.27022181038343 45.34918804788202 1.6350725074902428
18.73956569603229 39.03218277410116 1.7802731841394392
18.261566397210096 46.60223263540545 -0.7851173436246894
22.569273420616415 49.66316258991919 -0.7645368242944817
19.20783589795304 50.56530793113633 -0.14082050343503183
21.854284177618226 50.22413129961113 3.3069475637873733
20.42778188599736 49.665683760388625 -0.10261718857152324
20.73882496292162 40.6668152699382 -0.23905106467091652
18.001904193364858 50.13349043347057 -0.036170197657764414
17.71245133295076 41.102656812388034 4.1757937184617075
17.00614384123483 49.33265649313218 2.969809699047988
22.141306644707413 50.827832097059314 0.5402856096057329
22.23315995246616 50.39606785129631 4.575312873473046
22.755568642136456 42.67948751929247 2.149582475687286
24.18739446503179 44.68347401407983 3.371140607593024
23.67350916093287 42.33228985035468 4.498031352185707
19.122374659039135 49.00393154973924 3.2051732537686894
17.9324806811961 44.03100477381845 2.0866892717236762
17.61228069837785 46.926200346380476 3.768967716129712
21.80551560052623 42.41149746581606 -0.44097647016865693
21.886477611934883 41.210431764208785 0.07254666112703867
18.28662768430393 41.46826549473169 1.6612543847582206
23.75008690559796 45.63115818263309 2.4473091735745056
19.680800671034334 45.48538817528245 1.688869880420728
22.478611938232387 49.125819735717066 5.015175205662365
18.821475399436977 38.619359629464675 5.510853067920706
18.023110483287887 45.40159229214608 -0.21345315816444832
20.619714661925567 41.73896478853141 2.440659844813772
18.72261876744857 46.269100347480766 4.4194606117206705
16.815595899817694 45.06992951334194 -0.5335775074931937
19.635297641824803 44.01469213463685 4.686403665588347
22.451437189225913 40.16558441492338 2.392443178613112
23.038793522775087 43.266501428561945 3.5779017427905746
16.90188115378438 40.40767476426351 5.163841704339113
17.911422677069297 49.06996705707367 0.12854508194738434
21.865165267654486 41.41816254900553 1.9259020622831202
1.0049055358265926 46.863082492902734 7.725256491365094
2.5237000701236125 44.44793307611745 10.738926361825586
1.1129255144401289 44.211574272746844 10.556844542206466
3.006880673821507 41.95197014926828 9.915631701105092
3.2422979456177696 44.950222112493826 9.591017113133734
3.7376940951365616 46.369016321095465 7.846641715319272
3.3205373834203664 42.83572388494394 10.872210885943884
1.8508397804415468 42.77836216386387 7.022130231505939
4.6017825885167944 42.91293458708812 10.90187586048753
3.0036147015715895 39.68702642713251 11.488203295578163
2.7636291874602716 45.213691234924745 12.077674555796442
3.0551463769083727 42.306516909273334 12.08114322318732
3.569252003454408 48.91443167313866 8.87085750453121
4.569313207230382 38.48790392490503 10.115623435660458
6.361410449568846 47.111930569314616 7.446328083838035
5.625819592329905 46.35499487070318 10.155255470129319
4.823339634906748 41.777890545154 7.597359293979583
7.181918642920361 46.15454737401751 8.100825939477108
6.429659840352516 39.21134848010951 8.743987878124667
5.491990275241921 49.927838735641686 7.662246377831675
0.20262297132307386 40.270116695534064 11.714308683535652
6.8299017624123755 44.772347606823004 7.751580421107139
4.518930491728538 50.01417352928373 8.760313276444968
6.887429605217424 46.35807124919688 9.950955504028979
7.106351452036506 39.50176648449028 11.49690646072877
7.401040631435324 39.07313486673233 7.572601691934522
1.859629315577103 38.725947986834875 8.448670923818943
7.364300888425375 47.40520186116757 10.551042876972884
3.8096465799971377 49.36884779080756 12.090756349776159
4.487136085107281 41.86472552654109 6.3643027985883025
7.134683130649387 50.828316008556676 12.072826581219179
7.549341222994956 50.60984980834751 9.528938332148632
2.0974057729254736 47.51208388998268 11.857443924688733
3.5824473184159378 44.3519488440733 6.426832888035846
7.885516424743593 49.95838824505418 6.885796480504794
7.894852544826766 41.57704480668964 7.376815020167782
1.9285567706130893 46.40749889294741 12.699977901921432
0.583578520053903 45.929365358238165 12.95081543435831
7.183385821449639 49.60511714197871 12.512948141732599
0.1912461313316848 49.809328729679265 8.072130159225818
0.3592828050870117 42.66733375343583 6.482017023410852
7.308267446666712 45.30852860813313 10.611194150041436
5.2331492831677355 50.147115499673006 10.116788575376539
0.20230722075814211 48.99736135415567 10.070475838415863
8.73755244154968 46.413940526150675 7.867896580410529
8.96009738941657 40.88183495470318 8.895750724031174
13.183060602119074 38.772639450305476 10.133666622260119
11.625107062758786 39.39090240882313 8.889128538896676
12.904070085289495 39.17106350681087 8.916950746103785
11.3872331578247 48.083400886075566 6.838971142124663
13.419031329812684 40.36300812002028 8.774009798720261
14.980026476337615 43.883891765218706 8.10384982010609
8.573236521267564 40.481425530272794 7.720818902403634
16.261167233257943 43.63038726410601 7.9600677078524935
11.815222281315153 46.05169928946675 7.278522478998092
9.581597733334013 40.27415926054716 6.937072566205548
11.160638505105936 46.83705512505879 6.463255569805457
9.340152180243757 46.50367038387321 6.418960397330208
16.918529152832576 44.77818689889563 8.201037026258447
21.74198100817559 38.416299449746035 6.575820293094116
18.90713104147685 40.18750724450323 6.887274763611378
16.77724559918354 42.94436566501897 6.318469127968374
16.65009944595404 42.838071872496506 8.9614627117025
17.541992879344424 38.65523010109608 7.147293086687402
18.194695126027366 43.139613433792555 6.353664047282301
23.429398737761062 39.00415479795267 7.604312404436468
2.639927186462482 46.020762038443145 15.099968239970924
1.70861658762868 47.84031497754774 14.828662124316656
3.7482698955034324 47.653022654847824 14.241473321860697
0.3270374423889848 41.182358377989246 14.379926678671909
2.56954131373986 47.03800790778496 14.281518399552512
25.7759751950845 6.78784121723435 -68.88360328756727
28.224649488758875 6.669768780298941 -69.9639828262037
27.94906486198466 6.514986908351224 -69.00471451878865
26.708983002168452 6.470701255329498 -68.44165456115876
25.156933182155978 6.834812398477073 -65.6346211628851
26.286700364602066 4.890830132963057 -65.57210155399125
26.824430871845284 5.926300505772068 -67.2770624351494
25.75727871982235 5.553301745028418 -66.2568964775171
24.920051530961093 4.9968913733392135 -66.67827295247439
24.69872138753364 7.561695324013072 -66.30527991694044
28.183992972094508 5.894369835650916 -66.92758465217403
29.95154698563468 6.209765957961051 -68.17003238228322
28.878329297452982 6.1914686762455995 -68.05057944608448
28.47646841882909 5.571380738475985 -65.93938621243402
25.970816022390267 7.3029450168560865 -65.08095467931591
25.789950657657528 0.7102494507087069 -3.3499999874971587
25.789945952054964 3.540544394838605 -3.349999920355854
27.019005351649323 2.838919440264069 -3.3499999300043815
27.01904365113332 1.4204752485114742 -3.350000101569429
25.789950923265792 4.960054270394087 -3.349999915623496
25.789950924466165 7.800000266655944 -3.3500000947887365
27.019044328158692 7.089473617253354 -3.349999895401927
27.019044060141987 5.670528948898743 -3.3499998786456056
28.24095679022125 0.7097305030681472 -3.3499999289374083
28.240994703126535 3.541081856779867 -3.3499998681654986
29.47005405782896 2.8394568383436534 -3.3499998740092582
29.47004927442376 1.4199571834614928 -3.349999901872618
30.699999995476855 0.7102807153094519 -3.34999991755185
30.69999997387281 3.5405102018721344 -3.350000006338166
31.929945934711668 2.839456821133893 -3.349999922733385
31.929950723445803 1.419957177933988 -3.3499999123616897
28.24095550876021 4.959536572511632 -3.3499998577398804
28.240955490673095 7.800520090946496 -3.3500006055416165
29.470049143385108 7.089993717531785 -3.350000198712626
29.470049189552572 5.670008637933456 -3.350000017739144
30.699999956652604 4.960085176116511 -3.3500004271791917
30.700000002453894 7.7999690723304145 -3.349999961986266
31.92995090731533 7.089993823213349 -3.3500000035126276
31.92995082123127 5.670008642044381 -3.3500001240682153
25.789949937615567 9.219935127648284 -3.3499999512782774
25.789949930984694 12.050064875769698 -3.3499999046273987
27.019040217896762 11.34080368338647 -3.3499999164804226
27.019040221783825 9.929196317145788 -3.349999914571471
28.240960195240763 9.219413085601154 -3.3500001262208845
28.240960169218265 12.05058693794304 -3.350000143223113
29.47004964789235 11.341316992072835 -3.350000091306277
29.470049642670258 9.928682942721828 -3.349999925314018
30.700000000018246 9.219966819976523 -3.3499998982089507
30.700000026609917 12.050033139276502 -3.349999998580302
31.929950362630677 11.34131704261073 -3.350000015850576
31.929950366522938 9.928682934912999 -3.3499999062863486
24.56000000554449 2.8394909771168595 -3.3499999432645033
28.875651804668248 8.176417989442573 -0.9758115254886723
33.15904321870248 0.7097305102862486 -3.3499999493991273
33.159005313762975 3.541081847847809 -3.3499999058813543
34.38099465942463 2.838919439372558 -3.3499999509398135
34.38095635444093 1.4204752366705518 -3.350000014239339
33.1590445124013 4.959536569986566 -3.3499998929622823
33.1590443657799 7.800520194606008 -3.3499998781029836
34.38095567390558 7.089473677611894 -3.350000026113106
34.380955934653244 5.670528916068002 -3.350000163548601
35.61004933678404 0.710249444961808 -3.3499999626830865
35.61005405765071 3.540544414864506 -3.3499999130092872
36.84000000068262 2.8394909894174356 -3.349999919463935
36.84000000099622 1.4199261453477316 -3.349999932950165
38.06995066027873 0.7102494753807863 -3.3500000166550525
38.06994593735471 3.5405444143604026 -3.3499999105133416
39.2990052480406 2.8389194412407077 -3.3500002727684763
39.2990436212802 1.4204752228920419 -3.3499999956390667
40.52095678035598 0.7097305044970642 -3.349999925827291
40.520994709851124 3.54108193852082 -3.350000281892105
35.61004910386058 4.960054248375675 -3.350000001955691
35.610049110379634 7.8000002817429825 -3.349999907161809
36.84000001813939 7.090025073390673 -3.349999935350251
36.84000002033345 5.669977371622245 -3.349999978887822
38.06995091206271 4.960054284313223 -3.3499998790375574
38.06995090009515 7.800000239762776 -3.3499998657260233
39.29904430342543 7.089473626724816 -3.349999887882741
39.299044029076484 5.670528956946993 -3.3499998576495504
40.52095548185121 4.95953658253706 -3.349999868226555
40.52095564950915 7.800520187201979 -3.350000003880629
33.159039769144414 9.21941301498395 -3.349999891445999
33.15903975553177 12.050586960335552 -3.35000003559545
34.38095978230098 11.340803641074187 -3.3500000539986985
34.38095978206226 9.929196313848875 -3.3499999030521543
35.6100500249171 9.21993508095212 -3.34999994252097
35.61005007415186 12.050064863232727 -3.3499999603373762
36.84000000122578 11.34134815275174 -3.3499999409555214
36.83999989923256 9.92865194806652 -3.350000813559543
38.069950034525135 9.219935037203234 -3.3500004538725268
38.06994994010423 12.050064868618746 -3.3499999440256643
39.29904023006828 11.34080365969858 -3.3500000820141427
39.29904026082343 9.929196326899067 -3.3499999783850054
40.52096024078475 9.219413028463215 -3.3499999242889444
40.52096024679879 12.050586952535573 -3.3499999402864455
41.75005404627687 2.8394567945722575 -3.350000256795643
41.750049274989394 1.4199571640387856 -3.3499999343132494
41.75004906389131 7.089993810775354 -3.349999949781246
41.75004920346096 5.67000864535295 -3.3499998904267203
42.979999989943494 0.7102807174475881 -3.3499999189664975
42.98000002938403 3.540510244290873 -3.3500000959393397
44.2099459397349 2.839456817473513 -3.349999919767898
44.209950713533004 1.4199571763781824 -3.34999992300145
45.43904321794511 0.709730511181136 -3.3499999379093106
45.43900531435157 3.5410818395922288 -3.3499999266556237
46.660994668566595 2.8389194274046803 -3.34999994523153
46.660956367731956 1.4204752495615114 -3.349999937707323
47.89004933126154 0.7102494619214761 -3.3499999515905254
47.89005405291164 3.5405443831445687 -3.349999934215502
42.97999997883614 4.960085187687786 -3.349999929000862
42.97999996429025 7.799969129477419 -3.3500001117265112
44.2099509342641 7.0899938264303275 -3.350000118262675
44.209950779711235 5.670008624839343 -3.349999987531924
45.43904450718135 4.959536555884965 -3.3499999147114767
45.43904435739312 7.800520202171236 -3.3499999212932963
46.66095564743222 7.089473671133665 -3.3500000400229766
46.66095582924837 5.6705289151745335 -3.350000358219567
47.890049117447795 4.9600540976252345 -3.35000050041541
47.89004909596389 7.800000290134347 -3.349999972366512
41.7500496155301 11.341317058606533 -3.349999878483725
41.75004961393394 9.928682940668798 -3.3499998825395325
42.97999997978035 9.219966832378256 -3.349999915360584
42.97999998532714 12.05003314698245 -3.3499999021198645
44.209950359572275 11.341317063473868 -3.3499999167565084
44.209950355772115 9.928682942626907 -3.3499999248253562
45.43903975804418 9.219413020704533 -3.34999993036891
45.4390397562845 12.050586969217322 -3.34999993634137
46.660959773460604 11.340803691726354 -3.350000120348191
46.66095977937505 9.929196313171747 -3.349999977782554
47.890050051693585 9.219935117528886 -3.3499999305804096
47.89005003341291 12.050064862701428 -3.350000118213697
49.11999998745552 9.928651884163587 -3.3499999411968986
49.11999999978065 2.839490986045482 -3.349999941617746
49.11999999507864 11.341348104010695 -3.350000014884408
31.491648272562575 6.993317855932858 -0.4054846616164476
28.911957172493505 6.918385656276848 4.516386133880906
28.156324008083445 7.966247829916802 0.6182365323054417
28.67670294030656 3.0329835006517896 5.582919898496007
29.319172607004134 9.824763720940352 1.162319896877816
30.372355924906188 8.619009900544924 1.6732610283673832
30.76518191985174 9.603380115300375 0.2971373972557234
28.015824816362976 5.5716826096113365 0.9495117930675623
25.79051317116137 7.319445215062146 1.7501740860069237
27.990766886595377 4.462860430095467 5.703296671270089
29.283109686194088 1.8311350082847953 1.5813718978394242
29.18687369608309 5.635299938366082 4.692246119357667
27.996255720663807 0.6180506971880424 3.166209806159732
28.3512755493369 0.8179868303096915 1.838226833567026
26.80230129182713 1.484376197220278 0.9989052603260073
29.282004377072436 5.117497586241579 3.5783749474857283
28.92360522006614 5.416382025467056 0.3854050056414693
29.955151490180842 9.03758222257079 0.7573802112943262
29.605595241042344 6.500132568896034 0.019820495166326113
29.089833316782368 7.907590370030816 0.058576212293681706
29.665390557637405 4.3004251932382385 0.07991645146683712
30.894657509900295 6.098091183124052 -0.31290370321422567
30.452827978091943 5.655915612132638 5.133995018565193
31.683039292763247 1.8704083530372924 5.516253107588385
30.866862782034712 4.729127999796782 -0.4874187540028263
29.564327725851843 3.367225112391221 0.45277555905589684
27.713473328170465 9.383885434217772 5.162415799038508
30.75428257337995 1.2793193127370477 6.150586379972935
30.22717949089914 0.41235805907528705 5.252662674134081
29.754598068306088 12.660226459739619 1.4987477609147903
31.695874920704192 4.059193741371424 -0.6615651389501165
26.84741781632118 4.553348763189125 4.901984292926315
25.36386198490459 9.237812763507225 1.1564959660211094
26.767969412108375 1.3832551057817826 -0.296097232807051
29.97664884754915 9.350608102018358 5.077701745803403
25.475668362231563 7.912216900028107 -0.3109053651052518
24.83377712731839 3.5857732998997416 4.7400952899030315
25.70854255334288 0.8452589534048541 1.351955413299466
26.63692940145416 2.846968519872856 1.135465766511271
32.524462722855404 12.513405866134189 2.957953864885985
32.175252067952165 11.7446675256607 -0.22581261705851619
32.59838340638585 7.591811466491081 3.515543092514042
27.920146208928905 11.77084475915274 0.9490498415332294
28.859562014592615 9.760646432179596 5.7517988442411285
28.714001471963 11.087681305506846 5.558555137105622
24.989392576134517 8.039137278778787 0.9680468361847405
26.40741935697395 12.64161386023979 3.6343690758020197
29.2153902365228 12.520947194473617 -0.5530945368897977
38.256989517315326 12.140087417357739 5.313189885098282
33.23082489407038 1.9789250574593806 0.6247105891211113
38.36904702802669 0.007923183558700319 -0.25806713577803286
33.33845113532207 10.699420806636912 0.9981600398044166
33.26369236307495 11.894255543737183 0.49380457338666806
34.32703709168657 12.11495090788296 -0.35417231719951814
39.239975721992735 12.380926640116762 2.2243520520124136
38.40678767925511 9.582844281170926 -0.5092996794054261
38.73069674238956 10.086949023104836 5.252715739454245
38.88300323930199 11.251662141117645 4.622560668475311
34.80873732220981 12.345256255136032 4.035368856567773
37.00258408854269 11.738107832336581 2.972239475071766
36.684309364620894 4.913819095947362 -0.003070800150559716
34.91018584698436 6.1569692056135175 -0.45905241706020283
35.14495474494844 1.8734451822740066 -0.26575696737465737
34.30334219533117 1.2172808418087624 0.5315518273303665
34.94296192669338 0.7454627048377533 2.1935275943998755
33.689898959415785 7.743537679291982 4.32683008841697
35.03474390624231 5.034078039035728 1.4213096094602695
35.738187344062304 5.736210692540778 0.5594760668531473
35.24573747055486 1.9775866339171873 2.8177930776276785
35.31546126990815 7.858426863576729 2.098928799370141
34.70295992223623 10.019523209454464 3.224997906192044
35.14024392808505 8.634615887258345 3.3921914920930627
36.545874926383235 7.170226245848991 1.4129886175408768
37.00313143180555 8.073334060400152 0.3963972129738136
36.23198588224221 8.616187760031698 4.289513112082679
37.389133981925816 6.618129861750043 2.4486891155243384
33.94349228847126 6.567224790937773 4.861264965074545
37.42147482905277 3.8937397445385122 3.2603607020723633
38.07112592015106 1.6438711048185417 2.2891736966178122
38.799095722631236 7.815931776553905 3.9904084248268665
38.36493447635355 11.294257190533239 2.8888143827022903
36.22502052220905 4.194065140937431 5.530757006317254
38.56390470556758 10.007266332846214 2.3970736285707703
39.64344831636123 4.147225669436122 2.1357230515189904
39.55123985292346 3.2947413301146597 4.786004912637846
40.14656861530545 2.757204398408342 -0.5541177225923621
40.06665075731045 8.135444945541897 -0.1706352151886481
39.331242255397804 11.735186184453235 -0.1994958663552726
40.153796414678595 12.1748268662172 0.9590854414104766
40.46611398745001 4.0771462247975165 5.31939727445784
40.219996412770904 11.46727621277414 4.799008499767626
40.53769940107943 7.386802422009224 2.134247439955871
40.442548475553885 5.145530451619798 4.596659354741227
33.28637742771266 8.454164736103312 5.398087872641529
33.92084285215251 0.08748407206262747 -0.10291519258680326
33.74741966619361 0.058080626607586026 2.6314666012057017
40.45831389490659 5.828631190173749 0.3973516896465601
40.79042316513479 8.015780105094091 5.592035715859664
40.79798612036072 7.237867985521408 0.7191939272663184
37.626298280984365 0.25618176560560296 2.375672357081772
40.72791018597205 4.563326790643766 1.2811582041734104
43.70756496566326 8.930977052192604 4.902971456638591
45.441659269064075 10.687396089922684 5.8792239219099764
49.077526490109065 6.958987085043211 0.4165924757637618
48.5747240212512 12.291279750688343 -0.3287632482929215
46.36327624476049 11.873335216108796 2.5372879964773354
43.71710235972247 0.09729864448978788 3.5157181078955047
41.251287219010734 2.042095282295708 1.0075739104833203
41.117563278734366 3.1010917913164593 0.25216680706802164
42.80662604745954 0.15009556949416375 5.978785093502456
43.74786318889748 0.6757546098095544 2.248827732501857
47.48744346834306 6.88573214578756 2.960630546354089
47.70212669929896 11.90426523105465 2.022124968211209
43.83897214903281 7.559549099752467 4.500899943467488
43.46220635455572 7.37077346519087 1.4918103412518002
47.06720314302651 5.911890995335692 1.9744311450597307
43.88728625418149 11.521200267199042 2.106372414629364
46.24857698046556 9.573588381487998 4.397820532175576
42.21678991424495 3.2025748356250485 -0.4329366474657359
47.41476083664974 3.220887693702868 2.4544396882052166
47.07748608875245 7.668419361012408 0.19168955642982044
43.189824600377975 9.919859250005981 3.957663057747123
44.81434038324981 0.5721786613557767 4.079368580478649
42.97265489676868 4.120277226235618 5.174134919200599
46.86925291634182 2.8496298503297868 6.078597562581295
45.632148602762456 5.803693289866789 1.7043442600040126
46.68471373107932 11.147377462733376 -0.2921765392957443
48.44607556862449 10.629425741075869 2.097207865201284
47.780215309804646 6.6132177537855 0.41853428696590145
42.26609434283293 0.4854641806543878 4.711356798710731
46.11488782025042 3.193305066241889 3.027899584884104
47.405824611387764 12.169007302694816 0.21038005885729683
45.38993683843365 9.509231815503076 5.407575811956126
43.1952225533409 6.746917103086821 -0.5162483517083583
47.04332413662458 2.4765726391854352 0.8067667030351211
48.05539900147168 2.2091968897144554 -0.026824975909298665
42.04198432721498 3.1085283361358065 5.5578511450018055
42.63834049796474 7.561839151474329 0.41904635996758866
47.91099126063653 4.617244782920153 2.0884500633044345
41.971157066488686 1.9736964236647943 4.506510093744098
43.84731881600233 5.518793198993397 3.3520814517454376
46.21138184313483 3.1303943876791642 0.07086228879144896
48.404612807423405 2.336284644979242 3.052887712465048
42.06644569488161 4.886028368906296 1.9035755708927238
42.74247826855829 8.792249350518189 0.185260878183503
41.44710160875473 11.553611349209778 1.2248817530074574
47.703287775459074 5.858119518711145 -0.6700828412827087
46.43466473583415 1.2806822505123374 1.0542314275916254
27.459864287960205 3.241395016508911 9.230407230694595
24.94571591257046 0.5104805811943373 8.855166523193024
26.20941370807434 8.820995344190662 9.646787243025237
27.239654700182182 5.144849797537815 10.484872085360177
25.31528591742632 0.8414031265615093 7.062080934267785
29.53392834190615 3.7428624744906234 10.208991110983535
27.924505729538676 6.037917046372362 11.38687698678283
29.419450322160262 5.762308676531104 11.64021963208455
25.625059409357576 1.239469962642676 9.737892127595021
30.328297021224763 4.801842490232458 10.803021047480335
28.931112184443098 9.25907931686098 7.560043112748845
26.035520874339117 10.40669421925104 11.289278545705304
27.624023573119963 9.609719780308737 8.062558421848339
31.223584272245333 5.635345486469051 10.048136268229094
29.80291463928521 8.94318714876145 12.285067384801614
30.04140765999948 10.160576036091605 8.270443172584054
27.836105705188416 7.472082562072569 11.26705113616311
31.384326114104535 4.030412167803178 12.027771816778149
25.54789398476685 11.512867264486736 12.03255564398386
26.470975999740286 11.731544334358693 13.15708225562429
28.707913727843945 11.08614102436363 12.331823185295013
25.386524500407866 2.308503422381004 6.940604849108025
27.864304877770746 4.938723631353504 7.05662586260051
27.076946800400858 5.598452857645105 13.027741428694808
29.233158778326583 7.831222832071073 7.501072230950657
28.839523824507683 1.967543139051168 7.788918375547387
27.890951044638506 12.119079363298912 12.93161645610974
32.48439445986797 3.5137339316237592 11.48882974917793
31.010543494729916 9.46740570706212 10.406137385305316
31.296206866608745 9.698518646148788 9.066277445332169
31.266600433434068 0.5917483299571193 7.1278532109102075
25.820223260022697 6.039689564615741 12.966172127021487
29.56412548505854 2.572778462943254 6.769273337922277
31.266168984353722 6.1551929803109235 7.791028146967676
32.32963102755047 12.244805109854664 9.205949132882361
27.00392460876252 4.23557952574712 13.255945627170576
31.915054694179975 8.6133463352665 8.308204170091201
30.415707058767723 3.64394695217305 7.173280346806397
26.48998386742565 0.047088105943941354 6.730595248806097
32.70252839774762 11.004363652102876 8.890154463731864
31.865277911824258 5.01862893668802 12.846913576907633
30.765350810961916 3.05142915869138 12.77241987225313
25.345898862374803 10.907043121404971 6.313690753754564
25.08522576994545 12.669359109521618 11.33345375968131
24.65975657172767 6.978954307410495 9.695941874934405
33.07017408987503 11.15571609006205 7.625360581402873
37.41782389823658 0.27904807020267985 9.903528466624271
38.63146377079013 11.88822855772078 10.999355060681015
36.824326750872935 3.546549831399456 7.933327623300036
35.624919049586524 5.654817943678468 7.472963455491264
33.88592085356631 3.4466085357299923 8.479690600248587
35.33467011525972 8.819089296020422 7.316710196109609
35.97644576857747 8.309718566678665 9.269238103437642
36.324379470202025 8.254291045467298 8.005682340669862
36.90498165418572 6.505792180791228 7.560505607125618
37.34297552036483 9.088625452068706 7.8840282502243655
37.606865366633244 6.205469615390455 8.720622504534736
33.83421572534806 10.740977239983426 9.552852370308138
38.86083330082542 4.056584888211426 9.356692050719765
36.805418752983456 11.080410177965648 12.63390236540956
34.22943582565256 3.4012483184141913 7.169434487762406
35.91279469118232 4.2273070889219815 6.993516237698354
37.60355526802037 6.56437103553264 6.36763308762249
37.87974135982393 0.9730229800774912 10.962252292317014
39.84598483110708 11.279240126233832 8.834314300668428
39.794337653592606 4.424690954932696 6.398127216896347
39.45445115069494 1.4589199148851115 8.744345399722729
38.310275229880205 11.597568494457844 12.42697415148872
39.048354148883206 9.201606169810638 12.12813606931931
39.301141907204155 10.218792021790826 12.937176657026873
40.58437124813724 10.455963978412408 12.764471542320358
35.54496654358959 11.988500339767928 12.567341631724574
38.784921026923584 0.22002581669735222 8.621045256704189
34.015385526145366 2.198220642314336 6.69812140648467
40.75604528340735 9.531528856203273 7.578065008529155
33.049775592045584 11.22174329973867 12.284602585980583
36.38408733436906 0.9690043550770233 9.417986012066535
35.36060939130623 12.38353630438219 11.237380424333526
34.088607903843766 11.048815203551024 13.095691720880897
34.47117479286848 9.788543925290503 13.162389570677961
33.182415097897724 4.11165725274388 6.665020520397082
38.558702660380064 12.704599143436099 13.325596871635936
42.896309119092805 9.230404771857009 6.266489587313833
40.95279940342706 6.697643364684351 8.26037501176385
45.96171070090142 8.696017794719424 6.29976302805782
43.655606662682914 11.939897619889852 11.182236342702998
42.82795064652362 0.3865970251740753 11.771452034020589
42.28231365913803 1.282102974913418 10.908961614063674
42.53711846819275 7.881764788760661 8.953806971852849
43.565099470610456 12.219935036156267 8.9557868033529
46.86773267887965 6.122293037254161 11.167498696721214
47.45969152611634 8.334680739996909 10.178670937404043
46.481535507665 3.1614607557728984 8.716061056599463
46.819830171971745 3.746831580883697 11.763622441980202
45.3408022459916 1.0037053189164056 11.90763505745042
46.324941264336445 4.773282303251593 10.93805064876857
46.405786209467436 4.479106633831831 9.452628746780428
45.14672758976751 2.6986718640582206 8.507689258503282
45.97122486499032 10.296749694881907 10.117390055249693
44.04070260819097 6.023914369580371 10.841222763765437
43.10932933865476 1.055731138102889 8.237836492293837
43.77785703619447 3.856312789110512 10.931304163587622
42.001208980010716 7.3802332082308055 7.90129863987021
42.89706162614429 6.535069300319156 7.410865204785498
44.16188034253974 5.074933042045828 12.745269533641764
44.46739901348966 4.902573968177192 11.427687642566037
41.804496426305725 2.710919040864833 6.905683624508338
46.07171525096725 11.749848150577154 9.887042823273847
48.19780815457079 12.01387254602704 11.690522871282473
46.49925823023272 12.254839873215193 8.644100835355308
47.490535600746774 2.2188582264534253 9.157619462520731
48.002958717206496 1.4162299270846435 12.039092808533212
47.00145463311923 3.8800104214464164 6.951508163840783
41.50221209316732 8.716084679399707 6.641527491803066
46.86049053036726 12.495349008430921 11.079232882368537
48.492128570890564 10.67264259835932 11.111417628619497
48.23321690631492 4.392730402534385 6.892541838729693
44.24589336050726 12.429576922678281 10.015477426374796
42.75762189575544 0.944668467638384 12.927668793445866
48.9171976712481 8.833443450561552 8.488248996192747
46.16885607151052 4.941210605173338 6.665971917125074
29.865643318738307 12.670522773062078 14.617359429844079
27.690681644101343 6.122975616989964 14.09718813052603
28.62735360794438 12.398209762972565 14.590327477074135
28.537889781039567 11.28089510775082 15.372956842144237
39.01561428565034 9.931038313859885 14.20766717245525
33.689722731435175 11.319258098074918 14.30253487889221
48.639932112028156 11.0960339586763 14.046498020270807
46.595491543932376 11.506838773573685 13.654146044313997
47.876814360850105 11.91848797146131 13.478159793207903
32.98051515469571 25.113813422496627 -99.31932599309238
46.655188782669526 25.504645605177227 -56.13583214411761
25.78995087713656 13.469999508972181 -3.349999923363336
25.789950389915987 16.30868296182188 -3.3499999665165427
27.01903976539614 15.599413053145566 -3.349999934621364
27.01904434502988 14.180520434428766 -3.3500000513450057
28.24095563109002 13.469479606462318 -3.3500000301290522
28.24095976733995 16.309196319145784 -3.349999917916416
29.470050058143233 15.599935142060815 -3.350000008137103
29.470049106021108 14.180000508239804 -3.3499999945876646
30.700000010243585 13.470030724307303 -3.3499999389909485
30.69999999700903 16.308651885023043 -3.34999990842456
31.92994994665348 15.599935139767188 -3.349999905166132
31.92995089246985 14.180000491122478 -3.3499998993674995
25.789950355771754 17.721317061803965 -3.349999897001783
25.7899508870349 20.560006159189683 -3.3500000050109047
27.019044347376543 19.84947979579227 -3.349999989913891
27.019039744670856 18.430586981813754 -3.349999893657045
25.78995078269769 21.979991363321155 -3.350000046656567
25.789945945787213 24.810544333946574 -3.349999903747408
27.019005270181594 24.108918238257417 -3.350000050655999
27.019044448286177 22.690463396000393 -3.350000107433063
28.240959773690307 17.720803678481467 -3.3499998997451073
28.240955698756295 20.56052636540067 -3.349999909859893
29.47004910841377 19.8499997450277 -3.3499998663679587
29.47005006396069 18.43006489827828 -3.349999891745885
30.700000005438767 17.72134813250285 -3.3499998957739106
30.700000004405737 20.55997494466281 -3.349999913945503
31.92995086760163 19.84999973297486 -3.3499999030946768
31.929949947350945 18.430064900856305 -3.349999884376934
28.240955970959543 21.97947093541624 -3.3500002035336154
28.240994672746393 24.811081853455377 -3.3500000769855607
29.47005414493964 24.10945570210256 -3.3500001584119667
29.470049212657326 22.68994566547562 -3.3500002324701574
30.70000001462595 21.980022633654016 -3.349999891860392
30.7000000075709 24.810510173467303 -3.3499998874052905
31.92994593213788 24.109455640100045 -3.3499998990404167
31.929950895382472 22.689945722346145 -3.3499998647585527
24.56000003769314 18.430033200705672 -3.349999949847512
24.56000006309299 24.109489787524588 -3.3500000658194673
24.56000001318382 15.599966803102868 -3.3500002928467554
24.560000001935776 22.689914804992398 -3.3499999120075796
33.159044336035635 13.46947956914548 -3.3499999098056312
33.15904023868004 16.309196331213588 -3.349999881573704
34.380960237609706 15.599413066076758 -3.3499999115000447
34.38095564036132 14.180520436052337 -3.3499999827018376
35.61004911151479 13.469999472912718 -3.3500000408513095
35.61004962761866 16.308682964917175 -3.349999926054833
36.84000000731117 15.599966873112846 -3.3499999413504744
36.84000003242523 14.179969288445859 -3.3499999820100568
38.069950894916325 13.46999950406437 -3.3499998910510653
38.06995034709315 16.30868294487062 -3.3499998824948207
39.29903974988654 15.59941303969021 -3.3499999218479406
39.29904432666413 14.180520421644419 -3.3499999565665437
40.520955602520566 13.469479533791135 -3.350000106421919
40.520959774136884 16.3091963052728 -3.3499999178799333
33.15904022813567 17.720803684304034 -3.349999876971613
33.159044170133285 20.560526473890953 -3.3500005017158516
34.380955795268726 19.849479745308717 -3.3500008141233972
34.38096026067983 18.430586920617426 -3.3499999469156383
33.15904399258497 21.979471062096838 -3.349999890150955
33.159005308026615 24.811081791146307 -3.349999904017756
34.38099465948078 24.108918213181305 -3.3499999257990365
34.38095545597742 22.69046342668174 -3.3499999142494086
35.610049629304434 17.721317052260456 -3.349999887057069
35.61004913421688 20.560006183013893 -3.3499999359528343
36.83999998480035 19.85003090290052 -3.3499999167867633
36.839999982777876 18.430033151451884 -3.349999910618261
38.06995033801991 17.721317041625742 -3.3499999407325087
38.06995087300032 20.560006172243785 -3.3499999415761295
39.29904434498585 19.849479781841353 -3.3499999388829527
39.29903974492581 18.430586967886473 -3.349999945990294
40.520959765157066 17.72080366674616 -3.349999933456851
40.520955675312685 20.560526360450197 -3.3499999511383285
35.61004921222486 21.979991332572695 -3.3499999266316727
35.61005404993323 24.810544360165373 -3.349999932899017
36.8399999940581 24.10948984062178 -3.3499999440086023
36.839999990111906 22.689914804262468 -3.3499999493953716
38.069950763570624 21.979991336104852 -3.3499999494367048
38.069945938138 24.810544358796893 -3.3499999373582714
39.299005329273434 24.108918223788464 -3.349999950235217
39.29904452092967 22.690463442145433 -3.349999955938292
40.520955981233676 21.979471060585546 -3.3499999517771304
40.52099469056919 24.811081793913555 -3.3499999327594265
42.98000000819932 17.7213481023912 -3.349999941291626
41.75005005900914 15.599935138279493 -3.349999927453513
41.75004912376388 14.180000559933644 -3.3500004334451394
42.98000003640127 13.470030703581008 -3.3499999975130077
42.98000000054701 16.30865186467871 -3.349999938081326
44.209949911561026 15.599935114297447 -3.3500000051802594
44.20995088557951 14.180000494608091 -3.349999893389887
45.43904432830585 13.469479566645987 -3.3499999091043375
45.439040230777444 16.30919633814862 -3.3500002450547672
46.66096025424747 15.599413034966577 -3.349999964239193
46.660955661449044 14.18052043624931 -3.34999993308751
47.89004909784411 13.469999519789226 -3.3499999782516623
47.89004963902857 16.308682952670967 -3.3499999142347248
41.750049096601884 19.849999723272443 -3.349999958553237
41.75005005659426 18.430064870169083 -3.349999949824788
41.75005408151619 24.109455666074798 -3.3499999098405473
41.75004910557073 22.6899457579911 -3.349999932730323
45.439044329443256 20.5605263752921 -3.3499999296006333
45.439040226773756 17.720803685992482 -3.3499999498344515
42.98000000767681 20.55997495401482 -3.34999995220298
44.20994995223754 18.43006487029283 -3.3499999334742148
44.20995091761885 19.84999972521579 -3.3499999432951544
47.89004964390375 17.72131705891582 -3.3499999197401342
46.66096024080093 18.430586962527116 -3.349999995689913
42.98000001411665 21.98002266329511 -3.349999927459005
42.98000001140288 24.810510165717833 -3.349999941568693
45.43900531736691 24.81108180010907 -3.34999990647888
45.43904403184536 21.979471075070006 -3.3499999068885167
44.20995092270692 22.689945772251228 -3.3499998903483186
46.66095563546853 19.849479809623965 -3.350000046511503
44.209945956615925 24.1094556622007 -3.349999888045131
47.890049083855004 20.560006202331067 -3.35000013952519
46.66099465196207 24.10891823117778 -3.3500000083448658
46.66095546941224 22.69046345057757 -3.3499999382252197
47.89004922235134 21.9799913418913 -3.3499999928931565
47.89005402068433 24.81054441518758 -3.3500000729764845
49.11999997526181 18.43003317464908 -3.350000031884485
49.11999999178198 14.179969295655868 -3.3499999344841136
49.119999966681256 15.599966859301755 -3.3499999905644517
25.520387523978666 21.41236560400718 -0.349529714134027
28.18999795668703 23.033383557134574 5.519522488414289
26.735628510290987 21.539848458855978 1.3651528368510313
24.947219982705235 18.49065950792739 0.007988416252474595
25.07660169460379 19.426249707516114 1.1052580744032703
25.78815172918779 18.99303862571064 2.3472707084378976
26.230843232549873 20.68230283306726 0.49302118293678476
26.640572517139105 15.259154380609692 3.0429146164494303
25.373960887449282 15.284110391595433 2.3220429083113214
26.77903354658054 14.405055490948339 -0.1580699603725222
26.77400735115098 16.426980285228556 3.8851656526544986
27.24759466435687 20.121502712767278 -0.21876742268663318
26.980691125473527 18.788821154691316 4.467134832535961
27.99951191405062 14.504109066756458 0.5819823385695599
27.8436163368137 15.059442024256802 2.0864535003725173
26.46579865403789 13.835873773833633 4.232166849484339
29.05865861021742 15.181619962873008 -0.12696879120043247
28.903379995302117 19.953695281531548 3.1782830833284805
27.54351224181751 13.71941495578062 5.03325174774449
30.244588775037528 19.487560729665667 3.0924424672698834
29.366344636357372 22.949835570776877 1.3077065690821366
25.719271054748088 22.06555398630677 4.816743732430297
32.207946028362414 19.330764718915567 4.99747958439799
30.35980810777873 18.090990025029285 2.6355593385564893
30.846537097481676 19.43694130690101 4.931484310607628
31.21289152323657 16.411154854239136 0.5869230847665374
31.084453758553206 23.713045775942227 2.805489760047999
30.83247158289258 21.16978076773698 -0.05733667183968616
30.152133330949454 18.47663546244566 5.5628541217035155
28.22356412339753 24.759290083797595 2.0046600076740804
28.641796427034436 22.802960985113153 4.338606720807729
32.08569782259511 14.263678159492084 1.16884940963762
31.161855577601212 20.465811281530872 2.248762490217464
31.500419501726153 20.237444060974557 0.7614506330018944
31.334714892573913 18.91033949250342 0.26756118274660623
25.7556405135217 24.730197308860436 1.7441621445527389
25.441001053117542 13.886231903166555 5.033970569896923
31.791947260736947 24.58015395616255 3.7005867123405913
28.72637569765977 12.783490099525627 0.6661658153218009
30.625808802631045 20.546342334999384 5.597261679269182
27.967826998584616 24.37295411333368 5.715013949740976
26.685581539996676 22.095140630631008 5.899494770969843
32.05804870468505 15.136054752686062 5.262814317241932
24.58598013271868 15.862121760420342 -0.6688373582605189
31.163352039552684 25.006424347631576 4.9189694923885305
27.111363780613747 20.77290065508289 6.195141895790284
32.966786879826216 14.778013244581336 6.136878269558297
37.03629022999111 19.390511885239384 -0.24618486604438217
33.08681682511022 23.002458588086533 5.481299645715959
40.44536459929805 19.5566461603668 2.104162729928273
33.32729594739789 23.657009789804682 4.378572919819335
32.95689641996039 13.269075555244822 1.8000782173317886
38.691835177951646 19.844849356707485 -0.03666138944825592
36.58108447937041 18.355385799001287 5.1690209356387395
35.61479251353306 19.18876532862021 5.387518250461197
33.799430822562876 19.986539510717538 -0.6669904079616384
34.16091671365704 20.09037251557498 1.3447297028240401
35.61701025792234 14.61345487643777 -0.46908725760509196
34.80679888202151 15.448518910855693 1.8609719956583115
33.39281895010161 20.584390391314056 0.41285379951940593
33.68144161370497 21.849582885603663 0.3704893021787603
33.83718447283031 16.37546102660169 1.2802523921216313
35.57135297456153 15.892410825653032 2.9860218367587743
36.057360901977574 15.358367920621108 0.4879573705262896
34.299291989957354 13.96467371502678 2.129440275302029
36.375309059791995 16.513716361353946 -0.08598103810975144
37.13091731398726 14.711478046061158 0.9082392032760378
39.44239099923955 22.451982218508924 4.649858655462845
33.77753121179353 22.747841938062496 3.4363572701028366
38.48619474656182 22.14641376658944 3.801710799102067
37.989408210995066 19.030576145783247 0.14125852054771237
40.40495518235447 22.989028448003705 3.9288689253067655
34.868318675191304 19.032581010211423 4.356322442516126
38.87226640563006 18.087906260753005 2.3720597812978985
36.035378131804165 20.4701068139882 5.390820510651357
39.54907868087062 14.458547331963285 -0.11210393939567909
38.84121204510276 16.906533877670235 2.9566629980947887
37.75059873683676 18.887103442222813 1.6633963887615077
39.94233967990017 21.336168911050688 5.204871126261187
37.89654383549335 16.388758529786617 3.0335438358842515
36.795318204950235 18.362244383462464 1.6712751423282868
37.59679633585948 19.865845049471258 2.1178297602167415
37.92309877421383 24.593207630363686 5.114789007965646
40.91454167661489 17.54992351647399 2.9304394867830617
38.743567574314895 23.729671929571865 5.822786195173995
40.03472266766288 16.528171951527927 3.3217923849268693
40.17481420475252 15.656794056150678 3.812888022132949
40.6196161917558 13.815758908344165 0.3241521239062739
40.195237103276774 18.5446867424715 2.3866063036543164
37.41591596890952 15.28057997597324 5.859125267469195
38.36370060312062 18.190661813472857 -0.4440184393700486
34.08551086986892 14.364128076404091 5.596767151268068
34.28660545466834 24.55905973840343 4.679452439072574
40.89557912426603 25.2016165788004 1.500863004463705
39.550634710713204 15.410485574353533 6.188047517380974
43.99077923950986 16.253938187257162 6.12177251836302
43.27763342744586 19.27297891016117 4.633879549243593
46.46826095369102 23.796562217283928 4.355096432365616
44.318283869355746 25.006279510885815 0.4732276161391624
42.84942243863702 25.26474302374496 2.5437877887023475
41.19773618189746 14.444811169562056 1.329827748280521
46.73967211191095 13.32951921487704 -0.023025691132284587
44.52636885354541 24.12014970270995 2.5221631198231833
44.97128771408471 24.361026697644487 -0.11442430990997177
48.85585165459057 20.347525422490666 -0.43940548369697185
48.69072906599227 12.792304098992124 4.927708650700087
43.77860836888096 24.359429030723366 1.7660548858407987
48.5385648643059 13.132314526594827 2.4867587672476867
45.07396736142616 17.49641575909235 1.0805059343365475
48.364378383409544 19.01678376102651 2.40709169948794
47.031598441451656 21.389775566757216 -0.14421480189764524
46.08332057532915 20.479556030641533 5.180146142303844
44.568051150166724 16.345149221058858 0.604649970900003
43.390854568218494 14.52414337494196 4.232966453788615
43.352773143600004 16.502890106456515 0.057271232343902856
41.983405035861885 17.448555256733727 3.047296646851141
44.72501928974836 15.114348878698763 1.9097568483613825
43.63491891526834 21.120651101338712 3.735574742248949
43.202231054517625 23.455380727578902 1.5696220536510597
48.54103829192577 24.03739638675819 4.805944252981452
46.08829264174284 15.18402913583646 2.409128087316538
45.824048831519484 19.738605139211888 3.9625582270570825
44.483094252931295 13.64328997669015 4.708315109788124
42.18590253252156 13.89018611907165 3.912311502331619
47.026735033028686 19.25912449474654 -0.2718441549476669
42.09475886434947 16.51339841362218 5.375669422053242
47.6772580371011 20.304881449853244 0.23154076684204994
43.73478756026128 15.48910882982437 3.082938896234001
41.62479656448144 13.70941624722058 -0.5379298955016287
43.97541186935425 19.834223379147872 3.657989397939463
45.28511875738065 16.09602501606227 -0.40932141417479473
42.98129901964519 15.579125025631022 5.639744050206454
46.46260862435505 20.37854177306883 2.72911789191376
48.66914110798713 21.416382690059272 2.3914272674412587
46.017419560503726 18.348310336836004 4.05668501050303
44.23389301671169 13.937433601578835 1.2127786289105713
47.781708674487106 16.737891587723876 2.9715678111370947
43.4826679542961 19.519132252171428 2.4881330121415224
47.32981252501911 24.58753636863207 4.94061768861021
47.85578872523095 20.27140887173658 2.0809758053570526
25.17952406014013 17.165263221169546 8.269869984989683
25.087553531422284 18.159335717774137 9.228405594616698
26.095839917186822 22.926972169217354 7.164530390491467
25.649967847454693 20.03371163455542 10.64487832736236
26.586127784603114 17.0020400922641 7.840378921444453
27.421301526348802 14.11230177738972 7.815079766980524
27.81532332926797 16.554843822822846 8.703288729734483
27.497899173089 16.190008927893004 10.050665122689729
28.380093322100134 14.95909051075057 8.091337607846597
28.02885317734064 20.62413381583516 9.667175238295039
28.92620506271914 17.41532021255306 8.585860605246443
29.280578010248064 21.110216386122914 10.242467818236372
29.277363178731125 14.284017303415725 8.87521797612153
29.462861034444906 20.625761717800412 11.682617830703755
28.251327528863694 19.968573180692445 12.396742019498976
30.437344502497552 20.911795655899287 9.372679655333675
29.01855618680983 23.016261076652405 10.300612591351591
28.70894667275483 23.542509402143356 9.106905780135865
27.05700665744646 20.79163130616853 12.54601361458345
30.06000603220738 23.701933426591033 10.691032104510406
31.182855397373263 19.11469414666384 8.178351520583384
28.91508255786871 15.08708402449781 6.875670428675766
28.18214998234866 23.351075955319843 11.173843439972575
25.386145867255 23.22496636998009 10.237887783315436
28.368260447682182 15.945818870270733 12.264261752295457
32.09602194800193 16.78633336378463 7.558528451955028
30.74159110261559 16.455889909110745 12.771271164717891
32.15962453746165 16.576291819549464 12.41617845824115
31.274097006459936 24.862404663325744 12.7140808652964
27.950391472167194 13.406683190469941 12.317467002147202
28.007366393483622 18.671800794768412 11.851548305537692
32.698311624074826 18.042124395048653 12.351250225722584
24.80125408351685 22.390182261377802 7.852679788933997
32.616064485484664 18.606323479626006 9.993090927123214
24.79342172153524 21.03678864000475 8.456438662725752
32.33087851516268 24.765348836900756 12.513598921867498
32.49733825991299 13.827446123981026 6.969598406728162
25.71128450155724 15.953744533694367 12.870250223722868
32.72135177484061 15.650650682908902 11.498309431390458
29.220903896587224 22.73025180533462 6.321816840761938
24.56955399283747 15.889581275776369 8.523403791102723
24.857730659969533 19.074731541275536 6.3938009925834995
32.90661916181566 21.239220488456752 11.20079887250875
34.189597423952996 17.272579468479087 6.478358183795821
38.44637906921169 23.522903080582424 9.03859848951626
33.36042101145812 16.276766351938054 7.205648158194528
34.081989259270415 15.689912139863377 8.305702473565589
33.50406727893794 18.59715170203507 11.164607579226118
34.90963432994243 22.587271037093 8.59984231499271
34.53651400312392 14.489194094298659 10.302052368874676
34.75313512556837 17.85432138144594 11.035607624250634
36.778966449093105 14.504447827390093 8.5825458685121
33.922624041508826 19.668293584390277 7.38381036609667
37.57972622794305 22.739810218511007 8.248018724352502
35.979496986893 18.385462805666947 7.8636188295181775
36.911465675632634 19.279126840558295 9.988717287760014
37.46005457967713 21.364237358365553 8.627551623134766
34.875898246506445 20.76638107941252 10.695460235429525
33.885732678799634 20.39850494804689 11.49908197087962
38.182854752739956 14.360115999457458 8.219966704272908
38.61637952500057 13.017035547312288 7.781140731569054
38.40555298740659 16.98918087729153 10.362644374103777
35.901153843805595 23.400560387681455 8.774420860738077
34.85811979279034 18.617581763802562 6.979691213284077
38.35774616942634 15.482372997576485 6.797789057988293
38.14204862114064 20.554509264145292 11.648333328365831
37.70966704780132 14.893841834244384 11.36500128533492
38.66006858309854 15.625417640037785 10.532511286342
35.894733091044515 23.652605394801306 10.052266825391396
39.154781648856726 14.841649276815035 9.258994275326389
38.14132678057659 16.723979073483406 7.157063975098573
35.66981645881057 24.512138376433292 8.163200991067248
34.381350546940546 24.878411133309275 11.733711793552132
40.22678151949808 22.577100883967148 12.48974307489039
40.24299666374709 19.67726759576262 12.627255567444596
40.43479470630429 16.187400106731296 12.550507257395601
38.94661391191447 20.278100349731645 12.78282995801465
34.341460966112464 20.655455938152272 12.722021582897119
40.267575197229334 15.577024710463075 11.402349852197949
40.74520702701703 14.3830890225194 11.654038714540041
40.18723171666099 19.24998550726614 8.457574548883105
33.06084262476271 25.261429113670474 11.504993614946207
37.7073238717539 22.84183526413734 6.714079941922431
39.84187411733075 24.208431779302188 6.562810635686343
34.42659873890892 24.399275743907108 12.936280241290945
40.83212578094682 24.1968017025504 8.8277644536184
35.419879240761986 24.05934544234218 13.189738787916589
35.14851708829817 24.77408697642536 11.085119496229334
46.7899824414009 25.321515177665837 13.062693428374242
41.229916069259104 16.12856098487027 10.775634221140765
41.134789546367095 18.859495770047808 6.755448957899138
41.354813689403464 19.26162283308315 8.008993489592148
49.07185894041931 21.90912933338214 9.331465924823283
44.232614440661926 13.737890763225254 10.072231917148942
48.276383839760776 23.044671709822737 9.770113074682204
48.43291765157425 21.075813738611963 8.427370704511244
46.392325702976784 24.363678416791867 10.961031586516278
48.324659857406516 17.01410328832426 8.519938495322585
47.73805275941568 16.831985027828257 10.979409957020325
46.741903730517635 15.161119225036973 9.341040830562754
45.80789123996542 17.5359614914368 9.413488685300969
43.10486317885493 22.00163329686476 12.73455794773178
44.65551479790123 22.62817048631782 9.475735988022429
42.789358298308265 21.10023888001975 9.472561286840968
42.173752533819865 20.9734669333765 8.05403931204501
43.37149392166517 22.344696118955735 10.10754876471756
42.47813336000866 23.49256727270869 10.280307389388701
44.00893340116317 21.78542689055034 11.739384241649361
44.78258763323403 17.182683232099887 10.250867912582544
46.083659486400975 18.802862125887902 9.668019237000438
44.24730989780188 20.530097565916268 11.920306089943836
47.29601182494469 16.482623649139807 9.602947370135498
45.14810396385996 22.358830809283894 12.135851050602962
41.28150414992247 22.0400669681236 7.801406037341458
45.73875036966622 21.067509413203844 7.546471889225051
45.43390093348646 17.482178960236276 8.180308991149214
42.03047161993719 18.274491104985778 8.649844245673776
43.32706065514466 20.747981091433157 7.217787104423973
48.19655645496975 20.162821197347274 11.215759527008291
42.482098335522 14.949553171344384 6.683439699616704
48.16382848892482 15.50605340455607 6.6318478560611425
46.86222160830427 13.376772495141857 6.46117799338403
46.416317449868046 23.424608070932813 7.083980964426429
43.4392082588841 25.383726397081634 7.914756440432718
49.049044039376874 16.218837262633787 7.4434681674622505
43.535788296902034 16.15608412241421 13.210528953623498
46.81304789661996 24.74602713224057 6.72557442940535
47.24640119001193 15.508081840385456 13.17530443037457
44.256114754683686 25.200937673164084 11.935437047072037
47.90890266156909 25.32513294079043 7.468201626693346
24.623251316282147 15.834547698782188 13.557628982635725
24.864346614971307 16.363826554332977 14.721093126200806
27.988402252501587 13.348969235172 15.290469097389003
29.116626732694034 20.620768171535353 14.892238678148436
27.990510965006354 18.780649138878918 14.840041032847783
28.85211235837924 19.563242872632518 14.132049483715134
30.076071935406517 18.927824900633713 14.077680373172456
32.16775397154578 22.161545557716398 15.862773099305212
32.61245626019498 16.690988427756633 15.074695104612353
32.577920775146346 14.710671215645315 14.287993203832661
30.99791722927218 23.37542590293304 15.372768544663488
31.894332204072672 22.842078272500366 15.056413525572715
31.509621572920945 22.200789822704508 14.263414877731943
38.287486257938056 22.809813247435997 13.392120672729385
39.37397322956069 22.007917074228775 13.351922451772626
32.99392949983578 24.735381955664533 15.496894828744612
32.95702630474537 15.970146885793323 14.020490364317816
33.06421591210465 23.853061559364182 14.860757626512855
40.02917877051036 21.98364822496542 14.481131671183082
33.98808128448015 23.332786081425574 15.113514825963422
33.27996211810294 24.342899467171367 13.449408601232676
35.62105809016523 13.111968438608875 13.51238750758052
38.1143875218095 19.59169780235954 13.972154689742709
38.43999443690306 18.08027782015569 14.456382554182301
37.4274628845561 17.919989107524437 16.05162486829235
34.25014348041483 15.98069646051552 14.002143541101367
37.73176289089011 16.730329012851715 16.685784593250578
36.14139972470582 17.988474504444607 15.89830790914376
37.72253398466697 18.8455124040275 16.894302683300417
37.773845592969906 17.042181012867516 13.688765369546672
37.461655843172345 14.709373797032367 14.170884172224477
39.82927319231382 17.78471115030646 14.851316261187923
47.60098210540741 25.221484712725076 16.202115430936495
42.16784787495458 25.056124068808018 14.171818860614914
45.18961245647066 14.586424201930072 13.855988068707862
46.28862433484876 17.51528358358068 14.33284869963918
48.06147522858093 13.13784220228542 13.898241706505605
48.80398970467144 23.062395527311633 18.235706363092817
46.26777251058093 19.51701402059488 16.69124023902939
42.30565238558619 13.489600602602424 13.621804260043923
48.69116219805451 21.374459685138785 17.88323335815679
48.890674688937544 22.341894175264457 17.422402289983857
48.188930201400545 20.560910243416476 15.621280675867979
44.8254477666969 18.391642591614776 17.731560215929065
48.08154979297767 22.712588375578004 16.793114825456247
44.12390524857559 18.699418805396526 14.706480394569521
45.768143273160256 18.298239770847417 16.771945397735465
45.13132079656573 17.730121543450284 15.121966347098592
42.6920965485554 14.220024578156558 14.66078368273903
41.65116339525326 14.786766379042692 15.337699884505033
44.102451167215335 15.331644690932537 14.309872308306417
46.058603997618505 24.017870115335267 15.437719119408989
46.69111519203941 17.438005243743927 17.35624050254807
43.07125961968613 13.194770129531067 15.44094556175955
44.44556943933936 16.333485506511405 15.412636675756751
42.01061780866505 18.392802028787962 13.557961969938564
46.363671347731966 25.24998921719735 15.66575062372958
31.59890376416172 23.352833310592047 69.55968859768544
32.55671222437339 23.49926547852884 69.27462619316833
33.38450903717304 22.880616781923983 68.49414364945318
33.332646217125514 24.447113431934646 69.90742447559336
35.535720503287735 24.8867660265709 69.46590129422623
32.99718437103307 21.958557710265318 68.0864836539107
35.33866483857148 22.475448916956744 66.61209270858149
36.48985097498331 22.302969963316396 67.93406648837498
35.74819149770354 22.96916682884227 67.49335914961267
36.97370929577513 23.947664089402615 65.98793652790744
34.59792316396828 24.362523258275505 69.35587552118011
34.590333800917385 23.29684250391856 68.45965070085515
36.29514843764358 24.30899467985307 66.76065599103529
36.824860002969096 25.029323339803252 67.38405977669673
35.434859207349184 24.859885757971288 66.38049620773421
45.26038909275393 26.059871035269087 -54.037049728149114
45.99672340790121 28.405981961742917 -53.210529846582936
46.03771604239083 26.606877638291447 -54.37858536329916
46.48613353839728 27.778427593608967 -53.94063479748551
46.878721994603524 26.33532411660798 -55.48283435395157
47.332017945032064 28.305114116269046 -54.80117903056245
47.91214154771684 30.42817857491179 -55.3777671721249
48.74030103423823 30.5548542006212 -52.80703991092519
47.70916657959807 27.33642319374322 -55.712112573680216
47.98195200715129 29.668337511321223 -54.599391903256254
47.75664307157235 30.386794461037546 -53.245529291275
47.03596448894806 31.201778607463485 -53.31278419688307
48.507922087604676 27.33439638155998 -56.43901389468028
47.4557588262894 29.790934687806157 -52.38383340400241
49.031257889796564 29.391606294146207 -54.49703469080712
25.789950889177867 26.230054237733714 -3.3500000137185926
25.789950907652493 29.07000026787512 -3.349999947445086
27.019044323622143 28.359473626560174 -3.349999937236705
27.01904404456737 26.94052895734586 -3.350000101346775
25.78994994438818 30.489935124589742 -3.3499999485464094
25.78994995482713 33.32006489016571 -3.3499999194170527
27.01904023875578 32.610803695741176 -3.3499999128933453
27.01904023056661 31.199196336825914 -3.3499999401444014
28.240955501547674 26.229536552566273 -3.3499999347944174
28.24095565132095 29.070520198979267 -3.3499999272356717
29.470049128281218 28.35999379756945 -3.349999906265663
29.470049240273575 26.94000864203706 -3.349999893728369
30.700000002308396 26.230085187332914 -3.3499998950923784
30.700000011551936 29.069969075035495 -3.3499999265142586
31.929950909810508 28.359993811251424 -3.349999991971606
31.92995077260092 26.940008653099927 -3.349999907380028
28.24096024969754 30.48941302809216 -3.3499999441882244
28.240960250947353 33.320586997619024 -3.3499998876620873
29.470049634745326 32.611317072496114 -3.349999941209336
29.47004965251181 31.19868295474796 -3.3499999328105745
30.700000017975874 30.489966840610077 -3.349999891120219
30.70000000773472 33.320033169837565 -3.349999932222505
31.929950373998906 32.61131705379898 -3.3499998862920197
31.92995038561605 31.19868294389676 -3.3499998747504325
25.789950924137287 34.73999973494897 -3.3499999103855096
25.789950919805495 37.57994574970816 -3.349999923741925
27.01904402587041 36.86947103929041 -3.3500000349618753
27.019044337471893 35.45052636990707 -3.3499998845996073
28.24095563559442 34.7394797948068 -3.3499998871572325
28.24095551404207 37.58046345974809 -3.350000036666688
29.47004923424057 36.86999138805838 -3.349999988201038
29.470049064634445 35.45000619229885 -3.3500003717683446
30.70000002843669 34.74003090678533 -3.350000042277772
30.699999974005923 37.579914832844864 -3.3500000211478076
31.92995079598163 36.86999136469086 -3.3500000791727693
31.929950894527305 35.45000619038744 -3.349999924211373
24.5600000073105 35.449974948412674 -3.3499999257231075
24.560000008169663 36.870022653201595 -3.349999916333358
24.560000005340104 26.93997734508488 -3.3499999320373908
33.159044513914225 26.22953657240627 -3.3499998859125437
33.1590443716149 29.070520216993014 -3.3499998519353023
34.38095568066886 28.35947364998264 -3.3499998557595854
34.38095595728458 26.940528964488056 -3.349999908457325
33.15903977502513 30.489413019932616 -3.349999866847523
33.15903976542036 33.32058697489958 -3.349999900162879
34.38095976062734 32.61080368024607 -3.3500000242640784
34.380959774208684 31.199196299885752 -3.349999942533125
35.61004906523678 26.2300542449575 -3.35000005214382
35.6100490783204 29.070000291230425 -3.349999856052488
36.83999989941934 28.36002513266315 -3.35000017587213
36.83999992861331 26.939977311726235 -3.350000325422957
38.06995091096593 26.230054182702915 -3.350000128301361
38.06995089734526 29.070000358390335 -3.3500000870098656
39.2990443548096 28.359473665294797 -3.3500000603673197
39.29904408235283 26.940528921880734 -3.350000068144492
40.520955492175666 26.22953656520734 -3.3499999241019807
40.52095548721178 29.070520235536573 -3.350000416076684
35.61005003975262 30.489935111706043 -3.349999867700731
35.61005005080635 33.32006489549087 -3.34999996603611
36.83999999833789 32.611348120067596 -3.349999932751613
36.83999998359081 31.198651872829466 -3.349999921320003
38.069949929121414 30.48993512388217 -3.3499999000745873
38.06994993439372 33.320064883042654 -3.349999896803136
39.299040227569684 32.61080368019606 -3.349999898273669
39.299040226510975 31.199196323171464 -3.349999901371594
40.52096023171464 30.48941305847967 -3.3499999458131824
40.520960244531025 33.320586982894014 -3.349999884281527
33.15904435238101 34.73947979193368 -3.349999878547915
33.159044505405305 37.58046343431737 -3.3499999284540127
34.380955959291434 36.86947106012347 -3.3499999144499615
34.38095567803534 35.45052635857508 -3.349999902491697
35.61004908051923 34.73999971185088 -3.3499999330491015
35.610049076350066 37.57994573218876 -3.3499999128885705
36.84000000306338 36.870022632895214 -3.349999922063309
36.84000000516503 35.44997494800245 -3.3499999933072475
38.069950911971645 34.73999972706147 -3.349999907596076
38.06995092482362 37.579945730145454 -3.349999905763469
39.29904402767034 36.86947104264489 -3.349999877974321
39.29904432566436 35.45052637076175 -3.3499998806063847
40.52095564275716 34.739479802038566 -3.3499998817519296
40.52095530629742 37.5804633296053 -3.3500003724795278
41.750049184816454 28.359993622547105 -3.350000934336388
41.75004924948594 26.940008618464464 -3.349999929872265
41.75004960444929 32.61131707788269 -3.3500000535185306
41.75004961788592 31.198682925769816 -3.3500000127957588
42.980000002495494 26.2300851955761 -3.3499999651274504
42.980000089512224 29.06996908570527 -3.350000113283391
44.20995089075124 28.35999379427092 -3.349999898351146
44.20995077998363 26.940008647310254 -3.349999909303041
45.43904451416796 26.22953653965937 -3.3499998696338986
45.43904436149466 29.070520200753506 -3.34999989741208
46.660955658018345 28.359473680620912 -3.3500000511626093
46.660955873471856 26.940528884153984 -3.3500003140084464
47.89004911909047 26.230054197316626 -3.35000009407593
47.89004910813934 29.070000289176395 -3.349999911807706
42.98000000525427 30.489966841237845 -3.3499999420465585
42.97999999831668 33.32003318167154 -3.3499999561884075
44.20995036328878 32.61131705449213 -3.349999918854387
44.209950356970886 31.1986829405965 -3.34999991016361
45.439039760157726 30.489413013596888 -3.3499999328947516
45.43903976334795 33.32058697878535 -3.3499999111285703
46.66095979219742 32.61080368251457 -3.349999932068023
46.66095980535108 31.19919631249948 -3.349999966061005
47.890050061260155 30.489935115175054 -3.3499998901298547
47.89005004555524 33.32006487972746 -3.349999929772385
41.750049237360656 36.86999117180194 -3.3500003074739624
41.75004909761331 35.450006183336576 -3.34999999447731
42.97999999694484 34.74003092699588 -3.3499999276924743
42.98000011702947 37.57991474327349 -3.3500001665360015
44.209950772246295 36.86999134311608 -3.349999884206051
44.20995088063573 35.450006199133526 -3.3499998971309175
45.439044346114144 34.73947978807571 -3.349999963771274
45.43904451856957 37.5804634284196 -3.3499999240507194
46.66095596858838 36.86947106037103 -3.349999939775381
46.660955696787696 35.45052636915872 -3.3500000663093554
47.890049093699744 34.73999971946837 -3.349999918228306
47.89004909239851 37.579945730619436 -3.3499999594633314
49.11999999675948 36.87002264517957 -3.3499999057690557
49.11999999176617 35.449974948377914 -3.3499999199371953
49.11999999148028 31.198651868107508 -3.3499999222165835
49.119999996133224 32.611348106461136 -3.350000032366106
26.185627983765286 35.58262763507285 6.248047121698216
26.45487149303335 33.39616953084404 3.1349282139611456
30.192766022526733 33.136983823715795 -0.10742830111942991
26.79943677729563 26.370602122373892 -0.35285526556510405
26.965751956338572 26.305222465605976 3.39629400366385
28.00337610888946 31.5320765785981 5.670401281066425
28.789940918897656 31.377116699386168 3.055136752694426
28.996781306988442 30.528671175187466 4.35277003651966
28.269757504581275 33.674031097721986 0.746164485995241
28.637739456961295 26.755664563444842 0.33682487042075326
28.947663789939796 26.646602853299406 5.115870086636116
26.710461003782566 31.522171422577994 5.650526162290736
29.157539840711003 32.69693806372363 0.5792463014673344
30.004498223059606 33.54235249770422 2.90274063367241
28.645344631590834 35.575420546880785 3.3713281715467955
29.886657451255182 32.22027652581326 2.251658044601006
28.30148419848887 29.28003964919317 4.317360987111217
28.505225294714933 31.80699155028874 -0.13361589446214683
30.345535068250364 30.55882442173616 4.854330321005042
31.064326960422896 31.33515729193428 1.961992223359823
30.24067702080506 36.263800229262294 5.027198425221363
26.874437351666206 35.876116195212575 5.0409058595251155
31.366387061016557 36.874296183180526 5.63550190035571
26.04080211292588 36.665904750199715 1.3188951659514458
30.182835965360752 26.938089622792955 2.9023354079367936
31.62850584482762 37.023138434095124 0.07528071518298818
31.59815641956153 27.073147362398608 2.6520078337709787
31.0563281875432 36.88421281857043 0.9925660591411445
28.550146707167407 37.846789209449064 2.2682271612005698
25.17971166742501 29.01189297521112 6.152856454938496
27.398970810586352 26.81288735417732 0.7575303022230784
31.351304911807436 26.169709027171457 0.11006502202727475
31.12580725158786 28.291130096720206 0.39064892266308604
28.269303644985918 32.80664496779706 5.53342540992852
31.829181669186546 27.231094953301962 0.7967116778095518
27.023743644218452 27.99402020693172 1.1102629408386844
27.366395382095835 37.37012392168112 -0.291569415074997
32.41046527613624 25.81392027076132 2.9608768260080787
25.417173298539943 28.418504652601477 3.2687841149833408
26.547304554292882 37.757890704567956 0.7072868969193391
31.07670369796198 36.5493899756631 -0.736616315986468
25.161960691728822 30.745570970318216 3.4176946625189784
25.314153096078726 33.24468978233269 1.3582600241136233
32.517806887051854 30.575299045461232 3.9758059668164423
32.23351607103112 28.218807576425572 3.1941291148458264
25.142530315773016 33.282995972613676 2.630619670345621
32.540038812145205 35.174683395571776 0.3080702203097596
32.61558716015744 36.02552332445488 5.5126741495062035
31.851031247765142 38.15877184751384 3.34694606125
27.05462408884931 25.573473190472544 2.160999062840191
33.54914375905163 36.37263670906155 -0.4626506170130307
33.57979746181787 31.30249150750364 0.041553705965360344
40.06204524984041 26.54934209491932 3.7883569774187684
33.4841342688163 29.6450171132139 6.02476762767929
32.89498408299791 36.20182194269327 0.39233326232012145
33.33679331703685 36.40539809816441 1.3677620662525147
32.747600826160536 32.78248536173066 5.4377817060536895
35.40163859064749 32.184500109048685 -0.39257703293685275
33.09249745015382 27.380264575143453 0.450693682213823
37.93053506648384 27.632572615721738 -0.6762160949195317
33.61812675431794 33.46313658316392 6.171059065795481
34.808864400215874 33.54687731674349 5.574027954504474
34.254912332394674 30.377269628086886 2.6097533185566055
34.066381752825734 33.12058125777601 1.085756970786964
34.57594911094005 31.917688718456837 0.6034189268695866
35.39060149370486 30.836321637325796 1.864576185974235
36.11351759756639 29.681100350964034 1.077599114800929
36.446926045324226 31.655739111838255 2.4380817022532284
35.912309964668644 27.730605419945626 2.684280108234842
36.82247143069721 28.41285928526932 1.7420969077596715
37.08837155640278 27.232674787613778 0.27320798318086426
36.615875479977134 35.02280512449549 -0.1922508700507808
35.95064011083863 26.95984372407298 -0.35562873270311823
38.103977981741586 28.729472386037838 2.2514754685748564
38.51999964285155 35.402372351756775 1.56047767525185
38.900712840265356 31.67909680941018 2.503182399150641
35.860978610174215 35.67533903740021 1.6752534413900433
36.87469640367038 35.84449312637324 0.780434239637855
38.94309182742694 34.77613545253503 5.067834022908847
37.55964901482304 26.08150284159704 0.7483388403412261
36.73447565618475 37.09172129576552 0.2721204247411857
38.512670910826834 36.2717698087695 2.697573628590165
38.47380070156227 33.972273777621275 1.8055806782962969
39.96793964215007 37.58354598308187 5.647943089293649
36.0688494764614 26.12887003741461 4.909808887202475
39.59273425014011 35.7643144513043 0.47544681979799996
37.931574823933566 29.92362137014336 4.928211328131175
38.78195332233835 30.103400033107963 5.942924773508308
40.404325141614784 28.007856612146423 6.135150275571377
40.426850529846995 31.13654720715094 0.9011367466746523
39.81146203070383 30.71011470420448 5.3948782120283765
40.91168672095968 32.754554542723035 3.386981737570658
47.06401949082195 35.83500965110835 3.732406450979245
48.88226066097876 32.543189165172876 -0.10466666803246594
42.23918619098492 29.42429139959633 0.33076494673885404
47.5201375969798 33.165085846347154 3.917293130808491
42.13619784730108 26.78373210809595 5.140852615979479
41.42220784442127 36.273138014033194 2.152747189749662
48.543616923149074 34.35314813216673 5.338287392707035
45.7807750821456 35.57433855366414 4.1833523681412865
45.02740355673093 25.736757018055588 0.8626526804809109
49.02509852930308 34.92551004040636 0.24379554420479121
47.14867449655245 35.89030065881915 2.1684989606915295
44.33546836371204 31.566602549657716 4.436219998742194
42.977081377015075 33.830508144840465 2.561636087437855
43.56135371520765 29.219114007686976 0.12647509623653796
41.71577178251351 35.90062497644177 5.848275024220291
46.03706992447933 36.13394235072186 1.09286381984521
42.28478889480159 32.623805469147456 3.0227942165601274
43.70759882704186 33.974903803133465 -0.0005761820977134846
41.0231676925211 38.03255680363838 0.3450901442360099
42.60343713379115 31.203343128141334 5.348159624009816
41.947627859653636 28.593870169864832 1.3141678647753319
47.42170894435649 25.701418158218427 4.2485718710741915
46.23449203203463 37.95356044486297 0.6379278260408028
48.108693639799974 34.33166061533721 4.107361530134609
41.547058676890174 28.943654559479203 -0.6884059086443084
47.67271815713135 26.50476389324249 1.3671873428696901
46.28802888703597 35.46219594475922 -0.16191878100755286
48.81741557989327 30.110484298222012 0.16841119942299976
44.711474270945715 35.9444673756924 1.583088881120267
43.20263052244543 25.75683713347103 3.7079530439139354
47.39397577684532 27.28889457058343 -0.5799138367525014
46.359446898674705 32.92792548188533 1.3161924659014845
43.35215032873254 33.066751289020004 5.426043588136079
41.83955492513352 31.203293291229887 0.7595707135976726
46.01870376414026 31.62523934288107 -0.21469886510847025
47.62516327479406 36.962070943978745 4.300431937668151
47.573474334417554 27.64706220009433 0.6811884787653533
42.04822248768336 35.55870779860329 -0.09607268705286276
42.57770006263978 31.449948640926813 2.069027899636552
43.15343719968716 32.07352440204448 4.6260822841146965
46.716371577250335 31.734840634349286 0.8787254653094168
46.19298170278725 30.891945299466236 1.7734364800705171
46.422590098979335 28.163538452924513 1.112299228533552
43.445224725989526 35.91137229180239 4.29185543238035
41.09842536931624 36.22326083674543 0.7419609416975037
48.50877289761179 31.504870697200865 0.8063399408732397
42.38701345352906 32.05406802683356 -0.26404675860585036
41.02037947788673 26.161536698413297 3.4759430178098274
42.13616345170062 26.36805787243765 4.2203555062547675
47.278459510709425 38.12446087294416 -0.1723253492135146
49.04684206701763 28.726292268130017 0.9326145739924296
49.05893352327068 31.721982774600537 2.132564707986526
41.63940389923615 38.22137692998379 -0.801483823390684
44.1840037096497 25.70749690348702 4.156140738336661
41.43574384215715 25.52502951955944 2.3783743422875245
43.69690971016503 25.669309191551466 -0.12875726500394258
25.632366642025296 30.226053499149174 8.905428057095502
24.693242866122144 29.424070593550514 8.638177201523966
28.61105673044441 34.87419079551943 7.24207690596233
30.062702616443687 35.8091549963085 12.076286441314096
27.519526654561556 35.54374216321644 7.545225836333417
29.04722033253167 36.38964639954404 11.422608291288629
30.448454856490407 33.94289607584998 10.394574028921959
31.224492288224894 29.6430759433849 7.903009204406381
30.88721446471584 27.57136153594942 9.542224737740039
29.823352652636355 28.04222580126036 10.114733255799923
31.189592671994532 35.088638945758824 10.872137111882779
31.182046312958864 28.202812004854305 7.824321931895132
31.260250532247433 32.23895366978976 8.851784715318864
27.045983686631946 35.0808457410596 8.678047288083855
29.638133911425914 34.86366738578167 12.871215227550456
31.518632724275182 36.146710699443865 9.937521131108788
27.825425677582604 36.77943204749742 7.899995987741823
30.61761543347206 36.85299157258545 12.746592641694296
30.72056959683681 26.231819024388614 9.52589437396827
31.77444855437882 27.86467495586853 10.426857095992519
30.22692875821264 27.512844041486144 7.019328383799452
32.59905271236968 27.713874588001584 7.465808086942296
25.11618262059069 28.26474799505999 9.069814589025164
31.228492745338418 37.47370010808379 6.942143958602629
25.25591291404501 36.68706165557488 6.71103887954951
28.400757445195662 31.24777511428325 6.878580267048711
31.97299130636977 34.66645706799729 7.6626192425728865
32.51951547300853 34.65220050057015 11.612784855210514
25.515432967742747 34.30894137858096 6.321347922875181
33.808475026300606 32.61259576397721 7.214637592734553
33.72860185052126 32.19917215968253 12.936707020121592
39.98699276308581 33.956508016097025 6.889309161460772
33.2773454859485 32.94624679371395 10.02456355513234
33.689621821602486 33.915954098646395 10.957068287446209
34.943928215995086 28.179688288182767 9.31949592144121
34.61403745700543 32.8300184212443 12.206272374123039
35.34854347198665 31.916548373176674 11.598789697088632
38.72683280283605 26.20875389826294 11.01781038844015
34.77887602648688 34.76551407212971 10.533468537438644
34.67625554127408 29.106173294332304 8.358418404879687
33.960564448594 30.089248929012967 8.931964627060843
39.19086884184254 28.451351741096172 6.725028973198505
39.373131517566 28.723994319189607 8.228150316936594
36.25571376541128 36.278195198310335 8.473356238905463
38.50930261257255 27.247846417915834 10.215712827799951
33.81545674525465 28.48480109686794 6.8496943319267185
39.972712222719736 27.876525537852867 9.263202533570166
38.62322227934815 37.116417841711964 8.77255983224286
37.561041718010664 26.75678116671888 9.331526913346174
37.90732223411137 28.020872628778033 11.091469805126408
35.91355100506002 29.516056874879414 8.052244787542838
38.2255875618772 35.198956079089996 6.981535768925317
34.19760735592245 35.67179211878096 7.392001335051125
40.57861472882301 26.655296086587633 8.794518016063993
39.86207422026745 37.80386857966916 8.606024217241846
35.408373270399785 33.39482215962213 13.056720884252169
40.29478645307987 38.02087044536752 10.489987408955999
39.98411683242638 36.90950610855313 11.100934031718733
40.748808369121456 36.82316238369482 7.899037167515116
39.33553662560992 34.99270385241502 6.3098045209992755
38.24950902524116 31.07567934002327 6.655373985978129
32.99942508732614 35.158425599277514 6.767132554146805
40.72635052651347 28.57857937785324 10.258638089655424
40.56237519533843 36.493327000322864 6.37384094210299
38.00660034889956 27.65707834434374 6.459117952854743
35.92685882988643 38.15933776363608 7.064420264764269
34.76872558513885 27.52618144616113 6.32724271087869
33.05304216314121 25.84540471841448 10.5965269695046
45.54426392241561 25.66183316679904 6.691772432191833
49.116020722126514 32.31067390311255 11.522198743584104
49.103011097226535 29.94980121503659 7.653958611258124
46.53351998981353 37.7783467866328 12.898852463768456
43.60636325605824 27.997192427635536 6.786830894657609
48.942634718197084 28.58058003372244 8.027717453751816
45.62427959848677 37.85251842673277 7.784027548510273
47.403761834048034 30.707154818830688 7.46908408262221
43.52761122992807 31.705514697270413 9.995259752790881
42.9388186300515 29.636555839495855 11.082939735129818
42.74331371785972 33.85799046574619 11.204439881835563
43.46024007257566 28.000834375747623 8.972709833314102
44.19346172679297 27.668438587634245 7.8891781205414375
44.1308377023762 32.57981025446799 10.932630216391377
45.32751520847094 33.24485272123854 10.629955054455815
45.24904626399412 28.439472439935226 7.939562961848653
46.138393413304904 35.30196546187645 8.603096056633612
47.22311051255374 34.43076245928858 11.52937484711532
46.57946148596048 30.690487296038167 8.529732625108416
42.3824463112908 34.40841019944055 10.04377012093836
43.98494993610966 35.8559962995321 8.591469614364742
45.171523343758125 36.03655534974534 7.965977397306908
45.09844613608282 35.43643021764628 6.846576226181263
46.68718152212531 36.63405593081408 12.114529409155939
43.8277530688845 27.555514270518174 11.907588719651724
43.87801448671423 26.34955665516437 12.697705915823555
47.52727278948534 31.962089781119058 7.079589761684906
46.957941551257676 37.772393219655534 7.158824896967964
41.20918195492874 26.0328842400553 12.493575618058047
46.18727854589732 30.225534920047508 12.288051239633464
44.685924887804106 25.994643517726928 7.965497080005415
44.316219212833964 31.763513390105732 12.219627531341676
45.57160892421464 31.369438365986152 12.873044771491163
46.474147499473304 32.44485810710018 13.089177439663834
41.65813922700739 33.24831514750766 11.523456775745647
42.99651838776882 34.755541298178 12.09604427481902
45.39861538090207 25.724188519397412 9.1910506606415
46.785639771465604 30.044239637580468 6.468492461112707
47.10974903696958 27.446248686461175 14.332768171008993
48.54395900722969 29.188908996252533 13.606330007838688
44.94621036000933 36.74789445815448 14.850887752510197
46.53538787906271 38.05274632772805 15.365331449912476
46.31075320300032 26.26190338151998 14.088405751030194
46.1750299436917 37.10088178105832 14.542305652837248
45.500419177345634 25.67201654910675 16.616718557096096
45.27579196341369 30.79440084339363 14.673953957637684
42.204474842677044 26.12499288501111 13.336928605677622
44.5298652996014 29.744936527588468 14.865685055074783
44.526376279039354 31.766348250172186 15.231964318699884
41.84844742150899 27.21254329971077 13.996941917845591
46.913571646808805 36.038777269029175 14.90842700101896
44.78371297363948 26.60483400980802 13.92258163228148
46.480017614418394 30.693075326615453 15.279948851184194
25.789945949556035 38.99945566673798 -3.3499998973897527
25.789950673228628 41.8300086254669 -3.350000246158469
27.019044562721668 41.1195364622945 -3.3500003686676827
27.019005335381614 39.70108177477611 -3.3499998812992224
28.240994687693224 38.99891821591466 -3.349999866581025
28.24095600398918 41.830528918090565 -3.350000050368438
29.470049088594976 41.12005423857463 -3.3499998878479187
29.470054052470477 39.70054434073994 -3.3499998911206905
30.699999979346256 38.99948981913928 -3.350000051141848
30.699999993751632 41.82997733731559 -3.3499998988070425
31.92995090223249 41.1200542477036 -3.3499999336570263
31.92994590914368 39.700544363020256 -3.3500001371051358
25.789950825605782 43.24999369771938 -3.350000429660774
25.7899503645769 46.08868293573653 -3.3499999595761585
27.019039792420248 45.37941305116841 -3.350000044366459
27.01904450213755 43.96052015373125 -3.350000563925435
25.7899503707982 47.50131700703325 -3.3499999527898225
25.78995078831746 50.33974809581072 -3.3499999444346598
27.019043484318942 49.629468001482856 -3.3499999331380534
27.01903976945412 48.21058578190659 -3.3499999772671862
28.240955699834146 43.24947361884777 -3.3499999848006032
28.240959789435276 46.089196311021674 -3.3499999483157525
29.470050054702398 45.37993511574029 -3.34999992635168
29.470049088698257 43.96000026132768 -3.3499999238899902
30.699999992342253 43.250025033775195 -3.3499999124992796
30.69999999888766 46.08865188396786 -3.349999923938137
31.929949936733717 45.37993511750447 -3.349999933197166
31.92995090190753 43.96000026459152 -3.3499999246311827
28.24095978923764 47.500803621761264 -3.350000118366594
28.240956491712062 50.34026692456194 -3.349999913556382
29.470049244292294 49.62998834944849 -3.3500001004697664
29.47005000287934 48.21006368735522 -3.3500002942886
30.700000020552046 47.50134803193253 -3.3500000478849676
30.700000002773262 50.339716895776014 -3.3499999640999425
31.929950723447565 49.629988300897985 -3.3499999373785982
31.929949951841788 48.21006372473222 -3.349999947692295
24.560000002341482 39.70051019212872 -3.3499998874976775
33.15900532626092 38.99891818411294 -3.350000210928367
33.15904401040364 41.83052892489458 -3.3499999013141233
34.380955458127396 41.119536548544566 -3.3499999107741205
34.38099466636564 39.70108178900505 -3.3499999727057874
35.610054039375505 38.99945564518451 -3.349999925757193
35.610049219819146 41.83000864723793 -3.3499999320591147
36.84000000240354 41.12008518891892 -3.3499999369260616
36.84000000214297 39.70051016672675 -3.3499999376423597
38.069945959876215 38.99945564485509 -3.3499999213057343
38.06995075852954 41.83000865683699 -3.3499999681248918
39.29904445525883 41.1195365156462 -3.350000513986987
39.29900532512574 39.701081759172574 -3.3499999553250257
40.520994534816005 38.99891830821061 -3.3500003008742696
40.52095605494857 41.83052897027931 -3.3500002858160602
33.15904431150378 43.24947362229382 -3.3499999136480896
33.15904017045551 46.08919627196832 -3.350000232250089
34.3809602468791 45.379412994099994 -3.350000001031498
34.380955633456885 43.960520202136074 -3.3499999203322997
33.15904017556535 47.50080368481634 -3.350000141393148
33.159043509181714 50.34026691726023 -3.349999944427374
34.380956526772586 49.62946799633376 -3.3499999274992067
34.38096023282296 48.210585793561116 -3.3499999658763437
35.61004910567458 43.249993805939276 -3.349999931337324
35.61004962853738 46.088682938653584 -3.3499999501121036
36.839999993753096 45.379966832156065 -3.3499999478258458
36.83999999801857 43.959969065943525 -3.349999938453668
38.06995089525563 43.24999379963882 -3.349999933921184
38.06995037336715 46.088682939429404 -3.349999952061861
39.29903977523019 45.37941302233049 -3.349999939271809
39.299044349719225 43.96052020512495 -3.350000006562066
40.52095570362698 43.24947362631517 -3.3500001617945463
40.520959782247516 46.08919631146426 -3.3499999758629198
35.610049628448785 47.50131701472316 -3.3499999465146835
35.6100492125567 50.33974809633043 -3.349999925021984
36.839999997260264 49.63001960319871 -3.349999934714525
36.839999995843016 48.21003202506201 -3.349999943580734
38.069950372483646 47.50131701719372 -3.3499999467579666
38.06995077978025 50.33974807806707 -3.350000021273752
39.29904347951017 49.629467995457745 -3.349999933716441
39.29903976942238 48.210585784754926 -3.3499999605871524
40.52095978837722 47.50080362905545 -3.350000129491958
40.52095648866939 50.340266921253395 -3.3499999168240393
41.75004909292673 41.120054251976704 -3.349999916682184
41.75005405889122 39.700544479886375 -3.350000177365028
42.98000009472809 38.99948987754639 -3.350000133549899
42.97999998517829 41.82997734684813 -3.349999920674387
44.20995090286207 41.12005424491272 -3.3499999248487597
44.20994594276463 39.700544337749925 -3.3499999145116224
45.439005324505644 38.99891820589166 -3.349999953458125
45.43904402647289 41.83052893652919 -3.3499999365315047
46.66095548439391 41.11953655202536 -3.3499999291479265
46.66099467248467 39.70108177699151 -3.3499999270860026
47.89005406556001 38.999455654939 -3.3499999491068664
47.890049243837694 41.830008644851645 -3.349999923936533
41.750050057898115 45.379935121324394 -3.349999939899967
41.75004909936286 43.96000027492352 -3.3499999500823585
41.750049257542244 49.62998831836789 -3.3499999974287364
41.75005001323959 48.210063710928694 -3.3500001650732636
45.43904022283501 46.08919632089036 -3.349999929529951
44.20995090086375 43.96000027503136 -3.349999944987699
45.43904432223161 43.24947363355093 -3.3499999389414423
46.66095563147175 43.9605202065638 -3.3499999702317353
46.66096024159976 45.37941302271961 -3.349999952950835
47.89004909232999 43.24999374770792 -3.3500001707034475
42.98000000824499 47.5013480236464 -3.3500000675787502
47.89004964331206 46.08868293865662 -3.3499999912815994
42.979999994388905 50.339716887874104 -3.349999952600103
44.20995071339691 49.629988298619935 -3.3499999499960866
44.20994995235261 48.210063715578045 -3.3499999662332467
45.43904020494026 47.50080362744224 -3.3499999255759674
45.43904350265032 50.34026691993788 -3.3499999453138765
46.660960229997265 48.21058576354839 -3.3499999438300563
46.6609565248884 49.62946799391983 -3.349999954947833
47.890049642082836 47.501316996487574 -3.3499999420482385
47.89004921779471 50.339748092258596 -3.3499999583750872
42.97999998741892 43.25002504775139 -3.349999934433494
42.979999992837065 46.088651888837894 -3.349999917649881
44.20994993716163 45.37993512877293 -3.349999933957384
42.77797618968988 48.68666022080811 -0.8505365761254069
30.183799091089075 41.11886320007236 0.18752886532270807
27.01423040355447 49.96376697743937 4.670125992349883
25.584447591411447 38.43811325926159 0.13171394343471698
28.665277493179506 42.48803594916269 -0.24048649399874944
26.713373285604458 41.75394424421198 -0.5702672410766196
27.02081845396035 43.5959073529526 0.45514160016065563
27.483327061465822 42.32929414319431 0.2887803449391413
27.530744406640896 41.41948749710743 1.9688270156881815
26.222649149204123 41.588061983982115 2.6244949634357995
27.83998241496758 39.988169096009976 1.4540893808160227
26.478289987393595 38.810168338485035 3.09997432701838
28.745464099648085 42.01397138528149 2.6047827306043434
28.782423158254684 43.541834501455206 4.44217223997186
29.338622343833393 48.074743795433896 0.3229405631661342
30.018289136241364 47.029638657905444 0.8021036373527612
30.606437074758908 44.69301985193729 3.416656505560659
30.620519623696186 39.27844916139204 4.68088851029594
28.206537405249378 47.62979357637292 -0.28594694320133063
30.17605918800641 48.70634234926243 -0.5324463796186429
31.515183268210997 43.1736156369227 1.152633935633507
30.919172423388257 40.450417876570945 0.007232132804612101
30.904528215813674 48.16470808139475 5.3072788295700555
27.828375389013512 45.889534011196375 5.091869000510275
32.647060346862396 39.0581817457283 5.156804680994559
26.476428951098644 47.81009515126138 5.7000313960227
32.403225948366675 49.568549289792834 3.937049283109495
28.260767168267694 48.698324607331436 2.6282641474406363
30.589135215082443 49.62719497058378 2.074339575293199
29.218436946998022 49.29761663870319 1.7248387375957253
32.024279102489146 44.668673954425664 3.1397014277893662
28.719060352494637 41.3438320354312 5.63773326166849
25.352746391092435 44.38445053855294 2.936631226467734
29.585526670524022 38.770291117775145 -0.04759815242299181
31.876612912563726 42.016297616432496 2.825842986159557
26.224674167050537 39.722021740176075 6.109527513341016
32.275824127294285 43.126686021697324 2.2142123181215445
27.4176541896832 38.66283129037941 2.0700588332499583
27.498788778551926 46.874251281216814 6.083533721628892
28.604135547334067 50.526258096462655 1.0411873768869162
30.590219070057604 39.15891450872612 0.0296355345062016
32.33995859823852 40.62188996752943 -0.03574782917031061
24.833921436027023 51.04466818541835 3.8524428779572806
32.55131593683469 45.726673824411904 2.150216571306751
31.633151590136553 38.45314005135636 -0.14985473719112963
31.599200254322515 38.40843238857581 4.641564328097845
32.737858347014644 39.30504879536372 -0.19948276782117857
32.61286430765581 48.183534381504245 0.4153747960847287
24.562877578146328 40.02923847649226 3.8937296441104308
30.399023373925672 45.89264664758422 6.150586376090614
24.602549836958204 45.335444759221915 4.4760634067303915
34.557364221014865 48.55218609672089 6.085145122934431
32.985546234911915 41.48749720788368 -0.017289527478223654
33.700216234763744 46.66760301622863 -0.5004165481546974
35.375883788014974 40.13055313404269 5.724158429219418
32.86298534897048 44.47233188389318 4.310153454059197
39.127173615750756 49.95035488989556 5.404099992648293
35.69880180168773 39.71436038733724 3.06972804955414
36.614235703202155 46.1684292443248 5.014318522904411
33.54212595135031 42.9652589081933 1.8277790369348912
36.386259030412 40.14103161558895 2.0115843689521364
34.83030429928899 48.322170592834404 0.43185308811749645
33.83136380876938 47.74204142732829 3.075669266492713
33.814924775482005 46.58266772499122 2.2555288751817013
33.78652876646071 47.4287363321779 0.584440982791069
34.97930777640655 45.724663483384084 2.4151611976714027
36.95231928247571 44.388216985606974 3.395357030882068
38.36778104591801 42.77631001693743 1.7360320886913128
34.33984770328147 39.8514856379919 2.7209977019943175
35.992775897172294 41.90830185235689 4.379160784987887
36.22332529249776 40.52936338383399 4.609689507987007
37.61687356396764 40.196625299432775 4.670772551706399
38.24711530311358 49.25160614231088 0.7654729404928329
39.683385658543656 42.191605275342404 1.895992058279199
39.21955859712095 38.67283872357597 3.6381813623842296
39.21975239740196 44.558319368621895 4.101221261818963
39.86634454460276 40.83185845497913 2.2970160280595064
39.74433554369228 41.32839852318838 -0.5565295294601713
40.2820082443668 43.55047083798498 4.07814143484125
40.076042881745884 42.34984449754034 4.796776541242863
39.923438916984296 50.46271665133301 1.1554644138952697
38.63286131051206 50.46304965997485 0.9338929908482418
37.854351527125175 50.54331600691845 3.4988227375858694
40.35688067932129 47.71097251741915 -0.5798807914096693
40.548520648552554 47.054884366735955 0.8941739655468051
40.355104955091875 42.212880796020016 0.22907724572465926
36.00121727936574 38.38944858539611 3.2200496915533616
39.73848685307454 38.446645362069724 0.20191706335982884
37.40075722080461 48.173799980934255 6.1842543801927015
40.69601783514701 43.1570454218804 2.667984821806928
40.27827317147753 43.4327324218173 -0.3333525922630898
36.67353752324785 46.9040625173427 6.217221386794785
33.76135298491676 39.168651516499395 -0.516112691465288
36.190753813335014 50.9505304449185 1.9261611709173565
41.102318182055036 50.7554223603816 4.314837688180169
41.344894209817085 46.18762509981807 -0.33904417419545974
41.33270846371808 44.95396867349597 6.185705954786588
41.13728861818222 47.20601726463089 -0.010597345569764993
45.98989709160521 45.96911934396097 6.1392338417345025
45.679530405436985 47.715140675390195 1.4660836615171557
46.419667013767835 38.763323212340254 1.6398575171294005
43.23777124269742 40.92778973159363 3.9591004006323294
46.00748975593865 42.107100416356815 0.4793415280467128
48.27861012355369 39.029452372441305 5.376891894998595
45.971103408524534 48.442862630375 4.591531530163682
43.46191973356922 38.762682273634724 3.8425144876630126
42.336600028538015 39.64128866659042 5.2366408767248265
41.691177284515895 44.43233132195982 4.975409696644495
48.19082196689523 50.00535587647785 2.576369218176101
44.50834708076753 48.98616910303213 6.129454859040896
43.83188790963445 46.55863699512514 1.2035319487965335
41.670457290433966 41.970446139061174 0.35061645303146816
48.69603182858392 44.64315997842694 2.0574764619813593
42.00905716986182 49.09797436572116 0.6798808177047777
42.25672195737049 45.42744809926911 4.299763418410941
43.828542823675505 49.77620890518293 3.376323523156012
48.58481415469294 45.167700493442645 0.27696374820231684
42.32378268458154 48.26785390226385 0.04746650200656566
46.804718165564886 42.764333000315254 2.9490964226608787
41.60592297254663 38.87848432900815 1.222420458509793
47.19385361740895 44.21992628296898 2.396397997758435
44.71659333681561 49.6021574013004 0.8506801447112522
43.42276289827676 39.816191798939705 4.628279633002803
42.663084504564544 43.600322642403945 5.326615620998858
45.99490986384711 39.58916602221814 4.90225345572593
47.572295703139226 46.01902485965629 -0.041554345339857024
48.98746122873914 45.83259832629105 2.7989185434674724
46.6770209593485 47.95232292009499 1.8054318277752557
45.52592212301321 42.33040826901044 1.7241894441773864
44.90743858101578 41.24260101010472 2.0548798708183025
45.43936391401992 45.602961921100764 1.9143975586938033
44.7047146208299 48.522693653558896 0.8825692328998858
45.062867639582926 46.48651448989009 1.6018509005079684
43.53245245399876 47.7810840798063 0.6538489985458407
47.810146695340904 41.68335202607226 2.822147397377026
44.85292465341523 39.718469088406806 5.803972953490578
45.741344873035615 48.577553946875256 5.932868836330222
43.17530881640869 45.734645504637655 0.9661674223331218
46.62079063208102 49.59725254636649 6.186145719028373
44.54339262621306 43.2138788377747 1.6967952372256023
46.08904066925403 42.94842567300304 4.196582626772361
48.355522499675914 44.12693382315649 -0.5273883980595651
45.227560402807576 38.47465304771019 -0.0715588891242358
49.025609422626545 43.975738636649524 5.968508455134389
49.10273352543859 41.54805954407994 5.698336888400439
26.32256066038272 40.28964496537414 8.247998981164455
29.02294507964634 41.813435593768396 8.017118934042331
26.664009987637872 40.635872067804335 7.016874240465848
28.505849705663717 40.781249146874174 6.970728408546528
30.566735177476 42.00748638307211 8.406666411972655
30.54191869540977 42.99500168822268 9.943503200075153
30.03373415142602 42.35469569832573 10.96757197972014
26.61756945844555 46.805679709063526 8.512006970596666
29.84901166380177 44.12142642008468 9.842829474944645
31.12270697007346 40.76857969523278 8.801424747994238
27.72179247906168 45.0132028901233 7.988406319872375
26.85823637634724 45.953155117187094 7.570154646900264
31.306666156843125 42.816625901754776 7.496593479942638
28.723596442341467 47.6954453412763 6.5849370976746116
30.97003426493114 47.56991330414678 7.990553384249276
31.644660047182782 48.742570503356234 8.023888731200433
31.757986718359113 43.31061789151738 10.44064658760306
26.034826441839147 41.7424370876052 6.671123182068721
30.063862397577385 47.7283154414453 8.98584610207934
25.718693087949138 45.33860169929293 7.3247883086982055
30.213487405141798 47.33489426754921 6.274839622376829
31.77900030672715 46.57053208094867 8.427101223097003
29.02715151996348 39.45718840152353 7.4060638395069125
25.226150003201877 50.32896684919898 9.22958301569833
30.58336649788406 38.38270678908109 8.90684394089169
33.04890429129308 44.034961893841164 6.698060696090557
33.480898012546206 39.33240625837883 8.031723099492531
35.53427457098722 44.28285404601498 7.056411240572983
34.55462454205126 39.964382047666255 8.472181312211491
35.873817384512236 39.57722636345461 7.092542020026301
37.0351423835437 40.2466105483973 7.621270608435863
36.843862173145034 44.64459078500881 7.537299388662147
37.2689423205815 46.06129623374153 7.276096378968784
36.59303158947 44.646850579487975 9.403677475810955
34.74844332690967 39.41242842132649 9.588288942395229
36.828339532258056 43.46865653712128 10.05622075898992
37.85221595794079 43.63662443232102 7.33612595695056
37.35831999464719 45.570700551021304 10.01164865558859
34.25895298124408 41.273421439954255 8.595397265192833
35.43445191934534 45.10030116247515 9.775060209612413
39.14655354052566 41.53418204839244 7.179129251169119
39.869321585966595 39.157210056146404 8.123593014120292
39.64713183423121 38.922474702701926 10.988562875525837
34.893802176967775 47.87680068680921 7.949688328288648
39.677076028199 47.13151271805661 8.453440011014708
34.98411884287886 47.45652662854986 6.718237094609007
39.76335249219108 50.27454982099582 9.171067173831936
40.746116687875 49.50519791051107 6.9530902899441305
38.174276210838435 50.87672430196188 7.4096903836771215
40.85096872316923 49.44761369541289 8.421088392933658
40.7361883824361 47.649353102450725 9.026923951787158
40.51185434450686 47.46866306226506 10.344048684897134
37.03423886624097 50.15438814939053 10.369639746319365
34.08412402117245 46.50543212420031 6.634861568655123
40.79279805919039 43.71636080158785 8.908902866746825
44.88438551012381 40.9569685141463 6.44555814766851
41.26553020530932 41.86467030120534 9.74121613616892
44.583189709696036 50.92016562638026 9.914873105698579
44.59044795299363 50.993804841760884 11.34635059565531
41.56126375191561 42.03231015780075 7.580662006268501
48.16698044361877 46.44454866078629 9.140614161622317
47.901574973918024 43.71343284877767 8.396529635403102
47.05745280229208 40.57648581586314 11.586063496822849
48.40115311213631 42.53534619893068 7.988954609906847
44.567091531097496 38.45511906015816 6.763495947756676
47.43157786536994 49.32334974119497 9.006719301428966
47.41779794889351 41.68675157331015 7.750932889723753
46.305833138837116 47.13163247113076 6.90799448135015
43.4696692648746 45.88453033067227 11.312339295343081
48.703376406995005 48.95943725349062 8.858358650046945
45.62388934459365 44.68107501939898 10.760836001060914
44.18288836096575 48.032403046194936 10.18267845433211
41.67908074548944 42.6588754698613 8.812828013980353
43.78067531906598 44.09735162035451 8.244571693195045
43.247736449590484 43.78881115165355 10.617490298568312
44.24749827867112 41.98302864757242 9.322879860168023
43.40004224180209 43.16711246260275 9.232587962881802
42.10345381898046 49.84712846168347 8.852646691613495
44.288334991387465 44.696145825891115 11.285733325420884
44.99433880790265 39.92931656458718 10.667191069891548
45.654992833591486 47.27555734327078 8.148183446100086
41.82306929207578 46.8863566076135 8.702753458612449
46.4249946625359 47.8418285729396 11.525916605847558
47.81864614958484 47.40118715500499 6.835700360625305
44.800580421740236 49.64270939207106 12.099624031263351
47.97750993669476 45.162252210655915 11.333523153921615
46.1896629275264 49.01839026567255 12.398654724222334
48.73170403033106 47.24526897792585 8.109753859594672
48.10220721675523 40.15496460728529 12.44491801070193
49.00880739323202 42.013026278661215 9.099602981287196
42.0279078205137 50.359183509270835 11.805565416583576
47.250050954898015 49.963122267574555 12.445670784908081
45.61711431320847 43.66694873170564 6.52876953609643
45.30319778810749 38.61599736335849 12.649495608961137
47.795897390679585 38.7072849579792 13.024815120934285
45.132892525764845 42.78585898807724 12.90643048153952
44.60289828811795 44.03568343831727 12.980996031928523
48.9973533286854 38.46127114076664 9.180179992499793
41.58610093477752 38.352232157739685 10.625443070596903
45.54901811005426 38.41580755018058 9.103981128105493
47.456224268562366 41.058739044912514 14.814768610624702
43.41460195848988 43.891484386084244 13.651588343145725
47.29933615793968 47.61673737211535 14.274591197474681
48.19953990914741 41.30001478519871 13.801450371878573
48.230712733777246 42.575399720016726 13.448169834755541
45.89453917121258 49.115883250479676 15.089341859280744
46.192250509465836 48.25738559846477 14.077894913848903
45.22846638508254 47.33600439503602 14.151577629608077
45.405799742366426 44.77653103326596 13.741804112722571
  
  
